GPS Time, Device Time, Longitude, Latitude,GPS Speed (Meters/second), Horizontal Dilution of Precision, Altitude, Bearing, G(x), G(y), G(z), G(calibrated), Absolute Throttle Position B(%),Acceleration Sensor(Total)(g),Acceleration Sensor(X axis)(g),Acceleration Sensor(Y axis)(g),Acceleration Sensor(Z axis)(g),Accelerator PedalPosition D(%),Accelerator PedalPosition E(%),Air Fuel Ratio(Commanded)(:1),Alcohol Fuel Percentage(%),Android device Battery Level(%),Average trip speed(whilst moving only)(km/h),Average trip speed(whilst stopped or moving)(km/h),Barometer (on Android device)(mb),Barometric pressure (from vehicle)(psi),Catalyst Temperature (Bank 1 Sensor 1)(°C),Commanded Equivalence Ratio(lambda),CO₂ in g/km (Average)(g/km),CO₂ in g/km (Instantaneous)(g/km),Distance to empty (Estimated)(km),Distance travelled since codes cleared(km),Distance travelled with MIL/CEL lit(km),Engine Coolant Temperature(°C),Engine kW (At the wheels)(kW),Engine Load(%),Engine Load(Absolute)(%),Engine RPM(rpm),Ethanol Fuel %(%),Fuel cost (trip)(cost),Fuel flow rate/hour(l/hr),Fuel flow rate/minute(cc/min),Fuel Level (From Engine ECU)(%),Fuel Trim Bank 1 Long Term(%),Fuel Trim Bank 1 Short Term(%),Fuel trim Bank 1 Sensor 1(%),Fuel trim Bank 1 Sensor 2(%),Fuel used (trip)(l),GPS Accuracy(m),GPS Altitude(m),GPS Bearing(°),GPS Latitude(°),GPS Longitude(°),GPS Satellites,GPS vs OBD Speed difference(km/h),Horsepower (At the wheels)(hp),Intake Air Temperature(°C),Kilometers Per Litre(Instant)(kpl),Kilometers Per Litre(Long Term Average)(kpl),Litres Per 100 Kilometer(Long Term Average)(l/100km),Mass Air Flow Rate(g/s),Miles Per Gallon(Instant)(mpg),Miles Per Gallon(Long Term Average)(mpg),O2 Bank 1 Sensor 1 Voltage(V),O2 Bank 1 Sensor 2 Voltage(V),Percentage of City driving(%),Percentage of Highway driving(%),Percentage of Idle driving(%),Positive Kinetic Energy (PKE)(km/hr²),Relative Throttle Position(%),Run time since engine start(s),Speed (GPS)(km/h),Speed (OBD)(km/h),Throttle Position(Manifold)(%),Timing Advance(°),Torque(Nm),Trip average KPL(kpl),Trip average Litres/100 KM(l/100km),Trip average MPG(mpg),Trip Distance(km),Trip distance (stored in vehicle profile)(km),Trip Time(Since journey start)(s),Trip time(whilst moving)(s),Trip time(whilst stationary)(s),Turbo Boost & Vacuum Gauge(psi),Voltage (Control Module)(V),Voltage (OBD Adapter)(V),Volumetric Efficiency (Calculated)(%)
Mon Mar 13 08:11:57 GMT-03:00 2023,13-Mar-2023 08:11:58.391,-35.22085181923413,-5.820076573227149,0.8318212032318115,16.0,48.18149634645389,285.1419982910156,-0.14,6.26,7.83,0.04,18.04,0,0.03,0.04,0,19.61,10.2,14.7,99.61,25,6.57,5.11,1009.41,14.5,541.4,1,-,-,661.45,8994,0,48,0.3,41.18,36.47,882.5,99.61,0.01,1.82,30.39,80.78,-3.91,-0.78,-2.34,-,0.01,16,48.18,285.14,-5.82,-35.22,16,0.34,0.4,31,0,12.6,7.94,4.99,0,35.58,0.57,0.86,41.72,0,58.28,923.61,8.24,130,2.99,2,14.51,2,3.25,4,24.99,11.3,0.01,1233.52,16.27,12.49,3.78,-8.65,13.68,14.1,32
Mon Mar 13 08:11:58 GMT-03:00 2023,13-Mar-2023 08:11:59.393,-35.22084966909358,-5.820079115716898,1.546043872833252,16.0,45.71360917848942,255.80075073242188,-0.6,6.07,7.46,0,18.04,-0.01,-0.02,0.04,-0.03,21.57,10.98,14.7,99.61,25,6.57,5.11,1009.37,14.5,541.4,1,-,-,661.45,8994,0,48,0.3,41.18,46.67,882.5,99.61,0.01,1.82,30.39,79.22,-3.91,-0.78,-2.34,-,0.01,16,45.71,255.8,-5.82,-35.22,15,0.34,0.4,31,0,12.6,7.94,4.99,0,35.58,0.57,0.86,39.63,0,60.37,923.61,8.24,132,5.57,2,14.51,2,3.25,4,24.99,11.3,0.01,1233.52,17.13,13.35,3.78,-8.65,13.68,14.1,32
Mon Mar 13 08:11:59 GMT-03:00 2023,13-Mar-2023 08:12:00.394,-35.22085781684956,-5.820084134801789,1.6169298887252808,12.0,44.65668568257303,244.71127319335938,-1.4,5.1,8.48,0.04,18.04,0.01,-0.1,0.04,0,21.57,10.98,14.7,99.61,25,6.5,5.2,1009.37,14.5,541.4,1,-,-,648.6,8994,0,48,0.3,55.29,46.67,1335,99.61,0.01,3.16,52.75,79.22,-3.91,6.25,3.12,-,0.01,12,44.66,244.71,-5.82,-35.22,16,0.43,0.4,31,0.63,12.6,7.94,8.66,1.79,35.58,0.75,0.87,41.38,0,58.62,1402.58,8.24,132,5.82,6,18.04,18.5,3.25,3.52,28.41,9.94,0.01,1233.52,18.1,14.32,3.78,-5.16,14.4,14.8,40
Mon Mar 13 08:12:00 GMT-03:00 2023,13-Mar-2023 08:12:01.394,-35.22086545351714,-5.820094999312917,2.2848622798919678,12.0,43.182377504020046,217.62400817871094,-1.31,5.66,7.84,0.02,18.04,0.05,-0.15,0.15,-0.04,27.06,13.73,14.7,99.61,25,6.89,5.64,1009.38,14.5,545.9,1,-,-,638.97,8994,0,48,2.69,55.69,45.49,1368,99.61,0.01,3.86,64.26,78.04,-3.91,6.25,3.12,-,0.01,12,43.18,217.62,-5.82,-35.22,17,4.18,3.61,31,1.56,12.6,7.94,10.55,4.4,35.58,0.75,0.87,44.82,0,55.18,1870.18,8.24,134,8.23,10,18.04,18.5,18.8,3.27,30.54,9.25,0.02,1233.53,19.22,15.45,3.78,-6.98,14.4,14.8,43
Mon Mar 13 08:12:01 GMT-03:00 2023,13-Mar-2023 08:12:02.393,-35.220879339780794,-5.82012006475724,3.5490901470184326,12.0,42.484771891392406,206.9917449951172,0.01,5.27,6.27,-0.14,15.29,0.04,-0.05,0.13,-0.03,14.9,13.73,14.7,99.61,25,6.89,5.64,1009.37,14.5,547.1,1,-,-,638.97,8994,0,48,2.69,55.69,45.49,1368,99.61,0.01,3.86,64.26,78.04,-3.91,6.25,4.69,-,0.01,12,42.48,206.99,-5.82,-35.22,18,4.18,3.61,31,1.56,12.6,7.94,10.55,4.4,35.58,0.76,0.84,47.67,0,52.33,1870.18,6.27,134,12.78,10,18.43,18.5,18.8,3.27,30.54,9.25,0.02,1233.53,20.27,16.49,3.78,-6.98,14.38,14.9,43
Mon Mar 13 08:12:02 GMT-03:00 2023,13-Mar-2023 08:12:03.394,-35.220887026613354,-5.820152187912243,3.624711036682129,12.0,40.90131220670568,197.9893798828125,1.05,7.06,8.04,0.12,15.29,0.08,0.05,-0.02,0.14,14.9,7.84,14.7,99.61,25,7.6,6.33,1009.36,14.5,547.1,1,-,-,638.96,8994,0,48,3.13,29.02,28.63,1286.5,99.61,0.01,1.77,29.42,78.04,-3.91,-2.34,4.69,-,0.01,12,40.9,197.99,-5.82,-35.22,19,1.22,4.2,31,5.66,12.6,7.94,4.83,16,35.58,0.76,0.84,50.15,0,49.85,1984.34,6.27,136,13.05,14,14.12,-4,23.24,3.54,28.25,10,0.02,1233.53,21.28,17.5,3.78,-11.14,14.34,14.9,38
Mon Mar 13 08:12:03 GMT-03:00 2023,13-Mar-2023 08:12:04.393,-35.220894820547805,-5.820187764695194,3.6815743446350098,8.0,39.774193713430485,196.7725830078125,-1.04,5.55,7.81,0,13.33,0.01,0.01,-0.04,0.06,14.9,7.45,14.7,99.61,25,7.6,6.33,1009.41,14.5,547.7,1,-,-,638.96,8994,0,48,3.13,29.02,25.49,1286.5,99.61,0.01,1.77,29.42,78.43,-3.91,-2.34,-3.12,-,0.01,8,39.77,196.77,-5.82,-35.22,19,1.22,4.2,31,5.66,12.6,7.94,4.83,16,35.58,0.87,0.83,52.25,0,47.75,1984.34,3.53,137,13.25,14,14.12,-4,23.24,3.54,28.25,10,0.02,1233.53,22.22,18.44,3.78,-11.14,14.34,14.8,38
Mon Mar 13 08:12:04 GMT-03:00 2023,13-Mar-2023 08:12:05.394,-35.22090395655755,-5.820224922588702,3.768010377883911,8.0,38.86648868293061,201.0392303466797,-1.32,3.1,8.16,-0.08,13.33,-0.02,0,-0.24,0.12,14.9,7.45,14.7,99.61,25,8.09,6.85,1009.48,14.5,548.1,1,266.52,266.52,642.17,8994,0,48,3.13,29.8,25.49,927,99.61,0.01,1.41,23.51,78.43,-3.91,-7.03,-7.03,-,0.01,8,38.87,201.04,-5.82,-35.22,18,0.25,4.2,31,9.92,12.6,7.94,3.86,28.03,35.58,0.88,0.97,54.4,0,45.6,1523.53,3.53,137,13.56,13,13.73,3,23.24,4.18,23.93,11.8,0.03,1233.54,23.26,19.48,3.78,-11.65,14.4,14.4,33
Mon Mar 13 08:12:05 GMT-03:00 2023,13-Mar-2023 08:12:06.394,-35.220911184892216,-5.820250853324814,2.5992419719696045,8.0,37.94306383462342,200.77938842773438,-0.13,5.11,8.09,-0,13.33,0.01,0.02,-0.04,0.03,14.9,7.45,14.7,99.61,25,8.08,6.93,1009.48,14.5,548.1,1,266.52,-,642.17,8994,0,48,3.13,26.67,25.49,940,99.61,0.01,1.27,21.14,78.43,-3.91,-10.94,-11.72,-,0.01,8,37.94,200.78,-5.82,-35.22,20,5.56,4.2,31,10.25,12.6,7.94,3.47,28.96,35.58,0.83,0.93,56.3,0,43.7,1284.05,3.53,139,9.36,8,13.33,1.5,23.24,4.73,21.14,13.36,0.03,1233.54,24.27,20.5,3.78,-10.94,14.4,14.4,31
Mon Mar 13 08:12:06 GMT-03:00 2023,13-Mar-2023 08:12:07.390,-35.22091324551166,-5.820271203657439,1.9615871906280518,6.0,37.913437852097566,200.31103515625,-0.59,5.95,7.26,-0.02,17.25,-0.02,-0.02,0.14,-0.13,29.41,14.12,14.7,99.61,25,8.08,6.93,1009.49,14.5,548.6,1,266.52,-,642.17,8994,0,48,3.13,26.67,38.04,940,99.61,0.01,1.27,21.14,78.43,-3.91,-10.94,-11.72,-,0.01,6,37.91,200.31,-5.82,-35.22,23,5.56,4.2,31,10.25,12.6,7.94,3.47,28.96,35.58,0.83,0.93,57.85,0,42.15,1284.05,3.53,139,7.06,8,13.33,1.5,23.24,4.73,21.14,13.36,0.03,1233.54,25.16,21.39,3.78,-10.94,14.4,14.9,31
Mon Mar 13 08:12:07 GMT-03:00 2023,13-Mar-2023 08:12:08.394,-35.22092236869924,-5.820292807612911,2.572540283203125,6.0,38.20509512011958,200.8099822998047,0.48,5.39,8.03,0.01,17.25,-0.07,0.11,0.11,-0.17,29.41,14.12,14.7,99.61,25,8.08,6.93,1009.46,14.5,548.6,1,266.52,-,651.8,8994,0,48,3.13,26.67,38.04,940,99.61,0.02,4.21,70.17,79.61,-3.91,-10.94,-11.72,-,0.01,6,38.21,200.81,-5.82,-35.22,24,5.56,4.2,31,1.9,12.6,7.94,11.52,5.37,35.58,0.83,0.93,59.62,0,40.38,1284.05,3.53,141,9.26,8,13.33,1.5,23.24,4.49,22.25,12.7,0.03,1233.54,26.26,22.49,3.78,-2.83,14.4,14.9,43
Mon Mar 13 08:12:08 GMT-03:00 2023,13-Mar-2023 08:12:09.393,-35.220932940781445,-5.820322977751599,3.4997715950012207,6.0,37.80910558140556,200.95779418945312,0.45,6.07,6.84,-0.05,17.25,-0.11,0,0,-0.11,29.41,14.12,14.7,99.61,25,8.38,7.27,1009.43,14.5,548.6,1,266.52,-,651.8,8994,0,48,3.13,52.55,38.04,1750,99.61,0.02,4.21,70.17,79.61,-3.91,11.72,-11.72,-,0.01,6,37.81,200.96,-5.82,-35.22,25,2.74,4.2,31,1.9,12.6,7.94,11.52,5.37,35.58,0.83,0.93,61.02,0,38.98,1604.6,3.53,141,12.6,12,13.33,1.5,-,4.49,22.25,12.7,0.04,1233.54,27.21,23.43,3.78,-2.83,14.4,14.9,43
Mon Mar 13 08:12:09 GMT-03:00 2023,13-Mar-2023 08:12:10.394,-35.220946017815294,-5.820364307554161,4.497409820556641,6.0,37.36732706197685,199.99807739257812,0.85,6.67,8.97,0.16,17.25,0.14,0.12,0.1,0.11,29.41,14.12,14.7,99.61,25,8.38,7.27,1009.49,14.5,548.6,1,266.52,-,651.8,8994,0,48,3.13,52.55,38.04,1750,99.61,0.02,4.21,70.17,79.61,-3.91,11.72,9.38,-,0.01,6,37.37,200,-5.82,-35.22,28,2.74,4.2,31,1.9,12.6,7.94,11.52,5.37,35.58,0.76,0.79,62.25,0,37.75,1604.6,3.53,141,16.19,12,22.35,21.5,-,4.49,22.25,12.7,0.04,1233.54,28.1,24.32,3.78,-2.83,14.4,14.8,43
Mon Mar 13 08:12:10 GMT-03:00 2023,13-Mar-2023 08:12:11.392,-35.22096056475103,-5.8204148359196575,5.448911190032959,4.0,37.93777971602915,198.0136260986328,-1.81,6.96,7.91,0.11,19.61,0.11,0.04,0.18,0.02,29.41,14.12,14.7,99.61,25,8.38,7.27,1009.45,14.5,552.7,1,266.52,-,651.8,8994,0,48,3.13,52.55,38.04,1750,99.61,0.02,4.21,70.17,79.61,-3.91,11.72,9.38,-,0.01,4,37.94,198.01,-5.82,-35.22,26,2.74,4.2,31,1.9,12.6,7.94,11.52,5.37,35.58,0.76,0.79,63.57,0,36.43,1604.6,9.8,141,19.62,12,22.35,21.5,-,4.49,22.25,12.7,0.04,1233.54,29.12,25.34,3.78,-2.83,14.4,14.8,43
Mon Mar 13 08:12:11 GMT-03:00 2023,13-Mar-2023 08:12:12.392,-35.22097486787509,-5.820470885584166,6.22425651550293,4.0,38.23424242118283,196.24026489257812,1.14,5.95,7.93,0.04,19.61,0.03,0.08,0.09,-0.01,26.27,13.73,14.7,99.61,25,8.38,7.27,1009.4,14.5,552.7,1,266.52,-,651.8,8994,0,48,3.13,52.55,50.2,1750,99.61,0.02,4.21,70.17,79.61,-3.91,11.72,9.38,-,0.01,4,38.23,196.24,-5.82,-35.22,22,2.74,4.2,31,1.9,12.6,7.94,11.52,5.37,35.58,0.76,0.79,64.88,0,35.12,1604.6,9.8,141,22.41,12,22.35,21.5,-,4.49,22.25,12.7,0.06,1233.56,30.2,26.42,3.78,-2.83,14.4,14.8,43
Mon Mar 13 08:12:12 GMT-03:00 2023,13-Mar-2023 08:12:13.392,-35.220992258435956,-5.820526713137533,6.871361255645752,4.0,38.73511247200256,200.42453002929688,0.96,7.57,6.81,0.06,19.61,-0.17,0.03,-0.1,-0.11,26.27,13.73,14.7,99.61,25,9.64,8.44,1009.36,14.5,552.7,1,266.52,-,642.16,8994,0,48,3.13,65.49,50.2,1798,99.61,0.03,5.64,94.05,78.43,-3.91,11.72,9.38,-,0.02,4,38.74,200.42,-5.82,-35.22,19,3.59,4.2,31,2.13,12.6,7.94,15.44,6.01,35.58,0.76,0.79,65.96,0,34.04,1463.39,9.8,145,24.74,26,22.35,21.5,-,4.31,23.19,12.18,0.06,1233.56,31.16,27.39,3.78,-6.1,14.4,14.8,46
Mon Mar 13 08:12:13 GMT-03:00 2023,13-Mar-2023 08:12:14.393,-35.22101497249865,-5.820587769853982,7.43440580368042,4.0,39.0956863461729,200.4179229736328,0.17,5.78,7.36,-0.03,19.61,-0.04,0.05,0.01,-0.04,26.27,13.73,14.7,99.61,25,9.64,8.44,1009.38,14.5,552.7,1,266.52,-,642.16,8994,0,48,3.13,65.49,50.2,1798,99.61,0.03,5.64,94.05,78.43,-3.91,1.56,9.38,-,0.02,4,39.1,200.42,-5.82,-35.22,21,3.59,4.2,31,2.13,12.6,7.94,15.44,6.01,35.58,0.76,0.79,66.96,0,33.04,1463.39,9.8,145,26.76,26,22.35,18.5,-,4.31,23.19,12.18,0.06,1233.56,32.11,28.33,3.78,-6.1,14.4,14.8,46
Mon Mar 13 08:12:14 GMT-03:00 2023,13-Mar-2023 08:12:15.394,-35.2210413457294,-5.820654058294627,8.360505104064941,4.0,38.947006515781865,204.27365112304688,-0.06,5.9,7.9,0.03,19.61,-0.12,-0.03,-0.04,-0.1,26.27,13.73,14.7,99.61,25,9.64,8.44,1009.37,14.5,560.1,1,266.52,-,642.16,8994,0,48,3.13,65.49,50.2,1798,99.61,0.03,5.64,94.05,78.43,-3.91,1.56,0,-,0.02,4,38.95,204.27,-5.82,-35.22,21,3.59,4.2,31,2.13,12.6,7.94,15.44,6.01,35.58,0.75,0.82,68.09,0,31.91,1463.39,9.8,145,30.1,26,21.57,18.5,-,4.31,23.19,12.18,0.08,1233.59,33.24,29.46,3.78,-6.1,14.36,14.8,46
Mon Mar 13 08:12:15 GMT-03:00 2023,13-Mar-2023 08:12:16.394,-35.221075471767584,-5.820725170863466,8.83472728729248,4.0,38.241773561935915,204.85879516601562,-0.44,5.53,8.52,0.06,19.61,-0.11,0,0,0.07,21.57,7.84,14.7,99.61,25,10.93,9.65,1009.28,14.5,560.1,1,241.08,215.64,638.95,8994,0,49,3.13,32.16,48.63,1351.5,99.61,0.03,2.12,35.33,78.04,-3.91,1.56,0,-,0.02,4,38.24,204.86,-5.82,-35.22,20,2.81,4.2,31,12.27,12.6,7.94,5.8,34.65,35.58,0.75,0.82,69.06,0,30.94,1427.49,9.8,149,31.81,29,21.57,18.5,-,4.88,20.49,13.79,0.08,1233.59,34.28,30.5,3.78,-11.43,14.36,14.8,40
Mon Mar 13 08:12:16 GMT-03:00 2023,13-Mar-2023 08:12:17.394,-35.22110842629574,-5.820798979218565,7.8790693283081055,6.0,37.53956569944049,203.60108947753906,0.45,4.8,8.2,-0.01,13.73,0,0.05,-0.03,0.05,14.9,7.45,14.7,99.61,25,10.93,9.65,1009.27,14.5,562,1,241.08,215.64,638.95,8994,0,49,3.13,32.16,28.24,1351.5,99.61,0.03,2.12,35.33,78.04,-3.91,-6.25,-7.03,-,0.02,6,37.54,203.6,-5.82,-35.22,22,2.81,4.2,31,12.27,12.6,7.94,5.8,34.65,35.58,0.92,0.98,69.92,0,30.08,1427.49,3.92,149,28.36,29,14.12,0.5,-,4.88,20.49,13.79,0.08,1233.59,35.27,31.49,3.78,-11.43,14.3,14.8,40
Mon Mar 13 08:12:17 GMT-03:00 2023,13-Mar-2023 08:12:18.392,-35.22113542641036,-5.820868400997383,7.32863712310791,6.0,38.03623105662211,202.02813720703125,-0.05,4.43,10.08,0.14,13.73,0.01,0.03,-0.11,0.11,14.9,7.45,14.7,99.61,25,11.88,10.56,1009.28,14.5,562.8,1,205.05,133,638.95,8994,0,50,-,30.59,28.24,991.5,99.61,0.03,1.46,24.3,78.04,-3.91,-10.94,-11.72,-,0.02,6,38.04,202.03,-5.82,-35.22,24,2.36,-,31,19.89,12.6,7.94,3.99,56.18,35.58,0.92,0.99,70.76,0,29.24,1427.49,3.92,150,26.38,26,14.12,4.5,-,5.88,17,16.61,0.1,1233.61,36.28,32.5,3.78,-11.69,14.36,14.8,35
Mon Mar 13 08:12:18 GMT-03:00 2023,13-Mar-2023 08:12:19.393,-35.22116077149987,-5.820930618731,5.420777797698975,6.0,37.77153257127913,202.484130859375,0.27,3.72,9.72,0.08,14.12,-0.06,-0.06,-0.16,0.04,14.9,7.45,14.7,99.61,25,12.06,10.79,1009.34,14.5,562.8,1,191.71,151.69,642.16,8994,0,50,-,30.59,21.18,988.5,99.61,0.03,1.49,24.85,78.43,-3.91,-10.94,-11.72,-,0.02,6,37.77,202.48,-5.82,-35.22,25,4.51,-,31,17.44,12.6,7.94,4.08,49.26,35.58,0.92,0.99,71.51,0,28.49,1045.05,4.31,152,19.51,15,14.12,4.5,-,6.6,15.14,18.65,0.1,1233.61,37.23,33.45,3.78,-10.58,14.36,14.8,33
Mon Mar 13 08:12:19 GMT-03:00 2023,13-Mar-2023 08:12:20.394,-35.22117595910023,-5.82096977935302,3.112774610519409,6.0,37.51406277153548,202.80874633789062,0.13,3.7,9.22,0.03,16.47,0.01,0.05,-0.19,0.14,14.9,7.45,14.7,99.61,25,12.06,10.79,1009.38,14.5,563.9,1,191.71,151.69,642.16,8994,0,50,-,29.8,43.14,988.5,99.61,0.03,1.49,24.85,78.43,-3.91,-16.41,-17.19,-,0.02,6,37.51,202.81,-5.82,-35.22,26,4.51,-,31,17.44,12.6,7.94,4.08,49.26,35.58,0.84,0.93,72.27,0,27.73,1045.05,5.1,152,11.21,15,14.12,16.5,-,6.6,15.14,18.65,0.1,1233.61,38.25,34.47,3.78,-10.58,14.34,14.8,33
Mon Mar 13 08:12:20 GMT-03:00 2023,13-Mar-2023 08:12:21.394,-35.22117492560347,-5.820975373308703,0.6821153163909912,6.0,37.67960324831182,201.8755645751953,0.13,5.68,7.94,0.02,16.47,0,0.05,0,0.01,14.9,7.45,14.7,99.61,25,11.5,10.35,1009.36,14.5,563.9,1,226.71,366.68,648.58,8994,0,50,-,47.06,43.14,814.5,99.61,0.03,2.08,34.66,79.22,-3.91,-14.06,-13.28,-,0.03,6,37.68,201.88,-5.82,-35.22,26,9.21,-,31,7.21,12.6,7.94,5.69,20.38,35.58,0.05,0.88,71.19,0,28.81,1045.05,5.1,153,2.46,2,14.51,-8.5,-,6.64,15.06,18.75,0.1,1233.61,39.26,35.49,3.78,-9.02,14.04,14.8,34
Mon Mar 13 08:12:21 GMT-03:00 2023,13-Mar-2023 08:12:22.394,-35.22117492560347,-5.820975373308703,0.0,6.0,37.42125640688919,201.8755645751953,0.11,5.91,7.79,0.02,13.33,0,0.04,0.03,0,14.9,7.45,14.7,99.61,25,11.5,9.86,1009.32,14.5,565.3,1,226.71,-,667.85,8994,0,51,-,47.06,30.59,764.5,99.61,0.03,1.27,21.14,81.57,-3.91,-14.06,-13.28,-,0.03,6,37.42,201.88,-5.82,-35.22,26,0,-,31,1.58,12.6,7.94,3.47,4.45,35.58,0.05,0.88,69.43,0,30.57,1045.05,3.53,155,0,0,14.51,-8.5,-,6.36,15.73,17.96,0.1,1233.61,40.26,36.44,3.82,-10.45,14.04,14.1,32
Mon Mar 13 08:12:22 GMT-03:00 2023,13-Mar-2023 08:12:23.394,-35.22117492560347,-5.820975373308703,0.0,6.0,37.38208384288374,201.8755645751953,0.11,5.97,7.38,-0.01,16.08,0,0.06,0.07,-0.02,20,10.59,14.7,99.61,25,11.5,9.86,1009.36,14.5,566.5,1,226.71,-,667.85,8994,0,51,-,35.69,39.22,764.5,99.61,0.03,1.27,21.14,81.57,-3.91,-9.38,-8.59,-,0.03,6,37.38,201.88,-5.82,-35.22,27,0,-,31,1.58,12.6,7.94,3.47,4.45,35.58,0.06,0.86,67.72,0,32.28,1045.05,6.67,155,0,0,13.73,8,-,6.36,15.73,17.96,0.1,1233.61,41.28,36.44,4.84,-10.45,14.4,14.9,32
Mon Mar 13 08:12:23 GMT-03:00 2023,13-Mar-2023 08:12:24.394,-35.221172210172504,-5.82097505607412,0.6514787077903748,6.0,37.51453470717994,198.33311462402344,0.32,5.69,7.76,0,16.08,-0.01,0.07,0,0,20,10.59,14.7,99.61,25,11,9.5,1009.33,14.5,568.4,1,226.71,-,658.21,8994,0,51,0.32,41.96,39.22,924,99.61,0.04,1.78,29.72,80.39,-3.91,-4.69,-3.91,-,0.03,6,37.51,198.33,-5.82,-35.22,28,2,0.42,31,0,12.6,7.94,4.88,0,35.58,0.25,0.1,66.11,0,33.89,1045.05,6.67,156,2.35,2,13.73,-5.5,3.26,6.34,15.77,17.92,0.1,1233.61,42.28,37.15,5.13,-8.42,14.16,14.1,34
Mon Mar 13 08:12:24 GMT-03:00 2023,13-Mar-2023 08:12:25.394,-35.221172817142666,-5.820978909033632,0.31617116928100586,4.0,37.44043996156396,199.26422119140625,0.16,4.92,8.49,0.02,13.33,0,0.05,-0.07,0.06,14.9,7.45,14.7,99.61,25,11,9.09,1009.31,14.5,568.4,1,226.71,-,655,8994,0,51,0.32,34.9,31.76,769,99.61,0.04,1.34,22.29,80,-3.91,-3.91,-3.91,-,0.03,4,37.44,199.26,-5.82,-35.22,28,2.35,0.42,31,1.5,12.6,7.94,3.66,4.22,35.58,0.25,0.1,64.61,0,35.39,1045.05,3.53,158,1.14,0,14.12,-1,3.26,6.1,16.39,17.23,0.1,1233.61,43.26,37.8,5.46,-10.73,14.16,14.1,32
Mon Mar 13 08:12:25 GMT-03:00 2023,13-Mar-2023 08:12:26.395,-35.221172817142666,-5.820978909033632,0.0,4.0,37.52210023052109,199.26422119140625,0.34,5.89,7.59,0,13.73,-0.02,0.07,0.02,-0.02,14.9,7.45,14.7,99.61,25,11,9.09,1009.35,14.5,569.8,1,226.71,-,655,8994,0,51,0.32,34.9,32.94,769,99.61,0.04,1.34,22.29,80.39,-3.91,-3.91,-5.47,-,0.03,4,37.52,199.26,-5.82,-35.22,31,2.35,0.42,31,1.5,12.6,7.94,3.66,4.22,35.58,0.74,0.16,63.19,0,36.81,1045.05,3.92,159,0,0,14.12,-1,3.26,6.1,16.39,17.23,0.1,1233.61,44.23,37.8,6.43,-10.73,14.34,14.1,32
Mon Mar 13 08:12:26 GMT-03:00 2023,13-Mar-2023 08:12:27.393,-35.221172817142666,-5.820978909033632,0.0,4.0,37.94252667269462,199.26422119140625,0.29,5.89,7.86,0.02,14.51,0,0.06,0.02,0,14.9,7.45,14.7,99.61,25,11,8.71,1009.32,14.5,571.5,1,226.71,-,658.2,8994,0,51,0.32,42.35,32.94,811,99.61,0.04,1.71,28.57,80.39,-3.91,-0.78,-0.78,-,0.03,4,37.94,199.26,-5.82,-35.22,30,0,0.42,31,0,12.6,7.94,4.69,0,35.58,0.07,0.18,61.8,0,38.2,1045.05,4.31,159,0,0,14.9,0.5,3.26,6.09,16.43,17.19,0.1,1233.61,45.23,37.8,7.42,-8.69,14.2,14.7,34
Mon Mar 13 08:12:27 GMT-03:00 2023,13-Mar-2023 08:12:28.392,-35.221172817142666,-5.820978909033632,0.0,4.0,38.14042627406784,199.26422119140625,0.22,5.87,7.91,0.03,14.51,-0.01,0.05,0.02,0,14.9,7.45,14.7,99.61,25,11,8.36,1009.35,14.5,571.5,1,226.71,-,642.15,8994,0,51,-,42.35,36.86,813,99.61,0.04,1.7,28.38,78.43,-3.91,3.12,3.91,-,0.03,4,38.14,199.26,-5.82,-35.22,28,0,-,31,0,12.6,7.94,4.66,0,35.58,0.12,0.1,60.39,0,39.61,1045.05,4.31,161,0,0,14.51,-1,-,6.07,16.47,17.15,0.1,1233.61,46.29,37.8,8.48,-9.03,14.28,14.7,35
Mon Mar 13 08:12:28 GMT-03:00 2023,13-Mar-2023 08:12:29.393,-35.221172817142666,-5.820978909033632,0.0,4.0,38.30442131241158,199.26422119140625,0.23,5.85,7.84,0.02,14.12,-0.01,0.06,0.02,0,14.9,7.45,14.7,99.61,25,11,8.36,1009.35,14.5,573.6,1,226.71,-,632.52,8994,0,51,-,42.35,36.47,806.5,99.61,0.04,1.69,28.2,77.25,-3.91,3.12,3.91,-,0.03,4,38.3,199.26,-5.82,-35.22,29,0,-,31,0,12.6,7.94,4.63,0,35.58,0.12,0.1,59.16,0,40.84,1045.05,4.31,162,0,0,14.51,-1,-,6.06,16.5,17.12,0.1,1233.61,47.24,37.8,9.44,-9.08,14.28,14.7,35
Mon Mar 13 08:12:29 GMT-03:00 2023,13-Mar-2023 08:12:30.393,-35.221172817142666,-5.820978909033632,0.0,4.0,38.38651183679209,199.26422119140625,0.05,6.51,7.18,0.01,18.04,0.01,0.08,0.1,-0.03,20.39,10.59,14.7,99.61,25,11,8.04,1009.31,14.5,575.9,1,226.71,-,632.52,8994,0,51,-,41.96,47.06,806.5,99.61,0.04,1.69,28.2,77.25,-3.91,4.69,4.69,-,0.03,4,38.39,199.26,-5.82,-35.22,31,0,-,31,0,12.6,7.94,4.63,0,35.58,0.82,0.14,57.89,0,42.11,1045.05,8.24,162,0,0,14.51,-1.5,-,6.06,16.5,17.12,0.1,1233.61,48.28,37.8,10.48,-9.08,14.2,15,35
Mon Mar 13 08:12:30 GMT-03:00 2023,13-Mar-2023 08:12:31.394,-35.22117005583616,-5.820982547888836,0.4378472566604614,4.0,38.2827493518324,199.19273376464844,0.23,6.49,7.23,0.01,18.04,0,0.06,0.09,-0.04,20.39,10.59,14.7,99.61,25,11,7.74,1009.33,14.5,575.9,1,226.71,-,626.1,8994,0,51,-,47.84,47.06,1298,99.61,0.04,3.58,59.69,76.47,-3.91,4.69,6.25,-,0.03,4,38.28,199.19,-5.82,-35.22,32,0,-,31,0,12.6,7.94,9.8,0,35.58,0.09,0.16,56.81,0,43.19,1045.05,8.24,164,1.58,0,17.65,16.5,-,6.05,16.53,17.08,0.1,1233.61,49.2,37.8,11.4,-2.93,14.4,15,46
Mon Mar 13 08:12:31 GMT-03:00 2023,13-Mar-2023 08:12:32.394,-35.22117347510161,-5.820989884155345,0.9754865765571594,4.0,38.16603119451425,199.41513061523438,0.31,6.15,7.61,0.02,16.86,0,0.05,0.05,-0.01,22.35,11.76,14.7,99.61,25,10.65,7.61,1009.3,14.5,579.2,1,226.71,-,616.46,8994,0,51,1.22,46.27,40.39,1167.5,99.61,0.04,2.91,48.55,75.29,-3.91,7.81,6.25,-,0.03,4,38.17,199.42,-5.82,-35.22,29,0.49,1.64,31,0,12.6,7.94,7.97,0,35.58,0.09,0.16,55.62,0,44.38,1086.44,6.67,165,3.51,4,17.65,16.5,9.98,6.04,16.57,17.05,0.1,1233.61,50.26,37.94,12.31,-8.65,14.4,14.8,44
Mon Mar 13 08:12:32 GMT-03:00 2023,13-Mar-2023 08:12:33.394,-35.221176558569205,-5.8209982921816215,1.2086786031723022,4.0,37.8511036451293,196.9036102294922,0.55,5.71,7.81,0.01,14.51,-0.01,0.09,0,0,14.9,7.45,14.7,99.61,25,10.65,7.61,1009.31,14.5,581,1,226.71,-,616.46,8994,0,51,1.22,46.27,35.29,1167.5,99.61,0.04,2.91,48.55,75.29,-3.91,7.81,5.47,-,0.03,4,37.85,196.9,-5.82,-35.22,29,0.49,1.64,31,0,12.6,7.94,7.97,0,35.58,0.87,0.16,54.52,0,45.48,1086.44,4.71,166,4.35,4,14.9,-5.5,9.98,6.04,16.57,17.05,0.1,1233.61,51.26,38.95,12.31,-8.65,14.4,14.8,44
Mon Mar 13 08:12:33 GMT-03:00 2023,13-Mar-2023 08:12:34.395,-35.22117860032709,-5.821005491919657,0.9409400820732117,4.0,37.824904520048484,193.7751922607422,0.09,5.67,8.1,0.03,14.12,0,0.04,0,0.03,14.9,7.45,14.7,99.61,25,10.29,7.45,1009.32,14.5,582.2,1,226.71,-,616.46,8994,0,51,1.22,41.57,35.29,871,99.61,0.04,1.82,30.39,75.29,-3.91,1.56,0.78,-,0.03,4,37.82,193.78,-5.82,-35.22,29,1.35,1.64,32,2.19,12.6,7.94,4.99,6.2,35.58,0.86,0.17,53.46,0,46.54,1072.14,4.31,166,3.39,3,14.9,0,9.98,5.89,16.98,16.63,0.11,1233.61,52.28,39.97,12.31,-10.43,14.3,14.7,40
Mon Mar 13 08:12:34 GMT-03:00 2023,13-Mar-2023 08:12:35.394,-35.22117995568339,-5.821010777099188,0.5840489864349365,4.0,37.85268320196374,194.8733673095703,0.34,5.75,7.69,-0,14.12,-0.01,0.08,0.01,0,14.9,7.45,14.7,99.61,25,10.29,7.2,1009.35,14.5,582.2,1,226.71,-,616.46,8994,0,51,-,41.57,36.08,793.5,99.61,0.04,1.62,27.04,75.29,-3.91,1.56,0.78,-,0.03,4,37.85,194.87,-5.82,-35.22,26,2.1,-,32,1.85,12.6,7.94,4.44,5.22,35.58,0.86,0.17,52.45,0,47.55,917.56,4.31,168,2.1,0,14.9,0,-,5.74,17.42,16.21,0.12,1233.63,53.29,40.78,12.5,-9.63,14.3,14.7,38
Mon Mar 13 08:12:35 GMT-03:00 2023,13-Mar-2023 08:12:36.391,-35.22118084104477,-5.8210149438473495,0.5062675476074219,4.0,37.919856846995174,195.191650390625,0.11,6.31,7.23,-0,18.43,0,0.04,0.08,-0.04,16.86,8.63,14.7,99.61,25,10.29,7.2,1009.32,14.5,584.4,1,226.71,-,616.46,8994,0,51,-,41.57,49.02,793.5,99.61,0.04,1.62,27.04,75.29,-3.91,-3.91,0,-,0.03,4,37.92,195.19,-5.82,-35.22,30,2.1,-,32,1.85,12.6,7.94,4.44,5.22,35.58,0.83,0.9,51.49,0,48.51,917.56,8.63,168,1.82,0,14.51,14,-,5.74,17.42,16.21,0.12,1233.63,54.28,40.78,13.5,-9.63,14.34,14.7,38
Mon Mar 13 08:12:36 GMT-03:00 2023,13-Mar-2023 08:12:37.393,-35.221181834439996,-5.8210204672163535,0.683398962020874,4.0,37.982777500233325,192.6136474609375,-0.73,6.01,7.83,0.03,18.43,0,-0.02,0.05,-0.02,16.86,8.63,14.7,99.61,25,10,7.1,1009.29,14.5,586.4,1,226.71,-,629.3,8994,0,52,1.12,50.59,49.02,1015.5,99.61,0.05,2.09,34.84,76.86,-3.91,1.56,0.78,-,0.03,4,37.98,192.61,-5.82,-35.22,29,2.18,1.51,32,0,12.6,7.94,5.72,0,35.58,0.69,0.85,50.59,0,49.41,952.51,8.63,169,2.46,4,17.25,15,10.57,5.73,17.45,16.18,0.12,1233.63,55.25,41.43,13.83,-7.61,14.28,14.8,40
Mon Mar 13 08:12:37 GMT-03:00 2023,13-Mar-2023 08:12:38.393,-35.22118260298969,-5.8210293183736015,1.4388031959533691,4.0,37.855235492747234,178.43373107910156,-1.63,5.56,8.08,0.03,18.04,0.01,-0.12,0,0.02,27.84,14.12,14.7,99.61,25,9.91,7.12,1009.32,14.5,586.4,1,226.71,-,626.09,8994,0,52,2.25,50.59,47.84,1523,99.61,0.05,4.19,69.86,76.47,-3.91,1.56,0.78,-,0.04,4,37.86,178.43,-5.82,-35.22,29,2.82,3.02,32,0.95,12.6,7.94,11.47,2.7,35.58,0.69,0.85,49.92,0,50.08,1000.06,8.24,171,5.18,8,17.25,15,14.12,5.56,17.97,15.72,0.12,1233.63,56.24,42.41,13.83,-3.71,14.28,14.8,48
Mon Mar 13 08:12:38 GMT-03:00 2023,13-Mar-2023 08:12:39.390,-35.22116156256634,-5.82104809811735,2.8728559017181396,4.0,38.38373198638215,132.29559326171875,-1.77,6.78,7.36,0.06,18.04,-0.04,-0.11,-0.02,-0.03,27.84,14.12,14.7,99.61,25,9.91,7.12,1009.28,14.5,588.6,1,226.71,-,626.09,8994,0,52,2.25,56.86,47.84,1523,99.61,0.05,4.19,69.86,76.47,-3.91,10.16,10.94,-,0.04,4,38.38,132.3,-5.82,-35.22,30,2.82,3.02,32,0.95,12.6,7.94,11.47,2.7,35.58,0.69,0.8,50.75,0,49.25,1000.06,8.24,171,10.34,8,20.78,19.5,14.12,5.56,17.97,15.72,0.12,1233.63,57.18,43.35,13.83,-3.71,14.34,14.8,48
Mon Mar 13 08:12:39 GMT-03:00 2023,13-Mar-2023 08:12:40.394,-35.22114009756441,-5.8210674998238385,4.48736047744751,4.0,37.923308452006786,116.03205871582031,-1.37,7.94,6.76,0.09,20.78,0.08,0.04,0.27,-0.11,30.2,15.29,14.7,99.61,25,10.21,7.42,1009.27,14.5,588.6,1,226.71,-,626.08,8994,0,52,9.67,66.67,56.86,1800.5,99.61,0.05,6.19,103.18,76.47,-3.91,10.16,11.72,-,0.04,4,37.92,116.03,-5.82,-35.22,33,6.66,12.97,32,1.29,12.6,7.94,16.94,3.65,35.58,0.17,0.8,51.66,0,48.34,1090.08,10.98,173,16.15,17,23.53,20,51.29,5.42,18.44,15.32,0.13,1233.64,58.26,44.43,13.83,-3.87,14.36,14.8,54
Mon Mar 13 08:12:40 GMT-03:00 2023,13-Mar-2023 08:12:41.393,-35.22108831113778,-5.821087940638738,5.94166898727417,6.0,37.64906834551892,111.83949279785156,-0.51,6.44,7.2,0.01,23.14,-0.03,0,0.07,-0.08,30.2,15.29,14.7,99.61,25,10.8,7.94,1009.24,14.5,590.2,1,373.63,1108.24,626.08,8994,0,52,16.61,66.67,56.86,2225.5,99.61,0.06,7.12,118.72,76.47,-3.91,10.16,11.72,-,0.04,6,37.65,111.84,-5.82,-35.22,28,3.61,22.27,32,2.39,12.6,7.94,19.49,6.74,35.58,0.17,0.77,52.47,0,47.53,1218.25,12.94,174,21.39,25,23.53,20,71.25,5.32,18.78,15.04,0.14,1233.65,59.25,45.42,13.83,-4.16,14.36,14.8,58
Mon Mar 13 08:12:41 GMT-03:00 2023,13-Mar-2023 08:12:42.394,-35.221023700558604,-5.8211118211943065,7.513636112213135,6.0,37.34949728907853,110.48027801513672,-0.52,6.34,8.75,0.12,24.31,-0.01,-0.07,0.03,-0.03,30.98,15.69,14.7,99.61,25,10.8,7.94,1009.21,14.5,594,1,373.63,1108.24,626.08,8994,0,52,16.61,62.35,56.86,2225.5,99.61,0.06,7.12,118.72,76.47,-3.91,2.34,4.69,-,0.04,6,37.35,110.48,-5.82,-35.22,28,3.61,22.27,31,2.39,12.6,7.94,19.49,6.74,35.58,0.32,0.83,53.26,0,46.74,1218.25,14.12,174,27.05,25,23.53,21.5,71.25,5.32,18.78,15.04,0.14,1233.65,60.25,46.42,13.83,-4.16,14.4,14.8,58
Mon Mar 13 08:12:42 GMT-03:00 2023,13-Mar-2023 08:12:43.394,-35.220946952997075,-5.821140549523915,8.983074188232422,6.0,37.157803105046355,110.78421020507812,0.29,6.22,7.76,0.03,24.31,0.16,0.2,0.12,0.12,30.98,15.69,14.7,99.61,25,11.62,8.63,1009.27,14.5,594,1,420.89,704.49,622.86,8994,0,53,15.93,52.55,59.22,2371,99.61,0.06,6.66,110.98,76.08,-3.91,-1.56,-3.91,-,0.04,6,37.16,110.78,-5.82,-35.22,31,4.95,21.36,31,3.75,12.6,7.94,18.22,10.61,35.58,0.83,0.88,54.03,0,45.97,1339.97,14.12,176,32.34,32,20.39,23,64.16,5.28,18.96,14.9,0.15,1233.66,61.27,47.44,13.83,-6.71,14.38,14.8,57
Mon Mar 13 08:12:43 GMT-03:00 2023,13-Mar-2023 08:12:44.394,-35.22086245351678,-5.8211713895077475,9.863780975341797,4.0,36.793394124051154,110.64764404296875,-0.55,5.93,6.51,-0.08,18.82,-0.1,-0.01,0.03,-0.13,29.41,14.9,14.7,99.61,25,11.62,8.63,1009.33,14.5,598,1,417.14,390.89,622.86,8994,0,53,15.93,52.55,51.76,2371,99.61,0.06,4.73,78.82,76.08,-3.91,-1.56,-3.91,-,0.05,4,36.79,110.65,-5.82,-35.22,22,4.95,21.36,31,6.77,12.6,7.94,12.94,19.11,35.58,0.83,0.88,54.78,0,45.22,1339.97,9.02,177,35.51,32,20.39,23,64.16,5.32,18.79,15.03,0.15,1233.66,62.28,48.46,13.83,-9.31,14.38,14.5,51
Mon Mar 13 08:12:44 GMT-03:00 2023,13-Mar-2023 08:12:45.391,-35.220772543134736,-5.821203301908885,10.430732727050781,4.0,36.34267460462577,110.07302856445312,-1.45,5.16,7.66,-0.03,16.08,0.04,0.19,0,0.06,22.75,11.76,14.7,99.61,25,12.56,9.42,1009.34,14.5,600.2,1,417.14,390.89,622.86,8994,0,53,12.47,52.55,29.02,1832.5,99.61,0.06,4.73,78.82,76.08,-3.91,-2.34,-3.12,-,0.05,4,36.34,110.07,-5.82,-35.22,21,1.49,16.72,31,6.77,12.6,7.94,12.94,19.11,35.58,0.81,0.83,55.49,0,44.51,1474.35,6.27,177,37.55,37,16.86,-5.5,64.96,5.32,18.79,15.03,0.18,1233.69,63.28,49.45,13.83,-9.31,14.36,14.8,51
Mon Mar 13 08:12:45 GMT-03:00 2023,13-Mar-2023 08:12:46.394,-35.22068113112114,-5.8212376720234955,10.699865341186523,4.0,36.221916057531786,110.51769256591797,-1.67,5.87,7.15,-0.02,16.08,-0.04,-0.13,0.02,-0.06,22.75,11.76,14.7,99.61,25,13.46,10.19,1009.33,14.5,600.2,1,391.49,186.28,622.86,8994,0,53,3.03,37.25,29.02,1510,99.61,0.06,2.61,43.43,76.08,-3.91,-9.38,-10.94,-,0.05,4,36.22,110.52,-5.82,-35.22,24,0.45,4.06,31,14.2,12.6,7.94,7.13,40.11,35.58,0.58,0.89,56.13,0,43.87,1518.53,6.27,179,38.52,38,17.25,22.5,19.13,5.58,17.92,15.77,0.18,1233.69,64.19,50.37,13.83,-10.8,14.36,14.8,45
Mon Mar 13 08:12:46 GMT-03:00 2023,13-Mar-2023 08:12:47.393,-35.2205866692295,-5.821272086645894,10.914971351623535,4.0,35.931408227596535,110.69696807861328,-1.26,5.54,8.02,0.02,16.86,0.11,-0.15,0,0.13,23.92,12.16,14.7,99.61,25,14.34,10.95,1009.41,14.5,601.3,1,376.64,242.93,622.86,8994,0,54,2.94,45.49,33.73,1654,99.61,0.07,3.49,58.17,76.08,-3.91,-2.34,-10.94,-,0.05,4,35.93,110.7,-5.82,-35.22,25,0.29,3.94,31,10.89,12.6,7.94,9.55,30.76,35.58,0.58,0.89,56.84,0,43.16,1547.32,7.06,180,39.29,39,17.25,22.5,16.95,5.73,17.44,16.2,0.2,1233.71,65.25,51.43,13.83,-8.48,14.36,14.8,44
Mon Mar 13 08:12:47 GMT-03:00 2023,13-Mar-2023 08:12:48.395,-35.22048920830762,-5.821305883747831,11.250102996826172,4.0,35.66873960786632,110.51465606689453,0.43,6.11,7.78,0.03,18.04,0,0.08,0.05,0,24.31,12.55,14.7,99.61,25,14.34,10.95,1009.42,14.5,602.1,1,376.64,242.93,622.86,8994,0,54,2.94,45.49,45.88,1654,99.61,0.07,3.49,58.17,76.08,-3.91,-2.34,-1.56,-,0.05,4,35.67,110.51,-5.82,-35.22,27,0.29,3.94,31,10.89,12.6,7.94,9.55,30.76,35.58,0.07,0.83,57.48,0,42.52,1547.32,8.24,180,40.5,39,18.82,19.5,16.95,5.73,17.44,16.2,0.2,1233.71,66.23,52.4,13.83,-8.48,14.4,14.7,44
Mon Mar 13 08:12:48 GMT-03:00 2023,13-Mar-2023 08:12:49.394,-35.22038949938394,-5.8213423016528925,11.507022857666016,4.0,35.66651835489712,110.25076293945312,2.12,4.67,7.94,-0.02,18.04,-0.09,0.08,-0.12,0,24.31,12.55,14.7,99.61,25,15.23,11.72,1009.39,14.5,602.4,1,365.6,255.29,622.86,8994,0,54,6.26,51.37,45.88,1465,99.61,0.07,3.76,62.74,76.08,-3.91,0.78,0,-,0.05,4,35.67,110.25,-5.82,-35.22,25,0.5,8.4,31,10.36,12.6,7.94,10.3,29.27,35.58,0.6,0.8,58.14,0,41.86,1755.32,7.84,181,41.43,41,18.04,19.5,40.83,5.86,17.06,16.56,0.23,1233.74,67.28,53.45,13.83,-8.57,14.26,14.8,43
Mon Mar 13 08:12:49 GMT-03:00 2023,13-Mar-2023 08:12:50.394,-35.220285933338154,-5.8213810753184765,11.78531265258789,4.0,35.78873593987029,110.56233215332031,-0.89,5.38,6.64,-0.1,17.65,-0.08,-0.11,-0.02,-0.07,22.35,11.37,14.7,99.61,25,16.1,12.48,1009.44,14.5,602.4,1,351.11,191.68,626.07,8994,0,54,3.19,43.53,41.57,1363,99.61,0.07,2.97,49.52,76.47,-3.91,-2.34,0,-,0.05,4,35.79,110.56,-5.82,-35.22,26,0.57,4.27,31,13.8,12.6,7.94,8.13,38.98,35.58,0.6,0.8,58.74,0,41.26,1761.31,7.84,183,42.43,42,18.04,19.5,22.32,6.08,16.46,17.16,0.23,1233.74,68.25,54.42,13.83,-9.22,14.26,14.8,41
Mon Mar 13 08:12:50 GMT-03:00 2023,13-Mar-2023 08:12:51.394,-35.220182351055435,-5.821420722407858,11.87083911895752,4.0,35.72526112129912,110.47306060791016,-1.08,5.87,7.95,0.03,16.08,-0.07,0.09,-0.02,-0.05,21.96,11.37,14.7,99.61,25,16.1,12.48,1009.49,14.5,602.4,1,351.11,191.68,626.07,8994,0,54,3.19,43.53,41.57,1363,99.61,0.07,2.97,49.52,76.47,-3.91,-2.34,-3.91,-,0.05,4,35.73,110.47,-5.82,-35.22,21,0.57,4.27,31,13.8,12.6,7.94,8.13,38.98,35.58,0.78,0.77,59.35,0,40.65,1761.31,6.27,183,42.74,42,16.86,20,22.32,6.08,16.46,17.16,0.25,1233.76,69.28,55.45,13.83,-9.22,14.4,14.2,41
Mon Mar 13 08:12:51 GMT-03:00 2023,13-Mar-2023 08:12:52.394,-35.22007985842254,-5.821456702604434,11.877069473266602,4.0,35.671045497251704,110.11751556396484,-0.17,4.25,8.02,-0.05,16.08,-0.07,0.02,-0.13,0.02,21.96,11.37,14.7,99.61,25,16.91,13.2,1009.52,14.5,602.4,1,333.1,116.92,626.07,8994,0,54,3.19,29.41,35.69,1262.5,99.61,0.07,1.86,30.94,76.47,-3.91,-2.34,-3.91,-,0.05,4,35.67,110.12,-5.82,-35.22,26,0.76,4.27,31,22.62,12.6,7.94,5.08,63.9,35.58,0.78,0.77,59.89,0,40.11,1584.86,6.27,185,42.76,42,16.86,20,22.32,6.51,15.36,18.39,0.25,1233.76,70.21,56.39,13.83,-10.95,14.4,14.2,37
Mon Mar 13 08:12:52 GMT-03:00 2023,13-Mar-2023 08:12:53.394,-35.219981597615686,-5.821492061152094,11.580406188964844,4.0,35.77623954697007,110.093017578125,0.85,5.53,10.05,0.19,13.33,0.08,-0.02,0,0.12,14.9,7.45,14.7,99.61,25,16.91,13.2,1009.56,14.5,602.4,1,333.1,116.92,626.07,8994,0,54,3.19,29.41,15.69,1262.5,99.61,0.07,1.86,30.94,76.47,-3.91,-6.25,-7.81,-,0.05,4,35.78,110.09,-5.82,-35.22,23,0.76,4.27,32,22.62,12.6,7.94,5.08,63.9,35.58,0.88,0.76,60.47,0,39.53,1584.86,3.14,186,41.69,42,13.73,-5.5,22.32,6.51,15.36,18.39,0.28,1233.78,71.25,57.43,13.83,-10.95,14.44,14.9,37
Mon Mar 13 08:12:53 GMT-03:00 2023,13-Mar-2023 08:12:54.394,-35.219888073266866,-5.821527131248405,10.966070175170898,4.0,35.80024207209775,110.42696380615234,-1,5.51,8.85,0.09,13.33,0.06,-0.06,0,0.1,14.9,7.45,29.4,99.61,25,17.58,13.81,1009.57,14.5,602.4,2,314.78,76.64,626.07,8994,0,54,-,18.04,15.69,1305,99.61,0.07,1.22,20.28,76.47,-3.91,0,0,-,0.05,4,35.8,110.43,-5.82,-35.22,25,2.69,-,32,34.51,12.6,7.94,3.33,97.49,35.58,0.02,0.92,61.04,0,38.96,1445.56,3.14,186,39.48,39,13.33,-12,-,7.23,13.83,20.42,0.28,1233.78,72.28,58.46,13.83,-11.98,14.3,14.9,32
Mon Mar 13 08:12:54 GMT-03:00 2023,13-Mar-2023 08:12:55.394,-35.21980304726308,-5.821557800116309,9.937356948852539,4.0,35.8423328459675,110.32697296142578,-2.41,3.87,8.64,0.02,13.33,0.02,0.19,-0.01,0.05,14.9,7.45,29.4,99.61,25,18.03,14.26,1009.58,14.5,602.4,2,299.61,87.25,629.29,8994,0,54,-,18.43,15.29,1340,99.61,0.07,1.29,21.44,76.86,-3.91,0,0,-,0.05,4,35.84,110.33,-5.82,-35.22,28,6.48,-,32,30.32,12.6,7.94,3.52,85.64,35.58,0.02,0.92,61.55,0,38.45,1445.56,3.14,188,35.77,33,13.73,-11.5,-,7.81,12.81,22.05,0.3,1233.81,73.26,59.43,13.83,-11.93,14.3,14.9,28
Mon Mar 13 08:12:55 GMT-03:00 2023,13-Mar-2023 08:12:56.392,-35.21972907893961,-5.821584564429032,8.618521690368652,4.0,35.99592652071654,110.11473083496094,1.7,4.42,9.44,0.1,12.94,0.07,0.21,-0.12,0.16,14.9,7.45,29.4,99.61,25,18.03,14.26,1009.62,14.5,602,2,299.61,87.25,629.29,8994,0,54,-,18.43,16.08,1340,99.61,0.07,1.29,21.44,76.86,-3.91,0,0,-,0.05,4,36,110.11,-5.82,-35.22,28,6.48,-,32,30.32,12.6,7.94,3.52,85.64,35.58,0,0.01,62.06,0,37.94,1340.35,3.14,188,31.03,33,13.73,-11.5,-,7.81,12.81,22.05,0.3,1233.81,74.23,60.4,13.83,-11.93,14.34,14.7,28
Mon Mar 13 08:12:56 GMT-03:00 2023,13-Mar-2023 08:12:57.391,-35.21967027165821,-5.821605638125513,6.827869892120361,4.0,35.97814551486142,110.02779388427734,-1.38,3.38,9.37,0.05,12.94,-0.04,0,-0.23,0.09,14.9,7.45,29.4,99.61,25,18.11,14.41,1009.68,14.5,602,2,286.41,88.46,632.51,8994,0,55,-,17.65,16.08,1210.5,99.61,0.07,1.1,18.4,77.25,-3.91,0,0,-,0.05,4,35.98,110.03,-5.82,-35.22,29,10.03,-,32,29.9,12.6,7.94,3.02,84.46,35.58,0,0.01,62.58,0,37.42,1340.35,3.14,189,24.58,21,13.73,-11.5,-,8.35,11.98,23.58,0.3,1233.81,75.26,61.43,13.83,-12.35,14.34,14.7,25
Mon Mar 13 08:12:57 GMT-03:00 2023,13-Mar-2023 08:12:58.391,-35.219632299083315,-5.821619269151387,4.461338043212891,4.0,36.21102132238512,109.92235565185547,-0.14,4.44,8.94,0.04,12.55,0.01,0,-0.1,0.1,14.9,7.45,29.4,99.61,25,18.11,14.41,1009.65,14.5,601,2,286.41,88.46,632.51,8994,0,55,-,17.65,28.24,1210.5,99.61,0.07,1.1,18.4,77.25,-3.91,0,0,-,0.05,4,36.21,109.92,-5.82,-35.22,26,10.03,-,32,29.9,12.6,7.94,3.02,84.46,35.58,0,0,63.06,0,36.94,1340.35,2.75,189,16.06,21,13.33,-13,-,8.35,11.98,23.58,0.32,1233.83,76.24,62.42,13.83,-12.35,14.3,14.8,25
Mon Mar 13 08:12:58 GMT-03:00 2023,13-Mar-2023 08:12:59.392,-35.21961176561135,-5.821626854609189,2.4248640537261963,4.0,36.287126987391666,109.9257583618164,-0.45,4.51,9.06,0.05,12.55,0.03,0,-0.11,0.12,14.9,7.45,13.4,99.61,25,17.83,14.27,1009.67,14.5,599.9,0.91,279.64,171.24,638.94,8994,0,55,-,34.51,28.24,796,99.61,0.07,1.36,22.66,78.04,-3.91,0,0,-,0.05,4,36.29,109.93,-5.82,-35.22,26,8.06,-,32,15.45,12.6,7.94,3.72,43.63,35.58,0.86,0.07,63.56,0,36.44,1253.35,4.31,191,8.73,8,14.9,-5.5,-,8.51,11.74,24.05,0.32,1233.83,77.29,63.46,13.83,-11.57,13.94,14,23
Mon Mar 13 08:12:59 GMT-03:00 2023,13-Mar-2023 08:13:00.393,-35.21960466096185,-5.821629510422368,0.8042508959770203,4.0,36.29646633180378,109.44816589355469,-0.36,5.2,8.19,0.01,14.51,-0.02,0,-0.04,0.03,14.9,7.45,13.4,99.61,25,17.83,13.96,1009.7,14.5,599.9,0.91,279.64,-,651.78,8994,0,55,-,43.53,36.08,792.5,99.61,0.07,1.7,28.38,79.61,-3.91,0,0,-,0.06,4,36.3,109.45,-5.82,-35.22,26,8.73,-,32,4.7,12.6,7.94,4.66,13.27,35.58,0.86,0.07,63.58,0,36.42,1253.35,4.31,193,2.9,0,14.12,-7.5,-,8.43,11.87,23.8,0.32,1233.83,78.25,64.09,14.16,-8.91,13.94,14,27
Mon Mar 13 08:13:00 GMT-03:00 2023,13-Mar-2023 08:13:01.392,-35.21960466096185,-5.821629510422368,0.0,4.0,36.30518154350953,109.44816589355469,-0.53,5.76,7.94,0.02,13.73,0,0,0.01,0.01,14.9,7.45,13.36,99.61,25,17.83,13.96,1009.66,14.5,598.5,0.91,279.64,-,664.62,8994,0,55,-,43.53,34.9,792.5,99.61,0.08,1.49,24.85,81.18,-3.91,0,0,-,0.06,4,36.31,109.45,-5.82,-35.22,28,8.73,-,32,0,12.6,7.94,4.08,0,35.58,0.86,0.1,62.75,0,37.25,1253.35,3.92,194,0,0,14.12,-7.5,-,8.42,11.88,23.78,0.32,1233.83,79.28,64.09,15.19,-9.58,13.54,14.1,28
Mon Mar 13 08:13:01 GMT-03:00 2023,13-Mar-2023 08:13:02.391,-35.21960466096185,-5.821629510422368,0.0,4.0,36.32895139330945,109.44816589355469,-0.51,5.8,7.84,0.02,13.73,0,-0.01,0.01,0,14.9,7.45,13.34,99.61,25,17.83,13.66,1009.66,14.5,597,0.91,279.64,-,664.62,8994,0,55,-,40.78,34.12,760.5,99.61,0.08,1.49,24.85,81.18,-3.91,0,0,-,0.06,4,36.33,109.45,-5.82,-35.22,29,0,-,32,0,12.6,7.94,4.08,0,35.58,0.86,0.12,61.98,0,38.02,1253.35,3.92,194,0,0,14.12,0,-,8.42,11.88,23.78,0.32,1233.83,80.26,64.09,16.17,-9.58,14.3,14.7,28
Mon Mar 13 08:13:02 GMT-03:00 2023,13-Mar-2023 08:13:03.392,-35.21960466096185,-5.821629510422368,0.0,4.0,36.386051665651195,109.44816589355469,-0.42,5.8,7.92,0.02,13.73,0,0,0.01,0.01,14.9,7.45,13.34,99.61,25,17.83,13.38,1009.68,14.5,597,0.91,279.64,-,664.62,8994,0,55,-,40.39,34.12,751.5,99.61,0.08,1.5,25.03,81.18,-3.91,0,0,-,0.06,4,36.39,109.45,-5.82,-35.22,29,0,-,32,0,12.6,7.94,4.11,0,35.58,0.86,0.12,61.33,0,38.67,1253.35,3.92,196,0,0,14.12,3.5,-,8.41,11.89,23.75,0.32,1233.83,81.12,64.09,17.03,-9.34,14.3,14.1,30
Mon Mar 13 08:13:03 GMT-03:00 2023,13-Mar-2023 08:13:04.392,-35.21960466096185,-5.821629510422368,0.0,4.0,36.40789061141344,109.44816589355469,-0.45,5.54,7.98,0.01,14.12,0,0,0,0.01,14.9,7.45,13.38,99.61,25,17.83,13.1,1009.69,14.5,595.3,0.91,279.64,-,661.41,8994,0,55,-,41.18,34.9,774,99.61,0.08,1.55,25.83,80.78,-3.91,0,0,-,0.06,4,36.41,109.45,-5.82,-35.22,29,0,-,32,0,12.6,7.94,4.24,0,35.58,0.86,0.12,60.53,0,39.47,1253.35,4.31,197,0,0,14.12,3.5,-,8.4,11.91,23.73,0.32,1233.83,82.19,64.09,18.1,-9.11,14.3,14.1,32
Mon Mar 13 08:13:04 GMT-03:00 2023,13-Mar-2023 08:13:05.392,-35.21960466096185,-5.821629510422368,0.0,4.0,36.45118932356498,109.44816589355469,-0.39,5.81,7.74,0.01,14.12,-0.01,0,0.02,0,14.9,7.45,14.62,99.61,25,17.83,13.1,1009.69,14.5,593.5,0.99,279.64,-,661.41,8994,0,55,-,41.18,34.51,774,99.61,0.08,1.55,25.83,80.78,-3.91,0,0,-,0.06,4,36.45,109.45,-5.82,-35.22,28,0,-,32,0,12.6,7.94,4.24,0,35.58,0.82,0.86,59.8,0,40.2,1253.35,3.92,198,0,0,14.51,0,-,8.4,11.91,23.73,0.32,1233.83,83.19,64.09,19.1,-9.11,14.3,14.7,32
Mon Mar 13 08:13:05 GMT-03:00 2023,13-Mar-2023 08:13:06.392,-35.21960466096185,-5.821629510422368,0.0,4.0,36.48411896464077,109.44816589355469,-0.32,5.82,7.77,0.01,14.12,0,0,0.02,0,14.9,7.45,14.7,99.61,25,17.83,12.84,1009.69,14.5,592,1,279.64,-,661.41,8994,0,55,-,41.18,34.51,776.5,99.61,0.08,1.55,25.83,80.78,-3.91,-0.78,0.78,-,0.06,4,36.48,109.45,-5.82,-35.22,29,0,-,32,0,12.6,7.94,4.24,0,35.58,0.09,0.86,59.06,0,40.94,1253.35,3.92,198,0,0,14.51,0,-,8.39,11.92,23.7,0.32,1233.83,84.23,64.09,20.15,-9.27,14.3,14.8,33
Mon Mar 13 08:13:06 GMT-03:00 2023,13-Mar-2023 08:13:07.392,-35.21960466096185,-5.821629510422368,0.0,4.0,36.5855910651424,109.44816589355469,-0.41,5.72,7.7,-0,14.12,-0.01,0,0.01,0,14.9,7.45,14.7,99.61,25,17.83,12.59,1009.63,14.5,592,1,279.64,-,661.41,8994,0,56,-,40.39,34.51,782,99.61,0.08,1.55,25.83,80.78,-3.91,3.12,3.12,-,0.06,4,36.59,109.45,-5.82,-35.22,29,0,-,32,0,12.6,7.94,4.24,0,35.58,0.76,0.83,58.34,0,41.66,1253.35,3.92,200,0,0,14.51,0,-,8.38,11.93,23.68,0.32,1233.83,85.27,64.09,21.19,-9.29,14.22,14.8,33
Mon Mar 13 08:13:07 GMT-03:00 2023,13-Mar-2023 08:13:08.391,-35.21960466096185,-5.821629510422368,0.0,4.0,36.58802014777735,109.44816589355469,-0.49,5.81,7.83,0.02,14.12,0,-0.01,0.02,0,14.9,7.45,14.7,99.61,25,17.83,12.35,1009.65,14.5,591.5,1,279.64,-,661.41,8994,0,56,-,40.39,34.51,784.5,99.61,0.08,1.56,26.01,80.78,-3.91,3.12,3.12,-,0.06,4,36.59,109.45,-5.82,-35.22,28,0,-,32,0,12.6,7.94,4.27,0,35.58,0.76,0.83,57.66,0,42.34,1253.35,4.31,201,0,0,14.51,0,-,8.37,11.94,23.66,0.32,1233.83,86.28,64.09,22.19,-9.29,14.22,14.8,34
Mon Mar 13 08:13:08 GMT-03:00 2023,13-Mar-2023 08:13:09.392,-35.21960466096185,-5.821629510422368,0.0,4.0,36.61735996379714,109.44816589355469,-0.4,5.84,7.74,0.01,14.12,-0.01,0,0.02,0,14.9,7.45,14.7,99.61,25,17.83,12.35,1009.65,14.5,591.3,1,279.64,-,661.41,8994,0,56,-,40.78,34.9,784.5,99.61,0.08,1.56,26.01,80.78,-3.91,0,-0.78,-,0.06,4,36.62,109.45,-5.82,-35.22,27,0,-,32,0,12.6,7.94,4.27,0,35.58,0.72,0.81,57.01,0,42.99,1253.35,3.92,201,0,0,14.51,0,-,8.37,11.94,23.66,0.32,1233.83,87.26,64.09,23.17,-9.29,14.3,14.8,34
Mon Mar 13 08:13:09 GMT-03:00 2023,13-Mar-2023 08:13:10.393,-35.21960466096185,-5.821629510422368,0.0,4.0,36.59691442083944,109.44816589355469,-0.37,5.78,7.9,0.02,14.12,0,0,0.01,0.01,14.9,7.45,14.7,99.61,25,17.83,12.11,1009.68,14.5,591.3,1,279.64,-,654.99,8994,0,56,-,40.78,34.9,772,99.61,0.08,1.53,25.52,80,-3.91,2.34,3.12,-,0.06,4,36.6,109.45,-5.82,-35.22,28,0,-,32,0,12.6,7.94,4.19,0,35.58,0.47,0.8,56.4,0,43.6,1253.35,3.92,203,0,0,14.12,-1,-,8.37,11.95,23.63,0.32,1233.83,88.21,64.09,24.13,-9.4,14.34,14.8,34
Mon Mar 13 08:13:10 GMT-03:00 2023,13-Mar-2023 08:13:11.393,-35.21960466096185,-5.821629510422368,0.0,4.0,36.584303092917054,109.44816589355469,-0.29,5.81,7.94,0.02,14.12,0,0.01,0.02,0.01,14.9,7.45,14.7,99.61,25,17.83,12.11,1009.7,14.5,591.7,1,279.64,-,651.78,8994,0,56,-,40.78,34.12,769,99.61,0.08,1.55,25.83,79.61,-3.91,2.34,3.12,-,0.06,4,36.58,109.45,-5.82,-35.22,29,0,-,32,0,12.6,7.94,4.24,0,35.58,0.47,0.8,55.73,0,44.27,1253.35,3.92,204,0,0,14.12,-1,-,8.36,11.96,23.61,0.32,1233.83,89.26,64.09,25.17,-9.25,14.34,14.8,34
Mon Mar 13 08:13:11 GMT-03:00 2023,13-Mar-2023 08:13:12.397,-35.21960466096185,-5.821629510422368,0.0,4.0,36.6352976107012,109.44816589355469,-0.54,5.82,7.82,0.02,14.12,0,-0.01,0.02,0,14.9,7.45,14.7,99.61,25,17.83,11.89,1009.62,14.5,592.7,1,279.64,-,651.78,8994,0,56,-,40.78,34.12,769,99.61,0.08,1.55,25.83,79.61,-3.91,0.78,0,-,0.06,4,36.64,109.45,-5.82,-35.22,29,0,-,32,0,12.6,7.94,4.24,0,35.58,0.79,0.8,55.1,0,44.9,1253.35,3.92,204,0,0,14.51,0,-,8.36,11.96,23.61,0.32,1233.83,90.29,64.09,26.2,-9.25,14.28,14.7,34
Mon Mar 13 08:13:12 GMT-03:00 2023,13-Mar-2023 08:13:13.394,-35.21960466096185,-5.821629510422368,0.0,4.0,36.692226883430735,109.44816589355469,-0.28,5.88,7.82,0.02,14.12,0,0.01,0.01,0.01,14.9,7.45,14.7,99.61,25,17.83,11.89,1009.65,14.5,592.7,1,279.64,-,651.78,8994,0,56,-,40.78,34.9,769,99.61,0.08,1.55,25.83,79.61,-3.91,0.78,0,-,0.06,4,36.69,109.45,-5.82,-35.22,29,0,-,32,0,12.6,7.94,4.24,0,35.58,0.79,0.8,54.53,0,45.47,1253.35,3.92,204,0,0,14.51,0,-,8.36,11.96,23.61,0.32,1233.83,91.23,64.09,27.14,-9.25,14.28,14.7,34
Mon Mar 13 08:13:13 GMT-03:00 2023,13-Mar-2023 08:13:14.394,-35.21960466096185,-5.821629510422368,0.0,4.0,36.7326597592104,109.44816589355469,-0.31,5.84,7.86,0.02,14.12,0,0,0.02,0,14.9,7.45,14.7,99.61,25,17.83,11.67,1009.68,14.5,592.7,1,279.64,-,651.78,8994,0,56,-,40.39,34.9,778.5,99.61,0.08,1.53,25.52,79.61,-3.91,2.34,2.34,-,0.06,4,36.73,109.45,-5.82,-35.22,28,0,-,32,0,12.6,7.94,4.19,0,35.58,0.78,0.83,53.96,0,46.04,1253.35,3.92,206,0,0,14.51,0.5,-,8.35,11.97,23.59,0.32,1233.83,92.2,64.09,28.11,-9.3,14.36,14.7,34
Mon Mar 13 08:13:14 GMT-03:00 2023,13-Mar-2023 08:13:15.394,-35.21960466096185,-5.821629510422368,0.0,4.0,36.760869528834775,109.44816589355469,-0.29,5.81,7.83,0.01,14.12,0,0,0.02,0,14.9,7.45,14.7,99.61,25,17.83,11.46,1009.65,14.5,594.6,1,279.64,-,648.57,8994,0,57,-,40.78,34.51,780.5,99.61,0.08,1.56,26.01,79.22,-3.91,2.34,2.34,-,0.06,4,36.76,109.45,-5.82,-35.22,28,0,-,32,0,12.6,7.94,4.27,0,35.58,0.78,0.83,53.35,0,46.65,1253.35,4.31,208,0,0,14.51,0.5,-,8.34,11.99,23.57,0.32,1233.83,93.26,64.09,29.17,-9.26,14.36,14.8,35
Mon Mar 13 08:13:15 GMT-03:00 2023,13-Mar-2023 08:13:16.394,-35.21960466096185,-5.821629510422368,0.0,4.0,36.85482273681921,109.44816589355469,-0.34,5.83,7.92,0.02,13.73,0,0,0.02,0.01,14.9,7.45,14.7,99.61,25,17.83,11.46,1009.66,14.5,596,1,279.64,-,648.57,8994,0,57,-,40.78,34.9,780.5,99.61,0.08,1.56,26.01,79.22,-3.91,-1.56,-2.34,-,0.06,4,36.85,109.45,-5.82,-35.22,28,0,-,32,0,12.6,7.94,4.27,0,35.58,0.56,0.82,52.77,0,47.23,1253.35,3.92,208,0,0,14.51,0,-,8.34,11.99,23.57,0.32,1233.83,94.27,64.09,30.18,-9.26,14.28,14.8,35
Mon Mar 13 08:13:16 GMT-03:00 2023,13-Mar-2023 08:13:17.394,-35.21960466096185,-5.821629510422368,0.0,4.0,36.90267294441823,109.44816589355469,-0.51,5.78,7.84,0.01,13.73,-0.01,-0.01,0.01,0,14.9,7.45,14.7,99.61,25,17.83,11.26,1009.65,14.5,596,1,279.64,-,648.56,8994,0,57,-,40.78,34.9,777.5,99.61,0.08,1.55,25.83,79.22,-3.91,2.34,2.34,-,0.06,4,36.9,109.45,-5.82,-35.22,27,0,-,32,0,12.6,7.94,4.24,0,35.58,0.79,0.81,52.23,0,47.77,1253.35,3.92,209,0,0,14.51,0,-,8.34,12,23.55,0.32,1233.83,95.26,64.09,31.17,-9.31,14.36,14.8,35
Mon Mar 13 08:13:17 GMT-03:00 2023,13-Mar-2023 08:13:18.393,-35.21960466096185,-5.821629510422368,0.0,4.0,36.953455660452335,109.44816589355469,-0.41,5.71,7.7,-0,14.12,-0.02,0,0.01,0,14.9,7.45,14.7,99.61,25,17.83,11.26,1009.68,14.5,597.9,1,279.64,-,648.56,8994,0,57,-,40.78,34.12,777.5,99.61,0.08,1.55,25.83,79.61,-3.91,2.34,2.34,-,0.06,4,36.95,109.45,-5.82,-35.22,28,0,-,32,0,12.6,7.94,4.24,0,35.58,0.79,0.81,51.71,0,48.29,1253.35,3.92,211,0,0,14.51,0,-,8.34,12,23.55,0.32,1233.83,96.2,64.09,32.11,-9.31,14.36,14.9,35
Mon Mar 13 08:13:18 GMT-03:00 2023,13-Mar-2023 08:13:19.395,-35.21960466096185,-5.821629510422368,0.0,4.0,36.9954189160486,109.44816589355469,-0.27,5.76,7.85,0.01,13.73,0,0.01,0.01,0.01,14.9,7.45,14.7,99.61,25,17.83,11.07,1009.67,14.5,599.8,1,279.64,-,651.78,8994,0,57,-,40.78,34.12,775,99.61,0.09,1.55,25.83,79.61,-3.91,-1.56,-2.34,-,0.06,4,37,109.45,-5.82,-35.22,26,0,-,33,0,12.6,7.94,4.24,0,35.58,0.71,0.81,51.17,0,48.83,1253.35,3.92,211,0,0,14.12,0,-,8.33,12.01,23.53,0.32,1233.83,97.23,64.09,33.14,-9.29,14.26,14.8,35
Mon Mar 13 08:13:19 GMT-03:00 2023,13-Mar-2023 08:13:20.394,-35.21960466096185,-5.821629510422368,0.0,4.0,37.07167585537921,109.44816589355469,-0.42,5.83,7.91,0.02,13.73,0,0,0.02,0.01,14.9,7.45,14.7,99.61,25,17.83,10.88,1009.68,14.5,599.8,1,279.64,-,648.56,8994,0,57,-,41.18,34.9,756,99.61,0.09,1.55,25.83,79.22,-3.91,0.78,1.56,-,0.06,4,37.07,109.45,-5.82,-35.22,28,0,-,33,0,12.6,7.94,4.24,0,35.58,0.12,0.84,50.63,0,49.37,1253.35,3.92,213,0,0,14.12,0,-,8.32,12.02,23.51,0.32,1233.83,98.27,64.09,34.18,-9.26,14.28,14.8,35
Mon Mar 13 08:13:20 GMT-03:00 2023,13-Mar-2023 08:13:21.394,-35.21960466096185,-5.821629510422368,0.0,4.0,37.16665092516142,109.44816589355469,-0.34,5.79,7.93,0.02,14.12,0,0,0.02,0,14.9,7.45,14.7,99.61,25,17.83,10.7,1009.66,14.5,601.4,1,279.64,-,651.77,8994,0,57,-,40.39,34.12,785,99.61,0.09,1.55,25.83,79.61,-3.91,2.34,1.56,-,0.06,4,37.17,109.45,-5.82,-35.22,26,0,-,33,0,12.6,7.94,4.24,0,35.58,0.12,0.84,50.12,0,49.88,1253.35,3.92,214,0,0,14.12,0,-,8.31,12.03,23.49,0.32,1233.83,99.26,64.09,35.17,-9.13,14.28,14.9,35
Mon Mar 13 08:13:21 GMT-03:00 2023,13-Mar-2023 08:13:22.393,-35.21960466096185,-5.821629510422368,0.0,4.0,37.29963285439816,109.44816589355469,-0.42,5.84,7.93,0.03,14.12,0,0,0.02,0.01,14.9,7.45,14.7,99.61,25,17.83,10.7,1009.67,14.5,603,1,279.64,-,651.77,8994,0,57,-,40.39,34.51,785,99.61,0.09,1.55,25.83,79.61,-3.91,2.34,2.34,-,0.06,4,37.3,109.45,-5.82,-35.22,28,0,-,33,0,12.6,7.94,4.24,0,35.58,0.76,0.82,49.62,0,50.38,1253.35,3.92,214,0,0,14.51,0.5,-,8.31,12.03,23.49,0.32,1233.83,100.26,64.09,36.17,-9.13,14.28,14.8,35
Mon Mar 13 08:13:22 GMT-03:00 2023,13-Mar-2023 08:13:23.394,-35.21960466096185,-5.821629510422368,0.0,4.0,37.341475946748716,109.44816589355469,-0.35,5.8,7.72,0.01,14.12,-0.01,0,0.02,0,14.9,7.45,14.7,99.61,25,17.83,10.52,1009.66,14.5,603,1,279.64,-,651.77,8994,0,57,-,41.57,34.51,760,99.61,0.09,1.55,25.83,79.61,-3.91,0.78,1.56,-,0.06,4,37.34,109.45,-5.82,-35.22,28,0,-,33,0,12.6,7.94,4.24,0,35.58,0.1,0.82,49.12,0,50.88,1253.35,3.92,215,0,0,14.12,0,-,8.31,12.04,23.47,0.32,1233.83,101.27,64.09,37.19,-9.32,14.26,14.8,35
Mon Mar 13 08:13:23 GMT-03:00 2023,13-Mar-2023 08:13:24.395,-35.21960466096185,-5.821629510422368,0.0,4.0,37.34366144773266,109.44816589355469,-0.42,5.75,7.68,-0,14.12,-0.02,0,0.01,-0.01,14.9,7.45,14.7,99.61,25,17.83,10.52,1009.64,14.5,605.6,1,279.64,-,651.77,8994,0,57,-,41.57,34.12,760,99.61,0.09,1.55,25.83,79.61,-3.91,0.78,1.56,-,0.06,4,37.34,109.45,-5.82,-35.22,29,0,-,33,0,12.6,7.94,4.24,0,35.58,0.1,0.81,48.66,0,51.34,1253.35,3.92,217,0,0,14.12,0,-,8.31,12.04,23.47,0.32,1233.83,102.25,64.09,38.16,-9.32,14.26,14.7,35
Mon Mar 13 08:13:24 GMT-03:00 2023,13-Mar-2023 08:13:25.394,-35.21960466096185,-5.821629510422368,0.0,4.0,37.3262864716243,109.44816589355469,-0.48,5.81,7.75,0.01,14.12,0,-0.01,0.02,0,14.9,7.45,14.7,99.61,25,17.83,10.35,1009.64,14.5,605.6,1,279.64,-,648.56,8994,0,57,-,40.39,34.12,796.5,99.61,0.09,1.55,25.83,79.22,-3.91,3.12,3.12,-,0.07,4,37.33,109.45,-5.82,-35.22,30,0,-,33,0,12.6,7.94,4.24,0,35.58,0.79,0.8,48.25,0,51.75,1253.35,3.92,217,0,0,14.51,0,-,8.3,12.05,23.45,0.32,1233.83,103.11,64.09,39.02,-9.15,14.3,14.7,35
Mon Mar 13 08:13:25 GMT-03:00 2023,13-Mar-2023 08:13:26.392,-35.21960466096185,-5.821629510422368,0.0,4.0,37.2837897210965,109.44816589355469,-0.45,5.81,7.75,0.01,14.12,-0.01,0,0.02,0,14.9,7.45,14.7,99.61,25,17.83,10.35,1009.63,14.5,605.6,1,279.64,-,648.56,8994,0,57,-,40.39,34.12,796.5,99.61,0.09,1.55,25.83,79.22,-3.91,3.12,3.12,-,0.07,4,37.28,109.45,-5.82,-35.22,30,0,-,33,0,12.6,7.94,4.24,0,35.58,0.79,0.8,47.78,0,52.22,1253.35,3.92,217,0,0,14.51,0,-,8.3,12.05,23.45,0.32,1233.83,104.12,64.09,40.03,-9.15,14.3,14.7,35
Mon Mar 13 08:13:26 GMT-03:00 2023,13-Mar-2023 08:13:27.391,-35.21960466096185,-5.821629510422368,0.0,4.0,37.261420774956676,109.44816589355469,-0.5,5.85,7.85,0.02,14.12,0,-0.01,0.02,0,14.9,7.45,14.7,99.61,25,17.83,10.35,1009.66,14.5,605.6,1,279.64,-,648.56,8994,0,57,-,40.39,34.12,796.5,99.61,0.09,1.55,25.83,79.22,-3.91,3.12,3.12,-,0.07,4,37.26,109.45,-5.82,-35.22,31,0,-,33,0,12.6,7.94,4.24,0,35.58,0.79,0.8,47.33,0,52.67,1253.35,3.92,217,0,0,14.51,0,-,8.3,12.05,23.45,0.32,1233.83,105.12,64.09,41.03,-9.15,14.3,14.7,35
Mon Mar 13 08:13:27 GMT-03:00 2023,13-Mar-2023 08:13:28.392,-35.21960466096185,-5.821629510422368,0.0,4.0,37.33242494997119,109.44816589355469,-0.33,5.77,7.86,0.02,13.33,0,0,0.01,0,14.9,7.45,14.7,99.61,25,17.83,10.35,1009.66,14.5,610.1,1,279.64,-,648.56,8994,0,57,-,40.39,27.84,796.5,99.61,0.09,1.55,25.83,79.22,-3.91,3.12,3.12,-,0.07,4,37.33,109.45,-5.82,-35.22,30,0,-,33,0,12.6,7.94,4.24,0,35.58,0.79,0.8,46.82,0,53.18,1253.35,3.53,217,0,0,14.51,0,-,8.3,12.05,23.45,0.32,1233.83,106.27,64.09,42.18,-9.15,14.3,14.8,35
Mon Mar 13 08:13:28 GMT-03:00 2023,13-Mar-2023 08:13:29.392,-35.21960466096185,-5.821629510422368,0.0,4.0,37.35070747260798,109.44816589355469,-0.48,5.83,7.85,0.02,13.33,0,0,0.02,0,14.9,7.45,14.7,99.61,25,17.83,10.19,1009.67,14.5,611.4,1,279.64,-,642.14,8994,0,57,-,33.33,27.84,754.5,99.61,0.09,1.25,20.77,78.43,-3.91,0,0.78,-,0.07,4,37.35,109.45,-5.82,-35.22,29,0,-,33,0,12.6,7.94,3.41,0,35.58,0.08,0.85,46.38,0,53.62,1253.35,3.53,221,0,0,13.73,0.5,-,8.29,12.06,23.43,0.32,1233.83,107.26,64.09,43.18,-10.4,14.36,14.6,33
Mon Mar 13 08:13:29 GMT-03:00 2023,13-Mar-2023 08:13:30.395,-35.21960466096185,-5.821629510422368,0.0,4.0,37.43746663038823,109.44816589355469,-0.31,5.84,7.73,0.01,13.33,-0.01,0,0.02,0,14.9,7.45,14.7,99.61,25,17.83,10.03,1009.69,14.5,611.4,1,279.64,-,642.14,8994,0,57,-,35.69,27.84,768,99.61,0.09,1.45,24.18,78.43,-3.91,3.91,0.78,-,0.07,4,37.44,109.45,-5.82,-35.22,29,0,-,33,0,12.6,7.94,3.97,0,35.58,0.08,0.85,45.99,0,54.01,1253.35,3.53,223,0,0,13.73,-5.5,-,8.29,12.07,23.41,0.32,1233.83,108.18,64.09,44.1,-9.46,14.36,14.6,34
Mon Mar 13 08:13:30 GMT-03:00 2023,13-Mar-2023 08:13:31.394,-35.21960466096185,-5.821629510422368,0.0,4.0,37.50076857721971,109.44816589355469,-0.27,6.07,7.6,0.01,14.12,0,0,0.04,-0.01,14.9,7.45,14.7,99.61,25,17.83,10.03,1009.68,14.5,612.7,1,279.64,-,645.35,8994,0,57,-,35.69,34.12,768,99.61,0.09,1.66,27.71,78.82,-3.91,3.91,4.69,-,0.07,4,37.5,109.45,-5.82,-35.22,29,0,-,33,0,12.6,7.94,4.55,0,35.58,0.1,0.82,45.55,0,54.45,1253.35,4.31,224,0,0,13.73,-5.5,-,8.28,12.07,23.39,0.32,1233.83,109.23,64.09,45.14,-8.82,14.28,14.9,35
Mon Mar 13 08:13:31 GMT-03:00 2023,13-Mar-2023 08:13:32.396,-35.21960466096185,-5.821629510422368,0.0,4.0,37.534088493220736,109.44816589355469,-0.59,6.73,7.08,0.02,14.12,0,-0.02,0.11,-0.07,14.9,7.45,14.7,99.61,25,17.83,9.88,1009.65,14.5,612.7,1,279.64,-,645.35,8994,0,57,-,42.35,34.12,800.5,99.61,0.09,1.66,27.71,78.82,-3.91,7.81,6.25,-,0.07,4,37.53,109.45,-5.82,-35.22,29,0,-,33,0,12.6,7.94,4.55,0,35.58,0.82,0.81,45.13,0,54.87,1253.35,4.31,224,0,0,16.47,12.5,-,8.28,12.07,23.39,0.32,1233.83,110.24,64.09,46.15,-8.82,14.34,14.9,35
Mon Mar 13 08:13:32 GMT-03:00 2023,13-Mar-2023 08:13:33.394,-35.2195858619061,-5.821628388290633,0.6492239832878113,4.0,37.50217994688091,110.8531265258789,-0.03,6.71,7.04,0.01,18.04,0,0,0.12,-0.09,29.02,15.29,14.7,99.61,25,17.83,9.88,1009.65,14.5,615.6,1,279.64,-,645.35,8994,0,57,-,42.35,47.06,800.5,99.61,0.1,4.79,79.85,78.82,-3.91,7.81,6.25,-,0.07,4,37.5,110.85,-5.82,-35.22,30,0,-,33,0,12.6,7.94,13.11,0,35.58,0.82,0.81,44.71,0,55.29,1253.35,7.45,226,2.34,0,16.47,12.5,-,8.28,12.08,23.38,0.32,1233.83,111.27,64.09,47.18,1.2,14.34,14.9,53
Mon Mar 13 08:13:33 GMT-03:00 2023,13-Mar-2023 08:13:34.392,-35.219570127743786,-5.821634778907029,1.8882601261138916,4.0,37.52718757692551,112.2217788696289,-0.17,7.01,7.68,0.08,18.04,-0.02,0,0.1,-0.01,29.02,15.29,14.7,99.61,25,17.49,9.8,1009.62,14.5,617.9,1,279.64,-,645.35,8994,0,57,1.38,63.92,47.06,1561.5,99.61,0.1,4.79,79.85,78.82,-3.91,10.94,12.5,-,0.07,4,37.53,112.22,-5.82,-35.22,29,2.66,1.86,32,0,12.6,7.94,13.11,0,35.58,0.31,0.78,44.32,0,55.68,1253.35,7.45,226,6.8,5,21.18,18.5,8.47,8.28,12.08,23.38,0.32,1233.83,112.25,65.02,47.23,1.2,14.3,14.8,53
Mon Mar 13 08:13:34 GMT-03:00 2023,13-Mar-2023 08:13:35.391,-35.21954275640744,-5.821644747473479,3.248161792755127,4.0,37.55754346433038,110.20149230957031,-1.13,6.2,6.45,-0.06,21.18,-0.1,0.02,-0.01,-0.09,30.98,15.69,14.7,99.61,25,17.39,9.87,1009.65,14.5,617.9,1,279.64,-,638.93,8994,0,57,7.87,71.37,56.47,1536,99.61,0.1,5.56,92.71,78.04,-3.91,7.03,12.5,-,0.07,4,37.56,110.2,-5.82,-35.22,31,2.31,10.56,32,0.9,12.6,7.94,15.22,2.54,35.58,0.31,0.78,44.06,0,55.94,1279.71,10.98,228,11.69,14,21.18,18.5,48.94,8.16,12.25,23.05,0.32,1233.83,113.28,66.04,47.23,-5.19,14.3,14.8,55
Mon Mar 13 08:13:35 GMT-03:00 2023,13-Mar-2023 08:13:36.392,-35.219505063290384,-5.8216586806958714,4.471796989440918,4.0,37.57329490379967,110.20906829833984,-1.05,5.45,7.09,-0.06,19.22,-0.08,-0.06,-0.01,-0.07,32.55,16.47,14.7,99.61,25,17.39,9.87,1009.6,14.5,618.2,1,279.64,-,638.93,8994,0,57,7.87,71.37,56.86,1536,99.61,0.1,5.56,92.71,78.04,-3.91,7.03,5.47,-,0.07,4,37.57,110.21,-5.82,-35.22,30,2.31,10.56,32,0.9,12.6,7.94,15.22,2.54,35.58,0.77,0.87,44.53,0,55.47,1279.71,9.41,228,16.1,14,21.96,17,48.94,8.16,12.25,23.05,0.32,1233.83,114.22,66.99,47.23,-5.19,14.34,14.2,55
Mon Mar 13 08:13:36 GMT-03:00 2023,13-Mar-2023 08:13:37.393,-35.219464769532316,-5.821673537537453,5.314570903778076,4.0,37.59043090920876,109.30647277832031,0.19,8,7.1,0.11,19.22,0.18,0.06,0.24,0.06,32.55,16.47,14.7,99.61,25,17.44,10,1009.56,14.5,618.2,1,339.4,1355.38,635.71,8994,0,57,6.39,74.9,56.86,1935.5,99.61,0.1,7.17,119.57,77.65,-3.91,8.59,5.47,-,0.08,4,37.59,109.31,-5.82,-35.22,29,2.9,8.57,32,1.95,12.6,7.94,19.63,5.51,35.58,0.77,0.87,45.01,0,54.99,1309.51,9.41,229,19.13,19,26.27,21,31.53,8.06,12.4,22.78,0.35,1233.86,115.23,67.99,47.23,-2.29,14.34,14.2,62
Mon Mar 13 08:13:37 GMT-03:00 2023,13-Mar-2023 08:13:38.392,-35.21940974425752,-5.821693663020614,6.540249347686768,4.0,37.62295652251965,110.09185028076172,0.51,6.21,7.59,0.02,22.75,0,0.09,0.06,-0.02,23.92,12.55,14.7,99.61,25,17.44,10,1009.56,14.5,618.3,1,339.4,1355.38,635.71,8994,0,57,6.39,74.9,53.73,1935.5,99.61,0.1,7.17,119.57,77.65,-3.91,8.59,4.69,-,0.08,4,37.62,110.09,-5.82,-35.22,30,2.9,8.57,32,1.95,12.6,7.94,19.63,5.51,35.58,0.8,0.79,45.5,0,54.5,1234.62,14.12,229,23.54,19,26.27,21,31.53,8.06,12.4,22.78,0.35,1233.86,116.27,69.04,47.23,-2.29,14.34,14.2,62
Mon Mar 13 08:13:38 GMT-03:00 2023,13-Mar-2023 08:13:39.391,-35.219349564879636,-5.821715781361956,7.23237943649292,4.0,37.664110793226435,110.14393615722656,-1.59,6.34,5.53,-0.11,22.75,-0.04,-0.03,0,-0.03,23.92,12.55,14.7,99.61,25,17.62,10.22,1009.5,14.5,619,1,355.22,640.02,635.71,8994,0,58,8.77,51.37,53.73,1851,99.61,0.11,4.6,76.63,77.65,-3.91,-6.25,-7.81,-,0.08,4,37.66,110.14,-5.82,-35.22,31,1.46,11.76,32,4.13,12.6,7.94,12.58,11.67,35.58,0.73,0.87,45.96,0,54.04,1307.94,9.41,231,26.04,25,19.22,21,45.23,8.01,12.49,22.61,0.35,1233.86,117.24,70.01,47.23,-8.29,14.36,14.3,57
Mon Mar 13 08:13:39 GMT-03:00 2023,13-Mar-2023 08:13:40.392,-35.21928403610312,-5.8217403181523855,7.769541263580322,4.0,37.635122590448226,110.28343200683594,-0.84,5.92,7.76,0.02,19.22,0,-0.04,0.03,0,27.84,14.12,14.7,99.61,25,17.88,10.47,1009.52,14.5,619,1,363.39,518.51,632.5,8994,0,58,7.11,58.04,48.24,1738.5,99.61,0.11,4.9,81.68,77.25,-3.91,0.78,3.12,-,0.08,4,37.64,110.28,-5.82,-35.22,30,1.96,9.54,32,5.1,12.6,7.94,13.41,14.41,35.58,0.12,0.8,46.43,0,53.57,1390.05,9.41,233,27.97,28,20.39,20,39.06,7.96,12.56,22.49,0.37,1233.88,118.28,71.04,47.23,-7.58,14.32,14.3,54
Mon Mar 13 08:13:40 GMT-03:00 2023,13-Mar-2023 08:13:41.391,-35.2192138049106,-5.821766223473855,8.316035270690918,4.0,37.74906673984511,110.37681579589844,-1.83,7.09,7.5,0.09,19.61,-0.01,-0.18,0.02,-0.05,27.84,14.12,14.7,99.61,25,18.19,10.76,1009.45,14.5,618.7,1,368.18,463.99,632.49,8994,0,58,7.35,58.04,49.8,1703.5,99.61,0.11,4.91,81.86,77.25,-3.91,0.78,3.12,-,0.08,4,37.75,110.38,-5.82,-35.22,30,1.06,9.86,32,5.7,12.6,7.94,13.44,16.1,35.58,0.12,0.8,46.86,0,53.14,1393.76,10.2,234,29.94,31,20.39,20,41.23,7.93,12.61,22.4,0.37,1233.88,119.24,72,47.23,-7.12,14.32,14.9,53
Mon Mar 13 08:13:41 GMT-03:00 2023,13-Mar-2023 08:13:42.391,-35.21914062276378,-5.821793251578971,8.731047630310059,4.0,37.892426214045166,110.31582641601562,-0.3,6.02,8.54,0.09,14.9,0.06,0,0.04,0.07,27.84,14.12,14.7,99.61,25,18.19,10.76,1009.45,14.5,618.2,1,368.18,463.99,632.49,8994,0,58,7.35,58.04,49.8,1703.5,99.61,0.11,4.91,81.86,77.25,-3.91,3.91,2.34,-,0.08,4,37.89,110.32,-5.82,-35.22,30,1.06,9.86,32,5.7,12.6,7.94,13.44,16.1,35.58,0.84,0.76,47.32,0,52.68,1393.76,5.1,234,31.43,31,19.61,0.5,41.23,7.93,12.61,22.4,0.39,1233.89,120.26,73.03,47.23,-7.12,14.4,14.9,53
Mon Mar 13 08:13:42 GMT-03:00 2023,13-Mar-2023 08:13:43.391,-35.21906887529633,-5.821820059942774,8.429821968078613,4.0,37.99617392087905,110.76582336425781,-1.11,4.36,8.94,0.04,14.9,0.02,0.03,-0.09,0.11,14.9,7.45,14.7,99.61,25,18.42,11,1009.45,14.5,618.2,1,356.04,101.03,635.7,8994,0,58,7.35,18.82,21.57,1243,99.61,0.11,1.18,19.74,77.65,-3.91,-4.69,2.34,-,0.08,4,38,110.77,-5.82,-35.22,27,3.43,9.86,32,26.18,12.6,7.94,3.24,73.95,35.58,0.84,0.76,47.71,0,52.29,1331.55,5.1,236,30.35,28,19.61,-12,41.23,8.19,12.21,23.14,0.39,1233.89,121.18,73.94,47.23,-12.69,14.4,14.9,43
Mon Mar 13 08:13:43 GMT-03:00 2023,13-Mar-2023 08:13:44.392,-35.21900630605313,-5.821843789710425,7.272505283355713,3.0,37.980881668037284,109.83895874023438,-0.72,4.23,8.34,-0.02,12.94,-0.04,-0.03,-0.13,0.05,14.9,7.45,14.7,99.61,25,18.42,11,1009.49,14.5,618,1,356.04,101.03,635.7,8995,0,58,7.35,18.82,16.08,1243,99.61,0.11,1.18,19.74,77.65,-3.91,-4.69,-5.47,-,0.08,3,37.98,109.84,-5.82,-35.22,27,3.43,9.86,32,26.18,12.6,7.94,3.24,73.95,35.58,0.92,0.98,48.15,0,51.85,1331.55,3.14,237,26.18,28,13.33,-12,41.23,8.19,12.21,23.14,0.4,1233.91,122.2,74.97,47.23,-12.69,14.4,14.8,43
Mon Mar 13 08:13:44 GMT-03:00 2023,13-Mar-2023 08:13:45.391,-35.218958543771734,-5.821861581815853,5.614811420440674,4.0,38.02453066227567,109.85017395019531,-1.57,4.18,7.9,-0.05,12.94,-0.02,0,-0.11,0.07,14.9,7.45,14.29,99.61,25,18.45,11.12,1009.48,14.5,617.9,0.97,344.29,85.96,635.71,8995,0,59,-,20.39,16.08,918.5,99.61,0.11,0.91,15.17,77.65,-3.91,0,0,-,0.08,4,38.02,109.85,-5.82,-35.22,28,6.18,-,33,30.77,12.6,7.94,2.49,86.92,35.58,0.85,0.92,48.59,0,51.41,1278,3.14,237,20.21,20,12.94,10.5,-,8.52,11.74,24.05,0.4,1233.91,123.25,76.01,47.23,-12.59,14.2,14.7,35
Mon Mar 13 08:13:45 GMT-03:00 2023,13-Mar-2023 08:13:46.392,-35.21892245042748,-5.8218749059736306,4.334466457366943,4.0,38.175108782320834,109.7489013671875,0.35,5.57,7.91,0.01,12.94,-0.01,0.07,0,0.01,14.9,7.45,14.29,99.61,25,18.36,11.16,1009.52,14.5,617.9,0.97,335.87,142.1,638.92,8995,0,59,-,25.49,19.61,923,99.61,0.11,1.07,17.91,78.04,-3.91,0,0,-,0.08,4,38.18,109.75,-5.82,-35.22,28,6.21,-,33,18.61,12.6,7.94,2.94,52.58,35.58,0.88,0.85,48.99,0,51.01,1278,3.14,239,15.6,14,13.73,0,-,8.66,11.55,24.46,0.4,1233.91,124.21,76.98,47.23,-11.43,14.26,14.7,32
Mon Mar 13 08:13:46 GMT-03:00 2023,13-Mar-2023 08:13:47.392,-35.218894497573295,-5.821885373804604,3.4040281772613525,4.0,38.304251754245215,109.07884216308594,-0.54,5.65,7.64,-0.01,13.73,0.02,-0.05,0,0.04,14.9,7.45,13.27,99.61,25,18.2,11.16,1009.48,14.5,617.5,0.9,337.6,379.07,642.14,8995,0,59,-,37.25,26.67,937,99.61,0.11,2.01,33.44,78.43,-3.91,0,0,-,0.08,4,38.3,109.08,-5.82,-35.22,27,1.25,-,33,6.98,12.6,7.94,5.49,19.71,35.58,0.88,0.85,49.42,0,50.58,1263.3,3.92,240,12.25,11,13.73,0,-,8.63,11.58,24.39,0.41,1233.92,125.27,78.03,47.23,-8.8,14.26,14.9,33
Mon Mar 13 08:13:47 GMT-03:00 2023,13-Mar-2023 08:13:48.392,-35.218870674641465,-5.8218941425174675,3.061589479446411,4.0,38.41105158693199,109.04525756835938,-1,5.85,7.9,0.03,14.51,0,-0.06,0.02,0.01,14.9,7.45,13.53,99.61,25,18.2,11.16,1009.46,14.5,616.3,0.92,337.6,379.07,642.14,8995,0,59,-,37.25,33.73,937,99.61,0.11,2.01,33.44,78.43,-3.91,0,0,-,0.08,4,38.41,109.05,-5.82,-35.22,27,1.25,-,33,6.98,12.6,7.94,5.49,19.71,35.58,0.79,0.89,49.81,0,50.19,1263.3,4.71,241,11.02,11,14.9,2,-,8.63,11.58,24.39,0.42,1233.93,126.25,79.02,47.23,-8.8,14.2,14.7,33
Mon Mar 13 08:13:48 GMT-03:00 2023,13-Mar-2023 08:13:49.392,-35.21884496848864,-5.821903088548556,2.941681146621704,4.0,38.43549136707297,109.23627471923828,-0.14,6.21,7.86,0.04,14.51,-0.04,-0.01,0.01,-0.04,14.9,7.45,14.45,99.61,25,18.02,11.14,1009.49,14.5,614.5,0.98,337.6,-,648.56,8995,0,59,-,40.39,33.73,932.5,99.61,0.12,1.86,30.94,79.22,-3.91,0,0,-,0.09,4,38.44,109.24,-5.82,-35.22,27,1.02,-,33,5.92,12.6,7.94,5.08,16.74,35.58,0.82,0.88,50.22,0,49.78,1214.63,4.71,241,10.59,10,14.9,3.5,-,8.6,11.63,24.29,0.42,1233.93,127.28,80.04,47.23,-9.31,14.24,14.6,34
Mon Mar 13 08:13:49 GMT-03:00 2023,13-Mar-2023 08:13:50.394,-35.21882144676353,-5.821912866512757,2.7584242820739746,4.0,38.39114541716738,109.377685546875,-0.46,5.87,7.63,0,14.51,-0.01,0,0.02,-0.01,14.9,7.45,14.45,99.61,25,17.83,11.12,1009.49,14.5,614.5,0.98,337.6,-,651.76,8995,0,60,-,41.18,34.51,933,99.61,0.12,1.91,31.8,79.61,-3.91,3.91,4.69,-,0.09,4,38.39,109.38,-5.82,-35.22,26,1.59,-,33,5.24,12.6,7.94,5.22,14.81,35.58,0.65,0.86,50.61,0,49.39,1214.63,4.71,243,9.93,9,14.9,2,-,8.55,11.69,24.16,0.42,1233.93,128.29,81.05,47.23,-9.14,14.34,14.6,34
Mon Mar 13 08:13:50 GMT-03:00 2023,13-Mar-2023 08:13:51.394,-35.21879940629818,-5.821921786738521,2.6288061141967773,4.0,38.38703290727907,109.15803527832031,-1.46,5.26,7.76,-0.01,14.9,0,-0.05,-0.03,0.05,14.9,7.45,14.7,99.61,25,17.83,11.12,1009.48,14.5,613,1,337.6,-,651.76,8995,0,60,-,41.18,35.29,933,99.61,0.12,1.91,31.8,79.61,-3.91,3.91,4.69,-,0.09,4,38.39,109.16,-5.82,-35.22,29,1.59,-,33,5.24,12.6,7.94,5.22,14.81,35.58,0.65,0.86,50.99,0,49.01,1214.63,4.71,244,9.46,9,14.9,2,-,8.55,11.69,24.16,0.42,1233.93,129.27,82.04,47.23,-9.14,14.34,14.7,34
Mon Mar 13 08:13:51 GMT-03:00 2023,13-Mar-2023 08:13:52.394,-35.218779663714066,-5.821929705782601,2.3815524578094482,4.0,38.41402731429943,108.66696166992188,-0.65,5.66,8.3,0.05,14.9,0.02,-0.02,0,0.05,14.9,7.45,14.7,99.61,25,17.63,11.08,1009.47,14.5,612,1,337.6,-,651.76,8995,0,60,-,41.57,35.29,903.5,99.61,0.12,1.91,31.8,79.61,-3.91,1.56,0.78,-,0.09,4,38.41,108.67,-5.82,-35.22,29,1.46,-,33,4.72,12.6,7.94,5.22,13.33,35.58,0.82,0.85,51.36,0,48.64,1201.95,4.71,244,8.57,8,14.9,1.5,-,8.5,11.76,24.01,0.43,1233.94,130.27,83.03,47.23,-9.14,14.26,14.7,35
Mon Mar 13 08:13:52 GMT-03:00 2023,13-Mar-2023 08:13:53.393,-35.2187640621177,-5.8219365488743335,2.0247576236724854,4.0,38.49843428629171,108.75402069091797,-0.62,4.77,8.31,-0,14.51,0,-0.02,-0.07,0.06,14.9,7.45,14.7,99.61,25,17.4,11.01,1009.44,14.5,612,1,337.6,-,654.97,8995,0,60,-,40,35.29,856.5,99.61,0.12,1.71,28.57,80,-3.91,-3.91,0.78,-,0.09,4,38.5,108.75,-5.82,-35.22,28,2.57,-,33,4.67,12.6,7.94,4.69,13.18,35.58,0.82,0.85,51.73,0,48.27,1194.87,4.71,246,7.29,6,14.12,0,-,8.45,11.83,23.87,0.43,1233.94,131.26,84.03,47.23,-9.53,14.26,14.7,34
Mon Mar 13 08:13:53 GMT-03:00 2023,13-Mar-2023 08:13:54.394,-35.21875351529937,-5.821940080685245,1.256514549255371,4.0,38.572382572055176,108.91084289550781,-0.74,4.87,8.6,0.03,13.73,0.01,-0.03,-0.07,0.08,14.9,7.45,14.7,99.61,25,17.4,11.01,1009.45,14.5,611.9,1,337.6,-,654.97,8995,0,60,-,40,30.59,856.5,99.61,0.12,1.71,28.57,80.78,-3.91,-3.91,-4.69,-,0.09,4,38.57,108.91,-5.82,-35.22,27,2.57,-,33,4.67,12.6,7.94,4.69,13.18,35.58,0.71,0.87,52.1,0,47.9,1194.87,3.92,247,4.52,6,14.12,0,-,8.45,11.83,23.87,0.43,1233.94,132.27,85.03,47.23,-9.53,14.26,14.7,34
Mon Mar 13 08:13:54 GMT-03:00 2023,13-Mar-2023 08:13:55.395,-35.2187475816797,-5.821942209523869,0.5962666273117065,4.0,38.702322352482454,108.9693374633789,-0.71,6.49,7.49,0.03,16.86,0.02,-0.02,0.09,-0.02,28.24,7.45,14.7,99.61,25,17.1,10.9,1009.49,14.5,612.2,1,337.6,-,661.39,8995,0,60,-,35.29,30.59,811,99.61,0.12,1.38,22.96,80.78,-3.91,-6.25,-5.47,-,0.09,4,38.7,108.97,-5.82,-35.22,26,2.52,-,33,4.35,12.6,7.94,3.77,12.3,35.58,0.11,0.84,51.81,0,48.19,1190.1,7.45,247,2.15,2,13.73,-3,-,8.4,11.91,23.72,0.43,1233.94,133.24,86,47.23,-10.28,14.34,14.9,33
Mon Mar 13 08:13:55 GMT-03:00 2023,13-Mar-2023 08:13:56.393,-35.21874223313885,-5.821942901127622,0.7730948328971863,4.0,38.761704948564386,109.06761932373047,-0.75,6.78,6.97,0.02,16.86,0,-0.03,0.12,-0.08,28.24,14.51,14.7,99.61,25,16.83,10.8,1009.45,14.5,612.2,1,337.6,-,667.8,8995,0,60,0.24,49.41,42.35,1449.5,99.61,0.12,3.46,57.68,81.57,-3.91,0.78,2.34,-,0.09,4,38.76,109.07,-5.82,-35.22,26,0.85,0.32,33,0.58,12.6,7.94,9.47,1.63,35.58,0.09,0.81,51.41,0,48.59,1194.48,7.45,249,2.78,3,17.65,19.5,1.55,8.3,12.05,23.44,0.43,1233.94,134.27,87.04,47.23,-3.31,14.38,14.9,43
Mon Mar 13 08:13:56 GMT-03:00 2023,13-Mar-2023 08:13:57.394,-35.21872883196311,-5.821947748406138,1.6653186082839966,4.0,38.78696142492913,109.37020111083984,-0.62,5.67,7.87,0.01,16.08,-0.01,-0.01,0.03,-0.01,14.9,7.45,14.7,99.61,25,16.83,10.8,1009.44,14.5,612.9,1,337.6,-,664.59,8995,0,60,0.24,49.41,35.29,1029,99.61,0.12,1.85,30.76,81.18,-3.91,0.78,2.34,-,0.09,4,38.79,109.37,-5.82,-35.22,28,0.85,0.32,33,1.63,12.59,7.94,5.05,4.59,35.58,0.09,0.81,51.05,0,48.95,1194.48,6.27,250,6,3,17.65,19.5,1.55,8.21,12.18,23.2,0.45,1233.96,135.2,87.96,47.23,-11.16,14.38,14.7,38
Mon Mar 13 08:13:57 GMT-03:00 2023,13-Mar-2023 08:13:58.394,-35.21871413983908,-5.821952617900079,1.5892314910888672,4.0,38.836771721882755,110.0151138305664,-0.42,6.06,7.67,0.02,16.08,0,0,0.04,-0.01,21.96,11.37,14.7,99.61,25,16.6,10.73,1009.4,14.5,613.1,1,337.6,-,664.59,8995,0,60,0.75,36.08,40.78,1029,99.61,0.12,1.85,30.76,81.18,-3.91,-0.78,-1.56,-,0.09,4,38.84,110.02,-5.82,-35.22,28,1,1,33,1.63,12.59,7.94,5.05,4.59,35.58,0.84,0.79,50.66,0,49.34,1160.42,8.24,250,5.72,5,14.51,-7,6.92,8.21,12.18,23.2,0.45,1233.96,136.26,89.03,47.23,-11.16,14.36,14.8,38
Mon Mar 13 08:13:58 GMT-03:00 2023,13-Mar-2023 08:13:59.395,-35.21869852350702,-5.821959156614371,1.7038702964782715,4.0,38.8386272191369,112.81275939941406,-0.76,6.59,6.88,-0,16.08,-0.01,0.01,0.1,-0.08,21.96,11.37,14.7,99.61,25,16.39,10.66,1009.41,14.5,613.8,1,337.6,-,667.79,8995,0,60,0.75,43.53,40.78,1166.5,99.61,0.12,2.15,35.82,81.57,-3.91,1.56,2.34,-,0.09,4,38.84,112.81,-5.82,-35.22,30,0.72,1,33,2.33,12.59,7.94,5.88,6.57,35.58,0.81,0.77,50.29,0,49.71,1160.42,9.8,251,6.13,5,14.51,-4,6.92,8.14,12.29,22.99,0.45,1233.96,137.25,90.02,47.23,-9.02,14.26,14.8,38
Mon Mar 13 08:13:59 GMT-03:00 2023,13-Mar-2023 08:14:00.394,-35.218680914138666,-5.821968166840875,2.128446578979492,4.0,38.86092458969907,114.14025115966797,-0.83,6.69,6.96,0.01,19.61,-0.01,-0.04,0.11,-0.08,30.98,15.29,14.7,99.61,25,16.24,10.63,1009.43,14.5,613.8,1,337.6,-,664.58,8995,0,60,1.91,61.18,55.29,1659.5,99.61,0.13,4.97,82.9,81.18,-3.91,7.03,5.47,-,0.09,4,38.86,114.14,-5.82,-35.22,30,1.87,2.56,33,1.01,12.59,7.94,13.61,2.84,35.58,0.75,0.77,50.18,0,49.82,1178.52,9.8,253,7.66,8,21.18,19.5,10.98,8.05,12.42,22.74,0.45,1233.96,138.26,91.03,47.23,-3.32,14.34,14.8,47
Mon Mar 13 08:14:00 GMT-03:00 2023,13-Mar-2023 08:14:01.395,-35.21865567061162,-5.821979530772775,3.313593864440918,4.0,38.9170330002256,111.5116958618164,-1.31,6.63,8.51,0.13,21.96,0,-0.16,0.03,-0.01,32.16,16.47,14.7,99.61,25,16.24,10.63,1009.38,14.5,615.2,1,337.6,-,661.36,8995,0,60,1.91,61.18,62.35,1516.5,99.61,0.13,5.49,91.49,80.78,-3.91,7.03,5.47,-,0.1,4,38.92,111.51,-5.82,-35.22,31,1.87,2.56,33,1.46,12.59,7.94,15.02,4.12,35.58,0.75,0.75,50.55,0,49.45,1178.52,12.16,254,11.93,8,21.18,19.5,10.98,7.97,12.55,22.52,0.45,1233.96,139.28,92.04,47.23,-5.83,14.34,14.5,50
Mon Mar 13 08:14:01 GMT-03:00 2023,13-Mar-2023 08:14:02.392,-35.218615887526575,-5.821994380645532,4.628671169281006,4.0,39.06618191548309,108.054931640625,-0.75,7.5,7.25,0.09,27.45,0.06,-0.03,0.19,-0.05,34.51,17.65,14.7,99.61,25,16.21,10.68,1009.36,14.5,617.2,1,337.6,-,661.36,8995,0,60,8.26,72.94,62.35,1516.5,99.61,0.13,5.49,91.49,80.78,-3.91,-0.78,1.56,-,0.1,4,39.07,108.05,-5.82,-35.22,28,3.07,11.08,33,1.46,12.59,7.94,15.02,4.12,35.58,0.08,0.72,50.9,0,49.1,1200.55,16.86,254,16.66,15,24.71,19.5,52.02,7.97,12.55,22.52,0.45,1233.96,140.27,93.04,47.23,-5.83,14.24,14.8,50
Mon Mar 13 08:14:02 GMT-03:00 2023,13-Mar-2023 08:14:03.394,-35.21856345735562,-5.822010363281667,5.862517356872559,4.0,39.30197728303815,106.6444320678711,0.82,6.48,7.05,0,27.45,-0.05,-0.04,0.12,-0.16,34.51,17.65,14.7,99.61,25,16.33,10.83,1009.31,14.5,617.2,1,382.98,1517.64,654.94,8995,0,60,13.63,80,70.2,2184,99.61,0.13,8.61,143.44,80,-3.91,-1.56,-3.12,-,0.1,4,39.3,106.64,-5.82,-35.22,29,6.34,18.28,32,1.74,12.59,7.94,23.55,4.92,35.58,0.76,0.73,51.24,0,48.76,1230.85,16.86,256,21.11,23,28.63,18.5,59.61,7.9,12.67,22.3,0.46,1233.97,141.26,94.03,47.23,0.39,14.28,14.8,62
Mon Mar 13 08:14:03 GMT-03:00 2023,13-Mar-2023 08:14:04.394,-35.21849498399688,-5.822030118021511,8.045538902282715,4.0,39.33298553072033,108.2267074584961,-1.9,5.98,6.99,-0.02,28.24,-0.04,-0.15,0.03,-0.08,32.55,16.86,14.7,99.61,25,16.57,11.05,1009.24,14.5,621.3,1,408.96,1084.33,654.93,8995,0,60,15.61,70.98,67.84,2579.5,99.61,0.14,9.43,157.15,80,-3.91,-1.56,-3.12,-,0.1,4,39.33,108.23,-5.82,-35.22,32,1.04,20.94,32,2.44,12.59,7.94,25.8,6.89,35.58,0.76,0.73,51.59,0,48.41,1273.74,18.43,257,28.96,30,28.63,18.5,57.8,7.83,12.77,22.12,0.47,1233.98,142.28,95.05,47.23,-3.21,14.28,14.8,66
Mon Mar 13 08:14:04 GMT-03:00 2023,13-Mar-2023 08:14:05.394,-35.218417453205,-5.8220535916535,9.206619262695312,4.0,39.293939060827235,108.97185516357422,-0.5,6.31,7.18,-0,20.39,-0.01,-0.02,0.07,-0.05,28.24,15.29,14.7,99.61,25,16.57,11.05,1009.24,14.5,627.9,1,408.96,1084.33,654.93,8995,0,60,15.61,70.98,51.76,2579.5,99.61,0.14,9.43,157.15,80,-3.91,-9.38,-12.5,-,0.1,4,39.29,108.97,-5.82,-35.22,33,1.04,20.94,32,2.44,12.59,7.94,25.8,6.89,35.58,0.75,0.88,51.92,0,48.08,1273.74,11.37,257,33.14,30,24.31,22.5,57.8,7.83,12.77,22.12,0.49,1233.99,143.25,96.02,47.23,-3.21,14.32,14.8,66
Mon Mar 13 08:14:05 GMT-03:00 2023,13-Mar-2023 08:14:06.395,-35.21833386804133,-5.8220816223491045,9.828685760498047,4.0,39.46174792820701,108.97074127197266,-1.46,5.03,7.38,-0.06,20.39,-0.07,-0.1,-0.05,-0.04,28.24,15.29,14.7,99.61,25,16.86,11.31,1009.21,14.5,627.9,1,413.4,533.27,651.72,8995,0,60,9.83,63.92,51.76,1937,99.61,0.14,6.05,100.81,79.61,-3.91,-4.69,-7.81,-,0.11,4,39.46,108.97,-5.82,-35.22,30,0.86,13.19,32,4.96,12.59,7.94,16.55,14.01,35.58,0.68,0.88,52.26,0,47.74,1299.87,11.37,258,35.38,34,21.57,19.5,48.48,7.8,12.83,22.02,0.49,1233.99,144.28,97.04,47.23,-8.37,14.28,14.8,60
Mon Mar 13 08:14:06 GMT-03:00 2023,13-Mar-2023 08:14:07.394,-35.2182455766652,-5.822112786961684,10.148550033569336,4.0,39.85250759972347,108.82638549804688,-0.8,5.75,6.94,-0.06,21.57,-0.1,-0.03,-0.01,-0.09,29.8,15.29,14.7,99.61,25,16.86,11.31,1009.21,14.5,632.6,1,415.89,485.6,651.71,8995,0,61,9.83,63.92,56.08,1791.5,99.61,0.15,6.24,104.04,79.61,-3.91,-4.69,-7.81,-,0.11,4,39.85,108.83,-5.82,-35.22,28,0.86,13.19,32,5.45,12.59,7.94,17.08,15.39,35.58,0.68,0.8,52.59,0,47.41,1299.87,11.76,260,36.53,34,21.57,19.5,48.48,7.77,12.87,21.95,0.51,1234.02,145.28,98.05,47.23,-6.08,14.28,14.7,59
Mon Mar 13 08:14:07 GMT-03:00 2023,13-Mar-2023 08:14:08.394,-35.218156131596544,-5.822145343934241,10.61074161529541,4.0,40.01453217455828,109.08869934082031,-1.34,6.34,7.72,0.05,22.35,0.02,-0.09,0.07,0,29.8,15.29,14.7,99.61,25,17.2,11.6,1009.16,14.5,635.8,1,415.89,485.6,651.71,8995,0,61,7.45,68.24,57.25,1791.5,99.61,0.15,6.24,104.04,79.61,-3.91,0.78,-2.34,-,0.11,4,40.01,109.09,-5.82,-35.22,26,0.47,9.99,32,5.45,12.59,7.94,17.08,15.39,35.58,0.57,0.77,52.91,0,47.09,1321.56,12.55,260,38.2,37,23.92,21,39.7,7.77,12.87,21.95,0.51,1234.02,146.26,99.03,47.23,-6.08,14.26,14.9,59
Mon Mar 13 08:14:08 GMT-03:00 2023,13-Mar-2023 08:14:09.395,-35.21805993172721,-5.822180817191182,11.174189567565918,4.0,40.044987105591616,109.27236938476562,-1.28,5.76,7.59,0,22.35,-0.09,0.04,-0.08,-0.03,29.8,15.29,14.7,99.61,25,17.57,11.91,1009.14,14.5,635.8,1,414.04,360.53,651.71,8995,0,61,9.27,50.98,57.25,1791.5,99.61,0.15,5.04,84.06,79.61,-3.91,-6.25,-7.81,-,0.11,4,40.04,109.27,-5.82,-35.22,22,1.8,12.43,32,7.34,12.59,7.94,13.8,20.72,35.58,0.85,0.76,53.19,0,46.81,1401.66,12.55,262,40.23,40,17.25,-6,49.39,7.76,12.88,21.93,0.53,1234.04,147.14,99.9,47.23,-7.14,14.32,14.3,57
Mon Mar 13 08:14:09 GMT-03:00 2023,13-Mar-2023 08:14:10.393,-35.217966097242204,-5.82221680627909,11.081642150878906,4.0,40.2747840635727,109.41688537597656,0.88,4.78,9.32,0.09,14.51,0.07,0.12,-0.08,0.15,14.9,7.45,14.7,99.61,25,17.92,12.21,1009.12,14.5,637.7,1,403.5,87.24,651.71,8995,0,62,9.27,20,23.14,1389,99.61,0.15,1.32,21.99,79.61,-3.91,-13.28,-7.81,-,0.11,4,40.27,109.42,-5.82,-35.22,26,1.23,12.43,33,30.32,12.59,7.94,3.61,85.64,35.58,0.85,0.76,53.52,0,46.48,1342.79,4.71,263,39.89,39,17.25,-6,49.39,8.02,12.47,22.66,0.53,1234.04,148.2,100.96,47.23,-12.58,14.32,14.3,46
Mon Mar 13 08:14:10 GMT-03:00 2023,13-Mar-2023 08:14:11.393,-35.217877618014825,-5.822249499964745,10.351113319396973,4.0,40.48793830539447,109.54936218261719,0.63,3.65,8.7,-0.02,13.33,-0.05,0.03,-0.13,0.03,14.9,7.45,14.7,99.61,25,17.92,12.21,1009.12,14.5,638.2,1,403.5,87.24,651.71,8995,0,62,9.27,20,20.78,1389,99.61,0.15,1.32,21.99,79.61,-3.91,-13.28,-14.06,-,0.11,4,40.49,109.55,-5.82,-35.22,28,1.23,12.43,33,30.32,12.59,7.94,3.61,85.64,35.58,0.88,0.93,53.85,0,46.15,1342.79,3.53,264,37.26,39,13.73,-11.5,49.39,8.02,12.47,22.66,0.55,1234.06,149.26,102.03,47.23,-12.58,14.32,14.8,46
Mon Mar 13 08:14:11 GMT-03:00 2023,13-Mar-2023 08:14:12.394,-35.217805653550755,-5.822278082296702,8.706025123596191,4.0,40.640171829603055,112.42777252197266,0.93,4.86,7.02,-0.1,13.73,-0.05,0.05,0.02,-0.06,14.9,7.45,14.7,99.61,25,18.13,12.41,1009.13,14.5,638.8,1,394.44,113.52,651.72,8995,0,62,9.27,35.29,20.78,837.5,99.61,0.15,1.67,27.9,79.61,-3.91,-13.28,-12.5,-,0.11,4,40.64,112.43,-5.82,-35.22,27,6.26,12.43,33,23.3,12.59,7.94,4.58,65.82,35.58,0.05,0.89,54.17,0,45.83,1289.43,3.92,264,31.34,31,14.51,0,49.39,8.19,12.21,23.14,0.55,1234.06,150.28,103.05,47.23,-11.34,14.32,14.1,40
Mon Mar 13 08:14:12 GMT-03:00 2023,13-Mar-2023 08:14:13.394,-35.21774456988414,-5.822307394102148,7.891488075256348,4.0,40.774091155481514,115.17679595947266,-0.64,5.7,7.73,0,13.73,0.06,-0.05,0.06,0.05,14.9,7.45,14.7,99.61,25,18.28,12.58,1009.17,14.5,638.8,1,386.34,127.22,654.93,8995,0,62,-,36.86,32.16,885,99.61,0.15,1.49,24.85,80,-3.91,-8.59,-7.03,-,0.11,4,40.77,115.18,-5.82,-35.22,26,3.34,-,33,20.79,12.59,7.94,4.08,58.73,35.58,0.06,0.84,54.44,0,45.56,1289.43,3.92,266,28.41,28,20,16.5,-,8.33,12,23.54,0.57,1234.07,151.18,103.94,47.23,-9.83,14.28,14.7,38
Mon Mar 13 08:14:13 GMT-03:00 2023,13-Mar-2023 08:14:14.395,-35.21767960916231,-5.82233380034822,7.702728271484375,4.0,40.918141175129776,109.83386993408203,-1.41,6.02,8.31,0.08,20,0.05,-0.1,0.04,0.05,24.71,12.55,14.7,99.61,25,18.43,12.74,1009.13,14.5,639.6,1,388.15,447.77,651.72,8995,0,62,-,53.73,49.8,1788.5,99.61,0.15,4.74,79,79.61,-3.91,0.78,-7.03,-,0.11,4,40.92,109.83,-5.82,-35.22,27,0.27,-,33,5.91,12.59,7.94,12.97,16.69,35.58,0.06,0.84,54.75,0,45.25,1252.37,10.2,267,27.73,28,20,21,-,8.31,12.04,23.46,0.57,1234.07,152.23,105,47.23,-0.45,14.28,14.7,52
Mon Mar 13 08:14:14 GMT-03:00 2023,13-Mar-2023 08:14:15.394,-35.21760950500911,-5.822355343779787,7.922648906707764,4.0,41.04418942411992,104.23023223876953,-1.88,6.86,7.57,0.08,21.57,0,0,0.09,-0.05,29.02,14.9,14.7,99.61,25,18.43,12.74,1009.14,14.5,640.8,1,388.15,447.77,651.72,8995,0,62,-,53.73,56.86,1788.5,99.61,0.15,4.74,79,79.61,-3.91,0.78,2.34,-,0.11,4,41.04,104.23,-5.82,-35.22,26,0.27,-,33,5.91,12.59,7.94,12.97,16.69,35.58,0.09,0.09,55.05,0,44.95,1252.37,11.76,268,28.52,28,19.22,21,-,8.31,12.04,23.46,0.57,1234.07,153.24,106,47.23,-0.45,14.26,14.4,52
Mon Mar 13 08:14:15 GMT-03:00 2023,13-Mar-2023 08:14:16.394,-35.21753759497641,-5.822374628970702,8.334193229675293,4.0,41.1370403069019,104.85281372070312,-0.45,5.89,7.25,-0.03,21.57,-0.04,0,0.02,-0.05,29.02,14.9,14.7,99.61,25,18.59,12.92,1009.11,14.5,640.8,1,392.89,554.1,651.72,8995,0,63,1.95,69.02,56.86,1762,99.61,0.16,5.87,97.76,79.61,-3.91,7.03,2.34,-,0.12,4,41.14,104.85,-5.82,-35.22,28,0.48,2.62,33,4.77,12.59,7.94,16.05,13.48,35.58,0.09,0.09,55.35,0,44.65,1304.25,11.76,268,30,29,21.96,18,10.58,8.27,12.1,23.35,0.59,1234.1,154.27,107.03,47.23,-5.9,14.3,14.4,54
Mon Mar 13 08:14:16 GMT-03:00 2023,13-Mar-2023 08:14:17.395,-35.217458329087215,-5.822398705866293,8.958952903747559,6.0,41.25024255054835,107.54042053222656,0.78,6.35,8.66,0.12,22.35,-0.05,-0.04,0.05,-0.09,32.16,16.47,14.7,99.61,25,18.59,12.92,1009.07,14.5,642,1,398.43,592.32,651.72,8995,0,63,1.95,69.02,59.61,1762,99.61,0.16,6.49,108.24,79.61,-3.91,7.03,7.81,-,0.12,6,41.25,107.54,-5.82,-35.22,25,0.48,2.62,33,4.47,12.59,7.94,17.77,12.61,35.58,0.8,0.16,55.64,0,44.36,1250.35,11.76,270,32.25,29,21.96,18,10.58,8.23,12.16,23.24,0.59,1234.1,155.28,108.04,47.23,-4.83,14.3,14.9,57
Mon Mar 13 08:14:17 GMT-03:00 2023,13-Mar-2023 08:14:18.393,-35.21737600460763,-5.82242806286162,9.67203426361084,4.0,41.44835143138252,109.8669662475586,0.54,6.32,7.16,-0,22.35,-0.02,0.09,0.07,-0.06,32.16,16.47,14.7,99.61,25,18.82,13.14,1009.07,14.5,642,1,398.43,592.32,651.72,8995,0,63,10.83,72.94,59.61,1762,99.61,0.16,6.49,108.24,79.61,-3.91,8.59,3.91,-,0.12,4,41.45,109.87,-5.82,-35.22,27,1.75,14.53,32,4.47,12.59,7.94,17.77,12.61,35.58,0.8,0.19,55.92,0,44.08,1308.66,11.76,270,34.82,34,26.67,21,58.72,8.23,12.16,23.24,0.61,1234.12,156.26,109.03,47.23,-4.83,14.3,14.9,57
Mon Mar 13 08:14:18 GMT-03:00 2023,13-Mar-2023 08:14:19.394,-35.217287581559475,-5.822463488299645,10.516921043395996,4.0,41.758974238634096,111.31019592285156,-1.02,6.06,6.78,-0.05,23.92,-0.04,-0.02,0.06,-0.09,29.02,14.9,14.7,99.61,25,18.82,13.14,1009,14.5,644.4,1,398.43,592.32,651.72,8995,0,63,10.83,72.94,56.86,1762,99.61,0.16,6.49,108.24,79.61,-3.91,8.59,3.91,-,0.12,4,41.76,111.31,-5.82,-35.22,26,1.75,14.53,32,4.47,12.59,7.94,17.77,12.61,35.58,0.8,0.19,56.21,0,43.79,1267.69,14.12,272,37.86,34,26.67,21,58.72,8.23,12.16,23.24,0.61,1234.12,157.28,110.05,47.23,-4.83,14.3,14.5,57
Mon Mar 13 08:14:19 GMT-03:00 2023,13-Mar-2023 08:14:20.395,-35.21719386952021,-5.82250235380371,11.157440185546875,4.0,41.97926342782295,111.33021545410156,-0.19,5.37,7.3,-0.06,23.92,-0.07,0.02,-0.02,-0.05,29.02,14.9,14.7,99.61,25,19.13,13.41,1008.96,14.5,644.4,1,399.86,451.48,648.5,8995,0,63,11.49,59.22,56.86,1965,99.61,0.17,5.8,96.73,79.22,-3.91,0,1.56,-,0.12,4,41.98,111.33,-5.82,-35.22,25,2.14,15.4,32,5.86,12.59,7.94,15.88,16.55,35.58,0.6,0.38,56.45,0,43.55,1334.14,14.12,272,40.17,40,21.18,21,55.82,8.2,12.19,23.17,0.63,1234.14,158.18,110.94,47.23,-5.89,14.36,14.7,57
Mon Mar 13 08:14:20 GMT-03:00 2023,13-Mar-2023 08:14:21.395,-35.217097785709974,-5.822540714759249,11.4177885055542,4.0,42.000852555513376,111.08968353271484,-0.18,5.36,7.42,-0.05,19.61,0,-0.05,0,0.01,26.27,13.73,14.7,99.61,25,19.45,13.69,1008.96,14.5,647.9,1,397.18,297.97,648.5,8995,0,63,3.27,54.12,48.24,1684,99.61,0.17,4.51,75.1,79.22,-3.91,-0.78,1.56,-,0.12,4,42,111.09,-5.82,-35.22,26,0.83,4.39,32,8.88,12.59,7.94,12.33,25.07,35.58,0.6,0.38,56.72,0,43.28,1353.29,9.8,274,41.1,41,21.18,21,18.56,8.21,12.18,23.19,0.63,1234.14,159.15,111.91,47.23,-8.51,14.36,14.7,53
Mon Mar 13 08:14:21 GMT-03:00 2023,13-Mar-2023 08:14:22.394,-35.21699992188268,-5.8225799881743665,11.555509567260742,4.0,42.3350617906089,110.77904510498047,-0.68,5.18,7.34,-0.06,16.08,-0.08,-0.02,-0.04,-0.04,14.9,7.45,14.7,99.61,25,19.74,13.96,1008.93,14.5,648.7,1,389.97,115.76,648.5,8995,0,63,3.27,27.84,31.37,1397.5,99.61,0.17,1.79,29.91,79.22,-3.91,-7.03,-2.34,-,0.12,4,42.34,110.78,-5.82,-35.22,25,1.6,4.39,32,22.85,12.59,7.94,4.91,64.54,35.58,0.81,0.68,57.03,0,42.97,1304.89,6.27,275,41.6,40,18.43,21,18.56,8.36,11.96,23.62,0.65,1234.16,160.29,113.05,47.23,-11.72,14.34,14.8,44
Mon Mar 13 08:14:22 GMT-03:00 2023,13-Mar-2023 08:14:23.395,-35.216907767445775,-5.822615163483586,11.105426788330078,4.0,42.63266340208206,110.74163055419922,0.14,4.77,8.33,-0,12.94,-0.04,-0.07,-0.03,-0.01,14.9,7.45,14.7,99.61,25,19.74,13.96,1008.86,14.5,648.7,1,389.97,115.76,648.5,8995,0,63,3.27,27.84,16.08,1397.5,99.61,0.17,1.79,29.91,79.22,-3.91,-7.03,-8.59,-,0.12,4,42.63,110.74,-5.82,-35.22,23,1.6,4.39,32,22.85,12.59,7.94,4.91,64.54,35.58,0.91,0.94,57.27,0,42.73,1304.89,3.14,276,39.98,40,13.73,-4.5,18.56,8.36,11.96,23.62,0.65,1234.16,161.19,113.96,47.23,-11.72,14.28,14.8,44
Mon Mar 13 08:14:23 GMT-03:00 2023,13-Mar-2023 08:14:24.393,-35.21682135771087,-5.822649825277697,10.346588134765625,4.0,42.94684377768198,111.0778579711914,-0.41,4.51,9.58,0.1,14.12,0.08,0,-0.11,0.18,14.9,7.45,14.7,99.61,25,19.99,14.19,1008.88,14.5,649,1,382.95,109.23,648.5,8995,0,63,3.27,32.55,16.08,961.5,99.61,0.17,1.65,27.53,79.22,-3.91,-11.72,-12.5,-,0.13,4,42.95,111.08,-5.82,-35.22,22,2.98,4.39,33,24.21,12.59,7.94,4.52,68.4,35.58,0.64,0.92,57.54,0,42.46,1304.89,4.31,276,37.25,37,14.12,16.5,18.56,8.52,11.73,24.08,0.68,1234.18,162.24,115,47.23,-11.41,14.44,14.2,38
Mon Mar 13 08:14:24 GMT-03:00 2023,13-Mar-2023 08:14:25.394,-35.216747653300715,-5.822678087487177,9.066271781921387,4.0,43.10713236210761,111.33374786376953,-0.09,3.98,8.83,0.01,14.12,0.05,0.13,-0.19,0.18,14.9,7.45,14.7,99.61,25,20.14,14.36,1008.91,14.5,649,1,376.21,106.59,648.51,8995,0,63,-,33.33,29.41,924,99.61,0.17,1.49,24.85,79.22,-3.91,-6.25,-5.47,-,0.13,4,43.11,111.33,-5.82,-35.22,22,6.25,-,33,24.81,12.59,7.94,4.08,70.09,35.58,0.05,0.85,57.8,0,42.2,1263.42,4.31,278,32.64,31,14.12,3,-,8.69,11.51,24.55,0.68,1234.18,163.21,115.98,47.23,-10.44,14.16,14.2,35
Mon Mar 13 08:14:25 GMT-03:00 2023,13-Mar-2023 08:14:26.395,-35.21669158797649,-5.8227027320562845,7.124513149261475,4.0,43.22528568649577,114.080078125,-0.17,4.4,10.06,0.14,13.73,0.11,0.02,-0.12,0.23,14.9,7.45,14.7,99.61,25,20.15,14.42,1008.96,14.5,649.4,1,370.36,130.65,651.72,8995,0,63,-,32.55,27.06,962.5,99.61,0.17,1.53,25.52,79.61,-3.91,-1.56,-5.47,-,0.13,4,43.23,114.08,-5.82,-35.22,25,11.64,-,33,20.24,12.59,7.94,4.19,57.19,35.58,0.05,0.85,58.05,0,41.95,1263.42,3.92,279,25.65,21,14.12,0.5,-,8.81,11.35,24.88,0.68,1234.18,164.21,116.97,47.23,-10.16,14.16,14.8,34
Mon Mar 13 08:14:26 GMT-03:00 2023,13-Mar-2023 08:14:27.395,-35.216658699032266,-5.822718137659799,3.9318766593933105,4.0,43.182041144742435,115.13827514648438,-0.67,3.09,9.36,0.03,13.73,0,-0.08,-0.22,0.13,14.9,7.45,14.7,99.61,25,20.15,14.42,1009.01,14.5,649.8,1,370.36,130.65,651.72,8995,0,64,-,32.55,25.49,962.5,99.61,0.17,1.53,25.52,80,-3.91,-1.56,-0.78,-,0.13,4,43.18,115.14,-5.82,-35.22,24,11.64,-,33,20.24,12.59,7.94,4.19,57.19,35.58,0.07,0.81,58.32,0,41.68,1263.42,3.92,280,14.15,21,14.12,0.5,-,8.81,11.35,24.88,0.7,1234.2,165.25,118.01,47.23,-10.16,14.3,14.8,34
Mon Mar 13 08:14:27 GMT-03:00 2023,13-Mar-2023 08:14:28.393,-35.216639297324214,-5.822727355846212,2.821430206298828,4.0,43.19719401199938,114.34696197509766,-0.4,4.05,8.97,0.02,14.51,0,0,-0.15,0.11,14.9,7.45,14.7,99.61,25,20.03,14.39,1008.98,14.5,650.2,1,366.02,183.66,654.94,8995,0,64,-,33.73,36.08,911,99.61,0.17,1.46,24.3,80,-3.91,2.34,2.34,-,0.13,4,43.2,114.35,-5.82,-35.22,24,3.15,-,33,14.4,12.59,7.94,3.99,40.68,35.58,0.76,0.79,58.58,0,41.42,1227.53,4.71,280,10.16,11,15.69,14,-,8.86,11.28,25.04,0.7,1234.2,166.28,119.04,47.23,-10.53,14.28,14.8,32
Mon Mar 13 08:14:28 GMT-03:00 2023,13-Mar-2023 08:14:29.394,-35.216636779065254,-5.822728364020492,0.896670401096344,4.0,43.13325317784079,114.2964096069336,-0.72,5.77,8.05,0.03,14.51,0,-0.02,0,0.01,14.9,7.45,14.7,99.61,25,20.03,14.25,1008.97,14.5,650.9,1,366.02,-,661.36,8995,0,64,-,41.57,36.08,867.5,99.61,0.17,1.69,28.2,80.78,-3.91,5.47,5.47,-,0.13,4,43.13,114.3,-5.82,-35.22,28,10.16,-,33,6.5,12.59,7.94,4.63,18.36,35.58,0.85,0.76,58.45,0,41.55,1227.53,4.71,281,3.23,0,13.33,-4,-,8.84,11.31,24.97,0.7,1234.2,167.27,119.42,47.85,-9.63,14.18,14.7,32
Mon Mar 13 08:14:29 GMT-03:00 2023,13-Mar-2023 08:14:30.392,-35.216636779065254,-5.822728364020492,0.027959434315562248,4.0,43.10420699782774,114.25175476074219,-0.49,5.78,7.93,0.02,12.94,0,-0.01,0.01,0.01,14.9,7.45,14.7,99.61,25,20.03,14.11,1008.96,14.5,650.9,1,366.02,-,677.41,8995,0,64,-,32.16,27.06,740,99.61,0.17,1.14,19.07,82.75,-3.91,3.12,5.47,-,0.13,4,43.1,114.25,-5.82,-35.22,27,3.23,-,33,0,12.59,7.94,3.13,0,35.58,0.85,0.76,58.1,0,41.9,1227.53,3.14,283,0.1,0,13.33,0,-,8.84,11.32,24.96,0.7,1234.2,168.29,119.42,48.87,-11.04,14.18,14.7,30
Mon Mar 13 08:14:30 GMT-03:00 2023,13-Mar-2023 08:14:31.392,-35.216636779065254,-5.822728364020492,0.03691985085606575,4.0,43.09394435102545,114.22624206542969,-0.6,5.76,7.94,0.02,12.94,0,-0.02,0.01,0.01,14.9,7.45,14.7,99.61,25,20.03,14.11,1008.98,14.5,651.6,1,366.02,-,674.2,8995,0,64,-,32.16,25.88,740,99.61,0.17,1.18,19.61,82.35,-3.91,3.12,2.34,-,0.13,4,43.09,114.23,-5.82,-35.22,27,3.23,-,33,0,12.59,7.94,3.22,0,35.58,0.88,0.75,57.76,0,42.24,1227.53,3.14,284,0.13,0,13.33,0,-,8.83,11.32,24.95,0.7,1234.2,169.27,119.42,49.86,-10.33,14.3,14.7,29
Mon Mar 13 08:14:31 GMT-03:00 2023,13-Mar-2023 08:14:32.393,-35.216636779065254,-5.822728364020492,0.011736324056982994,4.0,43.08900442789416,114.22393798828125,-0.44,5.71,7.92,0.02,12.94,0,0,0.01,0.01,14.9,7.45,14.7,99.61,25,20.03,13.98,1009.01,14.5,652.3,1,366.02,-,674.2,8995,0,64,-,31.37,25.88,783.5,99.61,0.17,1.18,19.61,82.35,-3.91,-0.78,-1.56,-,0.13,4,43.09,114.22,-5.82,-35.22,28,0.13,-,33,0,12.59,7.94,3.22,0,35.58,0.83,0.74,57.43,0,42.57,1227.53,3.14,284,0.04,0,13.33,0.5,-,8.83,11.32,24.95,0.7,1234.2,170.26,119.42,50.84,-10.33,13.9,14.7,29
Mon Mar 13 08:14:32 GMT-03:00 2023,13-Mar-2023 08:14:33.393,-35.216636779065254,-5.822728364020492,0.010236409492790699,4.0,43.08173598147744,114.22025299072266,-0.44,5.71,7.85,0.01,12.94,0,0,0.01,0,14.9,7.45,14.7,99.61,25,20.03,13.85,1009,14.5,652.3,1,366.02,-,677.41,8995,0,65,-,35.69,25.88,749.5,99.61,0.17,1.4,23.33,82.75,-3.91,-4.69,-3.12,-,0.13,4,43.08,114.22,-5.82,-35.22,27,0.04,-,33,0,12.59,7.94,3.83,0,35.58,0.32,0.73,57.12,0,42.88,1227.53,3.14,286,0.04,0,13.73,-5.5,-,8.83,11.33,24.94,0.7,1234.2,171.18,119.42,51.76,-9.82,14.28,14.7,30
Mon Mar 13 08:14:33 GMT-03:00 2023,13-Mar-2023 08:14:34.394,-35.216636779065254,-5.822728364020492,0.0,4.0,43.07318178258406,114.21241760253906,-0.49,5.73,7.96,0.02,14.12,0,-0.01,0.01,0.01,14.9,7.45,14.7,99.61,25,20.03,13.72,1008.99,14.5,653.1,1,366.02,-,677.41,8995,0,65,-,40.39,32.16,781.5,99.61,0.17,1.51,25.16,82.75,-3.91,0,-3.12,-,0.13,4,43.07,114.21,-5.82,-35.22,28,0.04,-,33,0,12.59,7.94,4.13,0,35.58,0.32,0.73,56.76,0,43.24,1227.53,4.31,287,0,0,14.12,-1,-,8.82,11.33,24.92,0.7,1234.2,172.27,119.42,52.85,-9.22,13.36,14.7,31
Mon Mar 13 08:14:34 GMT-03:00 2023,13-Mar-2023 08:14:35.394,-35.216636779065254,-5.822728364020492,0.0,4.0,43.039160871865576,114.21275329589844,-0.52,5.73,7.77,0.01,13.73,-0.01,-0.01,0.01,0,14.9,7.45,14.7,99.61,25,20.03,13.6,1009,14.5,653.1,1,366.02,-,677.41,8995,0,65,-,40.78,33.73,762.5,99.61,0.18,1.47,24.49,82.75,-3.91,4.69,0.78,-,0.13,4,43.04,114.21,-5.82,-35.22,26,0,-,33,0,12.59,7.94,4.02,0,35.58,0.07,0.73,56.46,0,43.54,1227.53,3.92,288,0,0,14.12,0,-,8.82,11.34,24.91,0.7,1234.2,173.18,119.42,53.76,-9.57,13.36,14,32
Mon Mar 13 08:14:35 GMT-03:00 2023,13-Mar-2023 08:14:36.392,-35.216636779065254,-5.822728364020492,0.0,4.0,43.04772184068244,114.21558380126953,-0.52,5.69,7.74,0,13.73,-0.01,-0.01,0,0,14.9,7.45,14.7,99.61,25,20.03,13.6,1008.96,14.5,654.9,1,366.02,-,677.41,8995,0,65,-,40.78,33.33,762.5,99.61,0.18,1.47,24.49,81.57,-3.91,4.69,4.69,-,0.13,4,43.05,114.22,-5.82,-35.22,27,0,-,33,0,12.59,7.94,4.02,0,35.58,0.76,0.72,56.13,0,43.87,1227.53,3.92,289,0,0,14.12,0,-,8.82,11.34,24.91,0.7,1234.2,174.2,119.42,54.78,-9.57,14.18,14.6,32
Mon Mar 13 08:14:36 GMT-03:00 2023,13-Mar-2023 08:14:37.394,-35.216636779065254,-5.822728364020492,0.005244864616543055,4.0,43.09767019889187,114.20628356933594,-0.51,5.74,7.78,0.01,13.73,-0.01,-0.01,0.01,0,14.9,7.45,14.7,99.61,25,20.03,13.47,1008.99,14.5,656.1,1,366.02,-,667.78,8995,0,65,-,40.39,33.73,785,99.61,0.18,1.51,25.16,81.57,-3.91,4.69,1.56,-,0.13,4,43.1,114.21,-5.82,-35.22,26,0,-,33,0,12.59,7.94,4.13,0,35.58,0.83,0.71,55.79,0,44.21,1227.53,3.92,289,0.02,0,14.12,0,-,8.82,11.34,24.9,0.7,1234.2,175.26,119.42,55.84,-9.31,14.26,14.8,33
Mon Mar 13 08:14:37 GMT-03:00 2023,13-Mar-2023 08:14:38.393,-35.216636779065254,-5.822728364020492,0.009994914755225182,4.0,43.0877956886413,114.20133209228516,-0.5,5.72,7.96,0.02,13.73,0,-0.01,0.01,0.01,14.9,7.45,14.7,99.61,25,20.03,13.35,1008.98,14.5,657.3,1,366.02,-,661.36,8995,0,65,-,40.78,33.73,777,99.61,0.18,1.51,25.16,80.78,-3.91,-2.34,-3.12,-,0.13,4,43.09,114.2,-5.82,-35.22,26,0.02,-,33,0,12.59,7.94,4.13,0,35.58,0.75,0.7,55.48,0,44.52,1227.53,3.92,290,0.04,0,14.12,0,-,8.81,11.35,24.89,0.7,1234.2,176.25,119.42,56.83,-9.46,14.26,14.7,33
Mon Mar 13 08:14:38 GMT-03:00 2023,13-Mar-2023 08:14:39.393,-35.216636779065254,-5.822728364020492,0.010881664231419563,4.0,43.09264466278842,114.19957733154297,-0.65,5.75,7.92,0.02,13.73,0,-0.02,0.01,0,14.9,7.45,14.7,99.61,25,20.03,13.23,1008.98,14.5,657.3,1,366.02,-,654.93,8995,0,65,-,40.78,33.73,767.5,99.61,0.18,1.5,25.03,80,-3.91,-2.34,-1.56,-,0.13,4,43.09,114.2,-5.82,-35.22,27,0.04,-,33,0,12.59,7.94,4.11,0,35.58,0.09,0.7,55.15,0,44.85,1227.53,3.92,292,0.04,0,14.12,0,-,8.81,11.35,24.88,0.7,1234.2,177.28,119.42,57.87,-9.43,14.14,14.7,33
Mon Mar 13 08:14:39 GMT-03:00 2023,13-Mar-2023 08:14:40.394,-35.216636779065254,-5.822728364020492,0.010452309623360634,4.0,43.050209985019194,114.19816589355469,-0.5,5.77,7.76,0.01,13.73,-0.01,-0.01,0.01,0,14.9,7.45,14.7,99.61,25,20.03,13.12,1009.03,14.5,658.5,1,366.02,-,658.14,8995,0,65,-,40.78,33.33,781.5,99.61,0.18,1.51,25.16,80.39,-3.91,-2.34,-1.56,-,0.13,4,43.05,114.2,-5.82,-35.22,26,0.04,-,33,0,12.59,7.94,4.13,0,35.58,0.09,0.7,54.85,0,45.15,1227.53,3.92,293,0.04,0,14.12,0,-,8.8,11.36,24.87,0.7,1234.2,178.24,119.42,58.83,-9.34,14.14,14.9,34
Mon Mar 13 08:14:40 GMT-03:00 2023,13-Mar-2023 08:14:41.391,-35.216636779065254,-5.822728364020492,0.0061397673562169075,4.0,43.008857053636135,114.1937255859375,-0.5,5.81,7.73,0.01,13.73,0,-0.01,0.01,0,14.9,7.45,14.7,99.61,25,20.03,13.12,1009,14.5,659.8,1,366.02,-,658.14,8995,0,65,-,40.39,33.33,781.5,99.61,0.18,1.51,25.16,80.39,-3.91,1.56,1.56,-,0.13,4,43.01,114.19,-5.82,-35.22,26,0.04,-,33,0,12.59,7.94,4.13,0,35.58,0.79,0.7,54.54,0,45.46,1227.53,3.92,293,0.02,0,14.12,0,-,8.8,11.36,24.87,0.7,1234.2,179.26,119.42,59.84,-9.34,14.36,14.8,34
Mon Mar 13 08:14:41 GMT-03:00 2023,13-Mar-2023 08:14:42.391,-35.216636779065254,-5.822728364020492,0.0054101841524243355,4.0,42.986745792738446,114.18954467773438,-0.38,5.74,7.89,0.02,13.73,0,0,0.01,0.01,14.9,7.45,14.7,99.61,25,20.03,13,1009.01,14.5,661,1,366.02,-,658.14,8995,0,65,-,40.39,33.33,788.5,99.61,0.18,1.51,25.16,80.39,-3.91,-2.34,-3.12,-,0.13,4,42.99,114.19,-5.82,-35.22,28,0.02,-,33,0,12.59,7.94,4.13,0,35.58,0.75,0.73,54.24,0,45.76,1227.53,3.92,294,0.02,0,14.12,0,-,8.8,11.36,24.86,0.7,1234.2,180.26,119.42,60.84,-9.44,14.4,14.4,34
Mon Mar 13 08:14:42 GMT-03:00 2023,13-Mar-2023 08:14:43.391,-35.216636779065254,-5.822728364020492,0.0,4.0,42.94576132011503,114.17892456054688,-0.62,5.75,7.89,0.02,13.73,0,-0.02,0.01,0,14.9,7.45,14.7,99.61,25,20.03,12.89,1009.02,14.5,661,1,366.02,-,654.93,8995,0,66,-,40.78,33.73,754.5,99.61,0.18,1.49,24.85,80,-3.91,0.78,-3.12,-,0.13,4,42.95,114.18,-5.82,-35.22,30,0.02,-,33,0,12.59,7.94,4.08,0,35.58,0.75,0.73,53.96,0,46.04,1227.53,3.92,296,0,0,14.12,-1,-,8.8,11.37,24.85,0.7,1234.2,181.2,119.42,61.78,-9.54,14.4,14.4,34
Mon Mar 13 08:14:43 GMT-03:00 2023,13-Mar-2023 08:14:44.392,-35.216636779065254,-5.822728364020492,0.0,4.0,42.944975346357396,114.17229461669922,-0.46,5.77,7.96,0.02,13.73,0,0,0.01,0.01,14.9,7.45,14.7,99.61,25,20.03,12.89,1009.01,14.5,662.5,1,366.02,-,654.93,8995,0,66,-,40.78,33.33,754.5,99.61,0.18,1.49,24.85,80,-3.91,0.78,1.56,-,0.13,4,42.94,114.17,-5.82,-35.22,28,0.02,-,33,0,12.59,7.94,4.08,0,35.58,0.12,0.75,53.65,0,46.35,1227.53,3.92,297,0,0,14.12,-1,-,8.8,11.37,24.85,0.7,1234.2,182.25,119.42,62.83,-9.54,14.36,14.8,34
Mon Mar 13 08:14:44 GMT-03:00 2023,13-Mar-2023 08:14:45.391,-35.216636779065254,-5.822728364020492,0.0,4.0,42.95125818335535,114.16300201416016,-0.43,5.86,7.87,0.02,13.73,0,-0.01,0.01,0.01,14.9,7.45,14.7,99.61,25,20.03,12.78,1008.99,14.5,663.6,1,366.02,-,654.93,8995,0,66,-,40.39,33.33,788.5,99.61,0.18,1.53,25.52,80,-3.91,3.12,3.12,-,0.13,4,42.95,114.16,-5.82,-35.22,27,0,-,33,0,12.59,7.94,4.19,0,35.58,0.81,0.75,53.35,0,46.65,1227.53,3.92,297,0,0,14.12,0,-,8.79,11.37,24.84,0.7,1234.2,183.26,119.42,63.84,-9.18,14.36,14.8,34
Mon Mar 13 08:14:45 GMT-03:00 2023,13-Mar-2023 08:14:46.391,-35.216636779065254,-5.822728364020492,4.095591721124947E-4,4.0,42.942216611432876,114.15709686279297,-0.55,5.75,7.93,0.02,13.73,0,-0.01,0.01,0.01,14.9,7.45,14.7,99.61,25,20.03,12.67,1009.01,14.5,663.6,1,366.02,-,654.93,8995,0,66,-,40.78,33.73,781.5,99.61,0.18,1.48,24.67,80,-3.91,-3.12,3.12,-,0.13,4,42.94,114.16,-5.82,-35.22,30,0,-,33,0,12.59,7.94,4.05,0,35.58,0.81,0.75,53.06,0,46.94,1227.53,3.92,299,0,0,14.12,0,-,8.79,11.38,24.83,0.7,1234.2,184.29,119.42,64.87,-9.58,14.34,14.8,34
Mon Mar 13 08:14:46 GMT-03:00 2023,13-Mar-2023 08:14:47.391,-35.216636779065254,-5.822728364020492,0.0069866240955889225,4.0,42.93266432925442,114.1512680053711,-0.53,5.68,7.77,0,13.73,-0.01,-0.01,0.01,0,14.9,7.45,14.7,99.61,25,20.03,12.67,1008.99,14.5,665.1,1,366.02,-,654.93,8995,0,66,-,40.78,33.73,781.5,99.61,0.18,1.47,24.49,80,-3.91,-3.12,-1.56,-,0.14,4,42.93,114.15,-5.82,-35.22,29,0,-,33,0,12.59,7.94,4.02,0,35.58,0.41,0.77,52.77,0,47.23,1227.53,3.92,300,0.03,0,14.12,0,-,8.79,11.38,24.82,0.7,1234.2,185.27,119.42,65.86,-9.57,14.34,14.8,34
Mon Mar 13 08:14:47 GMT-03:00 2023,13-Mar-2023 08:14:48.393,-35.216636779065254,-5.822728364020492,0.006804232951253653,4.0,42.93955581999627,114.14654541015625,-0.55,5.65,7.74,-0,13.73,-0.02,-0.01,0,0,14.9,7.45,14.7,99.61,25,20.03,12.56,1009,14.5,666.2,1,366.02,-,654.93,8995,0,66,-,40.39,33.73,762.5,99.61,0.18,1.47,24.49,80,-3.91,2.34,3.12,-,0.14,4,42.94,114.15,-5.82,-35.22,28,0.03,-,33,0,12.59,7.94,4.02,0,35.58,0.16,0.79,52.49,0,47.51,1227.53,3.92,300,0.02,0,14.12,0,-,8.79,11.38,24.82,0.7,1234.2,186.26,119.42,66.84,-9.57,14.26,14.8,34
Mon Mar 13 08:14:48 GMT-03:00 2023,13-Mar-2023 08:14:49.395,-35.216636779065254,-5.822728364020492,0.010609501041471958,4.0,42.91943553815243,114.15037536621094,-0.61,5.72,7.83,0.01,13.73,-0.01,-0.02,0,0,14.9,7.45,14.7,99.61,25,20.03,12.45,1008.98,14.5,666.2,1,366.02,-,658.14,8995,0,66,-,40.39,33.33,781.5,99.61,0.18,1.51,25.16,80.39,-3.91,3.91,3.91,-,0.14,4,42.92,114.15,-5.82,-35.22,28,0.02,-,33,0,12.59,7.94,4.13,0,35.58,0.82,0.81,52.24,0,47.76,1227.53,3.92,302,0.04,0,14.12,-1,-,8.78,11.39,24.81,0.7,1234.2,187.16,119.42,67.74,-9.31,14.44,14.8,34
Mon Mar 13 08:14:49 GMT-03:00 2023,13-Mar-2023 08:14:50.393,-35.216636779065254,-5.822728364020492,0.012736431322991848,6.0,42.92653678395894,114.14608764648438,-0.46,5.7,7.8,0.01,13.73,-0.01,0,0.01,0,14.9,7.45,14.7,99.61,25,20.03,12.35,1009.01,14.5,667.5,1,366.02,-,658.14,8995,0,66,-,40.78,33.73,781.5,99.61,0.18,1.51,25.16,80.39,-3.91,-2.34,3.91,-,0.14,6,42.93,114.15,-5.82,-35.22,31,0.04,-,33,0,12.59,7.94,4.13,0,35.58,0.82,0.81,51.95,0,48.05,1227.53,3.92,303,0.05,0,14.12,0,-,8.78,11.39,24.8,0.7,1234.2,188.22,119.42,68.8,-9.44,14.44,14.8,34
Mon Mar 13 08:14:50 GMT-03:00 2023,13-Mar-2023 08:14:51.392,-35.216636779065254,-5.822728364020492,0.010014895349740982,6.0,42.92911262513203,114.12406158447266,-0.56,5.67,7.86,0.01,13.73,0,-0.02,0.01,0.01,14.9,7.45,14.7,99.61,25,20.03,12.35,1008.99,14.5,668.5,1,366.02,-,658.14,8995,0,66,-,40.78,33.73,781.5,99.61,0.18,1.51,25.16,80,-3.91,-2.34,-3.12,-,0.14,6,42.93,114.12,-5.82,-35.22,31,0.04,-,33,0,12.59,7.94,4.13,0,35.58,0.68,0.81,51.67,0,48.33,1227.53,3.92,304,0.04,0,14.12,0,-,8.78,11.39,24.8,0.7,1234.2,189.24,119.42,69.82,-9.44,14.3,14.8,34
Mon Mar 13 08:14:51 GMT-03:00 2023,13-Mar-2023 08:14:52.392,-35.216636779065254,-5.822728364020492,0.01164318434894085,4.0,42.94461361362953,114.11880493164062,-0.67,5.7,7.87,0.01,13.73,0,-0.02,0.01,0,14.9,7.45,14.7,99.61,25,20.03,12.25,1009.01,14.5,669.7,1,366.02,-,654.93,8995,0,66,-,40.39,33.73,772.5,99.61,0.18,1.48,24.67,80,-3.91,1.56,2.34,-,0.14,4,42.94,114.12,-5.82,-35.22,30,0.04,-,33,0,12.59,7.94,4.05,0,35.58,0.17,0.84,51.4,0,48.6,1227.53,3.92,304,0.04,0,14.12,0.5,-,8.77,11.4,24.79,0.7,1234.2,190.29,119.42,70.87,-9.53,14.3,14.6,34
Mon Mar 13 08:14:52 GMT-03:00 2023,13-Mar-2023 08:14:53.391,-35.216636779065254,-5.822728364020492,0.007461522240191698,4.0,42.95003151091357,114.10814666748047,-0.48,5.8,7.74,0.01,13.73,0,-0.01,0.01,0,14.9,7.45,14.7,99.61,25,20.03,12.15,1008.98,14.5,669.7,1,366.02,-,654.93,8995,0,66,-,36.47,33.73,720,99.61,0.19,1.23,20.47,80,-3.91,3.12,2.34,-,0.14,4,42.95,114.11,-5.82,-35.22,31,0.03,-,33,0,12.59,7.94,3.36,0,35.58,0.17,0.84,51.13,0,48.87,1227.53,3.92,306,0.03,0,14.12,0.5,-,8.77,11.4,24.78,0.7,1234.2,191.24,119.42,71.82,-10.33,14.3,14.6,32
Mon Mar 13 08:14:53 GMT-03:00 2023,13-Mar-2023 08:14:54.393,-35.216636779065254,-5.822728364020492,0.012061896733939648,4.0,42.968942166505634,114.09904479980469,-0.62,5.74,7.89,0.02,13.33,0,-0.02,0.01,0.01,14.9,7.45,14.7,99.61,25,20.03,12.15,1009.01,14.5,670.8,1,366.02,-,654.93,8995,0,66,-,36.47,26.67,720,99.61,0.19,1.23,20.47,80,-3.91,3.12,0.78,-,0.14,4,42.97,114.1,-5.82,-35.22,31,0.03,-,33,0,12.59,7.94,3.36,0,35.58,0.86,0.82,50.86,0,49.14,1227.53,3.14,307,0.04,0,13.33,-5.5,-,8.77,11.4,24.78,0.7,1234.2,192.25,119.42,72.83,-10.33,14.2,14.7,32
Mon Mar 13 08:14:54 GMT-03:00 2023,13-Mar-2023 08:14:55.393,-35.216636779065254,-5.822728364020492,0.009920530952513218,4.0,42.94102472953961,114.09568786621094,-0.48,5.75,7.86,0.01,13.33,0,-0.01,0,0.01,14.9,7.45,14.7,99.61,25,20.03,12.05,1009.01,14.5,671.6,1,366.02,-,651.72,8995,0,66,-,32.16,26.67,772.5,99.61,0.19,1.18,19.61,79.61,-3.91,-2.34,-3.12,-,0.14,4,42.94,114.1,-5.82,-35.22,31,0.04,-,33,0,12.59,7.94,3.22,0,35.58,0.82,0.89,50.59,0,49.41,1227.53,3.14,307,0.04,0,13.33,1.5,-,8.77,11.41,24.77,0.7,1234.2,193.25,119.42,73.84,-10.22,14.3,14.1,32
Mon Mar 13 08:14:55 GMT-03:00 2023,13-Mar-2023 08:14:56.391,-35.216636779065254,-5.822728364020492,0.008623842149972916,6.0,42.921435309881666,114.08695983886719,-0.49,5.74,7.83,0.01,13.33,0,-0.01,0.01,0,14.9,7.45,14.7,99.61,25,20.03,11.95,1008.98,14.5,671.6,1,366.02,-,651.72,8995,0,66,-,32.55,26.67,765,99.61,0.19,1.17,19.43,79.61,-3.91,-3.91,-3.12,-,0.14,6,42.92,114.09,-5.82,-35.22,31,0.04,-,33,0,12.59,7.94,3.19,0,35.58,0.09,0.87,50.33,0,49.67,1227.53,3.14,309,0.03,0,13.33,3.5,-,8.76,11.41,24.76,0.7,1234.2,194.27,119.42,74.85,-10.54,14.2,14.1,30
Mon Mar 13 08:14:56 GMT-03:00 2023,13-Mar-2023 08:14:57.390,-35.216636779065254,-5.822728364020492,0.008131430484354496,4.0,42.90591150067156,114.0827407836914,-0.6,5.71,7.9,0.02,13.33,0,-0.02,0.01,0,14.9,7.45,14.7,99.61,25,20.03,11.86,1009.06,14.5,672.2,1,366.02,-,651.72,8995,0,66,-,31.37,26.67,769.5,99.61,0.19,1.07,17.91,79.61,-3.91,-3.91,-3.12,-,0.14,4,42.91,114.08,-5.82,-35.22,30,0.03,-,33,0,12.59,7.94,2.94,0,35.58,0.09,0.87,50.07,0,49.93,1227.53,3.14,310,0.03,0,13.33,3.5,-,8.76,11.41,24.75,0.7,1234.2,195.27,119.42,75.85,-10.82,14.2,14.6,29
Mon Mar 13 08:14:57 GMT-03:00 2023,13-Mar-2023 08:14:58.391,-35.216636779065254,-5.822728364020492,0.009141356684267521,4.0,42.91198189241325,114.07505798339844,-0.57,5.72,7.81,0.01,13.33,-0.01,-0.01,0.01,0,14.9,7.45,14.7,99.61,25,20.03,11.86,1009.02,14.5,672.9,1,366.02,-,651.72,8995,0,66,-,31.37,26.27,769.5,99.61,0.19,1.07,17.91,79.61,-3.91,0,0.78,-,0.14,4,42.91,114.08,-5.82,-35.22,30,0.03,-,33,0,12.59,7.94,2.94,0,35.58,0.12,0.85,49.82,0,50.18,1227.53,3.14,310,0.03,0,13.33,3.5,-,8.76,11.41,24.75,0.7,1234.2,196.25,119.42,76.83,-10.82,14.3,14.6,29
Mon Mar 13 08:14:58 GMT-03:00 2023,13-Mar-2023 08:14:59.392,-35.216636779065254,-5.822728364020492,0.007727174088358879,4.0,42.92725667111552,114.07284545898438,-0.41,5.78,7.91,0.02,13.33,0,0,0.01,0.01,14.9,7.45,14.7,99.61,25,20.03,11.76,1009.03,14.5,673.4,1,366.02,-,651.72,8995,0,66,-,33.73,26.27,768.5,99.61,0.19,1.32,21.99,79.61,-3.91,2.34,2.34,-,0.14,4,42.93,114.07,-5.82,-35.22,27,0.03,-,33,0,12.59,7.94,3.61,0,35.58,0.68,0.83,49.56,0,50.44,1227.53,3.14,311,0.03,0,13.73,-4,-,8.76,11.42,24.74,0.7,1234.2,197.26,119.42,77.85,-10.01,14.26,14.7,29
Mon Mar 13 08:14:59 GMT-03:00 2023,13-Mar-2023 08:15:00.392,-35.216636779065254,-5.822728364020492,0.013640339486300945,4.0,42.91996650693711,114.07442474365234,-0.46,5.79,7.96,0.02,13.73,0,0,0.01,0.01,14.9,7.45,14.7,99.61,25,20.03,11.67,1009.02,14.5,673.4,1,366.02,-,651.72,8995,0,66,-,40.78,32.55,771,99.61,0.19,1.53,25.52,79.61,-3.91,3.12,2.34,-,0.14,4,42.92,114.07,-5.82,-35.22,30,0.03,-,33,0,12.59,7.94,4.19,0,35.58,0.68,0.83,49.35,0,50.65,1227.53,3.92,313,0.05,0,13.73,-1,-,8.75,11.42,24.73,0.7,1234.2,198.14,119.42,78.72,-9.28,14.26,14.7,31
Mon Mar 13 08:15:00 GMT-03:00 2023,13-Mar-2023 08:15:01.391,-35.216636779065254,-5.822728364020492,0.01225348562002182,4.0,42.93422206690576,114.0711441040039,-0.5,5.76,7.93,0.02,13.73,0,-0.01,0,0.01,14.9,7.45,14.7,99.61,25,20.03,11.67,1009,14.5,674.2,1,366.02,-,651.72,8995,0,66,-,40.78,33.73,771,99.61,0.19,1.53,25.52,79.61,-3.91,3.12,3.91,-,0.14,4,42.93,114.07,-5.82,-35.22,29,0.03,-,33,0,12.59,7.94,4.19,0,35.58,0.09,0.81,49.09,0,50.91,1227.53,3.92,314,0.04,0,14.51,-1,-,8.75,11.42,24.73,0.7,1234.2,199.18,119.42,79.76,-9.28,13.76,14.7,31
Mon Mar 13 08:15:01 GMT-03:00 2023,13-Mar-2023 08:15:02.391,-35.216636779065254,-5.822728364020492,0.015696946531534195,4.0,42.94062963952327,114.07463836669922,-0.55,5.77,7.71,0,14.12,-0.01,-0.01,0.01,0,14.9,7.45,14.7,99.61,25,20.03,11.58,1009.01,14.5,674.9,1,366.02,-,651.72,8995,0,66,-,40.39,33.73,793.5,99.61,0.19,1.5,25.03,79.61,-3.91,5.47,5.47,-,0.14,4,42.94,114.07,-5.82,-35.22,29,0.04,-,33,0,12.59,7.94,4.11,0,35.58,0.82,0.81,48.84,0,51.16,1227.53,3.92,314,0.06,0,14.51,0,-,8.75,11.43,24.72,0.7,1234.2,200.2,119.42,80.78,-9.39,14.16,14.8,32
Mon Mar 13 08:15:02 GMT-03:00 2023,13-Mar-2023 08:15:03.392,-35.216636779065254,-5.822728364020492,0.017079418525099754,4.0,42.93715752465711,114.06604766845703,-0.53,6,7.59,0.01,14.12,-0.01,0,0.03,-0.02,14.9,7.45,14.7,99.61,25,20.03,11.49,1009.02,14.5,674.9,1,366.02,-,651.72,8995,0,66,-,40.78,33.73,798.5,99.61,0.19,1.54,25.7,79.61,-3.91,0.78,0,-,0.14,4,42.94,114.07,-5.82,-35.22,29,0.06,-,33,0,12.59,7.94,4.22,0,35.58,0.82,0.8,48.6,0,51.4,1227.53,3.92,316,0.06,0,14.12,-1,-,8.75,11.43,24.71,0.7,1234.2,201.18,119.42,81.76,-9.4,14.28,14.8,32
Mon Mar 13 08:15:03 GMT-03:00 2023,13-Mar-2023 08:15:04.391,-35.21663472618579,-5.822729701234644,0.2855742871761322,4.0,42.97283266534854,113.95795440673828,-0.34,7.06,6.8,0.02,17.25,0,0,0.14,-0.1,28.63,14.9,14.7,99.61,25,19.8,11.42,1009.01,14.5,675.6,1,366.02,-,651.72,8995,0,66,0.7,61.96,47.06,1457,99.61,0.19,4.75,79.12,79.61,-3.91,4.69,0,-,0.14,4,42.97,113.96,-5.82,-35.22,29,1.97,0.94,33,0,12.59,7.94,12.99,0,35.58,0.82,0.8,48.34,0,51.66,1227.53,7.06,317,1.03,3,14.12,-1,4.6,8.74,11.44,24.7,0.7,1234.2,202.26,119.57,82.69,1.09,14.28,14.7,51
Mon Mar 13 08:15:04 GMT-03:00 2023,13-Mar-2023 08:15:05.392,-35.21662005029166,-5.8227360525439185,1.6573151350021362,4.0,42.978140659413874,113.3163833618164,-0.44,7.37,6.77,0.04,21.57,0,0,0.12,-0.07,31.37,15.69,14.7,99.61,25,19.8,11.42,1008.98,14.5,675.6,1,366.02,-,651.72,8995,0,66,0.7,61.96,55.69,1457,99.61,0.19,4.75,79.12,78.43,-3.91,4.69,7.03,-,0.14,4,42.98,113.32,-5.82,-35.22,28,1.97,0.94,33,0,12.59,7.94,12.99,0,35.58,0.28,0.81,48.1,0,51.9,1227.53,11.76,318,5.97,3,21.57,19.5,4.6,8.74,11.44,24.7,0.7,1234.2,203.26,120.57,82.69,1.09,14.3,14.7,51
Mon Mar 13 08:15:05 GMT-03:00 2023,13-Mar-2023 08:15:06.392,-35.216592117924165,-5.822748611829046,3.2935938835144043,4.0,43.06288244729394,112.74422454833984,-0.25,6.58,7.28,0.02,17.65,0,0.01,0.1,-0.05,14.9,15.69,14.7,99.61,25,19.68,11.42,1008.98,14.5,673.4,1,366.02,-,642.09,8995,0,66,6.85,57.25,55.69,1861,99.61,0.2,5.15,85.76,78.43,-3.91,-3.91,-5.47,-,0.14,4,43.06,112.74,-5.82,-35.22,26,5.03,9.18,33,0.58,12.59,7.94,14.08,1.65,35.58,0.78,0.88,48.26,0,51.74,1238.66,7.45,318,11.86,11,20.39,21.5,35.14,8.68,11.52,24.52,0.7,1234.21,204.27,121.58,82.69,-5.24,14.2,14.8,54
Mon Mar 13 08:15:06 GMT-03:00 2023,13-Mar-2023 08:15:07.391,-35.216554171746736,-5.822768505418471,4.314626693725586,4.0,42.85048574417826,119.27067565917969,1.71,5.16,7.97,0,17.65,0.03,0.24,-0.07,0.09,14.9,7.45,14.7,99.61,25,19.64,11.45,1008.97,14.5,673.4,1,366.02,-,638.87,8995,0,66,6.65,27.84,35.29,1658,99.61,0.2,2.12,35.33,78.04,-3.91,-12.5,-14.06,-,0.15,4,42.85,119.27,-5.82,-35.22,27,4.14,8.92,33,5.19,12.59,7.94,5.8,14.66,35.58,0.75,0.9,48.5,0,51.5,1253,7.45,320,15.53,16,14.51,0,38.32,8.65,11.56,24.44,0.7,1234.21,205.24,122.55,82.69,-11.52,14.28,14.8,45
Mon Mar 13 08:15:07 GMT-03:00 2023,13-Mar-2023 08:15:08.392,-35.21651795663602,-5.822789468885688,4.472442150115967,4.0,42.78419273043191,143.43605041503906,1.19,5.64,7.77,0.01,17.25,-0.01,0.16,0,0,25.88,13.33,14.7,99.61,25,19.59,11.49,1009.01,14.5,672,1,371.8,620.47,642.08,8995,0,66,6.65,46.67,32.55,1707.5,99.61,0.2,3.75,62.56,78.43,-3.91,-7.03,-14.06,-,0.15,4,42.78,143.44,-5.82,-35.22,25,0.1,8.92,33,4.26,12.59,7.94,10.27,12.04,35.58,0.75,0.9,48.75,0,51.25,1222.28,3.53,321,16.1,16,14.51,0,38.32,8.62,11.6,24.35,0.72,1234.23,206.25,123.56,82.69,-8.56,14.28,14.7,44
Mon Mar 13 08:15:08 GMT-03:00 2023,13-Mar-2023 08:15:09.391,-35.216491031190756,-5.822830095604719,5.300290584564209,4.0,42.62902627129583,173.24627685546875,1.6,6.51,7.45,0.04,19.61,-0.04,0.19,0.05,-0.09,29.41,15.29,14.7,99.61,25,19.59,11.49,1008.98,14.5,669.9,1,371.8,620.47,642.08,8995,0,66,6.65,46.67,52.55,1707.5,99.61,0.2,3.75,62.56,78.43,-3.91,-7.03,-5.47,-,0.15,4,42.63,173.25,-5.82,-35.22,26,0.1,8.92,33,4.26,12.59,7.94,10.27,12.04,35.58,0.05,0.68,49,0,51,1222.28,9.8,322,19.08,16,20,22.5,38.32,8.62,11.6,24.35,0.72,1234.23,207.26,124.57,82.69,-8.56,14.22,14.7,44
Mon Mar 13 08:15:09 GMT-03:00 2023,13-Mar-2023 08:15:10.391,-35.21648785364726,-5.822895134420958,6.789965629577637,4.0,42.78882377176654,197.33984375,1.24,6.67,7.01,0.01,19.61,0,0.16,0.1,-0.08,29.41,15.29,14.7,99.61,25,19.59,11.55,1008.97,14.5,666.2,1,386.2,1019.82,638.86,8995,0,66,6.52,61.57,52.55,2117,99.61,0.2,6.17,102.82,78.04,-3.91,-3.91,-3.12,-,0.15,4,42.79,197.34,-5.82,-35.22,22,0.92,8.74,33,2.59,12.59,7.94,16.88,7.33,35.58,0.32,0.16,49.25,0,50.75,1250.35,9.8,322,24.44,20,22.35,21.5,29.4,8.57,11.66,24.22,0.72,1234.23,208.26,125.57,82.69,-5.03,14.3,14.7,49
Mon Mar 13 08:15:10 GMT-03:00 2023,13-Mar-2023 08:15:11.391,-35.21651971058153,-5.8229681019734105,8.418081283569336,4.0,43.375306885043926,204.58468627929688,-0.56,5.49,5.87,-0.16,22.75,0.03,0.09,0.04,0.02,30.59,15.69,14.7,99.61,25,19.71,11.68,1009.01,14.5,666.2,1,395.46,811.99,632.44,8995,0,66,16.81,60.78,57.25,2042,99.61,0.21,6.14,102.33,77.25,-3.91,0,-3.12,-,0.15,4,43.38,204.58,-5.82,-35.22,23,1.31,22.55,33,3.26,12.59,7.94,16.8,9.2,35.58,0.32,0.16,49.49,0,50.51,1256.22,12.55,324,30.31,29,22.35,21.5,78.62,8.53,11.72,24.11,0.74,1234.25,209.25,126.56,82.69,-6.89,14.3,14.7,50
Mon Mar 13 08:15:11 GMT-03:00 2023,13-Mar-2023 08:15:12.391,-35.21655840410993,-5.823049973633649,9.703641891479492,4.0,43.33038962270949,205.10353088378906,0.3,5.66,8.95,0.1,18.82,0.08,0.07,0,0.11,25.88,13.33,14.7,99.61,25,19.71,11.68,1009.02,14.5,663.6,1,395.46,811.99,632.44,8995,0,66,16.81,60.78,44.31,2042,99.61,0.21,6.14,102.33,77.25,-3.91,0,-1.56,-,0.15,4,43.33,205.1,-5.82,-35.22,22,1.31,22.55,33,3.26,12.59,7.94,16.8,9.2,35.58,0.86,0.22,49.73,0,50.27,1256.22,9.02,325,34.93,29,19.61,21.5,78.62,8.53,11.72,24.11,0.74,1234.25,210.25,127.56,82.69,-6.89,14.22,14.7,50
Mon Mar 13 08:15:12 GMT-03:00 2023,13-Mar-2023 08:15:13.391,-35.21660091857192,-5.8231402758127295,10.723010063171387,4.0,43.147216599414584,203.52865600585938,0.71,6.09,8.97,0.13,19.22,-0.01,-0.03,0.03,-0.01,25.88,13.33,14.7,99.61,25,19.89,11.85,1009.05,14.5,661.7,1,395.75,408.99,629.23,8995,0,66,13.86,54.51,44.31,1819.5,99.61,0.21,4.48,74.74,76.86,-3.91,-4.69,-2.34,-,0.15,4,43.15,203.53,-5.82,-35.22,25,0.93,18.59,33,6.47,12.59,7.94,12.27,18.27,35.58,0.29,0.81,49.97,0,50.03,1302.65,9.41,325,38.6,34,19.61,21,72.74,8.52,11.74,24.06,0.76,1234.27,211.26,128.57,82.69,-8.74,14.2,14.3,47
Mon Mar 13 08:15:13 GMT-03:00 2023,13-Mar-2023 08:15:14.392,-35.21664239559016,-5.823242219982736,11.637279510498047,6.0,43.13844097879,200.9425506591797,-1.13,5.47,8.18,0.03,19.22,0,-0.07,-0.01,0.03,25.49,13.33,14.7,99.61,25,20.12,12.04,1009.1,14.5,661.7,1,394.87,353.68,629.22,8995,0,66,15.39,55.29,48.24,1747,99.61,0.21,4.55,75.77,76.86,-3.91,-4.69,-3.12,-,0.16,6,43.14,200.94,-5.82,-35.22,25,0.4,20.63,33,7.48,12.59,7.94,12.44,21.13,35.58,0.14,0.79,50.21,0,49.79,1318,9.41,327,41.89,39,19.61,21,84.11,8.51,11.75,24.04,0.76,1234.27,212.26,129.57,82.69,-7.95,14.26,14.3,46
Mon Mar 13 08:15:14 GMT-03:00 2023,13-Mar-2023 08:15:15.391,-35.21667323245014,-5.823334695624371,11.357267379760742,6.0,41.22476611421937,200.48524475097656,-0.84,5.92,7.19,-0.03,17.25,-0.12,0.1,-0.15,-0.02,20.39,10.59,14.7,99.61,25,20.37,12.25,1009.13,14.5,659.1,1,390.79,194.82,629.22,8995,0,66,6.72,38.04,39.61,1564.5,99.61,0.21,2.87,47.88,76.86,-3.91,-4.69,-3.12,-,0.16,6,41.22,200.49,-5.82,-35.22,25,0.11,9.01,33,13.58,12.59,7.94,7.86,38.35,35.58,0.14,0.79,50.43,0,49.57,1372.42,8.63,328,40.89,41,19.61,21,41.02,8.55,11.7,24.15,0.76,1234.27,213.22,130.53,82.69,-10.19,14.26,14.7,42
Mon Mar 13 08:15:15 GMT-03:00 2023,13-Mar-2023 08:15:16.392,-35.21671112027836,-5.823436841780521,11.991674423217773,6.0,40.55722340632346,201.16053771972656,-0.28,4.74,6.16,-0.19,18.43,-0.2,0.01,-0.08,-0.16,24.71,12.55,14.7,99.61,25,20.37,12.25,1009.25,14.5,657.5,1,390.79,194.82,629.22,8995,0,66,6.72,38.04,46.27,1564.5,99.61,0.21,2.87,47.88,76.86,-3.91,-10.16,-9.38,-,0.16,6,40.56,201.16,-5.82,-35.22,24,0.11,9.01,33,13.58,12.59,7.94,7.86,38.35,35.58,0.17,0.84,50.66,0,49.34,1372.42,8.63,328,43.17,41,19.22,22.5,41.02,8.55,11.7,24.15,0.8,1234.3,214.21,131.52,82.69,-10.19,14.3,14.8,42
Mon Mar 13 08:15:16 GMT-03:00 2023,13-Mar-2023 08:15:17.391,-35.216752583581034,-5.823542252178481,12.674958229064941,6.0,40.58240782656299,201.25930786132812,0.13,5.55,8.39,0.05,18.04,-0.04,0,0,-0.03,24.71,12.55,14.7,99.61,25,20.65,12.48,1009.27,14.5,655,1,388.4,271.61,629.22,8995,0,67,10.27,52.16,46.27,1681.5,99.61,0.21,4.21,70.17,76.86,-3.91,-1.56,0.78,-,0.16,6,40.58,201.26,-5.82,-35.22,21,0.83,13.78,33,9.74,12.59,7.94,11.52,27.51,35.58,0.07,0.37,50.9,0,49.1,1367.32,8.24,329,45.63,44,18.82,21,58.34,8.56,11.69,24.17,0.8,1234.3,215.28,132.59,82.69,-7.44,14.26,14.8,43
Mon Mar 13 08:15:17 GMT-03:00 2023,13-Mar-2023 08:15:18.391,-35.216794241925314,-5.823650015453273,13.02618408203125,4.0,40.03529745263107,201.30038452148438,-1.4,6.31,9.54,0.2,18.04,0.17,-0.1,0.07,0.17,24.31,12.16,14.7,99.22,25,20.96,12.73,1009.29,14.5,655,1,385.09,219.47,629.22,8995,0,67,11,50.59,45.49,1474.5,99.22,0.22,3.65,60.85,76.86,-3.91,-1.56,-3.12,-,0.16,4,40.04,201.3,-5.82,-35.22,25,1.37,14.75,33,12.05,12.59,7.94,9.99,34.04,35.58,0.75,0.37,51.13,0,48.87,1426.93,8.24,331,46.89,47,17.25,19.5,71.22,8.58,11.65,24.24,0.82,1234.33,216.27,133.58,82.69,-8.81,14.26,14.8,42
Mon Mar 13 08:15:18 GMT-03:00 2023,13-Mar-2023 08:15:19.391,-35.216840903817406,-5.823762917728939,13.582035064697266,4.0,40.09044015575599,201.11624145507812,-1.39,5.94,9.37,0.16,16.47,0.06,0.17,-0.02,0.1,22.35,11.37,14.7,99.22,24,21.29,12.99,1009.36,14.5,652.7,1,380.45,143.76,632.43,8995,0,67,8.24,38.82,35.29,1368.5,99.22,0.22,2.55,42.58,77.25,-3.91,-1.56,-3.12,-,0.16,4,40.09,201.12,-5.82,-35.22,24,0.1,11.06,33,18.4,12.59,7.94,6.99,51.97,35.58,0.75,0.14,51.36,0,48.64,1442.77,6.67,332,48.9,49,17.25,19.5,57.53,8.65,11.56,24.44,0.82,1234.33,217.28,134.59,82.69,-9.96,14.26,14.8,39
Mon Mar 13 08:15:19 GMT-03:00 2023,13-Mar-2023 08:15:20.391,-35.21688621268064,-5.823877213959934,13.74710750579834,4.0,39.968612656849615,201.0939483642578,0.06,5.59,7.5,-0.03,15.29,-0.04,0.04,0,-0.02,14.9,7.84,14.7,99.22,24,21.29,12.99,1009.39,14.5,651.3,1,380.45,143.76,632.43,8995,0,67,8.24,38.82,26.27,1368.5,99.22,0.22,2.55,42.58,77.25,-3.91,-0.78,-0.78,-,0.16,4,39.97,201.09,-5.82,-35.22,23,0.1,11.06,33,18.4,12.59,7.94,6.99,51.97,35.58,0.76,0.16,51.57,0,48.43,1442.77,5.49,332,49.49,49,16.08,21.5,57.53,8.65,11.56,24.44,0.85,1234.36,218.26,135.57,82.69,-9.96,14.22,14.6,39
Mon Mar 13 08:15:20 GMT-03:00 2023,13-Mar-2023 08:15:21.391,-35.216931141296335,-5.823997719406451,13.992110252380371,4.0,40.27831042176445,201.20703125,0.33,5.45,10.21,0.2,15.29,-0.08,-0.01,-0.08,-0.02,14.9,7.84,14.7,99.22,24,21.61,13.24,1009.47,14.5,650.5,1,374.5,65.1,632.43,8995,0,67,8.24,20.78,26.27,1314.5,99.22,0.22,1.21,20.1,77.25,-3.91,-3.91,-4.69,-,0.16,4,40.28,201.21,-5.82,-35.22,21,0.49,11.06,33,40.63,12.59,7.94,3.3,114.77,35.58,0.84,0.17,51.8,0,48.2,1396.25,5.49,333,50.37,49,13.33,-8.5,57.53,8.69,11.51,24.55,0.85,1234.36,219.27,136.58,82.69,-12.19,14.3,14.7,33
Mon Mar 13 08:15:21 GMT-03:00 2023,13-Mar-2023 08:15:22.391,-35.216975512002804,-5.82411281412335,13.584477424621582,4.0,40.04059570781968,201.1384735107422,-1.06,5.23,7.42,-0.05,13.33,-0.06,-0.06,-0.03,-0.03,14.9,7.45,14.7,99.22,24,21.91,13.48,1009.47,14.5,650.5,1,368.76,64.51,632.43,8995,0,67,8.24,19.22,15.69,1191.5,99.22,0.22,1.2,19.92,77.25,-3.91,0,-4.69,-,0.16,4,40.04,201.14,-5.82,-35.22,25,0.9,11.06,33,41,12.59,7.94,3.27,115.82,35.58,0.84,0.17,52.02,0,47.98,1351.46,3.14,335,48.9,48,13.33,-8.5,57.53,8.73,11.46,24.65,0.88,1234.38,220.28,137.59,82.69,-12.12,14.3,14.7,29
Mon Mar 13 08:15:22 GMT-03:00 2023,13-Mar-2023 08:15:23.391,-35.217019145531005,-5.824223494371085,13.216267585754395,4.0,39.71865839582012,201.2651824951172,0.31,5.1,8.1,-0,12.94,-0.05,0.04,-0.01,-0.02,14.9,7.45,29.4,99.22,24,21.91,13.48,1009.51,14.5,649.8,2,368.76,64.51,632.43,8995,0,67,8.24,19.22,16.08,1191.5,99.22,0.22,1.2,19.92,77.25,-3.91,0,0,-,0.16,4,39.72,201.27,-5.82,-35.22,22,0.9,11.06,33,41,12.59,7.94,3.27,115.82,35.58,0,0.01,52.23,0,47.77,1351.46,3.14,335,47.58,48,13.33,-13.5,57.53,8.73,11.46,24.65,0.88,1234.38,221.26,138.57,82.69,-12.12,14.28,14.8,29
Mon Mar 13 08:15:23 GMT-03:00 2023,13-Mar-2023 08:15:24.393,-35.2170619605147,-5.824332229346737,12.921019554138184,4.0,39.455152514807935,201.37413024902344,0.63,5.37,8.95,0.09,12.94,0.06,0.1,-0.02,0.11,14.9,7.45,29.4,99.22,24,22.17,13.7,1009.52,14.5,648.9,2,363.29,67.67,632.43,8995,0,68,-,18.82,16.08,1313,99.22,0.22,1.23,20.47,77.25,-3.91,0,0,-,0.16,4,39.46,201.37,-5.82,-35.22,24,2.58,-,33,39.09,12.59,7.94,3.36,110.42,35.58,0,0.01,52.45,0,47.55,1351.46,3.14,336,46.52,45,13.73,-12,-,8.76,11.41,24.76,0.9,1234.41,222.27,139.58,82.69,-11.8,14.3,14.7,26
Mon Mar 13 08:15:24 GMT-03:00 2023,13-Mar-2023 08:15:25.394,-35.217103912325626,-5.824437153364049,12.538748741149902,4.0,39.25084354381864,201.60000610351562,1.18,5.61,8.79,0.09,13.33,0.07,0.12,-0.13,0.18,14.9,7.45,29.4,99.22,24,22.17,13.7,1009.56,14.5,648.9,2,358.11,73.25,635.64,8995,0,68,-,18.82,16.08,1313,99.22,0.22,1.25,20.77,77.65,-3.91,0,0,-,0.16,4,39.25,201.6,-5.82,-35.22,23,2.58,-,33,36.11,12.59,7.94,3.41,102,35.58,0,0.01,52.63,0,47.37,1312.06,3.53,338,45.14,45,13.73,-12,-,8.8,11.36,24.86,0.9,1234.41,223.15,140.46,82.69,-12.01,14.3,14.7,24
Mon Mar 13 08:15:25 GMT-03:00 2023,13-Mar-2023 08:15:26.391,-35.217143842476226,-5.824534316998679,12.077138900756836,4.0,39.04172059247896,202.8168487548828,-1.01,4.97,7.88,-0.02,19.61,-0.04,-0.06,-0.06,0,14.9,7.45,27.45,99.22,24,22.4,13.9,1009.61,14.5,646.5,1.87,358.11,73.25,635.64,8995,0,68,-,18.82,16.08,1362.5,99.22,0.22,1.25,20.77,77.65,-3.91,0,0,-,0.16,4,39.04,202.82,-5.82,-35.22,23,2.14,-,33,36.11,12.59,7.94,3.41,102,35.58,0,0,52.87,0,47.13,1312.06,9.41,338,43.48,43,13.73,-11.5,-,8.8,11.36,24.86,0.93,1234.43,224.26,141.57,82.69,-12.01,14.3,14.7,24
Mon Mar 13 08:15:26 GMT-03:00 2023,13-Mar-2023 08:15:27.394,-35.2171876908869,-5.824631483873116,12.015267372131348,4.0,39.075861026533936,205.26292419433594,1.02,6.36,7.98,0.07,19.61,-0.46,0.05,-0.26,-0.35,26.27,13.73,27.45,99.22,24,22.64,14.11,1009.54,14.5,646.5,1.87,354.97,179.62,635.64,8995,0,68,3.02,48.24,51.37,1407.5,99.22,0.22,2.92,48.67,77.65,-3.91,0,0,-,0.16,4,39.08,205.26,-5.82,-35.22,27,0.52,4.05,33,14.73,12.59,7.94,7.99,41.6,35.58,0,0,53.08,0,46.92,1325.5,9.41,340,43.25,44,16.47,19.5,20.51,8.84,11.31,24.97,0.93,1234.43,225.29,142.6,82.69,-8.88,14.26,14.7,27
Mon Mar 13 08:15:27 GMT-03:00 2023,13-Mar-2023 08:15:28.393,-35.21723368715376,-5.824728856170276,12.164377212524414,4.0,38.83857589200094,205.8567657470703,-1.28,6.74,8.17,0.11,19.61,0.08,-0.09,0.11,0.03,26.67,13.73,13.56,99.22,24,22.64,14.11,1009.63,14.5,641.5,0.92,354.97,179.62,635.64,8995,0,68,3.02,48.24,54.9,1407.5,99.22,0.22,2.92,48.67,77.65,-3.91,0,0,-,0.16,4,38.84,205.86,-5.82,-35.22,27,0.52,4.05,33,14.73,12.59,7.94,7.99,41.6,35.58,0.85,0.1,53.27,0,46.73,1325.5,10.98,341,43.79,44,16.47,19.5,20.51,8.84,11.31,24.97,0.95,1234.46,226.2,143.51,82.69,-8.88,14.26,14.8,27
Mon Mar 13 08:15:28 GMT-03:00 2023,13-Mar-2023 08:15:29.393,-35.21727999893491,-5.824830128876893,12.442429542541504,4.0,38.81709486162557,203.53311157226562,-0.41,6.34,7.95,0.06,20,0.01,0.07,0.01,0.02,27.06,13.73,13.69,99.22,24,22.87,14.31,1009.6,14.5,633.6,0.93,353.65,278.13,635.65,8995,0,68,3.02,65.49,53.33,1473.5,99.22,0.22,4.63,77.11,77.65,-3.91,0,0,-,0.17,4,38.82,203.53,-5.82,-35.22,26,0.21,4.05,33,9.51,12.59,7.94,12.66,26.86,35.58,0.73,0.14,53.49,0,46.51,1292.17,10.2,341,44.79,44,20.39,17,20.51,8.85,11.3,24.99,0.95,1234.46,227.27,144.58,82.69,-5.88,14.3,14.6,35
Mon Mar 13 08:15:29 GMT-03:00 2023,13-Mar-2023 08:15:30.393,-35.217324518540146,-5.82493610920493,12.764626502990723,4.0,38.316956934227946,202.7121124267578,-0.29,5.86,7.71,0.01,20,-0.01,0.01,0.02,0,27.06,13.73,13.69,99.22,24,23.12,14.53,1009.6,14.5,633.6,0.93,352.56,289.12,635.64,8995,0,68,7.63,62.75,53.33,1578.5,99.22,0.23,4.81,80.16,77.65,-3.91,3.12,0.78,-,0.17,4,38.32,202.71,-5.82,-35.22,23,1.21,10.24,33,9.15,12.59,7.94,13.16,25.84,35.58,0.78,0.8,53.67,0,46.33,1340.97,10.2,343,45.95,46,19.61,18.5,46.18,8.85,11.3,24.99,0.98,1234.48,228.15,145.46,82.69,-5.94,14.24,14.7,41
Mon Mar 13 08:15:30 GMT-03:00 2023,13-Mar-2023 08:15:31.392,-35.21736831155408,-5.825047569945881,13.125920295715332,4.0,38.121657595100935,201.4104766845703,-0.72,5.47,8.56,0.06,17.65,-0.05,0.03,-0.05,0,14.9,7.45,14.7,99.22,24,23.37,14.74,1009.69,14.5,626.6,1,348.75,124.19,632.43,8995,0,68,3.67,30.59,43.53,1396,99.22,0.23,2.16,36,77.25,-3.91,-6.25,0.78,-,0.17,4,38.12,201.41,-5.83,-35.22,22,0.25,4.92,33,21.3,12.59,7.94,5.91,60.16,35.58,0.78,0.8,53.9,0,46.1,1354.86,7.84,344,47.25,47,19.61,18.5,25.09,8.93,11.19,25.23,0.98,1234.48,229.26,146.57,82.69,-10.91,14.24,14.7,37
Mon Mar 13 08:15:31 GMT-03:00 2023,13-Mar-2023 08:15:32.395,-35.21741237885938,-5.8251574808428614,13.005990028381348,4.0,38.116074684571124,200.481201171875,-0.29,5.83,9.29,0.14,12.94,0.11,0,0.02,0.15,14.9,7.45,14.7,99.22,24,23.37,14.74,1009.68,14.5,623.5,1,348.75,124.19,632.43,8995,0,68,3.67,30.59,15.69,1396,99.22,0.23,2.16,36,77.65,-3.91,-6.25,-7.81,-,0.17,4,38.12,200.48,-5.83,-35.22,22,0.25,4.92,33,21.3,12.59,7.94,5.91,60.16,35.58,0.86,0.89,54.1,0,45.9,1354.86,3.14,345,46.82,47,13.73,-7.5,25.09,8.93,11.19,25.23,1,1234.51,230.27,147.58,82.69,-10.91,14.16,14.7,37
Mon Mar 13 08:15:32 GMT-03:00 2023,13-Mar-2023 08:15:33.396,-35.21745593028703,-5.825266564935865,12.986743927001953,4.0,38.361638421026306,200.62644958496094,-0.16,5.79,8.31,0.05,18.82,0.05,-0.06,0.06,0.04,26.27,7.45,14.7,99.22,24,23.61,14.95,1009.67,14.5,621.9,1,344.15,67.87,635.65,8995,0,68,3.67,27.84,15.69,1314,99.22,0.23,1.21,20.1,77.65,-3.91,-7.03,-5.47,-,0.17,4,38.36,200.63,-5.83,-35.22,25,0.82,4.92,33,38.97,12.59,7.94,3.3,110.08,35.58,0.05,0.88,54.3,0,45.7,1318.95,9.02,345,46.75,46,20.78,18,25.09,8.97,11.15,25.33,1,1234.51,231.29,148.6,82.69,-12.24,14.28,14.7,31
Mon Mar 13 08:15:33 GMT-03:00 2023,13-Mar-2023 08:15:34.395,-35.21749811197291,-5.825376884003169,13.025747299194336,4.0,38.453110069049345,200.00071716308594,-0.64,5.66,8.43,0.06,18.82,0.03,-0.02,0,0.06,26.27,13.33,14.7,99.22,24,23.84,15.16,1009.62,14.5,621.9,1,342.53,243.97,635.65,8995,0,68,3.67,58.82,50.59,1496.5,99.22,0.23,4.24,70.72,77.65,-3.91,1.56,3.91,-,0.17,4,38.45,200,-5.83,-35.22,27,0.75,4.92,33,10.84,12.59,7.94,11.61,30.62,35.58,0.07,0.08,54.5,0,45.5,1318.95,9.02,347,46.89,46,19.22,18.5,25.09,8.98,11.14,25.36,1.03,1234.54,232.27,149.58,82.69,-6.03,14.22,14.7,38
Mon Mar 13 08:15:34 GMT-03:00 2023,13-Mar-2023 08:15:35.395,-35.21753976387527,-5.8254858336242865,13.09699821472168,4.0,38.237285763172146,202.39480590820312,-1.88,5.92,7.5,0.01,19.22,-0.15,0.08,-0.02,-0.15,27.06,13.73,14.7,99.22,24,24.08,15.37,1009.61,14.5,619.7,1,341.18,257.21,635.65,8995,0,68,3.64,58.43,49.8,1573,99.22,0.23,4.47,74.55,77.65,-3.91,1.56,3.91,-,0.17,4,38.24,202.39,-5.83,-35.22,24,0.15,4.89,33,10.28,12.59,7.94,12.24,29.05,35.58,0.07,0.08,54.69,0,45.31,1331.34,9.41,348,47.15,47,19.22,18.5,22.13,8.99,11.13,25.39,1.03,1234.54,233.26,150.57,82.69,-6.66,14.22,14.8,42
Mon Mar 13 08:15:35 GMT-03:00 2023,13-Mar-2023 08:15:36.394,-35.21758533764201,-5.825594156257718,13.120960235595703,4.0,38.04474120525796,202.60675048828125,-0.89,6.02,8.07,0.05,18.82,0.03,-0.05,0.04,0.02,25.88,13.33,14.7,99.61,24,24.08,15.37,1009.64,14.5,618.3,1,341.18,257.21,635.65,8995,0,68,3.64,58.43,48.63,1573,99.61,0.23,4.47,74.55,77.65,-3.91,3.12,1.56,-,0.17,4,38.04,202.61,-5.83,-35.22,24,0.15,4.89,33,10.28,12.59,7.94,12.24,29.05,35.58,0.57,0.14,54.89,0,45.11,1331.34,9.02,349,47.24,47,19.61,19.5,22.13,8.99,11.13,25.39,1.05,1234.56,234.28,151.59,82.69,-6.66,14.22,14.7,42
Mon Mar 13 08:15:36 GMT-03:00 2023,13-Mar-2023 08:15:37.395,-35.217630101674835,-5.82570474052697,13.027770042419434,4.0,38.23684256630868,201.17453002929688,-1.47,4.97,7.29,-0.07,18.82,0.08,-0.1,0.05,0.07,25.88,13.33,14.7,99.61,24,24.32,15.58,1009.59,14.5,617.6,1,339.19,214.1,635.65,8995,0,68,3.64,50.98,48.63,1516,99.61,0.23,3.8,63.41,77.65,-3.91,5.47,2.34,-,0.17,4,38.24,201.17,-5.83,-35.22,24,0.24,4.89,33,12.35,12.59,7.94,10.41,34.9,35.58,0.88,0.16,55.07,0,44.93,1298.38,4.31,349,46.9,47,16.86,-7,22.13,9.01,11.1,25.45,1.05,1234.56,235.25,152.56,82.69,-8.16,14.22,14.3,42
Mon Mar 13 08:15:37 GMT-03:00 2023,13-Mar-2023 08:15:38.393,-35.21767133921994,-5.825816988169644,12.997447967529297,4.0,38.321149082690475,200.34170532226562,0.84,5.72,8.36,0.06,14.12,0.03,0.12,0.01,0.05,14.9,7.45,14.7,99.61,24,24.53,15.77,1009.62,14.5,617.6,1,335.02,67.87,635.65,8995,0,68,3.64,18.82,19.22,1323,99.61,0.23,1.21,20.1,77.65,-3.91,-3.12,-3.91,-,0.17,4,38.32,200.34,-5.83,-35.22,27,1.9,4.89,33,38.97,12.59,7.94,3.3,110.08,35.58,0.85,0.16,55.27,0,44.73,1298.38,4.31,351,46.79,45,13.33,-12,22.13,9.04,11.06,25.54,1.08,1234.59,236.27,153.58,82.69,-12.42,14.24,14.3,35
Mon Mar 13 08:15:38 GMT-03:00 2023,13-Mar-2023 08:15:39.393,-35.21771305382412,-5.825921338017834,12.476028442382812,4.0,38.22973689594136,202.93206787109375,-0.27,4.69,8.03,-0.03,12.94,0.03,0.06,-0.04,0.1,14.9,7.45,14.7,99.61,24,24.71,15.94,1009.63,14.5,617.5,1,331,70.24,635.65,8995,0,68,-,19.22,15.69,1256.5,99.61,0.24,1.2,19.92,77.65,-3.91,-3.12,-3.91,-,0.17,4,38.23,202.93,-5.83,-35.22,27,1.91,-,33,37.65,12.59,7.94,3.27,106.37,35.58,0.85,0.86,55.46,0,44.54,1266.39,3.14,352,44.91,43,13.33,-12,-,9.07,11.02,25.63,1.08,1234.59,237.28,154.59,82.69,-12.13,14.24,14.7,30
Mon Mar 13 08:15:39 GMT-03:00 2023,13-Mar-2023 08:15:40.394,-35.21775889465957,-5.826018396852596,11.935568809509277,4.0,38.15385368546226,205.1624755859375,-1.32,5.12,8.52,0.04,14.12,0.02,-0.09,-0.04,0.07,14.9,7.45,14.47,99.61,24,24.71,15.94,1009.63,14.5,617.4,0.98,331,70.24,635.65,8995,0,68,-,19.22,23.14,1256.5,99.61,0.24,1.2,19.92,77.65,-3.91,0,0,-,0.17,4,38.15,205.16,-5.83,-35.22,23,1.91,-,33,37.65,12.59,7.94,3.27,106.37,35.58,0.05,0.88,55.64,0,44.36,1266.39,4.31,352,42.97,43,12.94,4.5,-,9.07,11.02,25.63,1.1,1234.61,238.26,155.57,82.69,-12.13,14.22,14.1,30
Mon Mar 13 08:15:40 GMT-03:00 2023,13-Mar-2023 08:15:41.395,-35.21779998855437,-5.8261091320245555,10.954533576965332,4.0,38.057853299040694,204.2014617919922,-0.44,2.95,8.78,-0.03,14.12,0.06,0.07,-0.03,0.12,14.9,7.45,13.29,99.61,24,24.85,16.09,1009.65,14.5,617.1,0.9,327.23,78.46,635.65,8995,0,68,-,27.84,23.14,954.5,99.61,0.24,1.28,21.26,77.65,-3.91,0,0,-,0.17,4,38.06,204.2,-5.83,-35.22,26,3.97,-,33,33.71,12.59,7.94,3.49,95.23,35.58,0.87,0.8,55.82,0,44.18,1238.34,3.14,353,39.44,39,13.73,4.5,-,9.23,10.83,26.09,1.1,1234.61,239.22,156.53,82.69,-11.84,14.26,14.7,27
Mon Mar 13 08:15:41 GMT-03:00 2023,13-Mar-2023 08:15:42.394,-35.21783385805633,-5.826189121576925,9.26534366607666,4.0,37.9313111570553,203.56944274902344,-0.48,5.07,8.83,0.06,13.33,0.03,0,-0.05,0.1,14.9,7.45,13.29,99.61,24,24.91,16.18,1009.7,14.5,617.1,0.9,323.69,86.5,638.87,8995,0,68,-,29.02,23.92,914,99.61,0.24,1.28,21.26,78.04,-3.91,0,0,-,0.18,4,37.93,203.57,-5.83,-35.22,26,8.44,-,33,30.58,12.59,7.94,3.49,86.37,35.58,0.87,0.77,56,0,44,1238.34,3.14,355,33.36,31,13.73,0.5,-,9.37,10.67,26.48,1.12,1234.63,240.24,157.55,82.69,-11,14.22,14.7,26
Mon Mar 13 08:15:42 GMT-03:00 2023,13-Mar-2023 08:15:43.392,-35.217861350108265,-5.826252209443011,7.422633171081543,4.0,37.737480107615994,202.01724243164062,-1.47,5.16,9.01,0.09,13.33,0.05,0.01,-0.11,0.15,14.9,7.45,13.35,99.61,24,24.91,16.24,1009.69,14.5,616.4,0.91,320.63,112.57,638.87,8995,0,69,-,28.63,23.53,942.5,99.61,0.24,1.32,21.99,78.04,-3.91,0,0,-,0.18,4,37.74,202.02,-5.83,-35.22,28,1.72,-,33,23.5,12.59,7.94,3.61,66.37,35.58,0.87,0.77,56.19,0,43.81,1215.48,3.53,356,26.72,25,13.73,0.5,-,9.46,10.57,26.74,1.12,1234.63,241.27,158.58,82.69,-10.72,14.22,14.7,26
Mon Mar 13 08:15:43 GMT-03:00 2023,13-Mar-2023 08:15:44.394,-35.217882478854875,-5.826313551571026,6.757256031036377,4.0,37.850634478012665,197.3035430908203,-0.92,3.85,8.33,-0.04,13.33,-0.05,-0.05,-0.17,0.05,14.9,7.45,13.68,99.61,24,24.91,16.24,1009.76,14.5,615.2,0.93,320.63,112.57,638.87,8995,0,69,-,28.63,24.31,942.5,99.61,0.24,1.32,21.99,78.43,-3.91,0,0,-,0.18,4,37.85,197.3,-5.83,-35.22,28,1.72,-,33,23.5,12.59,7.94,3.61,66.37,35.58,0.86,0.9,56.37,0,43.63,1215.48,3.53,356,24.33,25,13.73,3,-,9.46,10.57,26.74,1.12,1234.63,242.26,159.57,82.69,-10.72,14.2,14.8,26
Mon Mar 13 08:15:44 GMT-03:00 2023,13-Mar-2023 08:15:45.392,-35.21789476299759,-5.82635397975984,4.453427314758301,4.0,37.772184240250745,195.55287170410156,-0.38,2.74,9.74,0.05,13.33,0.04,0.04,-0.32,0.22,14.9,7.45,14.7,99.61,24,24.86,16.26,1009.71,14.5,613.7,1,318.05,139.58,642.09,8995,0,69,-,29.41,24.31,933.5,99.61,0.24,1.32,21.99,78.43,-3.91,0,0,-,0.18,4,37.77,195.55,-5.83,-35.22,28,5.33,-,33,18.95,12.59,7.94,3.61,53.53,35.58,0.83,0.9,56.56,0,43.44,1215.48,3.53,357,16.03,19,13.73,3.5,-,9.53,10.5,26.91,1.14,1234.65,243.29,160.6,82.69,-10.83,14.22,14.7,26
Mon Mar 13 08:15:45 GMT-03:00 2023,13-Mar-2023 08:15:46.395,-35.21789985726413,-5.826371770338283,1.8654825687408447,4.0,37.694442815332856,196.8897705078125,-0.76,3.66,9.49,0.06,13.33,0.04,-0.03,-0.19,0.17,14.9,7.45,14.7,99.61,24,24.69,16.2,1009.79,14.5,613.7,1,317.7,293.56,648.51,8995,0,69,-,47.45,25.1,813.5,99.61,0.24,2.11,35.15,79.22,-3.91,-0.78,0.78,-,0.18,4,37.69,196.89,-5.83,-35.22,30,9.03,-,33,9.01,12.59,7.94,5.77,25.45,35.58,0.06,0.9,56.73,0,43.27,1194.69,3.53,359,6.72,7,15.29,-6,-,9.52,10.5,26.9,1.14,1234.65,244.29,161.6,82.69,-8.58,14.2,14.7,29
Mon Mar 13 08:15:46 GMT-03:00 2023,13-Mar-2023 08:15:47.394,-35.21789985726413,-5.826371770338283,0.21486125886440277,4.0,37.59621970861453,197.19493103027344,-0.64,5.31,8.04,0.01,13.73,-0.02,-0.02,-0.03,0.01,14.9,7.45,14.7,99.61,24,24.69,16.1,1009.79,14.5,612.5,1,317.7,-,664.56,8995,0,69,-,47.45,32.55,749,99.61,0.24,1.11,18.58,81.18,-3.91,-0.78,0.78,-,0.18,4,37.6,197.19,-5.83,-35.22,28,0.77,-,33,6.28,12.59,7.94,3.05,17.74,35.58,0.06,0.87,56.89,0,43.11,1194.69,3.92,360,0.77,0,15.29,-6,-,9.5,10.52,26.84,1.14,1234.65,245.26,162.53,82.73,-10.91,14.2,14.1,28
Mon Mar 13 08:15:47 GMT-03:00 2023,13-Mar-2023 08:15:48.393,-35.21789985726413,-5.826371770338283,0.025565307587385178,4.0,37.21747159903869,197.18699645996094,-0.69,5.45,7.96,0.01,12.94,-0.01,-0.03,-0.01,0.01,14.9,7.45,14.7,99.61,24,24.69,16.1,1009.78,14.5,611.9,1,317.7,-,664.56,8995,0,69,-,32.94,25.88,749,99.61,0.24,1.11,18.58,81.18,-3.91,3.12,3.12,-,0.18,4,37.22,197.19,-5.83,-35.22,25,0.77,-,33,6.28,12.59,7.94,3.05,17.74,35.58,0.87,0.83,56.65,0,43.35,1194.69,3.14,361,0.09,0,13.33,2,-,9.5,10.52,26.84,1.14,1234.65,246.28,162.53,83.75,-10.91,14.28,14.7,28
Mon Mar 13 08:15:48 GMT-03:00 2023,13-Mar-2023 08:15:49.392,-35.21789985726413,-5.826371770338283,0.00888587161898613,4.0,37.11086394400634,197.17758178710938,-0.7,5.45,8.08,0.02,12.94,0,-0.03,-0.01,0.02,14.9,7.45,14.7,99.61,24,24.69,16,1009.8,14.5,611.9,1,317.7,-,664.56,8995,0,69,-,31.37,25.49,762,99.61,0.24,1.13,18.76,81.18,-3.91,-0.78,-1.56,-,0.18,4,37.11,197.18,-5.83,-35.22,26,0.09,-,33,0,12.59,7.94,3.08,0,35.58,0.82,0.89,56.43,0,43.57,1194.69,3.14,361,0.03,0,13.33,1.5,-,9.5,10.53,26.83,1.14,1234.65,247.27,162.53,84.74,-10.56,14.16,14.7,28
Mon Mar 13 08:15:49 GMT-03:00 2023,13-Mar-2023 08:15:50.393,-35.21789985726413,-5.826371770338283,0.024316199123859406,4.0,36.96503177082102,197.1587677001953,-0.59,5.45,8.07,0.02,12.94,0,-0.02,-0.01,0.02,14.9,7.45,14.7,99.61,24,24.69,15.9,1009.77,14.5,611.6,1,317.7,-,680.61,8995,0,69,-,31.37,25.49,744.5,99.61,0.24,1.14,18.94,83.14,-3.91,-3.91,-1.56,-,0.18,4,36.97,197.16,-5.83,-35.22,24,0.03,-,33,0,12.59,7.94,3.11,0,35.58,0.09,0.88,56.2,0,43.8,1194.69,3.14,362,0.09,0,13.33,2,-,9.5,10.53,26.82,1.14,1234.65,248.26,162.53,85.73,-10.59,14.22,14.7,27
Mon Mar 13 08:15:50 GMT-03:00 2023,13-Mar-2023 08:15:51.394,-35.21789985726413,-5.826371770338283,0.018501656129956245,4.0,36.9106396318386,197.16943359375,-0.77,5.48,8.07,0.02,12.94,0,-0.03,-0.01,0.02,14.9,7.45,14.7,99.61,24,24.69,15.8,1009.79,14.5,611.6,1,317.7,-,687.03,8995,0,69,-,31.37,26.27,764.5,99.61,0.24,1.14,18.94,83.92,-3.91,1.56,-1.56,-,0.18,4,36.91,197.17,-5.83,-35.22,26,0.09,-,33,0,12.59,7.94,3.11,0,35.58,0.09,0.88,55.98,0,44.02,1194.69,3.14,364,0.07,0,13.33,1.5,-,9.49,10.53,26.82,1.14,1234.65,249.26,162.53,86.73,-10.5,14.22,14.7,27
Mon Mar 13 08:15:51 GMT-03:00 2023,13-Mar-2023 08:15:52.393,-35.21789985726413,-5.826371770338283,0.01704978384077549,4.0,36.83752460262137,197.17149353027344,-0.75,5.44,8.11,0.02,13.73,0,-0.03,-0.01,0.03,14.9,7.45,14.7,99.61,24,24.69,15.8,1009.79,14.5,611.9,1,317.7,-,687.03,8995,0,69,-,31.37,28.24,785,99.61,0.24,1.26,20.95,83.92,-3.91,1.56,3.12,-,0.18,4,36.84,197.17,-5.83,-35.22,27,0.09,-,33,0,12.59,7.94,3.44,0,35.58,0.14,0.85,55.75,0,44.25,1194.69,3.92,365,0.06,0,13.33,1.5,-,9.49,10.54,26.81,1.14,1234.65,250.28,162.53,87.75,-10.19,14.26,14.7,28
Mon Mar 13 08:15:52 GMT-03:00 2023,13-Mar-2023 08:15:53.394,-35.21789985726413,-5.826371770338283,0.021247871220111847,4.0,36.79544503426583,197.17274475097656,-0.71,5.45,8.11,0.02,13.73,0,-0.03,-0.01,0.03,14.9,7.45,14.7,99.61,24,24.69,15.71,1009.79,14.5,612.3,1,317.7,-,687.03,8995,0,69,-,34.51,32.94,785,99.61,0.24,1.26,20.95,83.92,-3.91,3.91,3.91,-,0.18,4,36.8,197.17,-5.83,-35.22,28,0.06,-,33,0,12.59,7.94,3.44,0,35.58,0.79,0.83,55.53,0,44.47,1194.69,3.92,365,0.08,0,13.73,3.5,-,9.49,10.54,26.81,1.14,1234.65,251.26,162.53,88.72,-10.19,14.16,14.1,28
Mon Mar 13 08:15:53 GMT-03:00 2023,13-Mar-2023 08:15:54.394,-35.21789985726413,-5.826371770338283,0.02301863767206669,4.0,36.73504478649132,197.1722869873047,-0.7,5.52,8.13,0.02,13.73,0,-0.03,0,0.03,14.9,7.45,14.7,99.61,24,24.69,15.61,1009.79,14.5,613,1,317.7,-,680.61,8995,0,69,-,40,32.94,800,99.61,0.24,1.5,25.03,83.14,-3.91,6.25,6.25,-,0.18,4,36.74,197.17,-5.83,-35.22,26,0.08,-,33,0,12.59,7.94,4.11,0,35.58,0.75,0.81,55.33,0,44.67,1194.69,3.92,366,0.08,0,14.12,0,-,9.49,10.54,26.8,1.14,1234.65,252.29,162.53,89.76,-9.48,14.2,14.7,29
Mon Mar 13 08:15:54 GMT-03:00 2023,13-Mar-2023 08:15:55.393,-35.21789985726413,-5.826371770338283,0.0,4.0,36.65737987538126,197.15565490722656,-0.71,5.42,7.91,0,13.73,-0.01,-0.03,-0.01,0.01,14.9,7.45,14.7,99.61,24,24.69,15.52,1009.76,14.5,613,1,317.7,-,680.61,8995,0,69,-,40,32.94,800.5,99.61,0.24,1.5,25.03,83.14,-3.91,3.91,6.25,-,0.18,4,36.66,197.16,-5.83,-35.22,27,0.08,-,33,0,12.59,7.94,4.11,0,35.58,0.75,0.81,55.09,0,44.91,1194.69,3.92,368,0,0,14.12,-1,-,9.48,10.54,26.79,1.14,1234.65,253.25,162.53,90.72,-9.58,14.2,14.7,30
Mon Mar 13 08:15:55 GMT-03:00 2023,13-Mar-2023 08:15:56.392,-35.21789985726413,-5.826371770338283,0.0,4.0,36.61908711098238,197.15936279296875,-0.67,5.47,8.09,0.02,13.73,0,-0.02,-0.01,0.02,14.9,7.45,14.7,99.61,24,24.69,15.52,1009.73,14.5,614.1,1,317.7,-,680.61,8995,0,69,-,40,32.16,799,99.61,0.24,1.49,24.85,83.14,-3.91,3.91,3.12,-,0.18,4,36.62,197.16,-5.83,-35.22,27,0.08,-,33,0,12.59,7.94,4.08,0,35.58,0.84,0.8,54.87,0,45.13,1194.69,3.92,369,0,0,14.12,-1,-,9.48,10.55,26.79,1.14,1234.65,254.27,162.53,91.74,-9.62,14.2,14.7,31
Mon Mar 13 08:15:56 GMT-03:00 2023,13-Mar-2023 08:15:57.391,-35.21789985726413,-5.826371770338283,0.0,4.0,36.57555338426264,197.15457153320312,-0.63,5.47,8.11,0.02,13.73,0,-0.02,-0.01,0.03,14.9,7.45,14.7,99.61,24,24.69,15.43,1009.78,14.5,615.3,1,317.7,-,680.61,8995,0,69,-,39.22,32.16,799,99.61,0.24,1.49,24.85,83.14,-3.91,-0.78,-1.56,-,0.18,4,36.58,197.15,-5.83,-35.22,28,0,-,33,0,12.59,7.94,4.08,0,35.58,0.79,0.88,54.66,0,45.34,1194.69,3.92,369,0,0,14.12,0,-,9.48,10.55,26.79,1.14,1234.65,255.27,162.53,92.74,-9.62,14.22,14.7,31
Mon Mar 13 08:15:57 GMT-03:00 2023,13-Mar-2023 08:15:58.391,-35.21789985726413,-5.826371770338283,0.0027407140005379915,4.0,36.49935784301693,197.14599609375,-0.76,5.43,7.97,0.01,13.73,-0.01,-0.03,-0.01,0.01,14.9,7.45,14.7,99.61,24,24.69,15.34,1009.79,14.5,615.3,1,317.7,-,683.82,8995,0,69,-,40.39,32.94,756.5,99.61,0.24,1.45,24.18,83.53,-3.91,-5.47,-6.25,-,0.18,4,36.5,197.15,-5.83,-35.22,30,0,-,33,0,12.59,7.94,3.97,0,35.58,0.63,0.86,54.46,0,45.54,1194.69,3.92,371,0.01,0,14.12,0,-,9.48,10.55,26.78,1.14,1234.65,256.19,162.53,93.66,-9.74,14.16,14.7,31
Mon Mar 13 08:15:58 GMT-03:00 2023,13-Mar-2023 08:15:59.394,-35.21789985726413,-5.826371770338283,0.007849643006920815,4.0,36.441016915856146,197.1411590576172,-0.66,5.49,8.14,0.02,13.73,0,-0.02,-0.01,0.03,14.9,7.45,14.7,99.61,24,24.69,15.25,1009.78,14.5,616.5,1,317.7,-,680.61,8995,0,69,-,39.61,32.94,777.5,99.61,0.25,1.44,24,83.14,-3.91,-1.56,-6.25,-,0.18,4,36.44,197.14,-5.83,-35.22,31,0.01,-,33,0,12.59,7.94,3.94,0,35.58,0.63,0.86,54.24,0,45.76,1194.69,3.92,372,0.03,0,14.12,0.5,-,9.48,10.55,26.77,1.14,1234.65,257.22,162.53,94.69,-9.51,14.16,14.7,32
Mon Mar 13 08:15:59 GMT-03:00 2023,13-Mar-2023 08:16:00.393,-35.21789985726413,-5.826371770338283,0.0068578277714550495,4.0,36.36756182745704,197.13502502441406,-0.64,5.42,7.93,0,13.73,-0.01,-0.02,-0.01,0.01,14.9,7.45,14.7,99.61,24,24.69,15.25,1009.8,14.5,618,1,317.7,-,677.4,8995,0,69,-,39.61,32.16,777.5,99.61,0.25,1.51,25.16,82.75,-3.91,-1.56,-0.78,-,0.18,4,36.37,197.14,-5.83,-35.22,30,0.01,-,33,0,12.59,7.94,4.13,0,35.58,0.1,0.83,54.03,0,45.97,1194.69,3.92,373,0.02,0,14.12,0.5,-,9.47,10.55,26.76,1.14,1234.65,258.26,162.53,95.73,-9.41,14.16,14.8,32
Mon Mar 13 08:16:00 GMT-03:00 2023,13-Mar-2023 08:16:01.396,-35.21789985726413,-5.826371770338283,0.03906609117984772,4.0,36.32291781499858,197.12298583984375,-0.79,5.4,8,0.01,13.73,-0.01,-0.03,-0.02,0.02,14.9,7.45,14.7,99.61,24,24.69,15.16,1009.78,14.5,618,1,317.7,-,677.4,8995,0,69,-,40.39,32.16,782.5,99.61,0.25,1.51,25.16,82.75,-3.91,1.56,1.56,-,0.18,4,36.32,197.12,-5.83,-35.22,27,0.02,-,33,0,12.59,7.94,4.13,0,35.58,0.77,0.82,53.82,0,46.18,1194.69,3.92,373,0.14,0,14.12,-1,-,9.47,10.55,26.76,1.14,1234.65,259.24,162.53,96.71,-9.41,14.2,14.7,32
Mon Mar 13 08:16:01 GMT-03:00 2023,13-Mar-2023 08:16:02.393,-35.21789985726413,-5.826371770338283,0.01844821497797966,4.0,36.293190583053935,197.1147918701172,-0.73,5.48,8.09,0.02,13.73,0,-0.03,-0.01,0.03,14.9,7.45,14.7,99.61,24,24.69,15.07,1009.77,14.5,620.9,1,317.7,-,677.4,8995,0,69,-,39.22,32.16,800.5,99.61,0.25,1.47,24.49,82.75,-3.91,-0.78,-1.56,-,0.18,4,36.29,197.11,-5.83,-35.22,29,0.14,-,33,0,12.59,7.94,4.02,0,35.58,0.79,0.81,53.6,0,46.4,1194.69,3.92,374,0.07,0,14.12,0.5,-,9.47,10.56,26.76,1.14,1234.65,260.29,162.53,97.76,-9.58,14.26,14.4,33
Mon Mar 13 08:16:02 GMT-03:00 2023,13-Mar-2023 08:16:03.393,-35.21789985726413,-5.826371770338283,0.014785646460950375,4.0,36.26439863669248,197.1051788330078,-0.68,5.49,7.96,0.01,13.73,0,-0.02,0,0.01,14.9,7.45,14.7,99.61,24,24.69,14.98,1009.78,14.5,620.9,1,317.7,-,677.4,8995,0,69,-,39.61,32.55,757.5,99.61,0.25,1.42,23.63,82.75,-3.91,-0.78,-1.56,-,0.18,4,36.26,197.11,-5.83,-35.22,29,0.05,-,33,0,12.59,7.94,3.88,0,35.58,0.79,0.81,53.41,0,46.59,1194.69,3.92,376,0.05,0,14.12,0.5,-,9.47,10.56,26.75,1.14,1234.65,261.25,162.53,98.72,-9.86,14.26,14.4,32
Mon Mar 13 08:16:03 GMT-03:00 2023,13-Mar-2023 08:16:04.394,-35.21789985726413,-5.826371770338283,0.019043372943997383,4.0,36.246451995593176,197.09498596191406,-0.66,5.42,7.93,0,13.73,-0.01,-0.02,-0.01,0.01,14.9,7.45,14.7,99.61,24,24.69,14.98,1009.81,14.5,622.5,1,317.7,-,677.4,8995,0,69,-,39.61,32.55,757.5,99.61,0.25,1.42,23.63,82.75,-3.91,-1.56,-0.78,-,0.18,4,36.25,197.09,-5.83,-35.22,31,0.05,-,33,0,12.59,7.94,3.88,0,35.58,0.09,0.8,53.2,0,46.8,1194.69,3.92,377,0.07,0,14.12,0.5,-,9.47,10.56,26.75,1.14,1234.65,262.27,162.53,99.74,-9.86,14.22,14.3,32
Mon Mar 13 08:16:04 GMT-03:00 2023,13-Mar-2023 08:16:05.394,-35.21789985726413,-5.826371770338283,0.01392978522926569,4.0,36.21624045176912,197.0883331298828,-0.74,5.36,7.93,-0,13.73,-0.02,-0.03,-0.01,0.01,14.9,7.45,14.7,99.61,24,24.69,14.9,1009.79,14.5,622.5,1,317.7,-,677.4,8995,0,69,-,39.22,32.94,789.5,99.61,0.25,1.46,24.3,82.75,-3.91,2.34,2.34,-,0.18,4,36.22,197.09,-5.83,-35.22,31,0.07,-,34,0,12.59,7.94,3.99,0,35.58,0.77,0.8,53,0,47,1194.69,3.92,377,0.05,0,14.12,0,-,9.47,10.56,26.74,1.14,1234.65,263.26,162.53,100.73,-9.45,14.08,14.7,33
Mon Mar 13 08:16:05 GMT-03:00 2023,13-Mar-2023 08:16:06.392,-35.21789985726413,-5.826371770338283,0.06190988048911095,4.0,36.152960554342094,197.0858154296875,-0.78,5.39,7.98,0.01,13.73,-0.01,-0.03,-0.02,0.01,14.9,7.45,14.7,99.61,24,24.69,14.81,1009.76,14.5,625.3,1,317.7,-,677.4,8995,0,69,-,39.61,32.94,782.5,99.61,0.25,1.42,23.63,82.75,-3.91,0,-0.78,-,0.18,4,36.15,197.09,-5.83,-35.22,30,0.05,-,34,0,12.59,7.94,3.88,0,35.58,0.8,0.8,52.8,0,47.2,1194.69,3.92,379,0.22,0,14.12,0,-,9.46,10.57,26.73,1.14,1234.65,264.26,162.53,101.73,-9.78,14.16,14.7,33
Mon Mar 13 08:16:06 GMT-03:00 2023,13-Mar-2023 08:16:07.396,-35.21789985726413,-5.826371770338283,0.03869160637259483,4.0,36.14152641804764,197.07510375976562,-0.61,5.46,8.12,0.02,13.73,0,-0.02,-0.01,0.03,14.9,7.45,14.7,99.61,24,24.69,14.73,1009.79,14.5,625.3,1,317.7,-,677.4,8995,0,69,-,40,32.55,767.5,99.61,0.25,1.45,24.18,82.75,-3.91,-1.56,-0.78,-,0.19,4,36.14,197.08,-5.83,-35.22,29,0.22,-,34,0,12.59,7.94,3.97,0,35.58,0.09,0.8,52.63,0,47.37,1194.69,3.92,380,0.14,0,14.12,0,-,9.46,10.57,26.73,1.14,1234.65,265.11,162.53,102.58,-9.62,14.16,14.7,33
Mon Mar 13 08:16:07 GMT-03:00 2023,13-Mar-2023 08:16:08.393,-35.21789985726413,-5.826371770338283,0.04213501885533333,4.0,36.113569637562485,197.0625457763672,-0.8,5.43,8,0.01,13.73,-0.01,-0.04,-0.01,0.02,14.9,7.45,14.7,99.61,24,24.69,14.64,1009.79,14.5,625.3,1,317.7,-,677.4,8995,0,69,-,39.61,32.55,764.5,99.61,0.25,1.43,23.82,82.75,-3.91,2.34,2.34,-,0.19,4,36.11,197.06,-5.83,-35.22,27,0.14,-,34,0,12.59,7.94,3.91,0,35.58,0.61,0.8,52.4,0,47.6,1194.69,3.92,381,0.15,0,14.12,0.5,-,9.46,10.57,26.72,1.14,1234.65,266.26,162.53,103.73,-9.6,14.26,14.7,33
Mon Mar 13 08:16:08 GMT-03:00 2023,13-Mar-2023 08:16:09.395,-35.21789985726413,-5.826371770338283,0.030078545212745667,4.0,36.120820979843415,197.05715942382812,-0.72,5.41,8.08,0.01,13.73,0,-0.03,-0.01,0.03,14.9,7.45,14.7,99.61,24,24.69,14.56,1009.83,14.5,628,1,317.7,-,677.4,8995,0,69,-,39.61,32.16,790,99.61,0.25,1.5,25.03,82.75,-3.91,2.34,2.34,-,0.19,4,36.12,197.06,-5.83,-35.22,26,0.11,-,34,0,12.59,7.94,4.11,0,35.58,0.61,0.8,52.2,0,47.8,1194.69,3.92,382,0.11,0,14.12,0.5,-,9.46,10.58,26.71,1.14,1234.65,267.27,162.53,104.74,-9.33,14.26,14.7,33
Mon Mar 13 08:16:09 GMT-03:00 2023,13-Mar-2023 08:16:10.393,-35.21789985726413,-5.826371770338283,0.0264230165630579,4.0,36.11252048695526,197.0427703857422,-0.71,5.43,7.98,0.01,13.33,-0.01,-0.03,-0.01,0.01,14.9,7.45,14.7,99.61,24,24.69,14.56,1009.78,14.5,629.5,1,317.7,-,677.4,8995,0,69,-,39.61,31.76,790,99.61,0.25,1.5,25.03,82.75,-3.91,2.34,0,-,0.19,4,36.11,197.04,-5.83,-35.22,30,0.11,-,34,0,12.59,7.94,4.11,0,35.58,0.76,0.8,52.01,0,47.99,1194.69,3.92,382,0.1,0,14.12,0,-,9.46,10.58,26.71,1.14,1234.65,268.29,162.53,105.76,-9.33,14.2,14.8,33
Mon Mar 13 08:16:10 GMT-03:00 2023,13-Mar-2023 08:16:11.393,-35.21789985726413,-5.826371770338283,0.010297056287527084,4.0,36.090818568547775,197.02867126464844,-0.74,5.45,8.08,0.02,13.33,0,-0.03,0,0.02,14.9,7.45,14.7,99.61,24,24.69,14.48,1009.79,14.5,630.9,1,317.7,-,677.4,8995,0,69,-,31.37,31.76,798,99.61,0.25,1.05,17.54,82.75,-3.91,-3.91,-4.69,-,0.19,4,36.09,197.03,-5.83,-35.22,29,0.1,-,34,0,12.59,7.94,2.88,0,35.58,0.81,0.79,51.81,0,48.19,1194.69,3.92,383,0.04,0,13.33,0.5,-,9.45,10.58,26.7,1.14,1234.65,269.28,162.53,106.75,-11,14.24,14.6,31
Mon Mar 13 08:16:11 GMT-03:00 2023,13-Mar-2023 08:16:12.395,-35.21789985726413,-5.826371770338283,0.009478731080889702,4.0,36.05064951180179,197.01974487304688,-0.63,5.48,8.03,0.01,12.94,0,-0.02,-0.01,0.02,14.9,7.45,14.7,99.61,24,24.69,14.4,1009.76,14.5,630.9,1,317.7,-,674.19,8995,0,69,-,30.98,25.88,755.5,99.61,0.25,1.09,18.21,82.35,-3.91,-5.47,-4.69,-,0.19,4,36.05,197.02,-5.83,-35.22,30,0.04,-,34,0,12.59,7.94,2.99,0,35.58,0.81,0.79,51.63,0,48.37,1194.69,3.14,385,0.03,0,13.33,4.5,-,9.45,10.58,26.7,1.14,1234.65,270.25,162.53,107.72,-10.9,14.24,14.6,29
Mon Mar 13 08:16:12 GMT-03:00 2023,13-Mar-2023 08:16:13.394,-35.21789985726413,-5.826371770338283,0.018778176978230476,4.0,36.04091088872335,197.00942993164062,-0.62,5.43,8.07,0.01,12.94,0,-0.01,-0.01,0.02,14.9,7.45,14.7,99.61,24,24.69,14.4,1009.77,14.5,632,1,317.7,-,674.19,8995,0,70,-,30.98,25.88,752.5,99.61,0.25,1.11,18.58,82.35,-3.91,-5.47,-4.69,-,0.19,4,36.04,197.01,-5.83,-35.22,28,0.04,-,34,0,12.59,7.94,3.05,0,35.58,0.09,0.79,51.43,0,48.57,1194.69,3.14,386,0.07,0,13.33,4.5,-,9.45,10.58,26.69,1.14,1234.65,271.28,162.53,108.75,-10.62,14.3,14.3,28
Mon Mar 13 08:16:13 GMT-03:00 2023,13-Mar-2023 08:16:14.395,-35.21789985726413,-5.826371770338283,0.01568411849439144,4.0,36.03948157747102,197.00238037109375,-0.6,5.49,8.04,0.02,12.94,0,-0.02,-0.01,0.02,14.9,7.45,14.7,99.61,24,24.69,14.32,1009.8,14.5,632.9,1,317.7,-,674.19,8995,0,70,-,31.76,25.88,752.5,99.61,0.25,1.11,18.58,82.35,-3.91,-1.56,-1.56,-,0.19,4,36.04,197,-5.83,-35.22,30,0.07,-,34,0,12.59,7.94,3.05,0,35.58,0.08,0.79,51.24,0,48.76,1194.69,3.14,386,0.06,0,13.33,0.5,-,9.45,10.58,26.69,1.14,1234.65,272.27,162.53,109.75,-10.62,14.26,14.7,28
Mon Mar 13 08:16:14 GMT-03:00 2023,13-Mar-2023 08:16:15.391,-35.21789985726413,-5.826371770338283,0.014509915374219418,4.0,36.03664147500059,196.99034118652344,-0.65,5.49,8.08,0.02,12.94,0,-0.03,-0.01,0.03,14.9,7.45,14.7,99.61,24,24.69,14.24,1009.78,14.5,633.9,1,317.7,-,674.19,8995,0,70,-,31.37,25.88,770,99.61,0.25,1.13,18.76,82.35,-3.91,1.56,2.34,-,0.19,4,36.04,196.99,-5.83,-35.22,29,0.06,-,34,0,12.59,7.94,3.08,0,35.58,0.09,0.8,51.06,0,48.94,1194.69,3.14,387,0.05,0,13.33,1.5,-,9.45,10.59,26.68,1.14,1234.65,273.26,162.53,110.73,-10.57,14.3,14.8,28
Mon Mar 13 08:16:15 GMT-03:00 2023,13-Mar-2023 08:16:16.391,-35.21789985726413,-5.826371770338283,0.010542362928390503,4.0,36.008811015798365,196.97711181640625,-0.75,5.52,7.96,0.01,13.73,0,-0.03,0,0.01,14.9,7.45,14.7,99.61,24,24.69,14.16,1009.8,14.5,633.9,1,317.7,-,677.4,8995,0,70,-,34.51,28.24,781.5,99.61,0.25,1.27,21.14,82.75,-3.91,6.25,2.34,-,0.19,4,36.01,196.98,-5.83,-35.22,27,0.05,-,34,0,12.59,7.94,3.47,0,35.58,0.09,0.8,50.87,0,49.13,1194.69,3.53,389,0.04,0,14.51,0.5,-,9.44,10.59,26.68,1.14,1234.65,274.28,162.53,111.75,-10.17,13.94,14.8,28
Mon Mar 13 08:16:16 GMT-03:00 2023,13-Mar-2023 08:16:17.392,-35.21789985726413,-5.826371770338283,0.044681187719106674,4.0,35.99729410006187,196.9881591796875,-0.6,5.89,7.75,0.01,13.73,-0.01,-0.02,0.02,0,14.9,7.45,14.7,99.61,24,24.69,14.16,1009.77,14.5,635,1,317.7,-,677.4,8995,0,70,-,34.51,32.55,781.5,99.61,0.25,1.49,24.85,82.75,-3.91,6.25,6.25,-,0.19,4,36,196.99,-5.83,-35.22,31,0.05,-,34,0,12.59,7.94,4.08,0,35.58,0.76,0.81,50.69,0,49.31,1194.69,3.92,390,0.16,0,14.51,0.5,-,9.44,10.59,26.67,1.14,1234.65,275.25,162.53,112.72,-9.48,13.94,14.1,30
Mon Mar 13 08:16:17 GMT-03:00 2023,13-Mar-2023 08:16:18.391,-35.21791284505801,-5.8263939087443175,0.3152689039707184,4.0,35.97861303364641,197.18055725097656,-0.58,5.84,8,0.03,13.73,0.01,-0.01,0.02,0.02,14.9,7.45,14.7,99.61,24,24.69,14.09,1009.74,14.5,636.2,1,317.7,-,677.4,8995,0,70,-,40.78,32.55,773.5,99.61,0.25,1.49,24.85,82.75,-3.91,3.91,3.12,-,0.19,4,35.98,197.18,-5.83,-35.22,29,0.16,-,34,0,12.59,7.94,4.08,0,35.58,0.8,0.8,50.5,0,49.5,1194.69,3.92,390,1.13,0,14.12,0,-,9.44,10.59,26.67,1.14,1234.65,276.26,162.53,113.73,-9.48,14.2,14.7,30
Mon Mar 13 08:16:18 GMT-03:00 2023,13-Mar-2023 08:16:19.396,-35.21791657531232,-5.826402261198195,0.7895132303237915,4.0,35.974104017300796,197.52906799316406,-0.84,5.79,8.03,0.03,13.73,0,-0.05,0.02,0,14.9,7.45,14.7,99.61,24,24.47,14.02,1009.76,14.5,636.2,1,317.7,-,677.4,8995,0,70,0.32,40,32.55,756.5,99.61,0.26,1.43,23.82,82.75,-3.91,-0.78,-1.56,-,0.19,4,35.97,197.53,-5.83,-35.22,27,0.87,0.43,34,0,12.59,7.94,3.91,0,35.58,0.75,0.79,50.35,0,49.65,1194.69,3.92,392,2.84,2,14.12,0.5,4.09,9.44,10.6,26.66,1.14,1234.65,277.1,163,114.1,-9.64,14.2,14.7,30
Mon Mar 13 08:16:19 GMT-03:00 2023,13-Mar-2023 08:16:20.391,-35.2179184978784,-5.826410798674278,1.129321575164795,4.0,35.925407877389574,198.03192138671875,-0.85,5.89,7.67,0.01,13.73,0,-0.04,0.02,-0.01,14.9,7.45,14.7,99.61,24,24.28,13.97,1009.75,14.5,637.4,1,317.7,-,674.19,8995,0,70,0.64,39.61,31.76,843,99.61,0.26,1.59,26.56,82.35,-3.91,-0.78,-1.56,-,0.19,4,35.93,198.03,-5.83,-35.22,30,1.16,0.86,34,1.26,12.59,7.94,4.36,3.55,35.58,0.75,0.79,50.16,0,49.84,1197.02,3.92,393,4.07,4,14.12,15,7.24,9.39,10.65,26.53,1.15,1234.65,278.16,164.06,114.1,-8.96,14.2,14.7,32
Mon Mar 13 08:16:20 GMT-03:00 2023,13-Mar-2023 08:16:21.391,-35.2179222629427,-5.826424684633972,1.6055357456207275,4.0,35.897644559494644,198.8081817626953,-0.5,6.52,7.15,0.01,14.51,0,-0.04,0.08,-0.03,21.18,10.98,14.7,99.61,24,24.28,13.97,1009.78,14.5,638.5,1,317.7,-,674.18,8995,0,70,0.64,39.61,36.47,843,99.61,0.26,2.92,48.67,82.35,-3.91,-0.78,0,-,0.19,4,35.9,198.81,-5.83,-35.22,27,1.16,0.86,34,1.37,12.59,7.94,7.99,3.87,35.58,0.08,0.78,49.96,0,50.04,1197.02,4.71,394,5.78,4,15.29,15,7.24,9.35,10.7,26.41,1.15,1234.65,279.26,165.16,114.1,-5.39,14.18,14.7,39
Mon Mar 13 08:16:21 GMT-03:00 2023,13-Mar-2023 08:16:22.392,-35.21793150047679,-5.826446484503984,2.4364542961120605,4.0,35.80356848526935,199.14453125,-0.48,7.21,6.86,0.04,18.82,0.01,0,0.16,-0.09,28.63,14.12,14.7,99.61,24,24.12,13.93,1009.82,14.5,640,1,317.7,-,674.18,8995,0,70,1.67,48.63,47.45,1351.5,99.61,0.26,2.92,48.67,82.35,-3.91,2.34,1.56,-,0.19,4,35.8,199.14,-5.83,-35.22,27,1.22,2.24,34,1.37,12.59,7.94,7.99,3.87,35.58,0.75,0.77,50.11,0,49.89,1200.99,9.02,394,8.77,7,17.65,21,11.81,9.35,10.7,26.41,1.15,1234.66,280.26,166.16,114.1,-5.39,14.24,14.3,39
Mon Mar 13 08:16:22 GMT-03:00 2023,13-Mar-2023 08:16:23.393,-35.21794311506774,-5.826477187586331,3.6630523204803467,4.0,35.696216265013824,199.52427673339844,-0.98,6.14,7.4,0.01,18.82,0.01,-0.03,0.12,-0.06,28.63,14.12,14.7,99.61,24,24.02,13.93,1009.76,14.5,640,1,317.7,-,670.96,8995,0,70,6.35,55.29,47.45,1589,99.61,0.26,4.25,70.84,81.96,-3.91,-0.78,-3.12,-,0.19,4,35.7,199.52,-5.83,-35.22,26,4.23,8.52,34,1.65,12.59,7.94,11.63,4.65,35.58,0.84,0.79,50.29,0,49.71,1208.49,9.02,396,13.19,13,18.43,20,38.19,9.31,10.74,26.29,1.15,1234.66,281.27,167.16,114.1,-6.23,14.3,14.3,44
Mon Mar 13 08:16:23 GMT-03:00 2023,13-Mar-2023 08:16:24.395,-35.21795945749504,-5.826522326797071,5.438241004943848,4.0,35.710908944957836,200.04901123046875,-0.64,5.95,7.75,0.02,17.65,0,-0.02,0.03,0,23.53,12.16,14.7,99.61,24,23.98,13.96,1009.8,14.5,639.6,1,317.7,-,667.75,8995,0,70,10.39,41.57,42.75,1392.5,99.61,0.26,2.66,44.28,81.57,-3.91,-10.16,-3.12,-,0.19,4,35.71,200.05,-5.83,-35.22,24,0.42,13.94,34,4.89,12.59,7.94,7.27,13.82,35.58,0.84,0.79,50.47,0,49.53,1204.96,7.84,397,19.58,20,18.43,20,71.28,9.28,10.77,26.23,1.17,1234.68,282.25,168.15,114.1,-10.1,14.3,14.8,40
Mon Mar 13 08:16:24 GMT-03:00 2023,13-Mar-2023 08:16:25.394,-35.21797607544023,-5.8265689787991555,5.86008358001709,4.0,35.65973377775826,200.7705841064453,-0.91,5.04,7.74,-0.03,12.94,0.01,0.06,0.03,0.02,14.9,7.45,14.7,99.61,24,23.98,13.96,1009.8,14.5,638.4,1,317.7,-,667.75,8995,0,70,10.39,41.57,18.82,1392.5,99.61,0.26,2.66,44.28,81.57,-3.91,-10.16,-11.72,-,0.19,4,35.66,200.77,-5.83,-35.22,21,0.42,13.94,34,4.89,12.59,7.94,7.27,13.82,35.58,0.85,0.89,50.64,0,49.36,1204.96,3.14,397,21.1,20,15.29,-4.5,71.28,9.28,10.77,26.23,1.17,1234.68,283.27,169.17,114.1,-10.1,14.22,14.7,40
Mon Mar 13 08:16:25 GMT-03:00 2023,13-Mar-2023 08:16:26.396,-35.21799372316928,-5.82661473689226,5.81233024597168,6.0,35.53876655584454,201.43682861328125,-0.32,5.04,8.54,0.03,12.94,0.01,0,-0.05,0.07,14.9,7.45,14.7,99.61,24,23.95,13.99,1009.87,14.5,637.7,1,315.1,130.01,667.75,8995,0,70,1.53,23.53,18.82,962.5,99.61,0.26,0.98,16.39,81.57,-3.91,-10.94,-10.94,-,0.19,6,35.54,201.44,-5.83,-35.22,23,0.1,2.06,34,20.34,12.59,7.94,2.69,57.47,35.58,0.05,0.88,50.82,0,49.18,1223.01,2.75,398,20.92,21,12.94,6.5,15.23,9.34,10.7,26.39,1.17,1234.68,284.26,170.16,114.1,-12.65,14.18,14.7,33
Mon Mar 13 08:16:26 GMT-03:00 2023,13-Mar-2023 08:16:27.393,-35.2180115809341,-5.826661292296053,5.733129978179932,6.0,35.335801276729256,201.32424926757812,-1.84,3.68,8.42,-0.02,12.55,0.06,-0.06,-0.01,0.11,14.9,7.45,14.7,99.61,24,23.93,14.03,1009.88,14.5,637.7,1,312.43,120.14,667.75,8995,0,70,1.53,22.35,18.43,931.5,99.61,0.26,0.95,15.9,81.57,-3.91,-7.81,-7.03,-,0.19,6,35.34,201.32,-5.83,-35.22,24,0.08,2.06,34,22.02,12.59,7.94,2.61,62.19,35.58,0.06,0.86,50.99,0,49.01,1223.01,2.75,400,20.64,21,12.94,1.5,15.23,9.41,10.63,26.58,1.17,1234.68,285.28,171.18,114.1,-11.9,14.26,14.7,29
Mon Mar 13 08:16:27 GMT-03:00 2023,13-Mar-2023 08:16:28.393,-35.21803026308872,-5.826713697315708,5.969990253448486,6.0,35.05398596752412,200.0555877685547,-1.94,6.55,7.76,0.07,12.94,0.05,-0.15,0.09,0,14.9,7.45,14.7,99.61,24,23.9,14.07,1009.96,14.5,637.3,1,309.91,126.12,667.75,8995,0,71,1.53,22.35,18.82,964,99.61,0.26,1,16.69,81.57,-3.91,-7.81,-7.03,-,0.19,6,35.05,200.06,-5.83,-35.22,20,0.49,2.06,34,20.97,12.59,7.94,2.74,59.24,35.58,0.06,0.86,51.16,0,48.84,1214.51,3.14,401,21.49,21,12.94,1.5,15.23,9.47,10.56,26.76,1.18,1234.69,286.28,172.18,114.1,-11.67,14.26,14.6,27
Mon Mar 13 08:16:28 GMT-03:00 2023,13-Mar-2023 08:16:29.393,-35.21804729910017,-5.826760480274708,5.688423156738281,6.0,34.96821247009649,198.6063995361328,0.15,4.98,8.18,-0,12.94,-0.11,0.01,-0.11,-0.03,14.9,7.45,14.7,99.61,24,23.9,14.07,1009.99,14.5,636.6,1,309.91,126.12,667.75,8995,0,71,1.53,23.14,18.82,964,99.61,0.26,1,16.69,81.57,-3.91,-3.91,-3.12,-,0.19,6,34.97,198.61,-5.83,-35.22,21,0.49,2.06,34,20.97,12.59,7.94,2.74,59.24,35.58,0.06,0.83,51.33,0,48.67,1214.51,2.75,401,20.48,21,13.33,1.5,15.23,9.47,10.56,26.76,1.21,1234.72,287.29,173.19,114.1,-11.67,14.24,14.8,27
Mon Mar 13 08:16:29 GMT-03:00 2023,13-Mar-2023 08:16:30.393,-35.21806197591245,-5.826804551466335,5.215218544006348,4.0,34.8629312864605,197.1967010498047,-0.73,3.82,7.42,-0.13,12.94,-0.14,-0.03,-0.18,-0.03,14.9,7.45,14.7,99.61,24,23.87,14.1,1010.02,14.5,636.6,1,307.46,126.12,667.76,8995,0,71,-,21.57,18.82,951.5,99.61,0.26,1,16.69,81.57,-3.91,0,0.78,-,0.2,4,34.86,197.2,-5.83,-35.22,23,0.48,-,34,20.97,12.59,7.94,2.74,59.24,35.58,0.72,0.81,51.48,0,48.52,1186.08,2.75,402,18.77,20,13.33,5,-,9.53,10.49,26.93,1.21,1234.72,288.14,174.04,114.1,-11.77,14.22,14.7,25
Mon Mar 13 08:16:30 GMT-03:00 2023,13-Mar-2023 08:16:31.392,-35.21807382206868,-5.8268514330883345,5.224124431610107,4.0,35.030517206621035,196.73843383789062,-0.58,5.7,7.62,-0.01,13.33,0.01,-0.02,0.03,0.01,14.9,7.45,14.7,99.61,24,23.82,14.12,1010.06,14.5,636,1,305.35,147.41,670.97,8995,0,71,-,30.2,20,966.5,99.61,0.26,1.11,18.58,81.96,-3.91,1.56,0.78,-,0.2,4,35.03,196.74,-5.83,-35.22,26,0.77,-,34,17.94,12.59,7.94,3.05,50.68,35.58,0.72,0.81,51.67,0,48.33,1186.08,3.14,404,18.81,18,19.22,4.5,-,9.58,10.44,27.05,1.21,1234.72,289.27,175.17,114.1,-11.42,14.22,14.7,24
Mon Mar 13 08:16:31 GMT-03:00 2023,13-Mar-2023 08:16:32.393,-35.21808721018504,-5.826900733527539,5.634106159210205,4.0,35.01098902040875,196.82017517089844,-1.06,7.01,7.91,0.1,20.78,0.08,-0.06,0.14,0.01,26.67,13.73,14.7,99.61,24,23.82,14.12,1009.99,14.5,634.7,1,313.08,900.6,670.97,8995,0,71,-,30.2,52.55,966.5,99.61,0.27,6.13,102.15,81.96,-3.91,1.56,3.12,-,0.2,4,35.01,196.82,-5.83,-35.22,26,0.77,-,34,2.94,12.59,7.94,16.77,8.3,35.58,0.06,0.79,51.82,0,48.18,1186.08,10.98,405,20.28,18,19.22,4.5,-,9.54,10.48,26.95,1.22,1234.73,290.18,176.08,114.1,2.19,14.16,14.8,46
Mon Mar 13 08:16:32 GMT-03:00 2023,13-Mar-2023 08:16:33.395,-35.21810274238096,-5.826954079428105,6.26388692855835,4.0,34.91174255015255,196.88232421875,-0.69,7.42,7.61,0.11,22.75,0.01,-0.1,0.12,-0.06,28.63,14.9,14.7,99.61,24,23.79,14.15,1010.01,14.5,630.7,1,313.08,900.6,670.97,8995,0,71,5.11,65.1,59.61,1984.5,99.61,0.27,6.13,102.15,81.96,-3.91,3.91,1.56,-,0.2,4,34.91,196.88,-5.83,-35.22,27,0.72,6.86,34,2.94,12.59,7.94,16.77,8.3,35.58,0.79,0.19,51.99,0,48.01,1187.62,12.94,405,22.55,21,23.14,21,24.6,9.54,10.48,26.95,1.22,1234.73,291.21,177.11,114.1,2.19,14.22,14.7,46
Mon Mar 13 08:16:33 GMT-03:00 2023,13-Mar-2023 08:16:34.393,-35.21812213096067,-5.827016471254948,7.390452861785889,4.0,34.90697217455439,197.49676513671875,-0.76,5.62,8.01,0.02,22.75,0,-0.03,0,0.02,28.63,14.9,14.7,99.61,24,23.81,14.21,1010.02,14.5,630.7,1,318.59,742.48,670.97,8995,0,71,10.36,70.98,59.61,1749.5,99.61,0.27,5.89,98.25,81.96,-3.91,-7.81,-10.16,-,0.2,4,34.91,197.5,-5.83,-35.22,26,3.45,13.9,33,3.56,12.59,7.94,16.13,10.06,35.58,0.76,0.79,52.15,0,47.85,1209.01,12.94,407,26.61,26,21.18,18,56.57,9.51,10.51,26.87,1.22,1234.73,292.21,178.11,114.1,-6.69,14.18,14.7,48
Mon Mar 13 08:16:34 GMT-03:00 2023,13-Mar-2023 08:16:35.395,-35.21814543056295,-5.82708490355415,7.716261386871338,4.0,35.14059925587249,198.29029846191406,-0.65,6.06,8.53,0.09,20,0,0.04,0.06,-0.02,26.27,13.33,14.7,99.61,24,23.85,14.28,1009.95,14.5,628.4,1,320.51,470.68,667.75,8995,0,71,4.01,66.27,55.29,1529.5,99.61,0.27,4.63,77.11,81.57,-3.91,-7.81,-10.16,-,0.2,4,35.14,198.29,-5.83,-35.22,25,0.22,5.38,33,5.62,12.59,7.94,12.66,15.87,35.58,0.76,0.79,52.32,0,47.68,1210.76,10.2,408,27.78,28,21.18,18,25.06,9.49,10.54,26.81,1.24,1234.75,293.25,179.15,114.1,-7.57,14.18,14.7,48
Mon Mar 13 08:16:35 GMT-03:00 2023,13-Mar-2023 08:16:36.394,-35.2181684126389,-5.827151555000584,7.857178211212158,4.0,35.51914672731281,198.62356567382812,-1.16,4.53,7.59,-0.07,17.25,-0.09,-0.07,-0.1,-0.02,23.92,12.16,14.7,99.61,24,23.85,14.28,1009.88,14.5,626.6,1,320.51,470.68,667.75,8995,0,71,4.01,66.27,40,1529.5,99.61,0.27,4.63,77.11,81.57,-3.91,-3.91,-4.69,-,0.2,4,35.52,198.62,-5.83,-35.22,31,0.22,5.38,33,5.62,12.59,7.94,12.66,15.87,35.58,0.78,0.78,52.49,0,47.51,1210.76,7.06,409,28.29,28,19.22,18,25.06,9.49,10.54,26.81,1.24,1234.75,294.25,180.15,114.1,-7.57,14.16,14.8,48
Mon Mar 13 08:16:36 GMT-03:00 2023,13-Mar-2023 08:16:37.396,-35.21819115050543,-5.827220377820206,7.750634670257568,4.0,36.23348089141414,198.9215850830078,-0.29,5.83,7.72,0.01,19.61,0,-0.04,0.04,-0.01,29.02,12.16,14.7,99.61,24,23.87,14.35,1009.84,14.5,625,1,320.28,301.73,667.75,8995,0,71,4.01,53.73,40,1367,99.61,0.27,3.19,53.24,81.57,-3.91,-8.59,-7.81,-,0.2,4,36.23,198.92,-5.83,-35.22,29,1.29,5.38,33,8.77,12.59,7.94,8.74,24.76,35.58,0.07,0.85,52.65,0,47.35,1210.76,9.8,409,27.9,27,18.82,18,25.06,9.49,10.54,26.8,1.24,1234.75,295.28,181.18,114.1,-9.02,14.26,14.8,45
Mon Mar 13 08:16:37 GMT-03:00 2023,13-Mar-2023 08:16:38.394,-35.21821492951039,-5.827286235713248,7.829256057739258,4.0,36.2718636987695,198.51426696777344,-1.25,5.9,6.75,-0.06,19.61,-0.07,-0.08,0.03,-0.1,29.02,14.9,14.7,99.61,24,23.91,14.42,1009.84,14.5,625,1,322.09,467.21,667.75,8995,0,71,2.27,66.67,54.9,1539.5,99.61,0.28,4.77,79.49,81.57,-3.91,-3.12,-4.69,-,0.2,4,36.27,198.51,-5.83,-35.22,24,0.1,3.04,33,5.66,12.59,7.94,13.05,15.99,35.58,0.79,0.85,52.81,0,47.19,1233.39,9.8,411,28.19,28,19.61,18.5,14.07,9.47,10.56,26.75,1.24,1234.75,296.25,182.15,114.1,-5.35,14.2,14.8,49
Mon Mar 13 08:16:38 GMT-03:00 2023,13-Mar-2023 08:16:39.393,-35.21823594191011,-5.827354463833107,7.825410842895508,4.0,36.82535764118536,198.13868713378906,0.07,5.78,7.76,0.01,17.65,0.04,0,0.14,-0.03,21.96,11.37,14.7,99.61,24,23.91,14.42,1009.78,14.5,622.8,1,321.06,237.52,667.75,8995,0,71,2.27,66.67,43.53,1332,99.61,0.28,2.51,41.91,81.57,-3.91,-3.12,-4.69,-,0.21,4,36.83,198.14,-5.83,-35.22,24,0.1,3.04,33,11.14,12.59,7.94,6.88,31.46,35.58,0.79,0.79,52.97,0,47.03,1233.39,7.84,412,28.17,28,19.61,18.5,14.07,9.48,10.55,26.77,1.24,1234.75,297.26,183.16,114.1,-10.22,14.2,14.8,44
Mon Mar 13 08:16:39 GMT-03:00 2023,13-Mar-2023 08:16:40.394,-35.21825407955543,-5.827405964214827,6.021788120269775,4.0,36.79176844256449,197.88145446777344,-0.45,5.45,7.54,-0.03,12.55,-0.05,0,-0.01,-0.02,14.9,7.45,14.7,99.61,24,23.93,14.48,1009.67,14.5,621.7,1,321.06,237.52,667.75,8995,0,71,2.27,37.25,16.47,1332,99.61,0.28,2.51,41.91,81.57,-3.91,-11.72,-13.28,-,0.21,4,36.79,197.88,-5.83,-35.22,27,1.17,3.04,33,11.14,12.59,7.94,6.88,31.46,35.58,0.84,0.77,53.13,0,46.87,1224.35,2.75,412,21.68,27,13.33,-4.5,14.07,9.48,10.55,26.77,1.25,1234.76,298.28,184.18,114.1,-10.22,14.22,14.2,44
Mon Mar 13 08:16:40 GMT-03:00 2023,13-Mar-2023 08:16:41.393,-35.218268151582976,-5.827450027733904,5.041650772094727,4.0,37.669253018395224,197.2774200439453,0.79,7.02,7.07,0.04,12.55,-0.04,0,0.09,-0.1,14.9,7.45,14.7,99.61,24,23.88,14.49,1009.64,14.5,621.2,1,318.58,115.28,667.75,8995,0,72,2.27,24.31,16.47,868,99.61,0.28,1.18,19.61,81.57,-3.91,-11.72,-10.94,-,0.21,4,37.67,197.28,-5.83,-35.22,27,4.68,3.04,34,22.94,12.59,7.94,3.22,64.81,35.58,0.05,0.77,53.28,0,46.72,1216.23,2.75,413,18.15,17,13.33,20,14.07,9.54,10.48,26.96,1.28,1234.79,299.28,185.18,114.1,-12.19,14.3,14.7,37
Mon Mar 13 08:16:41 GMT-03:00 2023,13-Mar-2023 08:16:42.393,-35.21828008951008,-5.827486059822308,4.0279436111450195,4.0,38.15827689499338,196.85354614257812,0.17,5.87,6.58,-0.08,21.96,-0.1,0.05,0.02,-0.12,29.8,15.29,14.7,99.22,24,23.8,14.49,1009.54,14.5,621.2,1,325.73,918.89,667.75,8995,0,72,-,58.04,54.9,1954,99.22,0.28,5.91,98.43,81.57,-3.91,-2.34,-10.94,-,0.21,4,38.16,196.85,-5.83,-35.22,25,4.15,-,34,2.88,12.59,7.94,16.16,8.13,35.58,0.05,0.77,53.44,0,46.56,1198.04,9.8,415,14.5,14,20,21.5,-,9.51,10.51,26.87,1.28,1234.79,300.26,186.16,114.1,3.41,14.3,14.7,58
Mon Mar 13 08:16:42 GMT-03:00 2023,13-Mar-2023 08:16:43.392,-35.218293843372976,-5.8275289200071,4.726967811584473,4.0,38.13357260211791,197.24896240234375,0.6,6.96,6.53,-0,22.75,-0.02,-0.01,0.15,-0.14,26.27,12.55,14.7,99.22,24,23.8,14.49,1009.45,14.5,620.1,1,325.73,918.89,667.75,8995,0,72,-,58.04,51.76,1954,99.22,0.28,5.91,98.43,81.57,-5.47,-2.34,-0.78,-,0.21,4,38.13,197.25,-5.83,-35.22,26,4.15,-,34,2.88,12.59,7.94,16.16,8.13,35.58,0.06,0.08,53.58,0,46.42,1198.04,12.55,415,17.02,14,20,21.5,-,9.51,10.51,26.87,1.28,1234.79,301.17,187.07,114.1,3.41,14.3,14.8,58
Mon Mar 13 08:16:43 GMT-03:00 2023,13-Mar-2023 08:16:44.396,-35.218309566018725,-5.827574535861345,5.2166523933410645,4.0,38.37455253702462,198.4654998779297,0.24,6.46,7.72,0.05,22.75,0.02,0.06,0.08,0,26.27,12.55,14.7,96.86,24,23.76,14.51,1009.49,14.5,620.1,1,329.88,678.73,661.33,8995,0,72,5.12,37.25,51.76,1912,96.86,0.28,3.59,59.88,80.78,-5.47,-2.34,-0.78,-,0.21,4,38.37,198.47,-5.83,-35.22,25,1.98,6.87,33,3.9,12.59,7.94,9.83,11.01,35.58,0.06,0.08,53.72,0,46.28,1212.96,12.55,417,18.78,19,20,25.5,25.58,9.48,10.55,26.79,1.28,1234.79,302.12,188.02,114.1,-9.68,14.3,14.8,52
Mon Mar 13 08:16:44 GMT-03:00 2023,13-Mar-2023 08:16:45.394,-35.21832646993481,-5.8276244189084405,5.769713401794434,4.0,38.19725292677001,200.53610229492188,0.62,3.93,7.47,-0.12,22.75,-0.12,0.08,-0.07,-0.07,26.27,12.55,14.7,96.86,24,23.76,14.51,1009.47,14.5,620.2,1,329.88,678.73,661.33,8995,0,72,5.12,37.25,51.76,1912,96.86,0.28,3.59,59.88,80.78,-5.47,-2.34,-4.69,-,0.21,4,38.2,200.54,-5.83,-35.22,27,1.98,6.87,33,3.9,12.59,7.94,9.83,11.01,35.58,0.74,0.14,53.9,0,46.1,1212.96,12.55,417,20.77,19,16.47,25.5,25.58,9.48,10.55,26.79,1.28,1234.79,303.27,189.16,114.1,-9.68,14.22,14.7,52
Mon Mar 13 08:16:45 GMT-03:00 2023,13-Mar-2023 08:16:46.393,-35.218344493219085,-5.827673441857302,5.964365005493164,4.0,37.56661146306142,201.19866943359375,-0.55,4.18,8.86,0.02,13.33,0,-0.01,-0.14,0.1,14.9,7.45,14.7,96.86,24,23.74,14.54,1009.52,14.5,620.2,1,328.88,244.21,658.11,8995,0,72,2.05,37.25,18.43,937.5,96.86,0.29,1.75,29.24,80.39,-5.47,-2.34,-4.69,-,0.21,4,37.57,201.2,-5.83,-35.22,29,0.47,2.75,33,10.83,12.59,7.94,4.8,30.6,35.58,0.74,0.14,54.04,0,45.96,1223.61,3.14,419,21.47,21,16.47,25.5,20.88,9.49,10.54,26.81,1.29,1234.8,304.2,190.09,114.1,-12.1,14.22,14.7,43
Mon Mar 13 08:16:46 GMT-03:00 2023,13-Mar-2023 08:16:47.393,-35.21836284301544,-5.827722403561643,5.771727085113525,4.0,37.19652232170563,201.44952392578125,-0.81,4.27,9.78,0.11,13.73,0,-0.01,-0.16,0.11,14.9,7.45,14.7,96.86,24,23.74,14.54,1009.58,14.5,620.5,1,328.88,244.21,658.11,8995,0,72,2.05,33.33,24.31,937.5,96.86,0.29,1.75,29.24,80.39,-5.47,-3.91,-1.56,-,0.21,4,37.2,201.45,-5.83,-35.22,29,0.47,2.75,34,10.83,12.59,7.94,4.8,30.6,35.58,0.09,0.14,54.2,0,45.8,1223.61,3.53,419,20.78,21,14.12,0.5,20.88,9.49,10.54,26.81,1.29,1234.8,305.27,191.16,114.1,-12.1,14.16,14.2,43
Mon Mar 13 08:16:47 GMT-03:00 2023,13-Mar-2023 08:16:48.391,-35.21837705769837,-5.827762406267028,4.747570037841797,4.0,37.0401492755089,201.40724182128906,-0.68,3.48,9.65,0.07,13.73,0.04,-0.02,-0.21,0.18,14.9,7.45,14.7,96.86,24,23.67,14.55,1009.63,14.5,620.5,1,327.17,179.98,661.32,8995,0,72,2.05,30.2,24.31,990.5,96.86,0.29,1.43,23.82,80.78,-5.47,2.34,3.12,-,0.21,4,37.04,201.41,-5.83,-35.22,28,4.78,2.75,34,14.7,12.59,7.94,3.91,41.51,35.58,0.64,0.14,54.35,0,45.65,1216.8,3.92,420,17.09,16,14.12,4.5,20.88,9.52,10.51,26.88,1.29,1234.8,306.28,192.18,114.1,-10.49,14.2,14.6,39
Mon Mar 13 08:16:48 GMT-03:00 2023,13-Mar-2023 08:16:49.391,-35.218384842639765,-5.8277852556859,2.4146692752838135,4.0,37.08205991943965,201.42718505859375,-0.19,3.9,8.89,0.01,13.73,0,-0.01,-0.15,0.12,14.9,7.45,14.7,96.86,24,23.57,14.53,1009.66,14.5,620.9,1,326.08,231.39,661.32,8995,0,72,2.05,29.41,25.49,1007.5,96.86,0.29,1.4,23.33,80.78,-5.47,3.12,3.12,-,0.21,4,37.08,201.43,-5.83,-35.22,26,7.09,2.75,34,11.43,12.59,7.94,3.83,32.29,35.58,0.8,0.14,54.5,0,45.5,1214.75,3.53,422,8.69,10,14.12,4.5,20.88,9.52,10.5,26.91,1.3,1234.8,307.29,193.18,114.1,-10.78,14.16,14.6,35
Mon Mar 13 08:16:49 GMT-03:00 2023,13-Mar-2023 08:16:50.391,-35.218389769204116,-5.8278028064972585,1.7517638206481934,4.0,37.0407923331303,201.37901306152344,-0.57,5.75,7.87,0.02,13.73,0,-0.01,0.01,0,14.9,7.45,14.7,96.86,24,23.41,14.48,1009.68,14.5,620.9,1,326.08,-,667.74,8995,0,72,-,44.71,27.06,859,96.86,0.29,1.86,30.94,81.57,-5.47,0,3.12,-,0.21,4,37.04,201.38,-5.83,-35.22,24,4.69,-,34,5.39,12.59,7.94,5.08,15.22,35.58,0.8,0.14,54.56,0,45.44,1212.32,3.53,423,6.31,4,14.51,-1.5,-,9.5,10.52,26.85,1.3,1234.81,308.25,194.15,114.1,-9.65,14.16,14.6,35
Mon Mar 13 08:16:50 GMT-03:00 2023,13-Mar-2023 08:16:51.391,-35.21839461966824,-5.827819001106053,1.7230933904647827,4.0,37.02919398755017,201.404296875,-0.76,6.77,7.24,0.03,14.12,0,0,0.08,-0.05,25.49,12.94,14.7,96.86,24,23.41,14.48,1009.67,14.5,621.5,1,326.08,-,667.74,8995,0,72,-,44.71,41.18,859,96.86,0.29,1.86,30.94,81.96,-5.47,0,1.56,-,0.21,4,37.03,201.4,-5.83,-35.22,24,4.69,-,34,5.39,12.59,7.94,5.08,15.22,35.58,0.06,0.14,54.38,0,45.62,1212.32,4.31,424,6.2,4,14.51,-1.5,-,9.5,10.52,26.85,1.3,1234.81,309.25,195.15,114.1,-9.65,14.18,14.6,35
Mon Mar 13 08:16:51 GMT-03:00 2023,13-Mar-2023 08:16:52.391,-35.21840188258703,-5.8278412753193685,2.5643227100372314,4.0,36.92972458857531,201.17886352539062,-0.45,7.26,7.27,0.07,19.61,0.04,0,0.16,-0.05,29.8,15.29,14.7,96.86,24,23.29,14.45,1009.67,14.5,622.5,1,326.08,-,670.95,8995,0,72,2.53,53.73,46.67,1408,96.86,0.29,3.65,60.85,81.96,-5.47,5.47,6.25,-,0.21,4,36.93,201.18,-5.83,-35.22,25,1.8,3.4,34,1.1,12.59,7.94,9.99,3.09,35.58,0.74,0.15,54.5,0,45.5,1216.38,9.8,424,9.23,8,18.43,21.5,17.19,9.46,10.57,26.73,1.3,1234.81,310.28,196.18,114.1,-3.32,14.28,14.8,45
Mon Mar 13 08:16:52 GMT-03:00 2023,13-Mar-2023 08:16:53.391,-35.218418033644944,-5.827882654336219,5.0250630378723145,4.0,36.92240626260995,200.79490661621094,0.09,6.19,6.76,-0.05,19.61,0.09,-0.08,0.2,-0.03,29.8,15.29,14.7,96.86,24,23.24,14.45,1009.71,14.5,622.5,1,326.08,-,667.73,8995,0,72,10.19,61.18,46.67,2108,96.86,0.29,6.22,103.67,81.57,-5.47,6.25,3.91,-,0.22,4,36.92,200.79,-5.83,-35.22,26,6.77,13.66,34,1.29,12.59,7.94,17.02,3.63,35.58,0.74,0.16,54.64,0,45.36,1224.46,9.8,426,18.09,16,22.75,21.5,46.16,9.42,10.61,26.62,1.31,1234.81,311.21,197.11,114.1,-2.88,14.2,14.8,53
Mon Mar 13 08:16:53 GMT-03:00 2023,13-Mar-2023 08:16:54.391,-35.21843574440087,-5.827928828016516,5.663487434387207,4.0,36.75844978888156,200.8032684326172,-0.23,8.12,7.5,0.15,22.35,0.12,0.01,0.25,-0.03,28.63,14.9,14.7,96.86,24,23.24,14.5,1009.7,14.5,623.6,1,333.95,1026.46,664.52,8995,0,72,12.44,61.18,52.55,2031.5,96.86,0.3,6.21,103.49,81.18,-5.47,5.47,3.91,-,0.22,4,36.76,200.8,-5.83,-35.22,27,2.61,16.68,33,2.58,12.59,7.94,16.99,7.28,35.58,0.74,0.16,54.79,0,45.21,1241.96,12.16,427,20.39,23,22.75,21.5,58.48,9.39,10.65,26.53,1.31,1234.81,312.28,198.18,114.1,-6.75,14.2,14.8,53
Mon Mar 13 08:16:54 GMT-03:00 2023,13-Mar-2023 08:16:55.390,-35.218458133160986,-5.827987936820523,7.295839786529541,4.0,36.762406297704466,200.9915008544922,-0.67,6.45,5.73,-0.1,19.61,-0.01,-0.04,0.06,-0.05,27.45,14.12,14.7,96.86,24,23.24,14.5,1009.69,14.5,625.4,1,333.95,1026.46,664.52,8995,0,72,12.44,61.18,47.06,2031.5,96.86,0.3,6.21,103.49,80.78,-5.47,5.47,5.47,-,0.22,4,36.76,200.99,-5.83,-35.22,26,2.61,16.68,33,2.58,12.59,7.94,16.99,7.28,35.58,0.83,0.16,54.94,0,45.06,1241.96,9.8,428,26.27,23,21.18,21,58.48,9.39,10.65,26.53,1.31,1234.81,313.27,199.17,114.1,-6.75,14.22,14.7,53
Mon Mar 13 08:16:55 GMT-03:00 2023,13-Mar-2023 08:16:56.390,-35.21848412607495,-5.828051111486434,7.706849098205566,4.0,37.11914267384223,200.9674530029297,-0.87,5.53,7.47,-0.03,20,-0.04,-0.04,0,-0.03,27.45,14.12,14.7,96.86,24,23.27,14.55,1009.62,14.5,626.5,1,336.77,587.14,661.3,8995,0,72,9,56.86,47.06,1872.5,96.86,0.3,5.11,85.09,80.78,-5.47,-3.12,-5.47,-,0.22,4,37.12,200.97,-5.83,-35.22,25,0.73,12.06,33,4.5,12.59,7.94,13.97,12.73,35.58,0.75,0.88,55.08,0,44.92,1254.06,10.2,428,27.74,27,20.39,21.5,45.87,9.37,10.68,26.46,1.32,1234.82,314.28,200.18,114.1,-7.91,14.22,14.7,51
Mon Mar 13 08:16:56 GMT-03:00 2023,13-Mar-2023 08:16:57.392,-35.21851200777972,-5.82812177347533,8.215733528137207,6.0,37.214275171501534,200.40235900878906,-0.31,4.4,7.53,-0.09,20,0,-0.05,-0.07,0.07,27.45,13.73,14.7,96.86,24,23.32,14.63,1009.6,14.5,626.5,1,337.4,394.54,661.3,8995,0,72,6.76,44.71,49.41,1727,96.86,0.3,4.03,67.12,80.78,-5.47,-10.16,-11.72,-,0.22,6,37.21,200.4,-5.83,-35.22,25,2.26,9.07,33,6.7,12.59,7.94,11.02,18.94,35.58,0.7,0.88,55.22,0,44.78,1265.98,10.2,430,29.58,30,16.08,-5.5,37.38,9.35,10.69,26.42,1.33,1234.83,315.27,201.16,114.1,-8.86,14.22,14.7,48
Mon Mar 13 08:16:57 GMT-03:00 2023,13-Mar-2023 08:16:58.391,-35.21853631908434,-5.828187715664866,7.9346184730529785,4.0,37.33584105907268,201.25277709960938,-0.36,3.9,8.54,-0.02,13.33,-0.04,0,-0.17,0.07,14.9,7.45,14.7,96.86,24,23.32,14.67,1009.66,14.5,627.3,1,334.77,95.7,661.3,8995,0,73,6.76,44.71,18.82,1195.5,96.86,0.3,1.09,18.09,80.78,-5.47,-10.16,-11.72,-,0.22,4,37.34,201.25,-5.83,-35.22,24,4.56,9.07,33,27.64,12.59,7.94,2.97,78.07,35.58,0.7,0.87,55.35,0,44.65,1265.31,4.31,431,28.56,24,16.08,-5.5,37.38,9.44,10.59,26.67,1.33,1234.84,316.2,202.1,114.1,-12.85,14.22,14.7,39
Mon Mar 13 08:16:58 GMT-03:00 2023,13-Mar-2023 08:16:59.391,-35.21855665463681,-5.828240296768693,6.647708415985107,4.0,37.50153666372663,201.47605895996094,-1.2,5.31,8.21,0.03,13.33,0.01,-0.11,-0.02,0.04,14.9,7.45,14.7,96.86,24,23.32,14.67,1009.69,14.5,627.6,1,334.77,95.7,661.3,8995,0,73,6.76,19.22,23.14,1195.5,96.86,0.3,1.09,18.09,80.78,-5.47,-6.25,-5.47,-,0.22,4,37.5,201.48,-5.83,-35.22,21,4.56,9.07,34,27.64,12.59,7.94,2.97,78.07,35.58,0.05,0.85,55.5,0,44.5,1265.31,3.53,431,23.93,24,13.33,-13,37.38,9.44,10.59,26.67,1.33,1234.84,317.22,203.12,114.1,-12.85,14.22,14.7,39
Mon Mar 13 08:16:59 GMT-03:00 2023,13-Mar-2023 08:17:00.391,-35.21857539245063,-5.82828688037969,5.933846473693848,4.0,37.53162400252871,201.24339294433594,-0.95,4.87,8.94,0.06,13.33,0.04,-0.05,-0.07,0.11,14.9,7.45,14.7,96.86,24,23.3,14.7,1009.71,14.5,627.6,1,332.57,129.69,661.3,8995,0,73,6.76,29.8,23.14,916,96.86,0.3,1.18,19.61,80.78,-5.47,-1.56,-0.78,-,0.22,4,37.53,201.24,-5.83,-35.22,20,3.93,9.07,34,20.39,12.59,7.94,3.22,57.61,35.58,0.06,0.83,55.63,0,44.37,1256.48,3.53,433,21.36,20,14.12,3.5,37.38,9.49,10.53,26.82,1.34,1234.84,318.16,204.06,114.1,-11.91,13.42,13.6,33
Mon Mar 13 08:17:00 GMT-03:00 2023,13-Mar-2023 08:17:01.391,-35.21858779682955,-5.8283194880282,4.089328289031982,4.0,37.464873868630306,201.56594848632812,-0.82,4.75,9.04,0.07,13.73,0.05,0.01,-0.08,0.14,14.9,7.45,14.7,96.86,24,23.23,14.69,1009.73,14.5,627.7,1,331.04,188.98,664.52,8995,0,73,-,30.2,24.71,965,96.86,0.3,1.43,23.82,81.18,-5.47,3.12,-0.78,-,0.22,4,37.46,201.57,-5.83,-35.22,19,0.72,-,34,14,12.59,7.94,3.91,39.54,35.58,0.06,0.83,55.78,0,44.22,1250.19,3.53,434,14.72,14,14.12,3.5,-,9.51,10.51,26.88,1.34,1234.85,319.28,205.18,114.1,-10.4,13.42,13.6,32
Mon Mar 13 08:17:01 GMT-03:00 2023,13-Mar-2023 08:17:02.391,-35.21859719628074,-5.828341078473785,2.565781831741333,6.0,37.18062123360946,201.57839965820312,-0.68,4.77,6.04,-0.19,13.73,-0.21,-0.02,-0.08,-0.17,14.9,7.45,14.7,96.86,24,23.23,14.69,1009.72,14.5,628,1,331.04,188.98,664.52,8995,0,73,-,30.2,24.31,965,96.86,0.3,1.43,23.82,81.57,-5.47,3.12,3.91,-,0.22,6,37.18,201.58,-5.83,-35.22,20,0.72,-,34,14,12.59,7.94,3.91,39.54,35.58,0.39,0.81,55.92,0,44.08,1250.19,3.53,435,9.24,14,14.12,3,-,9.51,10.51,26.88,1.34,1234.85,320.26,206.16,114.1,-10.4,14.16,14.7,32
Mon Mar 13 08:17:02 GMT-03:00 2023,13-Mar-2023 08:17:03.391,-35.218605459499074,-5.82835893418781,1.999037504196167,6.0,37.24134896944555,201.5928497314453,-0.79,6.04,8.03,0.05,17.25,0.03,-0.06,0.01,0.04,24.31,7.45,14.7,96.86,24,23.1,14.65,1009.69,14.5,628.5,1,330.32,262.38,667.73,8995,0,74,-,32.55,24.31,908,96.86,0.3,1.39,23.15,81.57,-5.47,3.91,2.34,-,0.22,6,37.24,201.59,-5.83,-35.22,20,3.24,-,34,10.08,12.59,7.94,3.8,28.48,35.58,0.82,0.78,56.06,0,43.94,1246.6,7.45,435,7.2,6,14.51,4.5,-,9.52,10.51,26.88,1.35,1234.86,321.27,207.17,114.1,-10.72,14.12,14.6,30
Mon Mar 13 08:17:03 GMT-03:00 2023,13-Mar-2023 08:17:04.392,-35.218614162188736,-5.828379616248673,2.38362979888916,6.0,37.563966670728135,201.68063354492188,-1.17,6.98,7.24,0.05,17.25,0.04,-0.04,0.14,-0.04,24.31,12.55,14.7,96.86,24,22.99,14.62,1009.66,14.5,628.5,1,330.32,-,670.94,8995,0,74,1.35,50.59,42.35,1428.5,96.86,0.31,3.35,55.79,81.96,-5.47,7.81,9.38,-,0.23,6,37.56,201.68,-5.83,-35.22,20,0.8,1.81,34,1.79,12.59,7.94,9.16,5.06,35.58,0.09,0.74,56.19,0,43.81,1250.24,7.45,437,8.58,8,18.82,20,9.01,9.48,10.55,26.78,1.35,1234.86,322.24,208.14,114.1,-4.8,14.16,14.6,39
Mon Mar 13 08:17:04 GMT-03:00 2023,13-Mar-2023 08:17:05.392,-35.21862808279603,-5.828409757833283,3.4212148189544678,6.0,37.564424070186845,200.97488403320312,-1.75,7.28,7.63,0.11,20,0,-0.08,0.1,-0.06,29.8,15.29,14.7,96.86,24,22.92,14.61,1009.64,14.5,629.4,1,330.32,-,667.72,8995,0,74,5.32,63.14,49.02,1963,96.86,0.31,5.98,99.65,81.57,-5.47,4.69,9.38,-,0.23,6,37.56,200.97,-5.83,-35.22,19,0.68,7.13,33,1.34,12.59,7.94,16.36,3.78,35.58,0.09,0.74,56.33,0,43.67,1259.89,10.2,438,12.32,13,18.82,20,25.88,9.44,10.59,26.68,1.35,1234.86,323.25,209.15,114.1,-3.49,14.16,14.7,48
Mon Mar 13 08:17:05 GMT-03:00 2023,13-Mar-2023 08:17:06.392,-35.218646636955874,-5.828449582831284,4.667381286621094,6.0,37.46790431241856,200.1101837158203,-0.99,7.19,6.91,0.04,23.53,0.02,-0.06,0.16,-0.08,29.8,15.29,14.7,96.86,24,22.92,14.61,1009.62,14.5,630.3,1,330.32,-,667.72,8995,0,74,5.32,63.14,58.43,1963,96.86,0.31,5.98,99.65,81.18,-5.47,4.69,3.12,-,0.23,6,37.47,200.11,-5.83,-35.22,21,0.68,7.13,33,1.34,12.59,7.94,16.36,3.78,35.58,0.64,0.68,56.47,0,43.53,1259.89,13.73,439,16.8,13,22.75,21,25.88,9.44,10.59,26.68,1.35,1234.86,324.27,210.17,114.1,-3.49,14.26,14.8,48
Mon Mar 13 08:17:06 GMT-03:00 2023,13-Mar-2023 08:17:07.391,-35.21866576063834,-5.82850214385234,6.123328685760498,6.0,37.80661133898397,200.0740509033203,-1.36,7.2,7.96,0.12,23.53,-0.04,-0.17,0.03,-0.08,29.8,15.29,14.7,96.86,24,22.9,14.64,1009.65,14.5,632.6,1,330.32,-,664.51,8995,0,74,11.1,65.1,58.43,2219.5,96.86,0.31,7.12,118.59,81.18,-5.47,3.12,0,-,0.23,6,37.81,200.07,-5.83,-35.22,21,3.2,14.89,33,1.83,12.59,7.94,19.47,5.16,35.57,0.82,0.67,56.6,0,43.4,1268.89,13.73,439,22.04,20,22.75,21.5,47.77,9.41,10.63,26.58,1.36,1234.86,325.25,211.15,114.1,-4.99,14.2,14.8,52
Mon Mar 13 08:17:07 GMT-03:00 2023,13-Mar-2023 08:17:08.391,-35.218688738473986,-5.828561790265347,7.199702262878418,6.0,37.748994409150114,199.90631103515625,-0.01,5.78,6.87,-0.06,21.18,-0.08,0.03,0.01,-0.09,27.45,14.12,14.7,96.86,24,22.92,14.69,1009.64,14.5,632.6,1,334.33,715.32,661.29,8995,0,74,11.39,55.69,49.41,2021.5,96.86,0.31,5.41,90.15,80.78,-5.47,-6.25,0,-,0.23,6,37.75,199.91,-5.83,-35.22,24,3.96,15.28,33,3.7,12.59,7.94,14.8,10.45,35.57,0.82,0.67,56.73,0,43.27,1279.21,11.37,441,25.92,26,20.78,22.5,53.82,9.38,10.66,26.5,1.37,1234.87,326.27,212.17,114.1,-8.11,14.22,14.8,50
Mon Mar 13 08:17:08 GMT-03:00 2023,13-Mar-2023 08:17:09.391,-35.21871571720145,-5.8286276401671735,8.033666610717773,6.0,37.73535049155131,199.86700439453125,-1.1,7.29,7.4,0.08,20.39,0,-0.08,0.04,-0.01,28.24,14.51,14.7,96.86,24,22.92,14.69,1009.57,14.5,634.7,1,337.08,600.81,661.29,8995,0,74,11.39,55.69,49.41,2021.5,96.86,0.32,5.91,98.43,80.78,-5.47,-6.25,-4.69,-,0.24,6,37.74,199.87,-5.83,-35.22,20,3.96,15.28,33,4.4,12.59,7.94,16.16,12.44,35.57,0.17,0.81,56.86,0,43.14,1279.21,10.59,442,28.92,26,20.78,22.5,53.82,9.36,10.68,26.44,1.37,1234.87,327.27,213.17,114.1,-6.84,14.22,14.7,50
Mon Mar 13 08:17:09 GMT-03:00 2023,13-Mar-2023 08:17:10.390,-35.218743213882945,-5.828701014488076,8.774598121643066,6.0,37.980346425163816,198.91737365722656,-0.57,5.38,7.57,-0.03,21.57,-0.05,-0.01,-0.02,-0.02,29.02,14.9,14.7,96.86,24,22.97,14.76,1009.5,14.5,636.7,1,337.08,600.81,661.29,8995,0,74,9.29,61.57,51.76,2026,96.86,0.32,5.91,98.43,80.78,-5.47,-1.56,-4.69,-,0.24,6,37.98,198.92,-5.83,-35.22,20,1.08,12.46,33,4.4,12.59,7.94,16.16,12.44,35.57,0.8,0.79,57,0,43,1299.45,11.76,442,31.59,30,21.96,21.5,43.8,9.36,10.68,26.44,1.37,1234.88,328.29,214.18,114.1,-6.84,14.22,14.7,50
Mon Mar 13 08:17:10 GMT-03:00 2023,13-Mar-2023 08:17:11.394,-35.21877078859755,-5.828784362376799,9.563191413879395,6.0,37.70088227228975,198.45587158203125,-0.65,6.57,7.93,0.07,21.57,-0.11,-0.03,0.03,-0.14,29.02,14.9,14.7,96.86,24,23.05,14.85,1009.51,14.5,636.7,1,339.02,527.79,658.07,8995,0,74,10.58,60.78,51.76,2046,96.86,0.32,5.99,99.77,80.39,-5.47,-6.25,-7.81,-,0.24,6,37.7,198.46,-5.83,-35.22,18,2.41,14.19,33,5.01,12.59,7.94,16.38,14.16,35.57,0.71,0.77,57.11,0,42.89,1312.55,11.76,444,34.43,34,21.96,21.5,49.4,9.34,10.71,26.38,1.38,1234.89,329.16,215.06,114.1,-6.75,14.26,14.7,51
Mon Mar 13 08:17:11 GMT-03:00 2023,13-Mar-2023 08:17:12.394,-35.218804166465205,-5.828875654350149,10.413046836853027,6.0,37.710729482017506,198.77618408203125,-0.75,7.17,7.4,0.07,22.35,0.05,-0.03,0.15,-0.04,29.8,15.69,14.7,96.86,24,23.15,14.95,1009.5,14.5,639,1,340.7,505.22,658.07,8996,0,75,9.43,64.31,54.12,2110.5,96.86,0.32,6.49,108.24,80.39,-5.47,-6.25,-7.81,-,0.24,6,37.71,198.78,-5.83,-35.22,19,2.57,12.64,33,5.24,12.59,7.94,17.77,14.79,35.57,0.71,0.77,57.25,0,42.75,1327.38,12.55,445,37.49,37,22.75,21,42.65,9.32,10.73,26.33,1.39,1234.9,330.22,216.12,114.1,-6.18,14.26,14.4,52
Mon Mar 13 08:17:12 GMT-03:00 2023,13-Mar-2023 08:17:13.393,-35.21883760518055,-5.828965945684679,10.884495735168457,6.0,38.12604348445049,199.22341918945312,-0.3,6.57,7.74,0.06,22.35,0.06,-0.04,0.12,0.01,29.8,15.29,14.7,96.86,24,23.15,14.95,1009.44,14.5,639,1,341.94,464.25,654.86,8996,0,75,9.43,64.31,54.12,2050,96.86,0.33,6.49,108.24,80,-5.47,-6.25,-7.81,-,0.24,6,38.13,199.22,-5.83,-35.22,18,2.57,12.64,33,5.7,12.59,7.94,17.77,16.09,35.57,0.71,0.76,57.38,0,42.62,1327.38,12.16,446,39.18,37,22.75,21,42.65,9.3,10.75,26.28,1.39,1234.9,331.23,217.13,114.1,-6.43,14.22,14.7,53
Mon Mar 13 08:17:13 GMT-03:00 2023,13-Mar-2023 08:17:14.393,-35.21887297904621,-5.82905956809301,11.066168785095215,6.0,38.45584702343869,199.5452880859375,0.37,6.03,7.22,-0.02,23.53,-0.03,0.07,0.04,-0.05,30.59,15.69,14.7,96.86,24,23.26,15.05,1009.34,14.5,643.7,1,341.94,464.25,654.86,8996,0,75,6.38,67.06,60.39,2050,96.86,0.33,6.49,108.24,80,-5.47,-5.47,-3.91,-,0.24,6,38.46,199.55,-5.83,-35.22,18,0.18,8.55,33,5.7,12.59,7.94,17.77,16.09,35.57,0.11,0.75,57.51,0,42.49,1342.9,13.33,446,39.84,39,23.14,21,29.71,9.3,10.75,26.28,1.41,1234.91,332.26,218.16,114.1,-6.43,14.16,14.7,53
Mon Mar 13 08:17:14 GMT-03:00 2023,13-Mar-2023 08:17:15.394,-35.21890881796565,-5.8291556526199475,11.283997535705566,6.0,38.48792932655978,200.4826202392578,0.41,6.7,7.86,0.07,25.49,0.08,0.18,0.09,0.04,30.59,15.69,14.7,96.86,24,23.37,15.16,1009.32,14.5,647.1,1,343.48,497.7,654.85,8996,0,75,3.45,74.12,60.39,2066,96.86,0.33,7.34,122.31,80,-5.47,0,2.34,-,0.24,6,38.49,200.48,-5.83,-35.22,18,0.16,4.63,33,5.31,12.59,7.94,20.08,15.01,35.57,0.12,0.72,57.64,0,42.36,1358.18,15.29,447,40.62,40,25.49,21,15.96,9.29,10.77,26.23,1.42,1234.93,333.27,219.17,114.1,-5.11,14.16,14.6,55
Mon Mar 13 08:17:15 GMT-03:00 2023,13-Mar-2023 08:17:16.394,-35.218947281197686,-5.829252459923679,11.449417114257812,6.0,39.02169531264866,200.98489379882812,-1.35,5.95,7.56,0.01,25.1,0,-0.09,0.03,-0.02,31.37,16.08,14.7,96.86,24,23.49,15.28,1009.2,14.5,647.1,1,345.47,546.88,654.85,8996,0,75,3.89,73.73,63.53,2243,96.86,0.33,8.27,137.84,80,-5.47,3.12,1.56,-,0.25,6,39.02,200.98,-5.83,-35.22,21,0.38,5.21,33,4.84,12.59,7.94,22.63,13.66,35.57,0.75,0.7,57.77,0,42.23,1380.33,15.29,449,41.22,41,25.88,21.5,16.54,9.27,10.79,26.17,1.43,1234.93,334.27,220.16,114.1,-4,14.2,14.8,59
Mon Mar 13 08:17:16 GMT-03:00 2023,13-Mar-2023 08:17:17.395,-35.21898268559136,-5.829348728952715,11.432133674621582,6.0,39.597360217343635,200.7525177001953,-1.57,6.74,6.67,0,25.1,0,-0.03,0.03,-0.01,31.37,16.08,14.7,96.86,24,23.61,15.39,1009.08,14.5,647.1,1,347.09,512.09,651.64,8996,0,75,3.89,72.55,63.14,2187,96.86,0.34,7.94,132.3,79.61,-5.47,2.34,4.69,-,0.25,6,39.6,200.75,-5.83,-35.22,20,0.22,5.21,33,5.17,12.59,7.94,21.72,14.59,35.57,0.25,0.7,57.89,0,42.11,1367.88,15.29,450,41.16,41,25.1,21,16.54,9.25,10.81,26.12,1.44,1234.95,335.26,221.16,114.1,-5.22,14.16,14.8,60
Mon Mar 13 08:17:17 GMT-03:00 2023,13-Mar-2023 08:17:18.394,-35.219017225314296,-5.829443776577805,11.31424331665039,6.0,39.934065193936256,200.76072692871094,-0.31,6.43,7.45,0.02,24.71,0,0,0.08,-0.03,31.37,16.08,14.7,96.86,24,23.72,15.5,1008.92,14.5,654.5,1,348.83,527.65,651.63,8996,0,75,3.89,72.55,62.75,2230.5,96.86,0.34,8.18,136.32,79.61,-5.47,2.34,4.69,-,0.25,6,39.93,200.76,-5.83,-35.22,19,0.27,5.21,33,5.01,12.59,7.94,22.38,14.16,35.57,0.25,0.65,58.02,0,41.98,1366.14,14.9,451,40.73,41,25.1,21,16.54,9.23,10.84,26.07,1.44,1234.95,336.27,222.17,114.1,-4.69,14.16,14.7,62
Mon Mar 13 08:17:18 GMT-03:00 2023,13-Mar-2023 08:17:19.393,-35.21905264607416,-5.829543527755314,11.552555084228516,6.0,41.267349607528175,200.85671997070312,0.56,6.14,6.92,-0.03,23.92,-0.05,0.02,0.08,-0.11,30.98,15.69,14.7,97.25,24,23.72,15.5,1008.85,14.5,658.3,1,348.83,527.65,651.63,8996,0,75,3.89,73.73,58.43,2230.5,97.25,0.34,8.18,136.32,79.61,-5.47,0.78,-1.56,-,0.25,6,41.27,200.86,-5.83,-35.22,19,0.27,5.21,33,5.01,12.59,7.94,22.38,14.16,35.57,0.73,0.65,58.14,0,41.86,1366.14,14.12,451,41.59,41,25.1,21.5,16.54,9.23,10.84,26.07,1.44,1234.95,337.25,223.15,114.1,-4.69,14.22,14.7,62
Mon Mar 13 08:17:19 GMT-03:00 2023,13-Mar-2023 08:17:20.392,-35.21908808367533,-5.829639379351518,11.536772727966309,6.0,42.47259136784693,200.9115447998047,0.42,6.26,8.06,0.06,23.92,0.04,0.08,0.06,0.02,30.98,15.69,14.7,97.25,24,23.84,15.62,1008.67,14.5,661.4,1,349.32,400.57,651.63,8996,0,75,-,60,58.43,2072,97.25,0.34,6.21,103.49,79.61,-5.47,0.78,3.12,-,0.26,6,42.47,200.91,-5.83,-35.22,17,0.59,-,33,6.6,12.59,7.94,16.99,18.65,35.57,0.14,0.58,58.27,0,41.73,1352.03,9.8,452,41.53,41,20.78,21.5,-,9.22,10.85,26.04,1.46,1234.96,338.26,224.16,114.1,-7.2,14.26,14.6,59
Mon Mar 13 08:17:20 GMT-03:00 2023,13-Mar-2023 08:17:21.393,-35.21912342711553,-5.82973523453727,11.226236343383789,8.0,42.657404946309946,201.04727172851562,0,6.42,7.38,0.02,19.61,-0.07,0.02,0.06,-0.12,27.06,14.12,14.7,97.25,24,23.95,15.72,1008.53,14.5,661.4,1,348.99,314.28,648.42,8996,0,75,-,56.47,46.27,1771,97.25,0.35,4.87,81.19,79.22,-5.47,3.91,3.12,-,0.26,8,42.66,201.05,-5.83,-35.22,13,1.53,-,33,8.42,12.59,7.94,13.33,23.77,35.57,0.14,0.58,58.39,0,41.61,1337.88,9.8,454,40.41,40,21.57,20,-,9.21,10.85,26.03,1.47,1234.98,339.29,225.18,114.1,-8.34,14.22,14.6,54
Mon Mar 13 08:17:21 GMT-03:00 2023,13-Mar-2023 08:17:22.394,-35.219160053896154,-5.829830705345731,11.141460418701172,6.0,43.24524347856815,200.89768981933594,-0.66,7.45,7.33,0.09,21.57,0.06,-0.02,0.18,-0.04,29.8,15.29,14.7,97.25,24,23.95,15.72,1008.53,14.5,662.8,1,348.88,336.88,648.42,8996,0,76,-,56.47,54.12,1771,97.25,0.35,5.09,84.91,79.22,-5.47,3.91,6.25,-,0.26,6,43.25,200.9,-5.83,-35.22,18,1.53,-,33,7.85,12.59,7.94,13.94,22.18,35.57,0.09,0.45,58.51,0,41.49,1337.88,11.76,455,40.11,40,21.57,20,-,9.21,10.86,26.01,1.47,1234.98,340.26,226.16,114.1,-6.96,14.22,14.8,54
Mon Mar 13 08:17:22 GMT-03:00 2023,13-Mar-2023 08:17:23.393,-35.21919687721057,-5.8299264501214605,11.15256404876709,6.0,43.56969719378117,200.58334350585938,-0.97,6.04,7.6,0.02,20,0,0.04,0.04,-0.01,28.63,14.9,14.7,97.25,24,24.05,15.83,1008.5,14.5,663.5,1,348.88,336.88,648.42,8996,0,76,-,58.04,51.37,1818.5,97.25,0.35,5.09,84.91,79.22,-5.47,2.34,4.69,-,0.26,6,43.57,200.58,-5.83,-35.22,17,0.11,-,33,7.85,12.59,7.94,13.94,22.18,35.57,0.37,0.43,58.63,0,41.37,1325.35,10.2,455,40.15,40,19.61,21,-,9.21,10.86,26.01,1.49,1234.99,341.26,227.16,114.1,-6.96,14.28,14.8,54
Mon Mar 13 08:17:23 GMT-03:00 2023,13-Mar-2023 08:17:24.399,-35.21923305258614,-5.830018649719353,11.066620826721191,6.0,43.74357181351639,200.3617401123047,-0.14,5.35,7.27,-0.06,20,-0.07,0.02,-0.02,-0.05,28.63,14.9,14.7,97.65,24,24.16,15.93,1008.4,14.5,663.5,1,348.61,319.96,648.41,8996,0,76,-,59.61,51.37,1679,97.65,0.35,4.84,80.65,79.22,-5.47,1.56,0,-,0.26,6,43.74,200.36,-5.83,-35.22,20,0.15,-,33,8.27,12.59,7.94,13.24,23.35,35.57,0.79,0.41,58.73,0,41.27,1312.65,10.2,456,39.84,40,19.61,20,-,9.2,10.87,26,1.5,1235.01,342.29,228.19,114.1,-7.52,14.22,14.7,52
Mon Mar 13 08:17:24 GMT-03:00 2023,13-Mar-2023 08:17:25.390,-35.21926619734391,-5.8301106031643775,10.772085189819336,6.0,44.43986058494259,200.4483642578125,-0.27,5.12,7.71,-0.04,17.65,0,0.07,-0.06,0.06,14.9,7.84,14.7,97.65,24,24.25,16.03,1008.34,14.5,663.5,1,346.65,134.85,648.41,8996,0,76,-,27.84,39.22,1540.5,97.65,0.35,2.04,33.99,79.22,-5.47,-7.03,0,-,0.26,6,44.44,200.45,-5.83,-35.22,21,0.84,-,33,19.61,12.59,7.94,5.58,55.41,35.57,0.79,0.41,58.87,0,41.13,1303.48,7.84,458,38.78,39,19.61,20,-,9.25,10.81,26.13,1.51,1235.02,343.21,229.1,114.1,-11.32,14.22,14.7,44
Mon Mar 13 08:17:25 GMT-03:00 2023,13-Mar-2023 08:17:26.390,-35.219296627378505,-5.830198035729762,10.066452980041504,6.0,44.84024484998721,200.391845703125,-0.96,5.01,8.55,0.04,13.33,0.01,-0.05,-0.05,0.07,14.9,7.45,14.7,97.65,24,24.25,16.03,1008.29,14.5,663.2,1,346.65,134.85,648.41,8996,0,77,-,27.84,16.08,1540.5,97.65,0.35,2.04,33.99,79.22,-5.47,-7.03,-8.59,-,0.26,6,44.84,200.39,-5.83,-35.22,22,0.84,-,33,19.61,12.59,7.94,5.58,55.41,35.57,0.76,0.41,58.99,0,41.01,1303.48,3.53,459,36.24,39,14.51,-4.5,-,9.25,10.81,26.13,1.51,1235.02,344.27,230.16,114.1,-11.32,14.22,14.7,44
Mon Mar 13 08:17:26 GMT-03:00 2023,13-Mar-2023 08:17:27.390,-35.21932209708538,-5.8302769611001946,9.593400955200195,6.0,45.118261297005766,200.52793884277344,-1.06,5.72,8.63,0.08,13.33,0,0.05,0,0.04,14.9,7.45,29.4,97.65,24,24.32,16.11,1008.37,14.5,663.2,2,344.35,94.19,648.42,8996,0,77,-,19.22,16.08,1443.5,97.65,0.35,1.39,23.15,79.22,-5.47,0,0,-,0.26,6,45.12,200.53,-5.83,-35.22,22,2.24,-,33,28.08,12.59,7.94,3.8,79.33,35.57,0.01,0.41,59.11,0,40.89,1291.35,3.53,459,34.54,34,13.73,-11.5,-,9.33,10.72,26.36,1.52,1235.03,345.25,231.15,114.1,-12.14,14.26,14.7,37
Mon Mar 13 08:17:27 GMT-03:00 2023,13-Mar-2023 08:17:28.394,-35.21935245180312,-5.830352847804296,9.104745864868164,6.0,45.51936060069262,200.5953826904297,-0.11,5.27,8.54,0.04,13.33,0.02,0.02,-0.03,0.07,14.9,7.45,29.4,97.65,24,24.36,16.17,1008.32,14.5,663.2,2,342.12,96.95,648.42,8996,0,77,-,18.43,16.08,1438,97.65,0.35,1.25,20.77,79.22,-5.47,0,0,-,0.26,6,45.52,200.6,-5.83,-35.22,22,3.54,-,33,27.28,12.59,7.94,3.41,77.07,35.57,0,0,59.23,0,40.77,1286.6,3.53,461,32.78,31,13.73,-12,-,9.41,10.63,26.58,1.53,1235.04,346.25,232.15,114.1,-12.24,14.26,14.7,32
Mon Mar 13 08:17:28 GMT-03:00 2023,13-Mar-2023 08:17:29.393,-35.21937939559865,-5.830421339754165,7.822483539581299,6.0,45.915877203972464,200.81614685058594,-0.51,4.29,8.84,0.02,13.33,0.01,-0.04,-0.12,0.11,14.9,7.45,29.4,97.65,24,24.37,16.21,1008.36,14.5,663.2,2,340.14,119.43,648.43,8996,0,77,-,25.49,16.47,944.5,97.65,0.36,1.4,23.33,79.22,-5.47,0,0,-,0.26,6,45.92,200.82,-5.83,-35.22,21,6.78,-,33,22.15,12.59,7.94,3.83,62.56,35.57,0.02,0.02,59.34,0,40.66,1279.01,3.53,462,28.16,26,13.73,18.5,-,9.46,10.57,26.73,1.54,1235.05,347.23,233.13,114.1,-11.95,14.22,14.7,28
Mon Mar 13 08:17:29 GMT-03:00 2023,13-Mar-2023 08:17:30.394,-35.21940053149851,-5.830475792443481,6.559887409210205,6.0,46.33622064621884,200.23345947265625,-0.28,5.4,7.91,-0,13.33,-0.02,0.01,-0.02,0.01,14.9,7.45,14.33,97.65,24,24.37,16.21,1008.4,14.5,662.2,0.97,340.14,119.43,648.43,8996,0,77,-,25.49,24.31,944.5,97.65,0.36,1.4,23.33,79.61,-5.47,0,0,-,0.26,6,46.34,200.23,-5.83,-35.22,19,6.78,-,33,22.15,12.59,7.94,3.83,62.56,35.57,0.02,0.02,59.46,0,40.54,1279.01,3.53,463,23.62,26,13.73,18.5,-,9.46,10.57,26.73,1.54,1235.05,348.24,234.14,114.1,-11.95,14.22,14.6,28
Mon Mar 13 08:17:30 GMT-03:00 2023,13-Mar-2023 08:17:31.394,-35.219413882134845,-5.830518881968315,4.630175590515137,6.0,46.41419380534924,199.25250244140625,-0.32,5.13,8.21,0.01,13.33,-0.04,0,-0.09,0.02,14.9,7.45,13.29,97.65,24,24.33,16.22,1008.37,14.5,661.1,0.9,338.29,131.98,651.64,8996,0,77,-,29.41,24.31,946.5,97.65,0.36,1.3,21.62,79.61,-5.47,0,0,-,0.26,6,46.41,199.25,-5.83,-35.22,21,5.62,-,34,20.04,12.59,7.94,3.55,56.61,35.57,0.87,0.1,59.58,0,40.42,1270.81,3.53,463,16.67,18,13.73,0.5,-,9.51,10.52,26.86,1.55,1235.06,349.23,235.13,114.1,-10.9,14.14,14.6,27
Mon Mar 13 08:17:31 GMT-03:00 2023,13-Mar-2023 08:17:32.394,-35.219425448261234,-5.8305559083173835,3.9889726638793945,6.0,46.63127073364824,199.2888641357422,-0.37,5.54,8.1,0.02,13.33,0,0,0,0.03,14.9,7.45,13.29,97.65,24,24.27,16.21,1008.35,14.5,661.1,0.9,337.05,196.55,651.65,8996,0,77,-,30.98,24.31,912,97.65,0.36,1.34,22.29,79.61,-5.47,0,0,-,0.26,6,46.63,199.29,-5.83,-35.22,21,1.67,-,34,13.46,12.59,7.94,3.66,38.01,35.57,0.87,0.1,59.7,0,40.3,1267.73,3.53,465,14.36,15,13.73,-1,-,9.52,10.5,26.91,1.55,1235.06,350.27,236.16,114.1,-10.78,14.14,14.6,27
Mon Mar 13 08:17:32 GMT-03:00 2023,13-Mar-2023 08:17:33.394,-35.21943602261127,-5.830588417521445,3.5452635288238525,6.0,46.48385324095891,199.8937530517578,-0.54,5.86,8.08,0.04,13.73,0.02,0.01,0,0.05,14.9,7.45,13.3,97.65,24,24.27,16.21,1008.34,14.5,659.6,0.9,336.29,250.04,654.86,8996,0,77,-,30.98,25.88,921,97.65,0.36,1.42,23.63,80,-5.47,0,0,-,0.27,6,46.48,199.89,-5.83,-35.22,19,1.67,-,34,10.58,12.59,7.94,3.88,29.88,35.57,0.87,0.12,59.81,0,40.19,1267.73,3.53,466,12.76,15,13.73,-1,-,9.53,10.49,26.92,1.55,1235.06,351.28,237.18,114.1,-10.41,14.14,14.7,27
Mon Mar 13 08:17:33 GMT-03:00 2023,13-Mar-2023 08:17:34.394,-35.21944499043678,-5.83061632900838,3.100217342376709,6.0,46.595312862368,200.77432250976562,-0.37,5.09,7.52,-0.05,13.73,-0.07,0,-0.05,-0.02,14.9,7.45,13.55,97.65,24,24.19,16.2,1008.33,14.5,657.5,0.92,336.29,250.04,654.86,8996,0,77,-,32.55,25.49,921,97.65,0.36,1.42,23.63,80,-5.47,0,0,-,0.27,6,46.6,200.77,-5.83,-35.22,18,0.76,-,34,10.58,12.59,7.94,3.88,29.88,35.57,0.86,0.85,59.93,0,40.07,1263.42,3.92,466,11.16,12,14.12,2,-,9.53,10.49,26.92,1.56,1235.07,352.29,238.19,114.1,-10.41,14.22,14.7,27
Mon Mar 13 08:17:34 GMT-03:00 2023,13-Mar-2023 08:17:35.395,-35.21945315576555,-5.830640163681162,2.5064918994903564,6.0,46.95368678214226,202.38327026367188,-0.09,4.7,8.13,-0.02,13.73,-0.03,0.05,-0.1,0.04,14.9,7.45,13.55,97.65,24,24.11,16.17,1008.37,14.5,657.5,0.92,336.29,-,654.86,8996,0,77,-,30.98,25.49,955,97.65,0.36,1.39,23.15,80,-5.47,-0.78,-1.56,-,0.27,6,46.95,202.38,-5.83,-35.22,18,1.16,-,34,8.64,12.59,7.94,3.8,24.41,35.57,0.77,0.87,60.03,0,39.97,1259.86,3.92,468,9.02,10,13.73,4.5,-,9.53,10.5,26.91,1.56,1235.07,353.22,239.12,114.1,-10.53,14.22,14.7,27
Mon Mar 13 08:17:35 GMT-03:00 2023,13-Mar-2023 08:17:36.394,-35.219458584939126,-5.830656169437629,1.2094063758850098,6.0,47.06161984854846,203.734619140625,-0.44,4.75,8.6,0.02,13.73,0,0,-0.08,0.08,14.9,7.45,14.7,97.65,24,23.98,16.12,1008.33,14.5,655.5,1,336.29,-,654.85,8996,0,78,-,34.51,27.06,878.5,97.65,0.36,1.47,24.49,80,-5.47,-0.78,-1.56,-,0.27,6,47.06,203.73,-5.83,-35.22,18,5.02,-,34,6.81,12.59,7.94,4.02,19.23,35.57,0.77,0.87,60.08,0,39.92,1257.81,3.92,469,4.35,4,13.73,4.5,-,9.51,10.51,26.87,1.56,1235.07,354.26,240.16,114.1,-10.45,14.22,14.8,27
Mon Mar 13 08:17:36 GMT-03:00 2023,13-Mar-2023 08:17:37.394,-35.219462311884854,-5.83066454282814,0.9033527970314026,6.0,46.973371077703646,204.2666473388672,-0.27,5.59,7.88,0.01,13.33,-0.01,0.01,0,0,14.9,7.45,14.7,97.65,24,23.98,16.12,1008.31,14.5,654,1,336.29,-,654.85,8996,0,78,-,34.51,28.24,878.5,97.65,0.36,1.47,24.49,80.78,-5.47,-0.78,0,-,0.27,6,46.97,204.27,-5.83,-35.22,18,5.02,-,34,6.81,12.59,7.94,4.02,19.23,35.57,0.08,0.83,59.91,0,40.09,1257.81,3.53,470,3.25,4,14.12,2,-,9.51,10.51,26.87,1.56,1235.07,355.27,241.17,114.1,-10.45,14.2,14.7,27
Mon Mar 13 08:17:37 GMT-03:00 2023,13-Mar-2023 08:17:38.392,-35.21946417405975,-5.830671833950996,0.7770810127258301,6.0,47.13542534015145,204.6243896484375,-0.1,7.3,6.55,0.02,13.33,0,0.02,0.17,-0.12,14.9,7.45,14.7,97.65,24,23.98,16.05,1008.3,14.5,652.4,1,336.29,-,661.27,8996,0,78,-,53.33,28.24,870,97.65,0.36,2.83,47.14,80.78,-5.47,0,2.34,-,0.27,6,47.14,204.62,-5.83,-35.22,17,3.25,-,34,1.41,12.59,7.94,7.74,3.99,35.57,0.08,0.81,59.76,0,40.24,1257.81,9.02,470,2.8,0,17.25,18.5,-,9.48,10.55,26.78,1.56,1235.07,356.18,241.3,114.88,-6.03,14.22,14.3,34
Mon Mar 13 08:17:38 GMT-03:00 2023,13-Mar-2023 08:17:39.395,-35.2194714048993,-5.8306890560456885,1.679065465927124,6.0,47.2892771194604,205.16415405273438,-0.6,7.14,7.37,0.07,18.82,0.02,0,0.12,-0.04,30.98,15.69,14.7,97.65,24,23.88,16.02,1008.34,14.5,652.4,1,336.29,-,664.48,8996,0,78,3.5,51.76,46.27,1705,97.65,0.36,4.32,72.06,81.18,-5.47,3.91,2.34,-,0.27,6,47.29,205.16,-5.83,-35.22,18,4.2,4.69,34,0,12.59,7.94,11.83,0,35.57,0.08,0.81,59.68,0,40.32,1262.31,9.02,472,6.04,7,18.82,21.5,19.61,9.48,10.55,26.77,1.56,1235.07,357.26,241.66,115.61,-1.42,14.22,14.3,48
Mon Mar 13 08:17:39 GMT-03:00 2023,13-Mar-2023 08:17:40.394,-35.21948311777451,-5.8307132832532425,2.825094699859619,6.0,47.392812596670595,205.92755126953125,-0.34,6.43,7.77,0.05,18.82,0.02,0,0.08,0,27.84,12.16,14.7,97.65,24,23.88,16.02,1008.31,14.5,649.5,1,336.29,-,664.48,8996,0,78,3.5,51.76,41.18,1705,97.65,0.36,4.32,72.06,81.18,-5.47,3.91,1.56,-,0.27,6,47.39,205.93,-5.83,-35.22,18,4.2,4.69,34,0,12.59,7.94,11.83,0,35.57,0.81,0.78,59.79,0,40.21,1262.31,9.02,473,10.17,7,18.82,21.5,19.61,9.48,10.55,26.77,1.56,1235.07,358.26,242.65,115.61,-1.42,14.26,14.4,48
Mon Mar 13 08:17:40 GMT-03:00 2023,13-Mar-2023 08:17:41.393,-35.219500181341004,-5.83074432517584,3.4788193702697754,6.0,47.57898300456908,206.9954833984375,-0.43,4.83,7.9,-0.03,18.82,0,0.01,-0.05,0.05,27.84,12.16,14.7,97.65,24,23.8,16,1008.3,14.5,648,1,336.29,-,654.85,8996,0,78,4.09,41.57,41.18,1635,97.65,0.37,3.44,57.32,80,-5.47,-3.91,-5.47,-,0.27,6,47.58,207,-5.83,-35.22,20,1.83,5.48,34,2.04,12.59,7.94,9.41,5.75,35.57,0.85,0.81,59.9,0,40.1,1266.61,9.02,473,12.52,12,15.69,-7,23.87,9.45,10.59,26.69,1.57,1235.08,359.27,243.66,115.61,-9.19,14.26,14.1,45
Mon Mar 13 08:17:41 GMT-03:00 2023,13-Mar-2023 08:17:42.393,-35.21951195352382,-5.830766059151354,2.6312901973724365,6.0,47.53475791082236,208.9390411376953,-0.13,6.57,6.89,-0.01,14.12,-0.02,0.02,0.09,-0.09,14.9,7.45,14.7,97.65,24,23.72,15.98,1008.28,14.5,648,1,336.29,-,654.84,8996,0,78,4.09,57.65,21.96,1055.5,97.65,0.37,2.36,39.41,80,-5.47,-7.03,-5.47,-,0.27,6,47.53,208.94,-5.83,-35.22,20,2.52,5.48,34,5.07,12.59,7.94,6.47,14.34,35.57,0.85,0.81,60.01,0,39.99,1264.34,4.31,475,9.47,10,15.69,2,23.87,9.43,10.61,26.64,1.57,1235.08,360.21,244.61,115.61,-10.7,14.26,14.1,40
Mon Mar 13 08:17:42 GMT-03:00 2023,13-Mar-2023 08:17:43.393,-35.219529611764386,-5.830796078646548,3.567966938018799,6.0,47.679788230150315,213.72537231445312,0.16,7.52,5.8,-0.01,26.27,-0.11,0.06,0.04,-0.16,31.76,16.08,14.7,97.65,24,23.72,15.98,1008.23,14.5,647.8,1,336.29,-,654.84,8996,0,78,4.09,57.65,65.88,1055.5,97.65,0.37,2.36,39.41,79.61,-5.47,-7.03,-4.69,-,0.27,6,47.68,213.73,-5.83,-35.22,22,2.52,5.48,34,5.07,12.59,7.94,6.47,14.34,35.57,0.05,0.82,60.12,0,39.88,1264.34,16.08,476,12.84,10,22.35,2,23.87,9.43,10.61,26.64,1.57,1235.08,361.24,245.64,115.61,-10.7,14.12,14.6,40
Mon Mar 13 08:17:43 GMT-03:00 2023,13-Mar-2023 08:17:44.394,-35.21955445042659,-5.830832442517668,4.621026992797852,6.0,47.804316051095206,215.34066772460938,-1.61,5.98,7.7,0.03,26.27,0,-0.12,0.03,0,31.76,16.08,14.7,97.65,24,23.67,15.97,1008.23,14.5,649.3,1,336.29,-,651.63,8996,0,78,5.39,62.35,65.88,2188,97.65,0.37,7.09,118.23,79.61,-5.47,-7.03,-9.38,-,0.27,6,47.8,215.34,-5.83,-35.22,21,2.16,7.23,33,1.41,12.59,7.94,19.41,3.98,35.57,0.82,0.47,60.23,0,39.77,1269.69,16.08,476,16.64,15,17.65,9.5,23.53,9.4,10.64,26.54,1.58,1235.08,362.26,246.66,115.61,3.19,14.16,14.7,60
Mon Mar 13 08:17:44 GMT-03:00 2023,13-Mar-2023 08:17:45.394,-35.219576234556165,-5.830865209715918,4.430967330932617,6.0,47.93466922836973,201.32476806640625,-3.1,5.25,8.21,0.06,15.29,0,-0.17,-0.03,0.02,14.9,7.84,14.7,97.65,24,23.62,15.97,1008.23,14.5,649.3,1,336,302.24,651.62,8996,0,78,5.39,29.41,25.88,1190.5,97.65,0.37,1.71,28.57,79.61,-5.47,-10.94,-10.16,-,0.27,6,47.93,201.32,-5.83,-35.22,21,1.64,7.23,34,8.75,12.59,7.94,4.69,24.72,35.57,0.1,0.47,60.34,0,39.66,1265.12,5.49,478,15.95,15,16.47,22.5,23.53,9.39,10.65,26.53,1.58,1235.09,363.26,247.65,115.61,-12.45,14.2,14.7,48
Mon Mar 13 08:17:45 GMT-03:00 2023,13-Mar-2023 08:17:46.393,-35.21958870000498,-5.830900255388272,4.074191570281982,6.0,48.316173775128476,172.40713500976562,-1.5,5.64,8.83,0.1,17.65,0.07,-0.11,0,0.1,24.31,12.55,14.7,97.65,24,23.57,15.96,1008.17,14.5,649.7,1,340.41,851.94,651.62,8996,0,78,5.39,29.41,43.53,1761,97.65,0.37,4.83,80.52,79.61,-5.47,-10.94,-10.16,-,0.28,6,48.32,172.41,-5.83,-35.22,19,0.33,7.23,34,3.1,12.59,7.94,13.22,8.77,35.57,0.1,0.61,60.45,0,39.55,1260.53,7.84,479,14.67,15,16.47,22.5,23.53,9.37,10.67,26.46,1.59,1235.1,364.27,248.67,115.61,-3.82,14.2,14.6,54
Mon Mar 13 08:17:46 GMT-03:00 2023,13-Mar-2023 08:17:47.394,-35.21957921712667,-5.830942017468305,4.740775108337402,6.0,49.15710942650921,139.77639770507812,-2.04,6.5,7.41,0.05,20.78,0.01,-0.26,0.1,-0.1,28.63,14.9,14.7,97.65,24,23.57,15.96,1008.14,14.5,650.9,1,340.41,851.94,651.62,8996,0,78,5.39,60.39,50.98,1761,97.65,0.37,4.83,80.52,79.61,-5.47,-3.12,-0.78,-,0.28,6,49.16,139.78,-5.83,-35.22,18,0.33,7.23,33,3.1,12.59,7.94,13.22,8.77,35.57,0.09,0.09,60.56,0,39.44,1260.53,10.59,479,17.07,15,20.78,20,23.53,9.37,10.67,26.46,1.59,1235.1,365.26,249.65,115.61,-3.82,14.26,14.8,54
Mon Mar 13 08:17:47 GMT-03:00 2023,13-Mar-2023 08:17:48.396,-35.219540955223316,-5.830979952043471,5.718182563781738,6.0,49.03413448606143,114.76653289794922,-0.79,6.64,6.95,0,20.78,-0.01,-0.04,0.1,-0.08,28.63,14.9,14.7,97.65,24,23.53,15.97,1008.13,14.5,652.3,1,345.8,976.96,654.83,8996,0,78,4.5,63.92,50.98,1866,97.65,0.38,5.54,92.34,80,-5.47,-7.81,-4.69,-,0.28,6,49.03,114.77,-5.83,-35.22,20,0.93,6.03,33,2.71,12.59,7.94,15.16,7.65,35.57,0.23,0.16,60.67,0,39.33,1267.16,10.59,480,20.59,18,21.18,20,23.02,9.34,10.71,26.39,1.59,1235.1,366.26,250.65,115.61,-6.25,14.16,14.6,54
Mon Mar 13 08:17:48 GMT-03:00 2023,13-Mar-2023 08:17:49.393,-35.21948063463343,-5.831000957509228,6.768197536468506,6.0,49.01991764145912,106.60169219970703,0.94,6.63,6.82,-0.01,20.39,0.04,0.18,0.14,-0.04,28.63,14.9,14.7,97.65,24,23.53,16,1008.08,14.5,652.3,1,349.9,833.47,654.82,8996,0,78,9.21,67.84,52.16,1794,97.65,0.38,5.67,94.53,80,-5.47,-2.34,0,-,0.28,6,49.02,106.6,-5.83,-35.22,19,2.41,12.35,33,3.17,12.59,7.94,15.52,8.96,35.57,0.16,0.16,60.77,0,39.23,1277.92,10.59,482,24.37,23,23.53,20,49.02,9.32,10.73,26.32,1.6,1235.11,367.26,251.65,115.61,-6.53,14.16,14.6,54
Mon Mar 13 08:17:49 GMT-03:00 2023,13-Mar-2023 08:17:50.392,-35.21940817915694,-5.831018182990048,7.269532680511475,4.0,49.204676781112525,108.28933715820312,-0.09,6.96,6.72,0.01,25.49,-0.01,0.03,0.13,-0.1,33.73,17.25,14.7,97.65,24,23.56,16.05,1008.05,14.5,653.5,1,354.33,881.33,651.61,8996,0,78,11.31,67.84,65.1,2139,97.65,0.38,7.66,127.73,79.61,-5.47,-2.34,0,-,0.28,4,49.2,108.29,-5.83,-35.22,17,1.83,15.17,33,3,12.59,7.94,20.97,8.48,35.57,0.16,0.17,60.88,0,39.12,1287.85,15.29,483,26.17,28,23.53,20,50.5,9.29,10.76,26.24,1.61,1235.12,368.26,252.65,115.61,-3.3,14.16,14.7,60
Mon Mar 13 08:17:50 GMT-03:00 2023,13-Mar-2023 08:17:51.391,-35.21932838144056,-5.831043718179423,8.986172676086426,4.0,49.454776290164716,110.16102600097656,0.23,6.48,7.21,0.01,23.92,0.05,0.09,0.14,-0.03,32.16,16.47,14.7,97.65,24,23.56,16.05,1008,14.5,656.1,1,354.33,881.33,651.61,8996,0,78,11.31,74.9,61.57,2139,97.65,0.38,7.66,127.73,79.61,-5.47,0.78,0.78,-,0.28,4,49.45,110.16,-5.83,-35.22,15,1.83,15.17,33,3,12.59,7.94,20.97,8.48,35.57,0.76,0.2,60.98,0,39.02,1287.85,14.12,483,32.35,28,24.71,21,50.5,9.29,10.76,26.24,1.61,1235.12,369.2,253.59,115.61,-3.3,14.16,14.8,60
Mon Mar 13 08:17:51 GMT-03:00 2023,13-Mar-2023 08:17:52.395,-35.219245871949205,-5.83107305050438,9.619025230407715,4.0,49.73644399845043,111.29876708984375,-0.02,6.21,7.21,-0.01,24.31,-0.02,0.03,0.06,-0.05,32.16,16.47,14.7,97.65,24,23.61,16.12,1007.96,14.5,659.1,1,356.9,665.26,651.61,8996,0,78,13.71,73.73,61.57,2019,97.65,0.39,7.04,117.38,79.61,-5.47,-0.78,1.56,-,0.29,4,49.74,111.3,-5.83,-35.22,16,0.65,18.39,33,3.98,12.59,7.94,19.27,11.23,35.57,0.17,0.22,61.09,0,38.91,1305.35,14.51,484,34.63,33,24.71,21,64.85,9.27,10.79,26.18,1.61,1235.12,370.28,254.68,115.61,-5.87,14.16,14.7,59
Mon Mar 13 08:17:52 GMT-03:00 2023,13-Mar-2023 08:17:53.393,-35.219157989177695,-5.831106339046097,10.240765571594238,4.0,50.03256162006687,111.52808380126953,-0.02,6.89,8.12,0.11,24.31,0,0.03,0.07,-0.02,32.16,16.47,14.7,97.65,24,23.68,16.19,1007.89,14.5,659.1,1,358.63,567.69,651.6,8996,0,78,6.62,74.51,62.35,2007.5,97.65,0.39,7.08,118.05,79.61,-5.47,3.12,0,-,0.29,4,50.03,111.53,-5.83,-35.22,17,0.37,8.88,33,4.66,12.59,7.94,19.38,13.16,35.57,0.8,0.24,61.2,0,38.8,1318.32,14.51,486,36.87,35,24.71,21,31.5,9.25,10.81,26.13,1.62,1235.13,371.26,255.65,115.61,-5.3,14.22,14.6,60
Mon Mar 13 08:17:53 GMT-03:00 2023,13-Mar-2023 08:17:54.393,-35.21906886562963,-5.831153609196821,10.875473976135254,4.0,49.011979681298264,111.75520324707031,-0.34,6.68,7.95,0.08,24.31,0.05,0,0.11,0.01,31.76,16.47,14.7,97.65,24,23.76,16.28,1007.8,14.5,659.1,1,359.87,511.5,648.39,8996,0,78,9.84,73.33,62.75,1952,97.65,0.39,6.77,112.81,79.22,-5.47,2.34,-1.56,-,0.29,4,49.01,111.76,-5.83,-35.22,18,1.13,13.19,33,5.17,12.59,7.94,18.52,14.61,35.57,0.74,0.24,61.3,0,38.7,1334.75,14.51,487,39.15,38,24.31,20,48.12,9.23,10.83,26.09,1.63,1235.14,372.28,256.67,115.61,-5.66,14.14,14.6,60
Mon Mar 13 08:17:54 GMT-03:00 2023,13-Mar-2023 08:17:55.394,-35.21897795632047,-5.831190809048757,10.920178413391113,4.0,49.366830413683644,111.93651580810547,-0.41,5.47,7.25,-0.05,23.53,0.01,0.05,0,0.03,31.76,16.08,14.7,97.65,24,23.85,16.36,1007.74,14.5,664.5,1,360.63,453.56,645.18,8996,0,78,3.36,75.29,61.18,1820,97.65,0.4,6.52,108.6,78.82,-5.47,2.34,-1.56,-,0.29,4,49.37,111.94,-5.83,-35.22,17,0.31,4.51,33,5.83,12.59,7.94,17.83,16.47,35.57,0.74,0.73,61.4,0,38.6,1357.87,13.73,488,39.31,39,24.31,20,17.66,9.22,10.85,26.05,1.63,1235.14,373.25,257.64,115.61,-5.75,14.14,14.8,60
Mon Mar 13 08:17:55 GMT-03:00 2023,13-Mar-2023 08:17:56.391,-35.21888866001646,-5.831229263392212,10.853096008300781,4.0,50.02594793024263,112.42253112792969,-1.66,6.11,6.79,-0.03,24.31,-0.05,-0.12,0.05,-0.1,30.59,15.69,14.7,97.65,24,23.93,16.45,1007.65,14.5,664.5,1,361,407.48,645.17,8996,0,78,3.36,75.29,63.14,1731,97.65,0.4,6.01,100.14,78.82,-5.47,0.78,-0.78,-,0.29,4,50.03,112.42,-5.83,-35.22,24,1.07,4.51,33,6.49,12.59,7.94,16.44,18.34,35.57,0.73,0.71,61.51,0,38.49,1348.37,14.51,489,39.07,38,25.1,19.5,17.66,9.21,10.86,26.02,1.64,1235.15,374.27,258.67,115.61,-5.84,14.16,14.7,59
Mon Mar 13 08:17:56 GMT-03:00 2023,13-Mar-2023 08:17:57.394,-35.218800790973795,-5.831267323671206,10.701051712036133,4.0,50.88341602340518,111.73217010498047,-1.74,6.91,7.6,0.08,23.53,0,0,0.03,-0.01,33.33,16.86,14.7,97.65,24,23.93,16.45,1007.56,14.5,668.4,1,361,407.48,645.17,8996,0,78,3.36,75.29,63.53,1731,97.65,0.4,6.01,100.14,78.82,-5.47,-3.12,-2.34,-,0.29,4,50.88,111.73,-5.83,-35.22,26,1.07,4.51,33,6.49,12.59,7.94,16.44,18.34,35.57,0.33,0.71,61.61,0,38.39,1348.37,13.73,489,38.52,38,23.53,18.5,17.66,9.21,10.86,26.02,1.64,1235.15,375.24,259.64,115.61,-5.84,14.12,14.7,59
Mon Mar 13 08:17:57 GMT-03:00 2023,13-Mar-2023 08:17:58.393,-35.218711652038316,-5.831302842976785,10.760005950927734,4.0,52.54449976448854,111.59284973144531,-0.54,6.01,7.88,0.03,23.53,0.01,-0.01,0.04,0,33.33,16.86,14.7,97.65,24,24.01,16.53,1007.46,14.5,668.4,1,362.69,573.63,645.17,8996,0,79,3.36,80,63.53,2128.5,97.65,0.4,8.24,137.35,78.82,-5.47,-1.56,0.78,-,0.3,4,52.54,111.59,-5.83,-35.22,26,0.52,4.51,33,4.61,12.59,7.94,22.55,13.03,35.57,0.1,0.72,61.71,0,38.29,1342.45,13.73,490,38.74,38,27.06,20,17.66,9.19,10.88,25.97,1.65,1235.16,376.23,260.62,115.61,-2.01,14.12,14.7,66
Mon Mar 13 08:17:58 GMT-03:00 2023,13-Mar-2023 08:17:59.393,-35.21862104526192,-5.831338556278455,10.8739013671875,4.0,53.561385071151015,110.6592025756836,-1.51,5.87,7.99,0.04,23.53,0.01,-0.06,0.05,0,23.92,10.59,14.7,97.65,24,24.08,16.62,1007.4,14.5,670.8,1,361.6,224.62,641.96,8996,0,79,-,49.8,56.86,1591.5,97.65,0.4,3.23,53.78,78.43,-5.47,-7.81,0.78,-,0.3,4,53.56,110.66,-5.83,-35.22,28,0.74,-,33,11.78,12.59,7.94,8.83,33.26,35.57,0.1,0.72,61.81,0,38.19,1331.31,13.73,492,39.15,38,27.06,19.5,-,9.2,10.87,25.99,1.66,1235.17,377.24,261.64,115.61,-10.53,14.12,14.7,56
Mon Mar 13 08:17:59 GMT-03:00 2023,13-Mar-2023 08:18:00.394,-35.21852852048286,-5.831367140862547,10.62203598022461,4.0,54.500826337325904,104.83460998535156,-0.82,5.97,7.08,-0.03,20.39,-0.05,-0.04,0.03,-0.07,30.2,16.08,14.7,97.65,24,24.08,16.62,1007.35,14.5,672,1,361.6,224.62,641.96,8996,0,79,-,49.8,56.86,1591.5,97.65,0.4,3.23,53.78,78.43,-5.47,-7.81,-6.25,-,0.3,4,54.5,104.83,-5.83,-35.22,26,0.74,-,33,11.78,12.59,7.94,8.83,33.26,35.57,0.08,0.73,61.91,0,38.09,1331.31,10.59,492,38.24,38,20.78,19.5,-,9.2,10.87,25.99,1.66,1235.17,378.26,262.65,115.61,-10.53,14.14,14.3,56
Mon Mar 13 08:18:00 GMT-03:00 2023,13-Mar-2023 08:18:01.393,-35.2184340230607,-5.831390170248801,10.45261287689209,4.0,55.426387784297184,103.63966369628906,1.4,5.84,6.81,-0.05,20.39,-0.06,0.18,0.04,-0.1,30.2,16.08,14.7,97.65,24,24.16,16.69,1007.24,14.5,672.5,1,361.49,346.72,641.96,8996,0,80,-,69.8,56.86,1588.5,97.65,0.41,4.98,83.02,78.43,-5.47,2.34,1.56,-,0.3,4,55.43,103.64,-5.83,-35.22,27,1.24,-,33,7.63,12.59,7.94,13.63,21.55,35.57,0.74,0.74,62.01,0,37.99,1319.45,10.59,493,37.63,37,21.18,18.5,-,9.2,10.87,25.98,1.68,1235.19,379.26,263.65,115.61,-6.29,14.26,14.7,56
Mon Mar 13 08:18:01 GMT-03:00 2023,13-Mar-2023 08:18:02.393,-35.218338467750385,-5.831413033548223,10.971556663513184,4.0,55.40366769534866,109.16575622558594,1.18,5.03,7.89,-0.02,20.39,-0.03,0.15,-0.05,0,30.59,15.69,14.7,97.65,24,24.23,16.78,1007.16,14.5,672.5,1,361.45,356.88,641.95,8996,0,80,2.97,67.45,55.29,1651,97.65,0.41,4.99,83.2,78.43,-5.47,0,-2.34,-,0.3,4,55.4,109.17,-5.83,-35.22,30,0.37,3.99,33,7.41,12.59,7.94,13.66,20.94,35.57,0.68,0.74,62.12,0,37.88,1335.49,10.59,495,39.5,38,21.18,18.5,17.19,9.19,10.88,25.96,1.69,1235.2,380.28,264.67,115.61,-6.26,14.18,14.7,56
Mon Mar 13 08:18:02 GMT-03:00 2023,13-Mar-2023 08:18:03.393,-35.218237460932464,-5.831448259475502,11.899849891662598,4.0,55.12012084870558,111.39408874511719,-0.14,6.4,7.13,-0,20.78,0.02,-0.02,0.1,-0.01,26.67,13.73,14.7,97.65,24,24.23,16.78,1007.24,14.5,672.3,1,361.02,305.77,641.95,8996,0,80,2.97,67.45,53.73,1648.5,97.65,0.41,4.39,73.21,78.43,-5.47,0,-2.34,-,0.31,4,55.12,111.39,-5.83,-35.22,27,0.37,3.99,33,8.65,12.59,7.94,12.02,24.44,35.57,0.68,0.71,62.21,0,37.79,1335.49,10.98,496,42.84,38,21.18,18.5,17.19,9.19,10.89,25.95,1.71,1235.22,381.26,265.65,115.61,-7.52,14.18,14.6,54
Mon Mar 13 08:18:03 GMT-03:00 2023,13-Mar-2023 08:18:04.395,-35.21812666407013,-5.831493585734902,13.227489471435547,4.0,54.657269491535914,112.03146362304688,-0.08,5.48,7.17,-0.06,17.25,-0.07,0.03,-0.01,-0.06,19.61,10.2,14.7,97.65,24,24.34,16.88,1007.28,14.5,672,1,361.02,305.77,641.95,8996,0,80,16.68,60.39,35.69,1648.5,97.65,0.41,4.39,73.21,78.43,-5.47,-3.91,-0.78,-,0.31,4,54.66,112.03,-5.83,-35.22,26,0.16,22.37,33,8.65,12.59,7.94,12.02,24.44,35.57,0.26,0.69,62.3,0,37.7,1342.94,7.45,496,47.62,43,19.22,20,96.65,9.19,10.89,25.95,1.71,1235.22,382.18,266.58,115.61,-7.52,14.16,14.3,54
Mon Mar 13 08:18:04 GMT-03:00 2023,13-Mar-2023 08:18:05.395,-35.21801270604964,-5.8315440599319555,13.717181205749512,4.0,53.2785383385818,112.70136260986328,-1,5.24,8.95,0.08,17.25,0.07,0,-0.01,0.12,19.61,10.2,14.7,97.65,24,24.47,17,1007.4,14.5,672,1,359.3,135.33,638.74,8996,0,80,23.25,31.37,35.69,1518.5,97.65,0.41,2.2,36.67,78.04,-5.47,-8.59,-10.16,-,0.31,4,53.28,112.7,-5.83,-35.22,28,1.38,31.18,33,19.54,12.59,7.94,6.02,55.21,35.57,0.7,0.68,62.4,0,37.6,1371.71,7.45,497,49.38,49,14.51,-5.5,146.21,9.23,10.84,26.06,1.74,1235.25,383.12,267.52,115.61,-11,14.22,14.7,46
Mon Mar 13 08:18:05 GMT-03:00 2023,13-Mar-2023 08:18:06.393,-35.21789075888102,-5.831596384278937,14.705300331115723,6.0,53.421323668713825,112.03633117675781,0.13,4.75,8.1,-0.02,13.33,-0.04,0.05,-0.08,0.03,16.08,9.41,14.7,97.65,24,24.63,17.14,1007.51,14.5,671.6,1,357.2,82.66,638.74,8996,0,81,16,16.47,15.69,1887,97.65,0.41,1.53,25.52,78.04,-5.47,-3.91,-10.16,-,0.31,6,53.42,112.04,-5.83,-35.22,20,3.62,21.46,33,32,12.59,7.94,4.19,90.39,35.57,0.7,0.68,62.51,0,37.49,1380.9,3.53,499,52.94,53,14.51,37.5,80.99,9.31,10.74,26.31,1.74,1235.25,384.23,268.62,115.61,-11.86,14.22,14.7,39
Mon Mar 13 08:18:06 GMT-03:00 2023,13-Mar-2023 08:18:07.393,-35.217766048106874,-5.83164796285197,15.236686706542969,6.0,53.611238489910846,111.52090454101562,-0.2,5.36,8.55,0.05,13.73,0,0.03,-0.05,0.05,20,10.2,14.7,97.65,24,24.63,17.14,1007.69,14.5,671.6,1,357.2,82.66,638.74,8996,0,81,16,16.47,17.25,1887,97.65,0.41,1.53,25.52,78.04,-5.47,-3.91,-2.34,-,0.31,6,53.61,111.52,-5.83,-35.22,19,3.62,21.46,33,32,12.59,7.94,4.19,90.39,35.57,0.05,0.68,62.6,0,37.4,1380.9,3.92,499,54.85,53,14.51,37.5,80.99,9.31,10.74,26.31,1.77,1235.28,385.24,269.63,115.61,-11.86,14.16,14.7,39
Mon Mar 13 08:18:07 GMT-03:00 2023,13-Mar-2023 08:18:08.394,-35.21763091288858,-5.8316988749266105,16.156747817993164,8.0,53.489830005216085,110.9271240234375,-0.22,6.24,8.29,0.08,13.73,0.05,0.01,0.06,0.05,20,10.2,14.7,97.65,24,24.8,17.29,1007.86,14.5,671.6,1,354.97,59.64,638.75,8996,0,81,16.77,19.22,17.25,1365,97.65,0.41,1.2,19.92,78.04,-5.47,2.34,0.78,-,0.31,8,53.49,110.93,-5.83,-35.22,15,2.15,22.48,33,44.35,12.59,7.94,3.27,125.28,35.57,0.61,0.67,62.7,0,37.3,1390.04,3.92,500,58.16,57,13.73,22.5,117.29,9.33,10.72,26.36,1.77,1235.28,386.26,270.65,115.61,-12.84,14.14,14.3,32
Mon Mar 13 08:18:08 GMT-03:00 2023,13-Mar-2023 08:18:09.395,-35.21748924136833,-5.831749420500591,16.697948455810547,8.0,53.320304625145766,110.91883087158203,0.74,5.62,7.16,-0.05,16.47,-0.03,0.02,-0.02,0,21.57,10.98,14.7,97.65,24,24.99,17.45,1007.94,14.5,671.6,1,353.01,93.1,638.75,8996,0,81,14.25,32.55,29.41,1372.5,97.65,0.42,2.01,33.44,78.04,-5.47,4.69,3.91,-,0.31,8,53.32,110.92,-5.83,-35.22,13,1.84,19.1,33,28.41,12.59,7.94,5.49,80.25,35.57,0.74,0.67,62.8,0,37.2,1424.13,6.67,502,60.11,60,14.51,24,99.11,9.4,10.63,26.57,1.8,1235.31,387.25,271.64,115.61,-10.65,14.16,14.3,30
Mon Mar 13 08:18:09 GMT-03:00 2023,13-Mar-2023 08:18:10.394,-35.2173492896247,-5.831800292816691,16.680126190185547,12.0,52.61580987647582,111.00230407714844,-0.72,6.43,11.05,0.33,14.12,0.3,-0.03,0.08,0.33,14.9,7.45,14.7,97.65,24,25.18,17.61,1007.99,14.5,671.9,1,350.78,52.2,638.76,8996,0,81,14.25,32.55,19.61,1294,97.65,0.42,1.18,19.74,78.04,-5.47,4.69,3.91,-,0.31,12,52.62,111,-5.83,-35.22,7,0.05,19.1,33,50.67,12.59,7.94,3.24,143.14,35.57,0.74,0.25,62.9,0,37.1,1398.19,4.31,503,60.05,60,14.51,24,99.11,9.42,10.61,26.61,1.8,1235.31,388.27,272.67,115.61,-12.24,14.16,14.7,27
Mon Mar 13 08:18:10 GMT-03:00 2023,13-Mar-2023 08:18:11.394,-35.21721017786064,-5.8318505981167545,16.676149368286133,6.0,52.43318953279533,112.15332794189453,-0.78,4.98,9.14,0.08,14.12,0.26,-0.05,0.04,0.3,20.78,11.76,14.7,97.65,24,25.18,17.61,1008.15,14.5,672,1,350.78,52.2,638.76,8996,0,81,14.25,19.22,24.31,1294,97.65,0.42,1.18,19.74,78.04,-5.47,-0.78,-1.56,-,0.31,6,52.43,112.15,-5.83,-35.22,10,0.05,19.1,33,50.67,12.59,7.94,3.24,143.14,35.57,0.8,0.16,62.99,0,37.01,1398.19,4.31,503,60.03,60,14.12,31.5,99.11,9.42,10.61,26.61,1.83,1235.34,389.27,273.66,115.61,-12.24,14.2,14.6,27
Mon Mar 13 08:18:11 GMT-03:00 2023,13-Mar-2023 08:18:12.393,-35.21707358725078,-5.83190571732742,16.589046478271484,6.0,52.021785530417795,112.65117645263672,-0.5,7.07,9.69,0.24,14.12,0.22,-0.01,0.14,0.19,20.78,11.76,14.7,97.65,24,25.37,17.77,1008.17,14.5,672.2,1,349.1,121.64,638.76,8996,0,81,14.25,48.24,24.31,1313,97.65,0.42,2.76,45.99,78.04,-4.69,3.12,3.91,-,0.31,6,52.02,112.65,-5.83,-35.22,11,0.03,19.1,33,21.74,12.59,7.94,7.55,61.43,35.57,0.08,0.08,63.09,0,36.91,1373.02,4.31,504,59.72,60,20.39,17,99.11,9.47,10.56,26.75,1.83,1235.34,390.27,274.66,115.61,-8.91,14.22,14.6,29
Mon Mar 13 08:18:12 GMT-03:00 2023,13-Mar-2023 08:18:13.393,-35.21693799686957,-5.831967822047591,16.375614166259766,6.0,51.75005203229888,112.68659210205078,-0.04,6.27,8.95,0.14,18.82,0.02,0,0.01,0.05,25.1,12.94,14.7,97.65,24,25.55,17.92,1008.1,14.5,672.2,1,347.8,171.26,638.76,8996,0,81,-,54.51,50.59,1431.5,97.65,0.42,3.88,64.75,78.04,-4.69,1.56,3.91,-,0.31,6,51.75,112.69,-5.83,-35.22,18,0.72,-,33,15.44,12.59,7.94,10.63,43.63,35.57,0.08,0.08,63.18,0,36.82,1373.02,9.02,506,58.95,59,16.08,-7.5,-,9.49,10.54,26.81,1.87,1235.37,391.26,275.65,115.61,-6.74,14.22,14.6,35
Mon Mar 13 08:18:13 GMT-03:00 2023,13-Mar-2023 08:18:14.394,-35.216807668190576,-5.8320254582698405,16.018949508666992,6.0,51.32782898222763,112.9423599243164,-0.31,4.27,7.87,-0.07,14.12,-0.08,0,-0.13,0,14.9,7.45,14.7,97.65,24,25.55,17.92,1008.05,14.5,671.8,1,345.66,52.26,638.76,8996,0,81,-,54.51,20.78,1431.5,97.65,0.42,1.17,19.43,78.04,-4.69,1.56,0.78,-,0.31,6,51.33,112.94,-5.83,-35.22,24,0.72,-,33,50.61,12.59,7.94,3.19,142.96,35.57,0.85,0.14,63.27,0,36.73,1348.77,4.31,507,57.67,59,16.08,-7.5,-,9.51,10.52,26.86,1.87,1235.37,392.25,276.64,115.61,-12.37,14.22,14.7,30
Mon Mar 13 08:18:14 GMT-03:00 2023,13-Mar-2023 08:18:15.394,-35.21668070704799,-5.832083695911031,15.8077392578125,6.0,49.88620092592315,113.54084014892578,0.86,7.16,9.86,0.27,12.94,0.18,0.13,0.09,0.17,15.69,8.24,14.7,97.65,24,25.71,18.06,1008.13,14.5,671.5,1,345.66,52.26,638.76,8996,0,81,-,19.22,15.69,1314.5,97.65,0.42,1.17,19.43,78.04,-4.69,-3.91,-4.69,-,0.31,6,49.89,113.54,-5.83,-35.22,27,1.67,-,33,50.61,12.59,7.94,3.19,142.96,35.57,0.82,0.15,63.37,0,36.63,1348.77,3.14,507,56.91,56,13.33,-10.5,-,9.51,10.52,26.86,1.9,1235.4,393.26,277.65,115.61,-12.37,14.2,14.7,30
Mon Mar 13 08:18:15 GMT-03:00 2023,13-Mar-2023 08:18:16.394,-35.21654857210901,-5.83214527752164,15.968281745910645,6.0,49.08612555331712,113.7598876953125,0.74,7.93,7.03,0.1,12.94,0.08,0.11,0.23,-0.07,15.69,8.24,14.7,97.65,24,25.87,18.21,1008.14,14.5,671.2,1,344.16,137.58,638.77,8996,0,81,4.85,41.96,15.69,1388.5,97.65,0.42,2.91,48.55,78.04,-5.47,-1.56,0,-,0.31,6,49.09,113.76,-5.83,-35.22,26,0.09,6.51,33,19.23,12.59,7.94,7.97,54.31,35.57,0.05,0.16,63.46,0,36.54,1356.63,3.14,508,57.49,57,17.65,19.5,33.37,9.54,10.48,26.96,1.9,1235.4,394.26,278.65,115.61,-8.69,14.2,14.8,32
Mon Mar 13 08:18:16 GMT-03:00 2023,13-Mar-2023 08:18:17.394,-35.216414386966,-5.832210123126601,16.4630069732666,6.0,48.22685499941699,113.8419189453125,0.46,5.76,8.05,0.03,17.65,-0.01,0.1,0,0,23.92,12.16,14.7,97.65,24,26.05,18.36,1008.29,14.5,671.2,1,342.82,156.7,638.77,8996,0,81,9.37,47.45,41.96,1490.5,97.65,0.42,3.38,56.28,78.04,-5.47,2.34,0,-,0.31,6,48.23,113.84,-5.83,-35.22,26,1.51,12.57,33,16.88,12.59,7.94,9.24,47.68,35.57,0.05,0.16,63.55,0,36.45,1387.86,7.84,510,59.27,59,17.25,21.5,60.05,9.57,10.45,27.04,1.93,1235.44,395.2,279.59,115.61,-8.12,14.2,14.8,35
Mon Mar 13 08:18:17 GMT-03:00 2023,13-Mar-2023 08:18:18.392,-35.21627315005397,-5.8322739510469335,17.196470260620117,6.0,48.119671318344196,113.7159423828125,0.88,6.19,8.48,0.09,16.86,0.07,0.12,0.06,0.06,23.92,12.16,14.7,98.04,24,26.23,18.52,1008.39,14.5,670.4,1,341.31,129.6,638.77,8996,0,81,15.56,47.45,36.86,1430,98.04,0.42,2.89,48.18,78.04,-4.69,2.34,0.78,-,0.31,6,48.12,113.72,-5.83,-35.22,25,0.09,20.87,33,20.41,12.59,7.94,7.91,57.65,35.57,0.7,0.13,63.64,0,36.36,1396.55,7.06,511,61.91,62,17.25,21.5,103.93,9.61,10.4,27.15,1.93,1235.44,396.26,280.65,115.61,-9.42,14.2,14.7,35
Mon Mar 13 08:18:18 GMT-03:00 2023,13-Mar-2023 08:18:19.397,-35.21613220224096,-5.832337775752316,17.445146560668945,4.0,47.20024491639154,113.6451187133789,0.57,5.43,8.08,0.02,14.12,-0.04,0.05,-0.04,0,20,10.2,14.7,98.04,24,26.23,18.52,1008.52,14.5,669.5,1,341.31,129.6,638.77,8996,0,81,15.56,41.57,25.1,1430,98.04,0.42,2.89,48.18,78.04,-4.69,5.47,5.47,-,0.31,4,47.2,113.65,-5.83,-35.22,28,0.09,20.87,33,20.41,12.59,7.94,7.91,57.65,35.57,0.84,0.15,63.73,0,36.27,1396.55,4.71,511,62.8,62,16.08,21.5,103.93,9.61,10.4,27.15,1.96,1235.47,397.25,281.65,115.61,-9.42,14.16,14.7,35
Mon Mar 13 08:18:19 GMT-03:00 2023,13-Mar-2023 08:18:20.391,-35.215986031654154,-5.832402546703959,17.719745635986328,4.0,46.306763194163736,113.54866027832031,0.31,5.16,7.77,-0.03,14.12,-0.04,0.07,-0.04,0,20,10.2,14.7,98.04,24,26.42,18.68,1008.65,14.5,669,1,339.41,71.41,638.77,8996,0,81,5.06,27.06,25.1,1251.5,98.04,0.43,1.67,27.9,78.04,-4.69,0,-0.78,-,0.32,4,46.31,113.55,-5.83,-35.22,26,0.2,6.78,33,37.04,12.59,7.94,4.58,104.63,35.57,0.83,0.16,63.83,0,36.17,1404.28,4.71,512,63.79,63,13.33,-6,38.58,9.63,10.39,27.19,1.98,1235.49,398.25,282.64,115.61,-11.43,14.22,14.6,31
Mon Mar 13 08:18:20 GMT-03:00 2023,13-Mar-2023 08:18:21.393,-35.215838437968245,-5.832467585093493,17.789865493774414,4.0,45.57970125416183,114.07713317871094,0.55,5.44,8.66,0.06,13.33,0,0.09,-0.03,0.05,14.9,7.45,14.7,98.04,24,26.61,18.84,1008.73,14.5,669,1,337.39,50.17,638.77,8996,0,81,5.06,18.82,16.08,1295,98.04,0.43,1.2,19.92,78.04,-4.69,0,0,-,0.32,4,45.58,114.08,-5.83,-35.22,27,0.79,6.78,33,52.72,12.59,7.94,3.27,148.91,35.57,0.02,0.16,63.92,0,36.08,1391.68,3.14,514,64.04,63,13.33,-12,38.58,9.64,10.37,27.24,2,1235.51,399.27,283.67,115.61,-12,14.22,14.6,27
Mon Mar 13 08:18:21 GMT-03:00 2023,13-Mar-2023 08:18:22.393,-35.21569326108222,-5.8325355702756205,17.582204818725586,4.0,44.88240138328969,114.59823608398438,0.03,4.88,9.12,0.08,13.33,0.05,0.04,-0.07,0.13,14.9,7.45,29.4,98.04,24,26.79,19,1008.78,14.5,668.6,2,335.4,51.09,638.77,8996,0,81,5.06,18.82,15.69,1502.5,98.04,0.43,1.22,20.28,78.04,-4.69,0,0,-,0.32,4,44.88,114.6,-5.83,-35.22,27,2.3,6.78,33,51.77,12.59,7.94,3.33,146.23,35.57,0.02,0.17,64.01,0,35.99,1367.02,3.14,515,63.3,61,13.33,-12,38.58,9.66,10.35,27.28,2.02,1235.53,400.25,284.64,115.61,-12.04,14.22,14.7,25
Mon Mar 13 08:18:22 GMT-03:00 2023,13-Mar-2023 08:18:23.393,-35.21555588207787,-5.832600018653456,16.8439998626709,4.0,44.25834429887311,114.88494110107422,-0.62,4.49,8.91,0.04,14.12,-0.01,0.01,-0.18,0.1,14.9,7.45,29.4,98.04,24,26.79,19,1008.92,14.5,668,2,335.4,51.09,638.77,8996,0,81,5.06,17.25,13.73,1502.5,98.04,0.43,1.22,20.28,78.04,-4.69,0,0,-,0.32,4,44.26,114.88,-5.83,-35.22,30,2.3,6.78,34,51.77,12.59,7.94,3.33,146.23,35.57,0,0,64.1,0,35.9,1367.02,4.31,515,60.64,61,14.12,-10,38.58,9.66,10.35,27.28,2.03,1235.54,401.25,285.64,115.61,-12.04,14.26,14.7,25
Mon Mar 13 08:18:23 GMT-03:00 2023,13-Mar-2023 08:18:24.394,-35.21542825398581,-5.832659490719335,15.654836654663086,4.0,43.55840457965426,114.9132308959961,-0.38,3.45,8.6,-0.03,13.73,-0.05,0,-0.21,0.08,14.9,7.45,29.4,98.04,24,26.93,19.13,1009.05,14.5,666.7,2,333.53,64.18,638.77,8996,0,81,-,15.29,13.73,1934.5,98.04,0.43,1.48,24.67,78.04,-4.69,0,0,-,0.32,4,43.56,114.91,-5.83,-35.22,26,5.64,-,34,41.21,12.59,7.94,4.05,116.42,35.57,0,0,64.19,0,35.81,1355.69,3.92,516,56.36,55,14.12,-10,-,9.67,10.34,27.33,2.03,1235.54,402.27,286.66,115.61,-11.91,14.22,14.3,23
Mon Mar 13 08:18:24 GMT-03:00 2023,13-Mar-2023 08:18:25.395,-35.2153137501578,-5.832712533259735,14.044984817504883,4.0,42.960789513186754,115.70403289794922,-0.07,4.13,9.84,0.11,13.73,0.04,0.1,-0.14,0.15,14.9,7.45,29.4,98.04,24,27.04,19.23,1009.16,14.5,666.7,2,331.75,74.52,638.78,8996,0,81,-,18.43,14.12,1747,98.04,0.43,1.55,25.83,78.04,-4.69,0,0,-,0.32,4,42.96,115.7,-5.83,-35.22,27,8.36,-,34,35.49,12.59,7.94,4.24,100.26,35.57,0,0,64.27,0,35.73,1355.69,3.92,518,50.56,48,14.12,-10,-,9.69,10.32,27.37,2.06,1235.57,403.25,287.64,115.61,-12.4,14.2,14.3,21
Mon Mar 13 08:18:25 GMT-03:00 2023,13-Mar-2023 08:18:26.394,-35.21521485562849,-5.832762330712276,12.151599884033203,4.0,42.635701686062674,117.49533081054688,0.57,4.25,8.98,0.03,13.73,0.01,0.09,-0.13,0.12,14.9,7.45,29.4,98.04,24,27.04,19.23,1009.27,14.5,665.2,2,330.01,75.92,641.99,8996,0,81,-,18.43,16.08,1747,98.04,0.43,1.38,22.96,78.43,-4.69,0,0,-,0.32,4,42.64,117.5,-5.83,-35.22,26,8.36,-,34,34.84,12.59,7.94,3.77,98.41,35.57,0,0,64.37,0,35.63,1336.19,3.92,519,43.75,48,14.12,-10,-,9.78,10.22,27.63,2.06,1235.57,404.28,288.67,115.61,-12.43,14.2,14.7,19
Mon Mar 13 08:18:26 GMT-03:00 2023,13-Mar-2023 08:18:27.393,-35.2151348621548,-5.832808458203197,10.416552543640137,4.0,42.43479279203968,119.44219207763672,-0.75,5.31,8.17,0.02,13.73,-0.05,0.06,-0.06,0,14.9,7.45,29.4,98.04,24,27.09,19.29,1009.32,14.5,663.3,2,330.01,75.92,641.99,8996,0,81,-,19.61,23.14,1500.5,98.04,0.43,1.38,22.96,78.43,-4.69,0,0,-,0.32,4,42.43,119.44,-5.83,-35.22,26,6.75,-,34,34.84,12.59,7.94,3.77,98.41,35.57,0,0,64.45,0,35.55,1336.19,3.92,519,37.5,37,13.73,-11.5,-,9.78,10.22,27.63,2.09,1235.59,405.26,289.65,115.61,-12.43,14.22,14.7,19
Mon Mar 13 08:18:27 GMT-03:00 2023,13-Mar-2023 08:18:28.393,-35.21505784983762,-5.832852642548546,9.863171577453613,4.0,42.10220088213177,118.34443664550781,-0.35,5.92,7.52,-0,13.73,-0.02,0,0.03,-0.02,14.9,7.45,29.4,98.04,24,27.13,19.35,1009.37,14.5,663.3,2,328.38,87.78,642,8996,0,81,-,30.2,23.14,938,98.04,0.43,1.23,20.47,78.43,-4.69,0,0,-,0.32,4,42.1,118.34,-5.83,-35.22,31,3.5,-,34,30.13,12.59,7.94,3.36,85.11,35.57,0.87,0.09,64.53,0,35.47,1321.75,3.92,520,35.51,34,16.08,19.5,-,9.85,10.15,27.84,2.09,1235.59,406.12,290.51,115.61,-12.35,14.22,14.6,18
Mon Mar 13 08:18:28 GMT-03:00 2023,13-Mar-2023 08:18:29.394,-35.214977477421606,-5.832893091603925,10.148787498474121,4.0,41.54241639894805,114.13945007324219,-0.97,5.37,6.52,-0.11,20.39,0.02,-0.09,0.01,0.04,27.06,14.12,13.66,98.04,24,27.17,19.41,1009.37,14.5,659.9,0.93,329.02,424.76,642,8996,0,81,8.95,58.04,47.45,1999,98.04,0.43,5.46,91,78.43,-4.69,0,0,-,0.32,4,41.54,114.14,-5.83,-35.21,30,1.49,12,33,6.23,12.59,7.94,14.94,17.59,35.57,0.87,0.09,64.62,0,35.38,1339.55,10.2,522,36.54,37,16.08,21,42.75,9.84,10.16,27.8,2.11,1235.61,407.17,291.56,115.61,0.82,14.22,14.6,39
Mon Mar 13 08:18:29 GMT-03:00 2023,13-Mar-2023 08:18:30.393,-35.21488764988296,-5.832928485624625,10.846941947937012,4.0,41.20132071239357,109.87732696533203,0.23,6.77,7.47,0.05,23.53,0.02,0.06,0.11,-0.03,30.98,16.08,13.76,98.04,24,27.17,19.41,1009.35,14.5,650,0.94,329.02,424.76,642,8996,0,81,8.95,58.04,59.61,1999,98.04,0.43,5.46,91,78.43,-4.69,0,0,-,0.32,4,41.2,109.88,-5.83,-35.21,32,1.49,12,33,6.23,12.59,7.94,14.94,17.59,35.57,0.62,0.13,64.71,0,35.29,1326.92,13.73,523,39.05,37,22.35,21,42.75,9.84,10.16,27.8,2.11,1235.61,408.2,292.59,115.61,0.82,14.28,14.8,39
Mon Mar 13 08:18:30 GMT-03:00 2023,13-Mar-2023 08:18:31.395,-35.214788951185376,-5.832964256890458,11.632498741149902,4.0,41.21439205963265,110.00706481933594,0.54,6.3,8.2,0.08,20.78,-0.06,0.15,0.01,-0.07,29.8,16.08,14.7,98.04,24,27.24,19.49,1009.34,14.5,641.1,1,330.13,494.82,642,8996,0,81,13.15,70.98,59.61,1974.5,98.04,0.44,6.92,115.37,78.43,-4.69,1.56,3.12,-,0.32,4,41.21,110.01,-5.83,-35.21,32,1.95,17.64,33,5.35,12.59,7.94,18.94,15.1,35.57,0.22,0.18,64.8,0,35.2,1346.46,11.76,523,41.88,41,23.14,19.5,63.61,9.82,10.18,27.75,2.13,1235.64,409.23,293.63,115.61,-5.42,14.2,14.7,45
Mon Mar 13 08:18:31 GMT-03:00 2023,13-Mar-2023 08:18:32.396,-35.21468682909122,-5.833004628013056,12.236865997314453,4.0,41.06800261503919,111.85301971435547,-0.18,6.16,7.63,0.02,20.78,0,0.02,0.05,-0.01,29.8,15.29,14.7,98.04,24,27.33,19.57,1009.31,14.5,641.1,1,330.16,335.26,642,8996,0,81,9.96,68.63,56.86,1632,98.04,0.44,5.2,86.62,78.43,-4.69,1.56,3.91,-,0.32,4,41.07,111.85,-5.83,-35.21,29,2.12,13.36,33,7.89,12.59,7.94,14.22,22.29,35.57,0.09,0.75,64.88,0,35.12,1353.04,11.76,525,44.05,44,22.35,20,58.3,9.82,10.19,27.73,2.13,1235.64,410.25,294.64,115.61,-7.6,14.24,14.7,45
Mon Mar 13 08:18:32 GMT-03:00 2023,13-Mar-2023 08:18:33.393,-35.214581427858846,-5.833046335006567,12.767385482788086,4.0,41.0428141070004,111.87804412841797,-0.3,5.72,7.57,-0.01,25.1,-0.06,-0.06,0.03,-0.08,32.16,16.47,14.7,98.04,24,27.42,19.67,1009.26,14.5,637.7,1,331.28,499.58,642,8996,0,81,10.84,73.33,63.53,2283,98.04,0.44,8.31,138.51,78.43,-4.69,1.56,3.91,-,0.33,4,41.04,111.88,-5.83,-35.21,27,1.04,14.54,33,5.29,12.59,7.94,22.74,14.96,35.57,0.09,0.75,64.97,0,35.03,1359.37,14.51,526,45.96,47,22.35,20,45.34,9.8,10.2,27.69,2.15,1235.66,411.27,295.66,115.61,-1.14,14.24,14,56
Mon Mar 13 08:18:33 GMT-03:00 2023,13-Mar-2023 08:18:34.395,-35.21447076300518,-5.833090358689636,13.340879440307617,4.0,41.00866277419344,111.896240234375,-0.22,5.78,7.44,-0.02,21.18,-0.03,0.01,0.01,-0.03,28.24,14.51,14.7,98.04,24,27.42,19.67,1009.22,14.5,638.2,1,331.28,499.58,642,8996,0,81,10.84,73.33,50.59,2283,98.04,0.44,8.31,138.51,78.43,-4.69,1.56,1.56,-,0.33,4,41.01,111.9,-5.83,-35.21,28,1.04,14.54,33,5.29,12.59,7.94,22.74,14.96,35.57,0.76,0.71,65.05,0,34.95,1359.37,11.37,526,48.03,47,25.49,21.5,45.34,9.8,10.2,27.69,2.15,1235.66,412.26,296.65,115.61,-1.14,14.18,14.3,56
Mon Mar 13 08:18:34 GMT-03:00 2023,13-Mar-2023 08:18:35.394,-35.21435268030465,-5.833137188414801,14.06704044342041,4.0,41.0662512450574,111.93181610107422,-0.58,6.08,8.14,0.06,21.18,0,0.03,0.06,-0.02,28.24,14.51,14.7,98.04,24,27.53,19.78,1009.24,14.5,638.2,1,331.11,306.04,641.99,8996,0,81,10.45,61.96,50.59,1855,98.04,0.45,5.44,90.64,78.43,-4.69,0,3.12,-,0.33,4,41.07,111.93,-5.83,-35.21,31,1.97,14.02,33,8.64,12.59,7.94,14.88,24.41,35.57,0.09,0.7,65.14,0,34.86,1382.68,11.37,528,50.64,50,21.57,20,53.81,9.8,10.21,27.68,2.18,1235.69,413.23,297.62,115.61,-8.25,14.12,14.3,53
Mon Mar 13 08:18:35 GMT-03:00 2023,13-Mar-2023 08:18:36.394,-35.21423071894292,-5.833184943695922,14.393892288208008,4.0,41.16964888427381,112.0782699584961,-0.89,5.95,7.12,-0.03,21.96,-0.04,-0.05,0.03,-0.06,29.41,15.29,14.7,98.04,24,27.65,19.89,1009.23,14.5,640.3,1,330.98,310.29,638.78,8996,0,81,7.52,61.96,57.65,1706,98.04,0.45,5.87,97.76,78.04,-4.69,0,3.12,-,0.33,4,41.17,112.08,-5.83,-35.21,29,0.18,10.09,33,8.52,12.59,7.94,16.05,24.08,35.57,0.09,0.7,65.22,0,34.78,1389.27,11.37,529,51.82,52,21.57,20,42.12,9.79,10.21,27.66,2.18,1235.69,414.27,298.66,115.61,-6.21,14.12,14.7,54
Mon Mar 13 08:18:36 GMT-03:00 2023,13-Mar-2023 08:18:37.394,-35.21410770160825,-5.833235724311943,14.619832992553711,4.0,41.44887859020884,112.2710189819336,-0.09,5.55,7.75,-0.01,22.75,0.04,-0.01,0.12,-0.01,30.98,16.08,14.7,98.04,24,27.65,19.89,1009.18,14.5,642.2,1,330.98,310.29,638.78,8996,0,81,7.52,71.76,61.96,1706,98.04,0.45,5.87,97.76,78.04,-4.69,0,-1.56,-,0.33,4,41.45,112.27,-5.83,-35.21,29,0.18,10.09,33,8.52,12.59,7.94,16.05,24.08,35.57,0.77,0.69,65.31,0,34.69,1389.27,12.55,529,52.63,52,22.75,18,42.12,9.79,10.21,27.66,2.21,1235.72,415.28,299.68,115.61,-6.21,14.2,14.7,54
Mon Mar 13 08:18:37 GMT-03:00 2023,13-Mar-2023 08:18:38.394,-35.21398391519096,-5.833286892777487,14.638541221618652,4.0,42.21324678851095,112.23687744140625,-0.28,5.52,7.13,-0.06,22.75,-0.08,0.01,0,-0.06,30.98,16.08,14.7,98.04,24,27.77,20,1009.09,14.5,643.7,1,330.72,291.67,638.78,8996,0,81,7.52,74.9,61.96,1647.5,98.04,0.45,5.73,95.57,78.04,-4.69,-5.47,-7.03,-,0.34,4,42.21,112.24,-5.83,-35.21,29,0.63,10.09,33,9.07,12.59,7.94,15.69,25.62,35.57,0.79,0.69,65.39,0,34.61,1370.82,12.55,530,52.7,52,21.96,18,42.12,9.79,10.21,27.66,2.21,1235.72,416.25,300.64,115.61,-5.69,14.12,14.7,55
Mon Mar 13 08:18:38 GMT-03:00 2023,13-Mar-2023 08:18:39.394,-35.21386325354723,-5.8333363748954685,14.470128059387207,4.0,42.9127007283342,112.44669342041016,-0.92,5.53,8.9,0.09,19.22,-0.04,-0.03,-0.03,-0.01,22.35,11.37,14.7,98.04,24,27.88,20.11,1009.08,14.5,643.7,1,329.59,153.18,638.78,8996,0,81,7.52,47.06,50.59,1396.5,98.04,0.45,3.01,50.19,78.04,-4.69,-10.16,-7.03,-,0.34,4,42.91,112.45,-5.83,-35.21,30,1.7,10.09,33,17.27,12.59,7.94,8.24,48.78,35.57,0.79,0.69,65.47,0,34.53,1370.82,9.41,532,52.09,51,14.51,-7,42.12,9.82,10.19,27.73,2.24,1235.75,417.26,301.65,115.61,-9.71,14.22,14.7,49
Mon Mar 13 08:18:39 GMT-03:00 2023,13-Mar-2023 08:18:40.393,-35.21374717407279,-5.833384332892649,13.72799301147461,4.0,43.692928266448604,112.35363006591797,-0.37,4.03,10.11,0.13,12.94,0.11,0,-0.15,0.23,14.9,7.45,14.7,98.04,24,27.88,20.11,1009.01,14.5,644.1,1,327.84,55.16,638.78,8996,0,82,7.52,47.06,17.65,1359.5,98.04,0.45,1.06,17.73,78.04,-4.69,-10.16,-11.72,-,0.34,4,43.69,112.35,-5.83,-35.21,26,1.7,10.09,33,47.95,12.59,7.94,2.91,135.46,35.57,0.73,0.75,65.56,0,34.44,1352.83,3.14,533,49.42,51,14.51,-7,42.12,9.83,10.17,27.77,2.24,1235.75,418.25,302.64,115.61,-12.51,14.22,14.7,40
Mon Mar 13 08:18:40 GMT-03:00 2023,13-Mar-2023 08:18:41.394,-35.213651809558854,-5.833424991367735,11.573699951171875,4.0,44.265446967697564,112.5277099609375,-0.94,2.96,10.17,0.11,13.33,0.05,-0.04,-0.31,0.22,14.9,7.45,14.7,98.04,24,27.96,20.19,1009.03,14.5,644.2,1,327.84,55.16,638.78,8996,0,82,-,17.65,16.08,1359.5,98.04,0.45,1.06,17.73,78.04,-4.69,-7.03,-6.25,-,0.34,4,44.27,112.53,-5.83,-35.21,25,6.42,-,33,47.95,12.59,7.94,2.91,135.46,35.57,0.05,0.76,65.64,0,34.36,1352.83,3.53,533,41.67,43,13.73,-7.5,-,9.83,10.17,27.77,2.26,1235.77,419.26,303.66,115.61,-12.51,14.2,14.7,40
Mon Mar 13 08:18:41 GMT-03:00 2023,13-Mar-2023 08:18:42.393,-35.21359272348931,-5.833449737833524,6.826831340789795,4.0,44.189335986815074,112.54940795898438,-0.66,5.36,8.16,0.02,13.33,0,-0.02,-0.02,0.03,14.9,7.45,14.16,98.04,24,27.95,20.21,1009.05,14.5,644.4,0.96,326.18,66.09,641.99,8996,0,82,-,23.14,16.08,989,98.04,0.46,1.07,17.91,78.43,-4.69,0,0,-,0.34,4,44.19,112.55,-5.83,-35.21,26,14.67,-,33,40.02,12.59,7.94,2.94,113.05,35.57,0.06,0.77,65.72,0,34.28,1337.61,4.31,534,24.58,27,12.94,-4.5,-,9.84,10.16,27.81,2.26,1235.77,420.26,304.65,115.61,-12.43,14.22,14.7,34
Mon Mar 13 08:18:42 GMT-03:00 2023,13-Mar-2023 08:18:43.393,-35.21353834196089,-5.833469972737294,6.4624457359313965,4.0,44.18062959744438,112.59236145019531,-0.21,7.27,6.44,0.01,14.12,0.08,-0.04,0.19,-0.03,23.53,15.29,14.16,98.04,24,27.92,20.22,1008.99,14.5,644.4,0.96,329.73,890.75,645.2,8996,0,82,-,65.49,45.49,2505.5,98.04,0.46,9.09,151.55,78.82,-4.69,3.91,6.25,-,0.34,4,44.18,112.59,-5.83,-35.21,24,2.58,-,33,2.97,12.59,7.94,24.88,8.39,35.57,0.17,0.77,65.8,0,34.2,1337.61,4.31,536,23.26,22,28.24,22.5,-,9.82,10.18,27.74,2.26,1235.77,421.2,305.59,115.61,9.62,14.16,14.7,66
Mon Mar 13 08:18:43 GMT-03:00 2023,13-Mar-2023 08:18:44.393,-35.213478829852406,-5.833495741943245,7.075160980224609,4.0,44.39514092942748,112.71765899658203,-0.86,6.52,6.9,-0.01,25.88,-0.02,-0.04,0.09,-0.09,30.59,15.69,14.7,98.04,24,27.92,20.25,1008.93,14.5,644.8,1,334.02,1016.3,645.2,8996,0,82,13.56,67.45,58.04,2511,98.04,0.46,8.45,140.89,78.82,-4.69,3.91,6.25,-,0.34,4,44.4,112.72,-5.83,-35.21,26,2.53,18.19,33,2.6,12.59,7.94,23.13,7.35,35.57,0.17,0.1,65.88,0,34.12,1337.75,16.08,537,25.47,28,28.24,22.5,51.58,9.8,10.21,27.67,2.28,1235.79,422.25,306.64,115.61,-5.65,14.16,14.5,65
Mon Mar 13 08:18:44 GMT-03:00 2023,13-Mar-2023 08:18:45.394,-35.21340425529316,-5.833527621539855,8.685283660888672,4.0,44.29213667520694,112.94390869140625,-0.43,6.16,7.8,0.03,22.35,-0.09,0.05,0.04,-0.12,28.63,14.51,14.7,98.04,24,27.92,20.25,1008.86,14.5,648.5,1,334.02,1016.3,645.2,8996,0,82,13.56,67.45,53.33,2511,98.04,0.46,8.45,140.89,78.82,-4.69,0.78,0.78,-,0.34,4,44.29,112.94,-5.83,-35.21,29,2.53,18.19,33,2.6,12.59,7.94,23.13,7.35,35.57,0.75,0.17,65.96,0,34.04,1337.75,12.94,537,31.27,28,24.71,22.5,51.58,9.8,10.21,27.67,2.28,1235.79,423.25,307.64,115.61,-5.65,14.18,14.7,65
Mon Mar 13 08:18:45 GMT-03:00 2023,13-Mar-2023 08:18:46.393,-35.213328103209335,-5.833559347316121,9.06589412689209,4.0,44.46224204866861,113.2497329711914,-0.31,6.25,6.45,-0.06,22.35,-0.08,0,0.06,-0.13,28.63,14.51,14.7,98.04,24,27.95,20.29,1008.79,14.5,652,1,335.32,542.71,641.98,8996,0,82,12.17,61.57,53.33,1902.5,98.04,0.47,5.75,95.75,78.43,-4.69,1.56,-0.78,-,0.35,4,44.46,113.25,-5.83,-35.21,30,1.73,16.32,33,4.87,12.59,7.94,15.72,13.77,35.57,0.66,0.18,66.04,0,33.96,1352.24,12.94,538,32.64,33,20.78,20,61.07,9.78,10.23,27.62,2.3,1235.81,424.28,308.67,115.61,-8.5,14.2,14.6,59
Mon Mar 13 08:18:46 GMT-03:00 2023,13-Mar-2023 08:18:47.394,-35.213246588227605,-5.833594778937015,9.718904495239258,4.0,44.37757121498531,113.50962829589844,0.19,5.61,7.34,-0.04,20,0,0,0,0.01,25.88,13.33,14.7,98.04,24,27.98,20.34,1008.75,14.5,652,1,335.58,378.17,641.98,8996,0,82,5.41,57.65,49.02,1722.5,98.04,0.47,4.72,78.64,78.43,-4.69,4.69,-0.78,-,0.35,4,44.38,113.51,-5.83,-35.21,29,2.36,7.25,33,6.99,12.59,7.94,12.91,19.76,35.57,0.66,0.18,66.12,0,33.88,1356.82,9.8,540,34.99,35,20.78,20,29.96,9.77,10.24,27.6,2.3,1235.81,425.21,309.61,115.61,-8,14.2,14.6,55
Mon Mar 13 08:18:47 GMT-03:00 2023,13-Mar-2023 08:18:48.391,-35.21315869746556,-5.833632035198402,10.3649263381958,4.0,44.09686835230902,113.27239227294922,-0.21,5.35,7.86,-0.01,17.65,-0.03,0.01,-0.02,0,17.25,9.02,14.7,98.04,24,27.98,20.34,1008.76,14.5,653.5,1,334.45,151.07,641.98,8997,0,83,5.41,57.65,36.08,1722.5,98.04,0.47,2,33.32,78.43,-4.69,4.69,4.69,-,0.35,4,44.1,113.27,-5.83,-35.21,30,2.36,7.25,33,17.51,12.59,7.94,5.47,49.46,35.57,0.81,0.19,66.2,0,33.8,1356.82,7.84,541,37.31,35,19.22,20,29.96,9.8,10.21,27.67,2.32,1235.83,426.24,310.63,115.61,-11.46,14.2,14.7,46
Mon Mar 13 08:18:48 GMT-03:00 2023,13-Mar-2023 08:18:49.393,-35.21306775670093,-5.833671895731878,10.791925430297852,4.0,44.09302916875009,113.10188293457031,-1.46,5.1,7.62,-0.03,13.33,-0.03,0.03,-0.06,0.03,14.9,7.45,14.7,98.04,24,28.03,20.4,1008.81,14.5,653.9,1,334.45,151.07,641.98,8997,0,83,9.8,31.76,36.08,1494.5,98.04,0.47,2,33.32,78.43,-4.69,-1.56,-3.12,-,0.35,4,44.09,113.1,-5.83,-35.21,23,0.69,13.15,33,17.51,12.59,7.94,5.47,49.46,35.57,0.86,0.88,66.28,0,33.72,1361.27,3.14,541,38.85,38,14.51,-5.5,62.65,9.8,10.21,27.67,2.32,1235.83,427.27,311.66,115.61,-11.46,14.14,14.7,46
Mon Mar 13 08:18:49 GMT-03:00 2023,13-Mar-2023 08:18:50.394,-35.21298101754567,-5.833708493738666,10.611233711242676,4.0,43.73688841237741,113.08731842041016,0.22,5.01,8.71,0.05,13.33,0.02,0.06,-0.05,0.09,14.9,7.45,14.7,98.04,24,28.07,20.46,1008.85,14.5,653.9,1,332.92,83.18,641.98,8997,0,83,9.8,23.14,16.47,1238,98.04,0.47,1.2,19.92,78.43,-4.69,-3.12,-2.34,-,0.35,4,43.74,113.09,-5.83,-35.21,27,1.85,13.15,33,31.8,12.59,7.94,3.27,89.82,35.57,0.07,0.86,66.36,0,33.64,1361.27,3.14,543,38.2,37,14.12,6,62.65,9.87,10.13,27.88,2.34,1235.85,428.21,312.6,115.61,-12.41,14.2,14.7,38
Mon Mar 13 08:18:50 GMT-03:00 2023,13-Mar-2023 08:18:51.391,-35.212896365720326,-5.833744540690582,10.182938575744629,4.0,43.47255409634308,113.22783660888672,-0.13,3.18,9.8,0.07,13.33,-0.02,0,-0.23,0.11,14.9,7.45,14.7,98.04,24,28.09,20.5,1008.95,14.5,654,1,331.46,92.75,641.99,8997,0,83,9.8,28.63,20,943.5,98.04,0.47,1.3,21.62,78.43,-4.69,1.56,-2.34,-,0.35,4,43.47,113.23,-5.83,-35.21,27,3.66,13.15,33,28.52,12.59,7.94,3.55,80.56,35.57,0.07,0.86,66.44,0,33.56,1348.8,3.53,544,36.66,33,14.12,6,62.65,9.93,10.07,28.06,2.34,1235.85,429.28,313.67,115.61,-11.75,14.2,14.7,33
Mon Mar 13 08:18:51 GMT-03:00 2023,13-Mar-2023 08:18:52.393,-35.2128327315658,-5.83377221467349,7.507355213165283,4.0,43.39159531014854,113.11708068847656,-0.5,2.49,9.96,0.07,13.33,0.04,-0.01,-0.31,0.22,14.9,7.45,14.7,98.04,24,28.09,20.5,1009.01,14.5,654.3,1,331.46,92.75,641.99,8997,0,84,9.8,28.63,23.92,943.5,98.04,0.47,1.3,21.62,78.82,-4.69,1.56,1.56,-,0.35,4,43.39,113.12,-5.83,-35.21,27,3.66,13.15,33,28.52,12.59,7.94,3.55,80.56,35.57,0.76,0.83,66.52,0,33.48,1348.8,3.53,545,27.03,33,13.73,4.5,62.65,9.93,10.07,28.06,2.36,1235.87,430.29,314.68,115.61,-11.75,14.14,14.7,33
Mon Mar 13 08:18:52 GMT-03:00 2023,13-Mar-2023 08:18:53.392,-35.21278101443693,-5.833794065876722,6.344368934631348,4.0,42.94680403940196,113.03213500976562,-0.75,4.11,9.05,0.04,13.33,0.02,0.01,-0.19,0.16,14.9,7.45,14.7,98.04,24,28.07,20.51,1009.18,14.5,654.6,1,330.04,94.91,645.2,8997,0,84,-,26.27,23.92,1045,98.04,0.47,1.18,19.74,78.82,-4.69,-1.56,-2.34,-,0.35,4,42.95,113.03,-5.83,-35.21,23,4.03,-,33,27.87,12.59,7.94,3.24,78.72,35.57,0.78,0.81,66.59,0,33.41,1338.56,3.53,545,22.84,23,13.73,7.5,-,10,10,28.24,2.36,1235.87,431.26,315.65,115.61,-11.21,14.22,14.6,31
Mon Mar 13 08:18:53 GMT-03:00 2023,13-Mar-2023 08:18:54.393,-35.21274654358457,-5.833809290908931,3.8927299976348877,4.0,42.87062952454794,112.80867004394531,-0.25,4.13,8.79,0.01,13.33,0,0.01,-0.14,0.1,14.9,7.45,14.7,98.04,24,28,20.49,1009.26,14.5,654.6,1,328.99,155.08,648.42,8997,0,84,-,30.59,23.14,915,98.04,0.47,1.35,22.48,79.22,-4.69,-0.78,0,-,0.35,4,42.87,112.81,-5.83,-35.21,25,8.84,-,33,17.05,12.59,7.94,3.69,48.18,35.57,0.09,0.79,66.67,0,33.33,1338.56,3.53,547,14.01,14,14.12,2,-,10.02,9.98,28.3,2.36,1235.87,432.27,316.66,115.61,-11.12,14.2,14.6,29
Mon Mar 13 08:18:54 GMT-03:00 2023,13-Mar-2023 08:18:55.394,-35.21271974067211,-5.8338190970229595,3.154425859451294,6.0,42.663643890938694,113.10721588134766,-0.15,5.38,8.02,0,14.12,-0.01,0.01,-0.01,0.01,14.9,7.45,14.7,98.04,24,28,20.49,1009.25,14.5,654.9,1,328.98,327.28,654.84,8997,0,84,-,30.59,29.8,915,98.04,0.47,1.73,28.87,80,-4.69,-0.78,0,-,0.35,6,42.66,113.11,-5.83,-35.21,25,8.84,-,33,8.08,12.59,7.94,4.74,22.83,35.57,0.09,0.79,66.75,0,33.25,1338.56,3.92,548,11.36,14,14.12,2,-,10.01,9.99,28.29,2.36,1235.87,433.27,317.66,115.61,-9.54,14.2,14.6,30
Mon Mar 13 08:18:55 GMT-03:00 2023,13-Mar-2023 08:18:56.394,-35.21269544021544,-5.83382938446696,2.8112332820892334,4.0,42.39955819003294,113.21984100341797,-0.03,5.33,8.08,0.01,13.33,-0.01,0.03,-0.02,0.02,14.9,7.45,14.7,98.04,24,27.91,20.44,1009.28,14.5,655.4,1,328.98,327.28,654.84,8997,0,84,-,38.04,25.49,912,98.04,0.47,1.73,28.87,80,-4.69,4.69,5.47,-,0.35,4,42.4,113.22,-5.83,-35.21,25,3.36,-,33,8.08,12.59,7.94,4.74,22.83,35.57,0.66,0.78,66.83,0,33.17,1335.84,3.53,548,10.12,8,13.73,-4.5,-,10.01,9.99,28.29,2.38,1235.89,434.28,318.67,115.61,-9.54,14.28,14.6,30
Mon Mar 13 08:18:56 GMT-03:00 2023,13-Mar-2023 08:18:57.394,-35.212669915851556,-5.83383985828457,2.9708502292633057,4.0,42.10969247456114,113.36002349853516,-0.2,4.9,8.58,0.03,13.33,0,0.02,-0.07,0.07,14.9,7.45,14.7,98.04,24,27.83,20.41,1009.31,14.5,655.4,1,328.98,-,658.05,8997,0,84,1.63,30.59,25.49,961,98.04,0.47,1.36,22.66,80.39,-4.69,5.47,3.12,-,0.35,4,42.11,113.36,-5.83,-35.21,26,0.12,2.18,33,5.88,12.59,7.94,3.72,16.62,35.57,0.83,0.77,66.89,0,33.11,1330.79,3.53,549,10.7,10,13.73,1.5,16.15,10,10,28.25,2.38,1235.89,435.17,319.56,115.61,-10.59,14.26,14.8,29
Mon Mar 13 08:18:57 GMT-03:00 2023,13-Mar-2023 08:18:58.394,-35.212643279389354,-5.833850143566679,2.95560359954834,4.0,41.740668522183476,113.47516632080078,0.32,3.93,9.3,0.05,13.73,0.03,0.07,-0.16,0.15,14.9,7.45,14.7,98.04,24,27.75,20.37,1009.34,14.5,656,1,328.98,-,661.26,8997,0,84,1.63,30.2,24.31,918.5,98.04,0.48,1.31,21.81,80.78,-4.69,-0.78,3.12,-,0.35,4,41.74,113.48,-5.83,-35.21,29,1.7,2.18,33,7.64,12.59,7.94,3.58,21.59,35.57,0.83,0.77,66.98,0,33.02,1330.79,3.53,551,10.64,9,14.12,12.5,16.15,9.99,10.01,28.22,2.38,1235.89,436.27,320.66,115.61,-10.93,14.26,14.8,28
Mon Mar 13 08:18:58 GMT-03:00 2023,13-Mar-2023 08:18:59.394,-35.212626197681026,-5.833857307913321,2.1148552894592285,4.0,41.61834374935951,113.56607818603516,0.06,3.91,9.04,0.02,13.73,0.01,0.03,-0.18,0.14,14.9,7.45,14.7,98.04,24,27.75,20.37,1009.39,14.5,656.5,1,328.98,-,661.26,8997,0,84,1.63,30.2,27.45,918.5,98.04,0.48,1.31,21.81,80.78,-4.69,-0.78,-1.56,-,0.35,4,41.62,113.57,-5.83,-35.21,26,1.7,2.18,33,7.64,12.59,7.94,3.58,21.59,35.57,0.72,0.76,67.05,0,32.95,1330.79,3.92,551,7.61,9,14.12,12.5,16.15,9.99,10.01,28.22,2.38,1235.89,437.23,321.62,115.61,-10.93,14.14,14.7,28
Mon Mar 13 08:18:59 GMT-03:00 2023,13-Mar-2023 08:19:00.394,-35.212621167963164,-5.833858687951644,1.1135705709457397,4.0,41.42203656834641,113.56451416015625,0.08,5.7,7.91,0.01,13.73,0,0.06,0,0.03,14.9,7.45,14.7,98.04,24,27.63,20.31,1009.33,14.5,656.5,1,328.98,-,667.67,8997,0,84,-,32.94,27.45,829,98.04,0.48,1.21,20.1,81.57,-4.69,3.12,3.12,-,0.35,4,41.42,113.56,-5.83,-35.21,24,5.61,-,33,7.46,12.59,7.94,3.3,21.08,35.57,0.78,0.81,67.03,0,32.97,1329.21,3.92,553,4.01,2,13.33,-4,-,9.98,10.02,28.2,2.39,1235.89,438.28,322.67,115.61,-11.06,14.22,14.7,27
Mon Mar 13 08:19:00 GMT-03:00 2023,13-Mar-2023 08:19:01.394,-35.212612723921815,-5.833861441701995,1.1118671894073486,4.0,41.347964875206486,113.61965942382812,0.15,4.27,8.96,0.03,12.94,0,0.05,-0.13,0.1,14.9,7.45,14.7,98.04,24,27.52,20.26,1009.35,14.5,657.2,1,328.98,-,674.09,8997,0,84,0.66,30.98,24.31,844.5,98.04,0.48,1.25,20.77,82.35,-4.69,3.12,3.12,-,0.35,4,41.35,113.62,-5.83,-35.21,25,0,0.89,33,1.6,12.59,7.94,3.41,4.53,35.57,0.78,0.81,66.88,0,33.12,1330.29,3.14,554,4,4,13.33,-4,7.49,9.95,10.05,28.12,2.39,1235.9,439.25,323.64,115.61,-10.56,14.22,14.8,27
Mon Mar 13 08:19:01 GMT-03:00 2023,13-Mar-2023 08:19:02.394,-35.21260809722539,-5.833863891902336,0.44719910621643066,4.0,41.27573873337038,113.65911102294922,0.2,5.31,7.98,-0,13.33,0,0.06,0,0.01,14.9,7.45,14.7,98.04,24,27.52,20.26,1009.37,14.5,657.7,1,328.98,-,674.09,8997,0,84,0.66,30.98,27.06,844.5,98.04,0.48,1.25,20.77,82.35,-4.69,0.78,3.12,-,0.35,4,41.28,113.66,-5.83,-35.21,24,0,0.89,34,1.6,12.59,7.94,3.41,4.53,35.57,0.08,0.81,66.73,0,33.27,1330.29,3.53,554,1.61,4,13.73,4.5,7.49,9.95,10.05,28.12,2.39,1235.9,440.28,324.67,115.61,-10.56,14.26,14.2,27
Mon Mar 13 08:19:02 GMT-03:00 2023,13-Mar-2023 08:19:03.394,-35.21260809722539,-5.833863891902336,0.03646029531955719,4.0,41.32530787863496,113.66928100585938,0.21,5.14,8.35,0.02,13.33,0,0.05,-0.05,0.05,14.9,7.45,14.7,98.04,24,27.52,20.19,1009.38,14.5,658.5,1,328.98,-,677.3,8997,0,84,0.66,35.29,27.06,775,98.04,0.48,1.27,21.14,82.75,-4.69,5.47,5.47,-,0.35,4,41.33,113.67,-5.83,-35.21,24,1.61,0.89,34,3.15,12.59,7.94,3.47,8.91,35.57,0.83,0.81,66.57,0,33.43,1330.29,3.53,555,0.13,0,13.73,3,7.49,9.93,10.07,28.06,2.39,1235.9,441.28,325.03,116.25,-10.55,14.08,14.1,27
Mon Mar 13 08:19:03 GMT-03:00 2023,13-Mar-2023 08:19:04.393,-35.21260809722539,-5.833863891902336,0.02826404571533203,4.0,41.23481755487248,113.69039154052734,0.28,5.1,8.35,0.02,13.73,-0.01,0.05,-0.05,0.04,14.9,7.45,14.7,98.04,24,27.52,20.12,1009.37,14.5,658.5,1,328.98,-,683.71,8997,0,84,0.66,39.22,31.76,780.5,98.04,0.48,1.4,23.33,83.53,-4.69,3.12,2.34,-,0.35,4,41.23,113.69,-5.83,-35.21,23,0.13,0.89,34,0,12.59,7.94,3.83,0,35.57,0.82,0.8,66.43,0,33.57,1330.29,3.92,557,0.1,0,14.12,2,7.49,9.93,10.07,28.05,2.39,1235.9,442.26,325.03,117.24,-9.75,14.12,14.1,28
Mon Mar 13 08:19:04 GMT-03:00 2023,13-Mar-2023 08:19:05.394,-35.21260809722539,-5.833863891902336,0.010808522813022137,4.0,41.1885674019661,113.70608520507812,0.16,5.1,8.32,0.02,13.73,0,0.06,-0.04,0.04,14.9,7.45,14.7,98.04,24,27.52,20.06,1009.4,14.5,658.5,1,328.98,-,683.71,8997,0,84,-,40.39,32.16,773,98.04,0.48,1.43,23.82,83.53,-4.69,-0.78,2.34,-,0.35,4,41.19,113.71,-5.83,-35.21,22,0.1,-,34,0,12.59,7.94,3.91,0,35.57,0.82,0.8,66.28,0,33.72,1330.29,3.92,558,0.04,0,14.12,0.5,-,9.93,10.07,28.05,2.39,1235.9,443.22,325.03,118.19,-9.68,14.12,14.7,29
Mon Mar 13 08:19:05 GMT-03:00 2023,13-Mar-2023 08:19:06.392,-35.21260809722539,-5.833863891902336,0.017538832500576973,4.0,41.1636464182753,113.71105194091797,0.29,5.67,7.93,0.02,13.73,0,0.05,0.01,0.01,14.9,7.45,14.7,98.04,24,27.52,20.06,1009.37,14.5,660.2,1,328.98,-,683.71,8997,0,84,-,40.39,32.55,773,98.04,0.48,1.43,23.82,82.35,-4.69,-0.78,-1.56,-,0.35,4,41.16,113.71,-5.83,-35.21,22,0.1,-,34,0,12.59,7.94,3.91,0,35.57,0.7,0.81,66.13,0,33.87,1330.29,3.92,559,0.06,0,14.12,0.5,-,9.93,10.07,28.05,2.39,1235.9,444.26,325.03,119.23,-9.68,14.2,14.6,29
Mon Mar 13 08:19:06 GMT-03:00 2023,13-Mar-2023 08:19:07.394,-35.21260809722539,-5.833863891902336,0.18371836841106415,4.0,41.01523103423179,113.81934356689453,0.25,4.98,8.39,0.02,13.73,-0.01,0.06,-0.07,0.05,14.9,7.45,14.7,98.04,24,27.52,19.99,1009.35,14.5,661.1,1,328.98,-,674.08,8997,0,84,-,40.78,32.55,760.5,98.04,0.48,1.42,23.63,82.35,-4.69,2.34,3.12,-,0.36,4,41.02,113.82,-5.83,-35.21,23,0.06,-,34,0,12.59,7.94,3.88,0,35.57,0.47,0.83,65.98,0,34.02,1330.29,3.92,559,0.66,0,14.12,0.5,-,9.93,10.07,28.04,2.39,1235.9,445.28,325.03,120.25,-9.68,14.2,14.6,30
Mon Mar 13 08:19:07 GMT-03:00 2023,13-Mar-2023 08:19:08.395,-35.212594597421905,-5.83387099268459,0.3494790494441986,4.0,41.02174974900764,113.9502182006836,0.19,4.89,8.49,0.02,13.73,0,0.06,-0.07,0.07,14.9,7.45,14.7,98.04,24,27.52,19.93,1009.37,14.5,661.1,1,328.98,-,670.87,8997,0,84,-,40,32.16,784.5,98.04,0.48,1.43,23.82,81.96,-4.69,3.12,0.78,-,0.36,4,41.02,113.95,-5.83,-35.21,25,0.66,-,34,0,12.59,7.94,3.91,0,35.57,0.78,0.81,65.83,0,34.17,1330.29,3.92,561,1.26,0,14.12,0.5,-,9.93,10.07,28.04,2.39,1235.9,446.25,325.03,121.23,-9.56,14.2,14.6,31
Mon Mar 13 08:19:08 GMT-03:00 2023,13-Mar-2023 08:19:09.394,-35.212594597421905,-5.83387099268459,0.13110701739788055,6.0,41.00759858172951,114.02110290527344,0.21,5.18,8.26,0.01,13.73,0,0.07,-0.03,0.04,14.9,7.45,14.7,98.04,24,27.52,19.86,1009.36,14.5,662.1,1,328.98,-,677.29,8997,0,84,-,40.78,31.76,776.5,98.04,0.48,1.45,24.18,82.75,-4.69,-0.78,0.78,-,0.36,6,41.01,114.02,-5.83,-35.21,25,1.26,-,34,0,12.59,7.94,3.97,0,35.57,0.78,0.81,65.7,0,34.3,1330.29,3.92,562,0.47,0,14.12,0.5,-,9.92,10.08,28.03,2.39,1235.9,447.18,325.03,122.15,-9.64,14.2,14.7,31
Mon Mar 13 08:19:09 GMT-03:00 2023,13-Mar-2023 08:19:10.394,-35.212594597421905,-5.83387099268459,0.04748423770070076,6.0,40.99273537925771,114.0347900390625,0.2,5.14,8.31,0.02,13.73,0,0.06,-0.04,0.05,14.9,7.45,14.7,98.04,24,27.52,19.86,1009.38,14.5,663.2,1,328.98,-,677.29,8997,0,84,-,40.78,32.16,776.5,98.04,0.48,1.45,24.18,83.14,-4.69,-0.78,0,-,0.36,6,40.99,114.03,-5.83,-35.21,28,1.26,-,34,0,12.59,7.94,3.97,0,35.57,0.09,0.81,65.54,0,34.46,1330.29,3.92,563,0.17,0,14.12,0,-,9.92,10.08,28.03,2.39,1235.9,448.23,325.03,123.2,-9.64,14.22,14.1,31
Mon Mar 13 08:19:10 GMT-03:00 2023,13-Mar-2023 08:19:11.394,-35.212594597421905,-5.83387099268459,0.03136777505278587,6.0,40.92874552969728,114.04511260986328,0.25,5.11,8.2,0.01,13.73,0,0.05,-0.04,0.06,14.9,7.45,14.7,98.04,24,27.52,19.8,1009.39,14.5,664.3,1,328.98,-,680.5,8997,0,84,-,40,32.16,794.5,98.04,0.48,1.46,24.3,83.14,-4.69,3.12,3.12,-,0.36,6,40.93,114.05,-5.83,-35.21,27,0.17,-,34,0,12.59,7.94,3.99,0,35.57,0.77,0.81,65.39,0,34.61,1330.29,3.92,563,0.11,0,14.12,0,-,9.92,10.08,28.03,2.39,1235.9,449.25,325.03,124.22,-9.56,14.18,14.7,32
Mon Mar 13 08:19:11 GMT-03:00 2023,13-Mar-2023 08:19:12.394,-35.212594597421905,-5.83387099268459,0.04353008791804314,6.0,40.95497502105064,114.08099365234375,0.12,5.08,8.28,0.01,13.73,0,0.06,-0.04,0.05,14.9,7.45,14.7,98.04,24,27.52,19.74,1009.39,14.5,664.3,1,328.98,-,674.08,8997,0,84,-,40.39,31.76,795.5,98.04,0.48,1.47,24.49,82.35,-4.69,-0.78,-0.78,-,0.36,6,40.95,114.08,-5.83,-35.21,26,0.11,-,34,0,12.59,7.94,4.02,0,35.57,0.76,0.81,65.25,0,34.75,1330.29,3.92,565,0.16,0,14.12,0,-,9.92,10.08,28.03,2.39,1235.9,450.22,325.03,125.19,-9.64,14.08,14.7,32
Mon Mar 13 08:19:12 GMT-03:00 2023,13-Mar-2023 08:19:13.394,-35.212594597421905,-5.83387099268459,0.02103172428905964,4.0,40.94096500467668,114.08141326904297,0.11,5.11,8.31,0.02,13.73,0,0.06,-0.04,0.05,14.9,7.45,14.7,98.04,24,27.52,19.67,1009.41,14.5,665.4,1,328.98,-,667.66,8997,0,84,-,40.39,31.37,776.5,98.04,0.48,1.44,24,81.57,-4.69,0.78,-0.78,-,0.36,4,40.94,114.08,-5.83,-35.21,27,0.08,-,34,0,12.59,7.94,3.94,0,35.57,0.76,0.81,65.1,0,34.9,1330.29,3.92,566,0.08,0,14.12,0,-,9.92,10.08,28.02,2.39,1235.9,451.25,325.03,126.23,-9.74,14.08,14.6,32
Mon Mar 13 08:19:13 GMT-03:00 2023,13-Mar-2023 08:19:14.394,-35.212594597421905,-5.83387099268459,0.037316013127565384,4.0,40.935503093411675,114.11200714111328,0.22,5.84,7.77,0.01,13.73,0,0.05,0.02,0,14.9,7.45,14.7,98.04,24,27.52,19.67,1009.39,14.5,666.3,1,328.98,-,667.66,8997,0,84,-,40.39,31.76,776.5,98.04,0.48,1.44,24,81.57,-4.69,0.78,1.56,-,0.36,4,40.94,114.11,-5.83,-35.21,28,0.08,-,34,0,12.59,7.94,3.94,0,35.57,0.09,0.8,64.96,0,35.04,1330.29,3.92,566,0.13,0,14.12,0,-,9.92,10.08,28.02,2.39,1235.9,452.24,325.03,127.22,-9.74,14.14,14.6,32
Mon Mar 13 08:19:14 GMT-03:00 2023,13-Mar-2023 08:19:15.394,-35.21257734008683,-5.833882094650286,1.2724523544311523,4.0,40.91051271528274,113.7527084350586,0.27,6.58,7.53,0.04,13.73,0.01,0.07,0.1,-0.04,14.9,7.45,14.7,98.04,24,27.41,19.62,1009.39,14.5,668.1,1,328.98,-,664.45,8997,0,84,0.29,54.51,31.76,820.5,98.04,0.48,2,33.32,81.18,-4.69,2.34,1.56,-,0.36,4,40.91,113.75,-5.83,-35.21,25,1.87,0.38,34,0,12.59,7.94,5.47,0,35.57,0.59,0.8,64.82,0,35.18,1330.29,3.92,567,4.58,2,17.65,-5.5,3.33,9.92,10.08,28.02,2.39,1235.9,453.25,325.7,127.55,-7.73,14.2,14.7,35
Mon Mar 13 08:19:15 GMT-03:00 2023,13-Mar-2023 08:19:16.393,-35.2125649678569,-5.833887760571061,1.9044667482376099,4.0,40.72164571351612,113.71427917480469,0.28,5.31,8.2,0.02,16.47,0,0.08,-0.01,0.03,14.9,7.45,14.7,98.04,24,27.32,19.58,1009.38,14.5,668.1,1,328.98,-,654.82,8997,0,84,2.79,32.16,38.82,1130.5,98.04,0.49,1.68,28.08,80,-4.69,-1.56,1.56,-,0.36,4,40.72,113.71,-5.83,-35.21,29,2.42,3.75,34,1.19,12.59,7.94,4.61,3.35,35.57,0.59,0.8,64.74,0,35.26,1332.28,8.24,569,6.86,7,13.33,-3,23.6,9.89,10.11,27.94,2.39,1235.9,454.27,326.71,127.55,-9.1,14.2,14.7,36
Mon Mar 13 08:19:16 GMT-03:00 2023,13-Mar-2023 08:19:17.394,-35.21254735076627,-5.833894987574214,2.3777661323547363,4.0,40.53372178350603,114.51616668701172,0.65,5.5,7.87,0,13.33,0.01,0.1,0,0.04,18.04,9.41,14.7,98.04,24,27.32,19.58,1009.42,14.5,668.6,1,328.98,-,651.61,8997,0,84,2.79,32.16,22.35,1186.5,98.04,0.49,1.91,31.8,79.61,-4.69,-1.56,-2.34,-,0.36,4,40.53,114.52,-5.83,-35.21,29,2.42,3.75,34,3.67,12.59,7.94,5.22,10.37,35.57,0.82,0.87,64.82,0,35.18,1332.28,3.14,570,8.56,7,13.33,-3,23.6,9.87,10.13,27.88,2.41,1235.92,455.28,327.73,127.55,-10.06,14.2,14.1,34
Mon Mar 13 08:19:17 GMT-03:00 2023,13-Mar-2023 08:19:18.392,-35.21252813830402,-5.833905796991468,2.6016151905059814,4.0,40.46544734141025,118.62625885009766,0.37,4.68,8.6,0.02,12.94,0.02,0.09,-0.09,0.1,14.9,7.45,14.7,98.04,24,27.24,19.54,1009.42,14.5,669,1,328.98,-,651.61,8997,0,84,1.45,38.43,21.96,1186.5,98.04,0.49,1.91,31.8,79.61,-4.69,-0.78,0.78,-,0.36,4,40.47,118.63,-5.83,-35.21,28,0.44,1.94,34,3.67,12.59,7.94,5.22,10.37,35.57,0.09,0.85,64.9,0,35.1,1326.08,3.14,570,9.37,9,15.29,-3,11.67,9.87,10.13,27.88,2.41,1235.92,456.25,328.7,127.55,-10.06,14.16,14.7,34
Mon Mar 13 08:19:18 GMT-03:00 2023,13-Mar-2023 08:19:19.394,-35.212509091271485,-5.833917585870568,2.306142807006836,4.0,40.42034603809113,125.19048309326172,0.44,3.93,9.23,0.04,12.94,0.03,0.08,-0.17,0.15,14.9,7.45,14.7,98.04,24,27.15,19.5,1009.42,14.5,669.3,1,328.98,-,648.39,8997,0,84,1.45,24.71,21.96,928,98.04,0.49,0.93,15.53,79.22,-4.69,0.78,0.78,-,0.36,4,40.42,125.19,-5.83,-35.21,26,2.37,1.94,34,9.66,12.59,7.94,2.55,27.28,35.57,0.85,0.82,64.97,0,35.03,1326.08,3.14,571,8.3,7,12.94,-4.5,11.67,9.87,10.13,27.88,2.41,1235.92,457.26,329.71,127.55,-12.44,14.26,14.7,29
Mon Mar 13 08:19:19 GMT-03:00 2023,13-Mar-2023 08:19:20.392,-35.2125012907702,-5.833924643357507,1.2927205562591553,4.0,40.431505321114194,129.73048400878906,0.27,4.63,8.69,0.02,12.94,0,0.05,-0.1,0.09,14.9,7.45,14.7,98.04,24,27.15,19.44,1009.46,14.5,669.3,1,328.98,-,651.6,8997,0,84,1.45,35.29,21.18,840.5,98.04,0.49,1.39,23.15,79.61,-4.69,1.56,0.78,-,0.36,4,40.43,129.73,-5.83,-35.21,27,8.3,1.94,34,5.04,12.59,7.94,3.8,14.24,35.57,0.85,0.82,64.99,0,35.01,1326.08,2.35,573,4.65,0,12.94,-7,11.67,9.85,10.15,27.84,2.41,1235.92,458.26,330.43,127.84,-10.56,14.06,14.7,29
Mon Mar 13 08:19:20 GMT-03:00 2023,13-Mar-2023 08:19:21.392,-35.2125012907702,-5.833924643357507,0.1780671626329422,4.0,40.3895428501236,129.96144104003906,0.43,5.87,7.81,0.02,12.94,0,0.06,0.01,0.01,14.9,7.45,14.7,98.04,24,27.15,19.38,1009.49,14.5,669.5,1,328.98,-,651.6,8997,0,84,-,30.2,24.31,733.5,98.04,0.49,0.97,16.2,79.61,-4.69,1.56,1.56,-,0.36,4,40.39,129.96,-5.83,-35.21,26,0.64,-,34,0,12.59,7.94,2.66,0,35.57,0.07,0.81,64.85,0,35.15,1326.08,3.14,574,0.64,0,12.94,-7,-,9.85,10.15,27.83,2.41,1235.92,459.26,330.43,128.83,-11.46,14.06,14.3,27
Mon Mar 13 08:19:21 GMT-03:00 2023,13-Mar-2023 08:19:22.393,-35.2125012907702,-5.833924643357507,0.21981462836265564,4.0,40.30426018826432,130.72576904296875,0.6,6.77,7.14,0.03,14.12,0.01,0.08,0.12,-0.05,24.31,12.55,14.7,98.04,24,27.15,19.38,1009.48,14.5,669.5,1,328.98,-,651.6,8997,0,84,-,30.2,36.47,733.5,98.04,0.49,0.97,16.2,79.61,-4.69,3.12,3.12,-,0.36,4,40.3,130.73,-5.83,-35.21,27,0.64,-,34,0,12.59,7.94,2.66,0,35.57,0.85,0.81,64.71,0,35.29,1326.08,2.75,575,0.79,0,13.33,3,-,9.85,10.15,27.83,2.41,1235.92,460.2,330.43,129.78,-11.46,14.28,14.7,27
Mon Mar 13 08:19:22 GMT-03:00 2023,13-Mar-2023 08:19:23.395,-35.21248677996382,-5.833939611189776,2.1459641456604004,4.0,40.307832086954534,135.3049774169922,1.05,6.75,6.19,-0.04,23.53,0,0.16,0.21,-0.19,33.33,16.86,14.7,98.04,24,27.04,19.33,1009.41,14.5,669.7,1,328.98,-,651.6,8997,0,84,0.77,51.76,36.47,1479,98.04,0.49,3.23,53.78,79.61,-4.69,3.91,5.47,-,0.36,4,40.31,135.3,-5.83,-35.21,26,2.21,1.04,34,0,12.59,7.94,8.83,0,35.57,0.08,0.82,64.57,0,35.43,1326.08,12.94,575,7.73,3,21.96,19.5,4.99,9.85,10.15,27.83,2.41,1235.92,461.26,331.3,129.97,-2.92,14.26,14.8,40
Mon Mar 13 08:19:23 GMT-03:00 2023,13-Mar-2023 08:19:24.394,-35.21247413850424,-5.833963607800731,3.1287693977355957,4.0,39.63231877868296,149.7418670654297,0.23,7.33,6.98,0.05,23.53,0.05,0.15,0.2,-0.08,33.33,16.86,14.7,98.04,24,26.98,19.31,1009.43,14.5,669.7,1,328.98,-,645.18,8997,0,84,10.87,71.76,59.22,2166,98.04,0.49,7.32,121.94,78.82,-4.69,-2.34,-4.69,-,0.36,4,39.63,149.74,-5.83,-35.21,24,5.27,14.58,33,0.41,12.59,7.94,20.02,1.16,35.57,0.8,0.86,64.54,0,35.46,1329.9,12.94,577,11.26,13,25.88,21.5,47.92,9.82,10.18,27.74,2.41,1235.92,462.17,332.21,129.97,-1.48,14.16,14.7,52
Mon Mar 13 08:19:24 GMT-03:00 2023,13-Mar-2023 08:19:25.393,-35.212451822571154,-5.834005961499498,5.786917686462402,4.0,39.51836477489078,166.27737426757812,1.3,7.01,7.04,0.04,26.27,0.06,0.13,0.19,-0.05,33.33,16.86,14.7,98.04,24,26.96,19.32,1009.39,14.5,668.4,1,328.98,-,635.54,8997,0,84,15.9,70.98,64.31,2576.5,98.04,0.5,8.94,149.05,77.65,-4.69,-5.47,-4.69,-,0.37,4,39.52,166.28,-5.83,-35.21,26,10.74,21.33,33,1.45,12.59,7.94,24.47,4.11,35.57,0.8,0.86,64.62,0,35.38,1335.43,16.47,578,20.83,22,25.88,22.5,58.94,9.8,10.21,27.67,2.42,1235.92,463.22,333.25,129.97,-3.67,14.16,14.7,57
Mon Mar 13 08:19:25 GMT-03:00 2023,13-Mar-2023 08:19:26.394,-35.212440079706745,-5.834069672945983,7.439069747924805,4.0,39.6386269802674,173.1474151611328,-0.23,5.93,6.84,-0.06,26.67,0.02,0.04,0.1,-0.02,32.16,14.51,14.7,98.04,24,26.96,19.32,1009.39,14.5,667.7,1,328.98,-,635.54,8997,0,84,15.9,70.98,59.61,2576.5,98.04,0.5,8.94,149.05,76.86,-4.69,-5.47,-3.12,-,0.37,4,39.64,173.15,-5.83,-35.21,28,10.74,21.33,33,1.45,12.59,7.94,24.47,4.11,35.57,0.1,0.77,64.7,0,35.3,1335.43,16.08,579,26.78,22,26.27,22.5,58.94,9.8,10.21,27.67,2.42,1235.92,464.25,334.28,129.97,-3.67,14.16,14.4,57
Mon Mar 13 08:19:26 GMT-03:00 2023,13-Mar-2023 08:19:27.393,-35.21243476517935,-5.834146699424422,8.44140338897705,4.0,39.84531835974791,172.86331176757812,0.4,7.32,8.11,0.14,24.31,0.04,0.04,0.05,0.03,32.16,14.51,14.7,98.04,24,26.97,19.35,1009.38,14.5,668.9,1,333.07,1020.26,629.12,8997,0,84,15.42,60.39,59.61,2809,98.04,0.5,8.49,141.43,76.86,-4.69,-7.03,-6.25,-,0.37,4,39.85,172.86,-5.83,-35.21,26,2.22,20.68,33,2.59,12.59,7.94,23.22,7.32,35.57,0.28,0.75,64.78,0,35.22,1342.03,14.51,579,30.39,29,23.53,23,52.42,9.77,10.23,27.61,2.43,1235.93,465.25,335.28,129.97,-5.86,14.12,14.7,57
Mon Mar 13 08:19:27 GMT-03:00 2023,13-Mar-2023 08:19:28.394,-35.21242153381717,-5.8342310557907116,9.48608684539795,4.0,39.85245649853511,172.45753479003906,0.93,6,6.58,-0.07,24.31,0.07,0.16,0.15,0,32.16,16.47,14.7,98.04,24,27,19.39,1009.36,14.5,668.9,1,335.58,759.99,629.11,8997,0,84,13.95,78.82,61.57,2199.5,98.04,0.51,8.33,138.88,76.86,-4.69,0,-2.34,-,0.37,4,39.85,172.46,-5.83,-35.21,24,3.61,18.71,33,3.48,12.59,7.94,22.8,9.83,35.57,0.69,0.7,64.85,0,35.15,1349.67,14.51,581,34.15,34,27.06,21,60.58,9.75,10.25,27.55,2.46,1235.97,466.26,336.29,129.97,-6.72,14.16,14.7,56
Mon Mar 13 08:19:28 GMT-03:00 2023,13-Mar-2023 08:19:29.392,-35.21241123996859,-5.834324325239743,10.598322868347168,4.0,39.734506474761204,175.7183837890625,-0.43,6.62,7.72,0.06,24.71,0,0.01,0.03,0,28.63,14.51,14.7,98.04,24,27.05,19.45,1009.39,14.5,670.7,1,336.53,497.26,625.9,8997,0,84,15.72,68.63,63.53,1980.5,98.04,0.51,6.39,106.53,76.47,-4.69,0.78,-2.34,-,0.38,4,39.73,175.72,-5.83,-35.21,25,0.85,21.08,33,5.32,12.59,7.94,17.49,15.03,35.57,0.69,0.7,64.93,0,35.07,1351.74,16.08,582,38.15,39,27.06,21,75.79,9.74,10.27,27.51,2.46,1235.97,467.29,337.32,129.97,-6.88,14.16,14.7,55
Mon Mar 13 08:19:29 GMT-03:00 2023,13-Mar-2023 08:19:30.392,-35.21240120946235,-5.834425699245125,11.365699768066406,4.0,39.674011093982934,175.34156799316406,-0.42,6.07,7.87,0.03,20.39,-0.04,0,0.01,-0.04,26.67,12.94,14.7,98.04,24,27.05,19.45,1009.37,14.5,671.8,1,336.53,497.26,625.9,8997,0,84,15.72,68.63,52.16,1980.5,98.04,0.51,6.39,106.53,76.47,-4.69,0.78,-0.78,-,0.38,4,39.67,175.34,-5.83,-35.21,26,0.85,21.08,33,5.32,12.59,7.94,17.49,15.03,35.57,0.76,0.69,65.01,0,34.99,1351.74,10.59,583,40.92,39,21.57,19.5,75.79,9.74,10.27,27.51,2.48,1235.99,468.27,338.3,129.97,-6.88,14.18,14.7,55
Mon Mar 13 08:19:30 GMT-03:00 2023,13-Mar-2023 08:19:31.395,-35.21239081435022,-5.834531876397675,11.894201278686523,4.0,39.7001527278403,174.71351623535156,-0.1,5.73,9,0.11,14.9,0.03,0.07,0,0.06,26.67,12.94,14.7,98.04,24,27.12,19.52,1009.35,14.5,671.8,1,336.31,298.67,625.9,8997,0,83,10.17,58.43,52.16,1677.5,98.04,0.51,4.4,73.4,76.47,-4.69,-0.78,-3.12,-,0.38,4,39.7,174.71,-5.83,-35.21,25,1.08,13.64,33,8.86,12.59,7.94,12.05,25.02,35.57,0.8,0.68,65.08,0,34.92,1356.89,5.1,583,42.82,42,18.43,20,57.91,9.74,10.27,27.5,2.48,1235.99,469.27,339.3,129.97,-8.67,14.16,14.6,51
Mon Mar 13 08:19:31 GMT-03:00 2023,13-Mar-2023 08:19:32.393,-35.21237776340814,-5.834638609514639,11.97363567352295,4.0,39.59963974933247,173.69046020507812,-0.06,4.78,7.4,-0.08,14.9,-0.07,-0.01,-0.05,-0.03,18.04,9.41,14.7,98.04,24,27.18,19.59,1009.34,14.5,671.8,1,334.97,104.72,625.9,8997,0,83,10.17,24.71,29.02,1385,98.04,0.51,1.66,27.71,76.47,-4.69,-6.25,-4.69,-,0.38,4,39.6,173.69,-5.83,-35.21,22,0.82,13.64,33,25.26,12.59,7.94,4.55,71.35,35.57,0.06,0.68,65.16,0,34.84,1356.89,5.1,585,43.11,42,13.73,-7,57.91,9.78,10.22,27.64,2.51,1236.02,470.28,340.32,129.97,-11.9,14.22,14.6,42
Mon Mar 13 08:19:32 GMT-03:00 2023,13-Mar-2023 08:19:33.394,-35.21236092531991,-5.834743593071765,11.799263954162598,4.0,39.55540893174808,171.6412353515625,-1.03,6,8.06,0.05,13.33,0.05,-0.05,0,0.08,18.43,9.8,14.7,98.04,24,27.24,19.66,1009.38,14.5,671.5,1,333.79,130.27,625.9,8997,0,83,10.17,24.71,14.9,1788.5,98.04,0.51,2.07,34.48,76.47,-4.69,-6.25,-4.69,-,0.38,4,39.56,171.64,-5.83,-35.21,24,1.48,13.64,33,20.3,12.59,7.94,5.66,57.36,35.57,0.06,0.69,65.23,0,34.77,1344.04,3.14,586,42.48,41,13.73,-7,57.91,9.82,10.19,27.73,2.51,1236.02,471.28,341.32,129.97,-10.59,14.22,14.7,38
Mon Mar 13 08:19:33 GMT-03:00 2023,13-Mar-2023 08:19:34.394,-35.212345469042035,-5.834847356116578,11.562737464904785,4.0,39.55188977233281,169.79249572753906,-1.65,5.97,8,0.05,19.22,-0.01,-0.01,-0.04,0.02,27.06,13.73,14.7,98.04,24,27.24,19.66,1009.35,14.5,671.1,1,333.79,130.27,625.9,8997,0,83,10.17,21.57,50.59,1788.5,98.04,0.51,2.07,34.48,76.47,-4.69,-0.78,0.78,-,0.38,4,39.55,169.79,-5.83,-35.21,25,1.48,13.64,33,20.3,12.59,7.94,5.66,57.36,35.57,0.05,0.69,65.3,0,34.7,1344.04,9.41,586,41.63,41,16.86,27.5,57.91,9.82,10.19,27.73,2.53,1236.04,472.26,342.29,129.97,-10.59,14.14,14.7,38
Mon Mar 13 08:19:34 GMT-03:00 2023,13-Mar-2023 08:19:35.393,-35.21231885843861,-5.834953036080507,11.946139335632324,4.0,39.36921307391794,166.97821044921875,-0.13,5.23,7.75,-0.03,19.22,-0.02,0.03,0.08,-0.08,27.06,13.73,14.7,98.04,24,27.3,19.73,1009.39,14.5,671.1,1,333.46,274.91,625.9,8997,0,83,6.78,61.57,50.59,1482.5,98.04,0.52,4.26,71.02,76.47,-4.69,3.12,1.56,-,0.38,4,39.37,166.98,-5.83,-35.21,23,1.37,9.09,33,9.62,12.59,7.94,11.66,27.18,35.57,0.67,0.51,65.36,0,34.64,1348.63,9.41,587,43.01,43,19.61,18.5,43.68,9.82,10.19,27.73,2.53,1236.04,473.13,343.16,129.97,-8.25,14.2,14.8,39
Mon Mar 13 08:19:35 GMT-03:00 2023,13-Mar-2023 08:19:36.395,-35.21228953454403,-5.835062725061255,12.364874839782715,4.0,39.25096173942453,166.92112731933594,0.62,6.05,7.63,0.02,19.22,-0.02,0.11,0,0,27.06,13.73,14.7,98.04,24,27.38,19.81,1009.4,14.5,670.1,1,333.1,270.21,625.9,8997,0,83,7.4,59.61,48.24,1591,98.04,0.52,4.39,73.21,76.47,-4.69,0.78,1.56,-,0.38,4,39.25,166.92,-5.84,-35.21,27,1.99,9.93,33,9.79,12.59,7.94,12.02,27.65,35.57,0.67,0.51,65.45,0,34.55,1366.46,9.41,589,44.51,45,19.61,19.5,44.44,9.82,10.19,27.73,2.56,1236.06,474.26,344.29,129.97,-6.73,14.26,14.8,43
Mon Mar 13 08:19:36 GMT-03:00 2023,13-Mar-2023 08:19:37.396,-35.212261290539516,-5.835175266574284,12.821552276611328,4.0,39.18209457221709,167.39292907714844,1.06,5.32,8.03,0.01,19.22,-0.02,0.01,0,0,27.45,14.12,14.7,98.43,24,27.38,19.81,1009.39,14.5,668.2,1,332.69,261.21,625.9,8997,0,84,7.4,59.61,48.63,1591,98.43,0.52,4.44,74.07,76.47,-4.69,0.78,3.91,-,0.39,4,39.18,167.39,-5.84,-35.21,27,1.99,9.93,33,10.13,12.59,7.94,12.16,28.6,35.57,0.1,0.5,65.52,0,34.48,1353.27,9.41,590,46.16,45,19.61,19.5,44.44,9.82,10.19,27.73,2.56,1236.06,475.29,345.32,129.97,-7.18,14.26,14.7,44
Mon Mar 13 08:19:37 GMT-03:00 2023,13-Mar-2023 08:19:38.395,-35.21223269252826,-5.835292194194289,13.196207046508789,4.0,39.206905233808065,167.60549926757812,-0.38,5.57,8.15,0.03,19.22,-0.03,0.07,0.01,-0.03,27.45,14.12,14.7,98.43,24,27.46,19.89,1009.31,14.5,665.9,1,332.69,261.21,625.9,8997,0,84,7.06,59.22,49.41,1561,98.43,0.52,4.44,74.07,76.47,-4.69,3.12,4.69,-,0.39,4,39.21,167.61,-5.84,-35.21,25,0.84,9.47,33,10.13,12.59,7.94,12.16,28.6,35.57,0.16,0.5,65.59,0,34.41,1371.71,9.41,590,47.51,47,19.61,19.5,43.2,9.82,10.19,27.73,2.58,1236.09,476.27,346.3,129.97,-7.18,14.26,14.7,44
Mon Mar 13 08:19:38 GMT-03:00 2023,13-Mar-2023 08:19:39.395,-35.2122059086295,-5.835410034835746,13.484179496765137,4.0,39.08903526006562,167.7199249267578,-0.19,5.85,7.98,0.03,19.22,-0.04,0.06,0.02,-0.05,27.45,14.12,14.7,98.43,24,27.55,19.97,1009.33,14.5,665.9,1,332.26,255.24,625.9,8997,0,84,3.93,60.78,49.41,1579.5,98.43,0.52,4.54,75.59,76.47,-4.69,5.47,3.12,-,0.39,4,39.09,167.72,-5.84,-35.21,25,0.49,5.26,33,10.36,12.59,7.94,12.41,29.27,35.57,0.77,0.48,65.66,0,34.34,1376.42,9.41,592,48.54,48,19.61,19.5,23.73,9.82,10.18,27.74,2.58,1236.09,477.2,347.23,129.97,-6.88,14.26,14.7,46
Mon Mar 13 08:19:39 GMT-03:00 2023,13-Mar-2023 08:19:40.395,-35.21217637800894,-5.835531616070624,13.79096794128418,4.0,39.17964608672516,167.5195770263672,1.12,5.72,8.83,0.1,18.04,0.07,0,0.07,0.06,25.49,12.94,14.7,98.43,24,27.64,20.06,1009.35,14.5,663.6,1,331.56,207.43,622.69,8997,0,84,7.61,55.69,47.06,1542.5,98.43,0.52,3.76,62.74,76.08,-4.69,-4.69,3.12,-,0.39,4,39.18,167.52,-5.84,-35.21,23,0.35,10.2,33,12.75,12.59,7.94,10.3,36.02,35.57,0.77,0.48,65.74,0,34.26,1381.25,8.24,593,49.65,50,19.61,19.5,47.09,9.83,10.18,27.76,2.61,1236.12,478.26,348.3,129.97,-8.25,14.26,14.7,45
Mon Mar 13 08:19:40 GMT-03:00 2023,13-Mar-2023 08:19:41.394,-35.21214774259416,-5.835653719280113,13.954818725585938,4.0,39.34364272729198,168.16246032714844,0.51,5.16,7.81,-0.02,16.86,-0.07,0.14,-0.02,-0.05,19.61,9.8,14.7,98.43,24,27.64,20.06,1009.28,14.5,661.4,1,331.56,207.43,622.69,8997,0,84,7.61,55.69,37.65,1542.5,98.43,0.52,3.76,62.74,76.08,-4.69,-4.69,-6.25,-,0.39,4,39.34,168.16,-5.84,-35.21,22,0.35,10.2,33,12.75,12.59,7.94,10.3,36.02,35.57,0.73,0.49,65.81,0,34.19,1381.25,7.06,593,50.24,50,18.43,19.5,47.09,9.83,10.18,27.76,2.61,1236.12,479.26,349.29,129.97,-8.25,14.08,14.7,45
Mon Mar 13 08:19:41 GMT-03:00 2023,13-Mar-2023 08:19:42.394,-35.21212088530471,-5.835775737855713,13.894792556762695,4.0,39.62858325335719,168.65042114257812,0.1,5.02,7.93,-0.02,16.86,-0.1,0.14,-0.06,-0.06,19.61,9.8,14.7,98.43,24,27.73,20.15,1009.26,14.5,660,1,330.3,105.17,622.69,8997,0,84,7.61,34.51,37.65,1366.5,98.43,0.53,1.99,33.14,76.08,-4.69,-14.06,-14.84,-,0.39,4,39.63,168.65,-5.84,-35.21,23,0.24,10.2,33,25.15,12.59,7.94,5.44,71.04,35.57,0.71,0.5,65.88,0,34.12,1381.25,3.53,594,50.02,50,14.51,23,47.09,9.87,10.13,27.89,2.64,1236.15,480.24,350.27,129.97,-11.12,14.16,14.7,39
Mon Mar 13 08:19:42 GMT-03:00 2023,13-Mar-2023 08:19:43.394,-35.212095735269365,-5.835894018689254,13.563278198242188,4.0,39.87503780106052,169.19102478027344,0.4,5.57,8.79,0.08,13.33,0.13,0.12,0.03,0.16,14.9,7.45,14.7,98.43,24,27.81,20.23,1009.3,14.5,660,1,328.8,58.97,622.7,8997,0,84,7.61,18.82,18.82,1283,98.43,0.53,1.11,18.58,76.08,-4.69,-9.38,-8.59,-,0.39,4,39.88,169.19,-5.84,-35.21,23,3.02,10.2,33,44.86,12.59,7.94,3.05,126.71,35.57,0.06,0.5,65.95,0,34.05,1366.71,3.53,596,48.83,47,13.33,-13,47.09,9.89,10.11,27.93,2.64,1236.15,481.28,351.32,129.97,-12.36,14.3,14.7,33
Mon Mar 13 08:19:43 GMT-03:00 2023,13-Mar-2023 08:19:44.393,-35.21207356829294,-5.836007434648727,12.961445808410645,4.0,39.98842260164552,169.2926788330078,0.31,4.25,7.51,-0.1,13.33,0.01,0.03,-0.11,0.11,14.9,7.45,14.7,98.43,24,27.81,20.23,1009.34,14.5,659.6,1,328.8,58.97,622.7,8997,0,84,7.61,18.82,16.47,1283,98.43,0.53,1.11,18.58,76.08,-4.69,-9.38,-8.59,-,0.39,4,39.99,169.29,-5.84,-35.21,25,3.02,10.2,33,44.86,12.59,7.94,3.05,126.71,35.57,0.06,0.52,66.02,0,33.98,1366.71,3.14,597,46.66,47,13.33,-13,47.09,9.89,10.11,27.93,2.66,1236.17,482.26,352.3,129.97,-12.36,14.3,14.7,33
Mon Mar 13 08:19:44 GMT-03:00 2023,13-Mar-2023 08:19:45.394,-35.21205288165649,-5.836111828024088,11.803665161132812,4.0,40.138613897130526,168.87269592285156,1.31,4.93,9.99,0.16,13.73,-0.01,0.07,-0.19,0.1,14.9,7.45,29.4,98.43,24,27.87,20.3,1009.33,14.5,659,2,327.37,67.87,622.7,8997,0,84,-,18.82,16.47,1370.5,98.43,0.53,1.21,20.1,76.08,-4.69,0,0,-,0.39,4,40.14,168.87,-5.84,-35.21,25,3.66,-,34,38.97,12.59,7.94,3.3,110.08,35.57,0,0.01,66.09,0,33.91,1353.25,3.92,597,42.49,43,13.73,-11.5,-,9.9,10.1,27.96,2.66,1236.17,483.26,353.3,129.97,-12.04,14.16,14.7,29
Mon Mar 13 08:19:45 GMT-03:00 2023,13-Mar-2023 08:19:46.392,-35.21203152601468,-5.836201031089786,10.152955055236816,4.0,40.259323560478805,166.6337890625,-0.51,4.06,9.71,0.09,13.73,-0.01,0.11,-0.13,0.08,14.9,7.45,29.4,98.43,24,27.9,20.34,1009.36,14.5,659,2,326.03,82.28,625.91,8997,0,84,-,20.78,16.47,1262,98.43,0.53,1.34,22.29,76.47,-4.69,0,0,-,0.39,4,40.26,166.63,-5.84,-35.21,25,8.49,-,34,32.15,12.59,7.94,3.66,90.81,35.57,0.01,0.01,66.16,0,33.84,1353.25,3.92,599,36.55,34,12.94,-8.5,-,9.96,10.04,28.15,2.69,1236.19,484.26,354.29,129.97,-11.93,14.2,14.7,26
Mon Mar 13 08:19:46 GMT-03:00 2023,13-Mar-2023 08:19:47.394,-35.212006148629854,-5.836273483255948,8.383878707885742,4.0,40.220226733414755,159.5896453857422,-1.42,3.51,9.62,0.07,12.55,0.07,-0.14,-0.21,0.2,14.9,7.45,15.86,98.43,24,27.89,20.36,1009.4,14.5,658,1.08,324.64,70.79,625.91,8997,0,84,-,20.78,16.47,923,98.43,0.53,0.91,15.17,76.47,-4.69,0,0,-,0.39,4,40.22,159.59,-5.84,-35.21,28,5.18,-,34,37.36,12.59,7.94,2.49,105.54,35.57,0.01,0.01,66.23,0,33.77,1342.18,2.75,600,30.18,25,12.94,-8.5,-,9.98,10.02,28.18,2.69,1236.19,485.29,355.32,129.97,-12.61,14.2,14.7,22
Mon Mar 13 08:19:47 GMT-03:00 2023,13-Mar-2023 08:19:48.395,-35.211974318570434,-5.836319669096947,6.480062007904053,4.0,40.321273376819775,140.88922119140625,-1.89,5.84,7.52,0.01,12.55,0,-0.11,-0.05,0.04,14.9,7.45,13.26,98.43,24,27.89,20.36,1009.34,14.5,657.2,0.9,324.64,70.79,625.91,8997,0,84,-,20.78,15.69,923,98.43,0.53,0.91,15.17,76.47,-4.69,0,0,-,0.39,4,40.32,140.89,-5.84,-35.21,27,5.18,-,34,37.36,12.59,7.94,2.49,105.54,35.57,0.88,0.08,66.3,0,33.7,1342.18,2.75,600,23.33,25,12.94,6,-,9.98,10.02,28.18,2.69,1236.19,486.21,356.24,129.97,-12.61,14.22,14.4,22
Mon Mar 13 08:19:48 GMT-03:00 2023,13-Mar-2023 08:19:49.394,-35.21193898881704,-5.836362736015126,6.24690055847168,4.0,40.44480808733468,116.04573059082031,-2.72,5.01,7.32,-0.03,12.55,0,-0.23,0.07,-0.07,14.9,7.45,13.6,98.43,24,27.85,20.36,1009.39,14.5,654.3,0.93,324.47,293.09,629.12,8997,0,84,-,34.51,15.69,1130,98.43,0.53,2.77,46.17,76.86,-4.69,0,2.34,-,0.39,4,40.44,116.05,-5.84,-35.21,22,3.33,-,34,9.02,12.59,7.94,7.58,25.49,35.57,0.09,0.12,66.37,0,33.63,1342.18,2.75,601,22.49,20,17.65,24.5,-,9.97,10.03,28.17,2.71,1236.21,487.24,357.27,129.97,-6.6,14.22,14.7,30
Mon Mar 13 08:19:49 GMT-03:00 2023,13-Mar-2023 08:19:50.393,-35.211884331795744,-5.836386625693171,6.622298717498779,4.0,40.18953344727493,91.6707534790039,-4.02,6.28,7.23,0.08,18.04,0.07,-0.14,0.12,0,24.31,12.55,13.6,98.43,23,27.84,20.37,1009.4,14.5,654.3,0.93,326.35,673.76,635.54,8997,0,84,6.86,55.69,36.47,1867.5,98.43,0.53,5.09,84.91,77.65,-4.69,0,2.34,-,0.39,4,40.19,91.67,-5.84,-35.21,21,1.51,9.2,34,3.93,12.59,7.94,13.94,11.09,35.57,0.09,0.12,66.44,0,33.56,1340.82,7.45,603,23.84,24,20.39,20,35.09,9.96,10.04,28.12,2.71,1236.21,488.28,358.32,129.97,-2.64,14.22,14.7,43
Mon Mar 13 08:19:50 GMT-03:00 2023,13-Mar-2023 08:19:51.393,-35.21181219698374,-5.836387272548139,7.904541969299316,8.0,39.95556899436557,76.35845947265625,-0.87,6.19,7.79,0.04,20,0.01,-0.07,0.04,0,27.45,14.12,14.13,98.43,23,27.84,20.37,1009.4,14.5,646.7,0.96,327.36,515.55,635.54,8997,0,84,6.86,55.69,51.76,1867.5,98.43,0.53,4.68,77.97,77.65,-4.69,0,0,-,0.4,8,39.96,76.36,-5.84,-35.21,9,1.51,9.2,34,5.13,12.59,7.94,12.8,14.49,35.57,0.81,0.58,66.51,0,33.49,1340.82,10.2,604,28.46,24,20.39,20,35.09,9.94,10.06,28.08,2.71,1236.21,489.29,359.32,129.97,-7.91,14.28,14.7,43
Mon Mar 13 08:19:51 GMT-03:00 2023,13-Mar-2023 08:19:52.392,-35.211733144725166,-5.836369097691648,9.05160903930664,8.0,39.91391461164335,72.74567413330078,-0.44,6.47,7.28,0.01,20.39,0.02,0,0.07,0,29.02,14.9,14.7,98.43,23,27.84,20.39,1009.46,14.5,640.8,1,327.36,515.55,635.54,8997,0,84,8.81,61.96,54.12,1590,98.43,0.53,4.68,77.97,77.65,-4.69,0.78,2.34,-,0.4,8,39.91,72.75,-5.84,-35.21,5,0.46,11.81,33,5.13,12.59,7.94,12.8,14.49,35.57,0.1,0.81,66.58,0,33.42,1351.19,10.59,604,32.59,28,20.39,19.5,52.88,9.94,10.06,28.08,2.71,1236.21,490.26,360.3,129.97,-7.91,14.22,14.2,43
Mon Mar 13 08:19:52 GMT-03:00 2023,13-Mar-2023 08:19:53.394,-35.21164815701947,-5.836343253766909,10.04548454284668,48.0,39.602884939429224,72.11530303955078,-0.86,6.02,7.53,0.01,20.39,0.01,-0.02,0.03,0.01,29.02,14.9,14.7,98.43,23,27.86,20.42,1009.46,14.5,640.8,1,328.17,480.22,638.75,8997,0,84,10.53,66.27,54.12,1616,98.43,0.54,5.08,84.73,78.04,-4.69,0.78,3.91,-,0.4,48,39.6,72.12,-5.84,-35.21,2,0.59,14.12,33,5.51,12.59,7.94,13.91,15.56,35.57,0.12,0.77,66.64,0,33.36,1357.55,10.59,606,36.16,32,20.78,19.5,62.23,9.93,10.07,28.05,2.72,1236.22,491.21,361.24,129.97,-6.12,14.2,14.2,46
Mon Mar 13 08:19:53 GMT-03:00 2023,13-Mar-2023 08:19:54.393,-35.21156169175322,-5.836318430783476,9.93226432800293,8.0,39.25608789097842,72.052001953125,0.99,4.35,8.66,0.01,17.65,0.04,0.06,-0.12,0.14,14.9,7.45,14.7,98.43,23,27.88,20.46,1009.51,14.5,637,1,327.22,147.41,635.53,8997,0,84,5.24,27.06,36.86,1387.5,98.43,0.54,1.78,29.72,77.65,-4.69,-3.12,3.91,-,0.4,8,39.26,72.05,-5.84,-35.21,10,1.76,7.02,33,17.94,12.59,7.94,4.88,50.68,35.57,0.12,0.77,66.71,0,33.29,1349.15,7.45,607,35.76,34,20.78,19.5,36.03,9.95,10.05,28.11,2.76,1236.27,492.27,362.3,129.97,-11.61,14.2,14.8,40
Mon Mar 13 08:19:54 GMT-03:00 2023,13-Mar-2023 08:19:55.394,-35.211486702971946,-5.8363027921070145,8.699102401733398,6.0,39.12124708118341,76.87278747558594,2.13,3.8,8.3,-0.02,13.33,0,0.24,-0.17,0.09,14.9,7.45,14.7,98.43,23,27.88,20.46,1009.54,14.5,636,1,327.22,147.41,635.53,8997,0,84,5.24,27.06,23.14,1387.5,98.43,0.54,1.78,29.72,78.04,-4.69,-3.12,-3.91,-,0.4,6,39.12,76.87,-5.84,-35.21,17,1.76,7.02,33,17.94,12.59,7.94,4.88,50.68,35.57,0.81,0.76,66.78,0,33.22,1349.15,3.53,608,31.32,34,13.33,0,36.03,9.95,10.05,28.11,2.76,1236.27,493.28,363.32,129.97,-11.61,14.2,14.7,40
Mon Mar 13 08:19:55 GMT-03:00 2023,13-Mar-2023 08:19:56.394,-35.211416544814156,-5.836291435481992,7.838492393493652,6.0,39.30450935230174,91.58299255371094,2.15,5.44,8.48,0.07,13.33,0.04,0.23,-0.03,0.08,14.9,7.45,14.7,98.43,23,27.88,20.48,1009.52,14.5,635.8,1,326.05,104.91,638.74,8997,0,84,5.24,30.59,23.14,935.5,98.43,0.54,1.35,22.48,78.04,-4.69,-3.12,-2.34,-,0.4,6,39.3,91.58,-5.84,-35.21,21,4.32,7.02,34,25.21,12.59,7.94,3.69,71.22,35.57,0.09,0.84,66.85,0,33.15,1349.15,3.53,608,28.22,27,13.73,2,36.03,10,10,28.24,2.76,1236.27,494.29,364.32,129.97,-11.95,14.16,14.7,34
Mon Mar 13 08:19:56 GMT-03:00 2023,13-Mar-2023 08:19:57.394,-35.21135469415724,-5.836292435779065,7.387877464294434,6.0,39.10777659157333,112.82794952392578,3.3,5.79,7.91,0.08,13.33,0.05,0.37,0.01,0.01,14.9,7.45,14.7,98.43,23,27.86,20.49,1009.51,14.5,635.8,1,326.48,409.57,638.75,8997,0,84,5.24,56.86,25.88,1642,98.43,0.54,4.18,69.68,78.04,-4.69,0,2.34,-,0.4,6,39.11,112.83,-5.84,-35.21,25,4.22,7.02,34,6.46,12.59,7.94,11.44,18.24,35.57,0.06,0.8,66.91,0,33.09,1349.15,3.53,610,26.6,24,20,20,36.03,9.99,10.01,28.21,2.76,1236.27,495.27,365.3,129.97,-2.74,14.16,14.7,45
Mon Mar 13 08:19:57 GMT-03:00 2023,13-Mar-2023 08:19:58.394,-35.21129785042992,-5.836314983101184,7.607359886169434,6.0,38.05700633626177,138.89276123046875,3.13,6.5,7.93,0.11,21.96,0.02,0.29,0.07,-0.04,28.63,14.9,14.7,98.43,23,27.85,20.51,1009.47,14.5,635.5,1,328.52,716.93,635.54,8997,0,84,4.23,74.51,54.51,1841.5,98.43,0.54,6.51,108.42,77.65,-4.69,0,2.34,-,0.4,6,38.06,138.89,-5.84,-35.21,26,1.39,5.68,34,3.69,12.59,7.94,17.8,10.42,35.57,0.06,0.8,66.98,0,33.02,1344.32,11.37,611,27.39,26,20,20,21.95,9.97,10.03,28.16,2.79,1236.3,496.26,366.29,129.97,-4.08,14.16,14.7,52
Mon Mar 13 08:19:58 GMT-03:00 2023,13-Mar-2023 08:19:59.393,-35.2112630206759,-5.83636722595151,7.852809429168701,6.0,37.98423311814787,158.8108673095703,0.47,6.7,6.54,-0.02,28.24,-0.04,0.08,0.11,-0.12,34.9,17.65,14.7,98.43,23,27.85,20.51,1009.44,14.5,635.9,1,328.52,716.93,635.54,8997,0,84,4.23,74.51,69.41,1841.5,98.43,0.54,6.51,108.42,77.65,-4.69,3.91,5.47,-,0.4,6,37.98,158.81,-5.84,-35.21,24,1.39,5.68,33,3.69,12.59,7.94,17.8,10.42,35.57,0.16,0.73,67.05,0,32.95,1344.32,18.43,612,28.27,26,26.67,20,21.95,9.97,10.03,28.16,2.79,1236.3,497.27,367.3,129.97,-4.08,14.16,14.6,52
Mon Mar 13 08:19:59 GMT-03:00 2023,13-Mar-2023 08:20:00.392,-35.21124568684134,-5.836442836970914,8.979854583740234,6.0,38.278540511236166,163.0541534423828,0.02,7.04,6.98,0.03,28.24,-0.01,0.06,0.12,-0.09,34.9,17.65,14.7,98.43,23,27.86,20.53,1009.41,14.5,639.7,1,331.49,901.22,635.53,8997,0,84,9.93,81.96,69.41,2180.5,98.43,0.55,8.86,147.65,77.65,-4.69,2.34,-0.78,-,0.41,6,38.28,163.05,-5.84,-35.21,27,1.73,13.32,33,2.93,12.59,7.94,24.24,8.29,35.57,0.76,0.69,67.11,0,32.89,1355.11,17.25,612,32.33,30,27.84,19.5,43.5,9.95,10.05,28.1,2.79,1236.3,498.27,368.31,129.97,-1.88,14.22,14.7,60
Mon Mar 13 08:20:00 GMT-03:00 2023,13-Mar-2023 08:20:01.392,-35.211225903984776,-5.836530128239425,10.270918846130371,6.0,38.66250337419158,163.9093017578125,0,6.23,7.58,0.02,27.06,0,0.03,0.06,-0.02,33.73,17.25,14.7,98.43,23,27.9,20.58,1009.32,14.5,639.7,1,334.15,848.4,629.11,8997,0,84,19.11,76.08,65.88,2555.5,98.43,0.55,9.62,160.38,76.86,-4.69,-2.34,-0.78,-,0.41,6,38.66,163.91,-5.84,-35.21,25,4.67,25.63,33,3.12,12.59,7.94,26.33,8.81,35.57,0.76,0.69,67.18,0,32.82,1368.42,17.25,614,36.98,37,24.31,22.5,71.41,9.93,10.07,28.04,2.79,1236.3,499.27,369.3,129.97,-2.93,14.12,14.7,65
Mon Mar 13 08:20:01 GMT-03:00 2023,13-Mar-2023 08:20:02.393,-35.21120286658215,-5.8366238969443405,11.171152114868164,6.0,38.98713183655699,164.50123596191406,-0.21,6.17,6.8,-0.04,21.57,0.05,-0.02,0.1,0,30.2,15.29,14.7,98.43,23,27.95,20.64,1009.29,14.5,646.3,1,334.81,462.95,629.11,8997,0,84,10.3,76.08,54.12,2014.5,98.43,0.56,6.48,107.93,76.86,-4.69,-2.34,-4.69,-,0.41,6,38.99,164.5,-5.84,-35.21,26,0.22,13.81,33,5.71,12.59,7.94,17.72,16.14,35.57,0.83,0.68,67.24,0,32.76,1376.83,11.76,615,40.22,40,24.31,22.5,48.81,9.92,10.09,28.01,2.8,1236.31,500.24,370.27,129.97,-7.86,14.12,14.7,60
Mon Mar 13 08:20:02 GMT-03:00 2023,13-Mar-2023 08:20:03.392,-35.211174929287004,-5.836722569894051,11.74181842803955,4.0,39.18456842494751,163.60687255859375,-0.27,6.94,7.09,0.03,25.1,0.01,0.01,0.13,-0.07,32.94,16.86,14.7,98.43,23,27.95,20.64,1009.26,14.5,650.6,1,334.81,462.95,629.11,8997,0,84,10.3,68.24,65.1,2014.5,98.43,0.56,6.48,107.93,76.86,-4.69,0.78,2.34,-,0.41,4,39.18,163.61,-5.84,-35.21,24,0.22,13.81,33,5.71,12.59,7.94,17.72,16.14,35.57,0.19,0.72,67.31,0,32.69,1376.83,14.51,615,42.27,40,23.53,20,48.81,9.92,10.09,28.01,2.82,1236.33,501.25,371.29,129.97,-7.86,14.16,14.8,60
Mon Mar 13 08:20:03 GMT-03:00 2023,13-Mar-2023 08:20:04.391,-35.21113866722733,-5.836828346206824,12.352404594421387,4.0,39.67532854522183,161.77328491210938,-0.06,6.05,7.48,0,25.1,-0.05,0.02,0.02,-0.05,32.94,16.86,14.7,98.43,23,28.01,20.7,1009.15,14.5,655.7,1,335.92,552.44,625.89,8997,0,84,13.7,77.25,65.1,2259.5,98.43,0.56,8.35,139.24,76.47,-4.69,-3.12,-5.47,-,0.42,4,39.68,161.77,-5.84,-35.21,25,1.73,18.37,33,4.79,12.59,7.94,22.86,13.52,35.57,0.76,0.71,67.37,0,32.63,1381.7,13.73,616,44.47,44,25.49,21.5,57.89,9.9,10.1,27.97,2.82,1236.33,502.25,372.28,129.97,-3.62,14.14,14.7,63
Mon Mar 13 08:20:04 GMT-03:00 2023,13-Mar-2023 08:20:05.392,-35.21109835264041,-5.836935754921497,13.006354331970215,4.0,40.07019449129227,161.29638671875,-0.1,6.41,6.42,-0.05,23.53,-0.07,0.02,0.08,-0.13,31.76,16.47,14.7,98.43,23,28.08,20.78,1009.1,14.5,655.7,1,336.73,495.41,625.89,8997,0,84,11.62,77.65,61.96,2236.5,98.43,0.56,8.24,137.35,76.47,-4.69,2.34,1.56,-,0.42,4,40.07,161.3,-5.84,-35.21,26,2.53,15.58,33,5.34,12.59,7.94,22.55,15.08,35.57,0.77,0.71,67.44,0,32.56,1398.39,13.73,618,46.82,47,27.06,21,49.61,9.89,10.11,27.93,2.85,1236.36,503.25,373.29,129.97,-4.93,14.2,14.7,63
Mon Mar 13 08:20:05 GMT-03:00 2023,13-Mar-2023 08:20:06.391,-35.211058959642095,-5.837054697021707,13.64995288848877,4.0,40.40179785268895,161.6009063720703,-0.06,6.27,8.04,0.06,26.67,0.04,0.03,0.09,0.01,32.16,16.47,14.7,98.43,23,28.17,20.86,1009.12,14.5,660.3,1,337.32,454.12,625.89,8997,0,84,12.83,78.43,65.49,2193.5,98.43,0.57,8.07,134.49,76.47,-4.69,2.34,1.56,-,0.42,4,40.4,161.6,-5.84,-35.21,23,0.86,17.2,33,5.82,12.59,7.94,22.08,16.45,35.57,0.77,0.68,67.5,0,32.5,1403.66,16.86,619,49.14,50,27.06,21,55.85,9.88,10.13,27.9,2.85,1236.36,504.24,374.28,129.97,-5.04,14.2,14.1,64
Mon Mar 13 08:20:06 GMT-03:00 2023,13-Mar-2023 08:20:07.391,-35.21101764413606,-5.837177909074337,14.241286277770996,4.0,40.73642640572199,162.38375854492188,-0.05,6.02,7.82,0.03,23.53,0,0.03,0.04,0,30.2,15.69,14.7,98.43,23,28.17,20.86,1009.08,14.5,664.4,1,337.32,454.12,625.89,8997,0,84,12.83,78.43,60.39,2193.5,98.43,0.57,8.07,134.49,76.47,-4.69,-0.78,-3.12,-,0.42,4,40.74,162.38,-5.84,-35.21,27,0.86,17.2,33,5.82,12.59,7.94,22.08,16.45,35.57,0.76,0.68,67.57,0,32.43,1403.66,13.73,620,51.27,50,25.49,21,55.85,9.88,10.13,27.9,2.88,1236.38,505.28,375.31,129.97,-5.04,14.16,14.8,64
Mon Mar 13 08:20:07 GMT-03:00 2023,13-Mar-2023 08:20:08.391,-35.21097689746678,-5.837302823013645,14.63025951385498,4.0,41.13776007056437,163.0566864013672,0.63,6.65,7.82,0.07,28.63,0.03,0.05,0.09,0,30.2,15.69,14.7,98.43,23,28.26,20.95,1009.01,14.5,668,1,337.37,346.83,625.88,8997,0,84,8.33,76.86,60.39,1840,98.43,0.57,6.56,109.27,76.47,-4.69,2.34,3.91,-,0.42,4,41.14,163.06,-5.84,-35.21,28,0.73,11.17,33,7.63,12.59,7.94,17.94,21.54,35.57,0.22,0.64,67.63,0,32.37,1407.98,18.82,620,52.67,52,27.45,21,43.22,9.87,10.13,27.88,2.88,1236.38,506.25,376.28,129.97,-6.66,14.12,14.7,61
Mon Mar 13 08:20:08 GMT-03:00 2023,13-Mar-2023 08:20:09.391,-35.21093871946526,-5.837432361277452,15.010391235351562,4.0,41.465496414709385,163.25352478027344,0.86,5.77,6.93,-0.06,28.63,-0.07,0.12,0.01,-0.08,32.55,16.86,14.7,98.43,23,28.35,21.05,1008.96,14.5,668,1,337.86,435.74,622.67,8997,0,84,9.05,76.47,69.8,2323.5,98.43,0.58,8.57,142.77,76.08,-4.69,-2.34,-4.69,-,0.43,4,41.47,163.25,-5.84,-35.21,27,1.33,12.14,33,6.07,12.59,7.94,23.44,17.15,35.57,0.78,0.66,67.69,0,32.31,1426.81,18.82,622,54.04,54,24.71,21,37.2,9.86,10.14,27.85,2.91,1236.41,507.25,377.28,129.97,-2.29,14.14,14.7,66
Mon Mar 13 08:20:09 GMT-03:00 2023,13-Mar-2023 08:20:10.391,-35.210899129824625,-5.83756252450288,15.388594627380371,4.0,42.36346104760051,163.07266235351562,-0.36,6.44,8.05,0.07,21.96,0.1,0.04,0.08,0.09,28.24,14.51,14.7,98.43,23,28.46,21.14,1008.98,14.5,671.8,1,337.54,271.92,622.67,8997,0,84,4.43,67.45,56.47,1779.5,98.43,0.58,5.55,92.52,76.08,-4.69,-4.69,-4.69,-,0.43,4,42.36,163.07,-5.84,-35.21,28,0.4,5.94,33,9.73,12.59,7.94,15.19,27.48,35.57,0.78,0.66,67.76,0,32.24,1431.28,12.16,623,55.4,55,24.71,21,23.78,9.86,10.14,27.85,2.91,1236.41,508.27,378.3,129.97,-8.24,14.14,14.8,60
Mon Mar 13 08:20:10 GMT-03:00 2023,13-Mar-2023 08:20:11.391,-35.210859646993924,-5.837695218375633,15.112009048461914,4.0,43.31561492550159,162.8325958251953,0.16,5.97,8.08,0.04,20,0.02,0.05,0.03,0.02,14.9,7.45,14.7,98.43,23,28.46,21.14,1008.83,14.5,674.2,1,337.54,271.92,622.67,8997,0,84,4.43,67.45,50.2,1779.5,98.43,0.58,5.55,92.52,76.08,-4.69,-4.69,-3.12,-,0.43,4,43.32,162.83,-5.84,-35.21,28,0.4,5.94,33,9.73,12.59,7.94,15.19,27.48,35.57,0.09,0.64,67.82,0,32.18,1431.28,10.2,623,54.4,55,21.57,18.5,23.78,9.86,10.14,27.85,2.94,1236.44,509.26,379.3,129.97,-8.24,14.12,14.8,60
Mon Mar 13 08:20:11 GMT-03:00 2023,13-Mar-2023 08:20:12.391,-35.210822161695475,-5.837823106904306,14.704442024230957,4.0,43.97714947016202,162.8528594970703,0.21,4.91,7.76,-0.04,20,0.01,0.03,-0.03,0.06,14.9,7.45,14.7,98.43,23,28.55,21.23,1008.74,14.5,674.9,1,336.44,116.17,622.67,8997,0,84,4.43,38.43,50.2,1466.5,98.43,0.58,2.42,40.26,76.08,-4.69,-6.25,-7.81,-,0.43,4,43.98,162.85,-5.84,-35.21,27,2.4,5.94,33,22.77,12.59,7.94,6.61,64.31,35.57,0.76,0.63,67.89,0,32.11,1416.44,3.14,624,52.94,52,14.51,-4.5,23.78,9.89,10.11,27.95,2.94,1236.44,510.26,380.29,129.97,-10.94,14.2,14.7,51
Mon Mar 13 08:20:12 GMT-03:00 2023,13-Mar-2023 08:20:13.391,-35.210785171488745,-5.8379427032450515,13.826330184936523,4.0,44.48227707024413,162.8231658935547,0.16,4.04,8.6,-0.01,12.94,-0.03,0.05,-0.15,0.08,14.9,7.45,14.7,98.43,23,28.62,21.3,1008.68,14.5,674.9,1,335.07,58.18,622.67,8997,0,84,4.43,18.43,16.47,1364,98.43,0.58,1.14,19.07,76.08,-4.69,-3.12,-2.34,-,0.43,4,44.48,162.82,-5.84,-35.21,25,4.94,5.94,33,45.46,12.59,7.94,3.13,128.41,35.57,0.05,0.63,67.95,0,32.05,1416.44,3.14,626,49.77,48,13.73,-8.5,23.78,9.91,10.09,27.98,2.96,1236.47,511.28,381.32,129.97,-12.46,14.26,14.7,42
Mon Mar 13 08:20:13 GMT-03:00 2023,13-Mar-2023 08:20:14.390,-35.21075326839408,-5.838047942924941,12.149419784545898,4.0,44.85212427451281,162.18191528320312,-0.87,5.13,8.03,-0,13.73,0.01,-0.06,-0.01,0.04,14.9,7.45,14.7,98.43,23,28.62,21.3,1008.72,14.5,675,1,335.07,58.18,622.67,8997,0,84,4.43,18.43,16.08,1364,98.43,0.58,1.14,19.07,76.47,-4.69,-3.12,-2.34,-,0.43,4,44.85,162.18,-5.84,-35.21,28,4.94,5.94,33,45.46,12.59,7.94,3.13,128.41,35.57,0.05,0.62,68.01,0,31.99,1402.74,3.92,627,43.74,48,13.73,-8.5,23.78,9.91,10.09,27.98,2.96,1236.47,512.19,382.22,129.97,-12.46,14.26,14.8,42
Mon Mar 13 08:20:14 GMT-03:00 2023,13-Mar-2023 08:20:15.393,-35.210719200897024,-5.838139433781714,10.967635154724121,4.0,45.22444047716675,157.70755004882812,-1.59,5.44,8.35,0.05,13.33,0.02,-0.12,-0.01,0.05,14.9,7.45,29.4,98.43,23,28.66,21.35,1008.72,14.5,675,2,333.81,78.14,625.88,8997,0,84,-,19.22,16.08,1553,98.43,0.58,1.42,23.63,76.47,-4.69,0,0,-,0.43,4,45.22,157.71,-5.84,-35.21,28,4.74,-,33,33.85,12.59,7.94,3.88,95.62,35.57,0,0,68.07,0,31.93,1402.74,3.53,627,39.48,39,14.12,-10.5,-,9.97,10.03,28.17,2.99,1236.49,513.26,383.29,129.97,-11.78,14.22,14.8,36
Mon Mar 13 08:20:15 GMT-03:00 2023,13-Mar-2023 08:20:16.391,-35.21067672591513,-5.838222571010749,10.295439720153809,4.0,45.49401884599215,150.3399658203125,-1.75,6.26,7.81,0.06,13.33,0,-0.12,0.05,-0.02,14.9,7.45,29.4,98.43,23,28.69,21.39,1008.66,14.5,675,2,332.97,160.86,625.89,8997,0,84,-,55.29,16.86,1414.5,98.43,0.58,2.37,39.53,76.47,-4.69,0,0,-,0.43,4,45.49,150.34,-5.84,-35.21,31,3.48,-,33,16.44,12.59,7.94,6.49,46.45,35.57,0.82,0.07,68.13,0,31.87,1391.94,3.53,629,37.06,36,19.61,16.5,-,9.99,10.01,28.23,2.99,1236.49,514.22,384.25,129.97,-10.5,14.16,14.8,34
Mon Mar 13 08:20:16 GMT-03:00 2023,13-Mar-2023 08:20:17.391,-35.210628958369774,-5.838305701658232,10.577666282653809,4.0,45.51200770723774,139.70712280273438,-2.22,5.9,7.38,0.01,20.39,-0.01,-0.18,0.03,-0.04,29.8,15.29,13.71,98.43,23,28.72,21.44,1008.67,14.5,674.2,0.93,333.11,363.03,625.89,8997,0,84,5.91,67.45,55.29,1558.5,98.43,0.59,4.94,82.35,76.47,-4.69,0,0,-,0.43,4,45.51,139.71,-5.84,-35.21,31,0.08,7.93,33,7.29,12.59,7.94,13.52,20.58,35.57,0.82,0.07,68.2,0,31.8,1394.89,10.59,630,38.08,38,19.61,16.5,36.22,9.98,10.02,28.2,3.01,1236.52,515.28,385.31,129.97,-5.34,14.16,14.7,41
Mon Mar 13 08:20:17 GMT-03:00 2023,13-Mar-2023 08:20:18.391,-35.21054622487823,-5.8383665725910685,10.922940254211426,4.0,45.81428430867079,127.74263763427734,-2.49,5.9,7.59,0.03,20.78,0.02,-0.31,0.01,-0.03,29.41,14.9,13.69,98.43,23,28.72,21.44,1008.63,14.5,670.5,0.93,333.11,363.03,625.89,8997,0,84,5.91,67.45,54.51,1558.5,98.43,0.59,4.94,82.35,76.47,-4.69,0,0,-,0.43,4,45.81,127.74,-5.84,-35.21,30,0.08,7.93,33,7.29,12.59,7.94,13.52,20.58,35.57,0.81,0.14,68.26,0,31.74,1394.89,10.98,630,39.32,38,21.18,18,36.22,9.98,10.02,28.2,3.01,1236.52,516.27,386.3,129.97,-5.34,14.22,14.8,41
Mon Mar 13 08:20:18 GMT-03:00 2023,13-Mar-2023 08:20:19.393,-35.210454875822805,-5.838416334794923,11.591912269592285,4.0,45.8938069623661,113.42904663085938,-3.21,5.7,7.71,0.05,20.78,0.03,-0.28,0,0,29.41,14.9,14.7,98.43,23,28.76,21.49,1008.67,14.5,665.6,1,333.24,360.2,629.1,8997,0,84,5.91,66.67,54.51,1625,98.43,0.59,5.17,86.25,76.86,-4.69,3.12,4.69,-,0.44,4,45.89,113.43,-5.84,-35.21,29,0.68,7.92,33,7.34,12.59,7.94,14.16,20.74,35.57,0.2,0.81,68.32,0,31.68,1408.23,10.98,631,41.73,40,21.18,18.5,34.71,9.98,10.02,28.18,3.03,1236.54,517.26,387.3,129.97,-5.79,14.22,14.7,45
Mon Mar 13 08:20:19 GMT-03:00 2023,13-Mar-2023 08:20:20.393,-35.21034916817664,-5.838441976615035,12.086016654968262,4.0,45.395645995942544,99.10689544677734,-3.26,5.17,8.11,0.06,19.61,0.08,-0.22,0,0.07,26.27,13.73,14.7,98.43,23,28.82,21.55,1008.7,14.5,665.6,1,332.88,256.89,629.1,8997,0,84,13.26,48.63,50.98,1514,98.43,0.59,3.88,64.75,76.86,-4.69,-1.56,4.69,-,0.44,4,45.4,99.11,-5.84,-35.21,28,2.27,17.78,33,10.3,12.59,7.94,10.63,29.09,35.57,0.2,0.81,68.38,0,31.62,1412.14,9.8,633,43.51,44,15.29,-4,83.62,9.98,10.02,28.19,3.03,1236.54,518.27,388.3,129.97,-8.23,14.22,14.7,45
Mon Mar 13 08:20:20 GMT-03:00 2023,13-Mar-2023 08:20:21.394,-35.21024063353515,-5.838457466198646,12.234230041503906,4.0,45.59167028360683,85.94129943847656,-1.28,5.97,7.19,-0.02,13.73,-0.03,-0.09,0.03,-0.06,16.08,8.24,14.7,98.43,23,28.82,21.55,1008.69,14.5,663.3,1,332.88,256.89,629.1,8997,0,84,13.26,48.63,18.43,1514,98.43,0.59,3.88,64.75,77.25,-4.69,-1.56,-3.12,-,0.44,4,45.59,85.94,-5.84,-35.21,27,2.27,17.78,33,10.3,12.59,7.94,10.63,29.09,35.57,0.82,0.78,68.44,0,31.56,1412.14,4.31,634,44.04,44,15.29,-4,83.62,9.98,10.02,28.19,3.05,1236.56,519.25,389.28,129.97,-8.23,14.28,14.7,45
Mon Mar 13 08:20:21 GMT-03:00 2023,13-Mar-2023 08:20:22.392,-35.2101249564843,-5.838440960924316,12.728677749633789,4.0,45.06073306533258,80.12940216064453,-0.02,5.79,7.69,0,17.65,-0.09,0.03,-0.03,-0.07,17.25,8.24,14.7,98.43,23,28.88,21.62,1008.69,14.5,662.1,1,332.61,278.13,632.31,8997,0,84,3.61,60.78,18.43,1519.5,98.43,0.59,4.63,77.11,77.25,-4.69,-2.34,-0.78,-,0.44,4,45.06,80.13,-5.84,-35.21,23,0.96,4.85,33,9.51,12.59,7.94,12.66,26.86,35.57,0.06,0.8,68.5,0,31.5,1415.72,8.63,634,45.82,45,20,20,22.71,9.98,10.02,28.18,3.05,1236.56,520.24,390.28,129.97,-6.49,14.26,14.4,47
Mon Mar 13 08:20:22 GMT-03:00 2023,13-Mar-2023 08:20:23.394,-35.210006131069164,-5.838418015021965,13.20236873626709,4.0,44.62238296142105,79.52904510498047,-0.29,5.18,7.53,-0.05,17.65,-0.06,0.01,-0.04,-0.02,17.25,9.02,14.7,98.43,23,28.94,21.69,1008.77,14.5,662.1,1,331.65,129.32,635.52,8997,0,84,7.49,34.12,40.78,1494.5,98.43,0.59,2.2,36.67,77.65,-4.69,-3.12,-4.69,-,0.44,4,44.62,79.53,-5.84,-35.21,28,1.18,10.05,33,20.45,12.59,7.94,6.02,57.78,35.57,0.85,0.75,68.56,0,31.44,1431.14,8.63,636,47.53,47,14.51,-4,47.88,10.01,9.99,28.26,3.08,1236.59,521.19,391.22,129.97,-10.71,14.18,14.7,42
Mon Mar 13 08:20:23 GMT-03:00 2023,13-Mar-2023 08:20:24.393,-35.209885964931054,-5.8383967474466285,13.305657386779785,4.0,44.015646106618284,79.62442779541016,0.04,4.7,8.65,0.02,13.33,0,0.06,-0.09,0.07,14.9,7.45,14.7,98.43,23,29.01,21.76,1008.88,14.5,661.4,1,330.42,72.4,635.52,8997,0,84,7.49,20,16.08,1346.5,98.43,0.59,1.29,21.44,77.65,-4.69,-4.69,-4.69,-,0.44,4,44.02,79.62,-5.84,-35.21,27,0.53,10.05,33,36.53,12.59,7.94,3.52,103.2,35.57,0.85,0.75,68.62,0,31.38,1418.88,3.53,637,47.9,47,14.51,-4,47.88,10.02,9.98,28.29,3.08,1236.59,522.26,392.29,129.97,-12.25,14.18,14.7,35
Mon Mar 13 08:20:24 GMT-03:00 2023,13-Mar-2023 08:20:25.393,-35.20977179427675,-5.83837716199097,12.89111614227295,4.0,43.403337687492645,79.72783660888672,0.21,3.81,9.44,0.06,13.33,0.03,0.06,-0.18,0.16,14.9,7.45,14.7,98.43,23,29.01,21.76,1008.99,14.5,661.1,1,330.42,72.4,635.52,8997,0,84,7.49,20,14.9,1346.5,98.43,0.59,1.29,21.44,77.65,-3.91,-4.69,-3.91,-,0.44,4,43.4,79.73,-5.84,-35.21,30,0.53,10.05,33,36.53,12.59,7.94,3.52,103.2,35.57,0.06,0.73,68.68,0,31.32,1418.88,3.53,638,46.41,47,13.33,-12,47.88,10.02,9.98,28.29,3.11,1236.62,523.26,393.3,129.97,-12.25,14.2,14.7,35
Mon Mar 13 08:20:25 GMT-03:00 2023,13-Mar-2023 08:20:26.394,-35.20967031037989,-5.838358142238634,11.512288093566895,4.0,42.70748105966924,79.96138763427734,0.56,3.07,9.72,0.06,13.33,0.06,0.09,-0.25,0.21,14.9,7.45,29.4,98.43,23,29.06,21.81,1009.11,14.5,661,2,329.26,84.53,635.52,8997,0,84,7.49,19.61,14.9,1552.5,98.43,0.6,1.5,25.03,77.65,-4.69,0,0,-,0.44,4,42.71,79.96,-5.84,-35.21,28,4.41,10.05,33,31.29,12.59,7.94,4.11,88.39,35.57,0,0.01,68.74,0,31.26,1406.82,3.53,638,41.44,42,13.73,-10.5,47.88,10.07,9.93,28.46,3.11,1236.62,524.27,394.31,129.97,-11.58,14.14,14.7,31
Mon Mar 13 08:20:26 GMT-03:00 2023,13-Mar-2023 08:20:27.394,-35.20958618940127,-5.838342902672541,9.372864723205566,4.0,42.04533983213993,80.17227935791016,-0.19,2.75,10.44,0.12,13.33,0.1,0.02,-0.29,0.26,14.9,7.45,29.4,98.43,23,29.07,21.84,1009.22,14.5,661,2,328.19,102.19,638.74,8997,0,84,-,24.31,15.69,1104.5,98.43,0.6,1.62,27.04,78.04,-4.69,0,0,-,0.44,4,42.05,80.17,-5.84,-35.21,26,10.44,-,34,25.88,12.59,7.94,4.44,73.12,35.57,0.04,0.04,68.8,0,31.2,1406.82,3.53,640,33.74,31,13.33,4.5,-,10.12,9.88,28.58,3.13,1236.64,525.19,395.23,129.97,-11.76,14.22,14.7,28
Mon Mar 13 08:20:27 GMT-03:00 2023,13-Mar-2023 08:20:28.393,-35.20952860859505,-5.838333697145697,6.626267433166504,4.0,41.69183325365125,79.87425994873047,-0.01,5.57,10.08,0.19,12.55,0.08,0.03,0,0.12,14.9,7.45,14.1,98.43,23,29.03,21.83,1009.34,14.5,660.5,0.96,327.02,78.58,641.95,8997,0,84,-,19.61,16.86,990.5,98.43,0.6,0.92,15.35,78.43,-4.69,0,0,-,0.44,4,41.69,79.87,-5.84,-35.21,27,4.85,-,34,33.66,12.59,7.94,2.52,95.08,35.57,0.04,0.04,68.86,0,31.14,1397.4,2.75,641,23.85,19,13.33,4.5,-,10.18,9.82,28.77,3.13,1236.64,526.23,396.26,129.97,-12.31,14.22,14.8,24
Mon Mar 13 08:20:28 GMT-03:00 2023,13-Mar-2023 08:20:29.394,-35.209480972343236,-5.838323756111544,5.453771114349365,4.0,41.393266439909056,79.66365814208984,-0.23,4.73,7.32,-0.09,12.55,-0.11,0.01,-0.08,-0.04,20.39,10.59,13.25,98.43,23,29.03,21.83,1009.34,14.5,659.9,0.9,327.02,78.58,641.95,8997,0,84,-,19.61,16.08,990.5,98.43,0.6,0.92,15.35,78.43,-3.91,0,0,-,0.44,4,41.39,79.66,-5.84,-35.21,25,4.85,-,34,33.66,12.59,7.94,2.52,95.08,35.57,0.86,0.09,68.92,0,31.08,1397.4,2.75,641,19.63,19,12.94,1.5,-,10.18,9.82,28.77,3.13,1236.64,527.25,397.29,129.97,-12.31,14.22,14.8,24
Mon Mar 13 08:20:29 GMT-03:00 2023,13-Mar-2023 08:20:30.394,-35.20943069246637,-5.838315304889269,5.786908149719238,4.0,40.87691638670752,79.6549301147461,-0.08,6.06,7.92,0.04,12.55,0,0.03,0.07,-0.03,20.39,10.59,13.62,98.43,23,29,21.83,1009.4,14.5,657.6,0.93,326.86,291.01,645.17,8997,0,84,3.21,28.63,16.08,1428,98.43,0.6,2.09,34.84,78.82,-4.69,0,0,-,0.44,4,40.88,79.65,-5.84,-35.21,27,1.37,4.3,34,9.09,12.59,7.94,5.72,25.67,35.57,0.68,0.14,68.98,0,31.02,1404.13,2.75,642,20.83,21,17.25,26,21.46,10.18,9.82,28.76,3.15,1236.65,528.27,398.3,129.97,-8.95,14.22,14.4,28
Mon Mar 13 08:20:30 GMT-03:00 2023,13-Mar-2023 08:20:31.393,-35.209369964571046,-5.83830420657124,6.786140441894531,4.0,40.585817579304944,79.73673248291016,-0.11,6.58,7.59,0.04,18.82,0.02,0.02,0.1,-0.02,27.06,13.73,13.62,98.43,23,28.99,21.84,1009.37,14.5,657.6,0.93,328.5,681.26,641.96,8997,0,84,10.11,56.47,45.88,1985,98.43,0.6,5.41,90.15,78.43,-4.69,0,0,-,0.44,4,40.59,79.74,-5.84,-35.21,26,5.17,13.56,33,3.88,12.59,7.94,14.8,10.97,35.57,0.68,0.14,69.04,0,30.96,1404.59,9.02,644,24.43,26,21.57,21,48.64,10.16,9.84,28.71,3.15,1236.65,529.26,399.29,129.97,-4.53,14.2,14.4,38
Mon Mar 13 08:20:31 GMT-03:00 2023,13-Mar-2023 08:20:32.392,-35.209297069749326,-5.838290990092454,8.047740936279297,4.0,40.05993640560624,79.77269744873047,0.16,6.55,7.36,0.02,21.18,0.04,0.06,0.08,0.01,29.8,15.69,13.94,98.43,23,29,21.87,1009.43,14.5,651.2,0.95,329.85,621.63,641.96,8997,0,84,16.38,56.47,55.29,1858.5,98.43,0.6,6.11,101.84,78.43,-4.69,0,0,-,0.45,4,40.06,79.77,-5.84,-35.21,27,3.03,21.97,33,4.25,12.59,7.94,16.72,12.02,35.57,0.8,0.17,69.1,0,30.9,1414.79,11.37,645,28.97,32,21.57,21,84.18,10.15,9.86,28.66,3.15,1236.65,530.25,400.28,129.97,-6.43,14.2,14.8,42
Mon Mar 13 08:20:32 GMT-03:00 2023,13-Mar-2023 08:20:33.394,-35.20921440563305,-5.83827591748728,9.356472969055176,4.0,39.66739205218759,80.19416809082031,0.46,6.47,7.06,-0,23.92,-0.02,0.08,0.08,-0.07,31.37,16.08,14.7,98.43,23,29,21.87,1009.46,14.5,646.8,1,329.85,621.63,641.96,8997,0,84,16.38,68.63,60.39,1858.5,98.43,0.6,6.11,101.84,78.43,-4.69,3.12,0.78,-,0.45,4,39.67,80.19,-5.84,-35.21,27,3.03,21.97,33,4.25,12.59,7.94,16.72,12.02,35.57,0.58,0.77,69.16,0,30.84,1414.79,13.73,645,33.68,32,23.14,19.5,84.18,10.15,9.86,28.66,3.17,1236.68,531.28,401.31,129.97,-6.43,14.14,14.7,42
Mon Mar 13 08:20:33 GMT-03:00 2023,13-Mar-2023 08:20:34.396,-35.20911697885424,-5.838259664558491,11.082347869873047,4.0,39.668412827000694,80.93427276611328,0.26,6.25,7.58,0.07,23.92,0.02,0.05,0.11,-0.03,31.37,16.08,14.7,98.43,23,29.03,21.91,1009.49,14.5,646.4,1,331,580.59,638.74,8997,0,84,17.63,73.33,60.39,1958,98.43,0.61,7.02,117.07,78.04,-4.69,3.12,0.78,-,0.45,4,39.67,80.93,-5.84,-35.21,24,4.32,23.64,33,4.56,12.59,7.94,19.22,12.87,35.57,0.75,0.77,69.21,0,30.79,1415.91,13.73,646,39.9,38,24.31,20,85.98,10.13,9.87,28.62,3.17,1236.68,532.27,402.3,129.97,-4.59,14.3,14.7,48
Mon Mar 13 08:20:34 GMT-03:00 2023,13-Mar-2023 08:20:35.393,-35.20901370592004,-5.838244611594042,11.576778411865234,4.0,39.517284921008525,81.32264709472656,0.17,6.33,7.61,0.03,23.92,0,0.05,0.07,-0.01,31.37,16.08,14.7,98.43,23,29.08,21.97,1009.42,14.5,646.4,1,331.65,474.68,638.74,8997,0,84,14.38,72.55,60.78,1945,98.43,0.61,6.82,113.66,78.04,-4.69,-1.56,2.34,-,0.45,4,39.52,81.32,-5.84,-35.21,26,2.1,19.28,33,5.57,12.59,7.94,18.66,15.74,35.57,0.16,0.77,69.27,0,30.73,1429.19,14.12,648,41.68,42,23.92,20,70.6,10.12,9.88,28.59,3.19,1236.7,533.27,403.31,129.97,-5.37,14.18,14.7,51
Mon Mar 13 08:20:35 GMT-03:00 2023,13-Mar-2023 08:20:36.393,-35.208903024966745,-5.838228707616206,12.275643348693848,4.0,39.49252504393509,81.26644134521484,-0.35,6.11,7.51,0.01,23.53,-0.02,0,0.06,-0.05,30.98,16.08,14.7,98.43,23,29.08,21.97,1009.47,14.5,648.3,1,332.08,426.25,638.74,8997,0,84,14.38,72.55,58.82,1892,98.43,0.61,6.77,112.81,78.04,-4.69,-1.56,2.34,-,0.45,4,39.49,81.27,-5.84,-35.21,28,2.1,19.28,33,6.21,12.59,7.94,18.52,17.53,35.57,0.16,0.76,69.33,0,30.67,1419.1,13.33,649,44.19,42,23.92,20,70.6,10.11,9.89,28.56,3.19,1236.7,534.28,404.32,129.97,-5.37,14.18,14.8,54
Mon Mar 13 08:20:36 GMT-03:00 2023,13-Mar-2023 08:20:37.394,-35.2087873782439,-5.838211185580256,12.994636535644531,4.0,39.62871951646296,81.26311492919922,-0.29,6.4,7.9,0.06,25.1,0.03,0.01,0.08,0.01,30.98,16.08,14.7,98.43,23,29.14,22.03,1009.41,14.5,651.5,1,332.08,426.25,638.74,8997,0,84,14.01,72.94,63.53,1892,98.43,0.61,6.77,112.81,78.04,-4.69,6.25,2.34,-,0.45,4,39.63,81.26,-5.84,-35.21,28,1.81,18.78,33,6.21,12.59,7.94,18.52,17.53,35.57,0.74,0.75,69.39,0,30.61,1433.54,15.29,649,46.78,46,24.71,19.5,70.7,10.11,9.89,28.56,3.22,1236.73,535.26,405.3,129.97,-5.37,14.08,14.8,54
Mon Mar 13 08:20:37 GMT-03:00 2023,13-Mar-2023 08:20:38.394,-35.208668188939846,-5.838192244762201,13.560378074645996,4.0,39.74726636545077,81.18711853027344,-0.46,5.79,7.39,-0.02,25.1,0.07,0.06,0.11,0.02,30.98,16.08,14.7,98.43,23,29.2,22.1,1009.36,14.5,651.5,1,332.27,372.37,638.73,8997,0,84,7.34,76.08,63.53,1809.5,98.43,0.62,6.48,107.93,78.04,-4.69,0,-0.78,-,0.46,4,39.75,81.19,-5.84,-35.21,24,1.22,9.85,33,7.1,12.59,7.94,17.72,20.06,35.57,0.64,0.74,69.44,0,30.56,1437.18,15.29,651,48.82,48,25.1,19.5,38.76,10.1,9.9,28.53,3.22,1236.73,536.22,406.25,129.97,-5.52,14.14,14.8,55
Mon Mar 13 08:20:38 GMT-03:00 2023,13-Mar-2023 08:20:39.396,-35.20854505941176,-5.838173752987869,13.715420722961426,4.0,40.66902295673023,80.67622375488281,-0.1,6.12,7.67,0.1,24.31,0.07,0.07,0.09,0.05,31.37,16.08,14.7,98.43,23,29.27,22.17,1009.31,14.5,654.7,1,332.29,338.33,638.73,8997,0,84,3.88,78.04,64.31,1708,98.43,0.62,6.14,102.33,78.04,-4.69,-2.34,-0.78,-,0.46,4,40.67,80.68,-5.84,-35.21,24,0.38,5.2,33,7.82,12.59,7.94,16.8,22.08,35.57,0.64,0.74,69.5,0,30.5,1440.26,14.51,652,49.38,49,25.1,19.5,21.68,10.09,9.91,28.52,3.25,1236.75,537.25,407.29,129.97,-5.6,14.14,14.3,57
Mon Mar 13 08:20:39 GMT-03:00 2023,13-Mar-2023 08:20:40.394,-35.208422215468495,-5.838154583845181,13.558978080749512,4.0,41.731147079640316,81.15550994873047,0.16,6.54,7.88,0.06,23.92,0.02,0.04,0.09,-0.01,31.37,16.08,14.7,98.43,23,29.27,22.17,1009.17,14.5,657.6,1,332.29,338.33,638.73,8997,0,84,3.88,78.04,63.92,1708,98.43,0.62,6.14,102.33,78.04,-4.69,-2.34,-3.91,-,0.46,4,41.73,81.16,-5.84,-35.21,22,0.38,5.2,33,7.82,12.59,7.94,16.8,22.08,35.57,0.71,0.73,69.55,0,30.45,1440.26,14.12,652,48.81,49,24.31,18.5,21.68,10.09,9.91,28.52,3.25,1236.75,538.22,408.25,129.97,-5.6,14.16,14.7,57
Mon Mar 13 08:20:40 GMT-03:00 2023,13-Mar-2023 08:20:41.393,-35.2083016639396,-5.838136911083973,13.338987350463867,4.0,42.775097991232315,81.49345397949219,-0.42,6.1,7.67,0.02,23.92,0,0,0.05,-0.01,31.37,16.08,14.7,98.43,23,29.34,22.24,1009.01,14.5,659.9,1,332.28,330.24,635.52,8997,0,84,3.88,78.04,63.92,1711.5,98.43,0.62,6.12,101.96,77.65,-4.69,-2.34,-3.91,-,0.46,4,42.78,81.49,-5.84,-35.21,25,0.81,5.2,33,8.01,12.59,7.94,16.74,22.62,35.57,0.62,0.71,69.61,0,30.39,1440.26,14.12,653,48.02,48,24.31,18.5,21.68,10.09,9.91,28.5,3.27,1236.78,539.25,409.28,129.97,-5.11,14.16,14.7,58
Mon Mar 13 08:20:41 GMT-03:00 2023,13-Mar-2023 08:20:42.393,-35.208183049178025,-5.838120480419538,13.133038520812988,4.0,43.80031275977076,81.63663482666016,0.3,6.3,7.97,0.06,23.92,0.07,0.04,0.11,0.02,30.98,16.08,14.7,98.43,23,29.4,22.31,1008.92,14.5,659.9,1,332.22,318.79,635.52,8997,0,84,3.88,74.51,64.31,1681.5,98.43,0.63,5.79,96.42,77.65,-4.69,-4.69,-3.12,-,0.46,4,43.8,81.64,-5.84,-35.21,24,1.02,5.2,33,8.3,12.59,7.94,15.83,23.44,35.57,0.15,0.71,69.67,0,30.33,1428.23,14.12,655,47.28,47,22.75,18,21.68,10.08,9.92,28.49,3.27,1236.78,540.27,410.3,129.97,-5.64,14.18,14.7,59
Mon Mar 13 08:20:43 GMT-03:00 2023,13-Mar-2023 08:20:43.393,-35.20806862192401,-5.8381041869704,12.987448692321777,4.0,44.8209871621595,81.34989929199219,-0.38,5.74,7.36,-0.03,21.96,-0.04,0,0.01,-0.04,30.98,16.08,14.7,98.43,23,29.46,22.37,1008.83,14.5,661.7,1,332.2,326.19,635.52,8997,0,84,-,74.51,58.82,1789,98.43,0.63,5.8,96.6,77.65,-4.69,-4.69,-3.12,-,0.47,4,44.82,81.35,-5.84,-35.21,24,0.75,-,33,8.11,12.59,7.94,15.86,22.91,35.57,0.15,0.7,69.72,0,30.28,1416.92,12.16,656,46.75,46,22.75,18,-,10.08,9.92,28.47,3.3,1236.81,541.26,411.29,129.97,-5.46,14.18,14.7,59
Mon Mar 13 08:20:44 GMT-03:00 2023,13-Mar-2023 08:20:44.393,-35.207953383123815,-5.83808647255152,13.003491401672363,4.0,45.56151645703759,81.0569839477539,-0.66,5.67,7.01,-0.06,23.14,0.05,0.07,0.1,0.01,31.37,16.08,14.7,98.43,23,29.46,22.37,1008.71,14.5,663.2,1,332.2,326.19,635.52,8997,0,84,-,70.59,59.22,1789,98.43,0.63,5.8,96.6,77.65,-4.69,-3.12,0.78,-,0.47,4,45.56,81.06,-5.84,-35.21,24,0.75,-,33,8.11,12.59,7.94,15.86,22.91,35.57,0.1,0.69,69.78,0,30.22,1416.92,12.94,657,46.81,46,23.14,19.5,-,10.08,9.92,28.47,3.3,1236.81,542.29,412.32,129.97,-5.46,14.14,14.7,59
Mon Mar 13 08:20:45 GMT-03:00 2023,13-Mar-2023 08:20:45.393,-35.20783522494417,-5.838068323196482,13.232587814331055,4.0,45.84469665492251,81.26476287841797,-0.37,6.12,7.6,0.02,23.14,0,0,0.05,-0.02,31.37,16.08,14.7,98.43,23,29.52,22.43,1008.59,14.5,665,1,332.37,371.11,635.51,8997,0,84,3.9,72.16,59.22,1939,98.43,0.63,6.45,107.57,77.65,-4.69,1.56,3.12,-,0.47,4,45.84,81.26,-5.84,-35.21,23,0.19,5.23,33,7.13,12.59,7.94,17.66,20.13,35.57,0.17,0.69,69.84,0,30.16,1431.2,13.33,657,47.64,47,24.31,20,19.19,10.07,9.93,28.45,3.32,1236.83,543.26,413.3,129.97,-5.04,14.18,14.2,61
Mon Mar 13 08:20:46 GMT-03:00 2023,13-Mar-2023 08:20:46.394,-35.20771359468251,-5.838050476638512,13.576738357543945,4.0,46.20262429010448,80.96934509277344,0.22,4.95,7.96,-0.02,23.14,-0.01,-0.01,-0.01,0.01,29.02,14.9,14.7,98.43,23,29.59,22.5,1008.62,14.5,665,1,332.21,295.34,632.3,8997,0,84,8.2,46.27,55.29,2099.5,98.43,0.64,5.25,87.47,77.25,-4.69,-7.03,-8.59,-,0.47,4,46.2,80.97,-5.84,-35.21,25,1.36,11,33,8.96,12.59,7.94,14.36,25.3,35.57,0.69,0.7,69.89,0,30.11,1434.69,13.33,659,48.88,49,17.25,2,37.3,10.07,9.93,28.44,3.32,1236.83,544.28,414.31,129.97,-7.4,14.24,14.2,58
Mon Mar 13 08:20:47 GMT-03:00 2023,13-Mar-2023 08:20:47.394,-35.207594378898385,-5.838032102825506,13.493857383728027,4.0,46.31843736095665,80.95703887939453,-0.05,4.37,7.39,-0.1,14.12,-0.12,0.03,-0.12,-0.04,14.9,7.45,14.7,98.43,23,29.65,22.57,1008.6,14.5,666.3,1,331.11,81.47,632.3,8998,0,84,8.2,14.51,13.73,2004,98.43,0.64,1.51,25.16,77.25,-4.69,-7.03,-8.59,-,0.47,4,46.32,80.96,-5.84,-35.21,27,1.58,11,33,32.46,12.59,7.94,4.13,91.7,35.57,0.69,0.7,69.95,0,30.05,1423.12,3.92,660,48.58,47,17.25,2,37.3,10.13,9.87,28.61,3.35,1236.86,545.29,415.32,129.97,-12.62,14.24,14.6,46
Mon Mar 13 08:20:48 GMT-03:00 2023,13-Mar-2023 08:20:48.393,-35.20747663571469,-5.838015321565158,13.135456085205078,4.0,46.262941346859826,81.42153930664062,-0.11,5.09,8.08,-0.01,13.73,-0.02,0.01,-0.01,0.01,14.9,7.45,14.7,98.43,23,29.65,22.57,1008.63,14.5,666.7,1,331.11,81.47,632.3,8998,0,84,8.2,14.51,13.33,2004,98.43,0.64,1.51,25.16,77.25,-4.69,-3.91,-3.12,-,0.47,4,46.26,81.42,-5.84,-35.21,29,1.58,11,33,32.46,12.59,7.94,4.13,91.7,35.57,0.05,0.69,70,0,30,1423.12,3.92,660,47.29,47,14.12,-5.5,37.3,10.13,9.87,28.61,3.35,1236.86,546.28,416.31,129.97,-12.62,14.2,14.7,46
Mon Mar 13 08:20:49 GMT-03:00 2023,13-Mar-2023 08:20:49.393,-35.20736160022138,-5.8379998084384335,12.73339557647705,4.0,46.05622931919944,81.34606170654297,-0.37,5.05,7.61,-0.05,13.73,-0.06,0,-0.05,-0.01,14.9,7.45,29.4,98.43,23,29.7,22.63,1008.65,14.5,667,2,330.03,85.56,632.31,8998,0,84,8.2,16.08,13.33,1867.5,98.43,0.64,1.52,25.34,77.25,-4.69,0,0,-,0.47,4,46.06,81.35,-5.84,-35.21,27,2.29,11,33,30.91,12.59,7.94,4.16,87.33,35.57,0,0.01,70.06,0,29.94,1423.12,3.92,661,45.84,45,14.12,-10,37.3,10.18,9.82,28.76,3.38,1236.89,547.27,417.3,129.97,-12.51,14.22,14.7,38
Mon Mar 13 08:20:50 GMT-03:00 2023,13-Mar-2023 08:20:50.394,-35.20725115440136,-5.837984143465513,12.375811576843262,4.0,45.78953031040868,81.09156799316406,0.69,5.12,8.87,0.07,13.73,-0.02,0.03,-0.07,0.04,14.9,7.45,29.4,98.43,23,29.75,22.68,1008.75,14.5,667,2,328.98,87,632.32,8998,0,84,-,16.86,13.73,1824,98.43,0.64,1.48,24.67,77.25,-4.69,0,0,-,0.47,4,45.79,81.09,-5.84,-35.21,28,2.84,-,33,30.4,12.59,7.94,4.05,85.88,35.57,0,0,70.11,0,29.89,1412.13,3.92,663,44.55,43,14.12,-10,-,10.24,9.77,28.91,3.38,1236.89,548.25,418.29,129.97,-12.42,14.2,14.7,32
Mon Mar 13 08:20:51 GMT-03:00 2023,13-Mar-2023 08:20:51.393,-35.20714674566419,-5.8379700372636725,11.734966278076172,4.0,45.54129263704677,81.50336456298828,-0.01,5.03,8.47,0.03,13.73,0,0.03,-0.05,0.06,14.9,7.45,29.4,98.43,23,29.78,22.73,1008.77,14.5,667,2,327.96,94.87,632.33,8998,0,84,-,18.43,14.9,1731.5,98.43,0.64,1.54,25.7,77.25,-4.69,0,0,-,0.47,4,45.54,81.5,-5.84,-35.21,25,3.55,-,33,27.88,12.59,7.94,4.22,78.76,35.57,0,0,70.17,0,29.83,1412.13,3.92,664,42.25,41,14.12,-10,-,10.28,9.73,29.04,3.4,1236.91,549.27,419.31,129.97,-12.29,14.22,14.7,28
Mon Mar 13 08:20:52 GMT-03:00 2023,13-Mar-2023 08:20:52.392,-35.20704823864072,-5.837956898633084,11.075211524963379,4.0,45.23389027210751,81.64889526367188,-0.1,4.91,8.99,0.06,13.73,-0.01,0.01,-0.08,0.06,14.9,7.45,29.4,98.43,23,29.81,22.77,1008.82,14.5,666.5,2,326.97,96.9,632.33,8998,0,84,-,18.43,15.29,1631.5,98.43,0.64,1.5,25.03,77.25,-4.69,0,0,-,0.47,4,45.23,81.65,-5.84,-35.21,26,1.87,-,33,27.3,12.59,7.94,4.11,77.11,35.57,0,0,70.22,0,29.78,1402.14,3.92,665,39.87,38,14.12,-10,-,10.33,9.68,29.17,3.4,1236.91,550.25,420.29,129.97,-12.23,14.22,14.7,25
Mon Mar 13 08:20:53 GMT-03:00 2023,13-Mar-2023 08:20:53.392,-35.2069525648655,-5.837943644717461,10.692545890808105,4.0,45.16501280851382,81.87019348144531,0.43,5.5,8.08,0.02,14.12,0,0.08,-0.01,0.02,14.9,7.45,29.4,98.43,23,29.81,22.77,1008.79,14.5,665.6,2,326.97,96.9,632.33,8998,0,84,-,19.22,22.75,1631.5,98.43,0.64,1.5,25.03,77.25,-4.69,0,0,-,0.47,4,45.17,81.87,-5.84,-35.21,25,1.87,-,33,27.3,12.59,7.94,4.11,77.11,35.57,0,0,70.27,0,29.73,1402.14,4.31,665,38.49,38,14.12,-10.5,-,10.33,9.68,29.17,3.42,1236.93,551.22,421.26,129.97,-12.23,14.22,14.7,25
Mon Mar 13 08:20:54 GMT-03:00 2023,13-Mar-2023 08:20:54.392,-35.20686031768258,-5.837930553594922,10.472322463989258,4.0,45.14498425091059,82.00053405761719,0.33,4.7,8.2,-0.02,13.33,0.02,0.05,-0.04,0.08,14.9,7.45,13.43,98.43,23,29.83,22.8,1008.82,14.5,665.6,0.91,325.94,87.51,635.55,8998,0,84,-,25.49,22.75,1071,98.43,0.64,1.26,20.95,77.65,-4.69,0,0,-,0.47,4,45.14,82,-5.84,-35.21,27,2.49,-,34,30.23,12.59,7.94,3.44,85.38,35.57,0.86,0.06,70.33,0,29.67,1393.23,3.14,666,37.7,36,13.33,4.5,-,10.38,9.64,29.32,3.42,1236.93,552.25,422.28,129.97,-12.48,14.16,14.6,22
Mon Mar 13 08:20:55 GMT-03:00 2023,13-Mar-2023 08:20:55.392,-35.206776285951584,-5.837919417574269,9.368096351623535,4.0,45.37682475110409,81.93701171875,-0.35,4.26,8.73,0.01,13.33,0,0,-0.13,0.09,14.9,7.45,13.26,98.43,23,29.85,22.83,1008.82,14.5,663.9,0.9,324.93,88.61,635.56,8998,0,84,-,25.1,19.61,1001,98.43,0.64,1.21,20.1,77.65,-4.69,0,0,-,0.47,4,45.38,81.94,-5.84,-35.21,25,3.7,-,34,29.85,12.59,7.94,3.3,84.32,35.57,0.86,0.1,70.38,0,29.62,1393.23,3.53,668,33.73,34,13.73,6,-,10.43,9.59,29.46,3.44,1236.95,553.26,423.3,129.97,-11.54,14.22,14.7,21
Mon Mar 13 08:20:56 GMT-03:00 2023,13-Mar-2023 08:20:56.391,-35.206707736813534,-5.837909622675309,8.041739463806152,4.0,45.191829132429895,81.91866302490234,-0.13,3.84,9.61,0.08,13.33,0.02,0.06,-0.2,0.16,14.9,7.45,13.26,98.43,23,29.84,22.84,1008.88,14.5,663.9,0.9,323.97,100.08,635.56,8998,0,84,-,28.63,22.75,954.5,98.43,0.64,1.29,21.44,77.65,-4.69,0,0,-,0.47,4,45.19,81.92,-5.84,-35.21,25,7.73,-,34,26.43,12.59,7.94,3.52,74.66,35.57,0.86,0.1,70.43,0,29.57,1385.24,3.53,669,28.95,26,13.73,1.5,-,10.47,9.55,29.58,3.44,1236.95,554.26,424.29,129.97,-11.12,14.16,14.7,22
Mon Mar 13 08:20:57 GMT-03:00 2023,13-Mar-2023 08:20:57.393,-35.20665399092857,-5.8379022874388244,5.901242733001709,4.0,45.08758435239416,81.92837524414062,0.06,5.11,7.59,-0.05,13.33,-0.06,0.04,-0.05,-0.02,14.9,7.45,13.28,98.43,23,29.84,22.84,1008.91,14.5,662.1,0.9,323.97,100.08,635.56,8998,0,84,-,28.63,21.96,954.5,98.43,0.64,1.29,21.44,78.04,-4.69,0,0,-,0.47,4,45.09,81.93,-5.84,-35.21,21,7.73,-,34,26.43,12.59,7.94,3.52,74.66,35.57,0.87,0.12,70.49,0,29.51,1385.24,3.53,670,21.24,26,13.73,1.5,-,10.47,9.55,29.58,3.44,1236.95,555.29,425.32,129.97,-11.12,14.16,14.7,22
Mon Mar 13 08:20:58 GMT-03:00 2023,13-Mar-2023 08:20:58.391,-35.206602162103586,-5.8378947538952035,5.684565544128418,4.0,45.196083857615925,82.07112121582031,0.49,6.8,7.97,0.09,15.69,-0.14,0.03,-0.03,-0.13,22.35,7.45,14.7,98.43,23,29.8,22.83,1008.91,14.5,659.1,1,323.55,224.93,638.78,8998,0,84,-,34.51,21.96,1134.5,98.43,0.64,2.21,36.85,78.04,-4.69,0,0,-,0.48,4,45.2,82.07,-5.84,-35.21,21,3.24,-,34,11.76,12.59,7.94,6.05,33.22,35.57,0.61,0.88,70.54,0,29.46,1385.24,5.1,670,20.46,18,14.9,24.5,-,10.47,9.55,29.59,3.46,1236.97,556.24,426.28,129.97,-8.41,14.22,14.8,27
Mon Mar 13 08:20:59 GMT-03:00 2023,13-Mar-2023 08:20:59.391,-35.20654844871335,-5.837887871265991,6.007931232452393,4.0,45.39382515034292,82.2889404296875,0.05,6.74,7.34,0.04,15.69,0.01,0.04,0.11,-0.04,22.35,11.76,14.7,98.43,23,29.76,22.82,1008.86,14.5,659.1,1,325.29,735.19,638.78,8998,0,84,1.57,53.33,25.88,1670,98.43,0.64,5,83.39,78.04,-4.69,7.81,6.25,-,0.48,4,45.39,82.29,-5.84,-35.21,21,1.46,2.1,34,3.6,12.59,7.94,13.69,10.16,35.57,0.72,0.8,70.59,0,29.41,1382.93,5.1,672,21.63,19,21.57,21.5,8.96,10.46,9.56,29.54,3.46,1236.97,557.2,427.23,129.97,-2.9,14.18,14.7,40
Mon Mar 13 08:21:00 GMT-03:00 2023,13-Mar-2023 08:21:00.391,-35.20648898256917,-5.8378792854998425,6.837070941925049,4.0,44.77882127179791,82.3418960571289,-0.1,6.99,7.84,0.09,22.35,0.04,0.03,0.15,-0.04,30.98,15.69,14.7,98.43,23,29.74,22.82,1008.88,14.5,653.9,1,327.67,891.35,638.77,8998,0,84,9.65,70.2,56.86,1872.5,98.43,0.65,6.4,106.72,78.04,-4.69,5.47,6.25,-,0.48,4,44.78,82.34,-5.84,-35.21,21,0.61,12.94,33,2.97,12.59,7.94,17.52,8.38,35.57,0.72,0.8,70.65,0,29.35,1389.87,12.55,673,24.61,24,21.57,19.5,49.22,10.44,9.58,29.48,3.46,1236.97,558.24,428.27,129.97,-4.41,14.18,14.7,47
Mon Mar 13 08:21:01 GMT-03:00 2023,13-Mar-2023 08:21:01.391,-35.20642056926336,-5.837870467798923,7.897494792938232,4.0,44.37304231022848,81.25331115722656,-1.15,5.76,8.13,0.04,21.18,0.02,-0.07,0.01,0.03,29.02,14.9,14.7,98.43,23,29.74,22.82,1008.86,14.5,648.6,1,327.67,891.35,638.77,8998,0,84,9.65,70.2,56.47,1872.5,98.43,0.65,6.4,106.72,78.04,-4.69,5.47,1.56,-,0.48,4,44.37,81.25,-5.84,-35.21,23,0.61,12.94,33,2.97,12.59,7.94,17.52,8.38,35.57,0.75,0.75,70.7,0,29.3,1389.87,11.37,674,28.43,24,23.14,19.5,49.22,10.44,9.58,29.48,3.48,1236.99,559.24,429.28,129.97,-4.41,14.16,14.7,47
Mon Mar 13 08:21:02 GMT-03:00 2023,13-Mar-2023 08:21:02.391,-35.20634980489847,-5.837856187130822,8.183371543884277,4.0,44.01279840470378,80.77471923828125,0.04,6.51,7.7,0.05,21.18,-0.04,0.01,0.07,-0.08,29.02,14.9,14.7,98.43,23,29.73,22.83,1008.84,14.5,646.5,1,328.53,533.27,635.56,8998,0,84,8.67,64.31,56.47,1648,98.43,0.65,4.84,80.65,77.65,-4.69,-3.12,0,-,0.48,4,44.01,80.77,-5.84,-35.21,24,0.43,11.63,33,4.96,12.59,7.94,13.24,14.01,35.57,0.1,0.73,70.75,0,29.25,1389.82,10.59,674,29.46,28,20.78,19.5,50.25,10.42,9.59,29.44,3.48,1236.99,560.24,430.28,129.97,-7.72,14.16,14.7,46
Mon Mar 13 08:21:03 GMT-03:00 2023,13-Mar-2023 08:21:03.391,-35.20626864584548,-5.837841944633522,9.503386497497559,4.0,44.02161281232812,80.8820571899414,0.37,6.01,7.34,-0.01,20.39,-0.03,0.07,0.04,-0.04,30.2,15.69,14.7,98.43,23,29.74,22.85,1008.81,14.5,646.5,1,329.11,469.86,635.56,8998,0,84,10.06,67.84,56.08,1635.5,98.43,0.65,4.97,82.9,77.65,-4.69,-7.03,-3.12,-,0.48,4,44.02,80.88,-5.84,-35.21,25,2.54,13.5,33,5.63,12.59,7.94,13.61,15.9,35.57,0.12,0.73,70.8,0,29.2,1399.02,10.59,676,34.21,32,20.78,18.5,58.76,10.41,9.61,29.41,3.5,1237.01,561.26,431.29,129.97,-6.59,14.16,14.7,48
Mon Mar 13 08:21:04 GMT-03:00 2023,13-Mar-2023 08:21:04.391,-35.20618473291078,-5.837828168858249,9.735977172851562,4.0,44.065282911721,81.12843322753906,0.09,6.48,8,0.07,20.39,-0.01,0.04,0.07,-0.04,29.41,15.29,14.7,98.43,23,29.76,22.89,1008.81,14.5,645.7,1,329.24,359.78,632.34,8998,0,84,11.23,67.84,55.29,1552,98.43,0.65,4.35,72.54,77.25,-4.69,-7.03,-3.12,-,0.49,4,44.07,81.13,-5.84,-35.21,23,0.95,15.06,33,7.35,12.59,7.94,11.91,20.77,35.57,0.12,0.71,70.86,0,29.14,1402.48,10.59,677,35.05,36,20.78,18.5,69.1,10.4,9.61,29.39,3.5,1237.01,562.26,432.29,129.97,-7.52,14.16,14.7,48
Mon Mar 13 08:21:05 GMT-03:00 2023,13-Mar-2023 08:21:05.393,-35.2060945081072,-5.837815194410012,10.312769889831543,4.0,44.17949608914866,81.80712127685547,0.38,5.65,8.12,0.03,16.08,0,0.07,0,0.03,14.9,7.84,14.7,98.43,23,29.76,22.89,1008.8,14.5,645.5,1,329.24,359.78,632.34,8998,0,84,11.23,61.18,29.41,1552,98.43,0.65,4.35,72.54,77.25,-4.69,-8.59,-7.03,-,0.49,4,44.18,81.81,-5.84,-35.21,25,0.95,15.06,33,7.35,12.59,7.94,11.91,20.77,35.57,0.17,0.71,70.91,0,29.09,1402.48,6.27,677,37.13,36,17.65,18.5,69.1,10.4,9.61,29.39,3.52,1237.03,563.27,433.3,129.97,-7.52,14.2,14.7,48
Mon Mar 13 08:21:06 GMT-03:00 2023,13-Mar-2023 08:21:06.396,-35.20600464708049,-5.837805046916268,10.339757919311523,4.0,44.3853695225349,84.34093475341797,0.9,5.45,8.05,0.02,16.08,-0.04,0.1,-0.04,0,14.9,7.84,14.7,98.43,23,29.78,22.92,1008.78,14.5,645.3,1,328.32,105.79,632.34,8998,0,84,11.23,24.71,29.41,1309,98.43,0.66,1.44,24,77.25,-3.91,-7.03,-5.47,-,0.49,4,44.39,84.34,-5.84,-35.21,26,1.13,15.06,33,25,12.59,7.94,3.94,70.62,35.57,0.08,0.7,70.95,0,29.05,1394.68,6.27,678,37.22,36,13.33,-4.5,69.1,10.44,9.58,29.49,3.52,1237.03,564.19,434.22,129.97,-12.07,14.16,14.7,40
Mon Mar 13 08:21:07 GMT-03:00 2023,13-Mar-2023 08:21:07.393,-35.20592234574726,-5.837798457030429,9.68312931060791,4.0,44.15175199532127,89.75162506103516,1.35,5.6,8.15,0.04,12.94,0.01,0.17,0,0.03,14.9,7.45,14.7,98.43,23,29.8,22.95,1008.83,14.5,645.3,1,327.32,86.46,629.14,8998,0,84,11.23,19.22,15.69,1279,98.43,0.66,1.18,19.61,76.86,-3.91,0,0,-,0.49,4,44.15,89.75,-5.84,-35.21,24,2.22,15.06,33,30.59,12.59,7.94,3.22,86.42,35.57,0.02,0.67,71.01,0,28.99,1394.68,3.14,680,34.86,35,13.33,22.5,69.1,10.49,9.53,29.64,3.54,1237.05,565.26,435.3,129.97,-12.15,14.14,14.7,34
Mon Mar 13 08:21:08 GMT-03:00 2023,13-Mar-2023 08:21:08.394,-35.20583819073366,-5.837800245182004,9.640993118286133,4.0,44.054746643508864,96.71704864501953,1.33,5.56,7.58,-0.01,17.65,-0.04,0.2,0,-0.03,23.53,12.16,15.87,98.43,23,29.82,22.98,1008.79,14.5,645.3,1.08,327.11,275.91,629.15,8998,0,84,-,54.51,41.57,1346.5,98.43,0.66,3.65,60.85,76.86,-4.69,0,0,-,0.49,4,44.05,96.72,-5.84,-35.21,23,0.29,-,33,9.59,12.59,7.94,9.99,27.08,35.57,0.02,0.67,71.06,0,28.94,1387.12,7.84,681,34.71,35,13.33,22.5,-,10.49,9.53,29.63,3.54,1237.05,566.28,436.31,129.97,-7.01,14.14,14.6,38
Mon Mar 13 08:21:09 GMT-03:00 2023,13-Mar-2023 08:21:09.393,-35.20575375406859,-5.83781388446674,9.742115020751953,4.0,44.00696227169017,105.87037658691406,2.29,5.26,7.88,0.01,16.47,0,0.27,-0.03,0,22.75,11.76,13.78,98.43,23,29.82,22.98,1008.79,14.5,644.8,0.94,327.11,275.91,629.15,8998,0,84,-,54.51,36.86,1346.5,98.43,0.66,3.65,60.85,76.86,-4.69,0,0,-,0.49,4,44.01,105.87,-5.84,-35.21,24,0.29,-,33,9.59,12.59,7.94,9.99,27.08,35.57,0.82,0.13,71.11,0,28.89,1387.12,6.67,681,35.07,35,17.65,18,-,10.49,9.53,29.63,3.56,1237.07,567.27,437.3,129.97,-7.01,14.16,14.7,38
Mon Mar 13 08:21:10 GMT-03:00 2023,13-Mar-2023 08:21:10.394,-35.2056693924395,-5.837844040582327,10.015233039855957,4.0,44.50897708180822,116.68330383300781,2.3,5.42,7.46,-0.01,20,0,0.24,0.03,-0.02,22.75,11.76,14.7,98.43,23,29.84,23.02,1008.74,14.5,642.6,1,327.14,332.8,629.14,8998,0,84,2.81,66.27,36.86,1361,98.43,0.66,4.4,73.4,76.86,-4.69,3.12,4.69,-,0.49,4,44.51,116.68,-5.84,-35.21,23,0.93,3.77,33,7.95,12.59,7.94,12.05,22.45,35.57,0.18,0.16,71.16,0,28.84,1389.93,10.2,682,36.05,36,20.39,17,19.7,10.48,9.54,29.61,3.56,1237.07,568.28,438.32,129.97,-5.92,14.16,14.7,43
Mon Mar 13 08:21:11 GMT-03:00 2023,13-Mar-2023 08:21:11.394,-35.20559031883036,-5.837921807672005,10.724595069885254,4.0,45.94220327697986,129.33319091796875,2.6,5.8,7.06,-0.01,20,-0.03,0.3,0.02,-0.07,27.06,14.12,14.7,98.43,23,29.86,23.05,1008.74,14.5,642.6,1,327.33,374.31,629.14,8998,0,84,6.41,68.63,54.9,1562.5,98.43,0.66,5.09,84.91,76.86,-4.69,6.25,5.47,-,0.49,4,45.94,129.33,-5.84,-35.21,24,1.95,8.59,33,7.07,12.59,7.94,13.94,19.96,35.57,0.63,0.16,71.21,0,28.79,1400.64,10.2,684,38.61,38,21.96,17,39.17,10.47,9.55,29.59,3.58,1237.09,569.25,439.28,129.97,-4.68,14.16,14.7,49
Mon Mar 13 08:21:12 GMT-03:00 2023,13-Mar-2023 08:21:12.392,-35.20552338148805,-5.837996180897946,11.014374732971191,4.0,45.97679286280863,142.64793395996094,1.12,6.27,7.69,0.04,21.96,0.01,0.23,0.03,0,30.2,15.69,14.7,98.43,23,29.9,23.09,1008.77,14.5,640.5,1,327.66,409.05,625.93,8998,0,84,6.32,68.63,59.61,1671,98.43,0.67,5.88,97.94,76.47,-4.69,6.25,5.47,-,0.49,4,45.98,142.65,-5.84,-35.21,25,0.35,8.48,33,6.47,12.59,7.94,16.08,18.27,35.57,0.63,0.17,71.26,0,28.74,1403.34,12.16,685,39.65,40,21.96,17,36.13,10.46,9.56,29.56,3.58,1237.09,570.25,440.28,129.97,-4.64,14.16,14.1,53
Mon Mar 13 08:21:13 GMT-03:00 2023,13-Mar-2023 08:21:13.393,-35.205463183470634,-5.838082023289851,11.743158340454102,4.0,45.82829363469407,150.5263214111328,0.21,6.06,8,0.04,24.31,0.02,0.06,0.04,0.02,32.16,16.47,14.7,98.43,23,29.9,23.09,1008.76,14.5,640,1,327.66,409.05,625.93,8998,0,84,6.32,73.33,63.14,1671,98.43,0.67,5.88,97.94,76.47,-4.69,3.91,6.25,-,0.49,4,45.83,150.53,-5.84,-35.21,25,0.35,8.48,33,6.47,12.59,7.94,16.08,18.27,35.57,0.74,0.19,71.31,0,28.69,1403.34,14.12,685,42.28,40,23.53,18,36.13,10.46,9.56,29.56,3.6,1237.11,571.25,441.29,129.97,-4.64,14.16,14.7,53
Mon Mar 13 08:21:14 GMT-03:00 2023,13-Mar-2023 08:21:14.394,-35.20541277834218,-5.838185667268363,12.299049377441406,4.0,45.64632034378358,152.19671630859375,-0.29,6.44,7.83,0.05,23.53,-0.08,0.06,-0.01,-0.06,32.16,16.47,14.7,98.43,23,29.94,23.14,1008.66,14.5,641.1,1,328.12,441.52,625.93,8998,0,84,10.51,77.65,63.14,1832.5,98.43,0.67,6.68,111.28,76.47,-4.69,2.34,0,-,0.5,4,45.65,152.2,-5.84,-35.21,26,0.72,14.09,33,5.99,12.59,7.94,18.27,16.92,35.57,0.81,0.33,71.37,0,28.63,1406.46,13.73,686,44.28,43,25.49,20,54.76,10.45,9.57,29.53,3.6,1237.11,572.28,442.31,129.97,-4.02,14.12,14.2,58
Mon Mar 13 08:21:15 GMT-03:00 2023,13-Mar-2023 08:21:15.394,-35.2053567863848,-5.838292176570959,13.024947166442871,4.0,45.54643952202557,152.1279296875,-0.11,5.66,7.7,-0.01,23.53,-0.02,0.02,0,0,30.59,15.69,14.7,98.43,23,29.99,23.2,1008.67,14.5,641.1,1,328.25,362.16,622.71,8998,0,84,15.73,69.41,60,1841,98.43,0.67,5.89,98.13,76.08,-4.69,-8.59,-6.25,-,0.5,4,45.55,152.13,-5.84,-35.21,30,2.72,21.1,33,7.3,12.59,7.94,16.11,20.63,35.57,0.09,0.82,71.42,0,28.58,1419.54,13.73,688,46.89,47,22.75,19.5,81.59,10.44,9.57,29.5,3.63,1237.14,573.29,443.32,129.97,-6.07,14.16,14.2,58
Mon Mar 13 08:21:16 GMT-03:00 2023,13-Mar-2023 08:21:16.394,-35.20529901954614,-5.838401536185547,13.672372817993164,4.0,45.43529353689169,152.1652374267578,0.51,6.77,7.13,0.02,23.14,-0.06,0.07,0.06,-0.1,32.55,16.47,14.7,98.43,23,30.06,23.27,1008.67,14.5,643,1,328.67,431.29,622.71,8998,0,84,12.01,74.51,59.61,2158.5,98.43,0.68,7.66,127.73,76.08,-4.69,-8.59,-6.25,-,0.5,4,45.44,152.17,-5.84,-35.21,28,0.78,16.11,33,6.13,12.59,7.94,20.97,17.32,35.57,0.09,0.82,71.46,0,28.54,1423.13,12.94,689,49.22,50,22.75,19.5,53.14,10.43,9.58,29.47,3.63,1237.14,574.26,444.29,129.97,-3.58,14.16,14.7,62
Mon Mar 13 08:21:17 GMT-03:00 2023,13-Mar-2023 08:21:17.395,-35.20523978537906,-5.838517401603301,14.458281517028809,4.0,45.25074714190135,152.38136291503906,-0.02,6.54,7.66,0.02,25.49,0,0.04,0.04,-0.01,32.16,16.08,14.7,98.43,23,30.06,23.27,1008.68,14.5,646.3,1,328.67,431.29,622.71,8998,0,84,12.01,74.51,61.96,2158.5,98.43,0.68,7.66,127.73,76.08,-4.69,-2.34,-4.69,-,0.5,4,45.25,152.38,-5.84,-35.21,28,0.78,16.11,33,6.13,12.59,7.94,20.97,17.32,35.57,0.69,0.76,71.52,0,28.48,1423.13,15.69,690,52.05,50,25.88,21.5,53.14,10.43,9.58,29.47,3.66,1237.16,575.28,445.32,129.97,-3.58,14.12,14.8,62
Mon Mar 13 08:21:18 GMT-03:00 2023,13-Mar-2023 08:21:18.393,-35.20517666025843,-5.838639890728434,15.305415153503418,4.0,44.93954843513863,152.5277862548828,-0.11,5.37,7.19,-0.06,25.49,-0.04,0.01,0.02,-0.05,32.16,16.08,14.7,98.43,23,30.13,23.35,1008.68,14.5,650.5,1,328.87,380.67,622.71,8998,0,84,17.92,69.41,61.96,2143.5,98.43,0.68,7.2,119.93,76.08,-4.69,-4.69,-2.34,-,0.5,4,44.94,152.53,-5.84,-35.21,28,1.95,24.03,33,6.95,12.59,7.94,19.69,19.63,35.57,0.09,0.73,71.56,0,28.44,1426.98,12.16,690,55.1,54,23.14,21,79.84,10.42,9.59,29.45,3.66,1237.16,576.28,446.31,129.97,-5.76,14.14,14.7,61
Mon Mar 13 08:21:19 GMT-03:00 2023,13-Mar-2023 08:21:19.393,-35.20510899689692,-5.838769683126635,16.018293380737305,4.0,44.41596076831613,152.4433135986328,0.15,5.72,7.73,0,21.96,-0.01,0.05,0.01,0,30.59,15.69,14.7,98.43,23,30.22,23.43,1008.71,14.5,650.5,1,328.7,284.8,622.71,8998,0,84,18.03,67.84,57.25,1860.5,98.43,0.68,5.81,96.91,76.08,-4.69,-1.56,-2.34,-,0.51,4,44.42,152.44,-5.84,-35.21,27,2.9,24.18,33,9.29,12.59,7.94,15.91,26.23,35.57,0.09,0.73,71.61,0,28.39,1442.88,12.16,692,57.67,58,22.35,19.5,92.54,10.42,9.59,29.44,3.69,1237.2,577.2,447.23,129.97,-7.39,14.22,14.7,58
Mon Mar 13 08:21:20 GMT-03:00 2023,13-Mar-2023 08:21:20.394,-35.20503798403584,-5.838905345889577,16.755111694335938,4.0,43.83420458202251,152.28213500976562,-0.13,6.17,7.15,-0.02,21.57,0.02,0.09,0.03,0.02,30.2,15.29,14.7,98.43,23,30.22,23.43,1008.75,14.5,653.6,1,328.39,251.83,622.71,8998,0,84,18.03,67.84,56.08,1798.5,98.43,0.69,5.52,92.04,76.08,-4.69,-1.56,0.78,-,0.51,4,43.83,152.28,-5.84,-35.21,27,2.9,24.18,33,10.5,12.59,7.94,15.11,29.67,35.57,0.17,0.7,71.66,0,28.34,1430.56,11.76,693,60.32,58,22.35,19.5,92.54,10.42,9.59,29.44,3.7,1237.21,578.25,448.29,129.97,-6.72,14.22,14.3,56
Mon Mar 13 08:21:21 GMT-03:00 2023,13-Mar-2023 08:21:21.395,-35.20496396020786,-5.839045154664079,17.441116333007812,4.0,43.127008199206756,152.17669677734375,0.04,5.92,8.3,0.08,20.39,0.06,0.06,0.04,0.06,28.63,14.51,14.7,98.43,23,30.32,23.53,1008.82,14.5,655.8,1,328.39,251.83,622.71,8998,0,84,18.68,65.1,52.16,1798.5,98.43,0.69,5.52,92.04,76.08,-4.69,-2.34,-0.78,-,0.51,4,43.13,152.18,-5.84,-35.2,27,1.68,25.05,33,10.5,12.59,7.94,15.11,29.67,35.57,0.19,0.69,71.71,0,28.29,1440.77,10.2,693,62.79,62,20.78,20,99.19,10.42,9.59,29.44,3.72,1237.23,579.27,449.3,129.97,-6.72,14.16,14.7,56
Mon Mar 13 08:21:22 GMT-03:00 2023,13-Mar-2023 08:21:22.394,-35.20488619450546,-5.839188004818669,18.124982833862305,4.0,42.485746733617916,152.08668518066406,-0.34,6.17,7.88,0.04,20.39,-0.02,0.05,0,0,28.63,14.51,14.7,98.43,23,30.43,23.63,1008.85,14.5,655.8,1,327.91,206.43,622.7,8998,0,84,15.1,62.75,52.16,1712.5,98.43,0.69,4.84,80.65,76.08,-4.69,0,1.56,-,0.51,4,42.49,152.09,-5.84,-35.2,25,2.21,20.25,33,12.81,12.59,7.94,13.24,36.19,35.57,0.12,0.68,71.76,0,28.24,1451.48,10.2,695,65.25,65,20.39,19.5,84.2,10.43,9.59,29.46,3.74,1237.25,580.19,450.22,129.97,-7.45,14.16,14.7,54
Mon Mar 13 08:21:23 GMT-03:00 2023,13-Mar-2023 08:21:23.392,-35.20480755144462,-5.8393368297710655,18.637226104736328,4.0,42.013696273836345,152.4962158203125,0.03,5.15,7.51,-0.05,19.61,-0.07,0.04,-0.04,-0.02,27.84,13.73,14.7,98.43,23,30.55,23.74,1008.84,14.5,657,1,327.34,181.28,622.7,8998,0,84,10.44,61.57,52.94,1634.5,98.43,0.69,4.46,74.25,76.08,-4.69,-0.78,1.56,-,0.51,4,42.01,152.5,-5.84,-35.2,26,0.09,14,33,14.59,12.59,7.94,12.19,41.21,35.57,0.12,0.68,71.81,0,28.19,1455.18,9.8,696,67.09,67,20.39,19.5,60.97,10.44,9.58,29.49,3.76,1237.27,581.27,451.3,129.97,-7.68,14.16,14.7,52
Mon Mar 13 08:21:24 GMT-03:00 2023,13-Mar-2023 08:21:24.394,-35.204728095965386,-5.839490520826274,19.01215934753418,4.0,41.76918738590235,152.67921447753906,0.36,5.26,7.57,-0.04,17.65,0.06,0,0.03,0.07,23.53,12.16,14.7,98.43,23,30.55,23.74,1008.95,14.5,657.6,1,327.34,181.28,622.7,8998,0,84,10.44,61.57,43.92,1634.5,98.43,0.69,4.46,74.25,76.08,-4.69,-0.78,1.56,-,0.51,4,41.77,152.68,-5.84,-35.2,26,0.09,14,33,14.59,12.59,7.94,12.19,41.21,35.57,0.16,0.67,71.86,0,28.14,1455.18,7.84,697,68.44,67,19.61,20,60.97,10.44,9.58,29.49,3.78,1237.29,582.27,452.31,129.97,-7.68,14.08,14.7,52
Mon Mar 13 08:21:25 GMT-03:00 2023,13-Mar-2023 08:21:25.394,-35.204648457042296,-5.839644709805391,19.175933837890625,4.0,41.380472207502024,152.78945922851562,-0.92,5.45,7.9,0,16.08,-0.01,-0.05,-0.01,0.01,21.57,12.16,14.7,98.43,23,30.67,23.84,1009.06,14.5,657.3,1,326.57,129.7,622.71,8998,0,84,5.35,49.8,43.92,1491.5,98.43,0.69,3.29,54.76,76.08,-4.69,-3.91,-2.34,-,0.51,4,41.38,152.79,-5.84,-35.2,27,0.44,7.17,33,20.39,12.59,7.94,8.99,57.6,35.57,0.09,0.66,71.91,0,28.09,1465.83,6.27,697,69.03,68,17.25,20,34.23,10.46,9.56,29.56,3.8,1237.3,583.29,453.32,129.97,-9.23,14.16,14.8,48
Mon Mar 13 08:21:26 GMT-03:00 2023,13-Mar-2023 08:21:26.395,-35.20456717092851,-5.839801097013075,19.31682586669922,4.0,41.02504703354422,152.43299865722656,-0.03,5.63,8.34,0.08,16.08,0,0.03,-0.03,0.04,21.57,10.98,14.7,98.43,23,30.79,23.95,1009.05,14.5,657.3,1,325.66,93.11,622.71,8998,0,84,5.55,36.86,36.86,1326.5,98.43,0.69,2.39,39.9,76.08,-4.69,-4.69,-6.25,-,0.51,4,41.03,152.43,-5.84,-35.2,27,0.03,7.44,33,28.41,12.59,7.94,6.55,80.24,35.57,0.82,0.65,71.95,0,28.05,1476.61,6.27,699,69.54,69,14.51,-7,39.95,10.51,9.52,29.68,3.82,1237.32,584.29,454.32,129.97,-10.29,14.12,14.8,43
Mon Mar 13 08:21:27 GMT-03:00 2023,13-Mar-2023 08:21:27.393,-35.204487551448054,-5.839954586885795,19.20958137512207,4.0,40.767183661654705,152.1698455810547,-0.06,5.6,8.21,0.03,12.94,0.01,0.03,0,0.04,14.9,7.45,14.7,98.43,23,30.9,24.06,1009.14,14.5,657,1,324.57,45.81,622.72,8998,0,84,5.55,25.49,16.47,1289,98.43,0.69,1.2,19.92,76.08,-4.69,-7.81,-6.25,-,0.51,4,40.77,152.17,-5.84,-35.2,27,1.15,7.44,33,57.74,12.59,7.94,3.27,163.1,35.57,0.82,0.65,72,0,28,1461.71,3.14,700,69.15,68,14.51,-7,39.95,10.52,9.51,29.7,3.84,1237.34,585.26,455.3,129.97,-12.14,14.12,14.7,36
Mon Mar 13 08:21:28 GMT-03:00 2023,13-Mar-2023 08:21:28.393,-35.20440720028202,-5.840107947294793,19.111021041870117,4.0,40.52077193893471,152.3387451171875,0.03,5.7,8.1,0.03,17.65,0.02,0.01,0.02,0.03,24.71,12.55,14.7,98.04,23,30.9,24.06,1009.12,14.5,657,1,324.57,45.81,622.72,8998,0,84,5.55,25.49,44.31,1289,98.04,0.69,1.2,19.92,76.08,-4.69,-7.81,-6.25,-,0.51,4,40.52,152.34,-5.84,-35.2,27,1.15,7.44,33,57.74,12.59,7.94,3.27,163.1,35.57,0.05,0.64,72.05,0,27.95,1461.71,7.84,701,68.8,68,19.22,21,39.95,10.52,9.51,29.7,3.85,1237.36,586.28,456.31,129.97,-12.14,14.22,14.7,36
Mon Mar 13 08:21:29 GMT-03:00 2023,13-Mar-2023 08:21:29.395,-35.204326953998766,-5.840262105941243,19.181415557861328,4.0,40.41903112460222,152.43995666503906,0.57,6.08,8.83,0.11,17.65,0.09,0.09,0.04,0.1,24.71,12.55,14.7,98.04,23,31.02,24.17,1009.12,14.5,656.6,1,323.86,138.46,622.72,8998,0,84,5.55,52.94,44.31,1437.5,98.04,0.7,3.56,59.33,76.08,-5.47,0,2.34,-,0.52,4,40.42,152.44,-5.84,-35.2,27,0.8,7.44,33,19.1,12.59,7.94,9.74,53.96,35.57,0.08,0.09,72.1,0,27.9,1454.44,7.84,701,69.05,68,18.04,20,39.95,10.54,9.49,29.76,3.87,1237.38,587.28,457.32,129.97,-7.26,14.26,14.7,39
Mon Mar 13 08:21:30 GMT-03:00 2023,13-Mar-2023 08:21:30.393,-35.2042468483677,-5.84041572868685,19.243627548217773,4.0,40.40781551758203,152.4456329345703,-0.51,5.58,7.68,-0.01,17.65,-0.04,0,0,-0.03,24.71,12.55,14.7,97.65,23,31.14,24.28,1009.17,14.5,656.6,1,323.16,142.01,622.72,8998,0,84,5.42,50.59,41.96,1516,97.65,0.7,3.65,60.85,76.08,-5.47,0,1.56,-,0.52,4,40.41,152.45,-5.84,-35.2,26,0.05,7.27,33,18.62,12.59,7.94,9.99,52.61,35.57,0.17,0.14,72.14,0,27.86,1465.05,7.84,703,69.28,69,18.04,20,34.17,10.56,9.47,29.82,3.89,1237.4,588.26,458.3,129.97,-7.84,14.16,14.7,41
Mon Mar 13 08:21:31 GMT-03:00 2023,13-Mar-2023 08:21:31.393,-35.20416618275317,-5.840567912928346,19.271696090698242,3.0,40.344893814449065,152.14120483398438,-0.47,5.67,8.81,0.09,17.65,0.06,0,0,0.1,14.9,7.45,14.7,98.04,23,31.25,24.38,1009.07,14.5,656,1,322.21,77.33,622.72,8998,0,84,5.42,32.55,40.39,1403.5,98.04,0.7,2.02,33.62,76.08,-4.69,1.56,1.56,-,0.52,3,40.34,152.14,-5.84,-35.2,27,1.38,7.27,33,34.2,12.59,7.94,5.52,96.62,35.57,0.17,0.14,72.19,0,27.81,1450.71,7.45,704,69.38,68,18.04,20,34.17,10.61,9.42,29.98,3.91,1237.42,589.26,459.29,129.97,-11.01,14.16,14.7,36
Mon Mar 13 08:21:32 GMT-03:00 2023,13-Mar-2023 08:21:32.394,-35.20408501845012,-5.840720281689789,19.12375831604004,4.0,40.344458934500125,151.99166870117188,-0.4,5.49,8.46,0.08,13.33,0,0.02,-0.04,0.05,14.9,7.45,14.7,98.04,23,31.25,24.38,1009.11,14.5,655.4,1,322.21,77.33,622.72,8998,0,84,5.42,32.55,16.47,1403.5,98.04,0.7,2.02,33.62,76.08,-4.69,1.56,0,-,0.52,4,40.34,151.99,-5.84,-35.2,27,1.38,7.27,33,34.2,12.59,7.94,5.52,96.62,35.57,0.86,0.16,72.24,0,27.76,1450.71,3.14,705,68.85,68,13.73,-7,34.17,10.61,9.42,29.98,3.93,1237.44,590.23,460.26,129.97,-11.01,14.22,14.7,36
Mon Mar 13 08:21:33 GMT-03:00 2023,13-Mar-2023 08:21:33.393,-35.20400532249902,-5.840869223767447,18.787439346313477,4.0,40.37238945800906,151.89747619628906,-0.26,5.2,8.07,-0,13.33,-0.02,0.01,-0.04,0.02,14.9,7.45,29.4,98.04,23,31.36,24.48,1009.14,14.5,655.1,2,321.17,47.34,622.73,8998,0,84,5.42,19.22,16.47,1310.5,98.04,0.7,1.22,20.28,76.08,-4.69,0,0,-,0.52,4,40.37,151.9,-5.84,-35.2,27,1.85,7.27,33,55.87,12.59,7.94,3.33,157.84,35.57,0.05,0.16,72.28,0,27.72,1443.65,3.14,705,67.63,67,13.33,-12,34.17,10.62,9.41,30,3.95,1237.46,591.26,461.3,129.97,-12.23,14.16,14.7,31
Mon Mar 13 08:21:34 GMT-03:00 2023,13-Mar-2023 08:21:34.394,-35.203928618189146,-5.841017511721652,18.215267181396484,6.0,40.375206575408306,151.7414093017578,-0.01,5.53,8.42,0.05,13.33,0.06,0.02,0,0.1,14.9,7.45,29.4,98.04,23,31.46,24.58,1009.2,14.5,655.1,2,320.12,46.75,622.73,8998,0,84,-,18.82,15.69,1314.5,98.04,0.7,1.18,19.74,76.08,-4.69,0,0,-,0.52,6,40.38,151.74,-5.84,-35.2,27,2.63,-,34,56.58,12.59,7.94,3.24,159.84,35.57,0,0,72.33,0,27.67,1436.8,3.14,707,65.57,65,13.33,-12,-,10.63,9.41,30.03,3.95,1237.46,592.28,462.32,129.97,-12.13,14.2,14.7,27
Mon Mar 13 08:21:35 GMT-03:00 2023,13-Mar-2023 08:21:35.394,-35.20385479971858,-5.8411608355852485,17.784412384033203,6.0,40.41840825262277,152.00714111328125,-0.35,5.16,8.24,0.01,13.33,0,0,-0.04,0.04,14.9,7.45,29.4,98.04,23,31.56,24.67,1009.18,14.5,654.7,2,319.1,50.27,625.94,8998,0,84,-,18.82,16.08,1324,98.04,0.7,1.24,20.59,76.47,-4.69,0,0,-,0.52,6,40.42,152.01,-5.84,-35.2,27,2.02,-,34,52.62,12.59,7.94,3.38,148.64,35.57,0,0,72.38,0,27.62,1423.69,3.14,708,64.02,62,13.33,-12,-,10.64,9.4,30.05,3.99,1237.49,593.25,463.28,129.97,-12.03,14.2,14.7,25
Mon Mar 13 08:21:36 GMT-03:00 2023,13-Mar-2023 08:21:36.393,-35.20378355146877,-5.841296597730468,17.008541107177734,6.0,40.63962659572032,152.0540771484375,-0.06,4.13,9.14,0.04,13.33,0,0.01,-0.17,0.11,14.9,7.45,29.4,98.04,23,31.56,24.67,1009.12,14.5,653.9,2,319.1,50.27,625.94,8998,0,84,-,19.61,14.9,1324,98.04,0.7,1.24,20.59,76.47,-4.69,0,0,-,0.52,6,40.64,152.05,-5.84,-35.2,27,2.02,-,34,52.62,12.59,7.94,3.38,148.64,35.57,0,0,72.43,0,27.57,1423.69,3.14,709,61.23,62,13.73,-12,-,10.64,9.4,30.05,3.99,1237.49,594.28,464.31,129.97,-12.03,14.26,14.7,25
Mon Mar 13 08:21:37 GMT-03:00 2023,13-Mar-2023 08:21:37.395,-35.203716799744484,-5.841422077428976,15.537840843200684,6.0,40.79238909407116,152.2570343017578,-0.39,5.2,8.24,0.01,13.73,0,0.04,-0.05,0.07,14.9,7.45,29.4,98.04,23,31.63,24.74,1009.18,14.5,652.7,2,318.14,65.79,625.94,8998,0,84,-,16.86,14.9,1827.5,98.04,0.7,1.54,25.7,76.47,-4.69,0,0,-,0.52,6,40.79,152.26,-5.84,-35.2,27,6.23,-,34,40.2,12.59,7.94,4.22,113.56,35.57,0,0,72.47,0,27.53,1423.69,3.92,709,55.94,55,14.51,-10,-,10.64,9.39,30.07,4.02,1237.53,595.26,465.3,129.97,-11.44,14.2,14.7,24
Mon Mar 13 08:21:38 GMT-03:00 2023,13-Mar-2023 08:21:38.396,-35.2036577665675,-5.841535881483248,14.557955741882324,4.0,40.88996832734198,152.33544921875,-0.08,4.79,7.95,-0.03,13.73,0.02,0,-0.06,0.09,14.9,7.45,29.4,98.04,23,31.69,24.81,1009.18,14.5,652.7,2,317.22,71.18,625.94,8998,0,84,-,16.86,13.73,1808.5,98.04,0.7,1.48,24.67,76.47,-4.69,0,0,-,0.52,4,40.89,152.34,-5.84,-35.2,24,4.94,-,34,37.16,12.59,7.94,4.05,104.97,35.57,0,0,72.52,0,27.48,1412.09,3.92,711,52.41,51,14.51,-10,-,10.65,9.39,30.09,4.02,1237.53,596.28,466.32,129.97,-12.37,14.22,14.7,21
Mon Mar 13 08:21:39 GMT-03:00 2023,13-Mar-2023 08:21:39.393,-35.2036021360464,-5.841643326728769,13.660900115966797,4.0,40.98567441884333,152.3505859375,-0.38,5.11,8.67,0.05,13.73,0.02,0,-0.05,0.08,14.9,7.45,29.4,98.04,23,31.73,24.86,1009.23,14.5,651.2,2,316.33,79.42,625.94,8998,0,84,-,18.43,15.29,1716,98.04,0.7,1.53,25.52,76.47,-4.69,0,0,-,0.52,4,40.99,152.35,-5.84,-35.2,24,3.18,-,34,33.3,12.59,7.94,4.19,94.08,35.57,0,0,72.56,0,27.44,1402.46,3.92,712,49.18,46,14.51,-10,-,10.71,9.34,30.25,4.05,1237.55,597.29,467.32,129.97,-12.28,14.22,14.7,20
Mon Mar 13 08:21:40 GMT-03:00 2023,13-Mar-2023 08:21:40.392,-35.20354952423047,-5.841745835668685,12.661659240722656,4.0,41.03282529219947,152.45335388183594,-0.31,4.7,8.83,0.04,13.73,0.01,0,-0.08,0.09,14.9,7.45,29.4,98.04,23,31.73,24.86,1009.23,14.5,649.4,2,316.33,79.42,625.94,8998,0,84,-,18.43,15.69,1716,98.04,0.7,1.53,25.52,76.86,-4.69,0,0,-,0.52,4,41.03,152.45,-5.84,-35.2,24,3.18,-,34,33.3,12.59,7.94,4.19,94.08,35.57,0,0,72.61,0,27.39,1402.46,3.92,713,45.58,46,14.12,-10,-,10.71,9.34,30.25,4.05,1237.55,598.28,468.31,129.97,-12.28,14.16,14.7,20
Mon Mar 13 08:21:41 GMT-03:00 2023,13-Mar-2023 08:21:41.393,-35.20350026284824,-5.841838294590169,11.56936264038086,4.0,41.07944007866073,152.56459045410156,0.05,4.69,8.55,0.01,13.73,0,0.04,-0.09,0.07,14.9,7.45,29.4,98.04,23,31.76,24.9,1009.24,14.5,647.4,2,315.46,85.74,629.16,8998,0,84,-,19.61,15.69,1577,98.04,0.7,1.49,24.85,76.86,-4.69,0,0,-,0.52,4,41.08,152.56,-5.84,-35.2,22,3.58,-,34,30.85,12.59,7.94,4.08,87.14,35.57,0,0,72.66,0,27.34,1402.46,3.53,713,41.65,42,14.12,-10.5,-,10.75,9.3,30.38,4.07,1237.58,599.27,469.3,129.97,-12.22,14.16,14.7,19
Mon Mar 13 08:21:42 GMT-03:00 2023,13-Mar-2023 08:21:42.395,-35.203454010300284,-5.841926606211142,10.361135482788086,8.0,41.08698150440509,152.67787170410156,-0.35,4.41,8.81,0.03,13.73,0.01,0.02,-0.12,0.11,14.9,7.45,29.4,98.04,23,31.78,24.92,1009.26,14.5,647.4,2,314.6,83.09,629.17,8998,0,84,-,23.14,15.69,1091,98.04,0.7,1.32,21.99,76.86,-4.69,0,0,-,0.52,8,41.09,152.68,-5.84,-35.2,23,5.65,-,34,31.83,12.59,7.94,3.61,89.93,35.57,0.03,0.03,72.7,0,27.3,1394.06,3.53,715,37.3,36,13.73,0.5,-,10.81,9.25,30.52,4.07,1237.58,600.28,470.31,129.97,-12.3,14.12,14.7,18
Mon Mar 13 08:21:43 GMT-03:00 2023,13-Mar-2023 08:21:43.394,-35.20341468534564,-5.841999940539023,9.155128479003906,8.0,41.244214350577906,152.34835815429688,-0.49,3.04,9.2,0.01,13.33,-0.01,-0.01,-0.26,0.14,14.9,7.45,14.58,98.04,23,31.76,24.93,1009.33,14.5,645.2,0.99,313.77,90.76,632.39,8998,0,84,-,23.14,21.18,979.5,98.04,0.7,1.24,20.59,77.25,-4.69,0,0,-,0.52,8,41.24,152.35,-5.84,-35.2,23,5.96,-,34,29.14,12.59,7.94,3.38,82.32,35.57,0.03,0.03,72.75,0,27.25,1394.06,3.53,716,32.96,27,13.73,0.5,-,10.85,9.22,30.65,4.07,1237.58,601.28,471.31,129.97,-11.52,14.12,14.6,18
Mon Mar 13 08:21:44 GMT-03:00 2023,13-Mar-2023 08:21:44.394,-35.20338456256193,-5.842052750965572,6.654068470001221,6.0,41.26715456354058,151.63897705078125,-0.52,6.51,10.47,0.3,12.94,0.19,0,0.11,0.17,14.9,7.45,13.26,98.04,23,31.76,24.93,1009.33,14.5,642.9,0.9,313.77,90.76,632.39,8998,0,84,-,27.06,17.65,979.5,98.04,0.7,1.24,20.59,77.25,-4.69,0,0,-,0.52,6,41.27,151.64,-5.84,-35.2,26,5.96,-,34,29.14,12.59,7.94,3.38,82.32,35.57,0.85,0.09,72.79,0,27.21,1394.06,3.14,716,23.95,27,13.33,-1.5,-,10.85,9.22,30.65,4.1,1237.61,602.26,472.29,129.97,-11.52,14.22,14.7,18
Mon Mar 13 08:21:45 GMT-03:00 2023,13-Mar-2023 08:21:45.393,-35.20336371500621,-5.8420999822366815,5.903603553771973,8.0,41.057974743553416,151.2838897705078,-0.62,4.5,6.34,-0.18,12.94,-0.2,-0.02,-0.11,-0.14,14.9,7.45,13.26,98.04,23,31.72,24.92,1009.3,14.5,642.9,0.9,313,105.26,635.61,8998,0,84,-,20,17.65,1103.5,98.04,0.7,1.07,17.91,77.65,-4.69,0,0,-,0.52,8,41.06,151.28,-5.84,-35.2,26,4.95,-,34,25.13,12.59,7.94,2.94,70.98,35.57,0.77,0.1,72.83,0,27.17,1384.87,3.14,718,21.25,19,12.94,1.5,-,10.88,9.19,30.74,4.1,1237.61,603.15,473.18,129.97,-11.62,14.22,14.7,19
Mon Mar 13 08:21:46 GMT-03:00 2023,13-Mar-2023 08:21:46.390,-35.20333854169419,-5.842138347245768,5.146809101104736,8.0,41.05191314608452,151.66542053222656,-0.15,6.52,7.28,0.02,14.9,0.02,0,0.1,-0.02,21.96,12.94,13.25,98.04,23,31.68,24.9,1009.3,14.5,640.1,0.9,314.61,749.92,638.82,8998,0,84,-,44.71,29.41,2415,98.04,0.71,5.39,89.78,78.04,-4.69,0,0,-,0.52,8,41.05,151.67,-5.84,-35.2,25,0.53,-,34,3.53,12.59,7.94,14.74,9.96,35.57,0.77,0.1,72.88,0,27.12,1384.87,5.1,719,18.53,18,12.94,1.5,-,10.87,9.2,30.69,4.1,1237.61,604.24,474.27,129.97,-1.65,14.22,14.7,36
Mon Mar 13 08:21:47 GMT-03:00 2023,13-Mar-2023 08:21:47.391,-35.2033191824553,-5.842186343795734,5.633139133453369,6.0,41.03425947389588,152.1105499267578,-0.07,6.71,7.52,0.05,21.57,0.02,0.03,0.11,-0.02,29.02,14.9,13.9,98.04,23,31.68,24.9,1009.27,14.5,629.1,0.95,314.61,749.92,638.82,8998,0,84,-,44.71,52.16,2415,98.04,0.71,5.39,89.78,78.04,-4.69,3.91,3.91,-,0.52,6,41.03,152.11,-5.84,-35.2,24,0.53,-,34,3.53,12.59,7.94,14.74,9.96,35.57,0.78,0.14,72.93,0,27.07,1384.87,11.76,719,20.28,18,20.39,24,-,10.87,9.2,30.69,4.1,1237.61,605.26,475.29,129.97,-1.65,14.18,14.7,36
Mon Mar 13 08:21:48 GMT-03:00 2023,13-Mar-2023 08:21:48.394,-35.203293509115,-5.842236922089335,6.576121807098389,6.0,41.251721538934966,151.94342041015625,-0.2,6.17,6.87,-0.04,21.57,-0.11,0,0.03,-0.14,29.02,14.9,14.7,98.04,23,31.66,24.89,1009.23,14.5,620.2,1,316.59,856.02,635.61,8998,0,83,8.91,65.88,52.16,1842,98.04,0.71,5.83,97.09,77.65,-4.69,4.69,1.56,-,0.53,6,41.25,151.94,-5.84,-35.2,28,2.72,11.95,33,3.09,12.59,7.94,15.94,8.73,35.57,0.77,0.14,72.97,0,27.03,1387.8,11.76,720,23.67,23,20.78,18.5,46.2,10.85,9.22,30.64,4.11,1237.61,606.26,476.29,129.97,-8.15,14.2,14.7,38
Mon Mar 13 08:21:49 GMT-03:00 2023,13-Mar-2023 08:21:49.394,-35.203263820713005,-5.842294739590034,7.369481086730957,6.0,41.27223097174025,151.79872131347656,-0.53,6.4,7.31,0.01,20.39,0,-0.01,0.08,-0.04,30.2,15.69,14.7,98.04,23,31.64,24.9,1009.19,14.5,620.2,1,317.72,624.54,635.6,8998,0,83,8.39,68.24,52.94,1687.5,98.04,0.71,5.43,90.51,77.65,-4.69,7.81,3.91,-,0.53,6,41.27,151.8,-5.84,-35.2,28,3.33,11.25,33,4.24,12.59,7.94,14.86,11.96,35.57,0.77,0.14,73.02,0,26.98,1391.11,10.59,722,26.53,27,21.96,18.5,47.46,10.83,9.23,30.6,4.15,1237.65,607.28,477.32,129.97,-6.77,14.22,14.7,41
Mon Mar 13 08:21:50 GMT-03:00 2023,13-Mar-2023 08:21:50.393,-35.20322842785057,-5.842360221378172,8.133098602294922,6.0,41.453911296434676,151.7862548828125,-0.21,6.7,7.43,0.04,23.53,0.01,0.03,0.1,-0.04,32.16,16.47,14.7,98.04,23,31.64,24.9,1009.16,14.5,616.4,1,319.29,749.69,635.6,8998,0,83,8.39,68.24,60,2202,98.04,0.72,7.65,127.55,77.65,-4.69,7.81,3.91,-,0.53,6,41.45,151.79,-5.84,-35.2,29,3.33,11.25,33,3.53,12.59,7.94,20.94,9.97,35.57,0.77,0.17,73.06,0,26.94,1381.05,13.73,723,29.28,27,21.96,18.5,47.46,10.81,9.25,30.55,4.15,1237.65,608.25,478.28,129.97,-2.61,14.22,14.7,51
Mon Mar 13 08:21:51 GMT-03:00 2023,13-Mar-2023 08:21:51.393,-35.20318967586162,-5.842431770935355,8.995481491088867,4.0,41.747150471404574,151.91146850585938,-0.03,6.26,7.2,-0.01,24.31,-0.02,0.03,0.06,-0.06,30.2,15.29,14.7,98.04,23,31.64,24.91,1009.11,14.5,616.4,1,319.29,749.69,635.6,8998,0,83,10.17,72.55,58.04,2202,98.04,0.72,7.65,127.55,77.65,-4.69,6.25,6.25,-,0.53,4,41.75,151.91,-5.84,-35.2,30,1.72,13.64,33,3.53,12.59,7.94,20.94,9.97,35.57,0.8,0.49,73.1,0,26.9,1388.54,14.12,723,32.38,31,25.49,21.5,44.11,10.81,9.25,30.55,4.16,1237.67,609.28,479.31,129.97,-2.61,14.14,14.7,51
Mon Mar 13 08:21:52 GMT-03:00 2023,13-Mar-2023 08:21:52.394,-35.20314761909662,-5.842508858373573,9.953790664672852,4.0,41.98699887233508,151.8902587890625,-0.45,6.01,7.19,-0.02,24.31,0.05,0.05,0.1,0.01,30.2,15.29,14.7,98.04,23,31.65,24.94,1009.06,14.5,619.1,1,320.08,538.52,632.39,8998,0,83,14.17,60.39,58.04,2097.5,98.04,0.72,6.31,105.19,77.25,-4.69,0.78,2.34,-,0.53,4,41.99,151.89,-5.84,-35.2,29,3.62,19.01,33,4.91,12.59,7.94,17.27,13.87,35.57,0.09,0.82,73.15,0,26.85,1391.45,14.12,724,35.83,36,21.57,21.5,64.52,10.8,9.26,30.51,4.16,1237.67,610.27,480.3,129.97,-6.98,14.18,14.7,51
Mon Mar 13 08:21:53 GMT-03:00 2023,13-Mar-2023 08:21:53.394,-35.20310194019978,-5.842593978034768,10.55855941772461,4.0,42.257263327692876,151.9720001220703,0.19,6.45,7.58,0.03,23.92,-0.02,0.07,0.09,-0.08,32.16,16.47,14.7,98.04,23,31.67,24.97,1009.04,14.5,619.1,1,321.15,615.97,629.17,8998,0,83,6.45,78.04,63.92,2179.5,98.04,0.72,8.38,139.73,76.86,-4.69,-1.56,2.34,-,0.54,4,42.26,151.97,-5.84,-35.2,29,2.17,8.65,33,4.29,12.59,7.94,22.94,12.13,35.57,0.09,0.82,73.19,0,26.81,1400.59,14.12,726,38.01,38,26.27,21,28.26,10.79,9.27,30.47,4.18,1237.69,611.25,481.29,129.97,-4.02,14.18,14.7,56
Mon Mar 13 08:21:54 GMT-03:00 2023,13-Mar-2023 08:21:54.391,-35.203053742699176,-5.842683875422538,11.229424476623535,4.0,42.59407981225374,152.20562744140625,-0.17,6.07,7.36,-0.01,24.31,0,0.08,0.05,-0.01,30.2,15.29,14.7,98.04,23,31.67,24.97,1009.02,14.5,623.9,1,321.58,442.12,629.17,8998,0,83,6.45,78.04,61.57,2179.5,98.04,0.73,6.35,105.86,76.86,-4.69,-1.56,-4.69,-,0.54,4,42.59,152.21,-5.84,-35.2,26,2.17,8.65,33,5.98,12.59,7.94,17.38,16.9,35.57,0.77,0.79,73.24,0,26.76,1393.75,14.51,727,40.43,38,26.27,21,28.26,10.77,9.28,30.43,4.18,1237.69,612.27,482.3,129.97,-6.86,14.14,14.7,55
Mon Mar 13 08:21:55 GMT-03:00 2023,13-Mar-2023 08:21:55.393,-35.20300428876276,-5.842776883248356,11.634453773498535,3.0,43.013285119002255,152.4512481689453,0.18,6.41,7.73,0.04,25.1,0.02,0.05,0.08,0,32.55,16.47,14.7,98.04,23,31.7,25.01,1008.9,14.5,628.5,1,321.58,442.12,629.17,8998,0,83,9.16,73.33,61.57,1858,98.04,0.73,6.35,105.86,76.86,-4.69,-4.69,-2.34,-,0.54,3,43.01,152.45,-5.84,-35.2,28,0.57,12.29,33,5.98,12.59,7.94,17.38,16.9,35.57,0.09,0.77,73.28,0,26.72,1403.57,14.9,727,41.88,41,24.71,19.5,47.1,10.77,9.28,30.43,4.21,1237.71,613.27,483.3,129.97,-6.86,14.16,14.7,55
Mon Mar 13 08:21:56 GMT-03:00 2023,13-Mar-2023 08:21:56.394,-35.20295440830618,-5.842873364044481,11.997332572937012,3.0,43.43102645169648,152.5897216796875,0.35,6.09,7.52,0.01,25.1,-0.01,0.08,0.04,-0.03,32.55,16.47,14.7,98.04,23,31.73,25.05,1008.88,14.5,628.5,1,321.98,432.87,629.17,8998,0,84,6.62,77.65,65.1,1848,98.04,0.73,6.71,111.83,76.86,-4.69,0,1.56,-,0.54,3,43.43,152.59,-5.84,-35.2,29,1.12,8.87,33,6.11,12.59,7.94,18.36,17.26,35.57,0.17,0.74,73.32,0,26.68,1406.14,14.9,729,43.19,43,25.49,19.5,34.19,10.76,9.29,30.4,4.22,1237.73,614.26,484.34,129.97,-5.03,14.16,14.7,57
Mon Mar 13 08:21:57 GMT-03:00 2023,13-Mar-2023 08:21:57.396,-35.202903690411574,-5.842971981135276,12.29289722442627,3.0,43.933468898117,152.71051025390625,-0.17,5.95,7.26,-0.02,24.71,-0.02,0.05,0.03,-0.03,29.8,15.29,14.7,98.04,23,31.77,25.09,1008.82,14.5,632.6,1,322.13,362.61,629.16,8998,0,84,3.66,72.16,63.53,1742,98.04,0.73,5.89,98.25,76.86,-4.69,-3.12,1.56,-,0.54,3,43.93,152.71,-5.84,-35.2,28,0.81,4.9,33,7.29,12.59,7.94,16.13,20.61,35.57,0.17,0.74,73.37,0,26.63,1412.58,14.51,730,44.25,44,25.49,19.5,20.04,10.76,9.3,30.38,4.23,1237.74,615.27,485.35,129.97,-6.13,14.16,14.7,57
Mon Mar 13 08:21:58 GMT-03:00 2023,13-Mar-2023 08:21:58.391,-35.202851395333845,-5.843072294046048,12.483936309814453,3.0,44.41277524418074,152.60838317871094,-0.23,6.07,7.46,0,20.78,0.01,0.04,0.06,0,29.41,14.9,14.7,98.04,23,31.77,25.09,1008.74,14.5,635.5,1,322.13,362.61,629.16,8998,0,84,3.66,72.16,54.51,1742,98.04,0.73,5.89,98.25,76.86,-4.69,-3.12,-5.47,-,0.54,3,44.41,152.61,-5.84,-35.2,28,0.81,4.9,33,7.29,12.59,7.94,16.13,20.61,35.57,0.54,0.72,73.41,0,26.59,1408.48,10.98,731,44.94,44,22.35,18.5,20.04,10.76,9.3,30.38,4.24,1237.75,616.16,486.24,129.97,-6.13,14.18,14.7,57
Mon Mar 13 08:21:59 GMT-03:00 2023,13-Mar-2023 08:21:59.391,-35.20279671019048,-5.843172769682075,12.515281677246094,3.0,44.968456648304866,150.91387939453125,-1.61,6.02,7.49,0.01,20,0,-0.12,0.04,-0.03,29.41,14.9,14.7,98.04,23,31.8,25.14,1008.67,14.5,637.4,1,322.01,289.78,629.16,8998,0,84,3.66,66.27,54.51,1619,98.04,0.74,4.82,80.34,76.86,-4.69,0.78,-0.78,-,0.55,3,44.97,150.91,-5.84,-35.2,27,0.94,4.9,33,9.13,12.59,7.94,13.19,25.78,35.57,0.76,0.7,73.45,0,26.55,1404.32,10.2,731,45.06,44,20.39,19.5,20.04,10.75,9.3,30.37,4.26,1237.76,617.25,487.33,129.97,-7.24,14.14,14.4,55
Mon Mar 13 08:22:00 GMT-03:00 2023,13-Mar-2023 08:22:00.392,-35.20273440520768,-5.8432687647961,12.586173057556152,3.0,45.43023219624233,144.19537353515625,-2.51,5.6,7.18,-0.02,20,0,-0.18,0.02,-0.02,29.41,15.29,14.7,98.04,23,31.84,25.18,1008.61,14.5,637.4,1,321.87,281.21,625.95,8998,0,84,3.55,65.1,53.73,1606,98.04,0.74,4.68,77.97,76.47,-4.69,0,-1.56,-,0.55,3,45.43,144.2,-5.84,-35.2,31,0.06,4.76,33,9.41,12.59,7.94,12.8,26.57,35.57,0.74,0.69,73.5,0,26.5,1410.73,10.2,733,45.31,45,20.39,19.5,21.11,10.75,9.3,30.36,4.27,1237.78,618.26,488.33,129.97,-6.92,14.2,14.4,54
Mon Mar 13 08:22:01 GMT-03:00 2023,13-Mar-2023 08:22:01.391,-35.20265531813996,-5.843354253844627,12.848386764526367,4.0,45.836400406320294,133.5891571044922,-2.76,6.19,7.87,0.08,20,0.05,-0.24,0.06,0,29.8,15.29,14.7,98.04,23,31.88,25.23,1008.64,14.5,638.4,1,321.73,282.05,629.16,8998,0,84,3.76,64.71,54.12,1654.5,98.04,0.74,4.8,79.98,76.86,-4.69,-1.56,-1.56,-,0.55,4,45.84,133.59,-5.84,-35.2,30,0.25,5.04,33,9.38,12.59,7.94,13.13,26.49,35.57,0.74,0.69,73.54,0,26.46,1417.33,10.2,734,46.25,46,20.39,19.5,21.69,10.74,9.31,30.35,4.27,1237.78,619.28,489.36,129.97,-6.66,14.2,14.7,54
Mon Mar 13 08:22:02 GMT-03:00 2023,13-Mar-2023 08:22:02.391,-35.202560714878295,-5.843422974042649,12.928378105163574,4.0,46.0211762907847,121.48231506347656,-2.6,5.9,7.67,0.04,20.78,0.04,-0.27,0.04,-0.01,29.8,15.29,14.7,98.04,23,31.88,25.23,1008.51,14.5,638.9,1,321.73,282.05,629.16,8998,0,84,3.76,64.71,54.12,1654.5,98.04,0.74,4.8,79.98,76.86,-4.69,-1.56,0,-,0.55,4,46.02,121.48,-5.84,-35.2,31,0.25,5.04,33,9.38,12.59,7.94,13.13,26.49,35.57,0.13,0.69,73.58,0,26.42,1417.33,10.98,734,46.54,46,20.78,19.5,21.69,10.74,9.31,30.35,4.29,1237.8,620.28,490.36,129.97,-6.66,14.2,14.7,54
Mon Mar 13 08:22:03 GMT-03:00 2023,13-Mar-2023 08:22:03.392,-35.20246569584647,-5.843486769983549,12.24148178100586,6.0,46.00143457218121,109.24555969238281,-2.51,5.99,7.83,0.06,20.78,0.03,-0.21,0.03,0,29.8,15.29,14.7,98.04,23,31.93,25.28,1008.51,14.5,639.7,1,321.64,296.51,629.16,8998,0,84,3.58,64.71,54.12,1744.5,98.04,0.74,5.16,85.95,76.86,-4.69,0.78,0.78,-,0.55,6,46,109.25,-5.84,-35.2,32,0.46,4.8,33,8.92,12.59,7.94,14.11,25.2,35.57,0.65,0.68,73.63,0,26.37,1419.8,10.98,735,44.07,47,21.18,20,19.61,10.74,9.31,30.34,4.29,1237.8,621.29,491.36,129.97,-6.33,14.12,14.6,54
Mon Mar 13 08:22:04 GMT-03:00 2023,13-Mar-2023 08:22:04.393,-35.202342487514514,-5.843513037990983,13.620433807373047,6.0,45.887031631767776,99.64986419677734,-1.22,5.97,7.85,0.03,20.78,0,-0.09,0.04,-0.01,30.2,15.29,14.7,98.04,23,31.98,25.33,1008.51,14.5,639.7,1,321.59,307.27,632.36,8998,0,84,7.94,65.88,54.51,1821.5,98.04,0.75,5.46,91,77.25,-4.69,-1.56,-3.91,-,0.55,6,45.89,99.65,-5.84,-35.2,32,4.93,10.65,33,8.61,12.59,7.94,14.94,24.32,35.57,0.7,0.68,73.67,0,26.33,1431.23,10.98,737,49.03,49,21.57,20,41.63,10.74,9.31,30.33,4.32,1237.83,622.29,492.37,129.97,-6.29,14.14,14.6,54
Mon Mar 13 08:22:05 GMT-03:00 2023,13-Mar-2023 08:22:05.391,-35.20221615270195,-5.843525325927321,14.125974655151367,6.0,45.893656228918296,95.31521606445312,0.01,6,7.65,0.01,21.18,0,0.04,0.04,-0.01,30.2,15.29,14.7,98.04,23,32.03,25.39,1008.53,14.5,640.8,1,321.53,305.58,632.36,8998,0,84,8.28,65.88,54.9,1865.5,98.04,0.75,5.66,94.35,77.25,-4.69,-1.56,-3.91,-,0.56,6,45.89,95.32,-5.84,-35.2,28,0.15,11.1,33,8.66,12.59,7.94,15.49,24.45,35.57,0.7,0.68,73.71,0,26.29,1434.38,11.37,738,50.85,51,21.57,20,42.38,10.73,9.32,30.31,4.32,1237.83,623.26,493.34,129.97,-6.35,14.14,14.7,55
Mon Mar 13 08:22:06 GMT-03:00 2023,13-Mar-2023 08:22:06.392,-35.20208454820692,-5.843536245255422,14.697376251220703,6.0,45.68257543531976,95.18959045410156,-0.29,6.22,7.66,0.03,22.75,0,0.03,0.02,0,30.59,15.69,14.7,98.04,23,32.03,25.39,1008.53,14.5,642.5,1,321.53,305.58,632.36,8998,0,84,8.28,65.88,59.61,1865.5,98.04,0.75,5.66,94.35,77.25,-4.69,-3.12,0,-,0.56,6,45.68,95.19,-5.84,-35.2,26,0.15,11.1,33,8.66,12.59,7.94,15.49,24.45,35.57,0.09,0.66,73.75,0,26.25,1434.38,12.94,738,52.91,51,21.96,19.5,42.38,10.73,9.32,30.31,4.35,1237.86,624.28,494.36,129.97,-6.35,14.16,14.7,55
Mon Mar 13 08:22:07 GMT-03:00 2023,13-Mar-2023 08:22:07.391,-35.201948096170106,-5.843547121887036,15.27685546875,4.0,45.53385636968259,95.10808563232422,-0.48,5.94,8.18,0.05,22.75,0.03,0,0.03,0.03,30.59,15.69,14.7,98.04,23,32.09,25.46,1008.54,14.5,644.4,1,321.51,316.34,632.36,8998,0,84,12.92,74.51,59.61,1803.5,98.04,0.75,6.1,101.66,77.25,-4.69,-2.34,0.78,-,0.56,4,45.53,95.11,-5.84,-35.2,26,1.09,17.33,33,8.36,12.59,7.94,16.69,23.62,35.57,0.38,0.65,73.79,0,26.21,1437.34,12.94,739,55,54,23.14,18.5,68.43,10.73,9.32,30.3,4.35,1237.86,625.25,495.33,129.97,-5.93,14.16,14.6,56
Mon Mar 13 08:22:08 GMT-03:00 2023,13-Mar-2023 08:22:08.390,-35.20180508721891,-5.84355982728772,15.873156547546387,4.0,45.03597069397272,95.09934997558594,-0.07,6.14,8.09,0.06,22.35,-0.01,0.02,0,0,30.2,15.69,14.7,98.04,23,32.17,25.53,1008.6,14.5,644.4,1,321.34,269.95,632.36,8999,0,84,14.26,73.33,61.18,1649.5,98.04,0.76,5.51,91.85,77.25,-4.69,-0.78,-3.12,-,0.56,4,45.04,95.1,-5.84,-35.2,23,2,19.13,33,9.8,12.59,7.94,15.08,27.68,35.57,0.58,0.65,73.84,0,26.16,1450.48,12.55,741,57.14,57,22.35,18,82.58,10.72,9.33,30.29,4.38,1237.89,626.27,496.35,129.97,-6.49,14.16,14.6,55
Mon Mar 13 08:22:09 GMT-03:00 2023,13-Mar-2023 08:22:09.391,-35.201658609776715,-5.84357340541662,16.330711364746094,4.0,44.478977583321516,95.40018463134766,-0.1,5.99,7.99,0.04,25.1,0.01,0.02,0.03,0.01,30.2,15.69,14.7,98.04,23,32.24,25.6,1008.69,14.5,646,1,321.26,299.49,632.36,8999,0,84,9.43,73.33,66.27,1864,98.04,0.76,6.45,107.57,77.25,-4.69,-0.78,-3.12,-,0.56,4,44.48,95.4,-5.84,-35.2,24,0.21,12.64,33,8.83,12.59,7.94,17.66,24.95,35.57,0.58,0.65,73.88,0,26.12,1448.27,15.29,742,58.79,59,22.35,18,48.3,10.72,9.33,30.28,4.4,1237.9,627.27,497.34,129.97,-4.24,14.16,14.4,59
Mon Mar 13 08:22:10 GMT-03:00 2023,13-Mar-2023 08:22:10.391,-35.20150636240377,-5.843587027195312,16.819782257080078,4.0,44.12324880507462,95.39501190185547,0.03,6.06,7.85,0.03,21.96,0,0.06,0,0.01,30.2,15.29,14.7,98.04,23,32.24,25.6,1008.68,14.5,647.8,1,321.26,299.49,632.36,8999,0,84,9.43,74.9,59.61,1864,98.04,0.76,6.45,107.57,77.25,-4.69,-0.78,0,-,0.56,4,44.12,95.4,-5.84,-35.2,24,0.21,12.64,33,8.83,12.59,7.94,17.66,24.95,35.57,0.28,0.63,73.92,0,26.08,1448.27,12.55,742,60.55,59,23.92,18.5,48.3,10.72,9.33,30.28,4.41,1237.92,628.26,498.34,129.97,-4.24,14.22,14.7,59
Mon Mar 13 08:22:11 GMT-03:00 2023,13-Mar-2023 08:22:11.393,-35.20135077391742,-5.843601063165949,17.34975814819336,4.0,43.63412320275461,95.55825805664062,0.02,6.04,7.91,0.03,21.96,0.01,0.04,0.04,0.01,30.2,15.29,14.7,98.04,23,32.33,25.69,1008.67,14.5,649.1,1,320.99,243.79,632.36,8999,0,84,15.46,71.37,59.61,1668.5,98.04,0.76,5.44,90.64,77.25,-4.69,1.56,-0.78,-,0.56,4,43.63,95.56,-5.84,-35.2,25,1.45,20.73,33,10.85,12.59,7.94,14.88,30.65,35.57,0.75,0.62,73.96,0,26.04,1456.78,12.55,743,62.46,62,22.35,18.5,88.46,10.72,9.33,30.28,4.43,1237.94,629.2,499.27,129.97,-6.85,14.14,14.6,57
Mon Mar 13 08:22:12 GMT-03:00 2023,13-Mar-2023 08:22:12.392,-35.20119020474052,-5.843616035501052,17.80497932434082,4.0,43.10007159750431,95.68341827392578,0.08,5.7,8.24,0.04,19.61,-0.02,0.05,-0.02,0.01,14.9,7.45,14.7,98.04,23,32.42,25.77,1008.75,14.5,649.1,1,320.21,94.33,632.36,8999,0,84,9.86,33.33,47.06,1503.5,98.04,0.76,2.21,36.85,77.25,-4.69,-3.12,-0.78,-,0.57,4,43.1,95.68,-5.84,-35.2,26,1.54,13.23,33,28.04,12.59,7.94,6.05,79.21,35.57,0.75,0.62,74,0,26,1465.55,9.8,745,64.1,64,14.51,-7,62.64,10.76,9.29,30.39,4.45,1237.96,630.2,500.28,129.97,-11.03,14.14,14.6,48
Mon Mar 13 08:22:13 GMT-03:00 2023,13-Mar-2023 08:22:13.394,-35.20102834091515,-5.843632237152302,17.89856719970703,4.0,42.58431456088805,95.87617492675781,0.23,5.06,8.19,0,13.33,0,0.08,-0.03,0.05,14.9,7.45,14.7,98.04,23,32.42,25.77,1008.81,14.5,649.7,1,319.3,52.41,632.36,8999,0,85,9.86,33.33,16.08,1503.5,98.04,0.76,1.27,21.14,77.25,-4.69,-3.12,-1.56,-,0.57,4,42.58,95.88,-5.84,-35.2,27,1.54,13.23,33,50.47,12.59,7.94,3.47,142.56,35.57,0.08,0.61,74.04,0,25.96,1459.66,3.14,746,64.43,64,14.51,-7,62.64,10.77,9.29,30.41,4.47,1237.97,631.28,501.36,129.97,-12.29,14.18,14.7,40
Mon Mar 13 08:22:14 GMT-03:00 2023,13-Mar-2023 08:22:14.392,-35.20086929493567,-5.843648925188729,17.64908790588379,4.0,42.22382214041895,95.76029205322266,-0.41,4.48,7.97,-0.05,13.33,-0.04,0.01,-0.11,0.04,14.9,7.45,29.4,98.04,23,32.5,25.86,1008.88,14.5,649.8,2,319.3,52.41,632.36,8999,0,85,9.86,19.61,16.08,1335.5,98.04,0.76,1.27,21.14,77.25,-4.69,0,0,-,0.57,4,42.22,95.76,-5.84,-35.2,24,1.43,13.23,33,50.47,12.59,7.94,3.47,142.56,35.57,0.03,0.59,74.08,0,25.92,1453.76,3.14,746,63.54,63,13.33,-12,62.64,10.77,9.29,30.41,4.48,1237.99,632.26,502.33,129.97,-12.29,14.22,14.7,40
Mon Mar 13 08:22:15 GMT-03:00 2023,13-Mar-2023 08:22:15.395,-35.20071498041069,-5.843664136014336,17.005218505859375,4.0,41.69624814664236,95.4988021850586,0.05,4.42,8.54,0,13.33,-0.01,0.04,-0.11,0.07,14.9,7.45,29.4,98.04,23,32.58,25.93,1009.01,14.5,649.8,2,318.42,63.83,632.36,8999,0,85,9.86,16.86,14.9,1811,98.04,0.76,1.52,25.34,77.25,-4.69,0,0,-,0.57,4,41.7,95.5,-5.84,-35.2,26,3.54,13.23,33,41.44,12.59,7.94,4.16,117.06,35.57,0,0,74.13,0,25.87,1448.01,3.14,748,61.22,60,14.51,-10,62.64,10.77,9.28,30.43,4.5,1238.01,633.29,503.37,129.97,-11.52,14.16,14.7,35
Mon Mar 13 08:22:16 GMT-03:00 2023,13-Mar-2023 08:22:16.394,-35.20056854001957,-5.843677843676295,16.081249237060547,3.0,41.113538980593646,95.3975601196289,0.23,3.81,9.14,0.03,13.73,0,0.04,-0.15,0.11,14.9,7.45,29.4,98.04,23,32.64,26,1009.1,14.5,649.7,2,317.57,65.73,635.57,8999,0,85,-,15.69,12.94,1926.5,98.04,0.77,1.49,24.85,77.65,-4.69,0,0,-,0.57,3,41.11,95.4,-5.84,-35.2,27,3.89,-,33,40.24,12.59,7.94,4.08,113.67,35.57,0,0,74.17,0,25.83,1437.26,3.92,749,57.89,54,14.51,-10,-,10.78,9.28,30.45,4.52,1238.02,634.25,504.33,129.97,-12.34,14.16,14.6,30
Mon Mar 13 08:22:17 GMT-03:00 2023,13-Mar-2023 08:22:17.395,-35.200435194670945,-5.843689254606571,14.625471115112305,3.0,40.46127240797909,95.05522155761719,-0.3,3.62,9.44,0.1,13.73,0.04,0,-0.2,0.18,14.9,7.45,29.4,98.04,23,32.64,26,1009.25,14.5,649,2,317.57,65.73,635.57,8999,0,85,-,15.69,14.9,1926.5,98.04,0.77,1.49,24.85,77.65,-4.69,0,0,-,0.57,3,40.46,95.06,-5.84,-35.2,28,3.89,-,33,40.24,12.59,7.94,4.08,113.67,35.57,0,0,74.21,0,25.79,1437.26,3.92,750,52.65,54,14.12,-10,-,10.78,9.28,30.45,4.53,1238.04,635.28,505.36,129.97,-12.34,14.24,14.6,30
Mon Mar 13 08:22:18 GMT-03:00 2023,13-Mar-2023 08:22:18.393,-35.20032183577384,-5.843698813167971,12.43912124633789,3.0,39.79457594797439,95.22813415527344,-0.07,2.46,10.25,0.09,13.73,0.08,0.02,-0.23,0.23,14.9,7.45,29.4,98.04,23,32.67,26.04,1009.36,14.5,648,2,316.74,75.54,635.57,8999,0,85,-,18.82,14.9,1697,98.04,0.77,1.54,25.7,77.65,-4.69,0,0,-,0.57,3,39.79,95.23,-5.84,-35.2,24,8.65,-,34,35.01,12.59,7.94,4.22,98.91,35.57,0,0,74.25,0,25.75,1432.55,3.92,750,44.78,44,14.12,-10,-,10.83,9.23,30.6,4.54,1238.05,636.26,506.34,129.97,-12.4,14.2,14.7,26
Mon Mar 13 08:22:19 GMT-03:00 2023,13-Mar-2023 08:22:19.395,-35.200234103111434,-5.843706868772077,9.59060001373291,3.0,39.114478130916325,95.87808227539062,-0.28,2.9,10.2,0.1,13.73,0.06,0,-0.36,0.25,14.9,7.45,29.4,98.04,23,32.67,26.05,1009.48,14.5,648,2,315.94,77.33,638.79,8999,0,85,-,20,16.47,1343,98.04,0.77,1.29,21.44,78.04,-4.69,0,0,-,0.57,3,39.11,95.88,-5.84,-35.2,25,13.78,-,34,34.2,12.59,7.94,3.52,96.62,35.57,0,0,74.29,0,25.71,1428.58,3.92,752,34.53,31,13.73,-11.5,-,10.89,9.19,30.75,4.54,1238.05,637.25,507.33,129.97,-12.51,14.16,14.7,23
Mon Mar 13 08:22:20 GMT-03:00 2023,13-Mar-2023 08:22:20.395,-35.20014825890128,-5.843713103229246,10.052379608154297,6.0,39.35145533383548,96.23567199707031,0.04,5.5,9.74,0.16,12.94,0,0.02,-0.02,0.04,14.9,7.45,29.4,98.04,23,32.62,26.02,1009.57,14.5,647,2,315.13,77.02,642.01,8999,0,84,-,20,16.47,891,98.04,0.77,0.9,15.04,78.43,-4.69,0,0,-,0.57,6,39.35,96.24,-5.84,-35.2,24,20.19,-,34,34.34,12.59,7.94,2.47,97.01,35.57,0,0,74.33,0,25.67,1428.58,3.14,753,36.19,16,13.73,-11.5,-,10.94,9.14,30.9,4.54,1238.05,638.27,508.35,129.97,-12.73,14.16,14.6,20
Mon Mar 13 08:22:21 GMT-03:00 2023,13-Mar-2023 08:22:21.395,-35.20008132892774,-5.843718126486569,9.332969665527344,6.0,39.220811000349705,96.46943664550781,-0.51,5.56,9.51,0.14,12.16,0.13,-0.01,0.01,0.17,20.39,10.59,13.39,98.04,23,32.62,26.02,1009.56,14.5,646,0.91,315.13,77.02,642.01,8999,0,84,-,20.39,16.86,891,98.04,0.77,0.9,15.04,78.43,-4.69,0,0,-,0.57,6,39.22,96.47,-5.84,-35.2,23,20.19,-,34,34.34,12.59,7.94,2.47,97.01,35.57,0.85,0.06,74.37,0,25.63,1428.58,2.35,753,33.6,16,12.94,-4.5,-,10.94,9.14,30.9,4.57,1238.08,639.28,509.36,129.97,-12.73,14.18,14.6,20
Mon Mar 13 08:22:22 GMT-03:00 2023,13-Mar-2023 08:22:22.397,-35.20003082099602,-5.8437197011383155,7.730273723602295,8.0,39.00461676499545,96.22760772705078,-0.28,7.09,6.9,0.03,12.16,0,0.03,0.11,-0.06,20.39,10.59,13.39,98.04,23,32.58,26,1009.58,14.5,640.3,0.91,316.4,694.18,645.23,8999,0,84,1.38,50.98,16.86,1350,98.04,0.77,4.2,69.99,78.82,-4.69,3.12,4.69,-,0.57,8,39,96.23,-5.84,-35.2,22,16.6,1.86,34,3.81,12.59,7.94,11.49,10.76,35.57,0.75,0.12,74.41,0,25.59,1423.94,2.35,754,27.83,17,19.22,21.5,9.79,10.92,9.15,30.86,4.57,1238.08,640.25,510.33,129.97,-2.1,14.16,14.7,36
Mon Mar 13 08:22:23 GMT-03:00 2023,13-Mar-2023 08:22:23.395,-35.19998746513373,-5.8437283181523,6.718111038208008,8.0,39.0510269462366,96.1108627319336,-0.15,6.75,7.67,0.06,23.53,0,0.02,0.12,-0.08,29.41,14.9,13.76,98.04,23,32.55,26,1009.58,14.5,640.3,0.94,319.32,1187.27,645.23,8999,0,84,10.87,60.78,51.76,2548.5,98.04,0.77,7.63,127.18,78.82,-4.69,3.12,4.69,-,0.57,8,39.05,96.11,-5.84,-35.2,22,4.83,14.57,33,2.23,12.59,7.94,20.88,6.29,35.57,0.75,0.12,74.45,0,25.55,1428.98,13.73,756,24.19,23,22.75,22.5,40.71,10.9,9.17,30.8,4.57,1238.08,641.26,511.34,129.97,0.37,14.16,14.7,52
Mon Mar 13 08:22:24 GMT-03:00 2023,13-Mar-2023 08:22:24.391,-35.19993231332201,-5.843731444003927,7.734495162963867,8.0,38.61387858117988,95.91622161865234,-0.3,6.54,7.33,0.02,22.75,0,0,0.1,-0.06,30.59,15.69,14.7,98.04,23,32.55,26,1009.58,14.5,631.5,1,320.92,799.38,642.01,8999,0,84,10.87,60.78,55.69,2548.5,98.04,0.78,6.95,115.85,78.43,-4.69,3.12,0.78,-,0.58,8,38.61,95.92,-5.84,-35.2,23,4.83,14.57,33,3.31,12.59,7.94,19.02,9.35,35.57,0.83,0.81,74.49,0,25.51,1428.98,12.94,757,27.84,23,22.75,22.5,40.71,10.89,9.19,30.75,4.57,1238.08,642.2,512.28,129.97,-7.35,14.18,14.7,51
Mon Mar 13 08:22:25 GMT-03:00 2023,13-Mar-2023 08:22:25.394,-35.199856971510336,-5.843738232206595,9.256677627563477,8.0,38.56052545910275,95.78794860839844,-0.16,6.41,7.08,-0.01,25.1,-0.01,0,0.1,-0.07,28.63,14.9,14.7,98.04,23,32.55,26.01,1009.62,14.5,629.2,1,320.92,799.38,642.01,8999,0,84,19.55,71.37,61.18,2096.5,98.04,0.78,6.95,115.85,78.43,-4.69,3.91,2.34,-,0.58,8,38.56,95.79,-5.84,-35.2,21,3.16,26.22,33,3.31,12.59,7.94,19.02,9.35,35.57,0.69,0.77,74.53,0,25.47,1432.54,15.29,757,33.32,31,24.71,21,89.07,10.89,9.19,30.75,4.58,1238.09,643.27,513.34,129.97,-7.35,14.14,14.6,51
Mon Mar 13 08:22:26 GMT-03:00 2023,13-Mar-2023 08:22:26.395,-35.199767885303814,-5.843747515263833,10.392955780029297,6.0,38.14780808820233,95.43080139160156,-0.57,6.74,7.97,0.09,25.1,0.07,-0.02,0.09,0.04,28.63,14.9,14.7,98.04,23,32.56,26.03,1009.63,14.5,631.3,1,321.74,568.76,642.01,8999,0,84,18.6,64.71,61.18,2095,98.04,0.78,6.67,111.1,78.43,-4.69,-0.78,1.56,-,0.58,6,38.15,95.43,-5.84,-35.2,25,3.68,24.95,33,4.65,12.59,7.94,18.24,13.14,35.57,0.09,0.74,74.57,0,25.43,1436.81,15.29,758,37.41,37,22.35,21.5,84.8,10.87,9.2,30.71,4.63,1238.14,644.25,514.33,129.97,-6.16,14.16,14.7,52
Mon Mar 13 08:22:27 GMT-03:00 2023,13-Mar-2023 08:22:27.393,-35.19966779823183,-5.843756653145472,11.268219947814941,6.0,37.98456688944434,95.29068756103516,-0.01,7.47,9.36,0.26,24.31,0.12,0.03,0.12,0.08,32.16,16.47,14.7,98.04,23,32.59,26.07,1009.62,14.5,631.3,1,322.82,647.92,638.8,8999,0,84,13.83,64.71,64.71,2386,98.04,0.79,9.06,151.06,78.04,-4.69,-0.78,1.56,-,0.58,6,37.98,95.29,-5.84,-35.2,26,1.43,18.55,33,4.08,12.59,7.94,24.8,11.53,35.57,0.09,0.74,74.61,0,25.39,1435.06,14.51,760,40.57,42,22.35,21.5,55.36,10.86,9.21,30.67,4.63,1238.14,645.27,515.35,129.97,-3.15,14.16,14.7,58
Mon Mar 13 08:22:28 GMT-03:00 2023,13-Mar-2023 08:22:28.391,-35.199567654650096,-5.843766946606479,12.066709518432617,6.0,37.87149823858879,95.55650329589844,-0.17,6.31,7.38,0.01,24.31,0.02,0.02,0.11,-0.03,32.16,16.47,14.7,98.04,23,32.59,26.07,1009.62,14.5,639.2,1,322.82,647.92,638.8,8999,0,84,13.83,76.47,64.71,2386,98.04,0.79,9.06,151.06,78.04,-4.69,1.56,-3.91,-,0.58,6,37.87,95.56,-5.84,-35.2,24,1.43,18.55,33,4.08,12.59,7.94,24.8,11.53,35.57,0.5,0.69,74.64,0,25.36,1435.06,18.43,760,43.44,42,28.63,21,55.36,10.86,9.21,30.67,4.63,1238.14,646.23,516.31,129.97,-3.15,14.16,14.7,58
Mon Mar 13 08:22:29 GMT-03:00 2023,13-Mar-2023 08:22:29.391,-35.199454156088855,-5.843777866109312,13.269501686096191,6.0,37.92386726387967,95.99996948242188,0.02,5.89,8.15,0.05,28.24,0,0.03,0.1,-0.05,32.94,16.47,14.7,98.04,23,32.59,26.07,1009.58,14.5,639.2,1,323.23,448.57,638.79,8999,0,83,13.83,76.47,65.88,2312,98.04,0.79,7.12,118.72,78.04,-4.69,1.56,-3.91,-,0.59,6,37.92,96,-5.84,-35.2,25,1.43,18.55,33,5.9,12.59,7.94,19.49,16.66,35.57,0.5,0.69,74.68,0,25.32,1435.06,18.43,762,47.77,42,28.63,21,55.36,10.85,9.22,30.64,4.63,1238.14,647.26,517.34,129.97,-6.67,14.16,14.7,57
Mon Mar 13 08:22:30 GMT-03:00 2023,13-Mar-2023 08:22:30.391,-35.19933083562651,-5.843791372960404,13.963937759399414,6.0,38.06657725438401,95.68377685546875,0.17,5.97,8.12,0.05,28.24,0,0.03,0.07,-0.02,32.94,16.47,14.7,98.04,23,32.63,26.12,1009.51,14.5,639.2,1,323.23,448.57,638.79,8999,0,83,18.07,60.78,65.88,2312,98.04,0.79,7.12,118.72,78.04,-4.69,-0.78,0.78,-,0.59,6,38.07,95.68,-5.84,-35.2,21,1.23,24.23,33,5.9,12.59,7.94,19.49,16.66,35.57,0.09,0.67,74.72,0,25.28,1444.83,18.43,762,50.27,49,22.35,21.5,74.61,10.85,9.22,30.64,4.63,1238.14,648.26,518.33,129.97,-6.67,14.16,14.7,57
Mon Mar 13 08:22:31 GMT-03:00 2023,13-Mar-2023 08:22:31.391,-35.19920283818316,-5.84380338207583,14.295916557312012,6.0,38.09419106517605,95.4730224609375,0.42,6.2,7.81,0.04,23.92,-0.03,0.04,0.04,-0.05,30.98,16.08,14.7,98.04,23,32.63,26.12,1009.53,14.5,650.1,1,323.23,448.57,638.79,8999,0,83,18.07,60.78,62.35,2312,98.04,0.79,7.12,118.72,78.04,-4.69,-0.78,0.78,-,0.59,6,38.09,95.47,-5.84,-35.2,21,1.23,24.23,33,5.9,12.59,7.94,19.49,16.66,35.57,0.09,0.67,74.76,0,25.24,1444.83,13.73,762,51.47,49,22.35,21.5,74.61,10.85,9.22,30.64,4.66,1238.17,649.21,519.29,129.97,-6.67,14.16,14,57
Mon Mar 13 08:22:32 GMT-03:00 2023,13-Mar-2023 08:22:32.391,-35.199070825465725,-5.843816656460207,14.771330833435059,6.0,38.27922573741007,95.57770538330078,-0.01,6.09,7.6,0.01,23.92,0,0.07,0.02,0,30.98,16.08,14.7,98.04,23,32.69,26.18,1009.47,14.5,650.1,1,323.26,329.84,638.79,8999,0,83,18.07,72.94,62.35,1795.5,98.04,0.8,6.11,101.84,78.04,-4.69,-0.78,0.78,-,0.59,6,38.28,95.58,-5.84,-35.2,21,1.53,24.23,33,8.02,12.59,7.94,16.72,22.65,35.57,0.09,0.67,74.8,0,25.2,1447.53,13.73,765,53.18,53,22.35,21.5,74.61,10.84,9.22,30.62,4.66,1238.17,650.13,520.21,129.97,-7.57,14.16,14,54
Mon Mar 13 08:22:33 GMT-03:00 2023,13-Mar-2023 08:22:33.391,-35.198932987589735,-5.843829835812168,15.207374572753906,6.0,38.306105494252364,95.3463363647461,-0.13,5.29,7.5,-0.04,23.92,-0.05,0.01,0.03,-0.06,30.98,16.08,14.7,98.04,23,32.69,26.18,1009.45,14.5,650.1,1,323.26,329.84,638.79,8999,0,83,18.07,72.94,62.35,1795.5,98.04,0.8,6.11,101.84,78.04,-4.69,-1.56,-1.56,-,0.59,6,38.31,95.35,-5.84,-35.2,22,1.53,24.23,33,8.02,12.59,7.94,16.72,22.65,35.57,0.13,0.66,74.84,0,25.16,1447.53,13.73,765,54.75,53,22.75,18.5,74.61,10.84,9.22,30.62,4.69,1238.2,651.22,521.29,129.97,-7.57,14.18,14,54
Mon Mar 13 08:22:34 GMT-03:00 2023,13-Mar-2023 08:22:34.394,-35.1987931010988,-5.843842596276829,15.76860237121582,8.0,38.32038585291543,95.30948638916016,-0.14,5.82,7.21,-0.03,21.96,0.09,0.05,0.09,0.06,30.98,16.08,14.7,98.04,23,32.69,26.18,1009.46,14.5,657.2,1,323.26,329.84,638.79,8999,0,83,18.07,72.94,62.35,1795.5,98.04,0.8,6.11,101.84,78.04,-4.69,-1.56,-1.56,-,0.59,8,38.32,95.31,-5.84,-35.2,23,1.53,24.23,33,8.02,12.59,7.94,16.72,22.65,35.57,0.13,0.66,74.88,0,25.12,1438.25,12.16,765,56.77,53,22.75,18.5,74.61,10.84,9.22,30.62,4.69,1238.2,652.27,522.34,129.97,-7.57,14.18,14.6,54
Mon Mar 13 08:22:35 GMT-03:00 2023,13-Mar-2023 08:22:35.393,-35.198649922184806,-5.8438567605690235,15.948805809020996,8.0,38.33717486685772,95.53387451171875,0.04,5.84,8.71,0.09,21.96,0,0.01,0.01,0.02,30.98,15.69,14.7,98.04,23,32.69,26.18,1009.47,14.5,657.2,1,323.26,329.84,638.79,8999,0,84,18.07,72.94,58.43,1795.5,98.04,0.8,6.11,101.84,77.65,-4.69,-1.56,-1.56,-,0.59,8,38.34,95.53,-5.84,-35.2,22,1.53,24.23,33,8.02,12.59,7.94,16.72,22.65,35.57,0.13,0.66,74.92,0,25.08,1438.25,12.16,768,57.42,53,22.75,18.5,74.61,10.84,9.22,30.62,4.69,1238.2,653.23,523.31,129.97,-7.57,14.18,14.6,54
Mon Mar 13 08:22:36 GMT-03:00 2023,13-Mar-2023 08:22:36.394,-35.19850782853568,-5.8438710728819725,15.986385345458984,6.0,38.50781102711744,95.75574493408203,-0.09,5.2,8.46,0.03,21.96,0.03,0.02,0.01,0.05,30.98,15.69,14.7,98.04,23,32.75,26.24,1009.46,14.5,657.2,1,322.63,132.6,635.58,8999,0,84,18.07,29.02,58.43,1599.5,98.04,0.8,2.66,44.28,77.65,-4.69,-0.78,-1.56,-,0.59,6,38.51,95.76,-5.84,-35.2,23,0.42,24.23,33,19.95,12.59,7.94,7.27,56.35,35.57,0.13,0.66,74.95,0,25.05,1450.42,12.16,768,57.55,57,13.73,-4.5,-,10.86,9.21,30.68,4.74,1238.24,654.21,524.29,129.97,-10.62,14.18,14.6,47
Mon Mar 13 08:22:37 GMT-03:00 2023,13-Mar-2023 08:22:37.393,-35.1983661629442,-5.843885692337122,15.47230052947998,6.0,38.84217097908647,95.3516616821289,-0.35,4.88,8.63,-0.02,13.33,0.04,0,-0.02,0.1,14.9,15.69,14.7,98.04,23,32.75,26.24,1009.49,14.5,659.5,1,322.63,132.6,635.58,8999,0,84,18.07,29.02,58.43,1599.5,98.04,0.8,2.66,44.28,77.65,-4.69,-0.78,-2.34,-,0.59,6,38.84,95.35,-5.84,-35.2,21,0.42,24.23,33,19.95,12.59,7.94,7.27,56.35,35.57,0.78,0.63,74.99,0,25.01,1435.92,3.53,768,55.7,57,13.73,-4.5,-,10.86,9.21,30.68,4.74,1238.24,655.23,525.31,129.97,-10.62,14.2,14.6,47
Mon Mar 13 08:22:38 GMT-03:00 2023,13-Mar-2023 08:22:38.398,-35.198232506118394,-5.843896711312686,14.385650634765625,6.0,39.09665803618236,94.75695037841797,-0.21,4.51,9.14,0.06,13.33,0.03,0.01,-0.11,0.13,14.9,7.45,14.7,98.04,23,32.75,26.24,1009.48,14.5,659.5,1,321.81,70.04,638.79,8999,0,84,18.07,29.02,15.29,1599.5,98.04,0.8,1.51,25.16,78.04,-4.69,-0.78,-2.34,-,0.59,6,39.1,94.76,-5.84,-35.2,20,0.42,24.23,33,37.76,12.59,7.94,4.13,106.68,35.57,0.78,0.63,75.03,0,24.97,1435.92,3.53,771,51.79,57,13.73,-4.5,-,10.87,9.2,30.7,4.77,1238.27,656.17,526.25,129.97,-12.03,14.2,14.6,40
Mon Mar 13 08:22:39 GMT-03:00 2023,13-Mar-2023 08:22:39.391,-35.19811436640305,-5.843905871670968,12.911155700683594,6.0,39.31115536871094,94.24649810791016,-0.25,4.64,8.44,0,13.33,-0.03,-0.01,-0.09,0.03,14.9,7.45,14.7,98.04,23,32.79,26.29,1009.44,14.5,659.5,1,321.81,70.04,638.79,8999,0,84,-,19.22,15.29,1628.5,98.04,0.8,1.51,25.16,78.04,-4.69,0,0,-,0.59,6,39.31,94.25,-5.84,-35.2,21,4.79,-,33,37.76,12.59,7.94,4.13,106.68,35.57,0,0,75.07,0,24.93,1426.68,3.53,771,46.48,47,14.12,-10,-,10.87,9.2,30.7,4.77,1238.27,657.17,527.24,129.97,-12.03,14.14,14.6,40
Mon Mar 13 08:22:40 GMT-03:00 2023,13-Mar-2023 08:22:40.392,-35.19800724431855,-5.843913091319767,11.645842552185059,4.0,39.40497664231534,94.01620483398438,0.21,4.57,9.36,0.08,13.73,0.04,0.01,-0.17,0.16,14.9,7.45,29.4,98.04,23,32.79,26.29,1009.49,14.5,659.5,2,321.81,70.04,638.79,8999,0,84,-,19.22,16.47,1628.5,98.04,0.8,1.51,25.16,78.04,-4.69,0,0,-,0.59,4,39.4,94.02,-5.84,-35.2,22,4.79,-,33,37.76,12.59,7.94,4.13,106.68,35.57,0,0,75.11,0,24.89,1426.68,3.92,771,41.93,47,14.12,-10,-,10.87,9.2,30.7,4.79,1238.3,658.21,528.28,129.97,-12.03,14.14,14.6,40
Mon Mar 13 08:22:41 GMT-03:00 2023,13-Mar-2023 08:22:41.391,-35.19791808841377,-5.843922392343631,9.92026424407959,4.0,39.4609962345153,95.97051239013672,-0.02,2.83,10.7,0.15,13.73,0.11,-0.03,-0.27,0.28,14.9,7.45,29.4,98.04,23,32.79,26.29,1009.56,14.5,659.5,2,321.02,81.65,638.79,8999,0,84,-,19.22,16.47,940,98.04,0.8,1.45,24.18,78.04,-4.69,0,0,-,0.6,4,39.46,95.97,-5.84,-35.2,19,4.79,-,33,32.39,12.59,7.94,3.97,91.51,35.57,0,0,75.14,0,24.86,1419.22,3.92,774,35.71,47,14.12,-10,-,10.91,9.16,30.83,4.79,1238.3,659.25,529.33,129.97,-12.17,14.14,14.6,34
Mon Mar 13 08:22:42 GMT-03:00 2023,13-Mar-2023 08:22:42.394,-35.197833763312914,-5.843933679681325,9.352916717529297,6.0,39.33162477148534,96.81287384033203,-0.95,3.04,10.02,0.09,13.73,0.09,-0.09,-0.27,0.25,14.9,7.45,29.4,98.04,23,32.78,26.29,1009.61,14.5,659.5,2,321.02,81.65,638.79,8999,0,84,-,29.02,16.47,940,98.04,0.8,1.45,24.18,78.04,-4.69,0,0,-,0.6,6,39.33,96.81,-5.84,-35.2,20,8.71,-,34,32.39,12.59,7.94,3.97,91.51,35.57,0,0,75.18,0,24.82,1419.22,3.92,774,33.67,27,13.73,0,-,10.91,9.16,30.83,4.79,1238.3,660.27,530.34,129.97,-12.17,14.2,14.6,34
Mon Mar 13 08:22:43 GMT-03:00 2023,13-Mar-2023 08:22:43.393,-35.19781071752718,-5.843936671308261,3.1620466709136963,6.0,39.299586747573635,88.22071075439453,-1.23,5.46,8.01,0.02,13.73,0.01,-0.05,0,0.04,14.9,7.45,13.3,98.04,23,32.78,26.29,1009.63,14.5,657.9,0.9,321.02,81.65,638.79,8999,0,84,-,29.02,16.47,940,98.04,0.8,1.45,24.18,78.04,-4.69,0,0,-,0.6,6,39.3,88.22,-5.84,-35.2,18,8.71,-,34,32.39,12.59,7.94,3.97,91.51,35.57,0.87,0.09,75.22,0,24.78,1419.22,3.92,774,11.38,27,13.73,0,-,10.91,9.16,30.83,4.79,1238.3,661.15,531.23,129.97,-12.17,14.2,14,34
Mon Mar 13 08:22:44 GMT-03:00 2023,13-Mar-2023 08:22:44.393,-35.19779230296331,-5.843948736183838,2.154151678085327,8.0,39.391244140994466,72.09523010253906,-0.9,5.23,8.3,0.02,14.51,0.01,-0.02,-0.02,0.05,14.9,7.45,13.3,98.04,23,32.78,26.29,1009.61,14.5,657.9,0.9,321.02,81.65,638.79,8999,0,84,-,29.02,32.94,940,98.04,0.8,1.45,24.18,78.04,-4.69,0,0,-,0.6,8,39.39,72.1,-5.84,-35.2,19,8.71,-,34,32.39,12.59,7.94,3.97,91.51,35.57,0.87,0.09,75.25,0,24.75,1419.22,4.31,774,7.75,27,13.73,0,-,10.91,9.16,30.83,4.79,1238.3,662.13,532.2,129.97,-12.17,14.2,14,34
Mon Mar 13 08:22:45 GMT-03:00 2023,13-Mar-2023 08:22:45.394,-35.19779013122051,-5.843942646710077,1.3965013027191162,8.0,39.35714781336888,55.04860305786133,-0.21,5.65,8.08,0.03,14.51,0,0,0.01,0,14.9,7.45,13.3,98.04,23,32.7,26.25,1009.64,14.5,657.9,0.9,320.44,141.06,654.85,8999,0,84,-,34.9,32.94,899.5,98.04,0.81,1.44,24,80,-4.69,0,0,-,0.6,8,39.36,55.05,-5.84,-35.2,24,2.75,-,34,18.75,12.59,7.94,3.94,52.97,35.57,0.86,0.16,75.22,0,24.78,1414.86,4.31,778,5.03,5,13.73,-1,-,10.93,9.15,30.88,4.81,1238.31,663.19,533.27,129.97,-10.47,14.22,14,32
Mon Mar 13 08:22:46 GMT-03:00 2023,13-Mar-2023 08:22:46.395,-35.19779244743492,-5.84393030117529,1.0124129056930542,8.0,38.745619266245214,42.39688491821289,-0.38,6.08,7.7,0.02,13.73,0,0.01,0.02,0,14.9,7.45,13.32,98.04,23,32.62,26.19,1009.64,14.5,654.6,0.91,320.44,-,654.85,8999,0,84,-,56.08,25.88,1065,98.04,0.81,2.51,41.78,80,-4.69,0,0,-,0.6,8,38.75,42.4,-5.84,-35.2,27,1.64,-,34,1.99,12.59,7.94,6.86,5.63,35.57,0.86,0.16,75.09,0,24.91,1414.43,3.53,779,3.64,2,13.73,-1,-,10.91,9.16,30.83,4.81,1238.32,664.28,534.36,129.97,-7.17,14.22,14.7,36
Mon Mar 13 08:22:47 GMT-03:00 2023,13-Mar-2023 08:22:47.393,-35.197801130010525,-5.8439175178702385,1.3005030155181885,8.0,38.44946872833015,27.660749435424805,-2.94,6.93,7.41,0.1,23.53,0.04,-0.17,0.17,-0.1,32.16,16.47,14.7,98.04,23,32.62,26.19,1009.6,14.5,650.9,1,320.44,-,654.85,8999,0,84,-,56.08,57.65,1065,98.04,0.81,2.51,41.78,80,-4.69,2.34,3.91,-,0.6,8,38.45,27.66,-5.84,-35.2,25,1.64,-,34,1.99,12.59,7.94,6.86,5.63,35.57,0.06,0.83,74.98,0,25.02,1414.43,13.73,779,4.68,2,21.18,19.5,-,10.91,9.16,30.83,4.81,1238.32,665.26,535.34,129.97,-7.17,14.2,14.7,36
Mon Mar 13 08:22:48 GMT-03:00 2023,13-Mar-2023 08:22:48.394,-35.19780032771722,-5.843887155066788,2.013746500015259,8.0,38.085519843283734,348.9327087402344,-3.33,6.29,7.36,0.06,23.53,0.08,-0.37,0.06,-0.02,32.16,16.47,14.7,98.04,23,32.56,26.16,1009.59,14.5,647.2,1,320.44,-,651.64,8999,0,84,6.64,65.88,57.65,2003.5,98.04,0.81,6.41,106.9,79.61,-4.69,0.78,2.34,-,0.6,8,38.09,348.93,-5.84,-35.2,27,5.32,8.9,33,0.31,12.59,7.94,17.55,0.88,35.57,0.1,0.74,74.98,0,25.02,1415.87,13.73,780,7.25,10,23.14,21,31.64,10.89,9.18,30.76,4.81,1238.32,666.28,536.36,129.97,1.35,14.24,14.7,54
Mon Mar 13 08:22:49 GMT-03:00 2023,13-Mar-2023 08:22:49.393,-35.19782699420135,-5.843853343756213,2.9636242389678955,8.0,37.96821899115932,299.0876770019531,-1.88,6.99,6.77,0.05,23.53,0.03,-0.2,0.14,-0.08,31.76,16.47,14.7,98.04,23,32.52,26.14,1009.62,14.5,647.2,1,320.44,-,648.42,8999,0,84,11.63,70.98,59.61,2336,98.04,0.81,8.22,136.99,79.22,-4.69,3.12,0.78,-,0.6,8,37.97,299.09,-5.84,-35.2,29,10.75,15.59,33,1.22,12.59,7.94,22.49,3.44,35.57,0.75,0.74,75.02,0,24.98,1418.09,13.73,782,10.67,18,25.49,22.5,47.52,10.87,9.2,30.7,4.82,1238.32,667.25,537.33,129.97,-3.74,14.18,14.7,59
Mon Mar 13 08:22:50 GMT-03:00 2023,13-Mar-2023 08:22:50.394,-35.19789307750852,-5.843848557927197,6.603036403656006,8.0,38.98135606931347,274.2684020996094,0.05,6.59,7.56,0.04,25.1,-0.02,0.01,0.13,-0.12,32.16,16.47,14.7,98.04,23,32.5,26.14,1009.6,14.5,647.8,1,323.72,1335.05,651.63,8999,0,84,14.63,65.1,59.61,2762,98.04,0.82,9.09,151.42,79.61,-4.69,3.12,0.78,-,0.61,8,38.98,274.27,-5.84,-35.2,31,1.23,19.62,33,1.98,12.59,7.94,24.86,5.6,35.57,0.75,0.7,75.06,0,24.94,1421,15.29,783,23.77,25,25.49,22.5,50.59,10.85,9.22,30.65,4.82,1238.33,668.21,538.29,129.97,-4.3,14.18,14.8,61
Mon Mar 13 08:22:51 GMT-03:00 2023,13-Mar-2023 08:22:51.395,-35.197967249574454,-5.843851025466824,7.696427345275879,6.0,38.72655873860876,272.36273193359375,0.76,6.41,7.21,0.01,20.39,-0.01,0.12,0.08,-0.06,27.45,14.12,14.7,98.04,23,32.5,26.14,1009.64,14.5,651.7,1,323.72,1335.05,651.63,8999,0,84,14.63,65.1,42.35,2762,98.04,0.82,9.09,151.42,79.61,-4.69,-4.69,-7.81,-,0.61,6,38.73,272.36,-5.84,-35.2,30,1.23,19.62,33,1.98,12.59,7.94,24.86,5.6,35.57,0.63,0.69,75.1,0,24.9,1421,8.63,783,27.71,25,22.35,24,50.59,10.85,9.22,30.65,4.82,1238.33,669.25,539.33,129.97,-4.3,14.2,14.8,61
Mon Mar 13 08:22:52 GMT-03:00 2023,13-Mar-2023 08:22:52.393,-35.1980474255999,-5.84384344474584,8.606122016906738,6.0,38.45522793762802,277.00189208984375,1.35,5.83,7.62,0.01,17.25,0,0.14,0.03,0,27.45,14.12,14.7,98.04,23,32.49,26.15,1009.58,14.5,654.2,1,324.55,580.76,648.41,8999,0,84,11.7,54.12,42.35,2230,98.04,0.82,5.49,91.49,79.22,-4.69,-0.78,-2.34,-,0.61,6,38.46,277,-5.84,-35.2,28,2.29,15.69,33,4.55,12.59,7.94,15.02,12.87,35.57,0.75,0.56,75.13,0,24.87,1424.11,7.45,784,30.98,30,19.61,22.5,50.1,10.84,9.23,30.61,4.83,1238.34,670.26,540.34,129.97,-9.29,14.18,14.4,55
Mon Mar 13 08:22:53 GMT-03:00 2023,13-Mar-2023 08:22:53.393,-35.19813410212174,-5.843831875944001,9.107321739196777,6.0,38.35199190673776,284.0101318359375,1.12,5.49,8.17,0.03,17.25,-0.01,0.12,0.02,0,21.57,11.37,14.7,98.04,23,32.49,26.16,1009.66,14.5,654.2,1,324.12,189.46,648.41,8999,0,84,5.52,33.73,37.25,1537,98.04,0.82,2.15,35.82,79.22,-4.69,-9.38,-10.16,-,0.61,6,38.35,284.01,-5.84,-35.2,27,1.02,7.41,33,13.96,12.59,7.94,5.88,39.44,35.57,0.67,0.58,75.17,0,24.83,1427.55,7.45,786,32.79,32,14.51,-8.5,34.31,10.84,9.22,30.63,4.84,1238.35,671.2,541.28,129.97,-11.98,14.2,14.6,45
Mon Mar 13 08:22:54 GMT-03:00 2023,13-Mar-2023 08:22:54.393,-35.19822249343489,-5.843807684756694,9.161811828613281,6.0,38.170664844077926,286.7823791503906,-1.48,4.39,7.93,0.07,13.33,0.08,-0.16,-0.04,0.12,14.9,7.45,14.7,98.04,23,32.49,26.17,1009.63,14.5,654.2,1,323.39,97.87,648.41,8999,0,84,5.52,27.84,20,953,98.04,0.82,1.18,19.74,79.22,-4.69,-5.47,-5.47,-,0.61,6,38.17,286.78,-5.84,-35.2,29,0.79,7.41,33,27.02,12.59,7.94,3.24,76.34,35.57,0.07,0.57,75.21,0,24.79,1424.59,3.14,787,32.98,32,13.73,2,34.31,10.88,9.19,30.73,4.88,1238.39,672.28,542.36,129.97,-12.48,14.22,14.6,37
Mon Mar 13 08:22:55 GMT-03:00 2023,13-Mar-2023 08:22:55.393,-35.19829805222541,-5.843785231934018,8.897760391235352,6.0,38.15495258823701,279.74530029296875,-1.04,6.45,7.8,0.16,13.33,0.05,-0.07,0.07,0.02,14.9,7.45,14.7,98.04,23,32.48,26.18,1009.65,14.5,655.3,1,322.68,99.69,645.21,8999,0,84,5.52,24.31,19.61,1030,98.04,0.82,1.21,20.1,78.82,-4.69,-5.47,-5.47,-,0.61,6,38.15,279.75,-5.84,-35.2,31,1.03,7.41,33,26.53,12.59,7.94,3.3,74.95,35.57,0.07,0.57,75.24,0,24.76,1416.83,3.53,788,32.03,31,13.73,2,34.31,10.91,9.17,30.82,4.88,1238.39,673.25,543.33,129.97,-11.18,14.22,14.3,34
Mon Mar 13 08:22:56 GMT-03:00 2023,13-Mar-2023 08:22:56.394,-35.198370167426184,-5.843765211013516,7.917248249053955,6.0,37.936856608250714,274.24951171875,-0.4,2.89,7.93,0.06,12.94,0.11,0,0.02,0.15,14.9,7.45,14.7,98.04,23,32.48,26.18,1009.73,14.5,655.5,1,322.68,99.69,645.21,8999,0,84,5.52,24.31,21.96,1030,98.04,0.82,1.21,20.1,79.22,-4.69,-1.56,-0.78,-,0.61,6,37.94,274.25,-5.84,-35.2,29,1.03,7.41,34,26.53,12.59,7.94,3.3,74.95,35.57,0.06,0.56,75.28,0,24.72,1416.83,3.14,789,28.5,31,13.73,21,34.31,10.91,9.17,30.82,4.88,1238.39,674.25,544.33,129.97,-11.18,14.16,14.6,34
Mon Mar 13 08:22:57 GMT-03:00 2023,13-Mar-2023 08:22:57.392,-35.1984312872214,-5.843759843069927,6.684860706329346,6.0,37.564526797044316,270.9645080566406,0.23,4.16,8.3,-0.03,12.94,-0.12,0.04,-0.3,0.03,14.9,7.45,14.7,98.04,23,32.46,26.18,1009.71,14.5,656,1,321.98,102.9,648.42,8999,0,84,-,27.84,21.96,930.5,98.04,0.82,1.21,20.1,79.22,-4.69,2.34,3.12,-,0.61,6,37.56,270.96,-5.84,-35.2,27,3.5,-,34,25.7,12.59,7.94,3.3,72.61,35.57,0.17,0.55,75.32,0,24.68,1416.83,3.14,789,24.07,25,13.73,3,-,10.94,9.14,30.91,4.88,1238.39,675.27,545.34,129.97,-11.42,14.28,14.6,30
Mon Mar 13 08:22:58 GMT-03:00 2023,13-Mar-2023 08:22:58.393,-35.198475417514395,-5.843752996786094,4.854116439819336,6.0,37.345533884204585,276.34686279296875,0.82,5.33,8.78,0.07,12.94,-0.01,0.14,-0.06,0.04,14.9,7.45,14.7,98.04,23,32.42,26.16,1009.76,14.5,656,1,321.33,116.77,648.43,8999,0,84,-,22.35,20.78,1095.5,98.04,0.82,1.1,18.4,79.22,-4.69,3.91,4.69,-,0.61,6,37.35,276.35,-5.84,-35.2,28,8.07,-,34,22.65,12.59,7.94,3.02,63.98,35.57,0.09,0.55,75.35,0,24.65,1414.6,3.14,791,17.47,16,12.94,0,-,10.97,9.12,30.98,4.92,1238.43,676.26,546.34,129.97,-11.38,14.08,14.6,28
Mon Mar 13 08:22:59 GMT-03:00 2023,13-Mar-2023 08:22:59.395,-35.198506664991626,-5.843737748753326,3.6836838722229004,4.0,37.17487096147221,297.1085205078125,2.66,5.83,8.45,0.1,12.55,0.05,0.42,-0.01,0.01,14.9,7.45,14.7,98.04,23,32.37,26.13,1009.79,14.5,656.1,1,321.45,360.68,651.64,8999,0,84,-,35.29,18.04,1059.5,98.04,0.83,2.18,36.36,79.61,-4.69,4.69,4.69,-,0.61,4,37.17,297.11,-5.84,-35.2,28,0.26,-,34,7.33,12.59,7.94,5.97,20.72,35.57,0.09,0.55,75.39,0,24.61,1406.34,2.75,792,13.26,13,12.94,0,-,10.96,9.12,30.96,4.92,1238.43,677.27,547.35,129.97,-9.26,14.08,14.1,30
Mon Mar 13 08:23:00 GMT-03:00 2023,13-Mar-2023 08:23:00.394,-35.198531260308734,-5.843721325626469,3.064300537109375,6.0,37.28602616684635,331.0695495605469,3.07,4.41,8.06,0.01,13.33,0.13,0.15,-0.04,0.2,15.29,8.24,14.7,98.04,23,32.37,26.13,1009.74,14.5,656.5,1,321.45,360.68,651.64,8999,0,84,-,35.29,23.14,1059.5,98.04,0.83,2.18,36.36,79.61,-4.69,4.69,3.12,-,0.61,6,37.29,331.07,-5.84,-35.2,29,0.26,-,34,7.33,12.59,7.94,5.97,20.72,35.57,0.78,0.55,75.43,0,24.57,1406.34,3.53,792,11.03,13,15.29,7.5,-,10.96,9.12,30.96,4.92,1238.43,678.25,548.33,129.97,-9.26,14.2,14.1,30
Mon Mar 13 08:23:01 GMT-03:00 2023,13-Mar-2023 08:23:01.393,-35.198531894683036,-5.843691342327939,3.2916111946105957,6.0,37.081960787835605,5.766353607177734,2.55,6.19,7.27,0.07,13.33,0.01,0.19,0.02,0,15.29,8.24,14.7,98.04,23,32.32,26.1,1009.68,14.5,656.5,1,321.45,-,651.64,8999,0,84,-,52.55,23.14,1013.5,98.04,0.83,2.53,42.09,79.61,-4.69,0,3.12,-,0.61,6,37.08,5.77,-5.84,-35.2,27,0.97,-,34,5.15,12.59,7.94,6.91,14.54,35.57,0.78,0.55,75.46,0,24.54,1406.34,3.53,793,11.85,12,18.82,21,-,10.95,9.13,30.92,4.92,1238.43,679.25,549.33,129.97,-8.23,14.2,14.1,33
Mon Mar 13 08:23:02 GMT-03:00 2023,13-Mar-2023 08:23:02.394,-35.19851608266809,-5.843651052294832,3.8079442977905273,6.0,36.87541914264532,44.23062515258789,2.31,1.98,9.79,0.07,19.22,0.1,0.37,0.07,0.02,26.67,15.69,14.7,98.04,23,32.32,26.1,1009.68,14.5,657.2,1,321.45,-,651.64,8999,0,84,-,52.55,54.12,1013.5,98.04,0.83,2.53,42.09,79.22,-4.69,0,3.12,-,0.61,6,36.88,44.23,-5.84,-35.2,27,0.97,-,34,5.15,12.59,7.94,6.91,14.54,35.57,0.08,0.56,75.5,0,24.5,1406.34,9.41,795,13.71,12,18.82,21,-,10.95,9.13,30.92,4.92,1238.43,680.28,550.36,129.97,-8.23,14.2,14.7,33
Mon Mar 13 08:23:03 GMT-03:00 2023,13-Mar-2023 08:23:03.395,-35.19848281927504,-5.843624791172749,3.9849705696105957,8.0,36.23255931450789,75.33483123779297,1.71,5.39,8.54,0.07,17.25,0.12,0.15,0.2,0.01,28.63,14.51,14.7,98.04,23,32.27,26.08,1009.69,14.5,657.2,1,321.45,-,648.43,8999,0,84,4.22,48.63,54.12,2117,98.04,0.83,4.41,73.58,79.22,-4.69,-5.47,-7.03,-,0.62,8,36.23,75.33,-5.84,-35.2,26,2.29,5.65,34,2.72,12.59,7.94,12.08,7.68,35.57,0.75,0.57,75.53,0,24.47,1407.78,7.45,795,14.35,16,16.86,26,19.02,10.93,9.15,30.87,4.92,1238.43,681.21,551.29,129.97,-3.04,14.14,14.7,44
Mon Mar 13 08:23:04 GMT-03:00 2023,13-Mar-2023 08:23:04.395,-35.198430142092455,-5.843617901676905,4.901398658752441,8.0,35.66243909413073,91.25639343261719,-1.74,7.26,7.75,0.12,17.25,-0.01,0.19,-0.02,0.01,28.63,14.51,14.7,98.04,23,32.24,26.06,1009.65,14.5,657.2,1,323.59,999.88,638.79,8999,0,84,3.03,63.53,45.1,2042,98.04,0.83,6.05,100.81,78.04,-4.69,-3.91,-5.47,-,0.62,8,35.66,91.26,-5.84,-35.2,27,3.65,4.07,34,2.65,12.59,7.94,16.55,7.47,35.57,0.81,0.6,75.57,0,24.43,1409.7,7.45,797,17.65,18,19.22,0,14.19,10.91,9.16,30.82,4.93,1238.44,682.15,552.23,129.97,-6.98,14.14,14.3,45
Mon Mar 13 08:23:05 GMT-03:00 2023,13-Mar-2023 08:23:05.394,-35.19837043460413,-5.843629821875096,5.70687198638916,8.0,36.6390902835206,96.82715606689453,1.12,5.47,7.03,-0.06,14.9,0,0,0.11,-0.07,23.14,11.76,14.7,98.04,23,32.21,26.05,1009.68,14.5,657.2,1,325.04,785.67,635.58,8999,0,84,5.07,63.14,44.31,1818,98.04,0.84,5.35,89.11,77.65,-4.69,-3.91,-5.47,-,0.62,8,36.64,96.83,-5.84,-35.2,26,3.35,6.8,34,3.37,12.59,7.94,14.63,9.51,35.57,0.81,0.6,75.61,0,24.39,1411.88,5.1,798,20.54,21,21.96,21,26.64,10.9,9.18,30.78,4.94,1238.45,683.26,553.34,129.97,-7.61,14.14,14.3,46
Mon Mar 13 08:23:06 GMT-03:00 2023,13-Mar-2023 08:23:06.393,-35.19831348471817,-5.843641551825756,6.343761920928955,8.0,36.50570900308891,98.12242126464844,-2.07,5.2,6.37,-0.12,23.14,-0.09,-0.01,0.04,-0.13,30.2,15.69,14.7,98.04,23,32.19,26.05,1009.69,14.5,657.2,1,326.73,864,635.58,8999,0,84,6.89,70.98,58.04,2090.5,98.04,0.84,6.86,114.33,77.65,-4.69,0.78,-4.69,-,0.62,8,36.51,98.12,-5.84,-35.2,26,1.16,9.24,34,3.06,12.59,7.94,18.77,8.65,35.57,0.76,0.6,75.64,0,24.36,1414.73,13.33,799,22.84,24,21.96,21,31.47,10.88,9.19,30.73,4.94,1238.45,684.26,554.34,129.97,-4.57,14.12,14.8,51
Mon Mar 13 08:23:07 GMT-03:00 2023,13-Mar-2023 08:23:07.394,-35.19824693770411,-5.8436495464965645,7.046959400177002,8.0,36.438573916833704,98.14008331298828,0.52,6.19,8.69,0.11,23.14,0,-0.15,0.07,-0.05,29.8,15.29,14.7,98.04,23,32.19,26.05,1009.61,14.5,658.1,1,326.73,864,635.58,8999,0,84,6.89,70.98,59.61,2090.5,98.04,0.84,6.86,114.33,77.25,-4.69,0.78,-2.34,-,0.62,8,36.44,98.14,-5.84,-35.2,25,1.16,9.24,34,3.06,12.59,7.94,18.77,8.65,35.57,0.75,0.59,75.68,0,24.32,1414.73,13.33,800,25.37,24,23.92,21,31.47,10.88,9.19,30.73,4.94,1238.45,685.25,555.33,129.97,-4.57,14.12,14.7,51
Mon Mar 13 08:23:08 GMT-03:00 2023,13-Mar-2023 08:23:08.394,-35.198171368937544,-5.843661511332948,8.048273086547852,8.0,36.65599278924452,98.09664154052734,-0.6,6.02,6.85,-0.05,19.61,-0.09,0.06,0.07,-0.15,24.71,12.94,14.7,98.04,23,32.18,26.05,1009.55,14.5,659.5,1,327.68,630.74,632.36,8999,0,84,9.25,68.63,59.61,1790.5,98.04,0.84,5.72,95.39,77.25,-4.69,-3.91,-5.47,-,0.62,8,36.66,98.1,-5.84,-35.2,23,2.63,12.4,34,4.19,12.59,7.94,15.66,11.85,35.57,0.76,0.6,75.71,0,24.29,1417.69,9.8,800,28.97,28,21.18,18.5,49.33,10.87,9.2,30.69,4.95,1238.46,686.29,556.37,129.97,-7.3,14.16,14.7,50
Mon Mar 13 08:23:09 GMT-03:00 2023,13-Mar-2023 08:23:09.394,-35.19809700364897,-5.843673720423764,8.555733680725098,8.0,36.76984235205006,98.29503631591797,-0.1,7.07,4.97,-0.1,19.61,-0.23,-0.14,-0.1,-0.21,24.71,12.94,14.7,98.04,23,32.17,26.06,1009.52,14.5,659.8,1,327.87,386.31,632.36,8999,0,84,5.27,58.43,50.59,1627,98.04,0.84,4.09,68.16,77.25,-4.69,-1.56,-3.12,-,0.62,8,36.77,98.3,-5.84,-35.2,24,1.03,7.07,34,6.85,12.59,7.94,11.19,19.34,35.57,0.76,0.59,75.75,0,24.25,1422.35,9.8,802,30.8,30,18.43,20,30.93,10.86,9.21,30.67,4.96,1238.47,687.28,557.35,129.97,-8.49,14.2,14.7,48
Mon Mar 13 08:23:10 GMT-03:00 2023,13-Mar-2023 08:23:10.394,-35.198017639728,-5.843685992661665,8.836590766906738,6.0,36.993030607765064,98.42105865478516,-1.14,6.03,5.77,-0.12,17.25,0.12,-0.21,0.03,0.11,21.96,11.37,14.7,98.04,23,32.17,26.07,1009.43,14.5,659.8,1,327.51,212.99,629.15,8999,0,84,5.14,39.22,41.57,1463.5,98.04,0.84,2.42,40.26,76.86,-4.69,-4.69,-3.12,-,0.63,6,36.99,98.42,-5.84,-35.2,23,1.2,6.9,34,12.42,12.59,7.94,6.61,35.08,35.57,0.76,0.59,75.78,0,24.22,1425.48,7.84,803,31.81,32,15.69,-4,33.56,10.86,9.21,30.68,4.97,1238.48,688.29,558.37,129.97,-10.6,14.26,14.7,42
Mon Mar 13 08:23:11 GMT-03:00 2023,13-Mar-2023 08:23:11.394,-35.197934576193084,-5.843698291165526,8.765083312988281,6.0,37.22197410139015,97.90000915527344,-2.26,4.58,4.92,-0.26,13.73,-0.04,0.08,-0.08,0.02,14.9,7.45,14.7,98.04,23,32.17,26.07,1009.55,14.5,659.6,1,326.78,93.04,629.15,8999,0,84,5.14,39.22,18.43,1463.5,98.04,0.85,1.13,18.76,76.86,-4.69,-4.69,-5.47,-,0.63,6,37.22,97.9,-5.84,-35.2,24,1.2,6.9,34,28.43,12.59,7.94,3.08,80.31,35.57,0.82,0.59,75.82,0,24.18,1425.48,3.53,804,31.55,32,15.69,-4,33.56,10.9,9.18,30.78,5,1238.5,689.29,559.36,129.97,-12.48,14.26,14.3,35
Mon Mar 13 08:23:12 GMT-03:00 2023,13-Mar-2023 08:23:12.395,-35.19785788504967,-5.84371047786282,8.185388565063477,6.0,37.3758527149054,97.88134765625,-1.08,4.85,8.54,0.03,12.55,0.01,-0.06,0.04,0,14.9,7.45,14.7,98.04,23,32.16,26.08,1009.59,14.5,659.6,1,326.78,93.04,629.15,8999,0,84,5.14,20,18.43,1208,98.04,0.85,1.13,18.76,76.86,-4.69,-6.25,-5.47,-,0.63,6,37.38,97.88,-5.84,-35.2,22,2.55,6.9,34,28.43,12.59,7.94,3.08,80.31,35.57,0.05,0.58,75.85,0,24.15,1417.9,2.75,804,29.47,29,13.33,-11.5,33.56,10.9,9.18,30.78,5,1238.5,690.25,560.33,129.97,-12.48,14.16,14.7,35
Mon Mar 13 08:23:13 GMT-03:00 2023,13-Mar-2023 08:23:13.396,-35.19779233956023,-5.843716530984674,7.2597575187683105,6.0,37.42739764163268,93.320556640625,-4.64,4.53,9.6,0.2,12.55,-0.01,-0.24,0.02,-0.06,14.9,7.45,14.7,98.04,23,32.14,26.07,1009.61,14.5,659.6,1,326.02,78.67,632.36,8999,0,84,5.14,20.39,16.86,927.5,98.04,0.85,0.86,14.37,77.25,-4.69,-2.34,-2.34,-,0.63,6,37.43,93.32,-5.84,-35.2,19,4.47,6.9,34,33.62,12.59,7.94,2.36,94.98,35.57,0.09,0.57,75.89,0,24.11,1417.9,2.75,806,26.14,25,12.55,9,33.56,10.94,9.14,30.92,5,1238.5,691.21,561.29,129.97,-12.62,14.16,14.7,29
Mon Mar 13 08:23:14 GMT-03:00 2023,13-Mar-2023 08:23:14.394,-35.19773248409835,-5.843717368454585,6.267432689666748,8.0,37.41049453689314,78.28592681884766,-4.81,4.63,9.33,0.19,12.55,0.12,-0.46,-0.19,0.13,14.9,7.45,14.7,98.04,23,32.11,26.06,1009.61,14.5,659.5,1,325.3,91.25,635.58,8999,0,84,-,19.61,16.08,928,98.04,0.85,0.86,14.37,77.65,-4.69,0.78,-2.34,-,0.63,8,37.41,78.29,-5.84,-35.2,21,6.14,-,35,28.99,12.59,7.94,2.36,81.88,35.57,0.09,0.57,75.92,0,24.08,1417.9,2.35,807,22.56,20,12.55,9,-,10.98,9.11,31.02,5,1238.5,692.26,562.34,129.97,-12.06,14.16,14.7,26
Mon Mar 13 08:23:15 GMT-03:00 2023,13-Mar-2023 08:23:15.393,-35.19768248565812,-5.843710331217677,5.848466873168945,8.0,37.34285973075896,53.38356399536133,-2.72,2.62,8.63,-0.02,12.55,-0.01,-0.15,-0.03,0,14.9,7.45,14.7,98.04,23,32.11,26.06,1009.63,14.5,659.2,1,325.3,91.25,635.58,8999,0,84,-,19.61,16.08,928,98.04,0.85,0.86,14.37,78.04,-4.69,0.78,1.56,-,0.63,8,37.34,53.38,-5.84,-35.2,22,6.14,-,35,28.99,12.59,7.94,2.36,81.88,35.57,0.14,0.57,75.96,0,24.04,1417.9,2.35,808,21.05,20,12.55,3.5,-,10.98,9.11,31.02,5,1238.5,693.25,563.33,129.97,-12.06,14.22,14.8,26
Mon Mar 13 08:23:16 GMT-03:00 2023,13-Mar-2023 08:23:16.393,-35.19765650794331,-5.843669433764958,4.725226879119873,8.0,38.442464119979576,29.810955047607422,-1.99,6.92,6.97,0.04,22.75,0.12,-0.07,0.23,-0.01,28.24,7.45,14.7,98.04,23,32.07,26.04,1009.63,14.5,658.7,1,324.92,202.51,638.8,8999,0,84,-,42.35,16.08,1060,98.04,0.85,1.53,25.52,78.04,-4.69,-0.78,2.34,-,0.63,8,38.44,29.81,-5.84,-35.2,25,4.05,-,35,13.06,12.59,7.94,4.19,36.89,35.57,0.05,0.56,75.99,0,24.01,1415.88,12.16,808,17.01,17,19.22,7.5,-,10.99,9.1,31.03,5,1238.51,694.22,564.29,129.97,-10.15,14.22,14.7,27
Mon Mar 13 08:23:17 GMT-03:00 2023,13-Mar-2023 08:23:17.393,-35.19763402334106,-5.843628248763176,5.111999988555908,8.0,38.32137511868596,13.194639205932617,-0.06,6.54,7.9,0.07,22.75,0.33,-0.07,0.19,0.28,28.24,14.51,14.7,98.04,23,32.04,26.03,1009.54,14.5,658.7,1,326.63,885.91,642.01,8999,0,85,1.42,55.69,50.59,2178,98.04,0.85,5.69,94.9,78.43,-4.69,2.34,3.12,-,0.63,8,38.32,13.19,-5.84,-35.2,27,0.99,1.9,34,2.99,12.59,7.94,15.58,8.43,35.57,0.31,0.14,76.03,0,23.97,1417.6,12.16,810,18.4,18,21.57,21.5,6.22,10.97,9.12,30.99,5.01,1238.52,695.2,565.28,129.97,-0.32,14.22,14.7,44
Mon Mar 13 08:23:18 GMT-03:00 2023,13-Mar-2023 08:23:18.396,-35.197630325609936,-5.843571215328354,6.23760986328125,6.0,38.247797749861036,7.641041278839111,-1.61,8.66,6.31,0.13,23.14,0,-0.23,0.15,-0.17,29.41,13.73,14.7,98.04,23,32.02,26.02,1009.55,14.5,657.9,1,328.17,830.78,642,8999,0,85,12.58,65.49,57.25,1887.5,98.04,0.85,5.65,94.23,78.43,-4.69,0,3.12,-,0.63,6,38.25,7.64,-5.84,-35.2,22,5.6,16.86,34,3.18,12.59,7.94,15.47,8.99,35.57,0.31,0.14,76.06,0,23.94,1420.8,12.94,811,22.46,24,21.18,20,63.62,10.95,9.13,30.94,5.02,1238.52,696.25,566.37,129.97,-7.67,14.16,14.7,45
Mon Mar 13 08:23:19 GMT-03:00 2023,13-Mar-2023 08:23:19.393,-35.19762291837925,-5.8435038423551315,7.424081802368164,6.0,38.35603015428439,8.1804780960083,1.2,7.36,11.31,0.4,20,0.03,0.28,0.07,-0.03,26.27,13.73,14.7,98.04,23,32.01,26.02,1009.58,14.5,657.9,1,328.64,480.91,642,8999,0,85,8.01,54.9,50.2,1776.5,98.04,0.85,4.36,72.73,78.43,-4.69,-8.59,-1.56,-,0.63,6,38.36,8.18,-5.84,-35.2,23,0.27,10.75,34,5.5,12.59,7.94,11.94,15.54,35.57,0.76,0.17,76.1,0,23.9,1424,10.2,812,26.73,27,21.18,20,43.07,10.94,9.14,30.91,5.02,1238.53,697.28,567.36,129.97,-8.42,14.16,14.7,44
Mon Mar 13 08:23:20 GMT-03:00 2023,13-Mar-2023 08:23:20.394,-35.197612016245266,-5.843430173378073,7.79718542098999,6.0,38.73120099106033,12.65817928314209,1.63,6.4,11.02,0.33,15.69,-0.02,0.34,-0.06,-0.02,16.08,8.24,14.7,98.04,23,32.01,26.02,1009.6,14.5,658,1,328.23,195.84,638.79,8999,0,85,8.01,54.9,30.98,1776.5,98.04,0.86,2,33.32,78.04,-4.69,-8.59,-10.94,-,0.63,6,38.73,12.66,-5.84,-35.2,26,0.27,10.75,34,13.51,12.59,7.94,5.47,38.15,35.57,0.74,0.18,76.13,0,23.87,1424,7.06,813,28.07,27,17.65,21.5,43.07,10.95,9.13,30.93,5.02,1238.53,698.28,568.36,129.97,-11.54,14.08,14.6,38
Mon Mar 13 08:23:21 GMT-03:00 2023,13-Mar-2023 08:23:21.395,-35.19758891747809,-5.843370549108839,7.0387396812438965,6.0,39.098030198084395,25.743654251098633,1.6,5.96,7.71,0.03,18.43,-0.06,0.2,0.05,-0.11,25.1,12.94,14.7,98.04,23,31.99,26.02,1009.49,14.5,658,1,328.23,195.84,638.79,8999,0,85,8.01,31.76,49.02,1402.5,98.04,0.86,2,33.32,78.04,-5.47,-7.03,-5.47,-,0.63,6,39.1,25.74,-5.84,-35.2,22,2.07,10.75,34,13.51,12.59,7.94,5.47,38.15,35.57,0.05,0.19,76.16,0,23.84,1421.45,8.63,813,25.34,26,18.43,18.5,43.07,10.95,9.13,30.93,5.03,1238.54,699.25,569.33,129.97,-11.54,14.2,14.7,38
Mon Mar 13 08:23:22 GMT-03:00 2023,13-Mar-2023 08:23:22.394,-35.19757240470051,-5.843312849984779,6.086631774902344,6.0,39.09122742016988,37.414546966552734,-0.72,6.36,9.74,0.21,18.43,0.03,-0.08,0.18,-0.08,25.1,12.94,14.7,96.86,23,31.97,26.02,1009.38,14.5,657.6,1,328.52,422.35,638.79,8999,0,84,8.01,60.39,49.02,1438.5,96.86,0.86,4.15,69.19,78.04,-5.47,1.56,3.12,-,0.63,6,39.09,37.41,-5.84,-35.2,24,1.34,10.75,34,6.26,12.59,7.94,11.36,17.69,35.57,0.13,0.1,76.2,0,23.8,1420.32,8.63,815,21.91,24,18.43,19.5,43.07,10.94,9.14,30.9,5.04,1238.54,700.28,570.36,129.97,-6.71,14.22,14.7,41
Mon Mar 13 08:23:23 GMT-03:00 2023,13-Mar-2023 08:23:23.394,-35.19753763706338,-5.843263969881801,5.975477695465088,6.0,39.627673851157084,34.872798919677734,-2.47,4.68,9.14,0.1,16.08,0.15,-0.2,0.11,0.09,14.9,7.45,14.7,96.86,23,31.94,26.01,1009.33,14.5,657.6,1,328.21,224.75,635.57,8999,0,84,-,32.16,32.55,1340,96.86,0.86,2.04,33.99,77.65,-5.47,-1.56,3.12,-,0.64,6,39.63,34.87,-5.84,-35.2,23,1.91,-,34,11.77,12.59,7.94,5.58,33.24,35.57,0.13,0.1,76.23,0,23.77,1418.07,6.27,816,21.51,20,14.51,-2.5,-,10.94,9.14,30.9,5.04,1238.55,701.26,571.34,129.97,-10.77,14.22,14.7,37
Mon Mar 13 08:23:24 GMT-03:00 2023,13-Mar-2023 08:23:24.394,-35.197510898345726,-5.843223165762008,4.837960720062256,6.0,39.68471422300793,17.775253295898438,-2.21,5.7,8.51,0.09,13.33,0.06,-0.06,-0.09,0.15,14.9,7.45,14.7,96.86,23,31.94,26.01,1009.32,14.5,657.5,1,327.64,139.2,635.57,8999,0,84,-,32.16,22.75,1340,96.86,0.86,1.05,17.54,77.65,-5.47,-1.56,-3.12,-,0.64,6,39.68,17.78,-5.84,-35.2,23,1.91,-,34,19,12.59,7.94,2.88,53.68,35.57,0.69,0.14,76.27,0,23.73,1418.07,3.14,817,17.42,20,14.51,-2.5,-,10.96,9.13,30.95,5.04,1238.55,702.27,572.35,129.97,-12.44,14.16,14.7,32
Mon Mar 13 08:23:25 GMT-03:00 2023,13-Mar-2023 08:23:25.391,-35.1975004330085,-5.843185840790203,3.3164193630218506,8.0,39.71036928465371,355.3363952636719,-0.99,4.57,8.91,0.05,12.55,0.02,-0.06,-0.1,0.11,14.9,7.45,14.7,96.86,23,31.9,25.98,1009.27,14.5,657.5,1,327.64,139.2,635.57,8999,0,84,-,21.96,22.75,1091,96.86,0.86,1.05,17.54,77.65,-5.47,0,0,-,0.64,8,39.71,355.34,-5.84,-35.2,25,3.42,-,34,19,12.59,7.94,2.88,53.68,35.57,0.77,0.14,76.3,0,23.7,1416.24,2.35,817,11.94,14,12.94,1.5,-,10.96,9.13,30.95,5.05,1238.56,703.25,573.33,129.97,-12.44,14.2,14.6,32
Mon Mar 13 08:23:26 GMT-03:00 2023,13-Mar-2023 08:23:26.391,-35.19750982701087,-5.843166566777427,2.1542956829071045,8.0,38.877222794363874,325.92913818359375,-0.24,4.85,8.92,0.06,12.55,0.05,0,-0.02,0.1,14.9,7.45,14.7,96.86,23,31.84,25.95,1009.29,14.5,657.5,1,327.15,166.4,642,8999,0,85,-,21.18,16.47,894.5,96.86,0.86,0.88,14.68,78.43,-5.47,1.56,1.56,-,0.64,8,38.88,325.93,-5.84,-35.2,27,3.94,-,34,15.89,12.59,7.94,2.41,44.9,35.57,0.73,0.15,76.33,0,23.67,1415.05,2.35,819,7.76,8,12.55,6.5,-,10.97,9.12,30.98,5.06,1238.56,704.17,574.25,129.97,-12.38,14.22,14.7,27
Mon Mar 13 08:23:27 GMT-03:00 2023,13-Mar-2023 08:23:27.391,-35.19752301403473,-5.843160322741388,1.443954348564148,8.0,39.07432372232316,301.6812438964844,0.58,4.43,8.74,0.02,12.16,0,0.09,-0.11,0.09,14.9,7.45,14.7,96.86,23,31.77,25.9,1009.29,14.5,657.5,1,327.15,-,648.42,8999,0,84,-,25.1,16.86,889.5,96.86,0.86,1.05,17.54,79.22,-5.47,-0.78,1.56,-,0.64,8,39.07,301.68,-5.84,-35.2,23,3.76,-,34,7.6,12.59,7.94,2.88,21.47,35.57,0.73,0.15,76.32,0,23.68,1414.47,2.35,820,5.2,4,13.73,21,-,10.96,9.12,30.96,5.06,1238.57,705.27,575.35,129.97,-11.41,14.22,14.7,26
Mon Mar 13 08:23:28 GMT-03:00 2023,13-Mar-2023 08:23:28.390,-35.197538403042614,-5.843160820237315,0.5583251118659973,8.0,39.221440272242745,292.88427734375,0.23,5.49,8.01,0.01,12.55,0,0.06,0,0.02,14.9,7.45,14.7,96.86,23,31.77,25.85,1009.29,14.5,657.5,1,327.15,-,648.42,8999,0,84,-,30.59,26.67,894,96.86,0.86,1.27,21.14,79.22,-5.47,0.78,-1.56,-,0.64,8,39.22,292.88,-5.84,-35.2,21,2.01,-,34,3.15,12.59,7.94,3.47,8.91,35.57,0.81,0.16,76.22,0,23.78,1414.47,4.31,821,2.01,0,13.73,21,-,10.94,9.14,30.91,5.06,1238.57,706.27,576.17,130.14,-10.75,14.22,14.7,26
Mon Mar 13 08:23:29 GMT-03:00 2023,13-Mar-2023 08:23:29.390,-35.19754826972967,-5.843157840208442,0.28954771161079407,8.0,39.35127647854004,292.09771728515625,0.21,5.1,8.4,0.02,12.94,0,0.06,-0.05,0.06,37.65,19.22,14.7,96.86,23,31.77,25.85,1009.27,14.5,657.6,1,327.15,-,648.42,8999,0,84,-,30.59,30.98,894,96.86,0.86,1.27,21.14,79.22,-5.47,0.78,1.56,-,0.64,8,39.35,292.1,-5.84,-35.2,22,2.01,-,34,3.15,12.59,7.94,3.47,8.91,35.57,0.09,0.16,76.12,0,23.88,1414.47,3.14,822,1.04,0,12.55,-4,-,10.94,9.14,30.91,5.06,1238.57,707.16,576.17,131.03,-10.75,13.06,13.4,26
Mon Mar 13 08:23:30 GMT-03:00 2023,13-Mar-2023 08:23:30.394,-35.19754864458597,-5.843154935809992,0.4357593357563019,8.0,39.47224290422892,292.14813232421875,0.16,4.93,9,0.07,16.47,0,0,-0.09,0.08,37.65,19.22,14.7,96.86,23,31.77,25.8,1009.27,14.5,658.3,1,327.15,-,648.41,8999,0,85,-,47.84,30.98,1108,96.86,0.86,2.46,41.05,79.22,-5.47,0.78,2.34,-,0.64,8,39.47,292.15,-5.84,-35.2,22,1.04,-,34,0,12.59,7.94,6.74,0,35.57,0.07,0.17,76,0,24,1414.47,6.67,822,1.57,0,17.65,18.5,-,10.94,9.14,30.91,5.06,1238.57,708.23,576.17,132.1,-7.25,14.2,14.7,32
