GPS Time, Device Time, Longitude, Latitude,GPS Speed (Meters/second), Horizontal Dilution of Precision, Altitude, Bearing, G(x), G(y), G(z), G(calibrated), Absolute Throttle Position B(%),Acceleration Sensor(Total)(g),Acceleration Sensor(X axis)(g),Acceleration Sensor(Y axis)(g),Acceleration Sensor(Z axis)(g),Accelerator PedalPosition D(%),Accelerator PedalPosition E(%),Air Fuel Ratio(Commanded)(:1),Alcohol Fuel Percentage(%),Android device Battery Level(%),Average trip speed(whilst moving only)(km/h),Average trip speed(whilst stopped or moving)(km/h),Barometer (on Android device)(mb),Barometric pressure (from vehicle)(psi),Catalyst Temperature (Bank 1 Sensor 1)(°C),Commanded Equivalence Ratio(lambda),CO₂ in g/km (Average)(g/km),CO₂ in g/km (Instantaneous)(g/km),Distance to empty (Estimated)(km),Distance travelled since codes cleared(km),Distance travelled with MIL/CEL lit(km),Engine Coolant Temperature(°C),Engine kW (At the wheels)(kW),Engine Load(%),Engine Load(Absolute)(%),Engine RPM(rpm),Ethanol Fuel %(%),Fuel cost (trip)(cost),Fuel flow rate/hour(l/hr),Fuel flow rate/minute(cc/min),Fuel Level (From Engine ECU)(%),Fuel Trim Bank 1 Long Term(%),Fuel Trim Bank 1 Short Term(%),Fuel trim Bank 1 Sensor 1(%),Fuel trim Bank 1 Sensor 2(%),Fuel used (trip)(l),GPS Accuracy(m),GPS Altitude(m),GPS Bearing(°),GPS Latitude(°),GPS Longitude(°),GPS Satellites,GPS vs OBD Speed difference(km/h),Horsepower (At the wheels)(hp),Intake Air Temperature(°C),Kilometers Per Litre(Instant)(kpl),Kilometers Per Litre(Long Term Average)(kpl),Litres Per 100 Kilometer(Long Term Average)(l/100km),Mass Air Flow Rate(g/s),Miles Per Gallon(Instant)(mpg),Miles Per Gallon(Long Term Average)(mpg),O2 Bank 1 Sensor 1 Voltage(V),O2 Bank 1 Sensor 2 Voltage(V),Percentage of City driving(%),Percentage of Highway driving(%),Percentage of Idle driving(%),Positive Kinetic Energy (PKE)(km/hr²),Relative Throttle Position(%),Run time since engine start(s),Speed (GPS)(km/h),Speed (OBD)(km/h),Throttle Position(Manifold)(%),Timing Advance(°),Torque(Nm),Trip average KPL(kpl),Trip average Litres/100 KM(l/100km),Trip average MPG(mpg),Trip Distance(km),Trip distance (stored in vehicle profile)(km),Trip Time(Since journey start)(s),Trip time(whilst moving)(s),Trip time(whilst stationary)(s),Turbo Boost & Vacuum Gauge(psi),Voltage (Control Module)(V),Voltage (OBD Adapter)(V),Volumetric Efficiency (Calculated)(%)
Fri Nov 04 06:36:12 GMT-03:00 2022,04-Nov-2022 06:36:13.080,-35.220757601984886,-5.820146671884794,0.0,32.0,54.6316302985424,0.0,-0.12,5.55,8.26,0.03,13.33,0.01,0,0,0.02,18.04,9.41,14.7,27.84,99,3.29,1.92,1009.51,14.5,398.1,1,-,-,238.25,1913,0,44,0.58,28.63,27.06,975,27.84,0.01,1.32,21.99,29.41,-14.84,-2.34,-0.78,-,0.01,32,54.63,0,-5.82,-35.22,7,5,0.78,30,3.79,12.46,8.02,3.61,10.71,35.2,0.1,0.46,0,0,100,1773.02,3.53,116,0,5,14.12,2,5.71,1.84,54.4,5.19,0.01,320.09,6.07,6.07,0,-11.24,14.3,14.6,32
Fri Nov 04 06:36:13 GMT-03:00 2022,04-Nov-2022 06:36:14.080,-35.22073845329367,-5.820129377574831,0.0,32.0,47.899267121368624,0.0,-0.4,5.35,8.76,0.06,13.33,0.01,-0.03,0,0.02,14.9,7.45,14.7,27.84,99,3.62,2.23,1009.53,14.5,404.9,1,-,-,238.24,1913,0,44,0.58,27.06,24.31,942,27.84,0.01,1.29,21.44,29.41,-14.84,-5.47,-6.25,-,0.01,32,47.9,0,-5.82,-35.22,8,6,0.78,30,3.89,12.46,8.02,3.52,10.98,35.2,0.79,0.46,4.09,0,95.91,2320.28,3.14,117,0,6,13.73,6,5.71,2.13,46.93,6.02,0.01,320.09,7.07,7.07,0,-11.08,14.22,14.6,30
Fri Nov 04 06:36:14 GMT-03:00 2022,04-Nov-2022 06:36:15.082,-35.22073186734259,-5.820109595678806,1.6311966180801392,24.0,44.82659234901472,288.9266662597656,-0.56,5.05,8.35,0.01,13.33,0.01,-0.06,-0.03,0.05,14.9,7.45,14.7,27.84,99,3.89,2.5,1009.53,14.5,404.9,1,-,-,238.24,1913,0,44,0.34,27.06,23.92,916,27.84,0.01,1.28,21.26,29.41,-14.84,-7.81,-8.59,-,0.01,24,44.83,288.93,-5.82,-35.22,8,6,0.46,30,4.7,12.46,8.02,3.49,13.29,35.2,0.75,0.46,16.2,0,83.8,1861.6,3.53,118,5.87,6,13.73,6,3.58,2.45,40.77,6.93,0.01,320.09,8.09,8.09,0,-10.99,14.28,14.5,28
Fri Nov 04 06:36:15 GMT-03:00 2022,04-Nov-2022 06:36:16.079,-35.220737402769274,-5.820109641690632,1.184756875038147,24.0,41.52867767904004,281.2362365722656,-0.55,4.82,8.48,0.01,13.33,-0.01,-0.04,-0.1,0.05,14.9,7.45,14.7,27.84,99,4,2.67,1009.5,14.5,404.9,1,-,-,241.41,1913,0,44,0.34,28.24,24.71,885,27.84,0.01,1.3,21.62,29.8,-15.62,-6.25,-5.47,-,0.01,24,41.53,281.24,-5.82,-35.22,8,0.87,0.46,30,4.62,12.46,8.02,3.55,13.06,35.2,0.07,0.45,20.49,0,79.51,1556.73,3.53,119,4.27,5,13.73,8,3.58,2.69,37.12,7.61,0.01,320.09,9.05,9.05,0,-10.82,14.3,14.5,27
Fri Nov 04 06:36:16 GMT-03:00 2022,04-Nov-2022 06:36:17.080,-35.22074756053416,-5.820112996890672,0.5792825818061829,16.0,41.21142093368669,279.49560546875,-0.41,4.7,8.47,0,13.73,0,-0.03,-0.06,0.05,14.9,7.45,14.7,27.84,99,3.91,2.69,1009.5,14.5,409.4,1,-,-,241.41,1913,0,44,0.34,36.47,31.37,871.5,27.84,0.01,1.67,27.9,29.8,-14.84,-3.12,-3.12,-,0.01,16,41.21,279.5,-5.82,-35.22,9,1.27,0.46,30,2.99,12.46,8.02,4.58,8.44,35.2,0.09,0.46,18.36,0,81.64,1383.57,3.92,120,2.09,3,14.12,-2.5,3.58,2.72,36.72,7.69,0.01,320.09,10.1,10.1,0,-9.59,14.28,14.5,29
Fri Nov 04 06:36:17 GMT-03:00 2022,04-Nov-2022 06:36:18.081,-35.220752587558856,-5.820111996125686,0.0,16.0,41.075508072586494,279.49560546875,-0.53,4.3,8.78,0.03,13.73,0,-0.03,-0.12,0.08,14.9,7.45,14.7,27.84,99,3.91,2.53,1009.5,14.5,409.4,1,-,-,241.4,1913,0,44,0.34,41.96,32.94,810.5,27.84,0.01,1.95,32.47,29.8,-14.06,-1.56,-1.56,-,0.01,16,41.08,279.5,-5.82,-35.22,9,2.09,0.46,30,1.54,12.46,8.03,5.33,4.35,35.2,0.81,0.46,16.79,0,83.21,1383.57,4.31,121,0,0,14.51,-1.5,3.58,2.62,38.23,7.39,0.01,320.09,11.05,10.57,0.48,-8.7,13.8,14.2,31
Fri Nov 04 06:36:18 GMT-03:00 2022,04-Nov-2022 06:36:19.080,-35.22075357695792,-5.820114168950944,0.30696919560432434,16.0,41.01257534676358,280.671875,-0.45,5.25,8.22,0.01,14.12,0,-0.04,-0.03,0.03,14.9,7.45,14.7,27.84,99,3.91,2.39,1009.49,14.5,414.6,1,-,-,254.1,1913,0,44,-,39.61,34.9,837,27.84,0.01,1.67,27.9,31.37,-14.06,-3.91,-4.69,-,0.01,16,41.01,280.67,-5.82,-35.22,9,0,-,30,0,12.46,8.03,4.58,0,35.2,0.81,0.46,15.36,0,84.64,1383.57,4.31,122,1.11,0,14.51,3,-,2.61,38.38,7.36,0.01,320.09,12.08,10.57,1.51,-9.14,14.3,14.5,33
Fri Nov 04 06:36:19 GMT-03:00 2022,04-Nov-2022 06:36:20.080,-35.22076597957857,-5.820116307310291,0.3803715705871582,16.0,41.86703936095991,281.74169921875,-0.48,5.15,8.19,-0,14.12,0,-0.03,-0.02,0.03,14.9,7.45,14.7,27.84,99,3.91,2.26,1009.5,14.5,414.6,1,-,-,254.1,1913,0,44,-,40,34.51,813,27.84,0.01,1.64,27.35,31.37,-14.06,-4.69,-4.69,-,0.01,16,41.87,281.74,-5.82,-35.22,9,1.11,-,30,0,12.46,8.03,4.49,0,35.2,0.09,0.46,14.17,0,85.83,1383.57,4.31,123,1.37,0,14.51,4.5,-,2.6,38.52,7.33,0.01,320.09,13.09,10.57,2.52,-9.41,14.28,14.5,33
Fri Nov 04 06:36:20 GMT-03:00 2022,04-Nov-2022 06:36:21.080,-35.22076919260881,-5.820118073556208,0.34515196084976196,12.0,41.75451543353177,281.9112548828125,-0.45,5.21,8.3,0.01,14.12,-0.01,-0.03,-0.02,0.01,14.9,7.45,14.7,27.84,99,3.91,2.15,1009.52,14.5,414.6,1,-,-,254.1,1913,0,44,-,39.61,34.51,826.5,27.84,0.01,1.66,27.71,31.37,-14.06,-2.34,-1.56,-,0.01,12,41.75,281.91,-5.82,-35.22,10,1.37,-,30,0,12.46,8.03,4.55,0,35.2,0.18,0.46,13.16,0,86.84,1383.57,3.92,124,1.24,0,14.51,3.5,-,2.59,38.66,7.31,0.01,320.09,14.1,10.57,3.53,-9.19,14.28,14.5,34
Fri Nov 04 06:36:21 GMT-03:00 2022,04-Nov-2022 06:36:22.082,-35.22076919260881,-5.820118073556208,0.0,12.0,42.39875151879821,281.9112548828125,-0.37,5.64,8.02,0.01,14.12,0,-0.03,0,0,14.9,7.45,14.7,27.84,99,3.91,2.05,1009.52,14.5,420.2,1,-,-,263.63,1913,0,45,-,39.22,34.51,822,27.84,0.01,1.64,27.35,32.55,-14.06,-1.56,-1.56,-,0.01,12,42.4,281.91,-5.82,-35.22,9,1.24,-,30,0,12.46,8.03,4.49,0,35.2,0.82,0.46,12.29,0,87.71,1383.57,3.92,125,0,0,14.51,3.5,-,2.58,38.78,7.28,0.01,320.09,15.1,10.57,4.53,-9.35,14.22,14.5,34
Fri Nov 04 06:36:22 GMT-03:00 2022,04-Nov-2022 06:36:23.081,-35.22076919260881,-5.820118073556208,0.0,12.0,43.484643820188296,281.9112548828125,-0.45,5.06,8.35,0.01,13.73,0,-0.02,-0.03,0.04,14.9,7.45,14.7,27.84,99,3.91,1.95,1009.53,14.5,420.2,1,-,-,263.63,1913,0,45,-,39.22,34.12,813,27.84,0.01,1.63,27.23,32.55,-14.84,-5.47,-5.47,-,0.01,12,43.48,281.91,-5.82,-35.22,10,0,-,30,0,12.46,8.03,4.47,0,35.2,0.78,0.46,11.54,0,88.46,1383.57,3.92,126,0,0,14.12,3.5,-,2.57,38.89,7.26,0.01,320.09,16.07,10.57,5.5,-9.34,14.3,14.5,34
Fri Nov 04 06:36:23 GMT-03:00 2022,04-Nov-2022 06:36:24.082,-35.22077802780644,-5.820130959649639,0.5335114598274231,12.0,42.98124211785899,278.34210205078125,-0.54,5.58,7.9,-0,13.73,-0.02,-0.03,0,-0.02,14.9,7.45,14.7,27.84,99,3.91,1.87,1009.48,14.5,420.2,1,-,-,263.63,1913,0,45,-,39.61,33.73,797,27.84,0.01,1.62,27.04,32.55,-14.84,-3.91,-3.91,-,0.01,12,42.98,278.34,-5.82,-35.22,12,0,-,30,0,12.46,8.03,4.44,0,35.2,0.08,0.46,10.85,0,89.15,1383.57,3.92,127,1.92,0,14.12,3.5,-,2.56,39,7.24,0.01,320.09,17.09,10.57,6.52,-9.32,14.26,14.5,34
Fri Nov 04 06:36:24 GMT-03:00 2022,04-Nov-2022 06:36:25.080,-35.22077994427004,-5.820133689001008,0.36760467290878296,12.0,42.955950114523766,280.1283264160156,-0.84,5.24,7.82,-0.03,12.94,0.01,-0.08,-0.05,0.06,14.9,7.45,14.7,27.84,99,3.83,1.92,1009.49,14.5,425.1,1,-,-,263.63,1913,0,45,0.52,33.73,33.73,774,27.84,0.02,1.18,19.61,32.55,-15.62,-0.78,-0.78,-,0.01,12,42.96,280.13,-5.82,-35.22,14,1.08,0.7,30,0,12.46,8.03,3.22,0,35.2,0.11,0.45,10.26,0,89.74,1383.57,3.14,127,1.32,3,13.33,-1,6.4,2.56,39.11,7.22,0.01,320.09,18.08,11.23,6.86,-10.67,14.18,14.4,32
Fri Nov 04 06:36:25 GMT-03:00 2022,04-Nov-2022 06:36:26.080,-35.2207916516681,-5.820133274721927,1.1441171169281006,12.0,43.021265092728314,283.8522033691406,0.17,5,8.69,0.02,13.33,0.01,0,-0.04,0.06,14.9,7.45,14.7,27.84,99,3.85,2,1009.51,14.5,425.1,1,-,-,263.63,1913,0,45,0.42,30.59,27.06,816,27.84,0.02,1.27,21.14,32.55,-14.84,1.56,1.56,-,0.01,12,43.02,283.85,-5.82,-35.22,14,2.68,0.56,30,2.37,12.46,8.03,3.47,6.68,35.2,0.09,0.46,9.72,0,90.28,1618.97,3.53,129,4.12,4,13.73,5,4.92,2.55,39.26,7.19,0.01,320.09,19.09,12.23,6.86,-10.25,14.26,14.5,31
Fri Nov 04 06:36:26 GMT-03:00 2022,04-Nov-2022 06:36:27.081,-35.22080021249809,-5.820130200899155,0.6214739084243774,12.0,42.607819747697036,285.7530212402344,-0.03,5.1,8.74,0.04,13.33,0.04,0.01,-0.09,0.12,14.9,7.45,14.7,27.84,99,3.86,2.08,1009.55,14.5,425.1,1,-,-,263.62,1913,0,45,0.42,30.98,27.06,867,27.84,0.02,1.37,22.78,32.55,-14.84,3.12,3.12,-,0.01,12,42.61,285.75,-5.82,-35.22,14,0.12,0.56,30,2.93,12.46,8.03,3.74,8.27,35.2,0.79,0.46,9.23,0,90.77,1491.11,3.53,129,2.24,4,13.73,9.5,4.92,2.57,38.97,7.25,0.01,320.09,20.1,13.24,6.86,-10.15,14.26,14.5,31
Fri Nov 04 06:36:27 GMT-03:00 2022,04-Nov-2022 06:36:28.081,-35.22080521637863,-5.820124166429366,0.7627957463264465,12.0,42.32968838256469,289.0512390136719,-0.44,5.24,8.29,-0,13.33,0,-0.03,-0.03,0.03,14.9,7.45,14.7,27.84,99,3.8,2.11,1009.53,14.5,428.9,1,-,-,260.44,1913,0,45,0.42,31.76,28.63,846,27.84,0.02,1.4,23.33,32.16,-15.62,3.12,1.56,-,0.01,12,42.33,289.05,-5.82,-35.22,16,0.76,0.56,30,2.86,12.46,8.03,3.83,8.07,35.2,0.83,0.46,8.79,0,91.21,1380.69,3.53,130,2.75,3,13.73,2,4.92,2.58,38.76,7.29,0.01,320.1,21.1,14.24,6.86,-10.31,14.14,14.4,30
Fri Nov 04 06:36:28 GMT-03:00 2022,04-Nov-2022 06:36:29.082,-35.220807228380544,-5.820118493385776,0.5612041354179382,8.0,41.50545376165251,290.9522399902344,-0.19,5.68,7.99,0.01,13.33,-0.01,0,0,0,14.9,7.45,14.7,27.84,99,3.8,2.04,1009.48,14.5,428.9,1,-,-,260.44,1913,0,45,0.42,32.16,27.45,791,27.84,0.02,1.27,21.14,32.16,-15.62,-0.78,-0.78,-,0.01,8,41.51,290.95,-5.82,-35.22,17,2.75,0.56,30,2.37,12.46,8.03,3.47,6.68,35.2,0.85,0.46,8.4,0,91.6,1380.69,3.14,131,2.02,0,13.73,3.5,4.92,2.57,38.91,7.26,0.01,320.1,22.09,14.45,7.64,-10.61,14.3,14.5,29
Fri Nov 04 06:36:29 GMT-03:00 2022,04-Nov-2022 06:36:30.082,-35.220807228380544,-5.820118493385776,0.0,8.0,40.309579906249276,290.9522399902344,-0.11,5.56,8.03,0.01,13.73,0,0,0,0.01,14.9,7.45,14.7,27.84,99,3.8,1.97,1009.5,14.5,428.9,1,-,-,260.43,1913,0,45,-,33.33,30.2,826,27.84,0.02,1.5,25.03,32.16,-14.84,-3.12,-3.12,-,0.01,8,40.31,290.95,-5.82,-35.22,19,2.02,-,30,0,12.46,8.03,4.11,0,35.2,0.6,0.46,8.03,0,91.97,1380.69,3.53,133,0,0,14.12,0.5,-,2.56,38.99,7.25,0.01,320.1,23.09,14.45,8.64,-9.57,14.26,14.5,30
Fri Nov 04 06:36:30 GMT-03:00 2022,04-Nov-2022 06:36:31.082,-35.220807228380544,-5.820118493385776,0.0,8.0,39.436681085076806,290.9522399902344,-0.21,5.75,7.78,-0,13.73,0,0,0.02,0,14.9,7.45,14.7,27.84,99,3.8,1.9,1009.52,14.5,428.9,1,-,-,247.73,1913,0,45,-,40,30.2,797,27.84,0.02,1.67,27.9,30.59,-14.84,0.78,0.78,-,0.01,8,39.44,290.95,-5.82,-35.22,18,0,-,30,0,12.46,8.03,4.58,0,35.2,0.83,0.46,7.7,0,92.3,1380.69,3.53,133,0,0,14.51,0.5,-,2.56,39.07,7.23,0.01,320.1,24.1,14.45,9.64,-9.24,13.98,14.5,31
Fri Nov 04 06:36:31 GMT-03:00 2022,04-Nov-2022 06:36:32.082,-35.220807228380544,-5.820118493385776,0.0,8.0,39.55242245015343,290.9522399902344,-0.18,5.8,7.98,0.02,14.12,0,0,0.03,0,14.9,7.45,14.7,27.84,99,3.8,1.84,1009.51,14.5,433.5,1,-,-,238.2,1913,0,45,-,42.35,37.65,806.5,27.84,0.02,1.63,27.23,29.41,-14.06,-2.34,0.78,-,0.01,8,39.55,290.95,-5.82,-35.22,19,0,-,30,0,12.46,8.03,4.47,0,35.2,0.83,0.46,7.39,0,92.61,1380.69,4.31,135,0,0,14.51,0.5,-,2.55,39.14,7.22,0.01,320.1,25.09,14.45,10.64,-9.18,13.98,14.6,33
Fri Nov 04 06:36:32 GMT-03:00 2022,04-Nov-2022 06:36:33.082,-35.220807228380544,-5.820118493385776,0.0,8.0,38.981850173639764,290.9522399902344,-0.14,6.05,7.44,-0.01,14.12,0,0.01,0.03,-0.02,14.9,7.45,14.7,27.84,99,3.8,1.78,1009.52,14.5,433.5,1,-,-,238.2,1913,0,45,-,40,34.9,821.5,27.84,0.02,1.65,27.53,29.41,-14.06,-5.47,-3.12,-,0.01,8,38.98,290.95,-5.82,-35.22,19,0,-,30,0,12.46,8.03,4.52,0,35.2,0.09,0.46,7.11,0,92.89,1380.69,4.31,136,0,0,14.51,3,-,2.55,39.21,7.2,0.01,320.1,26.1,14.45,11.65,-9.18,14.26,14.4,34
Fri Nov 04 06:36:33 GMT-03:00 2022,04-Nov-2022 06:36:34.082,-35.220807228380544,-5.820118493385776,0.0,8.0,38.82948036450204,290.9522399902344,-0.12,5.68,7.95,0.01,14.12,0,0,0.02,0,14.9,7.45,14.7,27.84,99,3.8,1.73,1009.52,14.5,436.8,1,-,-,235.02,1913,0,45,-,38.82,34.51,836.5,27.84,0.02,1.6,26.68,29.02,-14.84,-0.78,-3.12,-,0.02,8,38.83,290.95,-5.82,-35.22,19,0,-,30,0,12.46,8.03,4.38,0,35.2,0.09,0.46,6.85,0,93.15,1380.69,4.31,137,0,0,14.51,3,-,2.55,39.28,7.19,0.01,320.1,27.09,14.45,12.64,-9.44,14.26,14.5,34
Fri Nov 04 06:36:34 GMT-03:00 2022,04-Nov-2022 06:36:35.082,-35.220807228380544,-5.820118493385776,0.0,8.0,38.788141079871274,290.9522399902344,-0.14,5.83,7.88,0.01,14.12,-0.01,0,0.02,-0.02,14.9,7.45,14.7,27.84,99,3.8,1.68,1009.52,14.5,436.8,1,-,-,235.02,1913,0,45,-,40,33.73,834.5,27.84,0.02,1.61,26.86,29.02,-14.84,1.56,0,-,0.02,8,38.79,290.95,-5.82,-35.22,20,0,-,30,0,12.46,8.03,4.41,0,35.2,0.16,0.46,6.6,0,93.4,1380.69,3.92,138,0,0,14.51,1.5,-,2.54,39.35,7.18,0.01,320.1,28.09,14.45,13.63,-9.5,14.34,14.6,34
Fri Nov 04 06:36:35 GMT-03:00 2022,04-Nov-2022 06:36:36.081,-35.220807228380544,-5.820118493385776,0.0,8.0,38.90277511898039,290.9522399902344,0.04,6.01,7.67,0,13.73,0,0.01,0.05,-0.01,14.9,7.45,14.7,27.84,99,3.8,1.63,1009.51,14.5,440.2,1,-,-,225.49,1913,0,46,-,41.96,36.47,794.5,27.84,0.02,1.57,26.19,27.84,-14.84,1.56,1.56,-,0.02,8,38.9,290.95,-5.82,-35.22,16,0,-,30,0,12.46,8.03,4.3,0,35.2,0.79,0.46,6.38,0,93.62,1380.69,3.92,139,0,0,14.12,1.5,-,2.54,39.41,7.17,0.01,320.1,29.09,14.45,14.64,-9.61,14.28,14.5,34
Fri Nov 04 06:36:36 GMT-03:00 2022,04-Nov-2022 06:36:37.081,-35.220807228380544,-5.820118493385776,0.0,8.0,38.932446994552116,290.9522399902344,0.03,5.72,7.73,-0.01,13.73,0,0.03,0.02,0,14.9,7.45,14.7,27.84,99,3.8,1.58,1009.53,14.5,440.2,1,-,-,225.49,1913,0,46,-,39.22,34.12,803,27.84,0.02,1.6,26.68,27.84,-14.06,-3.91,-1.56,-,0.02,8,38.93,290.95,-5.82,-35.22,19,0,-,30,0,12.46,8.03,4.38,0,35.2,0.87,0.46,6.17,0,93.83,1380.69,3.92,140,0,0,14.12,3.5,-,2.53,39.48,7.16,0.01,320.1,30.09,14.45,15.64,-9.27,14.22,14.5,34
Fri Nov 04 06:36:37 GMT-03:00 2022,04-Nov-2022 06:36:38.082,-35.22081382013108,-5.82009652062715,0.3094371259212494,8.0,38.75703714590958,296.1270446777344,1.12,6.51,7.65,0.04,17.65,0.02,0.11,0.13,-0.06,23.92,12.55,14.7,27.84,99,3.8,1.54,1009.5,14.5,443.5,1,-,-,219.14,1913,0,46,-,39.22,51.76,1334,27.84,0.02,3.7,61.7,27.06,-14.84,-3.91,-3.91,-,0.02,8,38.76,296.13,-5.82,-35.22,19,0,-,30,0,12.46,8.03,10.13,0,35.2,0.75,0.46,5.97,0,94.03,1380.69,7.84,141,1.11,0,14.12,3.5,-,2.53,39.54,7.14,0.01,320.1,31.09,14.45,16.63,-2.53,13.5,13.4,46
Fri Nov 04 06:36:38 GMT-03:00 2022,04-Nov-2022 06:36:39.082,-35.22081457505118,-5.820094465230881,0.5829769968986511,8.0,38.69390877605303,309.5778503417969,0.17,6.12,7.33,-0.01,17.25,-0.04,0.03,0.03,-0.06,25.49,12.94,14.7,27.84,99,3.81,1.61,1009.51,14.5,443.5,1,-,-,219.14,1913,0,46,-,54.51,44.71,1335,27.84,0.03,3.62,60.36,27.06,-12.5,-0.78,-1.56,-,0.02,8,38.69,309.58,-5.82,-35.22,17,2.89,-,30,0,12.46,8.03,9.91,0,35.2,0.76,0.46,5.78,0,94.22,1687.51,7.45,142,2.1,4,18.43,18.5,-,2.53,39.6,7.13,0.01,320.1,32.1,14.54,17.56,-7.45,14.3,14.5,46
Fri Nov 04 06:36:39 GMT-03:00 2022,04-Nov-2022 06:36:40.083,-35.22081721948247,-5.820078519399363,1.4712246656417847,8.0,38.90969683421243,346.2648620605469,0.85,6.32,8.3,0.08,18.43,-0.11,0.11,0,-0.14,28.24,14.51,14.7,27.84,99,3.81,1.61,1009.5,14.5,451.3,1,-,-,209.61,1913,0,46,-,54.51,49.02,1335,27.84,0.03,4.3,71.69,25.88,-12.5,-5.47,-3.91,-,0.02,8,38.91,346.26,-5.82,-35.22,20,2.89,-,30,0.93,12.46,8.03,11.77,2.63,35.19,0.26,0.46,5.61,0,94.39,1687.51,8.63,143,5.3,4,18.43,18,-,2.48,40.37,7,0.01,320.1,33.08,15.52,17.56,-6.13,14.24,14.5,49
Fri Nov 04 06:36:40 GMT-03:00 2022,04-Nov-2022 06:36:41.082,-35.220821302590586,-5.820063250369995,2.277269124984741,6.0,39.017506577874,5.463326454162598,0.68,6.16,7.88,0.03,18.43,0.01,0.09,0.06,-0.02,28.24,14.51,14.7,27.84,99,4,1.74,1009.45,14.5,451.3,1,-,-,209.61,1913,0,46,2.55,56.08,49.8,1300.5,27.84,0.03,3.96,65.97,25.88,-12.5,0.78,-1.56,-,0.02,6,39.02,5.46,-5.82,-35.22,21,1.7,3.42,30,1.77,12.46,8.03,10.83,5,35.19,0.78,0.46,8.29,0,91.71,1970.03,8.63,144,8.2,7,18.82,18.5,16.21,2.46,40.71,6.94,0.02,320.1,34.09,16.52,17.56,-7.66,14.28,14.5,48
Fri Nov 04 06:36:41 GMT-03:00 2022,04-Nov-2022 06:36:42.081,-35.22081562033087,-5.820043048235304,2.5289719104766846,6.0,38.526384610996764,28.678556442260742,0.3,6.67,8.53,0.12,18.43,-0.03,0,0.17,-0.19,27.06,13.73,14.7,27.84,99,4.28,1.92,1009.44,14.5,460.7,1,-,-,209.61,1913,0,46,2.55,59.22,51.76,1300.5,27.84,0.03,3.96,65.97,25.49,-12.5,-5.47,-6.25,-,0.02,6,38.53,28.68,-5.82,-35.22,20,0.8,3.42,30,1.77,12.46,8.03,10.83,5,35.19,0.78,0.46,10.92,0,89.08,2254.08,8.63,145,9.1,9,18.43,16.5,16.21,2.46,40.71,6.94,0.02,320.1,35.09,17.53,17.56,-7.66,14.28,14.5,48
Fri Nov 04 06:36:42 GMT-03:00 2022,04-Nov-2022 06:36:43.082,-35.22080172848465,-5.820021040986837,3.1278486251831055,6.0,37.775056941216114,39.540992736816406,-0.64,7.3,7.23,0.06,17.25,0.1,-0.03,0.19,0,22.35,11.37,14.7,27.84,99,4.68,2.17,1009.35,14.5,460.7,1,-,-,206.42,1913,0,46,3.15,58.43,43.53,1434,27.84,0.03,3.06,51.04,25.49,-12.5,-2.34,-1.56,-,0.02,6,37.78,39.54,-5.82,-35.22,19,2.9,4.23,30,3.92,12.46,8.03,8.38,11.07,35.19,0.2,0.46,13.4,0,86.6,2494.59,8.24,146,11.26,12,18.82,18,21,2.49,40.19,7.03,0.02,320.1,36.1,18.54,17.56,-8.96,14.34,14.5,47
Fri Nov 04 06:36:43 GMT-03:00 2022,04-Nov-2022 06:36:44.083,-35.220782035441225,-5.81999259259453,4.053998947143555,6.0,38.41581264772305,22.567365646362305,-0.22,6.31,7.58,0.02,18.82,0.03,-0.18,0.13,-0.06,26.67,13.73,14.7,27.84,99,5.15,2.45,1009.42,14.5,469.5,1,-,-,206.42,1913,0,46,3.15,42.35,49.41,1440,27.84,0.03,3.06,51.04,25.1,-12.5,-3.12,-2.34,-,0.02,6,38.42,22.57,-5.82,-35.22,19,2.74,4.23,30,3.92,12.46,8.03,8.38,11.07,35.19,0.07,0.46,15.73,0,84.27,2718.49,8.24,147,14.59,14,17.25,21,21,2.49,40.19,7.03,0.02,320.11,37.1,19.53,17.56,-8.96,14.28,14.6,47
Fri Nov 04 06:36:44 GMT-03:00 2022,04-Nov-2022 06:36:45.082,-35.220763923411916,-5.81995230713331,4.454469680786133,8.0,39.00633118555755,21.316856384277344,-0.71,6.66,8.1,0.08,16.47,0,-0.12,0.11,-0.09,22.75,11.76,14.7,27.84,99,5.62,2.74,1009.36,14.5,469.5,1,733.96,733.96,203.24,1913,0,46,2.36,50.59,36.08,1576.5,27.84,0.03,3.88,64.75,25.1,-12.5,-4.69,-2.34,-,0.02,8,39.01,21.32,-5.82,-35.22,18,0.41,3.17,30,3.6,12.46,8.03,10.63,10.18,35.19,0.1,0.46,17.94,0,82.06,2829.03,6.67,147,16.04,15,17.65,20,14.31,2.52,39.71,7.11,0.03,320.11,38.09,20.53,17.56,-7.5,14.3,14.6,47
Fri Nov 04 06:36:45 GMT-03:00 2022,04-Nov-2022 06:36:46.082,-35.22074809332595,-5.819907317953484,4.661066055297852,8.0,39.282624451415394,16.925445556640625,0.78,6.43,8.56,0.11,16.08,0,0.13,0.03,-0.03,22.75,11.76,14.7,27.84,99,6.14,3.07,1009.34,14.5,477.2,1,620.24,506.52,203.24,1913,0,46,2.36,38.82,33.33,1478,27.84,0.03,2.87,47.88,25.1,-13.28,-1.56,-2.34,-,0.03,8,39.28,16.93,-5.82,-35.22,19,0.96,3.17,30,5.22,12.46,8.03,7.86,14.75,35.19,0.81,0.46,20.04,0,79.96,2974.36,5.88,148,16.78,17,16.47,21.5,14.31,2.59,38.62,7.31,0.03,320.11,39.09,21.53,17.56,-9.77,14.3,14.5,43
Fri Nov 04 06:36:46 GMT-03:00 2022,04-Nov-2022 06:36:47.081,-35.220734953285664,-5.819866162568641,4.601040840148926,8.0,39.459148557141475,16.664583206176758,-0.34,5.74,8.45,0.05,14.51,0.15,0,-0.04,0.21,17.65,9.41,14.7,27.84,99,6.57,3.36,1009.3,14.5,477.2,1,547.69,402.58,203.24,1913,0,46,0.88,37.65,29.02,1380,27.84,0.04,2.59,43.12,25.88,-13.28,-5.47,-6.25,-,0.03,8,39.46,16.66,-5.82,-35.22,16,0.78,1.18,30,6.57,12.46,8.03,7.08,18.56,35.19,0.79,0.46,22.04,0,77.96,2608.08,5.1,150,16.56,16,15.69,21,6.07,2.69,37.16,7.6,0.04,320.12,40.1,22.53,17.56,-9.96,14.22,14.5,40
Fri Nov 04 06:36:47 GMT-03:00 2022,04-Nov-2022 06:36:48.082,-35.22072259348326,-5.819823392121704,3.7894861698150635,8.0,39.360780220596524,17.27212142944336,0.31,5.9,7.16,-0.04,12.94,0.09,-0.01,0.08,0.06,14.9,7.45,14.7,27.84,99,6.92,3.61,1009.37,14.5,477.2,1,485.83,300.27,209.59,1913,0,47,0.88,29.8,20.39,1178.5,27.84,0.04,1.82,30.27,25.88,-14.84,-10.16,-7.03,-,0.03,8,39.36,17.27,-5.82,-35.22,18,1.56,1.18,30,8.81,12.46,8.03,4.97,24.88,35.19,0.1,0.47,23.93,0,76.07,2328.37,3.14,150,13.64,15,13.73,-1.5,6.07,2.84,35.16,8.03,0.04,320.12,41.09,23.53,17.56,-11.08,14.22,14.5,36
Fri Nov 04 06:36:48 GMT-03:00 2022,04-Nov-2022 06:36:49.084,-35.22070953027887,-5.819793356906913,3.2125964164733887,6.0,39.69736517681338,24.745906829833984,0.11,4.22,8.38,-0.03,12.55,-0.05,0.01,-0.1,0.01,14.9,9.02,14.7,27.84,99,7.16,3.81,1009.37,14.5,482.4,1,422.95,171.42,209.58,1913,0,47,0.88,21.57,18.82,987.5,27.84,0.04,0.97,16.2,25.88,-16.41,-8.59,-9.38,-,0.03,6,39.7,24.75,-5.82,-35.22,18,0.64,1.18,30,15.43,12.46,8.03,2.66,43.59,35.19,0.82,0.5,25.74,0,74.26,2295.67,2.75,151,11.57,13,12.94,6,6.07,3.15,31.73,8.9,0.04,320.12,42.1,24.53,17.56,-12.36,14.14,14.5,30
Fri Nov 04 06:36:50 GMT-03:00 2022,04-Nov-2022 06:36:50.081,-35.22069638918668,-5.819766325249436,2.365246057510376,6.0,39.86263768488221,48.021461486816406,0.21,6.05,8.52,0.08,12.55,0.06,0.07,0,0.09,14.9,9.02,14.7,27.84,99,7.23,3.92,1009.3,14.5,482.4,1,422.95,-,215.94,1913,0,47,-,43.14,18.82,1576.5,27.84,0.04,4.46,74.25,26.67,-16.41,-8.59,-9.38,-,0.03,6,39.86,48.02,-5.82,-35.22,18,2.57,-,30,2.92,12.46,8.03,12.19,8.24,35.19,0.82,0.5,27.47,0,72.53,2056.86,2.75,152,8.51,9,12.94,6,-,3.15,31.79,8.89,0.05,320.13,43.1,25.53,17.56,-2.78,14.14,14.5,43
Fri Nov 04 06:36:51 GMT-03:00 2022,04-Nov-2022 06:36:51.082,-35.22067798984378,-5.819752682861625,2.4002156257629395,6.0,39.82683650101429,66.04227447509766,0.8,6.72,7.95,0.08,12.55,0.06,0.05,0.01,0.07,14.9,9.02,14.7,27.84,99,7.23,3.92,1009.29,14.5,487.7,1,422.95,-,215.94,1913,0,47,-,43.14,18.82,1576.5,27.84,0.04,4.46,74.25,26.67,-12.5,-6.25,-3.12,-,0.03,6,39.83,66.04,-5.82,-35.22,21,2.57,-,30,2.92,12.46,8.03,12.19,8.24,35.19,0.09,0.62,29.1,0,70.9,2056.86,7.45,152,8.64,9,16.47,24.5,-,3.15,31.79,8.89,0.05,320.13,44.09,26.53,17.56,-2.78,14.16,14.4,43
Fri Nov 04 06:36:52 GMT-03:00 2022,04-Nov-2022 06:36:52.081,-35.22065297255217,-5.8197428110823815,2.592820405960083,6.0,39.827664518456274,88.11786651611328,1.24,5.07,6.33,-0.15,17.25,0.11,0.04,0.27,-0.08,25.88,13.33,14.7,27.84,99,7.37,4.06,1009.27,14.5,487.7,1,422.95,-,215.93,1913,0,48,1.31,54.9,45.88,1727.5,27.84,0.04,4.83,80.52,26.67,-12.5,-1.56,-2.34,-,0.03,6,39.83,88.12,-5.82,-35.22,21,2.36,1.75,30,1.86,12.46,8.03,13.22,5.26,35.19,0.75,0.68,30.68,0,69.32,2068.6,7.45,155,9.33,11,19.61,20,7.22,3.12,32.09,8.8,0.05,320.13,45.1,27.53,17.56,-6.54,14.22,14.4,45
Fri Nov 04 06:36:53 GMT-03:00 2022,04-Nov-2022 06:36:53.082,-35.22062264486514,-5.819744395202894,3.6644418239593506,6.0,39.621342074591816,108.57039642333984,0.28,7.4,6.08,-0.01,19.61,-0.04,-0.1,0.08,-0.11,26.67,13.73,14.7,27.84,99,7.61,4.26,1009.23,14.5,497,1,422.95,-,215.93,1913,0,48,1.31,63.92,54.12,1499,27.84,0.04,4.97,82.9,26.67,-12.5,-7.03,-7.81,-,0.03,6,39.62,108.57,-5.82,-35.22,22,4.67,1.75,30,2.21,12.46,8.03,13.61,6.25,35.19,0.41,0.72,32.18,0,67.82,2200.83,9.41,156,13.19,14,20.78,18,7.22,3.1,32.31,8.74,0.06,320.14,46.09,28.53,17.56,-7.02,14.2,14.5,47
Fri Nov 04 06:36:54 GMT-03:00 2022,04-Nov-2022 06:36:54.081,-35.22058586745355,-5.819756888619649,4.878139495849609,6.0,39.53116686831531,110.46554565429688,-3.02,5.52,6.4,-0.07,20.39,0.02,0.04,0.01,0.04,27.45,14.12,14.7,27.84,99,7.93,4.51,1009.23,14.5,497,1,515.75,979.77,209.57,1913,0,48,5.43,65.49,57.65,1574,27.84,0.05,5.19,86.43,25.88,-12.5,-0.78,-7.81,-,0.03,6,39.53,110.47,-5.82,-35.22,21,3.81,7.28,30,2.7,12.46,8.03,14.19,7.63,35.19,0.41,0.72,33.62,0,66.38,2312.13,10.59,157,17.56,17,20.78,18,32.93,3.09,32.4,8.72,0.06,320.14,47.09,29.53,17.56,-5.52,14.2,14.5,50
Fri Nov 04 06:36:55 GMT-03:00 2022,04-Nov-2022 06:36:55.082,-35.22054119079334,-5.8197741471913025,5.547545433044434,6.0,39.43410106248752,110.32061767578125,-1.28,3.24,7.38,-0.16,20.39,-0.17,-0.01,-0.14,-0.1,26.27,14.12,14.7,27.84,99,7.93,4.51,1009.24,14.5,507.3,1,515.75,979.77,209.57,1913,0,48,5.43,65.49,57.65,1574,27.84,0.05,5.19,86.43,25.88,-12.5,-0.78,-1.56,-,0.03,6,39.43,110.32,-5.82,-35.22,22,3.81,7.28,30,2.7,12.46,8.03,14.19,7.63,35.19,0.13,0.78,35,0,65,2312.13,10.2,157,19.97,17,21.18,17,32.93,3.09,32.4,8.72,0.06,320.14,48.09,30.53,17.56,-5.52,14.22,14.5,50
Fri Nov 04 06:36:56 GMT-03:00 2022,04-Nov-2022 06:36:56.081,-35.22048264968356,-5.8197971155655175,6.442750453948975,6.0,39.68491194367509,109.64924621582031,-1.14,5.95,9.35,0.15,19.22,-0.01,0.03,-0.11,0.06,23.14,13.73,14.7,27.84,99,8.43,4.87,1009.25,14.5,507.3,1,552.63,773.89,209.57,1913,0,48,8.07,63.92,57.65,1545,27.84,0.05,4.97,82.9,25.88,-12.5,-0.78,0,-,0.04,6,39.68,109.65,-5.82,-35.22,19,3.03,10.82,30,3.42,12.46,8.03,13.61,9.65,35.19,0.25,0.8,36.32,0,63.68,2301.58,9.41,159,23.19,23,20,18,49.86,3.09,32.32,8.74,0.1,320.15,49.09,31.53,17.56,-6.29,14.28,14.4,51
Fri Nov 04 06:36:57 GMT-03:00 2022,04-Nov-2022 06:36:57.082,-35.220421795851124,-5.819820711984179,6.50274133682251,6.0,39.71393689801109,110.16498565673828,0.76,5.42,9.5,0.13,16.47,-0.04,0.23,-0.1,-0.01,22.35,11.76,14.7,27.84,99,8.97,5.25,1009.25,14.5,516.6,1,538.82,442.14,209.56,1913,0,48,8.07,52.55,51.37,1492,27.84,0.05,3.84,64.08,25.88,-12.5,-3.12,0,-,0.04,6,39.71,110.16,-5.82,-35.22,19,1.81,10.82,30,5.98,12.46,8.03,10.52,16.9,35.19,0.08,0.81,37.6,0,62.4,1923.79,6.67,160,23.41,25,17.65,19.5,49.86,3.16,31.69,8.91,0.1,320.18,50.1,32.53,17.56,-8.04,14.26,14.5,49
Fri Nov 04 06:36:58 GMT-03:00 2022,04-Nov-2022 06:36:58.084,-35.22035721410635,-5.819846274618337,7.290717601776123,6.0,39.74916060599571,110.80223846435547,-0.16,5.67,6.73,-0.09,16.47,0.06,0.09,0,0.09,22.35,11.76,14.7,27.84,99,9.47,5.61,1009.23,14.5,516.6,1,513.66,312.42,209.56,1913,0,48,2.83,43.14,36.47,1416,27.84,0.05,2.95,49.22,25.88,-12.5,-0.78,-1.56,-,0.04,6,39.75,110.8,-5.82,-35.22,18,1.59,3.8,30,8.47,12.46,8.03,8.08,23.92,35.19,0.77,0.82,38.81,0,61.19,1923.79,6.67,161,26.25,25,17.25,20,19.1,3.27,30.62,9.23,0.1,320.18,51.09,33.53,17.56,-9.36,14.28,14.6,46
Fri Nov 04 06:36:59 GMT-03:00 2022,04-Nov-2022 06:36:59.084,-35.22029082276558,-5.819872258482093,7.2096757888793945,6.0,39.74440289713145,111.27299499511719,-0.02,5.2,8.79,0.05,16.47,-0.08,0.23,-0.06,-0.07,22.75,11.37,14.7,27.84,99,9.47,5.61,1009.2,14.5,516.6,1,491.8,295.02,209.56,1913,0,48,2.83,43.14,38.04,1416,27.84,0.05,2.79,46.47,25.88,-12.5,-0.78,-1.56,-,0.04,6,39.74,111.27,-5.82,-35.22,20,1.59,3.8,30,8.97,12.46,8.03,7.63,25.33,35.19,0.77,0.82,40.01,0,59.99,1923.79,7.06,162,25.95,25,17.25,20,19.1,3.38,29.57,9.55,0.1,320.18,52.11,34.55,17.56,-9.39,14.28,14.6,43
Fri Nov 04 06:37:00 GMT-03:00 2022,04-Nov-2022 06:37:00.083,-35.22022347563962,-5.8199000150912825,7.332880020141602,6.0,40.0693005201743,111.61946105957031,-1.91,7.4,7.6,0.11,14.12,-0.37,-0.03,0,-0.52,14.9,7.45,14.7,27.84,99,10,6,1009.22,14.5,523.7,1,491.8,295.02,209.56,1913,0,48,3.4,40.39,26.27,1335,27.84,0.05,2.79,46.47,25.88,-13.28,-3.91,-4.69,-,0.04,6,40.07,111.62,-5.82,-35.22,19,1.05,4.56,30,8.97,12.46,8.03,7.63,25.33,35.19,0.82,0.82,41.12,0,58.88,1953,4.31,163,26.4,27,15.69,20,24.34,3.38,29.57,9.55,0.14,320.19,53.09,35.53,17.56,-9.39,14.28,14.5,43
Fri Nov 04 06:37:01 GMT-03:00 2022,04-Nov-2022 06:37:01.083,-35.22015904693959,-5.819926944045028,7.382547855377197,6.0,40.18723219038281,110.70892333984375,0.81,4.05,7.55,-0.11,16.86,0.06,0.3,0.14,-0.07,23.53,12.16,14.7,27.84,99,10.47,6.36,1009.19,14.5,523.7,1,446.44,327.17,209.56,1913,0,48,3.4,27.45,41.57,1328,27.84,0.06,3.22,53.6,25.88,-12.5,-7.81,-8.59,-,0.04,6,40.19,110.71,-5.82,-35.22,23,0.4,4.56,30,8.08,12.46,8.03,8.8,22.84,35.19,0.86,0.82,42.21,0,57.79,1522.09,6.67,164,26.58,26,18.82,20,24.34,3.87,25.83,10.93,0.14,320.22,54.09,36.53,17.56,-7.66,14.22,14.5,38
Fri Nov 04 06:37:02 GMT-03:00 2022,04-Nov-2022 06:37:02.081,-35.22009459810984,-5.819949172457983,7.365286827087402,6.0,40.36934594853466,109.80989074707031,-1.17,7.2,9.69,0.25,16.86,0.21,-0.1,-0.02,0.27,23.53,12.16,14.7,27.84,99,10.94,6.72,1009.2,14.5,523.7,1,446.44,327.17,209.56,1913,0,48,3.4,47.45,41.57,1328,27.84,0.06,3.22,53.6,25.88,-12.5,-10.94,-8.59,-,0.04,6,40.37,109.81,-5.82,-35.22,23,0.42,4.56,30,8.08,12.46,8.03,8.8,22.84,35.19,0.06,0.88,43.26,0,56.74,1715.03,6.67,164,26.52,27,17.25,18.5,24.34,3.87,25.83,10.93,0.14,320.22,55.09,37.53,17.56,-7.66,14.24,14.5,38
Fri Nov 04 06:37:03 GMT-03:00 2022,04-Nov-2022 06:37:03.081,-35.22003117803387,-5.819971332178998,7.162935256958008,6.0,40.48074095753406,109.79878234863281,-0.85,2.24,9.7,0.03,12.94,-0.09,-0.03,-0.24,0.02,14.9,7.45,14.7,27.84,99,10.94,6.72,1009.16,14.5,523.7,1,421.57,123.16,212.74,1913,0,50,3.4,47.45,17.25,1328,27.84,0.06,1.26,20.95,26.27,-13.28,-10.94,-8.59,-,0.04,6,40.48,109.8,-5.82,-35.22,22,0.42,4.56,30,21.48,12.46,8.03,3.44,60.67,35.19,0.06,0.88,44.28,0,55.72,1715.03,2.75,166,25.79,27,17.25,18.5,24.34,4.21,23.76,11.89,0.14,320.22,56.1,38.54,17.56,-12.04,14.24,14.5,33
Fri Nov 04 06:37:04 GMT-03:00 2022,04-Nov-2022 06:37:04.083,-35.21997485889259,-5.8199923617340446,6.302938938140869,6.0,40.3995873836483,111.20906829833984,0.22,5.47,6.74,-0.1,14.12,0.12,-0.03,-0.3,0.27,14.9,7.45,14.7,27.84,99,11.28,7,1009.24,14.5,529.4,1,405.45,195.85,212.74,1913,0,50,-,28.24,27.06,1098.5,27.84,0.06,1.7,28.38,26.27,-14.06,-10.94,-11.72,-,0.04,6,40.4,111.21,-5.82,-35.22,24,2.79,-,30,13.5,12.46,8.03,4.66,38.15,35.19,0.84,0.88,45.26,0,54.74,1556.31,3.92,167,22.69,23,16.47,8,-,4.38,22.81,12.39,0.15,320.24,57.11,39.55,17.56,-9.22,14.2,14.5,33
Fri Nov 04 06:37:05 GMT-03:00 2022,04-Nov-2022 06:37:05.082,-35.21991892903271,-5.82001422949442,5.326688766479492,6.0,40.24157740017594,111.34046173095703,-0.85,4.19,8.57,-0.01,13.73,0,0.11,-0.19,0.1,14.9,7.45,14.7,27.84,99,11.71,7.42,1009.3,14.5,529.4,1,390.75,185.04,212.74,1913,0,50,-,29.8,26.27,971,27.84,0.06,1.47,24.49,26.27,-14.84,-10.94,-10.16,-,0.04,6,40.24,111.34,-5.82,-35.22,24,4.69,-,30,14.29,12.46,8.03,4.02,40.38,35.19,0.05,0.87,46.2,0,53.8,1504.91,3.53,168,19.18,18,14.12,3,-,4.57,21.89,12.9,0.16,320.24,58.1,40.54,17.56,-11.03,14.2,14.5,31
Fri Nov 04 06:37:06 GMT-03:00 2022,04-Nov-2022 06:37:06.082,-35.219873898389544,-5.8200303114066205,3.7396414279937744,6.0,40.11260167201948,108.9399185180664,-0.78,3.28,9.16,0.01,13.73,0,0.04,-0.18,0.12,14.9,7.45,14.7,27.84,99,11.71,7.42,1009.33,14.5,529.4,1,390.75,185.04,212.74,1913,0,50,-,29.8,26.27,971,27.84,0.06,1.47,24.49,26.27,-14.84,-7.81,-7.03,-,0.04,6,40.11,108.94,-5.82,-35.22,25,4.69,-,30,14.29,12.46,8.03,4.02,40.38,35.19,0.12,0.86,47.09,0,52.91,1504.91,3.53,169,13.46,18,13.73,5,-,4.57,21.89,12.9,0.16,320.24,59.08,41.52,17.56,-11.03,14.22,14.4,31
Fri Nov 04 06:37:07 GMT-03:00 2022,04-Nov-2022 06:37:07.082,-35.21984514326973,-5.820039674960807,2.1262989044189453,6.0,39.48898185301856,108.92504119873047,-1.08,4.75,8.38,-0,13.73,0.04,-0.08,-0.02,0.07,14.9,7.45,14.7,27.84,99,11.54,7.38,1009.32,14.5,529.4,1,381.7,245.96,225.44,1913,0,50,-,37.65,26.27,898,27.84,0.06,1.67,27.9,27.84,-14.84,-7.81,-7.03,-,0.04,6,39.49,108.93,-5.82,-35.22,23,8.46,-,30,10.75,12.46,8.03,4.58,30.38,35.19,0.08,0.85,47.3,0,52.7,1456.45,3.53,169,7.65,5,15.29,12.5,-,4.68,21.36,13.22,0.17,320.25,60.09,42.53,17.56,-10.03,14.22,14.4,31
Fri Nov 04 06:37:08 GMT-03:00 2022,04-Nov-2022 06:37:08.081,-35.21984199853851,-5.820040873856761,0.9841816425323486,6.0,39.865739779936085,109.67189025878906,-1.17,5.87,7.69,0,14.51,0,-0.08,0.02,0,14.9,7.45,14.7,27.84,98,11.32,7.31,1009.29,14.5,531.6,1,381.7,-,244.49,1913,0,50,-,42.75,34.9,808.5,27.84,0.06,1.78,29.72,30.2,-14.06,-3.91,-3.91,-,0.04,6,39.87,109.67,-5.82,-35.22,23,4.65,-,30,2.8,12.46,8.03,4.88,7.92,35.19,0.09,0.85,46.51,0,53.49,1445.81,4.31,171,3.54,3,14.12,-1,-,4.65,21.52,13.13,0.17,320.25,61.1,43.53,17.56,-9.34,14.2,14.5,32
Fri Nov 04 06:37:09 GMT-03:00 2022,04-Nov-2022 06:37:09.082,-35.21983664399107,-5.820042355379484,1.677037000656128,6.0,39.92216918752928,109.08674621582031,-0.9,6.17,7.57,0.01,18.43,-0.03,-0.06,0.05,-0.07,27.84,14.12,14.7,27.84,98,11.17,7.27,1009.31,14.5,531.6,1,381.7,-,244.49,1913,0,50,-,54.9,48.24,1445.5,27.84,0.06,3.91,65.11,30.2,-12.5,-7.81,-7.81,-,0.04,6,39.92,109.09,-5.82,-35.22,24,1.46,-,30,0.77,12.46,8.03,10.69,2.17,35.19,0.09,0.82,45.77,0,54.23,1467.52,8.63,172,6.04,5,18.82,18.5,-,4.58,21.84,12.94,0.17,320.25,62.1,44.53,17.56,-1.95,14.18,14.4,45
Fri Nov 04 06:37:10 GMT-03:00 2022,04-Nov-2022 06:37:10.083,-35.21982558759575,-5.82004535503863,2.6795079708099365,6.0,39.9714427311952,109.04533386230469,-0.03,6.5,6.82,-0.03,18.43,0,-0.11,0.16,-0.14,28.63,14.51,14.7,27.84,98,11.1,7.28,1009.28,14.5,531.6,1,381.7,-,244.48,1913,0,50,2.54,50.98,46.67,1547.5,27.84,0.06,3.97,66.15,30.2,-12.5,-2.34,-1.56,-,0.05,6,39.97,109.05,-5.82,-35.22,23,1.96,3.41,30,1.26,12.46,8.03,10.86,3.56,35.19,0.08,0.81,46.04,0,53.96,1501.73,8.63,173,9.65,8,19.61,21,15.68,4.52,22.11,12.77,0.17,320.25,63.1,45.54,17.56,-7.37,14.26,14.4,46
Fri Nov 04 06:37:11 GMT-03:00 2022,04-Nov-2022 06:37:11.081,-35.21979442978198,-5.8200573435786325,3.991274356842041,6.0,40.31894128237947,111.7347183227539,0.09,7.77,7.73,0.13,20,-0.09,-0.07,0.16,-0.28,29.02,14.9,14.7,27.84,98,11.1,7.28,1009.27,14.5,539.1,1,381.7,-,244.48,1913,0,50,2.54,50.98,57.65,1547.5,27.84,0.06,3.97,66.15,30.2,-11.72,-2.34,-1.56,-,0.05,6,40.32,111.73,-5.82,-35.22,23,1.96,3.41,30,1.26,12.46,8.03,10.86,3.56,35.19,0.08,0.81,46.88,0,53.12,1501.73,10.2,174,14.37,8,19.61,21,15.68,4.52,22.11,12.77,0.17,320.25,64.1,46.54,17.56,-7.37,14.26,14.5,46
Fri Nov 04 06:37:12 GMT-03:00 2022,04-Nov-2022 06:37:12.083,-35.21975142058994,-5.820074023103634,5.155163764953613,6.0,40.67604474127721,110.95307922363281,0.19,7.55,5.33,-0.05,22.75,0.03,-0.06,0.17,-0.09,32.55,16.47,14.7,27.84,98,11.23,7.43,1009.26,14.5,539.1,1,381.7,-,250.83,1913,0,51,9.16,67.06,61.57,1605.5,27.84,0.07,5.26,87.59,30.98,-11.72,-7.03,-3.91,-,0.05,6,40.68,110.95,-5.82,-35.22,23,2.63,12.29,30,1.52,12.46,8.03,14.38,4.3,35.18,0.07,0.8,47.69,0,52.31,1545.19,12.94,174,18.56,17,22.75,17,54.49,4.47,22.37,12.63,0.18,320.26,65.09,47.53,17.56,-5.68,14.26,14.5,49
Fri Nov 04 06:37:13 GMT-03:00 2022,04-Nov-2022 06:37:13.080,-35.21970063321221,-5.8200955949923765,6.252825736999512,6.0,40.7036730011632,110.32780456542969,2.11,6.65,8.18,0.11,23.14,0.04,-0.33,0.05,-0.05,28.63,14.12,14.7,27.84,98,11.45,7.64,1009.21,14.5,550,1,421.2,1053.08,250.82,1913,0,51,8.92,70.59,59.61,1915.5,27.84,0.07,6.77,112.81,30.98,-11.72,1.56,3.12,-,0.05,6,40.7,110.33,-5.82,-35.22,23,2.44,11.97,30,2.51,12.46,8.03,18.52,7.09,35.18,0.3,0.77,48.49,0,51.51,1653.19,13.33,175,22.51,21,24.31,18.5,44.48,4.44,22.53,12.54,0.18,320.26,66.11,48.55,17.56,-3.55,14.22,14.5,55
Fri Nov 04 06:37:14 GMT-03:00 2022,04-Nov-2022 06:37:14.082,-35.219638140226294,-5.82011791748442,7.325860977172852,6.0,40.98865489420234,110.40625,-0.28,9.62,8.65,0.33,20,-0.04,0.11,0.04,-0.08,25.88,13.33,14.7,27.84,98,11.76,7.9,1009.18,14.5,550,1,440.12,761.81,250.81,1913,0,51,8.92,63.14,59.61,1879,27.84,0.07,6.05,100.81,30.98,-11.72,-3.12,0,-,0.05,6,40.99,110.41,-5.82,-35.22,21,2.49,11.97,30,3.47,12.45,8.03,16.55,9.81,35.18,0.09,0.77,49.25,0,50.75,1737.2,10.98,176,26.37,25,21.57,19.5,44.48,4.42,22.61,12.49,0.18,320.26,67.1,49.54,17.56,-6.3,14.22,14.7,55
Fri Nov 04 06:37:15 GMT-03:00 2022,04-Nov-2022 06:37:15.083,-35.21957118770976,-5.820144286542129,7.813965320587158,6.0,41.3956293262573,112.08209991455078,4.24,2.11,9.86,0.13,20,0.08,0.04,0.29,-0.14,25.88,13.33,14.7,27.84,98,12.09,8.18,1009.1,14.5,550,1,437.02,381.25,247.63,1913,0,51,8.92,43.14,51.37,1628.5,27.84,0.07,3.6,60.06,30.59,-11.72,0.78,0,-,0.05,6,41.4,112.08,-5.82,-35.22,22,0.63,11.97,30,6.94,12.45,8.03,9.86,19.6,35.18,0.09,0.77,50,0,50,1767.72,10.98,178,28.13,27,21.57,22.5,44.48,4.46,22.41,12.61,0.19,320.28,68.1,50.53,17.56,-9.52,14.22,14.7,50
Fri Nov 04 06:37:16 GMT-03:00 2022,04-Nov-2022 06:37:16.084,-35.21950306999182,-5.8201704687083415,7.98480224609375,6.0,41.67937224794895,111.55305480957031,0.94,8.52,6.56,0.11,18.82,-0.15,-0.11,-0.2,-0.05,25.1,12.94,14.7,27.84,98,12.43,8.46,1009.14,14.5,563.4,1,436.29,422.46,247.63,1913,0,51,2.91,58.04,47.06,1459.5,27.84,0.07,4.31,71.87,30.59,-12.5,-1.56,2.34,-,0.05,6,41.68,111.55,-5.82,-35.22,24,0.13,3.9,30,6.26,12.45,8.03,11.8,17.69,35.18,0.1,0.75,50.72,0,49.28,1836.82,7.06,179,28.75,28,16.47,18,19.03,4.49,22.26,12.69,0.2,320.28,69.09,51.53,17.56,-7.62,14.26,14.5,49
Fri Nov 04 06:37:17 GMT-03:00 2022,04-Nov-2022 06:37:17.083,-35.21943359115903,-5.820195845297538,8.227983474731445,4.0,41.873679469635,110.51773071289062,-2.91,3.87,8.06,-0.03,19.22,-0.02,0.11,-0.03,0,25.49,12.94,14.7,27.84,98,12.77,8.76,1009.15,14.5,563.4,1,436.56,441.9,247.63,1913,0,51,2.91,61.57,52.16,1520.5,27.84,0.08,4.68,77.97,30.59,-12.5,-3.91,-3.12,-,0.06,4,41.87,110.52,-5.82,-35.22,25,0.25,3.9,30,5.99,12.45,8.03,12.8,16.91,35.18,0.83,0.75,51.42,0,48.58,1920.04,9.02,180,29.62,29,19.61,18,19.03,4.51,22.15,12.75,0.21,320.29,70.09,52.53,17.56,-6.18,14.2,14.5,51
Fri Nov 04 06:37:18 GMT-03:00 2022,04-Nov-2022 06:37:18.082,-35.219360799346624,-5.820222614805933,8.360894203186035,4.0,42.10304774210552,110.44647216796875,0.97,6.09,10.57,0.26,18.43,-0.15,-0.06,-0.09,-0.11,23.92,12.16,14.7,27.84,98,12.77,8.76,1009.1,14.5,563.4,1,432.58,348.99,244.45,1913,0,51,2.91,61.57,50.59,1520.5,27.84,0.08,3.83,63.77,30.2,-12.5,-3.91,-5.47,-,0.06,4,42.1,110.45,-5.82,-35.22,24,0.25,3.9,30,7.58,12.45,8.03,10.47,21.41,35.18,0.46,0.75,52.1,0,47.9,1920.04,8.63,181,30.1,29,19.61,18,19.03,4.56,21.92,12.89,0.21,320.29,71.09,53.53,17.56,-7.97,14.2,14.5,49
Fri Nov 04 06:37:19 GMT-03:00 2022,04-Nov-2022 06:37:19.082,-35.2192872280318,-5.820248978922526,8.5361967086792,4.0,42.253325776879,110.20902252197266,-1.88,6.73,8.42,0.13,18.43,0.02,-0.03,-0.03,0.05,23.92,12.16,14.7,27.84,98,13.12,9.06,1009.1,14.5,573.6,1,432.58,348.99,244.45,1913,0,51,2.68,50.59,50.59,1414.5,27.84,0.08,3.83,63.77,30.2,-13.28,-1.56,-0.78,-,0.06,4,42.25,110.21,-5.82,-35.22,23,0.1,3.59,30,7.58,12.45,8.03,10.47,21.41,35.18,0.28,0.81,52.77,0,47.23,2039.9,8.63,181,30.73,30,16.86,18.5,18.07,4.56,21.92,12.89,0.21,320.29,72.1,54.54,17.56,-7.97,14.18,14.4,49
Fri Nov 04 06:37:20 GMT-03:00 2022,04-Nov-2022 06:37:20.082,-35.219215119416006,-5.820275055465043,8.38935375213623,4.0,42.41126627424593,110.27943420410156,-0.25,4.87,9.78,0.13,16.08,0.2,-0.42,-0.01,0.17,19.61,10.2,14.7,27.84,98,13.44,9.33,1009.07,14.5,573.6,1,420.76,160.79,244.45,1913,0,51,2.68,32.16,36.08,1215.5,27.84,0.08,1.82,30.39,30.2,-14.06,-7.03,-7.03,-,0.06,4,42.41,110.28,-5.82,-35.22,23,1.73,3.59,30,16.45,12.45,8.03,4.99,46.47,35.18,0.69,0.81,53.41,0,46.59,1937.39,6.27,183,30.2,29,13.73,-4.5,18.07,4.74,21.09,13.4,0.22,320.3,73.09,55.53,17.56,-11.15,14.18,14.4,42
Fri Nov 04 06:37:21 GMT-03:00 2022,04-Nov-2022 06:37:21.081,-35.21914860707554,-5.820300566065555,7.840595245361328,4.0,42.50835427837332,110.205322265625,-1.46,4.82,5.21,-0.25,13.33,-0.13,-0.04,0.02,-0.17,14.9,7.45,14.7,27.84,98,13.71,9.58,1009.08,14.5,573.6,1,408.12,117.33,244.45,1913,0,51,2.68,23.92,20.78,1082,27.84,0.08,1.29,21.44,30.2,-14.06,-7.81,-8.59,-,0.06,4,42.51,110.21,-5.82,-35.22,23,3.2,3.59,30,22.54,12.45,8.03,3.52,63.68,35.18,0.8,0.81,54.05,0,45.95,1898.6,3.14,184,28.23,27,13.33,10.5,18.07,5.01,19.97,14.15,0.23,320.31,74.1,56.54,17.56,-11.75,14.18,14.4,36
Fri Nov 04 06:37:22 GMT-03:00 2022,04-Nov-2022 06:37:22.080,-35.219087017402224,-5.820323651379805,7.270088195800781,4.0,42.795362826904636,110.56843566894531,-2.07,5.31,8.99,0.1,13.33,0.09,-0.2,-0.11,0.15,14.9,7.45,14.7,27.84,98,13.92,9.78,1009.09,14.5,575.1,1,397.15,133.9,247.63,1913,0,52,-,30.2,26.67,918,27.84,0.08,1.37,22.78,30.59,-15.62,-7.81,-8.59,-,0.06,4,42.8,110.57,-5.82,-35.22,20,3.23,-,30,19.75,12.45,8.03,3.74,55.8,35.18,0.8,0.81,54.66,0,45.34,1829.7,3.53,185,26.17,25,13.33,10.5,-,5.22,19.14,14.76,0.24,320.32,75.09,57.53,17.56,-11.22,14.18,14.4,33
Fri Nov 04 06:37:23 GMT-03:00 2022,04-Nov-2022 06:37:23.081,-35.21903697897694,-5.820343018933167,5.9946370124816895,6.0,42.990559984011185,111.03570556640625,-3.86,1.9,10.97,0.21,13.33,-0.01,0,-0.32,0.13,14.9,7.45,14.7,27.84,98,13.92,9.78,1009.09,14.5,575.6,1,397.15,133.9,247.63,1913,0,52,-,30.2,26.67,918,27.84,0.08,1.37,22.78,30.59,-14.84,-9.38,-7.81,-,0.06,6,42.99,111.04,-5.82,-35.22,20,3.23,-,30,19.75,12.45,8.03,3.74,55.8,35.18,0.08,0.8,55.26,0,44.74,1829.7,3.53,185,21.58,25,13.73,6.5,-,5.22,19.14,14.76,0.24,320.32,76.1,58.54,17.56,-11.22,14.24,14.5,33
Fri Nov 04 06:37:24 GMT-03:00 2022,04-Nov-2022 06:37:24.081,-35.218991518039616,-5.820360963813552,3.432793378829956,6.0,43.03162346323801,113.51043701171875,0.15,3.53,9.38,0.03,13.33,-0.03,-0.06,-0.2,0.08,14.9,7.45,14.7,27.84,98,13.91,9.83,1009.16,14.5,575.6,1,387.81,154.28,250.81,1913,0,52,-,31.37,26.27,920.5,27.84,0.08,1.46,24.3,30.98,-14.84,-4.69,-3.91,-,0.06,6,43.03,113.51,-5.82,-35.22,22,8.58,-,30,17.14,12.45,8.03,3.99,48.43,35.18,0.09,0.8,55.83,0,44.17,1758.91,3.53,187,12.36,13,14.12,13.5,-,5.4,18.53,15.25,0.25,320.33,77.1,59.54,17.56,-10.38,14,14.2,31
Fri Nov 04 06:37:25 GMT-03:00 2022,04-Nov-2022 06:37:25.082,-35.21897647664728,-5.820365847246368,1.747255802154541,6.0,43.06595319877539,107.36669921875,-1.3,4.6,8.6,0.01,15.29,0,-0.07,-0.09,0.05,14.9,7.45,14.7,27.84,98,13.74,9.76,1009.09,14.5,576,1,387.81,-,250.81,1913,0,52,-,41.96,38.43,959.5,27.84,0.08,1.82,30.39,30.98,-14.06,-1.56,-1.56,-,0.06,6,43.07,107.37,-5.82,-35.22,22,7.36,-,30,7.13,12.45,8.03,4.99,20.14,35.18,0.78,0.8,55.72,0,44.28,1749.55,5.49,188,6.29,5,14.9,3,-,5.42,18.44,15.32,0.25,320.33,78.11,60.55,17.56,-9.36,14.08,14.5,32
Fri Nov 04 06:37:26 GMT-03:00 2022,04-Nov-2022 06:37:26.082,-35.218972370275495,-5.820367982537189,0.5091107487678528,4.0,43.04586338193066,107.88772583007812,-1.16,5.21,8.08,-0,14.12,0,-0.1,0.01,0,14.9,7.45,14.7,27.84,98,13.74,9.64,1009.1,14.5,576,1,387.81,-,266.68,1913,0,53,-,35.29,35.69,843,27.84,0.08,1.52,25.34,32.94,-14.06,-7.03,-1.56,-,0.06,4,43.05,107.89,-5.82,-35.22,24,6.29,-,30,3.29,12.45,8.03,4.16,9.29,35.18,0.78,0.8,55.02,0,44.98,1749.55,4.31,189,1.83,0,14.9,3,-,5.39,18.55,15.23,0.25,320.33,79.1,61.11,17.99,-10.39,14.08,14.5,31
Fri Nov 04 06:37:27 GMT-03:00 2022,04-Nov-2022 06:37:27.083,-35.218972370275495,-5.820367982537189,0.0,4.0,42.89510344300854,107.88772583007812,-1.09,5.48,7.97,0,12.94,0,-0.1,0,0,14.9,7.45,14.7,27.84,98,13.74,9.64,1009.13,14.5,576.3,1,387.81,-,266.68,1913,0,53,-,35.29,35.69,843,27.84,0.08,1.52,25.34,32.94,-15.62,-7.03,-4.69,-,0.06,4,42.9,107.89,-5.82,-35.22,20,6.29,-,30,3.29,12.45,8.03,4.16,9.29,35.18,0.06,0.8,54.34,0,45.66,1749.55,3.14,189,0,0,13.33,7.5,-,5.39,18.55,15.23,0.25,320.33,80.1,61.11,18.99,-10.39,14.08,14.4,31
Fri Nov 04 06:37:28 GMT-03:00 2022,04-Nov-2022 06:37:28.081,-35.218972370275495,-5.820367982537189,0.0,4.0,42.971090220522285,107.88772583007812,-1.16,5.42,8.07,0.01,13.33,-0.01,-0.1,0,0,14.9,7.45,14.7,27.84,98,13.74,9.51,1009.1,14.5,576.3,1,387.81,-,285.73,1913,0,53,-,31.37,27.45,765.5,27.84,0.08,1.18,19.61,35.29,-15.62,-2.34,-1.56,-,0.06,4,42.97,107.89,-5.82,-35.22,23,0,-,30,0,12.45,8.03,3.22,0,35.18,0.06,0.8,53.67,0,46.33,1749.55,3.14,190,0,0,13.33,3.5,-,5.39,18.56,15.22,0.25,320.33,81.1,61.11,19.99,-10.88,14.26,14.5,29
Fri Nov 04 06:37:29 GMT-03:00 2022,04-Nov-2022 06:37:29.081,-35.218972370275495,-5.820367982537189,0.0,4.0,42.87252041516228,107.88772583007812,-1.19,5.42,8.11,0.01,13.33,0,-0.1,-0.01,0,14.9,7.45,14.7,27.84,98,13.74,9.39,1009.16,14.5,576.6,1,387.81,-,285.73,1913,0,53,-,30.98,26.27,774.5,27.84,0.08,1.25,20.77,35.29,-15.62,0,0.78,-,0.06,4,42.87,107.89,-5.82,-35.22,22,0,-,30,0,12.45,8.03,3.41,0,35.18,0.08,0.8,53.02,0,46.98,1749.55,3.14,192,0,0,13.33,3.5,-,5.39,18.57,15.21,0.25,320.33,82.09,61.11,20.98,-10.27,14.26,14.5,29
Fri Nov 04 06:37:30 GMT-03:00 2022,04-Nov-2022 06:37:30.081,-35.218972370275495,-5.820367982537189,0.0,4.0,42.76049892993019,107.88772583007812,-1.16,5.39,8.1,0.01,13.33,0,-0.1,0,0,14.9,7.45,14.7,27.84,98,13.74,9.27,1009.06,14.5,576.6,1,387.81,-,285.73,1913,0,53,-,30.2,26.67,785.5,27.84,0.08,1.17,19.43,35.29,-15.62,2.34,0.78,-,0.06,4,42.76,107.89,-5.82,-35.22,23,0,-,30,0,12.45,8.03,3.19,0,35.18,0.08,0.8,52.38,0,47.62,1749.55,3.14,193,0,0,13.33,4.5,-,5.38,18.58,15.2,0.25,320.33,83.09,61.11,21.99,-10.59,14.26,14.5,28
Fri Nov 04 06:37:31 GMT-03:00 2022,04-Nov-2022 06:37:31.082,-35.218972370275495,-5.820367982537189,0.0,4.0,42.77085650249737,107.88772583007812,-1.22,5.42,8.1,0.01,12.94,0,-0.1,-0.01,0,14.9,7.45,14.7,27.84,98,13.74,9.27,1009.09,14.5,576.6,1,387.81,-,285.73,1913,0,53,-,30.2,26.27,785.5,27.84,0.08,1.17,19.43,35.29,-15.62,2.34,2.34,-,0.06,4,42.77,107.89,-5.82,-35.22,23,0,-,30,0,12.45,8.03,3.19,0,35.18,0.83,0.8,51.76,0,48.24,1749.55,3.14,193,0,0,13.33,4.5,-,5.38,18.58,15.2,0.25,320.33,84.09,61.11,22.99,-10.59,14.2,14.5,28
Fri Nov 04 06:37:32 GMT-03:00 2022,04-Nov-2022 06:37:32.081,-35.218972370275495,-5.820367982537189,0.0,4.0,42.796630080956064,107.88772583007812,-1.13,5.38,7.96,-0,13.33,-0.01,-0.1,0,0,14.9,7.45,14.7,27.84,98,13.74,9.16,1009.12,14.5,576.6,1,387.81,-,282.55,1913,0,54,-,32.55,29.41,757,27.84,0.08,1.21,20.1,34.9,-15.62,-2.34,-3.12,-,0.06,4,42.8,107.89,-5.82,-35.22,23,0,-,30,0,12.45,8.03,3.3,0,35.18,0.81,0.8,51.15,0,48.85,1749.55,3.53,194,0,0,13.73,0,-,5.38,18.59,15.19,0.25,320.33,85.09,61.11,23.98,-10.52,14.2,14.5,28
Fri Nov 04 06:37:33 GMT-03:00 2022,04-Nov-2022 06:37:33.081,-35.218972370275495,-5.820367982537189,0.0,4.0,42.72962988810861,107.88772583007812,-1.06,5.47,8.09,0.01,13.73,0,-0.09,0,0.01,14.9,7.45,14.7,27.84,98,13.74,9.05,1009.1,14.5,576.6,1,387.81,-,282.55,1913,0,54,-,38.82,32.94,756,27.84,0.08,1.69,28.2,34.9,-14.84,-5.47,-3.12,-,0.06,4,42.73,107.89,-5.82,-35.22,22,0,-,30,0,12.45,8.03,4.63,0,35.18,0.22,0.8,50.55,0,49.45,1749.55,3.92,195,0,0,14.51,3,-,5.37,18.61,15.18,0.25,320.33,86.1,61.11,24.99,-8.7,13.32,13.6,31
Fri Nov 04 06:37:34 GMT-03:00 2022,04-Nov-2022 06:37:34.082,-35.218972370275495,-5.820367982537189,0.0,4.0,42.76373909156643,107.88772583007812,-1.1,5.38,8.08,0.01,13.73,0,-0.11,0,0,14.9,7.45,14.7,27.84,98,13.74,8.94,1009.15,14.5,576.6,1,387.81,-,279.37,1913,0,54,-,39.61,32.94,778.5,27.84,0.09,1.53,25.52,34.51,-14.84,-0.78,0,-,0.06,4,42.76,107.89,-5.82,-35.22,22,0,-,30,0,12.45,8.03,4.19,0,35.18,0.75,0.79,49.96,0,50.04,1749.55,3.92,196,0,0,14.12,3,-,5.37,18.62,15.17,0.25,320.33,87.11,61.11,26,-9.24,14.3,13.6,32
Fri Nov 04 06:37:35 GMT-03:00 2022,04-Nov-2022 06:37:35.082,-35.218972370275495,-5.820367982537189,0.0,4.0,42.769301901651716,107.88772583007812,-1.08,5.41,7.95,-0,13.73,0,-0.09,0,0,14.9,7.45,14.7,27.84,98,13.74,8.94,1009.15,14.5,576.6,1,387.81,-,279.37,1913,0,54,-,39.61,34.12,778.5,27.84,0.09,1.53,25.52,34.51,-14.84,-0.78,0,-,0.06,4,42.77,107.89,-5.82,-35.22,23,0,-,30,0,12.45,8.03,4.19,0,35.18,0.75,0.79,49.41,0,50.59,1749.55,3.92,196,0,0,14.12,3,-,5.37,18.62,15.17,0.25,320.33,88.09,61.11,26.99,-9.24,14.3,14.5,32
Fri Nov 04 06:37:36 GMT-03:00 2022,04-Nov-2022 06:37:36.083,-35.218972370275495,-5.820367982537189,0.0,4.0,42.75623850088078,107.88772583007812,-1.3,5.39,8.04,0.01,13.73,0,-0.09,-0.01,0,14.9,7.45,14.7,27.84,98,13.74,8.83,1009.11,14.5,576.6,1,387.81,-,279.37,1913,0,54,-,39.61,33.73,782,27.84,0.09,1.54,25.7,34.51,-14.84,-5.47,-3.91,-,0.06,4,42.76,107.89,-5.82,-35.22,23,0,-,30,0,12.45,8.03,4.22,0,35.18,0.41,0.78,48.85,0,51.15,1749.55,3.92,198,0,0,14.12,3,-,5.37,18.63,15.16,0.25,320.33,89.1,61.11,28,-9.36,14.16,14.4,32
Fri Nov 04 06:37:37 GMT-03:00 2022,04-Nov-2022 06:37:37.083,-35.218972370275495,-5.820367982537189,0.0,4.0,42.755532965902226,107.88772583007812,-1.09,5.47,7.96,0,13.73,0,-0.09,0,0,14.9,7.45,14.7,27.84,98,13.74,8.73,1009.11,14.5,576.7,1,387.81,-,279.37,1913,0,54,-,39.22,33.33,772,27.84,0.09,1.5,25.03,34.51,-14.84,-1.56,-1.56,-,0.06,4,42.76,107.89,-5.82,-35.22,24,0,-,30,0,12.45,8.03,4.11,0,35.18,0.14,0.77,48.31,0,51.69,1749.55,3.92,199,0,0,14.12,3,-,5.36,18.64,15.16,0.25,320.33,90.1,61.11,28.99,-9.51,14.2,14.4,33
Fri Nov 04 06:37:38 GMT-03:00 2022,04-Nov-2022 06:37:38.080,-35.218972370275495,-5.820367982537189,0.0,4.0,42.509843486612255,107.88772583007812,-1.23,5.33,7.99,-0,13.73,-0.01,-0.1,-0.02,0,14.9,7.45,14.7,27.84,98,13.74,8.63,1009.12,14.5,576.7,1,387.81,-,279.37,1913,0,54,-,39.22,33.33,804,27.84,0.09,1.53,25.52,34.51,-14.84,0,0,-,0.06,4,42.51,107.89,-5.82,-35.22,23,0,-,30,0,12.45,8.03,4.19,0,35.18,0.79,0.77,47.78,0,52.22,1749.55,3.92,200,0,0,14.12,3,-,5.36,18.65,15.15,0.25,320.33,91.08,61.11,29.98,-9.35,14.2,14.5,33
Fri Nov 04 06:37:39 GMT-03:00 2022,04-Nov-2022 06:37:39.083,-35.218972370275495,-5.820367982537189,0.0,4.0,42.26966522758749,107.88772583007812,-0.92,5.46,8.05,0.01,13.73,0,-0.09,0,0,14.9,7.45,14.7,27.84,98,13.74,8.53,1009.12,14.5,576.7,1,387.81,-,279.37,1913,0,54,-,38.43,33.73,743,27.84,0.09,1.43,23.82,34.51,-14.84,-5.47,0,-,0.07,4,42.27,107.89,-5.82,-35.22,19,0,-,30,0,12.45,8.03,3.91,0,35.18,0.79,0.77,47.26,0,52.74,1749.55,3.92,202,0,0,14.12,3,-,5.36,18.66,15.14,0.25,320.33,92.09,61.11,30.99,-9.89,14.2,14.5,33
Fri Nov 04 06:37:40 GMT-03:00 2022,04-Nov-2022 06:37:40.083,-35.218972370275495,-5.820367982537189,0.0,4.0,42.31883431220111,107.88772583007812,-1,5.34,7.99,-0,12.94,0,-0.09,0,0.01,14.9,7.45,14.7,27.84,98,13.74,8.53,1009.12,14.5,577.1,1,387.81,-,279.37,1913,0,54,-,38.43,27.84,753.5,27.84,0.09,1.22,20.28,34.51,-15.62,-5.47,-6.25,-,0.07,4,42.32,107.89,-5.82,-35.22,20,0,-,30,0,12.45,8.03,3.33,0,35.18,0.69,0.76,46.76,0,53.24,1749.55,3.14,203,0,0,13.33,-1.5,-,5.36,18.67,15.13,0.25,320.33,93.09,61.11,31.98,-10.25,14.24,14.4,32
Fri Nov 04 06:37:41 GMT-03:00 2022,04-Nov-2022 06:37:41.082,-35.218972370275495,-5.820367982537189,0.0,4.0,42.325396689589084,107.88772583007812,-1.11,5.31,8.09,0,12.94,-0.01,-0.1,-0.02,0,14.9,7.45,14.7,27.84,98,13.74,8.43,1009.13,14.5,577.1,1,387.81,-,279.37,1913,0,54,-,33.33,27.84,753.5,27.84,0.09,1.22,20.28,34.51,-15.62,-5.47,-3.91,-,0.07,4,42.33,107.89,-5.82,-35.22,21,0,-,30,0,12.45,8.03,3.33,0,35.18,0.08,0.8,46.26,0,53.74,1749.55,3.14,203,0,0,13.33,3,-,5.36,18.67,15.13,0.25,320.33,94.09,61.11,32.98,-10.25,14.12,14.4,32
Fri Nov 04 06:37:42 GMT-03:00 2022,04-Nov-2022 06:37:42.082,-35.218972370275495,-5.820367982537189,0.0,4.0,42.32498554628382,107.88772583007812,-1.27,5.75,7.76,0.01,13.33,0.01,-0.1,0.05,-0.01,20.78,12.94,14.7,27.84,98,13.74,8.43,1009.14,14.5,577.1,1,387.81,-,279.37,1913,0,54,-,33.33,41.96,1428.5,27.84,0.09,3.62,60.36,34.51,-15.62,-5.47,-3.91,-,0.07,4,42.32,107.89,-5.82,-35.22,23,0,-,30,0,12.45,8.03,9.91,0,35.18,0.08,0.8,45.77,0,54.23,1749.55,3.14,205,0,0,13.33,3,-,5.35,18.68,15.12,0.25,320.33,95.09,61.11,33.99,-2.02,14.12,14.5,45
Fri Nov 04 06:37:43 GMT-03:00 2022,04-Nov-2022 06:37:43.082,-35.218972370275495,-5.820367982537189,0.0,4.0,42.43013998203448,107.88772583007812,-1.03,5.97,7.85,0.02,13.33,0,-0.07,-0.02,0.02,20.78,12.94,14.7,27.84,98,13.74,8.34,1009.13,14.5,577.1,1,387.81,-,279.37,1913,0,54,-,47.45,41.96,1428.5,27.84,0.09,3.62,60.36,34.51,-15.62,-5.47,-3.91,-,0.07,4,42.43,107.89,-5.82,-35.22,25,0,-,30,0,12.45,8.03,9.91,0,35.18,0.08,0.8,45.3,0,54.7,1749.55,3.14,205,0,0,19.22,5,-,5.35,18.68,15.12,0.25,320.33,96.09,61.11,34.98,-2.02,14.28,14.5,45
Fri Nov 04 06:37:44 GMT-03:00 2022,04-Nov-2022 06:37:44.080,-35.21896421230629,-5.820371324925793,0.503145694732666,4.0,42.64729462889371,111.1329345703125,-1.8,6.67,6.82,0.03,22.35,0.02,-0.13,0.14,-0.08,32.55,16.47,14.7,27.84,98,13.55,8.28,1009.08,14.5,578,1,387.81,-,279.37,1913,0,54,0.57,64.31,59.22,1923.5,27.84,0.1,6.51,108.42,34.51,-12.5,-3.91,-7.81,-,0.07,4,42.65,111.13,-5.82,-35.22,25,3,0.76,30,0,12.45,8.03,17.8,0,35.18,0.84,0.84,44.83,0,55.17,1749.55,12.55,207,1.81,3,19.22,-3,2.81,5.35,18.69,15.11,0.25,320.33,97.09,61.29,35.8,-2.67,14.28,14.5,54
Fri Nov 04 06:37:45 GMT-03:00 2022,04-Nov-2022 06:37:45.082,-35.218947051496095,-5.820374565393268,1.9534624814987183,4.0,42.8298125803231,102.09076690673828,-1.32,7.29,7.6,0.09,17.65,0.15,-0.19,0.16,0.06,30.2,16.47,14.7,27.84,98,13.45,8.27,1009.14,14.5,578,1,387.81,-,279.37,1913,0,54,0.57,57.65,52.16,1697.5,27.84,0.1,4.88,81.38,34.51,-12.5,-0.78,-2.34,-,0.07,4,42.83,102.09,-5.82,-35.22,25,6.19,0.76,30,0.61,12.45,8.03,13.36,1.74,35.18,0.12,0.82,44.64,0,55.36,1771.92,7.84,208,7.03,8,20,20,2.81,5.29,18.89,14.95,0.25,320.33,98.09,62.29,35.8,-7.91,14.22,14.5,51
Fri Nov 04 06:37:46 GMT-03:00 2022,04-Nov-2022 06:37:46.081,-35.21892313027845,-5.820372101948757,2.617757797241211,4.0,42.91285333447914,95.83352661132812,-2.88,6.17,7.22,0.02,21.57,0.03,-0.16,0.09,-0.03,31.76,16.08,14.7,27.84,98,13.45,8.27,1009.08,14.5,583.5,1,387.81,-,279.37,1913,0,54,0.57,57.65,56.86,1697.5,27.84,0.1,4.88,81.38,32.94,-12.5,-0.78,-2.34,-,0.07,4,42.91,95.83,-5.82,-35.22,27,6.19,0.76,30,0.61,12.45,8.03,13.36,1.74,35.18,0.74,0.8,45.19,0,54.81,1771.92,11.37,209,9.42,8,20,20,2.81,5.29,18.89,14.95,0.25,320.33,99.09,63.29,35.8,-7.91,14.22,14.5,51
Fri Nov 04 06:37:47 GMT-03:00 2022,04-Nov-2022 06:37:47.081,-35.21889493878162,-5.8203582332830095,3.546189069747925,4.0,43.006271644959284,65.20085144042969,-3.27,6.16,7.74,0.07,21.57,-0.01,-0.26,0.06,-0.11,31.76,16.08,14.7,27.84,98,13.44,8.33,1009.09,14.5,583.5,1,387.81,-,266.67,1913,0,54,0.57,72.55,56.86,1579,27.84,0.1,5.64,94.05,32.94,-12.5,-6.25,-4.69,-,0.08,4,43.01,65.2,-5.82,-35.22,28,3.58,0.76,30,1.42,12.45,8.03,15.44,4,35.18,0.12,0.77,45.74,0,54.26,1786.05,11.37,209,12.77,13,21.57,13.5,2.81,5.25,19.05,14.83,0.25,320.33,100.09,64.29,35.8,-5.87,14.16,14.5,53
Fri Nov 04 06:37:48 GMT-03:00 2022,04-Nov-2022 06:37:48.082,-35.21886892927692,-5.820327745445196,4.387603759765625,4.0,43.487159597598705,41.0977897644043,-2.51,6.27,6.94,-0,20.78,-0.01,-0.19,0.08,-0.09,30.98,15.69,14.7,27.84,98,13.48,8.41,1009.02,14.5,591,1,387.81,-,263.49,1913,0,54,4.55,71.76,62.75,1668.5,27.84,0.1,5.98,99.65,32.55,-12.5,1.56,3.12,-,0.08,4,43.49,41.1,-5.82,-35.22,29,3.23,6.1,30,2.17,12.45,8.03,16.36,6.14,35.18,0.14,0.77,46.28,0,53.72,1816.38,10.98,211,15.8,16,23.53,17,26.03,5.21,19.18,14.73,0.26,320.34,101.09,65.3,35.8,-4.67,14.22,14.5,56
Fri Nov 04 06:37:49 GMT-03:00 2022,04-Nov-2022 06:37:49.081,-35.21884726993693,-5.820285616342242,5.285971164703369,4.0,43.95604506564151,26.095197677612305,-1.07,6.4,7.45,-0.06,24.71,0.05,-0.09,0.18,-0.07,31.76,16.47,14.7,27.84,98,13.58,8.52,1008.97,14.5,591,1,420.48,1269.94,263.48,1914,0,54,4.55,76.86,65.1,2002,27.84,0.11,7.68,128.03,32.55,-11.72,-1.56,-3.91,-,0.08,4,43.96,26.1,-5.82,-35.22,26,3.2,6.1,30,2.08,12.45,8.03,21.02,5.88,35.18,0.74,0.76,46.81,0,53.19,1857.27,14.12,212,19.03,19,25.88,17,26.03,5.18,19.31,14.63,0.26,320.34,102.09,66.29,35.8,-2.54,14.16,14.5,63
Fri Nov 04 06:37:50 GMT-03:00 2022,04-Nov-2022 06:37:50.081,-35.21882818330631,-5.820231399556629,6.397838115692139,6.0,44.18555359926755,19.948890686035156,-0.47,7.11,7.37,0.06,25.49,0.01,-0.04,0.1,-0.04,32.16,16.47,14.7,27.84,98,13.58,8.52,1008.94,14.5,602.5,1,448.36,1201.19,260.3,1914,0,55,4.55,76.86,65.88,2002,27.84,0.11,8.63,143.81,32.16,-11.72,-1.56,-3.91,-,0.08,6,44.19,19.95,-5.82,-35.22,26,3.2,6.1,30,2.2,12.45,8.03,23.61,6.22,35.18,0.74,0.76,47.33,0,52.67,1857.27,15.29,213,23.03,19,25.88,17,26.03,5.14,19.44,14.53,0.26,320.34,103.1,67.3,35.8,-3.31,14.16,14.5,66
Fri Nov 04 06:37:51 GMT-03:00 2022,04-Nov-2022 06:37:51.081,-35.21880679827702,-5.820167554624306,7.499022483825684,6.0,44.57891910291777,19.63930320739746,-0.85,5.69,7.79,-0,25.49,-0.08,-0.03,0.07,-0.16,32.16,16.47,14.7,27.84,98,13.77,8.69,1008.86,14.5,602.5,1,448.36,1201.19,260.3,1914,0,55,9.81,71.76,65.88,2333.5,27.84,0.11,8.63,143.81,32.16,-11.72,-3.12,-5.47,-,0.08,6,44.58,19.64,-5.82,-35.22,24,1.97,13.15,30,2.2,12.45,8.03,23.61,6.22,35.18,0.75,0.77,47.83,0,52.17,1898.58,15.29,213,27,25,24.71,19.5,40.14,5.14,19.44,14.53,0.27,320.35,104.09,68.29,35.8,-3.31,14.26,14.5,66
Fri Nov 04 06:37:52 GMT-03:00 2022,04-Nov-2022 06:37:52.082,-35.21878208202733,-5.820097538338726,8.264945030212402,6.0,44.92880974692068,19.545703887939453,-0.6,6.58,7.6,0.04,23.14,0,-0.03,0.17,-0.13,29.8,16.08,14.7,27.84,98,14.03,8.92,1008.84,14.5,620,1,460.15,790.33,257.12,1914,0,55,11.23,70.2,61.18,2047.5,27.84,0.12,7.47,124.5,31.76,-11.72,-3.12,-1.56,-,0.09,6,44.93,19.55,-5.82,-35.22,26,3,15.06,30,3.35,12.45,8.03,20.44,9.45,35.18,0.09,0.79,48.32,0,51.68,1930.96,13.33,215,29.75,30,23.53,19.5,52.37,5.12,19.51,14.48,0.28,320.36,105.08,69.29,35.8,-6.19,14.26,14.5,63
Fri Nov 04 06:37:53 GMT-03:00 2022,04-Nov-2022 06:37:53.081,-35.21875504259053,-5.820021952751153,8.924166679382324,4.0,45.38528688778124,19.390090942382812,-0.41,4.88,7.92,-0.04,22.75,-0.05,-0.06,0.06,-0.11,30.2,15.69,14.7,27.84,98,14.32,9.15,1008.82,14.5,620,1,463.4,557.44,257.12,1914,0,55,11.23,66.27,57.65,1931,27.84,0.12,6.32,105.38,31.76,-11.72,-3.91,-4.69,-,0.09,4,45.39,19.39,-5.82,-35.22,23,2.25,15.06,30,4.74,12.45,8.03,17.3,13.4,35.18,0.28,0.78,48.82,0,51.18,1990.37,11.76,216,32.13,32,21.96,19.5,52.37,5.12,19.53,14.46,0.29,320.37,106.1,70.3,35.8,-6.48,14.22,14.5,61
Fri Nov 04 06:37:54 GMT-03:00 2022,04-Nov-2022 06:37:54.081,-35.218726896189594,-5.819941727495359,9.434832572937012,4.0,45.71428841976455,19.77878189086914,-1.23,6.13,8.06,0.05,21.57,0.12,0,0.18,0.02,29.8,15.29,14.7,27.84,98,14.62,9.4,1008.72,14.5,620,1,464.17,487.25,257.11,1914,0,55,5.95,64.31,56.47,1822,27.84,0.12,5.89,98.25,31.76,-11.72,-3.91,-4.69,-,0.09,4,45.71,19.78,-5.82,-35.22,21,0.87,7.98,30,5.43,12.45,8.03,16.13,15.33,35.18,0.28,0.78,49.29,0,50.71,2074.36,11.76,217,33.97,33,21.57,19.5,31.19,5.12,19.52,14.47,0.29,320.37,107.09,71.29,35.8,-6.57,14.32,14.5,59
Fri Nov 04 06:37:55 GMT-03:00 2022,04-Nov-2022 06:37:55.082,-35.21869798146512,-5.819857434448576,9.86109733581543,4.0,45.9398322565779,19.57815170288086,0.64,4.67,6.86,-0.14,20.39,-0.18,0.11,-0.06,-0.17,28.63,14.51,14.7,27.84,98,14.62,9.4,1008.74,14.5,639.3,1,464.17,487.25,257.11,1914,0,55,5.95,64.31,54.12,1822,27.84,0.12,5.89,98.25,31.76,-12.5,-3.91,-2.34,-,0.09,4,45.94,19.58,-5.82,-35.22,23,0.87,7.98,30,5.43,12.45,8.03,16.13,15.33,35.18,0.11,0.77,49.77,0,50.23,2074.36,10.59,217,35.5,33,21.57,19.5,31.19,5.12,19.52,14.47,0.29,320.37,108.1,72.31,35.8,-6.57,14.32,14.5,59
Fri Nov 04 06:37:56 GMT-03:00 2022,04-Nov-2022 06:37:56.081,-35.21866700192832,-5.81976984703602,10.219401359558105,4.0,46.09703431848362,19.874847412109375,-0.69,4.85,6.86,-0.11,20.39,-0.1,-0.13,-0.03,-0.1,28.63,14.51,14.7,27.84,98,14.95,9.67,1008.66,14.5,639.3,1,462.93,424.45,253.93,1914,0,56,6.48,62.35,54.12,1710,27.84,0.12,5.3,88.26,31.37,-11.72,-2.34,-3.91,-,0.09,4,46.1,19.87,-5.82,-35.22,21,0.5,8.69,30,6.23,12.45,8.03,14.49,17.6,35.18,0.71,0.76,50.22,0,49.78,2178.93,10.59,218,36.79,36,20.78,19.5,36.19,5.14,19.47,14.51,0.3,320.38,109.08,73.29,35.8,-6.95,14.34,14.4,57
Fri Nov 04 06:37:57 GMT-03:00 2022,04-Nov-2022 06:37:57.082,-35.218634295070686,-5.819679253682948,10.640697479248047,4.0,45.76398983415918,19.98174476623535,-0.14,6.78,7.36,0.03,20.39,0.07,-0.03,-0.04,0.12,29.02,14.9,14.7,27.84,98,15.29,9.94,1008.66,14.5,644,1,460.38,378.87,253.93,1914,0,56,6.48,62.35,53.73,1647,27.84,0.13,5.16,85.95,31.37,-12.5,0.78,-2.34,-,0.09,4,45.76,19.98,-5.82,-35.22,24,0.21,8.69,30,6.98,12.45,8.03,14.11,19.72,35.18,0.75,0.75,50.67,0,49.33,2231.86,10.59,219,38.31,37,20.78,19.5,36.19,5.16,19.4,14.56,0.3,320.39,110.09,74.3,35.8,-6.67,14.22,14.5,56
Fri Nov 04 06:37:58 GMT-03:00 2022,04-Nov-2022 06:37:58.081,-35.21859976701896,-5.819585292776335,11.111767768859863,4.0,45.828942138435465,20.31441879272461,-1.22,5.31,7.28,-0.06,20.39,-0.05,-0.1,0.1,-0.15,29.02,14.9,14.7,27.84,98,15.65,10.23,1008.61,14.5,644,1,458.19,385.88,253.93,1914,0,57,6.12,63.53,53.73,1654.5,27.84,0.13,5.4,89.97,30.98,-12.5,-2.34,-2.34,-,0.09,4,45.83,20.31,-5.82,-35.22,25,0.69,8.21,30,6.85,12.45,8.03,14.77,19.36,35.17,0.75,0.75,51.12,0,48.88,2333.65,10.59,220,40,39,21.18,19.5,35.34,5.17,19.33,14.61,0.31,320.39,111.09,75.29,35.8,-5.99,14.26,14.5,56
Fri Nov 04 06:37:59 GMT-03:00 2022,04-Nov-2022 06:37:59.081,-35.218564251592795,-5.819487911556137,11.542560577392578,4.0,45.760381610261504,20.195255279541016,-0.85,4.58,6.6,-0.16,19.61,0.06,-0.1,0.08,0.02,26.67,13.73,14.7,27.84,98,15.65,10.23,1008.6,14.5,646.7,1,458.19,385.88,253.93,1914,0,57,6.12,63.53,51.76,1654.5,27.84,0.13,5.4,89.97,30.98,-12.5,-2.34,-0.78,-,0.09,4,45.76,20.2,-5.82,-35.22,27,0.69,8.21,30,6.85,12.45,8.03,14.77,19.36,35.17,0.1,0.75,51.55,0,48.45,2333.65,9.8,220,41.55,39,21.18,19.5,35.34,5.17,19.33,14.61,0.31,320.39,112.09,76.3,35.8,-5.99,14.26,14.5,56
Fri Nov 04 06:38:00 GMT-03:00 2022,04-Nov-2022 06:38:00.082,-35.21852695138513,-5.819386741791249,11.841525077819824,4.0,45.86470124114669,20.42023277282715,-0.96,5.47,7.77,-0.01,19.61,0.01,-0.03,0.06,-0.02,26.27,13.73,14.7,27.84,98,16.04,10.54,1008.6,14.5,646.7,1,454.03,312.55,250.75,1914,0,57,6.81,57.65,52.55,1623.5,27.84,0.13,4.61,76.81,30.98,-12.5,-2.34,-3.91,-,0.1,4,45.86,20.42,-5.82,-35.22,26,0.45,9.13,30,8.46,12.45,8.03,12.61,23.91,35.17,0.62,0.75,51.98,0,48.02,2441.15,9.8,222,42.63,42,19.61,20,40.03,5.21,19.2,14.71,0.31,320.39,113.1,77.3,35.8,-7.27,14.26,14.5,55
Fri Nov 04 06:38:01 GMT-03:00 2022,04-Nov-2022 06:38:01.083,-35.21848716629868,-5.819284424355829,12.175639152526855,4.0,45.72187565267725,21.339458465576172,-1.07,6.88,8.28,0.11,15.69,0.06,-0.02,0,0.09,14.9,7.45,14.7,27.84,98,16.44,10.85,1008.56,14.5,648.2,1,450.22,316.92,250.75,1914,0,57,6.81,62.35,52.55,1566,27.84,0.13,5.03,83.87,30.98,-12.5,-1.56,-2.34,-,0.1,4,45.72,21.34,-5.82,-35.22,24,0.37,9.13,30,8.35,12.45,8.03,13.77,23.58,35.17,0.82,0.74,52.4,0,47.6,2486.76,5.88,223,43.83,43,19.22,-1.5,40.03,5.24,19.09,14.8,0.35,320.41,114.09,78.3,35.8,-6.45,14.2,14.4,55
Fri Nov 04 06:38:02 GMT-03:00 2022,04-Nov-2022 06:38:02.081,-35.21844646885325,-5.819181362936029,12.138448715209961,4.0,45.910605843746794,20.8341121673584,-1.19,4.68,8.11,-0.03,15.69,0.06,-0.07,-0.02,0.1,14.9,7.45,14.7,27.84,98,16.83,11.16,1008.63,14.5,648.2,1,441.12,113.53,250.75,1914,0,57,2.23,25.49,33.33,1513.5,27.84,0.13,1.85,30.76,30.98,-12.5,1.56,0,-,0.1,4,45.91,20.83,-5.82,-35.22,25,0.83,2.99,30,23.3,12.45,8.03,5.05,65.81,35.17,0.83,0.74,52.81,0,47.19,2314.27,5.88,224,43.7,43,13.73,-1.5,14.06,5.42,18.44,15.32,0.35,320.43,115.08,79.28,35.8,-11.44,14.2,14.4,46
Fri Nov 04 06:38:03 GMT-03:00 2022,04-Nov-2022 06:38:03.083,-35.21840972084382,-5.8190854307743045,11.537657737731934,4.0,46.063997028026066,21.11442756652832,-1.52,5.11,8.89,0.07,13.33,-0.11,-0.04,-0.17,-0.02,14.9,7.45,14.7,27.84,98,16.83,11.16,1008.65,14.5,648.5,1,441.12,113.53,250.75,1914,0,57,2.23,25.49,16.08,1513.5,27.84,0.13,1.85,30.76,30.98,-14.84,1.56,0,-,0.1,4,46.06,21.11,-5.82,-35.22,23,0.83,2.99,30,23.3,12.45,8.03,5.05,65.81,35.17,0.83,0.74,53.23,0,46.77,2314.27,3.53,224,41.54,43,13.73,-1.5,14.06,5.42,18.44,15.32,0.37,320.43,116.1,80.3,35.8,-11.44,14.2,14.4,46
Fri Nov 04 06:38:04 GMT-03:00 2022,04-Nov-2022 06:38:04.083,-35.2183760621422,-5.8189952813059245,10.825882911682129,4.0,46.079043132517214,21.286584854125977,-0.45,4.77,9.85,0.13,13.33,0.11,-0.03,-0.07,0.19,14.9,7.45,29.4,27.84,98,17.13,11.42,1008.68,14.5,648.5,2,431.68,82.28,253.93,1914,0,57,2.23,18.04,22.75,1465.5,27.84,0.13,1.34,22.29,31.37,-14.84,0,0,-,0.1,4,46.08,21.29,-5.82,-35.22,23,3.54,2.99,30,32.15,12.45,8.03,3.66,90.81,35.18,0.01,0.04,53.63,0,46.37,2166.78,3.53,226,38.97,38,13.33,-12,14.06,5.69,17.56,16.08,0.37,320.45,117.11,81.31,35.8,-12.21,14.22,14.4,38
Fri Nov 04 06:38:05 GMT-03:00 2022,04-Nov-2022 06:38:05.079,-35.21834212445513,-5.818905833405923,10.528180122375488,4.0,46.087745227089464,21.333084106445312,-0.2,4.56,7.39,-0.1,13.33,-0.03,-0.12,-0.04,-0.01,14.9,7.45,13.51,27.84,98,17.41,11.66,1008.66,14.5,647.8,0.92,423.27,103.79,253.94,1914,0,57,2.23,29.02,23.14,925.5,27.84,0.14,1.49,24.85,31.37,-14.84,0,0,-,0.1,4,46.09,21.33,-5.82,-35.22,24,1.97,2.99,30,25.48,12.45,8.03,4.08,71.99,35.18,0.91,0.07,54.02,0,45.98,2166.78,3.53,227,37.9,37,13.73,17,14.06,5.89,16.97,16.64,0.39,320.45,118.09,82.3,35.8,-11.86,14.22,14.4,33
Fri Nov 04 06:38:06 GMT-03:00 2022,04-Nov-2022 06:38:06.080,-35.21830901969868,-5.8188202464346475,10.13316822052002,4.0,46.13773965684254,21.498022079467773,-0.37,5,7.3,-0.09,12.94,0.1,-0.23,0.03,0.08,14.9,7.45,13.29,27.84,98,17.67,11.89,1008.71,14.5,647.8,0.9,414.77,83.34,253.94,1914,0,57,-,24.31,23.14,989.5,27.84,0.14,1.17,19.43,31.37,-15.62,0,0,-,0.1,4,46.14,21.5,-5.82,-35.22,24,1.9,-,30,31.74,12.45,8.03,3.19,89.65,35.18,0.92,0.1,54.4,0,45.6,2049.41,3.14,228,36.48,36,13.33,1.5,-,6.15,16.27,17.37,0.39,320.47,119.1,83.3,35.8,-11.23,14.22,14.6,30
Fri Nov 04 06:38:07 GMT-03:00 2022,04-Nov-2022 06:38:07.080,-35.21827886450553,-5.81874100111061,9.247512817382812,4.0,46.10905080299724,21.091968536376953,-0.99,5.35,7.83,0.04,12.94,0.04,-0.02,-0.02,0.08,14.9,7.45,13.29,27.84,98,17.85,12.06,1008.75,14.5,647.8,0.9,406.4,71.42,253.95,1914,0,58,-,20.39,16.08,909.5,27.84,0.14,0.97,16.2,31.37,-15.62,0,0,-,0.1,4,46.11,21.09,-5.82,-35.22,26,5.48,-,30,37.03,12.45,8.03,2.66,104.61,35.18,0.92,0.1,54.78,0,45.22,2049.41,3.14,230,33.29,31,13.33,1.5,-,6.22,16.07,17.57,0.41,320.47,120.1,84.3,35.8,-11.95,14.22,14.6,27
Fri Nov 04 06:38:08 GMT-03:00 2022,04-Nov-2022 06:38:08.081,-35.21825062217862,-5.818668641091137,8.554632186889648,4.0,45.769089077301274,21.144084930419922,-2.1,5.77,7.89,0.03,12.55,0.06,-0.19,0.03,0.04,18.43,9.41,14.04,27.84,98,18.03,12.24,1008.69,14.5,645.7,0.95,403.89,301.22,253.95,1914,0,58,-,44.31,27.06,1568,27.84,0.14,3.53,58.84,31.37,-17.19,0,0,-,0.1,4,45.77,21.14,-5.82,-35.22,25,2.29,-,30,8.78,12.45,8.03,9.66,24.8,35.18,0.91,0.94,55.15,0,44.85,1952.11,2.35,231,30.8,31,12.94,6,-,6.25,16.01,17.65,0.41,320.49,121.09,85.29,35.8,-4.42,14.22,14.5,37
Fri Nov 04 06:38:09 GMT-03:00 2022,04-Nov-2022 06:38:09.079,-35.218227283707456,-5.8185931418107275,8.783595085144043,4.0,45.86462993406867,18.012691497802734,-0.36,5.47,9.63,0.14,17.65,0.06,0,0.09,0.02,23.14,11.76,14.7,27.84,98,18.2,12.41,1008.7,14.5,645.7,1,401.6,305.59,253.95,1914,0,58,-,41.18,37.65,1750.5,27.84,0.14,3.58,59.69,31.37,-12.5,-2.34,1.56,-,0.1,4,45.86,18.01,-5.82,-35.22,24,0.2,-,30,8.66,12.45,8.03,9.8,24.45,35.18,0.08,0.9,55.52,0,44.48,1952.11,7.84,232,31.62,31,18.82,23,-,6.27,15.95,17.71,0.43,320.49,122.09,86.29,35.8,-8.57,14.22,14.4,38
Fri Nov 04 06:38:10 GMT-03:00 2022,04-Nov-2022 06:38:10.080,-35.218202062266464,-5.818515805284652,9.064506530761719,4.0,45.735739103669374,18.045623779296875,-0.85,6.51,8.17,0.08,20.39,0.03,-0.02,0.05,0.02,26.67,13.73,14.7,27.84,98,18.2,12.41,1008.71,14.5,645.7,1,401.6,305.59,253.95,1914,0,58,-,41.18,47.45,1750.5,27.84,0.14,3.58,59.69,31.76,-12.5,-2.34,-3.12,-,0.1,4,45.74,18.05,-5.82,-35.22,22,0.2,-,30,8.66,12.45,8.03,9.8,24.45,35.18,0.37,0.84,55.88,0,44.12,1873.24,10.59,233,32.63,31,17.65,23,-,6.27,15.95,17.71,0.43,320.51,123.08,87.29,35.8,-8.57,14.26,14.5,38
Fri Nov 04 06:38:11 GMT-03:00 2022,04-Nov-2022 06:38:11.080,-35.2181722951165,-5.818433877772395,9.661019325256348,4.0,45.49678197843222,20.05362319946289,-0.11,5.69,7.64,-0.02,20.39,0.01,-0.09,0.12,-0.07,26.67,13.73,14.7,27.84,98,18.41,12.6,1008.73,14.5,645.7,1,402.02,420.03,257.12,1914,0,58,-,59.61,47.45,1581,27.84,0.14,4.92,82.05,31.76,-12.5,-5.47,-3.91,-,0.1,4,45.5,20.05,-5.82,-35.22,23,1.37,-,30,6.3,12.45,8.03,13.47,17.79,35.18,0.09,0.8,56.23,0,43.77,1952.55,10.59,233,34.78,34,19.61,18.5,-,6.27,15.95,17.71,0.45,320.51,124.08,88.29,35.8,-7.2,14.22,14.5,41
Fri Nov 04 06:38:12 GMT-03:00 2022,04-Nov-2022 06:38:12.082,-35.21813946373199,-5.818345337644708,10.375926971435547,4.0,45.12808089222649,20.254207611083984,-1.6,5.86,8.49,0.08,19.22,0.02,-0.12,0.06,-0.01,26.67,13.33,14.7,27.84,98,18.65,12.82,1008.72,14.5,637.4,1,400.53,334.63,253.95,1914,0,58,10.58,57.25,51.37,1521.5,27.84,0.14,4.3,71.69,31.37,-12.5,-3.91,-5.47,-,0.11,4,45.13,20.25,-5.82,-35.22,22,2.22,14.19,30,7.9,12.45,8.03,11.77,22.33,35.18,0.65,0.79,56.58,0,43.42,1953.93,9.41,235,37.35,37,18.43,18.5,66.42,6.29,15.91,17.75,0.45,320.53,125.08,89.28,35.8,-7.44,14.24,14.5,42
Fri Nov 04 06:38:13 GMT-03:00 2022,04-Nov-2022 06:38:13.081,-35.21810481016129,-5.818251244290097,11.007055282592773,4.0,44.70530161939979,20.24405860900879,-0.82,6.14,9.68,0.18,17.65,0.01,-0.1,-0.03,0.04,22.75,12.16,14.7,27.84,98,18.91,13.05,1008.71,14.5,637.4,1,397.02,239.31,253.94,1914,0,58,10.58,47.06,43.14,1501,27.84,0.14,3.35,55.79,31.37,-12.5,-1.56,-0.78,-,0.11,4,44.71,20.24,-5.82,-35.22,24,1.65,14.19,30,11.05,12.45,8.03,9.16,31.22,35.18,0.09,0.78,56.93,0,43.07,2041.11,7.45,236,39.63,39,17.65,20,66.42,6.33,15.8,17.88,0.47,320.53,126.1,90.3,35.8,-8.79,14.22,14.4,41
Fri Nov 04 06:38:14 GMT-03:00 2022,04-Nov-2022 06:38:14.081,-35.21807031076855,-5.818152863939029,11.56766414642334,4.0,44.30743666193737,19.75276756286621,-1.09,4.58,8.01,-0.04,17.65,-0.25,-0.1,-0.06,-0.26,23.53,12.16,14.7,27.84,98,19.19,13.3,1008.75,14.5,637.4,1,393.8,245.63,253.94,1914,0,58,9.69,49.8,42.75,1453.5,27.84,0.15,3.62,60.36,31.37,-12.5,-1.56,-0.78,-,0.11,4,44.31,19.75,-5.82,-35.22,22,1.37,12.99,30,10.77,12.45,8.03,9.91,30.42,35.18,0.09,0.78,57.27,0,42.73,2034.81,7.45,237,41.64,41,17.65,19.5,63.64,6.37,15.7,18,0.47,320.55,127.09,91.29,35.8,-8.24,14.2,14.4,42
Fri Nov 04 06:38:15 GMT-03:00 2022,04-Nov-2022 06:38:15.081,-35.218035787598815,-5.818052568561057,12.018784523010254,4.0,44.27664371060306,19.324308395385742,-1.24,5.24,8.18,0.01,16.08,0.1,-0.12,0,0.12,21.18,10.98,14.7,27.84,98,19.19,13.3,1008.8,14.5,636.6,1,393.8,245.63,253.94,1914,0,58,9.69,49.8,33.33,1453.5,27.84,0.15,3.62,60.36,31.37,-13.28,-1.56,-4.69,-,0.11,4,44.28,19.32,-5.82,-35.22,21,1.37,12.99,30,10.77,12.45,8.03,9.91,30.42,35.18,0.69,0.77,57.61,0,42.39,2034.81,5.88,237,43.27,41,17.65,19.5,63.64,6.37,15.7,18,0.49,320.57,128.09,92.3,35.8,-8.24,14.2,14.5,42
Fri Nov 04 06:38:16 GMT-03:00 2022,04-Nov-2022 06:38:16.081,-35.217999504352036,-5.817944301044734,12.46217155456543,4.0,43.776754733495515,19.119531631469727,-1.55,6.06,9.16,0.14,15.29,0.1,-0.02,0.03,0.11,21.57,10.98,14.7,27.84,98,19.5,13.57,1008.85,14.5,636.6,1,388.95,161.03,253.94,1914,0,59,7.97,36.86,30.2,1368.5,27.84,0.15,2.5,41.6,31.37,-13.28,-4.69,-5.47,-,0.11,4,43.78,19.12,-5.82,-35.22,25,0.73,10.68,30,16.43,12.45,8.03,6.83,46.4,35.18,0.81,0.76,57.93,0,42.07,2028.03,5.49,238,44.86,44,15.69,21.5,55.59,6.46,15.47,18.26,0.49,320.57,129.09,93.3,35.8,-10.04,14.18,14.4,39
Fri Nov 04 06:38:17 GMT-03:00 2022,04-Nov-2022 06:38:17.081,-35.217962199157654,-5.81783561875648,12.730463027954102,4.0,43.47372369673544,18.97563934326172,-0.64,5.04,7.64,-0.05,14.9,-0.07,-0.18,-0.11,-0.02,16.08,8.63,14.7,27.84,98,19.81,13.84,1008.93,14.5,636.2,1,383.9,141.48,253.94,1914,0,59,7.97,36.08,26.67,1341.5,27.84,0.15,2.35,39.23,31.37,-13.28,-7.81,-5.47,-,0.11,4,43.47,18.98,-5.82,-35.22,27,0.14,10.68,30,18.69,12.45,8.03,6.44,52.81,35.18,0.08,0.76,58.26,0,41.74,2119.48,4.71,239,45.83,45,15.69,21,55.59,6.57,15.21,18.57,0.52,320.6,130.1,94.31,35.8,-10.04,14.18,14.4,37
Fri Nov 04 06:38:18 GMT-03:00 2022,04-Nov-2022 06:38:18.081,-35.217926899898295,-5.817727916912965,12.686271667480469,4.0,43.297709304031606,18.83296775817871,-0.89,5.15,7.29,-0.07,12.94,-0.05,-0.04,-0.1,0,14.9,8.63,14.7,27.84,98,20.12,14.1,1009,14.5,636.2,1,377.83,80.34,253.95,1914,0,59,2.52,22.75,26.67,1311.5,27.84,0.15,1.37,22.78,31.37,-15.62,-5.47,-6.25,-,0.11,4,43.3,18.83,-5.82,-35.22,23,0.83,3.38,30,32.92,12.45,8.03,3.74,93,35.18,0.87,0.76,58.58,0,41.42,2015.69,3.14,240,45.67,45,13.33,0,18.37,6.81,14.68,19.24,0.52,320.6,131.1,95.3,35.8,-11.86,14.16,14.5,32
Fri Nov 04 06:38:19 GMT-03:00 2022,04-Nov-2022 06:38:19.081,-35.217891329411444,-5.8176226708586025,12.320334434509277,4.0,43.123201603890905,18.92970848083496,-0.49,5.28,8.54,0.04,12.94,0,-0.11,-0.01,0.02,14.9,7.45,14.7,27.84,98,20.4,14.35,1009.01,14.5,636.2,1,371.84,72.61,257.13,1914,0,59,2.52,18.04,15.69,1340,27.84,0.15,1.24,20.59,31.76,-15.62,0,-6.25,-,0.11,4,43.12,18.93,-5.82,-35.22,25,2.67,3.38,30,36.43,12.45,8.03,3.38,102.91,35.18,0.87,0.76,58.89,0,41.11,2015.69,3.14,242,44.35,43,13.33,0,18.37,6.87,14.55,19.42,0.54,320.62,132.1,96.3,35.8,-12.06,14.16,14.5,28
Fri Nov 04 06:38:20 GMT-03:00 2022,04-Nov-2022 06:38:20.081,-35.21785680789288,-5.817522847000135,11.849513053894043,4.0,43.148689855930186,19.46400260925293,-0.13,5.13,8.14,-0.01,12.94,0.06,0,0,0.09,14.9,7.45,29.4,27.84,98,20.64,14.57,1009.02,14.5,635.6,2,366.13,74.86,257.13,1914,0,59,2.52,18.43,16.47,1322,27.84,0.15,1.22,20.28,31.76,-15.62,0,0,-,0.11,4,43.15,19.46,-5.82,-35.22,24,3.35,3.38,30,35.33,12.45,8.03,3.33,99.81,35.18,0.01,0.76,59.2,0,40.8,1923.42,3.14,243,42.66,41,13.33,-10.5,18.37,7.13,14.03,20.13,0.54,320.62,133.1,97.3,35.8,-12.14,14.26,14.5,25
Fri Nov 04 06:38:21 GMT-03:00 2022,04-Nov-2022 06:38:21.080,-35.21782130217165,-5.817425921467375,11.323627471923828,4.0,43.14832374413798,20.36124038696289,-2.92,4.2,9,0.07,12.94,-0.11,-0.04,-0.01,-0.12,15.29,7.84,29.4,27.84,98,20.87,14.78,1009.03,14.5,635.6,2,365.65,340.45,257.15,1914,0,59,-,59.22,16.86,1432.5,27.84,0.15,5.28,87.96,31.76,-15.62,0,0,-,0.11,4,43.15,20.36,-5.82,-35.22,25,2.66,-,30,7.77,12.45,8.03,14.44,21.95,35.18,0,0.01,59.5,0,40.5,1923.42,3.14,244,40.77,40,13.33,-11.5,-,7.13,14.02,20.14,0.57,320.62,134.09,98.29,35.8,-4.13,14.26,14.5,36
Fri Nov 04 06:38:22 GMT-03:00 2022,04-Nov-2022 06:38:22.081,-35.21778517151045,-5.817327652193204,11.4055757522583,4.0,43.30925311697647,20.488428115844727,-0.49,6.41,8.02,0.06,18.82,0.01,-0.02,0.09,-0.04,25.88,13.33,13.77,27.84,98,20.87,14.78,1008.98,14.5,635.6,0.94,365.65,340.45,257.15,1914,0,60,-,59.22,52.55,1432.5,27.84,0.15,5.28,87.96,31.76,-12.5,0,0,-,0.11,4,43.31,20.49,-5.82,-35.22,25,2.66,-,30,7.77,12.45,8.03,14.44,21.95,35.18,0.91,0.08,59.8,0,40.2,1844.84,9.02,245,41.06,40,19.22,16.5,-,7.13,14.02,20.14,0.57,320.65,135.09,99.3,35.8,-4.13,14.22,14.5,36
Fri Nov 04 06:38:23 GMT-03:00 2022,04-Nov-2022 06:38:23.082,-35.21775067027556,-5.8172290335986,11.395288467407227,4.0,42.846023945049694,20.033475875854492,-0.81,7.14,9.33,0.21,18.82,0.13,0.01,0.11,0.09,25.88,13.33,13.77,27.84,98,21.09,14.99,1008.93,14.5,635.6,0.94,364.22,288.55,257.14,1914,0,60,-,59.22,52.55,1535.5,27.84,0.15,4.36,72.73,31.76,-12.5,-4.69,-1.56,-,0.11,4,42.85,20.03,-5.82,-35.22,22,1.06,-,30,9.17,12.45,8.03,11.94,25.89,35.18,0.11,0.86,60.1,0,39.9,1844.84,9.02,245,41.02,40,19.61,19.5,-,7.15,13.99,20.19,0.59,320.65,136.09,100.29,35.8,-6.59,14.26,14.5,40
Fri Nov 04 06:38:24 GMT-03:00 2022,04-Nov-2022 06:38:24.081,-35.21771362892126,-5.817128409141248,11.846650123596191,4.0,42.981784879311,20.340377807617188,-0.68,5.81,7.29,-0.04,19.61,-0.07,-0.05,-0.01,-0.07,27.45,14.12,14.7,27.84,98,21.33,15.21,1008.9,14.5,630.3,1,363.82,342.19,257.14,1914,0,60,7.62,64.31,52.94,1584,27.84,0.16,5.17,86.25,31.76,-12.5,-3.12,-1.56,-,0.12,4,42.98,20.34,-5.82,-35.22,23,0.98,10.22,30,7.73,12.45,8.03,14.16,21.83,35.18,0.11,0.86,60.39,0,39.61,1843.68,9.41,247,42.65,42,20.78,18,45.93,7.15,13.98,20.21,0.59,320.67,137.09,101.29,35.8,-5.75,14.28,14.5,45
Fri Nov 04 06:38:25 GMT-03:00 2022,04-Nov-2022 06:38:25.079,-35.21767607403338,-5.817023188436071,12.320384979248047,4.0,43.19473365550647,19.729110717773438,-0.63,6.1,7.72,0.02,20.78,-0.01,-0.04,0.04,-0.03,30.2,15.29,14.7,27.84,98,21.59,15.45,1008.9,14.5,630.3,1,363.44,342.47,257.14,1914,0,60,7.62,66.67,56.47,1648,27.84,0.16,5.44,90.64,31.76,-12.5,0.78,-0.78,-,0.12,4,43.19,19.73,-5.82,-35.22,24,1.35,10.22,30,7.72,12.45,8.03,14.88,21.82,35.18,0.79,0.82,60.68,0,39.32,1918.45,10.98,248,44.35,44,21.57,18,45.93,7.16,13.97,20.22,0.61,320.7,138.1,102.3,35.8,-5.59,14.14,14.4,49
Fri Nov 04 06:38:26 GMT-03:00 2022,04-Nov-2022 06:38:26.080,-35.21763719341798,-5.816915078836879,12.688382148742676,4.0,43.29929521450004,19.910057067871094,-0.89,6.8,7.92,0.08,20.78,0.06,-0.07,0.13,0,29.8,15.29,14.7,27.84,98,21.59,15.45,1008.89,14.5,629.8,1,363.1,344.04,257.14,1914,0,60,7.62,66.67,58.43,1648,27.84,0.16,5.72,95.39,31.76,-12.5,0.78,-0.78,-,0.12,4,43.3,19.91,-5.82,-35.22,24,1.35,10.22,30,7.69,12.45,8.03,15.66,21.72,35.18,0.79,0.81,60.96,0,39.04,1842.62,10.98,249,45.68,44,21.57,18,45.93,7.16,13.96,20.23,0.61,320.7,139.1,103.31,35.8,-5.48,14.14,14.5,52
Fri Nov 04 06:38:27 GMT-03:00 2022,04-Nov-2022 06:38:27.084,-35.21759766647941,-5.816804747790734,13.026437759399414,4.0,43.359320985029456,20.11299705505371,-0.96,5.78,7.78,0,20.78,-0.02,-0.05,0.06,-0.06,29.8,15.29,14.7,27.84,98,21.87,15.69,1008.9,14.5,629.8,1,363.1,344.04,257.14,1914,0,60,7.62,72.94,58.43,1641.5,27.84,0.16,5.72,95.39,31.76,-11.72,-0.78,-3.12,-,0.12,4,43.36,20.11,-5.82,-35.22,23,0.32,10.22,30,7.69,12.45,8.03,15.66,21.72,35.18,0.63,0.79,61.24,0,38.76,1917.7,10.98,249,46.9,46,23.14,15.5,45.93,7.16,13.96,20.23,0.64,320.7,140.1,104.3,35.8,-5.48,14.14,14.5,52
Fri Nov 04 06:38:28 GMT-03:00 2022,04-Nov-2022 06:38:28.082,-35.217555874070065,-5.816688480879535,13.501199722290039,4.0,43.5388124527481,20.289060592651367,-0.71,5.46,7.53,-0.04,22.75,0.03,-0.08,0.09,0,30.59,15.69,14.7,27.84,98,22.16,15.95,1008.9,14.5,632.6,1,362.91,352.41,253.96,1914,0,60,7.75,74.51,63.14,1654.5,27.84,0.17,6.13,102.15,31.37,-11.72,-0.78,-1.56,-,0.12,4,43.54,20.29,-5.82,-35.22,25,1.1,10.39,30,7.51,12.45,8.03,16.77,21.2,35.18,0.53,0.77,61.51,0,38.49,1915.78,12.94,251,48.6,48,23.53,15,44.73,7.17,13.96,20.24,0.64,320.72,141.09,105.29,35.8,-4.8,14.14,14.5,55
Fri Nov 04 06:38:29 GMT-03:00 2022,04-Nov-2022 06:38:29.082,-35.217512233460354,-5.816568856073535,13.906278610229492,4.0,43.668844850096896,20.12318229675293,-1.1,6.2,7.76,0.03,23.14,-0.02,-0.1,0,-0.02,30.59,15.69,14.7,27.84,98,22.45,16.21,1008.89,14.5,632.6,1,362.51,338.93,253.96,1914,0,60,7.75,74.51,63.92,1669,27.84,0.17,6.15,102.51,31.37,-11.72,-0.78,-2.34,-,0.12,4,43.67,20.12,-5.82,-35.22,24,0.4,10.39,30,7.8,12.45,8.03,16.83,22.04,35.18,0.62,0.76,61.78,0,38.22,1992.53,12.94,252,50.06,49,23.53,15,44.73,7.17,13.94,20.26,0.67,320.75,142.1,106.3,35.8,-4.85,14.08,14.5,58
Fri Nov 04 06:38:30 GMT-03:00 2022,04-Nov-2022 06:38:30.080,-35.217469068694875,-5.816447212111344,14.283390998840332,4.0,43.83369263851781,19.870014190673828,-1.03,5.72,7.67,-0.01,23.14,0.04,-0.08,0.07,0,30.59,15.69,14.7,27.84,98,22.76,16.49,1008.82,14.5,638.8,1,361.99,331.42,253.95,1914,0,60,7.28,74.51,64.31,1659,27.84,0.17,6.14,102.33,31.37,-11.72,-0.78,-2.34,-,0.13,4,43.83,19.87,-5.82,-35.22,22,0.94,9.76,30,7.98,12.45,8.03,16.8,22.54,35.18,0.62,0.76,62.05,0,37.95,1986.09,13.33,253,51.42,51,23.53,15,41.89,7.18,13.93,20.28,0.67,320.75,143.09,107.3,35.8,-4.95,14.08,14.4,59
Fri Nov 04 06:38:31 GMT-03:00 2022,04-Nov-2022 06:38:31.081,-35.217424491201236,-5.816323022995956,14.575736999511719,4.0,44.070116235665424,19.855575561523438,-0.61,6.52,8.14,0.08,23.14,0.03,-0.04,0.05,0.01,30.59,15.69,14.7,27.84,98,22.76,16.49,1008.79,14.5,644.5,1,361.99,331.42,253.95,1914,0,60,7.28,74.51,64.31,1659,27.84,0.17,6.14,102.33,31.37,-11.72,0,-0.78,-,0.13,4,44.07,19.86,-5.82,-35.22,23,0.94,9.76,30,7.98,12.45,8.03,16.8,22.54,35.18,0.77,0.75,62.31,0,37.69,1986.09,13.33,253,52.47,51,23.53,15,41.89,7.18,13.93,20.28,0.7,320.78,144.1,108.3,35.8,-4.95,14.14,14.4,59
Fri Nov 04 06:38:32 GMT-03:00 2022,04-Nov-2022 06:38:32.080,-35.21737946114036,-5.816196863645432,14.829498291015625,4.0,44.44955212075985,19.900936126708984,-0.57,5.86,7.93,0.02,23.14,0,-0.04,0.03,0,30.59,15.69,14.7,27.84,98,23.09,16.77,1008.76,14.5,644.5,1,361.17,312.17,253.95,1914,0,60,7.32,74.12,63.92,1649.5,27.84,0.17,6.02,100.32,31.37,-11.72,-0.78,-2.34,-,0.13,4,44.45,19.9,-5.82,-35.22,24,0.53,9.81,30,8.47,12.45,8.03,16.47,23.93,35.18,0.75,0.75,62.58,0,37.42,1979.85,11.76,255,53.39,53,22.75,15.5,42.36,7.19,13.91,20.31,0.7,320.78,145.1,109.31,35.8,-5.08,14.16,14.5,60
Fri Nov 04 06:38:33 GMT-03:00 2022,04-Nov-2022 06:38:33.080,-35.21733074305064,-5.816070179908543,14.934893608093262,4.0,44.74144342036872,20.587867736816406,-1.07,5.19,7.5,-0.05,21.18,0.04,-0.1,0,0.05,28.24,14.51,14.7,27.84,98,23.4,17.05,1008.69,14.5,650.1,1,359.15,235.46,253.95,1914,0,60,7.32,61.96,60,1601,27.84,0.18,4.72,78.64,31.37,-12.5,1.56,2.34,-,0.13,4,44.74,20.59,-5.82,-35.22,21,0.39,9.81,30,11.23,12.45,8.03,12.91,31.73,35.18,0.07,0.74,62.83,0,37.17,1979.85,11.76,256,53.77,53,18.43,-2.5,42.36,7.22,13.85,20.4,0.73,320.81,146.08,110.29,35.8,-7.07,14.16,14.5,58
Fri Nov 04 06:38:34 GMT-03:00 2022,04-Nov-2022 06:38:34.081,-35.21728413092075,-5.815944640035895,14.8419828414917,4.0,44.88865298980013,20.414173126220703,-1.65,5.21,7.02,-0.08,15.29,0,-0.12,0.01,-0.01,14.9,7.45,14.7,27.84,98,23.71,17.32,1008.71,14.5,650.1,1,357.49,254.79,253.95,1914,0,60,7.32,48.63,27.84,1617.5,27.84,0.18,5.11,85.09,31.37,-12.5,3.91,2.34,-,0.13,4,44.89,20.41,-5.82,-35.22,21,1.77,9.81,30,10.38,12.45,8.03,13.97,29.32,35.18,0.07,0.74,63.08,0,36.92,1898.38,5.49,257,53.43,52,18.43,21,42.36,7.25,13.8,20.47,0.73,320.81,147.09,111.3,35.8,-6.22,14.16,14.5,57
Fri Nov 04 06:38:35 GMT-03:00 2022,04-Nov-2022 06:38:35.080,-35.217238317786965,-5.815817845686358,14.982760429382324,4.0,44.511282722668625,20.243289947509766,-1.13,5.61,8.03,0.02,18.43,0.03,-0.07,0.04,0.02,25.1,12.94,14.7,28.24,98,23.71,17.32,1008.69,14.5,652.3,1,357.49,254.79,253.95,1914,0,60,7.32,48.63,43.14,1617.5,28.24,0.18,5.11,85.09,31.37,-12.5,3.91,-1.56,-,0.13,4,44.51,20.24,-5.82,-35.22,23,1.77,9.81,30,10.38,12.45,8.03,13.97,29.32,35.18,0.8,0.73,63.33,0,36.67,1898.38,8.63,257,53.94,52,18.82,21,42.36,7.25,13.8,20.47,0.76,320.81,148.09,112.29,35.8,-6.22,14.26,14.5,57
Fri Nov 04 06:38:36 GMT-03:00 2022,04-Nov-2022 06:38:36.079,-35.21719181684059,-5.815685807028736,15.450239181518555,4.0,44.06659365926431,19.498876571655273,-0.85,5.42,7.25,-0.06,18.43,0.06,-0.06,0.04,0.05,22.35,11.37,14.7,28.24,98,24.03,17.61,1008.77,14.5,652.3,1,355.31,217.87,253.95,1914,0,61,10.23,49.8,42.35,1720.5,28.24,0.18,4.28,71.39,31.37,-12.5,-2.34,-3.91,-,0.13,4,44.07,19.5,-5.82,-35.22,22,1.06,13.71,30,12.14,12.45,8.03,11.72,34.29,35.18,0.69,0.72,63.58,0,36.42,1896.49,8.24,258,55.62,55,18.82,21.5,56.76,7.29,13.73,20.58,0.76,320.84,149.09,113.29,35.8,-7.62,14.16,14.4,55
Fri Nov 04 06:38:37 GMT-03:00 2022,04-Nov-2022 06:38:37.079,-35.21714461370364,-5.8155497262044475,15.82680606842041,4.0,43.573145123218175,19.50824546813965,-1.09,4.98,7.64,-0.05,14.51,-0.06,-0.06,-0.05,-0.03,14.9,7.45,14.7,28.24,98,24.36,17.9,1008.82,14.5,653.9,1,352.5,172.77,253.95,1914,0,61,10.23,41.18,20.78,1655,28.24,0.18,3.59,59.88,31.37,-13.28,-0.78,-3.91,-,0.14,4,43.57,19.51,-5.82,-35.22,25,0.38,13.71,30,15.31,12.45,8.03,9.83,43.25,35.18,0.82,0.71,63.82,0,36.18,1970.71,4.31,259,56.98,56,16.86,0.5,56.76,7.35,13.61,20.76,0.79,320.87,150.09,114.29,35.8,-9.08,14.26,14.5,50
Fri Nov 04 06:38:38 GMT-03:00 2022,04-Nov-2022 06:38:38.079,-35.217096498808914,-5.815413767231749,15.949128150939941,4.0,42.945337479103195,19.605417251586914,-0.74,4.73,8.24,-0.02,13.33,-0.01,-0.11,-0.05,0.01,14.9,7.45,14.7,28.24,98,24.69,18.2,1008.9,14.5,653.9,1,348.17,66.98,253.95,1914,0,61,6.37,19.61,20.78,1542.5,28.24,0.18,1.42,23.63,31.37,-14.84,-7.81,-8.59,-,0.14,4,42.95,19.61,-5.82,-35.22,25,0.02,8.54,30,39.49,12.45,8.03,3.88,111.56,35.18,0.88,0.71,64.06,0,35.94,1964.46,3.53,260,57.42,57,13.73,-1.5,39.42,7.4,13.51,20.9,0.79,320.87,151.08,115.29,35.8,-12.28,14.2,14.4,41
Fri Nov 04 06:38:39 GMT-03:00 2022,04-Nov-2022 06:38:39.080,-35.21704888211572,-5.815278239241062,15.906888961791992,4.0,42.96494844002581,19.547122955322266,-0.72,4.92,8.4,0.01,13.33,0.05,-0.12,-0.03,0.08,14.9,7.45,14.7,28.24,98,25.02,18.49,1008.98,14.5,653.9,1,343.86,59.19,253.95,1914,0,61,6.37,18.43,15.69,1388,28.24,0.18,1.28,21.26,31.37,-14.84,0,-8.59,-,0.14,4,42.96,19.55,-5.82,-35.22,24,0.42,8.54,30,44.69,12.45,8.03,3.49,126.24,35.18,0.88,0.71,64.29,0,35.71,1964.46,3.53,262,57.26,57,13.73,-1.5,39.42,7.45,13.42,21.04,0.82,320.87,152.09,116.29,35.8,-12.36,14.2,14.4,35
Fri Nov 04 06:38:40 GMT-03:00 2022,04-Nov-2022 06:38:40.084,-35.21699815423385,-5.815142024046912,15.947294235229492,4.0,42.50961817951429,20.257707595825195,-1,5.03,8.62,0.03,12.94,0.01,-0.1,-0.03,0.04,15.29,7.84,29.4,28.24,98,25.33,18.76,1009.08,14.5,653.9,2,339.63,56.47,253.95,1914,0,61,6.37,18.04,15.69,1321.5,28.24,0.18,1.22,20.28,31.37,-15.62,0,0,-,0.14,4,42.51,20.26,-5.82,-35.22,24,1.26,8.54,30,46.84,12.45,8.03,3.33,132.3,35.18,0.01,0.61,64.53,0,35.47,1887.98,3.14,263,57.41,56,13.33,-12,39.42,7.5,13.34,21.18,0.83,320.9,153.08,117.29,35.8,-12.23,14.22,14.4,30
Fri Nov 04 06:38:41 GMT-03:00 2022,04-Nov-2022 06:38:41.082,-35.216948548573704,-5.815006204810607,15.727910995483398,4.0,42.22921540742937,20.26234245300293,-0.99,4.86,8.21,-0.01,12.94,-0.03,-0.12,-0.03,-0.01,14.9,7.45,29.4,28.24,98,25.63,19.04,1009.09,14.5,653.9,2,335.52,55.93,253.95,1914,0,61,-,18.04,15.69,1333.5,28.24,0.18,1.18,19.74,31.37,-15.62,0,0,-,0.14,4,42.23,20.26,-5.82,-35.22,21,1.41,-,30,47.29,12.45,8.03,3.24,133.59,35.18,0,0.01,64.76,0,35.24,1851.58,3.14,264,56.62,56,13.33,-11.5,-,7.54,13.25,21.31,0.83,320.92,154.09,118.29,35.8,-12.18,14.16,14.4,26
Fri Nov 04 06:38:42 GMT-03:00 2022,04-Nov-2022 06:38:42.081,-35.21689994744068,-5.814872562994385,15.465459823608398,4.0,42.22999519881728,20.263303756713867,-1.02,5.01,9.06,0.07,13.33,0.09,-0.1,0.01,0.1,14.9,7.45,29.4,28.24,98,25.63,19.04,1009.13,14.5,653.9,2,331.6,60.76,257.13,1914,0,62,-,18.04,16.86,1333.5,28.24,0.19,1.29,21.44,31.76,-15.62,0,0,-,0.14,4,42.23,20.26,-5.81,-35.22,22,1.41,-,30,43.53,12.45,8.03,3.52,122.97,35.18,0,0,64.98,0,35.02,1851.58,3.14,265,55.68,56,13.33,-11.5,-,7.59,13.17,21.45,0.87,320.92,155.08,119.29,35.8,-12,14.16,14.4,24
Fri Nov 04 06:38:43 GMT-03:00 2022,04-Nov-2022 06:38:43.080,-35.21685470629047,-5.814746476299623,14.907784461975098,4.0,42.29166301695764,20.21531867980957,-0.34,5.04,7.86,-0.04,12.94,-0.03,-0.1,-0.02,-0.01,14.9,7.45,29.4,28.24,98,25.91,19.29,1009.15,14.5,652,2,331.6,60.76,257.13,1914,0,62,-,18.43,16.86,1370.5,28.24,0.19,1.29,21.44,31.76,-15.62,0,0,-,0.14,4,42.29,20.22,-5.81,-35.22,21,1.68,-,30,43.53,12.45,8.03,3.52,122.97,35.18,0,0,65.21,0,34.79,1783.73,3.14,265,53.67,54,13.33,-10.5,-,7.59,13.17,21.45,0.87,320.95,156.1,120.31,35.8,-12,14.2,14.4,24
Fri Nov 04 06:38:44 GMT-03:00 2022,04-Nov-2022 06:38:44.081,-35.21681090877107,-5.814625749502752,14.41340446472168,4.0,42.434173445787195,20.198089599609375,-1.17,5.49,8.56,0.05,14.12,-0.18,-0.07,-0.14,-0.11,14.9,7.45,22.53,28.24,98,26.16,19.52,1009.12,14.5,652,1.53,327.79,61.58,260.3,1914,0,62,-,20,16.47,1360,28.24,0.19,1.26,20.95,32.16,-14.06,0,0,-,0.14,4,42.43,20.2,-5.81,-35.22,23,2.67,-,30,42.95,12.45,8.03,3.44,121.33,35.18,0.01,0,65.43,0,34.57,1783.73,4.31,267,51.89,51,14.51,30,-,7.64,13.09,21.58,0.9,320.95,157.09,121.29,35.8,-12.12,14.2,14.5,22
Fri Nov 04 06:38:45 GMT-03:00 2022,04-Nov-2022 06:38:45.082,-35.21677013605825,-5.814510731790323,13.749933242797852,4.0,42.55095232063495,19.814390182495117,-1.05,5.38,8.32,0.03,13.33,0.16,-0.06,0.1,0.14,14.9,7.45,13.41,28.24,98,26.38,19.73,1009.17,14.5,652,0.91,324.09,61.41,260.3,1914,0,62,-,24.31,22.35,1276.5,28.24,0.19,1.18,19.74,32.16,-15.62,0,0,-,0.14,4,42.55,19.81,-5.81,-35.22,22,2.89,-,30,43.07,12.45,8.03,3.24,121.67,35.18,0.91,0.06,65.65,0,34.35,1725.86,3.14,268,49.5,49,13.33,12,-,7.68,13.01,21.71,0.9,320.98,158.1,122.31,35.8,-12.24,14.22,14.4,20
Fri Nov 04 06:38:46 GMT-03:00 2022,04-Nov-2022 06:38:46.080,-35.216733447629586,-5.814402237745343,12.656242370605469,4.0,42.4957486669085,18.501224517822266,-0.29,6.49,6.36,-0.06,13.33,0.27,0.12,0.34,0.07,14.9,7.45,13.41,28.24,98,26.55,19.91,1009.19,14.5,652,0.91,320.58,67.86,260.3,1914,0,62,-,24.71,22.35,1015,28.24,0.19,1.26,20.95,32.16,-12.5,0,0,-,0.14,4,42.5,18.5,-5.81,-35.22,22,4.5,-,30,38.97,12.45,8.03,3.44,110.1,35.18,0.89,0.09,65.86,0,34.14,1725.86,3.14,268,45.56,45,13.33,9.5,-,7.73,12.94,21.83,0.92,320.98,159.09,123.29,35.8,-11.95,14.2,14.4,19
Fri Nov 04 06:38:47 GMT-03:00 2022,04-Nov-2022 06:38:47.082,-35.216697230349006,-5.814292428310199,12.70626449584961,4.0,42.37999320237643,20.004573822021484,0.04,5.47,8.53,0.04,20,0,-0.06,0.04,-0.03,26.27,13.33,13.68,28.24,98,26.55,19.91,1009.16,14.5,646,0.93,320.35,303.53,260.3,1914,0,62,-,24.71,46.67,1015,28.24,0.19,5.16,86.07,32.16,-12.5,0,0,-,0.14,4,42.38,20,-5.81,-35.22,21,4.5,-,30,8.71,12.45,8.03,14.13,24.62,35.18,0.89,0.09,66.08,0,33.92,1676.82,9.8,270,45.74,45,13.33,9.5,-,7.74,12.93,21.85,0.92,321,160.09,124.3,35.8,-1.29,14.2,14.4,37
Fri Nov 04 06:38:48 GMT-03:00 2022,04-Nov-2022 06:38:48.079,-35.21665758754591,-5.814183182462979,12.812311172485352,4.0,42.670024607416615,20.846412658691406,-0.54,5.66,7.7,-0.01,19.22,-0.09,-0.08,0.02,-0.13,25.88,13.33,14.7,28.24,98,26.73,20.09,1009.13,14.5,638.1,1,320.35,303.53,260.3,1914,0,62,-,53.33,46.67,1934,28.24,0.19,5.16,86.07,32.16,-11.72,-1.56,-3.12,-,0.14,4,42.67,20.85,-5.81,-35.22,23,0.74,-,30,8.71,12.45,8.03,14.13,24.62,35.18,0.59,0.87,66.29,0,33.71,1676.82,9.41,271,46.12,45,20,21.5,-,7.74,12.93,21.85,0.95,321,161.09,125.29,35.8,-1.29,14.16,14.4,37
Fri Nov 04 06:38:49 GMT-03:00 2022,04-Nov-2022 06:38:49.081,-35.216615188878755,-5.814072971109947,12.884860038757324,6.0,42.54413889354336,21.387365341186523,-1.42,5.7,7.83,0.01,18.82,0.02,-0.12,-0.01,0.04,25.88,13.33,14.7,28.24,98,26.9,20.27,1009.11,14.5,638.1,1,318.98,260.14,260.3,1914,0,62,-,56.86,49.8,1548,28.24,0.19,4.43,73.76,32.16,-12.5,-3.12,-3.91,-,0.14,6,42.54,21.39,-5.81,-35.22,24,1.12,-,30,10.17,12.45,8.03,12.11,28.72,35.18,0.75,0.82,66.5,0,33.5,1631.4,9.02,272,46.39,45,19.22,19.5,-,7.77,12.87,21.94,0.95,321.03,162.09,126.29,35.8,-7.52,14.2,14.5,40
Fri Nov 04 06:38:50 GMT-03:00 2022,04-Nov-2022 06:38:50.080,-35.21657285872631,-5.813961535388264,13.04552173614502,6.0,42.70612827840206,20.73436737060547,-0.91,5.97,7.37,-0.02,18.82,-0.02,-0.1,0.03,-0.05,25.88,13.33,14.7,28.24,98,27.07,20.45,1009.07,14.5,638.1,1,318.98,260.14,260.3,1914,0,62,-,57.65,49.02,1548,28.24,0.19,4.43,73.76,32.16,-12.5,-2.34,-0.78,-,0.14,6,42.71,20.73,-5.81,-35.22,24,0.39,-,30,10.17,12.45,8.03,12.11,28.72,35.18,0.12,0.82,66.7,0,33.3,1680,8.63,272,46.96,46,19.22,19.5,-,7.77,12.87,21.94,0.97,321.06,163.1,127.3,35.8,-7.52,14.16,14.4,40
Fri Nov 04 06:38:51 GMT-03:00 2022,04-Nov-2022 06:38:51.080,-35.21653212284752,-5.813850315042578,13.173587799072266,6.0,42.930392055114545,20.092905044555664,-0.8,5.9,8.07,0.03,18.82,0.04,-0.04,0.03,0.03,25.88,13.33,14.7,28.24,98,27.26,20.63,1009,14.5,638.1,1,318.09,250.28,257.12,1914,0,62,-,57.25,49.02,1543.5,28.24,0.2,4.35,72.54,31.76,-12.5,2.34,-0.78,-,0.15,6,42.93,20.09,-5.81,-35.22,24,0.04,-,30,10.57,12.45,8.03,11.91,29.85,35.18,0.12,0.82,66.9,0,33.1,1682.99,8.63,273,47.42,47,19.22,19.5,-,7.79,12.84,22,0.97,321.06,164.09,128.29,35.8,-7.2,14.26,14.4,43
Fri Nov 04 06:38:52 GMT-03:00 2022,04-Nov-2022 06:38:52.080,-35.21649076867703,-5.813737841193998,13.31689453125,4.0,43.114308186761136,20.302188873291016,-0.24,5.99,8.26,0.05,18.82,-0.05,-0.08,0.01,-0.07,25.88,13.33,14.7,28.24,98,27.45,20.82,1008.94,14.5,633.3,1,317.12,242.69,257.12,1914,0,62,4.53,57.25,49.02,1541.5,28.24,0.2,4.31,71.87,31.76,-12.5,2.34,0,-,0.15,4,43.11,20.3,-5.81,-35.22,25,0.58,6.08,30,10.9,12.45,8.03,11.8,30.79,35.18,0.76,0.79,67.11,0,32.89,1732.34,8.63,275,47.94,48,19.22,19.5,28.08,7.81,12.8,22.06,1,321.06,165.09,129.29,35.8,-7.25,14.26,14.5,44
Fri Nov 04 06:38:53 GMT-03:00 2022,04-Nov-2022 06:38:53.083,-35.21644906875625,-5.813622074077,13.535364151000977,4.0,43.24617080697442,19.91483497619629,-0.46,5.43,8.07,0,18.43,0.05,-0.11,0.01,0.05,25.49,12.94,14.7,28.24,98,27.63,21.01,1008.98,14.5,633.3,1,316.07,233.81,257.12,1914,0,62,4.53,57.25,49.02,1532,28.24,0.2,4.24,70.72,31.76,-12.5,2.34,1.56,-,0.15,4,43.25,19.91,-5.81,-35.22,26,0.06,6.08,30,11.31,12.45,8.03,11.61,31.96,35.18,0.47,0.77,67.31,0,32.69,1686.64,8.63,276,48.73,48,18.43,18.5,28.08,7.83,12.76,22.13,1,321.08,166.1,130.31,35.8,-7.35,14.16,14.4,45
Fri Nov 04 06:38:54 GMT-03:00 2022,04-Nov-2022 06:38:54.083,-35.21640654005625,-5.813505603949279,13.611485481262207,4.0,43.269111230849994,20.074241638183594,-0.57,5.1,8.21,-0,16.08,-0.01,-0.04,-0.04,0.02,14.9,7.45,14.7,28.24,98,27.81,21.19,1009.02,14.5,633.3,1,313.44,105.53,257.12,1914,0,62,4.53,29.02,36.47,1337.5,28.24,0.2,1.92,31.92,31.76,-12.5,2.34,3.12,-,0.15,4,43.27,20.07,-5.81,-35.22,26,0.73,6.08,30,25.06,12.45,8.03,5.24,70.8,35.18,0.25,0.76,67.5,0,32.5,1686.64,6.27,277,49,48,18.43,18.5,28.08,7.96,12.57,22.48,1.03,321.08,167.09,131.29,35.8,-11.26,14.16,14.4,40
Fri Nov 04 06:38:55 GMT-03:00 2022,04-Nov-2022 06:38:55.081,-35.216365135381544,-5.813391758706125,13.340169906616211,4.0,43.21220301729968,20.8032169342041,-1.01,4.79,7.85,-0.04,12.94,0,-0.07,-0.07,0.05,14.9,7.45,14.7,28.24,98,27.81,21.19,1009,14.5,633.9,1,313.44,105.53,257.12,1914,0,62,4.53,29.02,36.47,1337.5,28.24,0.2,1.92,31.92,31.76,-15.62,-3.12,-5.47,-,0.15,4,43.21,20.8,-5.81,-35.22,23,0.73,6.08,30,25.06,12.45,8.03,5.24,70.8,35.18,0.8,0.75,67.69,0,32.31,1641.74,3.14,277,48.02,48,13.33,-1.5,28.08,7.96,12.57,22.48,1.03,321.11,168.09,132.29,35.8,-11.26,14.2,14.4,40
Fri Nov 04 06:38:56 GMT-03:00 2022,04-Nov-2022 06:38:56.082,-35.21632417449732,-5.813284185558892,12.746063232421875,4.0,43.013139367097075,20.91803550720215,-0.11,4.73,7.56,-0.08,12.94,0.01,0,-0.07,-0.04,14.9,7.45,29.4,28.24,98,27.96,21.35,1009.03,14.5,633.9,2,310.39,66.46,257.13,1914,0,63,-,18.04,15.29,1329.5,28.24,0.2,1.21,20.1,31.76,-15.62,0,0,-,0.15,4,43.01,20.92,-5.81,-35.22,21,3.02,-,30,39.8,12.45,8.03,3.3,112.43,35.18,0.01,0.7,67.88,0,32.12,1641.74,3.14,279,45.89,45,13.33,-12,-,8,12.5,22.59,1.05,321.11,169.09,133.3,35.8,-12.16,14.22,14.4,34
Fri Nov 04 06:38:57 GMT-03:00 2022,04-Nov-2022 06:38:57.081,-35.21628662733382,-5.813186540328456,11.643226623535156,4.0,43.06856975359594,20.657676696777344,-0,4.18,9.13,0.04,12.94,-0.01,-0.14,-0.11,0.04,14.9,7.45,29.4,28.24,98,28.1,21.5,1009.07,14.5,633.3,2,307.5,73.9,257.13,1914,0,63,-,18.43,15.69,1351.5,28.24,0.2,1.26,20.95,31.76,-15.62,0,0,-,0.15,4,43.07,20.66,-5.81,-35.22,24,2.89,-,30,35.79,12.45,8.03,3.44,101.11,35.18,0,0.01,68.07,0,31.93,1600.98,3.14,280,41.92,43,13.33,-11.5,-,8.04,12.44,22.7,1.05,321.13,170.1,134.3,35.8,-12.05,14.12,14.4,29
Fri Nov 04 06:38:58 GMT-03:00 2022,04-Nov-2022 06:38:58.081,-35.21625189796026,-5.813094801210484,10.885406494140625,4.0,42.73336230836773,20.35723114013672,-0.28,3.95,9.65,0.07,12.94,-0.1,-0.06,-0.12,-0.03,14.9,7.45,29.4,28.24,98,28.18,21.61,1009.13,14.5,633.3,2,304.86,87.9,260.3,1914,0,63,-,18.82,14.51,1478.5,28.24,0.2,1.43,23.82,32.16,-15.62,0,0,-,0.15,4,42.73,20.36,-5.81,-35.22,21,3.92,-,30,30.09,12.45,8.03,3.91,85,35.18,0,0.01,68.26,0,31.74,1600.98,3.14,281,39.19,38,13.73,-1.5,-,8.19,12.21,23.14,1.08,321.13,171.1,135.3,35.8,-11.76,14.12,14.4,27
Fri Nov 04 06:38:59 GMT-03:00 2022,04-Nov-2022 06:38:59.079,-35.216219143517556,-5.813009509447149,9.717851638793945,4.0,42.54620636222171,20.088573455810547,0.73,1.93,10.39,0.09,12.55,0.21,-0.28,-0.16,0.28,14.9,7.45,13.88,28.24,98,28.18,21.61,1009.14,14.5,632.4,0.94,304.86,87.9,260.3,1914,0,63,-,18.82,18.82,1478.5,28.24,0.2,1.43,23.82,32.16,-15.62,0,0,-,0.15,4,42.55,20.09,-5.81,-35.22,21,3.92,-,30,30.09,12.45,8.03,3.91,85,35.18,0.03,0.03,68.45,0,31.55,1567.58,2.75,281,34.98,38,13.73,-1.5,-,8.19,12.21,23.14,1.08,321.16,172.1,136.3,35.8,-11.76,14.2,14.1,27
Fri Nov 04 06:39:00 GMT-03:00 2022,04-Nov-2022 06:39:00.080,-35.21619964444672,-5.812957996330907,5.685752868652344,4.0,42.53994521002657,19.90961265563965,-1.25,3.63,9.86,0.09,12.55,0.04,-0.11,-0.26,0.17,14.9,7.45,13.26,28.24,98,28.17,21.64,1009.2,14.5,632.4,0.9,302.03,67.67,260.31,1914,0,63,-,21.18,18.04,950.5,28.24,0.2,0.97,16.2,32.16,-16.41,0,0,-,0.15,4,42.54,19.91,-5.81,-35.22,20,7.98,-,30,39.09,12.45,8.03,2.66,110.42,35.18,0.9,0.08,68.63,0,31.37,1567.58,2.75,282,20.47,27,12.94,17,-,8.23,12.15,23.24,1.09,321.16,173.09,137.29,35.8,-12.8,14.26,14.4,23
Fri Nov 04 06:39:01 GMT-03:00 2022,04-Nov-2022 06:39:01.085,-35.21618903384677,-5.812930104112486,2.825880527496338,4.0,42.61236846371113,19.383474349975586,-0.67,4.02,9.29,0.05,13.73,0.04,-0.05,-0.14,0.13,14.9,7.45,13.25,28.24,98,28.07,21.61,1009.27,14.5,630.9,0.9,299.59,94.16,260.32,1914,0,63,-,21.57,23.53,903.5,28.24,0.2,0.96,16.02,32.16,-16.41,0,0,-,0.15,4,42.61,19.38,-5.81,-35.22,18,4.47,-,30,28.09,12.45,8.03,2.63,79.35,35.18,0.89,0.1,68.81,0,31.19,1544.31,3.53,283,10.17,16,12.94,16.5,-,8.36,11.96,23.63,1.09,321.17,174.1,138.3,35.8,-11.88,14.22,14.4,21
Fri Nov 04 06:39:02 GMT-03:00 2022,04-Nov-2022 06:39:02.080,-35.21618331632526,-5.812915635890734,2.0958619117736816,4.0,42.57246900791006,19.20625114440918,-0.68,4.67,8.64,0.02,13.73,0,-0.05,-0.09,0.05,14.9,7.45,13.29,28.24,98,27.9,21.52,1009.26,14.5,630.9,0.9,299.28,273.08,260.32,1914,0,63,-,32.94,23.53,897,28.24,0.2,1.65,27.53,32.16,-14.84,0,0,-,0.15,4,42.57,19.21,-5.81,-35.22,19,2.17,-,30,9.69,12.45,8.03,4.52,27.36,35.18,0.89,0.12,68.98,0,31.02,1544.31,3.53,284,7.55,8,14.12,5,-,8.37,11.94,23.65,1.09,321.17,175.09,139.29,35.8,-9.75,14.2,14.4,24
Fri Nov 04 06:39:03 GMT-03:00 2022,04-Nov-2022 06:39:03.084,-35.216181883696336,-5.812903926724008,1.1409966945648193,4.0,42.54669702197879,19.1031494140625,-0.76,4.61,8.67,0.02,13.73,0,-0.06,-0.1,0.06,14.9,7.45,13.29,28.24,98,27.68,21.39,1009.27,14.5,630.9,0.9,299.28,-,279.37,1914,0,63,-,34.12,28.63,789.5,28.24,0.2,1.34,22.29,34.51,-14.84,0,0,-,0.15,4,42.55,19.1,-5.81,-35.22,15,5.55,-,30,5.98,12.45,8.03,3.66,16.89,35.18,0.89,0.12,69.09,0,30.91,1544.31,3.53,286,4.11,2,14.12,5,-,8.36,11.97,23.61,1.09,321.17,176.1,140.31,35.8,-10.63,14.2,14.4,25
Fri Nov 04 06:39:04 GMT-03:00 2022,04-Nov-2022 06:39:04.081,-35.216181883696336,-5.812903926724008,0.16958408057689667,4.0,42.5062283044058,19.102890014648438,-0.65,5.42,8.03,0,12.94,0,-0.07,-0.01,0.01,14.9,7.45,14.03,28.24,98,27.68,21.25,1009.26,14.5,626.9,0.95,299.28,-,279.37,1914,0,63,-,31.37,26.67,750.5,28.24,0.2,1.13,18.76,34.51,-15.62,0,0,-,0.15,4,42.51,19.1,-5.81,-35.22,20,4.11,-,30,1.78,12.45,8.03,3.08,5.02,35.18,0.88,0.91,68.71,0,31.29,1544.31,3.14,287,0.61,0,13.73,1.5,-,8.31,12.03,23.48,1.09,321.17,177.08,141.2,35.88,-10.8,14.08,14.1,25
Fri Nov 04 06:39:05 GMT-03:00 2022,04-Nov-2022 06:39:05.080,-35.216181883696336,-5.812903926724008,0.06212250143289566,4.0,42.4553471598126,19.121488571166992,-0.66,5.45,8.09,0.01,12.94,0,-0.07,0,0.01,14.9,7.45,14.7,28.24,98,27.68,21.12,1009.26,14.5,626.9,1,299.28,-,279.36,1914,0,63,-,32.16,26.67,756,28.24,0.21,1.17,19.43,34.51,-15.62,-3.12,-0.78,-,0.15,4,42.46,19.12,-5.81,-35.22,21,0.61,-,30,0,12.45,8.03,3.19,0,35.18,0.82,0.92,68.32,0,31.68,1544.31,3.14,288,0.22,0,13.33,6,-,8.31,12.03,23.48,1.09,321.17,178.1,141.2,36.9,-10.47,14.22,14.4,25
Fri Nov 04 06:39:06 GMT-03:00 2022,04-Nov-2022 06:39:06.080,-35.216181883696336,-5.812903926724008,0.010916531085968018,4.0,42.439201811508575,19.128746032714844,-0.84,5.33,8.13,0.01,12.94,0,-0.05,-0.01,0.01,14.9,7.45,14.7,28.24,98,27.68,21.12,1009.25,14.5,626.9,1,299.28,-,285.71,1914,0,63,-,32.16,26.67,756,28.24,0.21,1.3,21.62,35.29,-15.62,-3.12,-3.12,-,0.15,4,42.44,19.13,-5.81,-35.22,20,0.61,-,30,0,12.45,8.03,3.55,0,35.18,0.7,0.88,67.94,0,32.06,1544.31,3.14,289,0.04,0,13.33,6,-,8.31,12.04,23.47,1.09,321.17,179.1,141.2,37.9,-10.05,14.24,14.4,27
Fri Nov 04 06:39:07 GMT-03:00 2022,04-Nov-2022 06:39:07.082,-35.216181883696336,-5.812903926724008,0.07230103015899658,4.0,42.48182474849215,19.13641929626465,-0.72,5.39,8.13,0.01,12.94,0,-0.06,-0.01,0.03,14.9,7.45,14.7,28.24,98,27.68,20.98,1009.27,14.5,622,1,299.28,-,285.71,1914,0,63,-,38.04,26.67,769.5,28.24,0.21,1.3,21.62,35.29,-14.84,1.56,2.34,-,0.15,4,42.48,19.14,-5.81,-35.22,20,0.04,-,30,0,12.45,8.03,3.55,0,35.18,0.08,0.85,67.56,0,32.44,1544.31,3.14,289,0.26,0,14.51,3,-,8.31,12.04,23.47,1.09,321.17,180.1,141.2,38.9,-10.05,13.5,13.8,27
Fri Nov 04 06:39:08 GMT-03:00 2022,04-Nov-2022 06:39:08.080,-35.216181883696336,-5.812903926724008,0.009919999167323112,4.0,42.37856813501641,19.186731338500977,-0.76,5.45,8.11,0.01,13.73,0,-0.06,0,0,14.9,7.45,14.7,28.24,98,27.68,20.85,1009.28,14.5,622,1,299.28,-,279.36,1914,0,63,-,39.61,32.16,788,28.24,0.21,1.5,25.03,34.51,-14.84,6.25,6.25,-,0.15,4,42.38,19.19,-5.81,-35.22,19,0.26,-,30,0,12.45,8.03,4.11,0,35.18,0.58,0.83,67.19,0,32.81,1544.31,3.92,291,0.04,0,14.12,3,-,8.31,12.04,23.46,1.09,321.17,181.09,141.2,39.88,-9.43,14.22,14.3,29
Fri Nov 04 06:39:09 GMT-03:00 2022,04-Nov-2022 06:39:09.080,-35.216181883696336,-5.812903926724008,0.0,4.0,42.323246480314985,19.204275131225586,-0.76,5.41,8.11,0.01,13.73,-0.01,-0.05,0,0,14.9,7.45,14.7,28.24,98,27.68,20.72,1009.25,14.5,622,1,299.28,-,279.36,1914,0,63,-,39.22,32.55,789,28.24,0.21,1.5,25.03,34.51,-14.84,6.25,6.25,-,0.15,4,42.32,19.2,-5.81,-35.22,20,0.04,-,30,0,12.45,8.03,4.11,0,35.18,0.83,0.82,66.82,0,33.18,1544.31,3.92,292,0,0,14.12,2,-,8.3,12.04,23.45,1.09,321.17,182.1,141.2,40.89,-9.55,14.14,14.4,30
Fri Nov 04 06:39:10 GMT-03:00 2022,04-Nov-2022 06:39:10.081,-35.216181883696336,-5.812903926724008,0.0,4.0,42.13479635059461,19.221546173095703,-0.76,5.34,7.94,-0.01,13.73,0,-0.06,0,0,14.9,7.45,14.7,28.24,98,27.68,20.59,1009.27,14.5,622,1,299.28,-,279.36,1914,0,63,-,38.43,32.16,821,28.24,0.21,1.51,25.16,34.51,-14.84,2.34,1.56,-,0.15,4,42.13,19.22,-5.81,-35.22,21,0,-,30,0,12.45,8.03,4.13,0,35.18,0.83,0.82,66.45,0,33.55,1544.31,3.92,293,0,0,14.12,3.5,-,8.3,12.05,23.45,1.09,321.17,183.1,141.2,41.9,-9.53,14.2,14.4,31
Fri Nov 04 06:39:11 GMT-03:00 2022,04-Nov-2022 06:39:11.084,-35.216181883696336,-5.812903926724008,0.0,4.0,42.13801435633071,19.230953216552734,-0.73,5.45,8.12,0.01,13.73,-0.01,-0.07,-0.01,0,14.9,7.45,14.7,28.24,98,27.68,20.59,1009.27,14.5,618,1,299.28,-,279.36,1914,0,63,-,38.43,32.16,821,28.24,0.21,1.51,25.16,34.51,-14.84,2.34,1.56,-,0.15,4,42.14,19.23,-5.81,-35.22,22,0,-,30,0,12.45,8.03,4.13,0,35.18,0.83,0.81,66.1,0,33.9,1544.31,3.92,293,0,0,14.12,3.5,-,8.3,12.05,23.45,1.09,321.17,184.09,141.2,42.88,-9.53,14.2,14.5,31
Fri Nov 04 06:39:12 GMT-03:00 2022,04-Nov-2022 06:39:12.081,-35.216181883696336,-5.812903926724008,0.012113174423575401,6.0,42.061216382915795,19.237607955932617,-0.84,5.42,8.11,0.01,13.73,0,-0.06,-0.01,0.01,14.9,7.45,14.7,28.24,98,27.68,20.46,1009.26,14.5,618,1,299.28,-,269.83,1914,0,63,-,39.61,32.94,776.5,28.24,0.21,1.5,25.03,33.33,-14.84,-3.91,-2.34,-,0.15,6,42.06,19.24,-5.81,-35.22,20,0,-,30,0,12.45,8.03,4.11,0,35.18,0.31,0.88,65.74,0,34.26,1544.31,3.53,294,0.04,0,14.12,3.5,-,8.3,12.05,23.44,1.09,321.17,185.09,141.2,43.89,-9.75,14.2,14.4,31
Fri Nov 04 06:39:13 GMT-03:00 2022,04-Nov-2022 06:39:13.084,-35.216181883696336,-5.812903926724008,0.053647059947252274,6.0,42.092516260318966,19.2391414642334,-0.78,5.37,7.98,-0,13.73,0,-0.05,0,0,14.9,7.45,14.7,28.24,98,27.68,20.33,1009.24,14.5,616.7,1,299.28,-,269.83,1914,0,63,-,39.22,32.16,798,28.24,0.21,1.47,24.49,33.33,-14.84,0.78,0.78,-,0.16,6,42.09,19.24,-5.81,-35.22,20,0.04,-,30,0,12.45,8.03,4.02,0,35.18,0.72,0.86,65.38,0,34.62,1544.31,3.92,295,0.19,0,14.12,3.5,-,8.29,12.06,23.43,1.09,321.17,186.1,141.2,44.9,-9.59,14.26,14.5,32
Fri Nov 04 06:39:14 GMT-03:00 2022,04-Nov-2022 06:39:14.081,-35.216181883696336,-5.812903926724008,0.03452255204319954,6.0,42.04272582382514,19.241727828979492,-1.63,5.1,7.85,-0.02,13.73,-0.01,-0.06,0,0,14.9,7.45,14.7,28.24,98,27.68,20.21,1009.25,14.5,616.7,1,299.28,-,269.83,1914,0,63,-,38.82,32.16,800.5,28.24,0.21,1.49,24.85,33.33,-14.84,-2.34,-3.12,-,0.16,6,42.04,19.24,-5.81,-35.22,20,0.19,-,30,0,12.45,8.03,4.08,0,35.18,0.77,0.84,65.03,0,34.97,1544.31,3.14,296,0.12,0,13.73,2,-,8.29,12.06,23.42,1.09,321.17,187.1,141.2,45.9,-9.65,14.16,14.5,32
Fri Nov 04 06:39:15 GMT-03:00 2022,04-Nov-2022 06:39:15.080,-35.216181883696336,-5.812903926724008,0.025872105732560158,4.0,41.976607743782125,19.235675811767578,-0.9,5.43,8.05,0.01,12.94,0,-0.07,0,0,14.9,7.45,14.7,28.24,98,27.68,20.09,1009.28,14.5,616.7,1,299.28,-,273.01,1914,0,63,-,38.82,25.49,741.5,28.24,0.21,1.11,18.58,33.73,-14.84,-2.34,-3.12,-,0.16,4,41.98,19.24,-5.81,-35.22,20,0.09,-,30,0,12.45,8.03,3.05,0,35.18,0.77,0.84,64.68,0,35.32,1544.31,3.14,298,0.09,0,13.73,2,-,8.29,12.06,23.42,1.09,321.17,188.1,141.2,46.9,-10.89,14.16,14.5,30
Fri Nov 04 06:39:16 GMT-03:00 2022,04-Nov-2022 06:39:16.080,-35.216181883696336,-5.812903926724008,0.023413699120283127,4.0,41.93991732529196,19.23192596435547,-0.75,5.44,8.06,0.01,12.94,-0.01,-0.05,-0.01,0,14.9,7.45,14.7,28.24,98,27.68,20.09,1009.3,14.5,615.2,1,299.28,-,273.01,1914,0,63,-,30.98,26.27,741.5,28.24,0.21,1.1,18.4,33.73,-15.62,-7.81,-5.47,-,0.16,4,41.94,19.23,-5.81,-35.22,20,0.09,-,31,0,12.45,8.03,3.02,0,35.18,0.12,0.84,64.35,0,35.65,1544.31,3.14,299,0.08,0,13.33,6.5,-,8.29,12.07,23.41,1.09,321.17,189.09,141.2,47.89,-10.62,14.16,14.5,29
Fri Nov 04 06:39:17 GMT-03:00 2022,04-Nov-2022 06:39:17.080,-35.216181883696336,-5.812903926724008,0.022281698882579803,4.0,41.900388759462125,19.23259925842285,-0.72,5.5,8.05,0.01,12.94,0,-0.05,-0.01,0,14.9,7.45,14.7,28.24,98,27.68,19.84,1009.3,14.5,615.2,1,299.28,-,273.01,1914,0,63,-,31.37,25.88,758.5,28.24,0.21,1.1,18.4,33.73,-16.41,-3.12,-2.34,-,0.16,4,41.9,19.23,-5.81,-35.22,22,0.08,-,31,0,12.45,8.03,3.02,0,35.18,0.07,0.86,64.01,0,35.99,1544.31,3.14,300,0.08,0,13.33,3.5,-,8.28,12.07,23.4,1.09,321.17,190.09,141.2,48.89,-10.64,14.26,14.4,28
Fri Nov 04 06:39:18 GMT-03:00 2022,04-Nov-2022 06:39:18.080,-35.216181883696336,-5.812903926724008,0.029706157743930817,4.0,41.89970524598134,19.23191261291504,-0.89,5.49,8.17,0.02,12.94,0,-0.07,0,0.01,14.9,7.45,14.7,28.24,98,27.68,19.84,1009.28,14.5,615.2,1,299.28,-,273.01,1914,0,63,-,30.98,25.88,758.5,28.24,0.21,1.1,18.4,33.73,-16.41,-0.78,0,-,0.16,4,41.9,19.23,-5.81,-35.22,24,0.08,-,31,0,12.45,8.03,3.02,0,35.18,0.08,0.85,63.67,0,36.33,1544.31,3.14,300,0.11,0,13.33,3.5,-,8.28,12.07,23.4,1.09,321.17,191.09,141.2,49.89,-10.64,14.24,14.4,28
Fri Nov 04 06:39:19 GMT-03:00 2022,04-Nov-2022 06:39:19.083,-35.216181883696336,-5.812903926724008,0.03709026053547859,6.0,41.87350719434978,19.228347778320312,-0.7,5.88,7.74,0,12.94,0,-0.05,0.03,-0.02,14.9,7.45,14.7,28.24,98,27.68,19.72,1009.28,14.5,615.2,1,299.28,-,273.01,1914,0,63,-,30.98,25.88,782,28.24,0.21,1.11,18.58,33.73,-16.41,4.69,4.69,-,0.16,6,41.87,19.23,-5.81,-35.22,25,0.11,-,31,0,12.45,8.03,3.05,0,35.18,0.75,0.85,63.34,0,36.66,1544.31,3.14,301,0.13,0,13.33,0.5,-,8.28,12.07,23.4,1.09,321.17,192.09,141.2,50.89,-10.67,14.22,14.4,27
Fri Nov 04 06:39:20 GMT-03:00 2022,04-Nov-2022 06:39:20.080,-35.21617791579588,-5.812888560244327,0.43416929244995117,4.0,41.8477374087026,19.205358505249023,-0.75,6.53,7.34,0.02,13.33,0,-0.05,0.09,-0.05,18.82,9.8,14.7,28.24,98,27.47,19.62,1009.27,14.5,613.7,1,299.28,-,273.01,1914,0,63,0.4,43.14,29.41,895,28.24,0.21,2.22,37.03,33.73,-15.62,0,4.69,-,0.16,4,41.85,19.21,-5.81,-35.22,22,1.87,0.54,31,0,12.45,8.03,6.08,0,35.18,0.75,0.83,63.01,0,36.99,1544.31,3.53,303,1.56,2,16.47,18,4.28,8.28,12.08,23.39,1.09,321.17,193.09,141.46,51.63,-7.1,14.16,14.5,33
Fri Nov 04 06:39:21 GMT-03:00 2022,04-Nov-2022 06:39:21.080,-35.21617435823703,-5.812876293995273,1.3606393337249756,4.0,41.75477006904316,19.260433197021484,-0.49,6.46,7.26,0,16.86,-0.02,-0.06,0.09,-0.09,25.1,12.94,14.7,28.24,98,27.28,19.53,1009.26,14.5,613.7,1,299.28,-,273.01,1914,0,63,0.4,54.51,41.96,1370.5,28.24,0.21,3.54,59.02,33.73,-13.28,1.56,-0.78,-,0.16,4,41.75,19.26,-5.81,-35.22,24,3.44,0.54,31,0.56,12.45,8.03,9.69,1.6,35.18,0.77,0.8,62.68,0,37.32,1547.62,6.27,304,4.9,5,18.43,18.5,4.28,8.23,12.15,23.26,1.09,321.17,194.1,142.47,51.63,-4.19,14.2,14.4,42
Fri Nov 04 06:39:22 GMT-03:00 2022,04-Nov-2022 06:39:22.080,-35.21616561145021,-5.8128550322191135,2.4681859016418457,4.0,41.697177927673344,19.443098068237305,-0.23,6.29,7.15,-0.02,17.65,0,-0.01,0.09,-0.07,27.84,14.51,14.7,28.24,98,27.13,19.47,1009.27,14.5,613.7,1,299.28,-,273,1914,0,63,3.58,53.73,45.1,1651,28.24,0.22,4.13,68.83,33.73,-12.5,1.56,-0.78,-,0.16,4,41.7,19.44,-5.81,-35.22,26,4.1,4.8,31,1.21,12.45,8.03,11.3,3.42,35.18,0.77,0.8,62.55,0,37.45,1553.17,7.84,305,8.89,9,18.43,18.5,20.72,8.19,12.21,23.14,1.09,321.18,195.09,143.46,51.63,-6.65,14.2,14.5,45
Fri Nov 04 06:39:23 GMT-03:00 2022,04-Nov-2022 06:39:23.083,-35.21615340045909,-5.812821318655116,3.718095541000366,4.0,41.63982144248877,19.636856079101562,-0.96,6.82,6.82,-0,21.18,-0.01,-0.04,0.11,-0.1,27.84,14.51,14.7,28.24,98,27.13,19.47,1009.23,14.5,612.5,1,299.28,-,273,1914,0,63,3.58,53.73,45.1,1651,28.24,0.22,4.13,68.83,33.73,-11.72,1.56,-2.34,-,0.16,4,41.64,19.64,-5.81,-35.22,26,4.1,4.8,30,1.21,12.45,8.03,11.3,3.42,35.18,0.74,0.78,62.75,0,37.25,1553.17,11.37,305,13.39,9,21.18,21,20.72,8.19,12.21,23.14,1.09,321.18,196.11,144.48,51.63,-6.65,14.14,14.5,45
Fri Nov 04 06:39:23 GMT-03:00 2022,04-Nov-2022 06:39:24.087,-35.21615340045909,-5.812821318655116,3.718095541000366,4.0,41.63982144248877,19.636856079101562,-1.58,6.96,7.69,0.08,21.18,0.06,-0.11,0.1,0.01,28.63,14.51,14.7,28.24,98,27.06,19.46,1009.21,14.5,612.5,1,299.28,-,260.3,1914,0,63,9.48,66.67,60.78,1684.5,28.24,0.22,5.2,86.74,32.16,-11.72,-4.69,-2.34,-,0.16,4,41.64,19.64,-5.81,-35.22,27,4.61,12.71,30,1.73,12.45,8.03,14.24,4.89,35.18,0.08,0.8,62.94,0,37.06,1559.75,10.98,307,13.39,18,21.18,19.5,53.74,8.15,12.27,23.02,1.1,321.18,197.11,145.48,51.63,-6.31,14.14,14.5,47
Fri Nov 04 06:39:25 GMT-03:00 2022,04-Nov-2022 06:39:25.080,-35.21611663093344,-5.8127205172037995,6.393643379211426,4.0,41.42200655292989,20.250032424926758,-0.19,6.34,7.37,0,21.18,0.01,-0.08,0.1,-0.05,28.63,14.51,14.7,28.24,98,27.02,19.48,1009.29,14.5,616.7,1,305.17,811.45,260.29,1914,0,63,9.48,66.67,56.86,1765.5,28.24,0.22,5.52,92.04,32.16,-11.72,-0.78,-1.56,-,0.16,4,41.42,20.25,-5.81,-35.22,23,4.34,12.71,30,3.26,12.45,8.03,15.11,9.21,35.18,0.76,0.79,63.12,0,36.88,1550.49,10.98,308,23.02,23,21.57,18.5,53.74,8.12,12.31,22.94,1.12,321.2,198.1,146.46,51.63,-5.99,14.22,14.4,50
Fri Nov 04 06:39:26 GMT-03:00 2022,04-Nov-2022 06:39:26.081,-35.216092537015435,-5.812657468606299,7.404663562774658,4.0,41.30122393829753,20.596588134765625,-0.46,6.2,8.2,0.06,20.39,0,-0.01,0.06,-0.03,27.45,14.12,14.7,28.24,98,27.02,19.53,1009.24,14.5,616.7,1,308.37,587.14,257.11,1914,0,63,12.47,63.92,55.29,1707,28.24,0.22,5.11,85.09,31.76,-11.72,1.56,-1.56,-,0.17,4,41.3,20.6,-5.81,-35.22,23,3.98,16.72,30,4.5,12.45,8.03,13.97,12.73,35.18,0.76,0.79,63.3,0,36.7,1574.55,10.59,309,26.66,27,21.57,18.5,69.76,8.1,12.35,22.88,1.12,321.2,199.09,147.45,51.63,-6.99,14.22,14.4,50
Fri Nov 04 06:39:27 GMT-03:00 2022,04-Nov-2022 06:39:27.081,-35.21606601793293,-5.812587546522961,8.259197235107422,4.0,41.14252316112676,21.070831298828125,0.2,6.38,8.22,0.07,19.22,-0.01,-0.06,-0.06,0.03,19.61,14.12,14.7,28.24,98,27.02,19.53,1009.19,14.5,621.6,1,308.37,587.14,257.11,1914,0,63,12.47,63.92,55.29,1707,28.24,0.22,5.11,85.09,31.76,-11.72,1.56,1.56,-,0.17,4,41.14,21.07,-5.81,-35.22,22,3.98,16.72,30,4.5,12.45,8.03,13.97,12.73,35.18,0.13,0.76,63.49,0,36.51,1574.55,9.41,309,29.73,27,20.78,19.5,69.76,8.1,12.35,22.88,1.15,321.2,200.09,148.46,51.63,-6.99,14.18,14.5,50
Fri Nov 04 06:39:28 GMT-03:00 2022,04-Nov-2022 06:39:28.081,-35.216037261189435,-5.812513022709464,8.85830307006836,4.0,40.99231193968161,21.16388511657715,0.23,5.95,8.9,0.1,13.73,-0.03,-0.09,-0.05,0,14.9,7.45,14.7,28.24,98,27.06,19.59,1009.26,14.5,621.6,1,307.82,259.21,253.93,1914,0,63,7.32,38.04,47.45,1545.5,28.24,0.23,2.65,44.1,31.37,-13.28,-0.78,0.78,-,0.17,4,40.99,21.16,-5.81,-35.22,20,1.27,9.82,30,10.2,12.45,8.03,7.24,28.82,35.18,0.09,0.75,63.67,0,36.33,1571.16,3.53,311,31.89,31,14.51,-2.5,45.23,8.11,12.33,22.92,1.15,321.23,201.1,149.46,51.63,-10.48,14.24,14.5,44
Fri Nov 04 06:39:29 GMT-03:00 2022,04-Nov-2022 06:39:29.082,-35.216009410227116,-5.812439205396494,8.721968650817871,4.0,40.84776284812981,20.73705291748047,-0.51,4.86,8.24,-0.01,12.94,0.01,-0.03,-0.07,0.07,14.9,7.45,14.7,28.24,98,27.09,19.66,1009.27,14.5,623.5,1,305.6,108.2,253.93,1914,0,63,7.32,19.61,20.39,1342,28.24,0.23,1.27,21.14,31.37,-15.62,-0.78,-0.78,-,0.17,4,40.85,20.74,-5.81,-35.22,22,0.89,9.82,30,24.44,12.45,8.03,3.47,69.05,35.18,0.82,0.75,63.85,0,36.15,1571.16,2.75,312,31.4,31,13.33,-6,45.23,8.21,12.18,23.19,1.16,321.24,202.1,150.46,51.63,-12.37,14.26,14.5,37
Fri Nov 04 06:39:30 GMT-03:00 2022,04-Nov-2022 06:39:30.081,-35.215982571009945,-5.812368644833034,8.367063522338867,4.0,40.63631478569395,20.50153350830078,-1.49,4.9,8.81,0.05,12.94,0.06,-0.09,-0.02,0.1,14.9,7.45,21,28.24,98,27.1,19.71,1009.33,14.5,623.5,1.43,303.14,82.01,253.94,1914,0,63,7.32,19.22,15.69,993.5,28.24,0.23,0.96,16.02,31.37,-17.19,0,0,-,0.17,4,40.64,20.5,-5.81,-35.22,22,2.4,9.82,30,32.25,12.45,8.03,2.63,91.11,35.18,0.04,0.75,64.03,0,35.97,1547.41,2.75,313,30.12,29,13.33,1.5,45.23,8.35,11.98,23.59,1.16,321.24,203.09,151.46,51.63,-12.64,14.26,14.5,31
Fri Nov 04 06:39:31 GMT-03:00 2022,04-Nov-2022 06:39:31.079,-35.215957377871845,-5.812300488842263,8.22123908996582,4.0,40.42693443303763,20.553016662597656,-2.5,4.55,9.08,0.08,12.16,0.2,-0.3,-0.04,0.23,14.9,7.45,21,28.24,98,27.12,19.76,1009.35,14.5,623.5,1.43,300.8,87.67,257.12,1914,0,64,-,19.22,17.65,927.5,28.24,0.23,0.96,16.02,31.76,-17.19,0,0,-,0.17,4,40.43,20.55,-5.81,-35.22,22,0.6,-,30,30.17,12.45,8.03,2.63,85.23,35.18,0.04,0.75,64.21,0,35.79,1525.89,2.75,314,29.6,29,13.33,1.5,-,8.48,11.8,23.95,1.18,321.26,204.1,152.47,51.63,-11.99,14.26,14.5,27
Fri Nov 04 06:39:32 GMT-03:00 2022,04-Nov-2022 06:39:32.082,-35.21593136516876,-5.81223386332933,8.027896881103516,4.0,40.1752559770457,20.317888259887695,-0.88,4.31,9.47,0.08,12.55,0.06,-0.04,-0.09,0.14,14.9,7.45,13.57,28.24,98,27.12,19.76,1009.36,14.5,623.5,0.92,298.51,87.67,257.13,1914,0,64,-,21.18,18.04,929,28.24,0.23,0.96,16.02,31.76,-17.19,0,0,-,0.17,4,40.18,20.32,-5.81,-35.22,25,0.6,-,31,30.17,12.45,8.03,2.63,85.23,35.18,0.89,0.75,64.38,0,35.62,1525.89,2.75,315,28.9,29,12.94,6,-,8.6,11.62,24.3,1.18,321.26,205.09,153.45,51.63,-11.8,14.22,14.5,25
Fri Nov 04 06:39:33 GMT-03:00 2022,04-Nov-2022 06:39:33.079,-35.21590714090292,-5.812172129342033,7.1451735496521,4.0,39.9263118366108,20.034076690673828,-1.07,3.78,9.3,0.04,12.55,-0.03,-0.03,-0.14,0.05,14.9,7.45,13.7,28.24,98,27.08,19.82,1009.47,14.5,623.5,0.93,296.36,96.31,257.14,1914,0,64,-,21.18,17.65,929,28.24,0.23,0.98,16.39,31.76,-16.41,0,0,-,0.17,4,39.93,20.03,-5.81,-35.22,26,6.9,-,31,27.46,12.45,8.03,2.69,77.58,35.18,0.89,0.74,64.55,0,35.45,1525.89,2.75,316,25.72,22,12.94,6,-,8.71,11.48,24.61,1.18,321.26,206.1,154.46,51.63,-11.75,14.22,14.5,23
Fri Nov 04 06:39:34 GMT-03:00 2022,04-Nov-2022 06:39:34.080,-35.21588856511578,-5.8121234694159725,5.711307048797607,4.0,39.76959742792975,19.955427169799805,-0.24,4.05,8.7,-0.01,12.55,-0.02,-0.09,-0.13,0.05,14.9,7.45,14.28,28.24,98,27.08,19.82,1009.5,14.5,623.5,0.97,296.36,96.31,257.14,1914,0,64,-,21.18,18.04,929,28.24,0.23,0.98,16.39,31.76,-16.41,0,0,-,0.17,4,39.77,19.96,-5.81,-35.22,19,6.9,-,31,27.46,12.45,8.03,2.69,77.58,35.18,0.88,0.88,64.72,0,35.28,1525.89,2.75,317,20.56,22,12.94,7.5,-,8.71,11.48,24.61,1.2,321.26,207.09,155.46,51.63,-11.75,14.26,14.4,23
Fri Nov 04 06:39:35 GMT-03:00 2022,04-Nov-2022 06:39:35.079,-35.21587425640431,-5.8120858025919375,4.595182418823242,4.0,39.63478064966965,20.254663467407227,-0.75,5.03,8.05,-0.02,12.55,0.02,-0.08,0,0.03,14.9,7.45,14.28,28.24,98,26.98,19.79,1009.52,14.5,623.5,0.97,294.5,119.51,260.32,1914,0,65,-,21.96,18.04,924.5,28.24,0.23,0.99,16.57,32.16,-16.41,-3.12,-3.12,-,0.17,4,39.63,20.25,-5.81,-35.22,20,5.56,-,31,22.13,12.45,8.03,2.72,62.52,35.18,0.75,0.9,64.89,0,35.11,1499.16,2.75,317,16.54,15,12.94,8,-,8.79,11.38,24.83,1.2,321.28,208.08,156.45,51.63,-11.71,14.22,14.4,22
Fri Nov 04 06:39:36 GMT-03:00 2022,04-Nov-2022 06:39:36.081,-35.21585908531415,-5.812048829413615,4.488161563873291,4.0,39.50100627011105,20.467077255249023,-0.76,5.39,8.19,0.01,12.94,-0.03,-0.06,-0.02,-0.01,14.9,7.84,14.7,28.24,98,26.9,19.77,1009.5,14.5,621.5,1,293.42,191.4,263.5,1914,0,65,1.62,24.31,18.82,1013,28.24,0.23,1.09,18.09,32.55,-16.41,-0.78,0,-,0.17,4,39.5,20.47,-5.81,-35.22,23,0.54,2.17,31,13.82,12.45,8.03,2.97,39.04,35.18,0.08,0.88,65.06,0,34.94,1512.5,2.75,319,16.16,16,14.12,25.5,15.26,8.82,11.34,24.91,1.2,321.28,209.09,157.46,51.63,-11.44,14.28,14.4,22
Fri Nov 04 06:39:37 GMT-03:00 2022,04-Nov-2022 06:39:37.084,-35.215842491863846,-5.812007549877058,4.718906402587891,4.0,39.35772290596557,20.64118766784668,-0.06,6.42,7.27,0,14.51,0.03,-0.06,0.07,0,22.75,11.76,14.7,28.24,98,26.82,19.75,1009.47,14.5,621.5,1,295.27,473.05,263.51,1914,0,65,1.62,37.65,28.24,1488.5,28.24,0.23,2.86,47.69,32.55,-12.5,3.91,4.69,-,0.17,4,39.36,20.64,-5.81,-35.22,24,0.16,2.17,31,5.59,12.45,8.03,7.83,15.79,35.18,0.08,0.85,65.23,0,34.77,1512.5,7.45,320,16.99,16,17.65,22.5,15.26,8.8,11.36,24.86,1.2,321.28,210.1,158.46,51.63,-7.14,14.16,14.5,29
Fri Nov 04 06:39:38 GMT-03:00 2022,04-Nov-2022 06:39:38.081,-35.21582429582009,-5.811963013945919,5.312448501586914,4.0,39.23066493306069,20.82525062561035,-0.56,5.86,7.64,-0.01,17.65,0.06,0.01,0.05,0.05,23.14,11.76,14.7,28.24,98,26.76,19.74,1009.48,14.5,621.5,1,297.86,548.57,263.5,1914,0,65,3.54,44.71,39.61,1632.5,28.24,0.23,3.32,55.31,32.55,-12.5,3.91,1.56,-,0.17,4,39.23,20.83,-5.81,-35.22,23,2.01,4.75,31,4.82,12.45,8.03,9.08,13.62,35.18,0.76,0.85,65.39,0,34.61,1523.02,7.45,321,19.12,19,17.65,23,20.74,8.78,11.39,24.8,1.22,321.29,211.09,159.46,51.63,-8.69,14.08,14.5,31
Fri Nov 04 06:39:39 GMT-03:00 2022,04-Nov-2022 06:39:39.079,-35.21580397498921,-5.811911798842968,5.847859859466553,4.0,39.26602559774785,20.969661712646484,-0.63,5.98,8.78,0.1,16.08,0.1,0.01,-0.04,0.16,14.9,7.45,14.7,28.24,98,26.76,19.74,1009.55,14.5,616.4,1,297.86,548.57,263.5,1914,0,65,3.54,44.71,32.55,1632.5,28.24,0.23,3.32,55.31,32.55,-12.5,3.91,1.56,-,0.17,4,39.27,20.97,-5.81,-35.22,22,2.01,4.75,31,4.82,12.45,8.03,9.08,13.62,35.18,0.76,0.81,65.55,0,34.45,1499.21,5.88,321,21.05,19,17.65,23,20.74,8.78,11.39,24.8,1.22,321.31,212.09,160.46,51.63,-8.69,14.08,14.5,31
Fri Nov 04 06:39:40 GMT-03:00 2022,04-Nov-2022 06:39:40.081,-35.21578441682539,-5.811859089551473,6.010803699493408,6.0,39.18901521459024,21.613798141479492,-0.54,4.19,8.73,0,14.12,0.04,-0.02,-0.02,0.08,14.9,7.45,14.7,28.24,98,26.72,19.75,1009.55,14.5,616.4,1,297.97,309.33,263.5,1914,0,65,2.54,32.16,23.92,1567.5,28.24,0.23,2.22,37.03,32.55,-14.06,-5.47,-6.25,-,0.17,6,39.19,21.61,-5.81,-35.22,21,0.05,3.4,31,8.55,12.45,8.03,6.08,24.15,35.18,0.84,0.79,65.72,0,34.28,1516.39,3.92,323,21.64,21,14.51,7.5,15.46,8.78,11.39,24.79,1.22,321.31,213.1,161.47,51.63,-10.96,14.14,14.5,30
Fri Nov 04 06:39:41 GMT-03:00 2022,04-Nov-2022 06:39:41.080,-35.21576900487756,-5.811819830908761,4.76315450668335,6.0,39.196342792197875,34.74220657348633,1.92,5.41,9.16,0.11,13.73,0,0.21,-0.05,0.03,14.9,7.45,14.7,28.24,98,26.59,19.73,1009.54,14.5,616.4,1,296,209.1,263.5,1914,0,65,2.54,28.24,25.88,944,28.24,0.23,1.5,25.03,32.55,-14.84,-9.38,-10.16,-,0.17,6,39.2,34.74,-5.81,-35.22,22,4.64,3.4,31,12.65,12.45,8.03,4.11,35.73,35.18,0.73,0.79,65.88,0,34.12,1516.39,3.53,324,17.15,17,14.12,7.5,15.46,8.83,11.33,24.94,1.22,321.31,214.09,162.46,51.63,-11.02,14.12,14.4,26
Fri Nov 04 06:39:42 GMT-03:00 2022,04-Nov-2022 06:39:42.081,-35.215745609042735,-5.8117872963799995,4.576010227203369,4.0,38.90229204102976,62.997920989990234,1.37,6.08,8.5,0.09,13.33,0.08,0.15,0.05,0.07,20.78,10.98,14.7,28.24,98,26.59,19.73,1009.59,14.5,615.2,1,296,209.1,263.5,1914,0,65,2.54,32.94,27.06,944,28.24,0.23,1.5,25.03,32.55,-14.84,-7.03,-6.25,-,0.17,4,38.9,63,-5.81,-35.22,18,4.64,3.4,31,12.65,12.45,8.03,4.11,35.73,35.18,0.08,0.78,66.04,0,33.96,1516.39,3.53,324,16.47,17,14.12,3,15.46,8.83,11.33,24.94,1.24,321.33,215.11,163.48,51.63,-11.02,14.26,14.4,26
Fri Nov 04 06:39:43 GMT-03:00 2022,04-Nov-2022 06:39:43.080,-35.21570283453439,-5.811768014936021,5.22474479675293,4.0,38.77343337939159,93.09098052978516,1.64,7.3,7.7,0.11,13.33,0.07,0.13,0.06,0.05,20.78,10.98,14.7,28.24,98,26.54,19.73,1009.56,14.5,615.2,1,300.08,711.91,260.32,1914,0,65,2.43,54.51,27.06,1801,28.24,0.24,4.58,76.26,32.16,-14.84,2.34,3.91,-,0.17,4,38.77,93.09,-5.81,-35.22,21,2.53,3.26,30,3.72,12.45,8.03,12.52,10.5,35.18,0.06,0.78,66.19,0,33.81,1505.7,3.53,325,18.81,19,19.61,21,12.87,8.8,11.36,24.86,1.24,321.33,216.09,164.46,51.63,-1.87,14.22,14.4,41
Fri Nov 04 06:39:44 GMT-03:00 2022,04-Nov-2022 06:39:44.080,-35.21564366545811,-5.811772973764318,6.365278720855713,4.0,38.663036395876354,109.51763916015625,1.03,6.22,7.6,0.02,20.39,-0.03,0,0.11,-0.12,27.84,14.51,14.7,28.24,98,26.51,19.74,1009.54,14.5,614.4,1,304.44,748.9,260.32,1915,0,65,6.73,62.35,53.33,1818.5,28.24,0.24,5.38,89.66,32.16,-11.72,8.59,7.81,-,0.18,4,38.66,109.52,-5.81,-35.22,23,3.19,9.02,30,3.53,12.45,8.03,14.72,9.98,35.18,0.81,0.77,66.35,0,33.65,1523.38,10.59,327,22.92,22,20.78,20,35.32,8.77,11.4,24.78,1.24,321.33,217.09,165.46,51.63,-6.74,14.22,14.5,44
Fri Nov 04 06:39:45 GMT-03:00 2022,04-Nov-2022 06:39:45.082,-35.21558034724825,-5.811810876073976,7.164706707000732,6.0,38.78787260097843,113.02328491210938,-0.57,5.78,7.5,-0.02,19.61,0.05,-0.07,0.13,-0.02,26.67,13.73,14.7,28.24,98,26.5,19.77,1009.52,14.5,614.4,1,306.8,550.11,260.31,1915,0,65,6.73,63.92,53.73,1579,28.24,0.24,4.58,76.26,32.16,-11.72,7.03,7.81,-,0.18,6,38.79,113.02,-5.81,-35.22,25,2.08,9.02,30,4.81,12.45,8.03,12.52,13.58,35.18,0.58,0.18,66.5,0,33.5,1543.48,9.8,328,25.79,25,20,18.5,35.32,8.75,11.43,24.71,1.24,321.33,218.09,166.45,51.63,-7.97,14.16,14.5,44
Fri Nov 04 06:39:46 GMT-03:00 2022,04-Nov-2022 06:39:46.080,-35.21550835307675,-5.8118422789998245,8.140945434570312,6.0,38.89053794391556,112.30780792236328,-0.32,6.34,7.82,0.04,19.61,-0.19,-0.04,-0.06,-0.18,28.24,14.51,14.7,28.24,98,26.51,19.82,1009.55,14.5,614.4,1,308.79,515.42,244.44,1915,0,65,11.33,66.27,54.9,1576.5,28.24,0.24,4.87,81.19,30.2,-11.72,7.03,7.81,-,0.18,6,38.89,112.31,-5.81,-35.22,20,3.21,15.19,30,5.13,12.45,8.03,13.33,14.5,35.18,0.58,0.18,66.65,0,33.35,1557.31,9.8,329,29.31,29,20,18.5,68.61,8.73,11.46,24.66,1.25,321.33,219.08,167.45,51.63,-6.49,14.16,14.5,46
Fri Nov 04 06:39:47 GMT-03:00 2022,04-Nov-2022 06:39:47.081,-35.21542920310981,-5.811876050421564,9.079282760620117,6.0,38.897174611893696,111.5932388305664,0.14,5.34,6.9,-0.1,20,0.14,-0.01,0.07,0.14,27.84,14.51,14.7,28.24,98,26.51,19.82,1009.58,14.5,620.4,1,308.79,515.42,244.44,1915,0,65,11.33,66.27,54.9,1576.5,28.24,0.24,4.87,81.19,30.2,-11.72,3.12,3.12,-,0.18,6,38.9,111.59,-5.81,-35.22,22,3.21,15.19,30,5.13,12.45,8.03,13.33,14.5,35.18,0.2,0.22,66.81,0,33.19,1557.31,10.2,329,32.69,29,20.39,18,68.61,8.73,11.46,24.66,1.25,321.33,220.1,168.47,51.63,-6.49,14.22,14.4,46
Fri Nov 04 06:39:48 GMT-03:00 2022,04-Nov-2022 06:39:48.080,-35.215345295448614,-5.811910515411055,9.733367919921875,6.0,38.831015277707436,111.08468627929688,0.58,7.11,7.42,0.06,20,0.1,-0.04,0.13,0.04,27.84,14.12,14.7,28.24,98,26.57,19.89,1009.56,14.5,620.4,1,309.94,431.33,244.43,1915,0,65,10.12,65.88,56.47,1547.5,28.24,0.24,4.73,78.82,30.2,-11.72,0,-1.56,-,0.18,6,38.83,111.08,-5.81,-35.22,21,1.31,13.58,30,6.13,12.45,8.03,12.94,17.32,35.18,0.69,0.24,66.96,0,33.04,1568.06,10.2,331,35.04,34,20,18,62.47,8.72,11.47,24.62,1.27,321.35,221.08,169.45,51.63,-6.71,14.22,14.5,48
Fri Nov 04 06:39:49 GMT-03:00 2022,04-Nov-2022 06:39:49.080,-35.21525424545677,-5.811944735190407,10.603180885314941,6.0,38.72488720472206,111.35795593261719,0.19,5.57,7.45,-0.04,20,0.1,0,0.03,0.11,29.02,14.9,14.7,28.24,98,26.64,19.98,1009.55,14.5,625,1,310.68,388.37,244.43,1915,0,65,10.12,67.45,56.47,1577,28.24,0.25,4.99,83.2,30.2,-11.72,3.91,0.78,-,0.18,6,38.72,111.36,-5.81,-35.22,18,1.96,13.58,30,6.81,12.45,8.03,13.66,19.24,35.18,0.8,0.29,67.11,0,32.89,1585.35,10.59,332,38.17,37,20.78,17,62.47,8.7,11.49,24.59,1.31,321.39,222.1,170.47,51.63,-6.12,14.26,14.5,50
Fri Nov 04 06:39:50 GMT-03:00 2022,04-Nov-2022 06:39:50.081,-35.215158740440344,-5.81198120225356,11.299243927001953,6.0,39.1848743098905,111.28502655029297,-1.18,6.39,7.87,0.05,20.78,0.06,-0.08,0.08,0.02,29.02,14.9,14.7,28.24,98,26.73,20.08,1009.6,14.5,625,1,311.38,386.66,241.25,1915,0,66,12.43,72.94,60,1564,28.24,0.25,5.41,90.15,29.8,-11.72,-1.56,0.78,-,0.18,6,39.18,111.29,-5.81,-35.22,20,1.83,16.67,30,6.84,12.45,8.03,14.8,19.32,35.18,0.8,0.29,67.25,0,32.75,1579.14,10.59,333,40.68,40,20.78,15.5,75.92,8.69,11.5,24.56,1.31,321.39,223.09,171.46,51.63,-5.59,14.26,14.5,52
Fri Nov 04 06:39:51 GMT-03:00 2022,04-Nov-2022 06:39:51.082,-35.215055895176114,-5.812019242685344,11.90359115600586,6.0,38.25155564113817,110.96805572509766,0.15,6.75,8.11,0.09,21.18,0.14,-0.1,0.07,0.13,28.63,14.9,14.7,28.24,98,26.73,20.08,1009.6,14.5,629.9,1,311.38,386.66,241.25,1915,0,66,12.43,72.94,61.96,1564,28.24,0.25,5.41,90.15,29.8,-11.72,-1.56,-0.78,-,0.18,6,38.25,110.97,-5.81,-35.22,23,1.83,16.67,30,6.84,12.45,8.03,14.8,19.32,35.18,0.6,0.75,67.4,0,32.6,1579.14,11.37,333,42.85,40,21.96,15.5,75.92,8.69,11.5,24.56,1.31,321.39,224.1,172.47,51.63,-5.59,14.16,14.4,52
Fri Nov 04 06:39:52 GMT-03:00 2022,04-Nov-2022 06:39:52.083,-35.21495049772626,-5.812059857317526,12.364964485168457,6.0,38.12850670386594,110.74043273925781,-0.58,7.3,7.93,0.11,21.18,0,0.03,-0.05,0.04,28.63,14.9,14.7,28.24,98,26.85,20.21,1009.57,14.5,629.9,1,311.78,355,241.25,1915,0,66,10.43,72.55,61.96,1574,28.24,0.25,5.37,89.48,29.8,-11.72,-2.34,-3.91,-,0.19,6,38.13,110.74,-5.81,-35.21,20,1.15,13.99,30,7.45,12.45,8.03,14.69,21.05,35.18,0.38,0.75,67.54,0,32.46,1612.87,11.37,334,44.51,44,21.57,15.5,63.31,8.69,11.51,24.54,1.31,321.39,225.1,173.46,51.63,-5.59,14.12,14.5,54
Fri Nov 04 06:39:53 GMT-03:00 2022,04-Nov-2022 06:39:53.082,-35.214840870781686,-5.812101472760961,13.061320304870605,6.0,38.20974310757203,110.58540344238281,-0.27,5.43,7.4,-0.05,21.18,0,0,0.05,-0.01,28.24,14.51,14.7,28.24,98,26.98,20.34,1009.61,14.5,635.6,1,311.89,323.83,241.25,1915,0,66,10.43,72.55,61.57,1586.5,28.24,0.25,5.39,89.78,29.8,-11.72,-0.78,-1.56,-,0.19,6,38.21,110.59,-5.81,-35.21,21,1.49,13.99,30,8.17,12.45,8.03,14.74,23.07,35.18,0.7,0.75,67.69,0,32.31,1642.64,11.37,335,47.02,46,21.96,15.5,63.31,8.69,11.51,24.54,1.31,321.39,226.1,174.47,51.63,-5.61,14.12,14.4,56
Fri Nov 04 06:39:54 GMT-03:00 2022,04-Nov-2022 06:39:54.082,-35.21472869139923,-5.812142298765067,13.418074607849121,6.0,38.02669071754533,110.69670867919922,-1.46,8.38,8.53,0.24,21.18,0.16,-0.07,-0.13,0.27,28.24,14.51,14.7,28.24,98,27.11,20.47,1009.57,14.5,635.6,1,311.82,304.49,241.24,1915,0,66,7.43,71.76,61.57,1579.5,28.24,0.26,5.3,88.26,29.8,-11.72,-1.56,-3.12,-,0.19,6,38.03,110.7,-5.81,-35.21,20,0.02,9.96,30,8.69,12.45,8.03,14.49,24.54,35.18,0.17,0.75,67.83,0,32.17,1660.52,11.37,337,48.31,47,21.57,16.5,44.92,8.69,11.51,24.54,1.35,321.41,227.09,175.46,51.63,-5.83,14.2,14.4,56
Fri Nov 04 06:39:55 GMT-03:00 2022,04-Nov-2022 06:39:55.080,-35.21461453944766,-5.812185846083293,13.715112686157227,6.0,38.33061515099736,111.17338562011719,-0.48,5.78,8.32,0.05,19.61,0.07,0.04,0.08,0.04,18.43,9.41,14.7,28.24,98,27.11,20.47,1009.6,14.5,640.7,1,311.82,304.49,241.24,1915,0,66,7.43,71.76,52.16,1579.5,28.24,0.26,5.3,88.26,29.8,-11.72,-1.56,-3.12,-,0.19,6,38.33,111.17,-5.81,-35.21,22,0.02,9.96,30,8.69,12.45,8.03,14.49,24.54,35.18,0.17,0.76,67.97,0,32.03,1628.28,9.8,337,49.37,47,21.57,16.5,44.92,8.69,11.51,24.54,1.35,321.43,228.09,176.46,51.63,-5.83,14.2,14.5,56
Fri Nov 04 06:39:56 GMT-03:00 2022,04-Nov-2022 06:39:56.079,-35.21449821377207,-5.812229823666071,13.724433898925781,6.0,38.53160549004835,111.07088470458984,1.03,5.31,8.47,0.04,17.25,-0.07,0.08,-0.05,-0.04,23.53,12.16,14.7,28.24,98,27.26,20.62,1009.56,14.5,640.7,1,310.29,140.47,241.24,1915,0,66,5.85,41.18,37.25,1433.5,28.24,0.26,2.5,41.6,29.8,-14.06,2.34,3.91,-,0.19,6,38.53,111.07,-5.81,-35.21,21,0.37,7.84,30,18.83,12.45,8.03,6.83,53.19,35.18,0.12,0.75,68.11,0,31.89,1664.59,4.71,338,49.41,49,13.33,0.5,38.96,8.74,11.44,24.69,1.38,321.46,229.1,177.47,51.63,-10.4,14.28,14.4,49
Fri Nov 04 06:39:57 GMT-03:00 2022,04-Nov-2022 06:39:57.082,-35.21438139100709,-5.812274314004087,13.753649711608887,6.0,38.46264134169834,110.9968032836914,0.1,5.67,8.55,0.06,18.04,-0.06,-0.03,0,-0.06,24.71,12.94,14.7,28.24,98,27.41,20.76,1009.59,14.5,643,1,309.18,184.06,241.24,1915,0,66,5.85,49.8,47.06,1365.5,28.24,0.26,3.41,56.83,29.8,-12.5,5.47,2.34,-,0.19,6,38.46,111,-5.81,-35.21,17,0.41,7.84,30,14.37,12.45,8.03,9.33,40.59,35.18,0.8,0.75,68.25,0,31.75,1631.58,8.24,339,49.51,49,18.43,19.5,38.96,8.77,11.4,24.77,1.38,321.46,230.08,178.45,51.63,-8.32,14.28,14.5,47
Fri Nov 04 06:39:58 GMT-03:00 2022,04-Nov-2022 06:39:58.081,-35.214262328860144,-5.812318253709845,13.888602256774902,6.0,37.85499818442127,110.89849853515625,-0.41,5.63,8.67,0.07,18.04,0.06,0.1,0.01,0.07,21.96,12.94,14.7,28.24,98,27.55,20.9,1009.57,14.5,643,1,308.34,213.65,241.25,1915,0,66,5.85,55.29,47.06,1465,28.24,0.26,3.96,65.97,29.8,-12.5,-3.12,-3.91,-,0.19,6,37.85,110.9,-5.81,-35.21,19,0.51,7.84,30,12.38,12.45,8.03,10.83,34.97,35.18,0.58,0.75,68.39,0,31.61,1631.58,8.24,340,50,49,18.43,19.5,38.96,8.79,11.38,24.82,1.41,321.46,231.08,179.45,51.63,-6.97,14.26,14.5,48
Fri Nov 04 06:39:59 GMT-03:00 2022,04-Nov-2022 06:39:59.080,-35.21414511312155,-5.812362624888692,13.790481567382812,6.0,37.887127719636744,110.68083190917969,-0.72,6.1,9.21,0.14,18.04,0.02,0.08,0.07,-0.01,21.96,10.2,14.7,28.24,98,27.69,21.05,1009.55,14.5,643,1,306.41,87,241.25,1915,0,66,-,29.02,33.33,1312.5,28.24,0.26,1.61,26.86,29.8,-12.5,-7.81,-3.91,-,0.19,6,37.89,110.68,-5.81,-35.21,20,1,-,30,30.4,12.45,8.03,4.41,85.88,35.18,0.58,0.75,68.52,0,31.48,1599.18,8.24,342,49.65,49,18.43,19.5,-,8.9,11.24,25.14,1.41,321.49,232.09,180.46,51.63,-11.65,14.26,14.5,41
Fri Nov 04 06:40:00 GMT-03:00 2022,04-Nov-2022 06:40:00.079,-35.21402735780794,-5.812406256136457,13.755317687988281,6.0,38.24604185942963,110.43026733398438,0.59,5.46,7.14,-0.07,15.29,0.01,0.09,0,0.03,21.96,11.37,14.7,28.24,98,27.69,21.05,1009.55,14.5,644.6,1,304.84,124.28,241.25,1915,0,66,-,29.02,30.98,1287,28.24,0.26,2.3,38.37,29.8,-13.28,-7.81,-8.59,-,0.19,6,38.25,110.43,-5.81,-35.21,20,1,-,30,21.28,12.45,8.03,6.3,60.12,35.18,0.65,0.75,68.66,0,31.34,1599.18,5.1,343,49.52,49,16.47,22.5,-,8.96,11.16,25.32,1.43,321.49,233.08,181.45,51.63,-9.95,14.26,14.5,38
Fri Nov 04 06:40:01 GMT-03:00 2022,04-Nov-2022 06:40:01.081,-35.21390921402116,-5.812450350691032,13.74848747253418,6.0,37.93931136221994,110.21283721923828,-0.38,5.73,8.35,0.04,15.29,0.03,0.01,-0.07,0.1,21.96,11.37,14.7,28.24,98,27.83,21.18,1009.6,14.5,644.6,1,304.84,124.28,241.25,1915,0,66,-,36.08,30.98,1287,28.24,0.26,2.3,38.37,29.8,-14.84,-2.34,-3.91,-,0.19,6,37.94,110.21,-5.81,-35.21,21,0.52,-,30,21.28,12.45,8.03,6.3,60.12,35.18,0.81,0.74,68.79,0,31.21,1568.15,5.1,343,49.49,49,14.51,3.5,-,8.96,11.16,25.32,1.43,321.51,234.09,182.46,51.63,-9.95,14.26,14.5,38
Fri Nov 04 06:40:02 GMT-03:00 2022,04-Nov-2022 06:40:02.079,-35.21379177803033,-5.8124924224509344,13.502406120300293,6.0,37.89558204831176,109.82334899902344,0.81,5.08,8.03,-0.02,12.94,0.04,0,-0.03,0.08,18.82,9.8,14.7,28.24,98,27.96,21.32,1009.57,14.5,644.9,1,302.87,74.37,241.26,1915,0,67,-,20.78,15.69,1281.5,28.24,0.26,1.38,22.96,29.8,-14.84,-2.34,-3.91,-,0.2,6,37.9,109.82,-5.81,-35.21,20,1.49,-,30,35.56,12.45,8.03,3.77,100.46,35.18,0.81,0.74,68.93,0,31.07,1568.15,3.14,345,48.61,48,14.51,3.5,-,8.99,11.13,25.38,1.46,321.51,235.1,183.46,51.63,-11.72,14.26,14.4,33
Fri Nov 04 06:40:03 GMT-03:00 2022,04-Nov-2022 06:40:03.080,-35.2136767952466,-5.812532113409936,13.266597747802734,6.0,37.71995817992887,109.5558090209961,0.78,5.68,8.9,0.09,12.94,-0.11,-0.02,-0.04,-0.09,18.82,9.8,14.7,28.24,98,27.96,21.32,1009.66,14.5,644.9,1,302.87,74.37,241.26,1915,0,67,-,20.78,15.69,1281.5,28.24,0.26,1.38,22.96,29.8,-14.84,-4.69,-0.78,-,0.2,6,37.72,109.56,-5.81,-35.21,18,1.49,-,30,35.56,12.45,8.03,3.77,100.46,35.18,0.08,0.74,69.06,0,30.94,1538.32,3.14,345,47.76,48,15.29,25.5,-,8.99,11.13,25.38,1.46,321.54,236.1,184.47,51.63,-11.72,14.2,14.4,33
Fri Nov 04 06:40:04 GMT-03:00 2022,04-Nov-2022 06:40:04.079,-35.21356376749499,-5.812572172241072,13.022829055786133,6.0,37.64281210852259,109.70149230957031,0.43,5.58,8.93,0.09,14.51,0.26,0.09,0.09,0.26,19.61,10.2,14.7,28.24,98,28.08,21.44,1009.64,14.5,644.4,1,301.2,105.12,241.26,1915,0,67,-,31.37,26.27,1246,28.24,0.27,1.91,31.8,29.8,-14.06,-1.56,-0.78,-,0.2,6,37.64,109.7,-5.81,-35.21,17,0.76,-,30,25.16,12.45,8.03,5.22,71.07,35.18,0.08,0.74,69.19,0,30.81,1538.32,4.71,347,46.88,47,14.9,22.5,-,9.07,11.03,25.62,1.49,321.54,237.09,185.46,51.63,-10.64,14.22,14.4,31
Fri Nov 04 06:40:05 GMT-03:00 2022,04-Nov-2022 06:40:05.079,-35.21345188300778,-5.812611714630763,12.8107271194458,6.0,37.714238262988715,109.68350219726562,-0.86,4.6,9.43,0.08,14.51,-0.04,-0.09,-0.07,0,20,10.2,14.7,28.24,98,28.2,21.56,1009.54,14.5,644.4,1,299.57,107.77,241.27,1915,0,67,-,31.76,26.67,1244.5,28.24,0.27,1.92,31.92,29.8,-14.06,-5.47,-6.25,-,0.2,6,37.71,109.68,-5.81,-35.21,20,0.88,-,30,24.54,12.45,8.03,5.24,69.33,35.18,0.26,0.74,69.32,0,30.68,1510.65,4.71,348,46.12,46,14.51,9,-,9.15,10.93,25.84,1.49,321.57,238.1,186.46,51.63,-10.51,14.22,14.4,30
Fri Nov 04 06:40:06 GMT-03:00 2022,04-Nov-2022 06:40:06.080,-35.2133449524782,-5.8126465326213905,12.557940483093262,6.0,37.64927108519571,109.4754409790039,-0.82,5.3,7.74,-0.03,13.33,-0.02,-0.02,-0.03,0,14.9,7.45,14.7,28.24,98,28.3,21.67,1009.6,14.5,643.4,1,297.64,67.67,241.27,1915,0,67,-,18.43,19.22,1306,28.24,0.27,1.18,19.61,29.8,-14.06,-6.25,-6.25,-,0.2,6,37.65,109.48,-5.81,-35.21,20,2.12,-,30,39.09,12.45,8.03,3.22,110.42,35.18,0.26,0.74,69.45,0,30.55,1510.65,3.53,349,45.21,44,14.51,9,-,9.17,10.91,25.9,1.51,321.59,239.1,187.47,51.63,-12.05,14.22,14.5,27
Fri Nov 04 06:40:07 GMT-03:00 2022,04-Nov-2022 06:40:07.081,-35.213244914725095,-5.812680513485838,11.738966941833496,6.0,37.90551196926415,108.47825622558594,-0.57,4.89,8.05,-0.03,12.94,-0.01,-0.09,-0.11,0.05,14.9,7.45,14.7,28.24,98,28.3,21.67,1009.53,14.5,642.6,1,297.64,67.67,241.27,1915,0,67,-,18.43,19.22,1306,28.24,0.27,1.18,19.61,29.8,-15.62,-6.25,-4.69,-,0.2,6,37.91,108.48,-5.81,-35.21,20,2.12,-,30,39.09,12.45,8.03,3.22,110.42,35.18,0.07,0.74,69.57,0,30.43,1485.08,3.14,349,42.26,44,13.33,-1.5,-,9.17,10.91,25.9,1.51,321.59,240.1,188.47,51.63,-12.05,14.26,14.4,27
Fri Nov 04 06:40:08 GMT-03:00 2022,04-Nov-2022 06:40:08.080,-35.213151143680356,-5.812710321826954,10.645493507385254,6.0,37.58741328337785,106.97724914550781,0.45,4.88,8.17,-0.02,12.94,0.05,-0.02,0.01,0.06,14.9,7.45,14.7,28.24,98,28.37,21.76,1009.56,14.5,642.6,1,295.81,76.67,241.27,1915,0,67,-,19.22,15.69,1325,28.24,0.27,1.28,21.26,29.8,-15.62,-1.56,-2.34,-,0.2,6,37.59,106.98,-5.81,-35.21,20,3.26,-,31,34.5,12.45,8.03,3.49,97.45,35.18,0.54,0.74,69.7,0,30.3,1485.08,3.14,351,38.32,39,13.33,-10,-,9.3,10.76,26.26,1.51,321.59,241.09,189.46,51.63,-11.97,14.26,14.5,24
Fri Nov 04 06:40:09 GMT-03:00 2022,04-Nov-2022 06:40:09.080,-35.21307026618051,-5.812731179067991,9.94970417022705,6.0,37.50459945086331,106.94171142578125,-0.59,5.14,8.03,-0.01,12.55,-0.02,-0.04,-0.05,0.02,14.9,7.45,14.7,28.24,97,28.41,21.82,1009.6,14.5,641.5,1,293.99,73.61,241.28,1915,0,67,-,20,17.25,1065,28.24,0.27,1.09,18.09,29.8,-16.41,-4.69,-5.47,-,0.2,6,37.5,106.94,-5.81,-35.21,18,3.32,-,31,35.93,12.45,8.03,2.97,101.5,35.18,0.85,0.75,69.82,0,30.18,1485.08,2.75,352,35.82,35,12.94,10.5,-,9.32,10.73,26.32,1.54,321.59,242.08,190.45,51.63,-12.37,14.16,14.4,22
Fri Nov 04 06:40:10 GMT-03:00 2022,04-Nov-2022 06:40:10.082,-35.21300009715764,-5.81275064618848,7.788704872131348,6.0,37.471031865799645,108.3796157836914,0.44,4.23,8.87,0.01,12.55,-0.03,-0.03,-0.24,0.09,14.9,7.45,14.7,28.24,97,28.42,21.86,1009.62,14.5,641.5,1,292.22,75.67,241.28,1915,0,67,-,20.39,16.47,950.5,28.24,0.27,1,16.69,29.8,-16.41,-7.81,-7.81,-,0.2,6,37.47,108.38,-5.81,-35.21,19,5.82,-,31,34.95,12.46,8.03,2.74,98.73,35.18,0.67,0.75,69.95,0,30.05,1454.47,2.75,353,28.04,30,12.94,18.5,-,9.44,10.59,26.68,1.54,321.63,243.09,191.46,51.63,-12.05,14.28,14.4,20
Fri Nov 04 06:40:11 GMT-03:00 2022,04-Nov-2022 06:40:11.081,-35.21294601527112,-5.812771581176061,6.400431156158447,6.0,37.53644092941914,109.56454467773438,1.52,4.22,9.04,0.04,12.55,0.05,0.05,-0.22,0.18,14.9,7.45,14.7,28.24,97,28.42,21.86,1009.61,14.5,640.4,1,292.22,75.67,241.28,1915,0,67,-,20.39,18.82,950.5,28.24,0.27,1,16.69,30.2,-16.41,-7.81,-7.81,-,0.2,6,37.54,109.56,-5.81,-35.21,18,5.82,-,31,34.95,12.46,8.03,2.74,98.73,35.18,0.67,0.75,70.07,0,29.93,1454.47,2.75,354,23.04,30,12.94,18.5,-,9.44,10.59,26.68,1.54,321.63,244.09,192.46,51.63,-12.05,14.28,14.4,20
Fri Nov 04 06:40:12 GMT-03:00 2022,04-Nov-2022 06:40:12.080,-35.212908930380316,-5.812785633121938,4.2608513832092285,6.0,37.71067657582135,110.26953125,-0.01,4.14,8.61,-0.01,12.94,-0.07,0.01,-0.19,0.03,14.9,7.45,14.7,28.24,97,28.35,21.84,1009.66,14.5,640.4,1,290.57,88.29,244.47,1915,0,68,-,21.57,20,978.5,28.24,0.27,1,16.69,30.2,-16.41,-2.34,-1.56,-,0.2,6,37.71,110.27,-5.81,-35.21,18,6.04,-,31,29.96,12.46,8.03,2.74,84.63,35.19,0.21,0.75,70.19,0,29.81,1454.47,3.14,355,15.34,17,12.94,8,-,9.55,10.48,26.96,1.54,321.63,245.1,193.47,51.63,-11.76,14.26,14.4,20
Fri Nov 04 06:40:13 GMT-03:00 2022,04-Nov-2022 06:40:13.079,-35.21289041971136,-5.812793042759256,2.1224420070648193,6.0,38.00855252080545,110.79151916503906,-0.21,4.65,8.74,0.02,13.73,0.01,0,-0.09,0.09,14.9,7.45,14.7,28.24,97,28.23,21.78,1009.66,14.5,638.5,1,289.88,-,244.48,1915,0,68,-,29.41,28.63,887.5,28.24,0.27,1.53,25.52,30.2,-14.84,-1.56,-3.12,-,0.2,6,38.01,110.79,-5.81,-35.21,19,6.34,-,31,5.88,12.46,8.03,4.19,16.6,35.19,0.64,0.76,70.31,0,29.69,1451.14,3.92,356,7.64,9,14.51,14,-,9.54,10.48,26.96,1.55,321.63,246.09,194.46,51.63,-10.01,14.16,14.5,23
Fri Nov 04 06:40:14 GMT-03:00 2022,04-Nov-2022 06:40:14.079,-35.212884801687174,-5.8127944325541065,0.5686289668083191,6.0,38.08257318367492,110.90961456298828,-0.2,5.5,8.07,0.01,13.33,0,0,0,0.01,14.9,7.45,14.7,28.24,97,28.07,21.69,1009.67,14.5,638.5,1,289.88,-,244.48,1915,0,68,-,34.9,27.45,893.5,28.24,0.27,1.53,25.52,30.2,-14.84,-1.56,-0.78,-,0.2,6,38.08,110.91,-5.81,-35.21,15,4.64,-,31,5.88,12.46,8.03,4.19,16.6,35.19,0.08,0.77,70.04,0,29.96,1449.7,3.14,356,2.05,3,14.12,2,-,9.54,10.48,26.96,1.55,321.63,247.09,195.45,51.63,-10.01,14.12,14.4,23
Fri Nov 04 06:40:15 GMT-03:00 2022,04-Nov-2022 06:40:15.081,-35.212884801687174,-5.8127944325541065,0.03754613921046257,6.0,38.06816678313571,110.89299774169922,-0.16,5.75,7.93,0.01,13.33,0,0,0.02,-0.01,14.9,7.45,14.7,28.24,97,28.07,21.58,1009.64,14.5,638.5,1,289.88,-,263.53,1915,0,68,-,32.55,27.45,757.5,28.24,0.27,1.18,19.61,32.55,-14.84,2.34,-0.78,-,0.2,6,38.07,110.89,-5.81,-35.21,15,2.05,-,31,2.55,12.46,8.03,3.22,7.2,35.18,0.08,0.77,69.76,0,30.24,1449.7,3.14,358,0.14,0,13.73,1.5,-,9.51,10.51,26.87,1.55,321.63,248.08,196.14,51.95,-11.07,14.2,14.4,23
Fri Nov 04 06:40:16 GMT-03:00 2022,04-Nov-2022 06:40:16.080,-35.212884801687174,-5.8127944325541065,0.012718494981527328,6.0,38.02877852341549,110.87814331054688,-0.08,5.8,7.74,-0,13.33,0,0,0.02,0,14.9,7.45,14.7,28.24,97,28.07,21.48,1009.64,14.5,635.8,1,289.88,-,263.52,1915,0,68,-,39.22,28.24,788.5,28.24,0.27,1.67,27.9,32.55,-15.62,-1.56,2.34,-,0.2,6,38.03,110.88,-5.81,-35.21,17,0.14,-,31,0,12.46,8.03,4.58,0,35.18,0.83,0.78,69.47,0,30.53,1449.7,3.53,359,0.05,0,14.12,2,-,9.51,10.52,26.86,1.55,321.63,249.09,196.14,52.96,-8.74,13.8,14.4,27
Fri Nov 04 06:40:17 GMT-03:00 2022,04-Nov-2022 06:40:17.080,-35.212884801687174,-5.8127944325541065,0.006202356889843941,6.0,38.031282189913,110.86371612548828,-0.12,5.83,7.88,0.01,13.73,0,0,0.04,-0.01,14.9,7.45,14.7,28.24,97,28.07,21.38,1009.64,14.5,635.8,1,289.88,-,263.52,1915,0,68,-,40,32.55,788,28.24,0.27,1.52,25.34,32.55,-14.84,3.12,3.91,-,0.2,6,38.03,110.86,-5.81,-35.21,18,0.05,-,31,0,12.46,8.03,4.16,0,35.18,0.12,0.78,69.2,0,30.8,1449.7,3.92,360,0.02,0,14.12,2,-,9.51,10.52,26.85,1.55,321.63,250.08,196.14,53.94,-9.48,14.18,14.1,29
Fri Nov 04 06:40:18 GMT-03:00 2022,04-Nov-2022 06:40:18.079,-35.212884801687174,-5.8127944325541065,0.014148082584142685,6.0,38.02851712632062,110.86740112304688,-0.15,5.78,7.86,0.01,13.73,-0.01,0,0.02,-0.02,14.9,7.45,14.7,28.24,97,28.07,21.28,1009.64,14.5,635.8,1,289.88,-,238.12,1915,0,68,-,40,32.55,807,28.24,0.27,1.5,25.03,29.41,-14.84,3.12,3.91,-,0.2,6,38.03,110.87,-5.81,-35.21,17,0.02,-,31,0,12.46,8.03,4.11,0,35.18,0.12,0.79,68.92,0,31.08,1449.7,3.92,361,0.05,0,14.12,2,-,9.5,10.52,26.85,1.55,321.63,251.08,196.14,54.95,-9.54,14.18,14.4,30
Fri Nov 04 06:40:19 GMT-03:00 2022,04-Nov-2022 06:40:19.079,-35.212884801687174,-5.8127944325541065,0.02421475388109684,6.0,38.1688614192077,110.85883331298828,-0.19,5.73,7.84,0,13.73,0,0,0.02,0,14.9,7.45,14.7,28.24,97,28.07,21.28,1009.62,14.5,632.5,1,289.88,-,238.12,1915,0,68,-,38.82,32.55,807,28.24,0.27,1.5,25.03,29.41,-14.84,4.69,1.56,-,0.2,6,38.17,110.86,-5.81,-35.21,18,0.02,-,31,0,12.46,8.03,4.11,0,35.18,0.85,0.79,68.65,0,31.35,1449.7,3.92,361,0.09,0,14.12,3,-,9.5,10.52,26.85,1.55,321.63,252.08,196.14,55.94,-9.54,14.16,14.4,30
Fri Nov 04 06:40:20 GMT-03:00 2022,04-Nov-2022 06:40:20.079,-35.212884801687174,-5.8127944325541065,0.01447716262191534,6.0,38.15528187217316,110.85298919677734,-0.11,5.79,7.91,0.01,13.73,-0.01,0,0.02,-0.02,14.9,7.45,14.7,28.24,97,28.07,21.19,1009.68,14.5,632.5,1,289.88,-,231.77,1915,0,68,-,39.22,32.16,796,28.24,0.27,1.49,24.85,28.63,-14.84,-1.56,-2.34,-,0.2,6,38.16,110.85,-5.81,-35.21,18,0.09,-,31,0,12.46,8.03,4.08,0,35.18,0.74,0.87,68.38,0,31.62,1449.7,3.92,363,0.05,0,14.12,3,-,9.5,10.52,26.84,1.55,321.63,253.09,196.14,56.95,-9.69,14.2,14.4,30
Fri Nov 04 06:40:21 GMT-03:00 2022,04-Nov-2022 06:40:21.079,-35.212884801687174,-5.8127944325541065,0.012605162337422371,6.0,38.189555983421684,110.84576416015625,-0.15,5.78,7.87,0.01,13.73,-0.01,0,0.01,-0.02,14.9,7.45,14.7,28.24,97,28.07,21.09,1009.62,14.5,631.1,1,289.88,-,231.77,1915,0,68,-,39.22,32.94,775.5,28.24,0.27,1.45,24.18,28.63,-14.84,-0.78,0,-,0.2,6,38.19,110.85,-5.81,-35.21,18,0.05,-,31,0,12.46,8.03,3.97,0,35.18,0.1,0.87,68.11,0,31.89,1449.7,3.92,364,0.05,0,14.12,3.5,-,9.5,10.53,26.84,1.55,321.63,254.09,196.14,57.95,-9.75,14.22,14.4,31
Fri Nov 04 06:40:22 GMT-03:00 2022,04-Nov-2022 06:40:22.079,-35.212884801687174,-5.8127944325541065,0.008615540340542793,6.0,38.19733757633269,110.8315200805664,-0.18,5.82,7.93,0.01,13.73,0,0,0.03,-0.01,14.9,7.45,14.7,28.24,97,28.07,20.99,1009.63,14.5,631.1,1,289.88,-,228.6,1915,0,68,-,39.22,32.16,793,28.24,0.27,1.48,24.67,28.24,-14.84,2.34,0,-,0.2,6,38.2,110.83,-5.81,-35.21,17,0.05,-,31,0,12.46,8.03,4.05,0,35.18,0.1,0.87,67.84,0,32.16,1449.7,3.92,365,0.03,0,14.12,3.5,-,9.5,10.53,26.83,1.55,321.63,255.09,196.14,58.95,-9.53,14.22,14.4,31
Fri Nov 04 06:40:23 GMT-03:00 2022,04-Nov-2022 06:40:23.079,-35.212884801687174,-5.8127944325541065,0.00902639701962471,6.0,38.22446230391257,110.8221206665039,-0.19,5.79,7.89,0.01,12.94,0,0,0.03,-0.01,14.9,7.45,14.7,28.24,97,28.07,20.99,1009.62,14.5,630.2,1,289.88,-,228.6,1915,0,68,-,39.22,26.67,793,28.24,0.27,1.48,24.67,28.24,-15.62,2.34,-0.78,-,0.2,6,38.22,110.82,-5.81,-35.21,18,0.05,-,31,0,12.46,8.03,4.05,0,35.18,0.8,0.83,67.57,0,32.43,1449.7,3.14,365,0.03,0,14.12,3.5,-,9.5,10.53,26.83,1.55,321.63,256.1,196.14,59.96,-9.53,14.28,14.5,31
Fri Nov 04 06:40:24 GMT-03:00 2022,04-Nov-2022 06:40:24.079,-35.212884801687174,-5.8127944325541065,0.006613459903746843,6.0,38.20138362326944,110.8120346069336,-0.22,5.83,7.83,0.01,12.94,0,0,0.03,-0.01,14.9,7.45,14.7,28.24,97,28.07,20.89,1009.64,14.5,630.2,1,289.88,-,228.6,1915,0,68,-,30.98,26.67,744,28.24,0.28,1.09,18.09,28.24,-16.41,-4.69,-4.69,-,0.2,6,38.2,110.81,-5.81,-35.21,19,0.03,-,31,0,12.46,8.03,2.97,0,35.18,0.74,0.83,67.31,0,32.69,1449.7,2.75,366,0.02,0,13.33,4.5,-,9.5,10.53,26.82,1.55,321.63,257.09,196.14,60.96,-10.94,14.2,14.5,30
Fri Nov 04 06:40:25 GMT-03:00 2022,04-Nov-2022 06:40:25.080,-35.212884801687174,-5.8127944325541065,0.008644665591418743,6.0,38.20779338931692,110.80432891845703,-0.23,5.75,7.81,0,12.94,0,0.01,0.02,-0.01,14.9,7.45,14.7,28.24,97,28.07,20.8,1009.66,14.5,629.5,1,289.88,-,228.59,1915,0,68,-,31.37,25.49,742,28.24,0.28,1.1,18.4,28.24,-16.41,-3.12,-2.34,-,0.2,6,38.21,110.8,-5.81,-35.21,19,0.02,-,31,0,12.46,8.03,3.02,0,35.18,0.08,0.85,67.05,0,32.95,1449.7,3.14,367,0.03,0,13.33,3.5,-,9.49,10.53,26.82,1.55,321.63,258.09,196.14,61.96,-10.64,14.2,14.4,29
Fri Nov 04 06:40:26 GMT-03:00 2022,04-Nov-2022 06:40:26.080,-35.212884801687174,-5.8127944325541065,0.006545087322592735,6.0,38.180753986624126,110.80194854736328,-0.24,5.77,7.84,0,12.94,0,0.01,0.02,-0.01,14.9,7.45,14.7,28.24,97,28.07,20.71,1009.69,14.5,629.5,1,289.88,-,225.42,1915,0,68,-,31.37,26.27,761,28.24,0.28,1.1,18.4,27.84,-16.41,0,0.78,-,0.2,6,38.18,110.8,-5.81,-35.21,19,0.03,-,31,0,12.46,8.03,3.02,0,35.18,0.09,0.85,66.79,0,33.21,1449.7,3.14,369,0.02,0,13.33,3.5,-,9.49,10.54,26.81,1.55,321.63,259.09,196.14,62.95,-10.63,14.24,14.4,28
Fri Nov 04 06:40:27 GMT-03:00 2022,04-Nov-2022 06:40:27.082,-35.212884801687174,-5.8127944325541065,0.005633543245494366,6.0,38.21852121402067,110.79228210449219,-0.12,5.76,7.88,0.01,12.94,-0.01,0,0.02,-0.02,14.9,7.45,14.7,28.24,97,28.07,20.71,1009.69,14.5,628.5,1,289.88,-,225.42,1915,0,68,-,31.37,25.1,761,28.24,0.28,1.1,18.4,27.84,-16.41,0,0.78,-,0.2,6,38.22,110.79,-5.81,-35.21,18,0.03,-,31,0,12.46,8.03,3.02,0,35.18,0.09,0.85,66.53,0,33.47,1449.7,3.14,369,0.02,0,13.33,3.5,-,9.49,10.54,26.81,1.55,321.63,260.09,196.14,63.96,-10.63,14.24,14.5,28
Fri Nov 04 06:40:28 GMT-03:00 2022,04-Nov-2022 06:40:28.081,-35.212884801687174,-5.8127944325541065,0.013807952404022217,6.0,38.22934366052245,110.78650665283203,-0.19,5.79,7.88,0.01,12.94,0,0,0.03,-0.01,14.9,7.45,14.7,28.24,97,28.07,20.61,1009.65,14.5,628.5,1,289.88,-,222.24,1915,0,68,-,30.2,27.45,773,28.24,0.28,1.09,18.21,27.45,-15.62,5.47,5.47,-,0.21,6,38.23,110.79,-5.81,-35.21,19,0.02,-,31,0,12.46,8.03,2.99,0,35.18,0.79,0.83,66.28,0,33.72,1449.7,3.14,370,0.05,0,13.33,4.5,-,9.49,10.54,26.81,1.55,321.63,261.09,196.14,64.95,-10.76,14.22,14.4,27
Fri Nov 04 06:40:29 GMT-03:00 2022,04-Nov-2022 06:40:29.083,-35.212884801687174,-5.8127944325541065,0.008652261458337307,4.0,38.25527214064672,110.7740478515625,-0.16,5.78,7.76,-0,13.73,-0.01,0,0.02,-0.02,14.9,7.45,14.7,28.24,97,28.07,20.52,1009.68,14.5,627.5,1,289.88,-,222.24,1915,0,68,-,33.73,31.37,791,28.24,0.28,1.3,21.62,27.45,-15.62,1.56,0.78,-,0.21,4,38.26,110.77,-5.81,-35.21,19,0.05,-,31,0,12.46,8.03,3.55,0,35.18,0.74,0.82,66.03,0,33.97,1449.7,3.53,371,0.03,0,13.73,-3,-,9.49,10.54,26.8,1.55,321.63,262.09,196.14,65.95,-10.13,14.2,14.5,28
Fri Nov 04 06:40:30 GMT-03:00 2022,04-Nov-2022 06:40:30.080,-35.212884801687174,-5.8127944325541065,0.011518154293298721,4.0,38.275053737816926,110.75720977783203,-0.23,5.77,7.87,0.01,13.73,-0.01,-0.01,0.01,-0.01,14.9,7.45,14.7,28.24,97,28.07,20.43,1009.67,14.5,627.5,1,289.88,-,222.24,1915,0,68,-,40,31.37,771,28.24,0.28,1.51,25.16,27.45,-14.84,0.78,1.56,-,0.21,4,38.28,110.76,-5.81,-35.21,17,0.03,-,31,0,12.46,8.03,4.13,0,35.18,0.09,0.81,65.78,0,34.22,1449.7,3.92,372,0.04,0,14.12,3,-,9.48,10.54,26.79,1.55,321.63,263.09,196.14,66.95,-9.53,14.26,14.5,29
Fri Nov 04 06:40:31 GMT-03:00 2022,04-Nov-2022 06:40:31.080,-35.212884801687174,-5.8127944325541065,0.007953976280987263,4.0,38.268029273080295,110.7529525756836,-0.17,5.79,7.7,-0.01,13.73,-0.01,0,0.02,-0.02,14.9,7.45,14.7,28.24,97,28.07,20.34,1009.65,14.5,627.5,1,289.88,-,219.07,1915,0,69,-,38.82,32.55,804.5,28.24,0.28,1.49,24.85,27.06,-14.84,1.56,1.56,-,0.21,4,38.27,110.75,-5.81,-35.21,16,0.04,-,31,0,12.46,8.03,4.08,0,35.18,0.09,0.81,65.53,0,34.47,1449.7,3.92,374,0.03,0,14.12,3,-,9.48,10.55,26.79,1.55,321.63,264.08,196.14,67.95,-9.46,14.26,14.5,30
Fri Nov 04 06:40:32 GMT-03:00 2022,04-Nov-2022 06:40:32.080,-35.212884801687174,-5.8127944325541065,0.005144963040947914,4.0,38.2494966449444,110.74633026123047,-0.21,5.81,7.89,0.01,13.73,0,0,0.03,0,14.9,7.45,14.7,28.24,97,28.07,20.25,1009.64,14.5,626,1,289.88,-,219.07,1915,0,69,-,39.22,32.16,789.5,28.24,0.28,1.49,24.85,27.06,-14.84,-2.34,0.78,-,0.21,4,38.25,110.75,-5.81,-35.21,19,0.03,-,31,0,12.46,8.03,4.08,0,35.18,0.83,0.8,65.28,0,34.72,1449.7,3.92,375,0.02,0,14.12,3,-,9.48,10.55,26.78,1.55,321.63,265.09,196.14,68.95,-9.67,14.22,14.4,31
Fri Nov 04 06:40:33 GMT-03:00 2022,04-Nov-2022 06:40:33.079,-35.212884801687174,-5.8127944325541065,0.010163314640522003,4.0,38.280889399241,110.7436294555664,-0.24,5.77,7.97,0.01,13.73,0,-0.01,0.02,0,14.9,7.45,14.7,28.24,97,28.07,20.16,1009.63,14.5,626,1,289.88,-,219.07,1915,0,69,-,39.61,32.94,776,28.24,0.28,1.45,24.18,27.06,-14.84,-2.34,-3.12,-,0.21,4,38.28,110.74,-5.81,-35.21,18,0.02,-,31,0,12.46,8.03,3.97,0,35.18,0.75,0.8,65.04,0,34.96,1449.7,3.92,376,0.04,0,14.12,2,-,9.48,10.55,26.78,1.55,321.63,266.08,196.14,69.95,-9.71,14.2,14.4,31
Fri Nov 04 06:40:34 GMT-03:00 2022,04-Nov-2022 06:40:34.079,-35.212884801687174,-5.8127944325541065,0.007807326503098011,4.0,38.27815078616578,110.73291778564453,-0.08,5.85,7.78,0,13.73,0,0,0.04,-0.02,14.9,7.45,14.7,28.24,97,28.07,20.16,1009.69,14.5,626,1,289.88,-,215.89,1915,0,69,-,39.61,32.16,798,28.24,0.28,1.48,24.67,26.67,-14.84,-2.34,-2.34,-,0.21,4,38.28,110.73,-5.81,-35.21,18,0.02,-,31,0,12.46,8.03,4.05,0,35.18,0.12,0.79,64.79,0,35.21,1449.7,3.53,377,0.03,0,14.12,2,-,9.48,10.55,26.77,1.55,321.63,267.08,196.14,70.94,-9.53,14.2,14.4,32
Fri Nov 04 06:40:35 GMT-03:00 2022,04-Nov-2022 06:40:35.080,-35.212884801687174,-5.8127944325541065,0.007528547663241625,4.0,38.299675500967304,110.72771453857422,-0.16,5.77,7.86,0.01,13.73,0,0,0.02,-0.01,14.9,7.45,14.7,28.24,97,28.07,20.07,1009.64,14.5,624.2,1,289.88,-,215.89,1915,0,69,-,38.82,32.16,798,28.24,0.28,1.48,24.67,26.67,-14.84,1.56,1.56,-,0.21,4,38.3,110.73,-5.81,-35.21,19,0.03,-,31,0,12.46,8.03,4.05,0,35.18,0.8,0.82,64.55,0,35.45,1449.7,3.92,377,0.03,0,14.12,3,-,9.48,10.55,26.77,1.55,321.63,268.09,196.14,71.96,-9.53,14.16,14.4,32
Fri Nov 04 06:40:36 GMT-03:00 2022,04-Nov-2022 06:40:36.080,-35.212884801687174,-5.8127944325541065,0.010442324914038181,4.0,38.30529888547301,110.72468566894531,-0.1,5.82,7.85,0.01,13.73,0,0,0.02,0,14.9,7.45,14.7,28.24,97,28.07,19.98,1009.67,14.5,624.2,1,289.88,-,215.89,1915,0,69,-,39.22,32.16,778.5,28.24,0.28,1.45,24.18,26.67,-14.84,-3.91,-3.91,-,0.21,4,38.31,110.72,-5.81,-35.21,19,0.03,-,31,0,12.46,8.03,3.97,0,35.18,0.72,0.83,64.31,0,35.69,1449.7,3.14,379,0.04,0,14.12,1.5,-,9.47,10.55,26.76,1.55,321.63,269.08,196.14,72.94,-9.76,14.14,14.4,32
Fri Nov 04 06:40:37 GMT-03:00 2022,04-Nov-2022 06:40:37.081,-35.212884801687174,-5.8127944325541065,0.020201973617076874,4.0,38.27813867686084,110.7253646850586,0.01,5.77,7.88,0.01,12.94,0,0.01,0.02,-0.01,14.9,7.45,14.7,28.24,97,28.07,19.9,1009.66,14.5,624.2,1,289.88,-,215.89,1915,0,69,-,32.16,29.41,782.5,28.24,0.28,1.06,17.73,26.67,-16.41,-6.25,-7.03,-,0.21,4,38.28,110.73,-5.81,-35.21,19,0.04,-,31,0,12.46,8.03,2.91,0,35.18,0.71,0.83,64.07,0,35.93,1449.7,2.75,380,0.07,0,13.33,3.5,-,9.47,10.56,26.76,1.55,321.63,270.09,196.14,73.95,-10.94,14.2,14.5,30
Fri Nov 04 06:40:38 GMT-03:00 2022,04-Nov-2022 06:40:38.081,-35.212884801687174,-5.8127944325541065,0.01497134193778038,6.0,38.30617160294032,110.73008728027344,-0.22,5.82,7.89,0.01,12.94,0,0,0.03,-0.01,14.9,7.45,14.7,28.24,97,28.07,19.81,1009.64,14.5,624.2,1,289.88,-,215.89,1915,0,69,-,31.37,25.49,743,28.24,0.28,1.07,17.91,26.67,-16.41,-5.47,-4.69,-,0.21,6,38.31,110.73,-5.81,-35.21,20,0.07,-,32,0,12.46,8.03,2.94,0,35.18,0.08,0.85,63.84,0,36.16,1449.7,2.75,381,0.05,0,13.33,6,-,9.47,10.56,26.75,1.55,321.63,271.09,196.14,74.95,-10.92,14.28,14.5,28
Fri Nov 04 06:40:39 GMT-03:00 2022,04-Nov-2022 06:40:39.081,-35.212884801687174,-5.8127944325541065,0.01439744047820568,6.0,38.31490935374798,110.72430419921875,-0.27,5.77,7.91,0.01,12.94,0,-0.01,0.02,0,14.9,7.45,14.7,28.24,97,28.07,19.81,1009.69,14.5,623,1,289.88,-,215.89,1915,0,69,-,31.37,25.88,743,28.24,0.28,1.07,17.91,26.67,-16.41,-5.47,-4.69,-,0.21,6,38.31,110.72,-5.81,-35.21,19,0.07,-,32,0,12.46,8.03,2.94,0,35.18,0.08,0.85,63.6,0,36.4,1449.7,3.14,382,0.05,0,13.33,6,-,9.47,10.56,26.75,1.55,321.63,272.11,196.14,75.97,-10.92,14.28,14.4,28
Fri Nov 04 06:40:40 GMT-03:00 2022,04-Nov-2022 06:40:40.082,-35.212884801687174,-5.8127944325541065,0.009626366198062897,6.0,38.29623728141891,110.7216567993164,-0.1,5.78,7.86,0.01,12.94,0,0,0.02,-0.01,14.9,7.45,14.7,28.24,97,28.07,19.72,1009.64,14.5,623,1,289.88,-,212.72,1915,0,69,-,30.98,25.1,756.5,28.24,0.28,1.09,18.09,26.27,-16.41,0,0.78,-,0.21,6,38.3,110.72,-5.81,-35.21,19,0.05,-,32,0,12.46,8.03,2.97,0,35.18,0.08,0.83,63.37,0,36.63,1449.7,3.14,382,0.03,0,13.33,3.5,-,9.47,10.56,26.75,1.55,321.63,273.08,196.14,76.94,-10.68,14.22,14.5,28
Fri Nov 04 06:40:41 GMT-03:00 2022,04-Nov-2022 06:40:41.079,-35.212884801687174,-5.8127944325541065,0.012100229039788246,6.0,38.3108647584298,110.71453094482422,-0.18,5.74,7.79,-0,12.94,-0.01,0,0.02,-0.02,14.9,7.45,14.7,28.24,97,28.07,19.64,1009.68,14.5,622,1,289.88,-,212.72,1915,0,69,-,30.59,26.67,761.5,28.24,0.28,1.09,18.09,26.27,-16.41,3.12,3.12,-,0.21,6,38.31,110.71,-5.81,-35.21,19,0.03,-,32,0,12.46,8.03,2.97,0,35.18,0.1,0.82,63.14,0,36.86,1449.7,3.14,383,0.04,0,13.33,4.5,-,9.47,10.56,26.74,1.55,321.63,274.09,196.14,77.95,-10.75,14.22,14.5,27
Fri Nov 04 06:40:42 GMT-03:00 2022,04-Nov-2022 06:40:42.080,-35.212884801687174,-5.8127944325541065,0.011393684893846512,4.0,38.330138616590034,110.70808410644531,-0.07,5.88,7.76,0,13.73,0,0.01,0.03,-0.01,14.9,7.45,14.7,28.24,97,28.07,19.56,1009.64,14.5,622,1,289.88,-,212.72,1915,0,69,-,33.33,26.67,805,28.24,0.28,1.29,21.44,26.27,-15.62,6.25,6.25,-,0.21,4,38.33,110.71,-5.81,-35.21,19,0.04,-,32,0,12.46,8.03,3.52,0,35.18,0.69,0.81,62.91,0,37.09,1449.7,3.92,384,0.04,0,13.73,-2.5,-,9.46,10.57,26.74,1.55,321.63,275.09,196.14,78.95,-10.09,14.22,14.4,28
Fri Nov 04 06:40:43 GMT-03:00 2022,04-Nov-2022 06:40:43.081,-35.212884801687174,-5.8127944325541065,0.008752262219786644,4.0,38.32036863120081,110.70145416259766,-0.1,5.76,7.87,0.01,13.73,0,0,0.02,-0.01,14.9,7.45,14.7,28.24,97,28.07,19.47,1009.69,14.5,622,1,289.88,-,209.54,1915,0,69,-,39.22,31.76,795,28.24,0.28,1.46,24.3,25.88,-15.62,0.78,6.25,-,0.21,4,38.32,110.7,-5.81,-35.21,20,0.04,-,32,0,12.46,8.03,3.99,0,35.18,0.69,0.81,62.68,0,37.32,1449.7,3.92,386,0.03,0,13.73,-2.5,-,9.46,10.57,26.73,1.55,321.63,276.1,196.14,79.97,-9.77,14.22,14.4,29
Fri Nov 04 06:40:44 GMT-03:00 2022,04-Nov-2022 06:40:44.080,-35.212884801687174,-5.8127944325541065,0.007883790880441666,4.0,38.31100693362467,110.69123077392578,-0.24,5.78,7.85,0.01,13.73,0,-0.01,0.02,-0.01,14.9,7.45,14.7,28.24,97,28.07,19.39,1009.68,14.5,620.5,1,289.88,-,209.54,1915,0,69,-,39.61,32.55,766.5,28.24,0.29,1.43,23.82,25.88,-14.84,0.78,0,-,0.21,4,38.31,110.69,-5.81,-35.21,19,0.03,-,32,0,12.46,8.03,3.91,0,35.18,0.81,0.81,62.46,0,37.54,1449.7,3.53,387,0.03,0,14.12,3.5,-,9.46,10.57,26.73,1.55,321.63,277.08,196.14,80.94,-9.8,14.16,14.5,29
Fri Nov 04 06:40:45 GMT-03:00 2022,04-Nov-2022 06:40:45.081,-35.212884801687174,-5.8127944325541065,0.009813728742301464,4.0,38.32490327289381,110.68428039550781,-0.18,5.82,7.92,0.01,13.73,0,0,0.03,0,14.9,7.45,14.7,28.24,97,28.07,19.31,1009.65,14.5,620.5,1,289.88,-,209.54,1915,0,69,-,39.22,32.55,775,28.24,0.29,1.47,24.49,25.88,-14.84,-0.78,-3.91,-,0.21,4,38.32,110.68,-5.81,-35.21,19,0.03,-,32,0,12.45,8.03,4.02,0,35.18,0.67,0.8,62.23,0,37.77,1449.7,3.92,388,0.04,0,14.12,3,-,9.46,10.57,26.72,1.55,321.63,278.08,196.14,81.94,-9.49,14.2,14.4,30
Fri Nov 04 06:40:46 GMT-03:00 2022,04-Nov-2022 06:40:46.080,-35.212884801687174,-5.8127944325541065,0.008420354686677456,6.0,38.329147970546146,110.67654418945312,-0.08,5.89,7.84,0.01,13.73,0,0,0.03,0,14.9,7.45,14.7,28.24,97,28.07,19.31,1009.67,14.5,620.5,1,289.88,-,209.54,1915,0,69,-,39.22,32.16,775,28.24,0.29,1.47,24.49,25.1,-14.84,-0.78,0,-,0.21,6,38.33,110.68,-5.81,-35.21,19,0.03,-,32,0,12.45,8.03,4.02,0,35.18,0.1,0.79,62.01,0,37.99,1449.7,3.92,389,0.03,0,14.12,3,-,9.46,10.57,26.72,1.55,321.63,279.08,196.14,82.94,-9.49,14.26,14.5,30
Fri Nov 04 06:40:47 GMT-03:00 2022,04-Nov-2022 06:40:47.082,-35.212884801687174,-5.8127944325541065,0.00793832540512085,6.0,38.31827527997252,110.66849517822266,-0.2,5.83,7.86,0.01,13.73,0,0,0.03,-0.01,14.9,7.45,14.7,28.24,97,28.07,19.23,1009.68,14.5,620.5,1,289.88,-,203.19,1915,0,69,-,38.82,32.16,798,28.24,0.29,1.47,24.49,25.1,-14.84,0,-1.56,-,0.21,6,38.32,110.67,-5.81,-35.21,18,0.03,-,32,0,12.45,8.03,4.02,0,35.18,0.81,0.78,61.78,0,38.22,1449.7,3.92,389,0.03,0,14.12,2,-,9.46,10.57,26.71,1.55,321.63,280.1,196.14,83.96,-9.55,14.28,14.5,31
Fri Nov 04 06:40:48 GMT-03:00 2022,04-Nov-2022 06:40:48.082,-35.212884801687174,-5.8127944325541065,0.03021031618118286,6.0,38.330827156894046,110.67330169677734,-0.11,6.62,7.56,0.04,13.73,0,0,0.1,-0.06,14.9,8.24,14.7,28.24,97,28.07,19.15,1009.66,14.5,618.9,1,289.88,-,203.19,1915,0,69,-,43.92,32.16,769.5,28.24,0.29,1.36,22.66,25.1,-13.28,-3.91,-4.69,-,0.21,6,38.33,110.67,-5.81,-35.21,18,0.03,-,32,0,12.45,8.03,3.72,0,35.18,0.74,0.78,61.56,0,38.44,1449.7,3.53,391,0.11,0,16.86,12,-,9.45,10.58,26.71,1.55,321.63,281.11,196.14,84.97,-10.05,14.28,14.5,31
Fri Nov 04 06:40:49 GMT-03:00 2022,04-Nov-2022 06:40:49.081,-35.212884801687174,-5.8127944325541065,0.24587717652320862,6.0,38.3622360730019,110.85774230957031,-0.2,6.81,7.2,0.02,17.25,0.01,0,0.13,-0.07,25.49,13.33,14.7,28.24,97,28.07,19.07,1009.64,14.5,618.9,1,289.88,-,203.19,1915,0,69,-,54.12,45.49,1424.5,28.24,0.29,3.63,60.55,25.1,-13.28,-1.56,0,-,0.21,6,38.36,110.86,-5.81,-35.21,18,0.11,-,32,0,12.45,8.03,9.94,0,35.18,0.16,0.83,61.35,0,38.65,1449.7,7.45,392,0.89,0,18.04,18.5,-,9.45,10.58,26.7,1.55,321.63,282.08,196.14,85.95,-2.16,14.26,14.5,44
Fri Nov 04 06:40:50 GMT-03:00 2022,04-Nov-2022 06:40:50.080,-35.21284453764126,-5.812815390842395,1.491169810295105,4.0,38.40595772304618,111.20211029052734,-0.05,6.76,7.51,0.04,17.25,0.07,-0.01,0.13,0,28.63,14.9,14.7,28.24,97,27.94,19.01,1009.69,14.5,617.6,1,289.88,-,203.19,1915,0,69,1.87,54.9,41.57,1486,28.24,0.29,3.55,59.21,25.1,-12.5,-1.56,0,-,0.21,4,38.41,111.2,-5.81,-35.21,19,5.11,2.51,32,0,12.45,8.03,9.72,0,35.18,0.16,0.83,61.24,0,38.76,1453.57,7.06,393,5.37,6,18.04,18.5,12.01,9.45,10.58,26.7,1.58,321.63,283.08,196.46,86.63,-7.98,14.26,14.5,44
Fri Nov 04 06:40:51 GMT-03:00 2022,04-Nov-2022 06:40:51.081,-35.21282051922904,-5.81282477805192,2.705211639404297,4.0,38.34587415492921,111.49765014648438,-0.37,7.39,6.54,0.02,20.78,0,-0.02,0.19,-0.14,30.98,15.69,14.7,28.24,97,27.94,19.01,1009.63,14.5,617.5,1,289.88,-,203.19,1915,0,69,1.87,54.9,41.57,1486,28.24,0.29,3.55,59.21,25.1,-11.72,-0.78,-0.78,-,0.21,4,38.35,111.5,-5.81,-35.21,18,5.11,2.51,31,0,12.45,8.03,9.72,0,35.18,0.8,0.79,61.38,0,38.62,1428.97,10.98,393,9.74,6,20.39,20,12.01,9.45,10.58,26.7,1.58,321.66,284.09,197.46,86.63,-7.98,14.22,14.5,44
Fri Nov 04 06:40:52 GMT-03:00 2022,04-Nov-2022 06:40:52.081,-35.21278348486196,-5.812837424748137,4.251031875610352,4.0,38.48780668413302,110.0921630859375,-1.72,6.82,8.1,0.11,20.39,0.08,0,0.09,0.04,30.59,15.69,14.7,28.24,97,27.86,19,1009.54,14.5,617.5,1,289.88,-,196.84,1915,0,69,8.74,71.37,57.25,1545.5,28.24,0.29,5.05,84.24,24.31,-11.72,-6.25,-3.12,-,0.22,4,38.49,110.09,-5.81,-35.21,19,5.26,11.72,31,1.19,12.45,8.03,13.83,3.35,35.18,0.11,0.78,61.52,0,38.48,1438.49,10.59,394,15.3,15,20.78,17,53.99,9.42,10.62,26.6,1.58,321.66,285.09,198.46,86.63,-5.64,14.22,14.5,48
Fri Nov 04 06:40:53 GMT-03:00 2022,04-Nov-2022 06:40:53.081,-35.2127385463749,-5.812849094828894,5.40463924407959,4.0,38.689295021409315,107.9015884399414,0.85,7.16,6.54,0,21.57,0,0.1,0.16,-0.14,30.59,15.69,14.7,28.24,97,27.81,19,1009.59,14.5,620.1,1,294.89,921.54,196.84,1915,0,69,8.74,65.88,56.86,1705.5,28.24,0.29,5.23,87.1,24.31,-11.72,0.78,-0.78,-,0.22,4,38.69,107.9,-5.81,-35.21,17,3.7,11.72,31,2.87,12.45,8.03,14.3,8.11,35.18,0.74,0.77,61.65,0,38.35,1450.54,11.37,396,19.46,19,21.57,19.5,53.99,9.39,10.65,26.52,1.58,321.66,286.09,199.46,86.63,-5.69,14.22,14.5,51
Fri Nov 04 06:40:54 GMT-03:00 2022,04-Nov-2022 06:40:54.081,-35.21268526035012,-5.812863268407932,6.023662090301514,4.0,38.95894227433965,106.49674987792969,-0.07,8.1,7.76,0.15,21.57,-0.01,-0.02,0.01,-0.02,30.59,15.69,14.7,28.24,97,27.77,19.01,1009.56,14.5,620.1,1,298.9,803.85,196.83,1915,0,69,8.67,67.84,57.25,1802,28.24,0.3,5.77,96.24,24.31,-11.72,-0.78,-2.34,-,0.22,4,38.96,106.5,-5.81,-35.21,20,2.54,11.63,31,3.29,12.45,8.03,15.8,9.29,35.18,0.74,0.76,61.79,0,38.21,1459.29,11.37,396,21.69,22,21.96,18.5,45.96,9.36,10.68,26.45,1.6,321.66,287.1,200.47,86.63,-5.68,14.26,14.4,53
Fri Nov 04 06:40:55 GMT-03:00 2022,04-Nov-2022 06:40:55.079,-35.212625868023046,-5.812876661324541,7.191184043884277,6.0,39.09428448425489,105.54016876220703,-0.45,6.88,7.35,0.04,20.78,0.02,-0.03,0.14,-0.06,27.84,14.12,14.7,28.24,97,27.77,19.01,1009.51,14.5,620.1,1,301.58,642.82,196.83,1915,0,69,8.67,67.84,53.73,1802,28.24,0.3,5.35,89.11,24.31,-11.72,-0.78,-2.34,-,0.22,6,39.09,105.54,-5.81,-35.21,22,2.54,11.63,31,4.11,12.45,8.03,14.63,11.62,35.18,0.74,0.76,61.92,0,38.08,1442.49,10.98,398,25.89,22,21.96,18.5,45.96,9.34,10.71,26.39,1.6,321.68,288.09,201.46,86.63,-6.77,14.26,14.4,53
Fri Nov 04 06:40:56 GMT-03:00 2022,04-Nov-2022 06:40:56.083,-35.21255583715588,-5.812895226107912,7.928597927093506,6.0,39.04358398737883,105.9799575805664,0.29,6.59,6.7,-0.03,20,0,0.08,0.07,-0.05,27.45,14.12,14.7,28.24,97,27.77,19.04,1009.53,14.5,627.2,1,301.58,642.82,196.83,1915,0,69,10.45,60.39,51.76,1889.5,28.24,0.3,5.35,89.11,24.31,-11.72,-0.78,-2.34,-,0.22,6,39.04,105.98,-5.81,-35.21,21,2.11,14.01,31,4.11,12.45,8.03,14.63,11.62,35.18,0.68,0.75,62.05,0,37.95,1459.99,10.2,399,28.54,28,20.78,21,52.8,9.34,10.71,26.39,1.6,321.68,289.08,202.46,86.63,-6.77,14.18,14.5,53
Fri Nov 04 06:40:57 GMT-03:00 2022,04-Nov-2022 06:40:57.084,-35.21248021089484,-5.81291600611915,8.655226707458496,6.0,39.2344511335874,107.32799530029297,0.6,5.76,9.33,0.13,18.43,-0.08,0.04,0.02,-0.1,14.9,7.84,14.7,28.24,97,27.81,19.14,1009.45,14.5,627.2,1,302.58,210.17,196.82,1915,0,69,9.75,60.78,39.61,1566,28.24,0.3,2.46,41.05,24.31,-11.72,-2.34,-3.91,-,0.22,6,39.23,107.33,-5.81,-35.21,24,0.16,13.08,31,12.58,12.45,8.03,6.74,35.55,35.18,0.77,0.74,62.18,0,37.82,1472.22,8.63,400,31.16,31,20,20,48.31,9.34,10.71,26.37,1.61,321.69,290.1,203.47,86.63,-11.17,14.3,14.4,45
Fri Nov 04 06:40:58 GMT-03:00 2022,04-Nov-2022 06:40:58.080,-35.21240360561564,-5.812942515570338,8.830947875976562,6.0,39.2801833348098,108.21517944335938,-0.26,5.56,7.65,-0.02,21.18,0.08,0.04,0.09,0.04,14.9,7.84,14.7,28.24,97,27.81,19.14,1009.48,14.5,627.2,1,302.58,210.17,196.82,1915,0,69,9.75,39.61,39.61,1566,28.24,0.3,2.46,41.05,24.31,-12.5,-0.78,0,-,0.22,6,39.28,108.22,-5.81,-35.21,21,0.16,13.08,31,12.58,12.45,8.03,6.74,35.55,35.18,0.09,0.74,62.31,0,37.69,1472.22,10.98,400,31.79,31,18.82,22.5,48.31,9.34,10.71,26.37,1.61,321.69,291.1,204.47,86.63,-11.17,14.18,14.5,45
Fri Nov 04 06:40:59 GMT-03:00 2022,04-Nov-2022 06:40:59.080,-35.212322762486444,-5.812968309178906,9.105697631835938,8.0,39.22055906774622,108.67110443115234,0.33,5.12,7.52,-0.06,21.18,-0.07,0.04,-0.03,-0.04,27.45,14.12,14.7,28.24,97,27.84,19.19,1009.46,14.5,627.2,1,304.19,513.57,200,1915,0,69,9.75,62.75,54.12,1910.5,28.24,0.31,6.02,100.32,24.71,-12.5,-1.56,0,-,0.23,8,39.22,108.67,-5.81,-35.21,23,0.21,13.08,31,5.15,12.45,8.03,16.47,14.55,35.18,0.09,0.74,62.44,0,37.56,1484.96,10.98,402,32.78,32,18.82,22.5,48.31,9.32,10.73,26.33,1.62,321.7,292.09,205.46,86.63,-4.49,14.18,14.5,50
Fri Nov 04 06:41:00 GMT-03:00 2022,04-Nov-2022 06:41:00.079,-35.21223760884286,-5.812996063392842,9.557624816894531,6.0,39.05168264502215,108.65808868408203,-0.24,5.59,5.91,-0.16,20.39,0,0.06,0.07,-0.04,27.06,14.12,14.7,28.24,97,27.88,19.26,1009.48,14.5,636.2,1,305.06,418.68,199.99,1915,0,69,10.97,66.27,57.25,1601.5,28.24,0.31,5.07,84.42,24.71,-11.72,-2.34,-2.34,-,0.23,6,39.05,108.66,-5.81,-35.21,23,2.22,14.71,31,6.32,12.45,8.03,13.86,17.85,35.18,0.7,0.73,62.57,0,37.43,1497.7,10.59,403,34.41,35,21.57,20,65.41,9.31,10.74,26.29,1.63,321.71,293.1,206.48,86.63,-7.59,14.16,14.5,49
Fri Nov 04 06:41:01 GMT-03:00 2022,04-Nov-2022 06:41:01.080,-35.21215007897822,-5.813025271386671,10.20730972290039,6.0,39.020079461926315,109.17091369628906,0.51,5.29,8.27,0.01,20,0,0.06,-0.02,0.02,27.45,14.12,14.7,28.24,97,27.93,19.33,1009.48,14.5,636.2,1,305.68,388.04,199.99,1915,0,69,10.97,65.1,54.9,1609,28.24,0.31,5.13,85.58,24.71,-11.72,-0.78,-1.56,-,0.23,6,39.02,109.17,-5.81,-35.21,20,2.59,14.71,31,6.82,12.45,8.03,14.05,19.25,35.18,0.12,0.73,62.7,0,37.3,1512.11,10.2,404,36.75,37,20.39,18.5,65.41,9.3,10.76,26.26,1.63,321.72,294.11,207.48,86.63,-6.15,14.22,14.5,51
Fri Nov 04 06:41:02 GMT-03:00 2022,04-Nov-2022 06:41:02.079,-35.21205701949447,-5.813058464949773,10.818744659423828,6.0,38.87376661604308,109.53064727783203,0.6,4.96,7.67,-0.06,20,0,0.04,0,0,27.06,13.73,14.7,27.84,97,27.93,19.33,1009.49,14.5,636.2,1,305.97,343.81,199.99,1915,0,70,10.97,65.1,53.73,1609,27.84,0.31,4.81,80.16,24.71,-12.5,-0.78,0.78,-,0.23,6,38.87,109.53,-5.81,-35.21,19,2.59,14.71,31,7.69,12.45,8.03,13.16,21.73,35.18,0.16,0.72,62.82,0,37.18,1512.11,10.2,405,38.95,37,20.78,18.5,65.41,9.29,10.76,26.24,1.63,321.72,295.08,208.46,86.63,-6.71,14.26,14.4,51
Fri Nov 04 06:41:03 GMT-03:00 2022,04-Nov-2022 06:41:03.079,-35.21195746217032,-5.813092814379651,11.518284797668457,6.0,38.849994551171534,109.85482025146484,0.53,5.23,7.35,-0.07,20,-0.07,0.06,-0.02,-0.06,27.06,13.73,14.7,27.84,97,28,19.41,1009.49,14.5,642.2,1,305.97,343.81,199.99,1915,0,70,9.16,59.61,53.73,1538,27.84,0.31,4.81,80.16,24.71,-12.5,-3.12,-0.78,-,0.23,6,38.85,109.85,-5.81,-35.21,20,1.05,12.29,30,7.69,12.45,8.03,13.16,21.73,35.18,0.08,0.71,62.95,0,37.05,1523.86,10.2,405,41.47,40,18.04,19.5,56.89,9.29,10.76,26.24,1.65,321.73,296.09,209.47,86.63,-6.71,14.2,14.5,51
Fri Nov 04 06:41:04 GMT-03:00 2022,04-Nov-2022 06:41:04.081,-35.2118566379718,-5.813129888538486,11.728214263916016,4.0,38.89269606958999,109.66253662109375,-0.65,5.04,9.04,0.07,17.25,0.05,-0.13,-0.03,0.08,23.92,12.55,14.7,27.84,97,28.08,19.5,1009.47,14.5,642.2,1,305.35,222.81,199.99,1915,0,70,6.96,47.45,42.35,1450.5,27.84,0.32,3.37,56.16,24.71,-12.5,-1.56,-2.34,-,0.23,4,38.89,109.66,-5.81,-35.21,18,0.53,9.34,30,11.87,12.45,8.03,9.22,33.53,35.18,0.73,0.71,63.07,0,36.93,1535.53,7.45,407,42.22,42,17.25,20,45.85,9.3,10.75,26.27,1.66,321.75,297.09,210.46,86.63,-8.81,14.28,14.5,48
Fri Nov 04 06:41:05 GMT-03:00 2022,04-Nov-2022 06:41:05.080,-35.21175570976996,-5.813164961892259,11.772293090820312,4.0,38.97246479957371,108.387939453125,0.76,5.28,9.47,0.12,12.94,0.1,0.09,-0.02,0.15,16.86,7.45,14.7,27.84,97,28.16,19.59,1009.52,14.5,642.2,1,303.96,116.92,199.99,1915,0,70,6.96,30.2,33.73,1361.5,27.84,0.32,1.86,30.94,24.71,-14.84,-5.47,-6.25,-,0.23,4,38.97,108.39,-5.81,-35.21,20,0.22,9.34,30,22.62,12.45,8.03,5.08,63.9,35.18,0.81,0.71,63.2,0,36.8,1530.12,3.14,408,42.38,42,13.33,-4,45.85,9.35,10.69,26.43,1.67,321.75,298.11,211.48,86.63,-11.18,14.3,14.4,42
Fri Nov 04 06:41:06 GMT-03:00 2022,04-Nov-2022 06:41:06.085,-35.21165587175721,-5.813198711267599,11.719179153442383,4.0,38.70432031682169,108.92003631591797,0.2,4.98,8.78,0.04,12.94,-0.2,0.13,-0.09,-0.18,16.86,9.02,14.7,27.84,97,28.24,19.68,1009.58,14.5,642.2,1,302.3,75.26,199.99,1915,0,70,6.96,18.43,16.86,1325,27.84,0.32,1.2,19.92,24.71,-14.84,-4.69,-3.91,-,0.23,4,38.7,108.92,-5.81,-35.21,25,0.38,9.34,31,35.14,12.45,8.03,3.27,99.28,35.18,0.06,0.71,63.32,0,36.68,1520.53,3.14,409,42.19,42,13.33,-9,45.85,9.46,10.57,26.72,1.7,321.78,299.1,212.47,86.63,-12.22,14.16,14.4,35
Fri Nov 04 06:41:07 GMT-03:00 2022,04-Nov-2022 06:41:07.082,-35.21156087876797,-5.813231482383057,11.464489936828613,4.0,38.5118299239252,109.0898208618164,-0.19,4.57,8.93,0.03,12.94,0.02,0,-0.09,0.09,17.65,9.02,29.4,27.84,97,28.24,19.68,1009.64,14.5,642.6,2,302.3,75.26,199.99,1915,0,70,6.96,18.43,15.69,1325,27.84,0.32,1.2,19.92,24.71,-15.62,-4.69,-3.91,-,0.23,4,38.51,109.09,-5.81,-35.21,25,0.38,9.34,31,35.14,12.45,8.03,3.27,99.28,35.18,0.06,0.71,63.44,0,36.56,1499.54,3.14,410,41.27,42,13.33,-9,45.85,9.46,10.57,26.72,1.7,321.78,300.1,213.47,86.63,-12.22,14.16,14.5,35
Fri Nov 04 06:41:08 GMT-03:00 2022,04-Nov-2022 06:41:08.080,-35.21146358699059,-5.813263185577206,11.115875244140625,4.0,38.67205602235175,109.74726104736328,-0.27,5.86,8.73,0.08,12.94,0.13,0.13,0.05,0.12,18.82,9.8,22.17,27.84,97,28.3,19.76,1009.6,14.5,642.6,1.51,300.66,75.95,200,1915,0,71,-,18.43,16.08,1319,27.84,0.32,1.21,20.1,24.71,-15.62,0,0,-,0.24,4,38.67,109.75,-5.81,-35.21,21,1.27,-,31,34.82,12.45,8.03,3.3,98.37,35.18,0.01,0.01,63.56,0,36.44,1499.54,3.14,410,40.02,40,13.33,6,-,9.56,10.46,27.01,1.73,321.81,301.09,214.46,86.63,-12.13,14.28,14.5,30
Fri Nov 04 06:41:09 GMT-03:00 2022,04-Nov-2022 06:41:09.080,-35.21137204417486,-5.81329597297125,10.925247192382812,4.0,38.73924017257428,110.14124298095703,-0.01,4.43,11.05,0.23,12.94,0.21,0.01,-0.1,0.31,18.43,9.8,13.35,27.84,97,28.36,19.83,1009.56,14.5,641.9,0.91,299.04,76.37,200.01,1915,0,71,-,18.43,15.29,1271,27.84,0.32,1.15,19.25,24.71,-16.41,0,0,-,0.24,4,38.74,110.14,-5.81,-35.21,24,2.02,-,31,34.64,12.46,8.03,3.16,97.84,35.18,0.89,0.07,63.68,0,36.32,1480.02,3.14,411,39.33,38,13.33,2,-,9.66,10.35,27.29,1.73,321.81,302.1,215.47,86.63,-12.22,14.26,14.4,27
Fri Nov 04 06:41:10 GMT-03:00 2022,04-Nov-2022 06:41:10.081,-35.21128307550797,-5.813326642796836,10.589844703674316,4.0,38.8571880040403,109.80303955078125,-0.98,4.25,8.01,-0.06,12.94,0.09,0.04,0,0.12,14.9,7.45,13.25,27.84,97,28.41,19.9,1009.59,14.5,641.9,0.9,297.49,82.42,200.02,1915,0,71,-,18.43,15.29,1299.5,27.84,0.32,1.18,19.74,24.71,-15.62,0,0,-,0.24,4,38.86,109.8,-5.81,-35.21,25,1.33,-,31,32.09,12.46,8.03,3.24,90.65,35.19,0.89,0.1,63.8,0,36.2,1480.02,3.14,412,38.12,38,13.33,1.5,-,9.75,10.26,27.54,1.75,321.81,303.09,216.46,86.63,-12.08,14.26,14.4,24
Fri Nov 04 06:41:11 GMT-03:00 2022,04-Nov-2022 06:41:11.081,-35.21120059710372,-5.813355035676566,10.035431861877441,4.0,38.78425869599607,109.4022445678711,0.12,4.18,7.58,-0.11,12.94,-0.11,0.02,-0.13,-0.04,14.9,7.45,13.25,27.84,97,28.44,19.95,1009.59,14.5,641.9,0.9,296,86.74,203.2,1915,0,71,-,18.82,15.69,1275.5,27.84,0.32,1.25,20.77,25.1,-15.62,0,0,-,0.24,4,38.78,109.4,-5.81,-35.21,25,4.12,-,31,30.49,12.46,8.03,3.41,86.13,35.19,0.89,0.1,63.92,0,36.08,1462.06,3.14,414,36.13,34,13.33,1.5,-,9.83,10.17,27.78,1.75,321.83,304.09,217.46,86.63,-12,14.26,14.4,22
Fri Nov 04 06:41:12 GMT-03:00 2022,04-Nov-2022 06:41:12.080,-35.21112451032404,-5.8133827628873815,9.064679145812988,4.0,38.75287200312773,109.4820327758789,-0.59,5.48,8.53,0.05,12.94,-0.07,0.04,-0.14,0.01,14.9,7.45,29.4,27.84,97,28.45,19.99,1009.57,14.5,639.2,2,294.61,98.66,203.21,1915,0,71,-,25.1,18.43,993.5,27.84,0.32,1.27,21.14,25.1,-15.62,0,0,-,0.24,4,38.75,109.48,-5.81,-35.21,24,6.13,-,31,26.81,12.46,8.03,3.47,75.73,35.19,0.01,0.12,64.04,0,35.96,1462.06,3.14,415,32.63,30,13.33,-13,-,9.9,10.1,27.96,1.77,321.83,305.09,218.46,86.63,-11.91,14.26,14.4,21
Fri Nov 04 06:41:13 GMT-03:00 2022,04-Nov-2022 06:41:13.082,-35.21105579779857,-5.813409143013865,8.102435111999512,4.0,38.867716589832476,109.4319076538086,0.31,6.02,9.6,0.17,13.73,0.15,0.04,0.05,0.16,14.9,7.45,15.56,27.84,97,28.44,20.02,1009.61,14.5,639.2,1.06,293.34,112.45,203.21,1915,0,71,-,28.63,23.92,939.5,27.84,0.32,1.28,21.26,25.1,-15.62,0,0,-,0.24,4,38.87,109.43,-5.81,-35.21,25,5.63,-,31,23.52,12.46,8.03,3.49,66.44,35.19,0.05,0.04,64.16,0,35.84,1446.63,3.53,416,29.17,27,13.73,2,-,9.95,10.05,28.12,1.77,321.85,306.1,219.47,86.63,-11.16,14.26,14.4,21
Fri Nov 04 06:41:14 GMT-03:00 2022,04-Nov-2022 06:41:14.082,-35.210996546509264,-5.813432317244348,7.368078231811523,4.0,38.89618227535247,109.6183853149414,-0.24,4.1,9.34,0.05,13.33,-0.13,-0.02,-0.09,-0.08,14.9,7.45,13.33,27.84,97,28.44,20.02,1009.64,14.5,639.2,0.91,292.18,127.1,206.39,1915,0,71,-,28.63,23.53,936.5,27.84,0.32,1.3,21.62,25.49,-15.62,0,0,-,0.24,4,38.9,109.62,-5.81,-35.21,23,5.63,-,31,20.81,12.46,8.03,3.55,58.79,35.19,0.9,0.09,64.27,0,35.73,1446.63,3.14,417,26.53,27,13.73,2,-,10,10,28.24,1.77,321.85,307.08,220.46,86.63,-10.9,14.26,14.5,22
Fri Nov 04 06:41:15 GMT-03:00 2022,04-Nov-2022 06:41:15.080,-35.21094351211179,-5.813454626018017,6.36191463470459,4.0,38.79828466943601,109.96001434326172,-0.17,5.06,7.85,-0.04,13.33,-0.04,0,-0.04,-0.01,14.9,7.45,13.28,27.84,97,28.41,20.03,1009.67,14.5,634.1,0.9,292.18,127.1,206.39,1915,0,71,-,28.63,23.53,936.5,27.84,0.32,1.3,21.62,25.49,-15.62,0,0,-,0.24,4,38.8,109.96,-5.81,-35.21,23,3.53,-,32,20.81,12.46,8.03,3.55,58.79,35.19,0.89,0.12,64.39,0,35.61,1446.63,3.14,417,22.9,23,13.73,0.5,-,10,10,28.24,1.79,321.85,308.1,221.47,86.63,-10.9,14.16,14.4,22
Fri Nov 04 06:41:16 GMT-03:00 2022,04-Nov-2022 06:41:16.079,-35.21089565997909,-5.813474006439063,5.859241962432861,4.0,38.860013488848196,109.3916015625,-0.5,5.02,7.65,-0.05,13.33,-0.01,-0.09,-0.07,0.04,14.9,7.45,13.29,27.84,97,28.37,20.03,1009.62,14.5,634.1,0.9,291.21,151.72,209.57,1915,0,71,-,28.63,23.92,957.5,27.84,0.32,1.32,21.99,25.88,-15.62,0,0,-,0.24,4,38.86,109.39,-5.81,-35.21,24,2.9,-,32,17.43,12.46,8.03,3.61,49.25,35.19,0.89,0.2,64.51,0,35.49,1429.16,3.53,419,21.09,20,13.73,2,-,10.02,9.98,28.32,1.79,321.87,309.09,222.46,86.63,-10.82,14.26,14.4,22
Fri Nov 04 06:41:17 GMT-03:00 2022,04-Nov-2022 06:41:17.079,-35.210849710607576,-5.813492521248091,5.622674942016602,4.0,38.764325720045164,108.8864517211914,-0.24,4.15,9.24,0.04,12.94,0.03,-0.01,-0.13,0.12,14.9,7.45,14.6,27.84,97,28.32,20.03,1009.67,14.5,634.1,0.99,290.3,158.05,209.58,1915,0,71,-,26.67,18.04,974,27.84,0.32,1.2,19.92,25.88,-15.62,0,0,-,0.24,4,38.76,108.89,-5.81,-35.21,22,2.09,-,32,16.74,12.46,8.03,3.27,47.27,35.19,0.87,0.93,64.62,0,35.38,1429.16,3.14,420,20.24,19,13.33,3,-,10.05,9.95,28.39,1.79,321.87,310.08,223.45,86.63,-11.24,14.28,14.5,22
Fri Nov 04 06:41:18 GMT-03:00 2022,04-Nov-2022 06:41:18.079,-35.2108115617255,-5.813507633754312,4.766833305358887,4.0,38.837349398519386,109.48593139648438,-0.74,5.36,9.23,0.1,12.94,0.02,-0.06,-0.01,0.05,14.9,7.45,14.6,27.84,97,28.26,20.02,1009.69,14.5,634.1,0.99,289.27,138.38,209.58,1915,0,71,-,20.39,18.04,1014.5,27.84,0.32,0.99,16.57,25.88,-17.19,0.78,1.56,-,0.24,4,38.84,109.49,-5.81,-35.21,23,3.24,-,32,19.11,12.46,8.03,2.72,53.99,35.19,0.08,0.89,64.73,0,35.27,1429.16,3.14,420,17.16,17,12.94,6,-,10.09,9.91,28.49,1.79,321.87,311.08,224.46,86.63,-11.83,14.22,14.5,21
Fri Nov 04 06:41:19 GMT-03:00 2022,04-Nov-2022 06:41:19.081,-35.21077863167383,-5.8135211202980335,4.277566909790039,4.0,38.82420071129679,110.67021179199219,-0.45,5.42,8.67,0.05,12.94,0.04,-0.03,0,0.06,14.9,7.45,14.7,27.84,97,28.26,20.02,1009.67,14.5,628.1,1,289.27,138.38,209.58,1915,0,71,-,20.39,21.57,1014.5,27.84,0.32,0.99,16.57,27.06,-17.19,0.78,1.56,-,0.24,4,38.82,110.67,-5.81,-35.21,24,3.24,-,32,19.11,12.46,8.03,2.72,53.99,35.19,0.08,0.89,64.85,0,35.15,1429.16,3.14,422,15.4,17,12.94,6,-,10.09,9.91,28.49,1.81,321.87,312.09,225.46,86.63,-11.83,14.22,14.1,21
Fri Nov 04 06:41:20 GMT-03:00 2022,04-Nov-2022 06:41:20.081,-35.21074933525649,-5.813531754639694,3.6380867958068848,4.0,38.87219898256206,109.51848602294922,-0.38,4.01,8.97,0.01,12.94,0,-0.05,-0.15,0.1,14.9,7.45,14.7,27.84,97,28.18,19.99,1009.69,14.5,625.7,1,288.41,162.62,219.11,1915,0,72,-,24.31,21.57,980,27.84,0.32,1.05,17.42,27.06,-16.41,0.78,0,-,0.24,4,38.87,109.52,-5.81,-35.21,25,1.4,-,32,16.26,12.46,8.03,2.86,45.94,35.19,0.88,0.85,64.96,0,35.04,1413.59,3.14,422,13.1,14,12.94,3,-,10.11,9.89,28.56,1.81,321.89,313.08,226.45,86.63,-11.81,14.22,14.5,21
Fri Nov 04 06:41:21 GMT-03:00 2022,04-Nov-2022 06:41:21.080,-35.21073160414921,-5.813538586859999,2.2067513465881348,4.0,38.82212890568553,107.13819885253906,-0.57,5.46,7.79,-0.02,13.73,-0.02,-0.04,0,-0.01,14.9,7.45,14.7,27.84,97,28.07,19.95,1009.66,14.5,625.7,1,288.61,318.3,219.11,1915,0,72,-,34.12,28.24,891,27.84,0.32,1.68,28.08,27.06,-14.84,-3.12,-3.12,-,0.24,4,38.82,107.14,-5.81,-35.21,23,5.1,-,32,8.31,12.46,8.03,4.61,23.47,35.19,0.8,0.89,65.07,0,34.93,1413.59,3.92,424,7.94,8,14.51,3.5,-,10.1,9.9,28.54,1.81,321.89,314.09,227.46,86.63,-10.01,14.14,14.4,23
Fri Nov 04 06:41:22 GMT-03:00 2022,04-Nov-2022 06:41:22.081,-35.21071550270107,-5.813544315829263,1.8431164026260376,4.0,38.72117575703686,104.23698425292969,-1.46,6.5,7.32,0.02,20,0.01,-0.08,0.1,-0.05,19.61,10.2,14.7,27.84,97,27.95,19.89,1009.68,14.5,625.7,1,288.61,-,219.11,1915,0,72,-,34.9,52.94,882,27.84,0.32,1.5,25.03,27.06,-12.5,-2.34,-1.56,-,0.24,4,38.72,104.24,-5.81,-35.21,24,2.94,-,32,5.33,12.46,8.03,4.11,15.04,35.19,0.1,0.87,64.88,0,35.12,1413.59,10.2,424,6.64,5,20.78,6,-,10.08,9.92,28.49,1.81,321.89,315.09,228.47,86.63,-10.1,14.4,14.5,25
Fri Nov 04 06:41:23 GMT-03:00 2022,04-Nov-2022 06:41:23.079,-35.21068916478927,-5.813546853601684,2.613339900970459,4.0,38.49692440443304,91.64328002929688,-2.77,5.6,8.44,0.08,20,0.07,-0.26,0.01,0.04,19.61,10.2,14.7,27.84,97,27.86,19.86,1009.72,14.5,625.7,1,288.61,-,234.98,1915,0,72,-,32.16,52.94,1540.5,27.84,0.33,2.34,39.04,29.02,-12.5,1.56,-1.56,-,0.24,4,38.5,91.64,-5.81,-35.21,25,4.36,-,31,2.13,12.46,8.03,6.41,6.03,35.19,0.1,0.87,64.76,0,35.24,1416.75,10.2,426,9.41,11,16.08,25.5,-,10.05,9.95,28.4,1.81,321.89,316.08,229.46,86.63,-7.56,14.4,14.5,30
Fri Nov 04 06:41:24 GMT-03:00 2022,04-Nov-2022 06:41:24.079,-35.210660791486525,-5.813533266314974,3.5310494899749756,4.0,38.714602948133596,61.427833557128906,-3.5,5.93,7.33,0.04,16.08,0.04,-0.31,0,0,26.27,13.73,14.7,27.84,97,27.79,19.83,1009.67,14.5,616.5,1,288.61,-,234.98,1915,0,72,2.71,50.2,41.57,1788,27.84,0.33,4.44,74.07,29.02,-13.28,4.69,3.12,-,0.24,4,38.71,61.43,-5.81,-35.21,29,3.59,3.63,31,2.48,12.46,8.03,12.16,6.99,35.19,0.16,0.82,64.87,0,35.13,1421.22,5.88,427,12.71,13,19.22,22.5,14.46,10.03,9.97,28.32,1.81,321.9,317.08,230.46,86.63,-6.98,14.22,14.4,35
Fri Nov 04 06:41:25 GMT-03:00 2022,04-Nov-2022 06:41:25.079,-35.21062594700844,-5.813513470205165,4.816798210144043,4.0,38.67869594992903,29.24365997314453,-1.78,6.17,7.23,-0,20.39,-0.01,-0.16,0.06,-0.07,26.67,13.73,14.7,27.84,97,27.73,19.82,1009.7,14.5,616.5,1,288.61,-,234.97,1915,0,72,2.71,65.88,51.37,1657,27.84,0.33,5.38,89.66,29.02,-12.5,-2.34,-3.12,-,0.24,4,38.68,29.24,-5.81,-35.21,28,3.29,3.63,31,2.42,12.46,8.03,14.72,6.83,35.19,0.74,0.79,64.98,0,35.02,1427.18,10.59,428,17.34,16,21.18,18.5,14.46,10,10,28.24,1.82,321.9,318.09,231.46,86.63,-6.66,14.22,14.5,40
Fri Nov 04 06:41:26 GMT-03:00 2022,04-Nov-2022 06:41:26.079,-35.210601706320666,-5.813467962908248,5.807445049285889,4.0,38.566597120981754,16.41901969909668,-1.69,6.17,7.21,-0.01,20.78,-0.02,-0.11,0.07,-0.08,29.41,14.9,14.7,27.84,97,27.68,19.82,1009.61,14.5,616.5,1,292.88,929.19,234.97,1915,0,72,5.92,65.88,58.43,1659,27.84,0.33,5.62,93.68,29.02,-12.5,-2.34,-3.12,-,0.25,4,38.57,16.42,-5.81,-35.21,24,1.66,7.94,31,2.85,12.46,8.03,15.38,8.04,35.19,0.74,0.77,65.09,0,34.91,1434.18,10.98,429,20.91,19,21.18,18.5,34.06,9.97,10.03,28.16,1.82,321.9,319.09,232.46,86.63,-5.66,14.22,14.5,45
Fri Nov 04 06:41:27 GMT-03:00 2022,04-Nov-2022 06:41:27.079,-35.21058673987958,-5.81340985202802,6.894893646240234,4.0,38.60989334921303,13.05543041229248,-0.65,5.67,7.68,-0.01,20.78,-0.02,-0.05,0.01,-0.03,29.41,14.9,14.7,27.84,97,27.68,19.82,1009.65,14.5,617.5,1,292.88,929.19,234.97,1915,0,72,5.92,69.02,58.43,1659,27.84,0.33,5.62,93.68,29.02,-11.72,-0.78,1.56,-,0.25,4,38.61,13.06,-5.81,-35.21,25,1.66,7.94,31,2.85,12.46,8.03,15.38,8.04,35.19,0.14,0.75,65.2,0,34.8,1434.18,12.55,429,24.82,19,22.75,18,34.06,9.97,10.03,28.16,1.82,321.9,320.08,233.46,86.63,-5.66,14.12,14.5,45
Fri Nov 04 06:41:28 GMT-03:00 2022,04-Nov-2022 06:41:28.080,-35.21056962618898,-5.813341911580982,7.588093280792236,4.0,38.17313846421512,13.344399452209473,-0.37,6.24,7.62,0.02,23.53,0,-0.02,0.09,-0.06,30.59,15.69,14.7,27.84,97,27.67,19.84,1009.61,14.5,617.5,1,297.02,918.32,234.96,1915,0,72,12.01,71.76,60.39,1911.5,27.84,0.34,6.6,109.94,29.02,-11.72,3.12,1.56,-,0.25,4,38.17,13.34,-5.81,-35.21,22,1.18,16.11,31,2.88,12.46,8.03,18.05,8.14,35.19,0.77,0.75,65.31,0,34.69,1440.36,13.73,431,27.32,26,23.92,18.5,60,9.94,10.06,28.09,1.85,321.93,321.1,234.47,86.63,-4.14,14.2,14.5,51
Fri Nov 04 06:41:29 GMT-03:00 2022,04-Nov-2022 06:41:29.081,-35.21054704518602,-5.813270154821213,8.237435340881348,4.0,38.43273112912327,14.48013973236084,-0.43,6.92,7.45,0.05,23.92,0.03,-0.02,0.14,-0.05,31.37,16.08,14.7,27.84,97,27.68,19.87,1009.55,14.5,617.5,1,299.88,730.94,234.96,1915,0,72,12.01,73.73,61.96,2017,27.84,0.34,7.19,119.75,29.02,-11.72,1.56,0,-,0.25,4,38.43,14.48,-5.81,-35.21,23,1.68,16.11,31,3.62,12.46,8.03,19.66,10.22,35.19,0.75,0.74,65.42,0,34.58,1440.49,14.12,432,29.65,29,24.71,18.5,60,9.92,10.08,28.02,1.85,321.93,322.08,235.46,86.63,-4.71,14.16,14.5,55
Fri Nov 04 06:41:30 GMT-03:00 2022,04-Nov-2022 06:41:30.080,-35.21052342419611,-5.813191700412781,9.111550331115723,4.0,38.6510236397503,15.73161792755127,-0.53,6.25,7.08,-0.02,23.92,0,-0.06,0.1,-0.07,31.37,16.08,14.7,27.84,97,27.7,19.92,1009.52,14.5,617.5,1,302.23,658.99,234.95,1915,0,72,11.41,68.63,62.35,2159.5,27.84,0.34,7.23,120.42,29.02,-11.72,-2.34,-4.69,-,0.25,4,38.65,15.73,-5.81,-35.21,23,2.35,15.3,30,4.01,12.46,8.03,19.77,11.34,35.18,0.62,0.74,65.53,0,34.47,1457.77,14.12,433,32.8,32,23.14,20,50.45,9.9,10.1,27.96,1.87,321.93,323.1,236.47,86.63,-5.17,14.26,14.5,57
Fri Nov 04 06:41:31 GMT-03:00 2022,04-Nov-2022 06:41:31.081,-35.21049958789956,-5.813103869707327,10.175545692443848,4.0,38.751471029755834,16.12665367126465,-0.65,6.39,7.6,0.03,21.57,0.01,-0.05,0.09,-0.03,29.8,15.29,14.7,27.84,97,27.7,19.92,1009.51,14.5,636.2,1,302.23,658.99,234.95,1915,0,72,11.41,68.63,54.51,2159.5,27.84,0.34,7.23,120.42,29.02,-11.72,-2.34,-4.69,-,0.25,4,38.75,16.13,-5.81,-35.21,22,2.35,15.3,30,4.01,12.46,8.03,19.77,11.34,35.18,0.62,0.74,65.63,0,34.37,1444.22,11.76,434,36.63,32,23.14,20,50.45,9.9,10.1,27.96,1.87,321.95,324.09,237.46,86.63,-5.17,14.26,14.4,57
Fri Nov 04 06:41:32 GMT-03:00 2022,04-Nov-2022 06:41:32.083,-35.2104733502038,-5.813014355342749,10.53268814086914,4.0,39.011154578440895,16.469999313354492,0.05,6.82,6.92,0,21.96,0.1,-0.01,0.21,-0.03,29.8,15.29,14.7,27.84,97,27.74,19.97,1009.46,14.5,636.2,1,303.65,521.69,231.77,1915,0,72,8.35,63.14,55.29,2103.5,27.84,0.34,6.31,105.19,28.63,-11.72,-1.56,-3.12,-,0.26,4,39.01,16.47,-5.81,-35.21,20,0.63,11.2,30,5.07,12.46,8.03,17.27,14.32,35.18,0.35,0.73,65.74,0,34.26,1463.48,12.16,434,37.92,36,22.35,21.5,37.92,9.88,10.12,27.91,1.89,321.95,325.09,238.46,86.63,-6.91,14.16,14.5,55
Fri Nov 04 06:41:33 GMT-03:00 2022,04-Nov-2022 06:41:33.081,-35.210445322739204,-5.812923731027648,10.891380310058594,4.0,38.98111360176735,17.082996368408203,-0.79,6.43,7.66,0.03,21.57,0.02,-0.06,0.09,-0.03,27.45,14.12,14.7,27.84,97,27.79,20.04,1009.42,14.5,647.1,1,304.69,464.53,231.77,1915,0,72,8.02,64.71,51.76,2073,27.84,0.35,6.32,105.38,28.63,-11.72,-3.12,-3.91,-,0.26,4,38.98,17.08,-5.81,-35.21,19,0.08,10.75,30,5.69,12.46,8.03,17.3,16.08,35.18,0.32,0.73,65.84,0,34.16,1467.81,11.76,435,39.21,38,22.35,21,36.93,9.86,10.14,27.86,1.89,321.97,326.08,239.46,86.63,-6.7,14.26,14.5,55
Fri Nov 04 06:41:34 GMT-03:00 2022,04-Nov-2022 06:41:34.082,-35.21041329272821,-5.812831184822402,11.050954818725586,4.0,39.523817659881416,17.105117797851562,-0.81,5.97,8.03,0.03,18.43,-0.05,-0.11,0,-0.05,19.61,14.12,14.7,27.84,97,27.85,20.11,1009.37,14.5,647.1,1,304.92,341.13,231.77,1915,0,72,8.02,53.73,51.76,1978,27.84,0.35,4.9,81.68,28.63,-12.5,-0.78,0.78,-,0.26,4,39.52,17.11,-5.81,-35.21,19,0.21,10.75,30,7.75,12.45,8.03,13.41,21.9,35.18,0.08,0.71,65.95,0,34.05,1488.45,8.63,436,39.78,39,19.22,21.5,36.93,9.86,10.15,27.84,1.91,321.97,327.09,240.46,86.63,-8.36,14.28,14.5,51
Fri Nov 04 06:41:35 GMT-03:00 2022,04-Nov-2022 06:41:35.082,-35.21038446604511,-5.812739916962521,10.848762512207031,6.0,39.412227246841084,16.79805564880371,-0.5,5.32,7.78,-0.03,18.43,-0.03,-0.03,-0.01,-0.02,19.61,7.45,14.7,27.84,97,27.9,20.17,1009.36,14.5,647.1,1,303.65,105.84,231.76,1915,0,72,8.02,21.96,34.51,1412,27.84,0.35,1.56,26.01,28.63,-12.5,-3.12,0.78,-,0.26,6,39.41,16.8,-5.81,-35.21,20,1.78,10.75,30,24.99,12.46,8.03,4.27,70.6,35.18,0.08,0.71,66.05,0,33.95,1471.84,8.63,438,39.06,38,19.22,21.5,36.93,9.91,10.09,28,1.91,321.99,328.1,241.47,86.63,-12.45,14.28,14.5,42
Fri Nov 04 06:41:36 GMT-03:00 2022,04-Nov-2022 06:41:36.080,-35.21035880901158,-5.812654080963371,10.240479469299316,6.0,39.58687936150806,17.014291763305664,-0.5,4.81,7.33,-0.09,12.94,-0.03,-0.04,-0.04,0,14.9,7.45,14.7,27.84,97,27.94,20.23,1009.29,14.5,652,1,302.25,81.15,231.77,1915,0,72,-,21.96,15.69,1257,27.84,0.35,1.17,19.43,28.63,-15.62,-3.12,-3.91,-,0.26,6,39.59,17.01,-5.81,-35.21,20,3.06,-,30,32.59,12.46,8.03,3.19,92.07,35.19,0.83,0.71,66.15,0,33.85,1471.84,2.75,439,36.87,36,13.33,-1.5,-,9.99,10,28.23,1.91,321.99,329.09,242.46,86.63,-12.36,14.2,14.5,35
Fri Nov 04 06:41:37 GMT-03:00 2022,04-Nov-2022 06:41:37.079,-35.210334578815846,-5.812573368928659,9.555258750915527,6.0,39.615008263279826,17.01559829711914,-0.23,5.15,8.42,0.02,12.94,0,0,-0.03,0.04,14.9,7.45,29.4,27.84,97,27.97,20.27,1009.28,14.5,652,2,300.86,81.9,231.78,1915,0,72,-,19.22,15.29,1111,27.84,0.35,1.11,18.58,28.63,-16.41,0,0,-,0.26,6,39.62,17.02,-5.81,-35.21,21,3.87,-,30,32.3,12.46,8.03,3.05,91.23,35.19,0.04,0.7,66.26,0,33.74,1471.84,2.75,440,34.4,33,13.33,-13,-,10.08,9.92,28.46,1.94,322.02,330.1,243.47,86.63,-12.2,14.22,14.5,30
Fri Nov 04 06:41:38 GMT-03:00 2022,04-Nov-2022 06:41:38.080,-35.21031190985677,-5.812499102542759,8.790969848632812,6.0,39.64591414280342,17.20353889465332,-0.41,4.65,8.29,-0.02,12.94,0,-0.04,-0.09,0.06,14.9,7.45,29.4,27.84,97,27.97,20.27,1009.27,14.5,652,2,300.86,81.9,231.78,1915,0,72,-,19.22,21.57,1111,27.84,0.35,1.11,18.58,28.63,-14.84,0,0,-,0.26,6,39.65,17.2,-5.81,-35.21,21,3.87,-,30,32.3,12.46,8.03,3.05,91.23,35.19,0.01,0.02,66.36,0,33.64,1449.22,3.14,441,31.65,33,13.73,3.5,-,10.08,9.92,28.46,1.94,322.02,331.09,244.46,86.63,-12.2,14.16,14.2,30
Fri Nov 04 06:41:39 GMT-03:00 2022,04-Nov-2022 06:41:39.080,-35.21029105390825,-5.8124356574056515,7.493284225463867,4.0,39.737663088372564,17.448896408081055,-0.45,4.53,9.43,0.08,12.94,0.06,-0.03,-0.09,0.14,14.9,7.45,29.4,27.84,97,27.97,20.3,1009.29,14.5,652,2,299.65,106.33,234.96,1915,0,73,-,28.63,21.57,938,27.84,0.35,1.33,22.11,29.02,-14.84,0,0,-,0.26,4,39.74,17.45,-5.81,-35.21,16,3.65,-,31,24.87,12.46,8.03,3.63,70.27,35.19,0.9,0.09,66.46,0,33.54,1449.22,3.14,441,26.98,28,13.73,2,-,10.13,9.87,28.62,1.94,322.02,332.09,245.47,86.63,-11.4,14.16,14.2,28
Fri Nov 04 06:41:40 GMT-03:00 2022,04-Nov-2022 06:41:40.081,-35.21027695210867,-5.812389657970948,5.264495849609375,4.0,39.68899136641493,17.599679946899414,-0.5,3.3,9.6,0.05,13.33,0.01,-0.01,-0.22,0.14,14.9,7.45,13.29,27.84,97,27.93,20.3,1009.33,14.5,651.6,0.9,298.55,122.56,234.97,1915,0,73,-,29.02,23.92,932.5,27.84,0.35,1.3,21.62,29.02,-15.62,0,0,-,0.26,4,39.69,17.6,-5.81,-35.21,19,6.98,-,31,21.58,12.46,8.03,3.55,60.96,35.19,0.9,0.09,66.56,0,33.44,1449.22,3.14,443,18.95,20,13.73,3.5,-,10.17,9.83,28.73,1.96,322.02,333.08,246.46,86.63,-10.9,14.2,14.4,27
Fri Nov 04 06:41:41 GMT-03:00 2022,04-Nov-2022 06:41:41.080,-35.21027022883732,-5.812367469316285,2.0980584621429443,6.0,39.80310381411,17.69858169555664,-0.61,3.74,9.4,0.04,13.33,0.03,-0.04,-0.17,0.14,14.9,7.45,13.29,27.84,97,27.84,20.27,1009.31,14.5,651.6,0.9,297.86,187.53,234.98,1915,0,73,-,32.94,24.31,904.5,27.84,0.35,1.42,23.63,29.02,-14.84,0,0,-,0.26,6,39.8,17.7,-5.81,-35.21,16,7.95,-,31,14.1,12.46,8.03,3.88,39.84,35.19,0.89,0.76,66.66,0,33.34,1433.49,3.53,444,7.55,11,14.51,15,-,10.19,9.82,28.77,1.96,322.04,334.1,247.47,86.63,-10.54,14.22,14.5,27
Fri Nov 04 06:41:42 GMT-03:00 2022,04-Nov-2022 06:41:42.080,-35.210267844793684,-5.812358193541183,0.30861374735832214,6.0,39.572369925261185,17.754404067993164,-0.52,4.6,8.74,0.02,15.29,0.01,-0.03,-0.08,0.08,14.9,7.45,13.29,27.84,97,27.72,20.21,1009.27,14.5,651.6,0.9,297.86,-,234.98,1915,0,73,-,42.75,38.43,956.5,27.84,0.35,1.87,31.25,29.02,-14.84,0,0,-,0.26,6,39.57,17.75,-5.81,-35.21,16,4.55,-,31,5.87,12.46,8.03,5.13,16.57,35.19,0.89,0.76,66.6,0,33.4,1433.49,5.49,445,1.11,3,14.51,0,-,10.17,9.83,28.73,1.96,322.04,335.09,248.46,86.63,-9.1,14.22,14.5,29
Fri Nov 04 06:41:43 GMT-03:00 2022,04-Nov-2022 06:41:43.080,-35.210267844793684,-5.812358193541183,0.0548611581325531,6.0,39.93457526747845,17.78525161743164,-0.56,5.61,8.05,0.01,12.94,0,-0.04,0.01,0,14.9,7.45,14.7,27.84,97,27.72,20.21,1009.28,14.5,647.4,1,297.86,-,234.98,1915,0,73,-,42.75,27.45,956.5,27.84,0.35,1.87,31.25,29.02,-15.62,0,1.56,-,0.26,6,39.93,17.79,-5.81,-35.21,13,4.55,-,31,5.87,12.46,8.03,5.13,16.57,35.19,0.22,0.87,66.4,0,33.6,1433.49,3.14,445,0.2,3,14.51,0,-,10.17,9.83,28.73,1.96,322.04,336.1,249.47,86.63,-9.1,14.16,14.5,29
Fri Nov 04 06:41:44 GMT-03:00 2022,04-Nov-2022 06:41:44.079,-35.210267844793684,-5.812358193541183,0.03991037607192993,6.0,40.10078175758494,17.805660247802734,-0.51,5.57,8.01,0.01,12.94,0,-0.03,0,0,14.9,7.45,14.7,27.84,97,27.72,20.14,1009.29,14.5,647.4,1,297.86,-,269.9,1915,0,74,-,31.37,24.31,748,27.84,0.35,1.07,17.91,33.33,-16.41,3.12,3.12,-,0.26,6,40.1,17.81,-5.81,-35.21,13,0.2,-,31,2.79,12.46,8.03,2.94,7.89,35.19,0.87,0.84,66.21,0,33.79,1433.49,2.75,446,0.14,0,13.33,3,-,10.14,9.86,28.65,1.96,322.04,337.09,249.7,87.39,-11.58,14.22,14.4,27
Fri Nov 04 06:41:45 GMT-03:00 2022,04-Nov-2022 06:41:45.081,-35.210267844793684,-5.812358193541183,0.09080269932746887,6.0,40.1743140385955,17.803550720214844,-0.4,5.62,8.01,0.01,12.94,0,-0.02,0.01,0,14.9,7.45,14.7,27.84,97,27.72,20.07,1009.28,14.5,647.4,1,297.86,-,269.9,1915,0,74,-,30.2,24.71,768.5,27.84,0.35,1.07,17.91,33.33,-16.41,-0.78,-1.56,-,0.26,6,40.17,17.8,-5.81,-35.21,12,0.14,-,31,0,12.46,8.03,2.94,0,35.19,0.83,0.89,66.01,0,33.99,1433.49,2.75,448,0.33,0,13.33,5,-,10.14,9.86,28.64,1.96,322.04,338.1,249.7,88.4,-10.86,14.3,14.4,26
Fri Nov 04 06:41:46 GMT-03:00 2022,04-Nov-2022 06:41:46.079,-35.210267844793684,-5.812358193541183,0.023761127144098282,6.0,40.21882572205042,17.81532096862793,-0.51,5.62,7.95,0,12.94,0,-0.04,0.01,0,14.9,7.45,14.7,27.84,97,27.72,20,1009.26,14.5,645,1,297.86,-,269.9,1915,0,74,-,30.59,24.71,748,27.84,0.35,1.07,17.91,33.33,-16.41,-3.91,-3.91,-,0.26,6,40.22,17.82,-5.81,-35.21,16,0.33,-,31,0,12.46,8.03,2.94,0,35.19,0.63,0.88,65.82,0,34.18,1433.49,2.75,448,0.09,0,13.33,3.5,-,10.14,9.86,28.64,1.96,322.04,339.08,249.7,89.38,-10.86,14.24,14.5,26
Fri Nov 04 06:41:47 GMT-03:00 2022,04-Nov-2022 06:41:47.079,-35.210267844793684,-5.812358193541183,0.034234847873449326,6.0,40.278635744257095,17.815162658691406,-0.45,5.63,8.02,0.01,12.94,0,-0.03,0.01,0,14.9,7.45,14.7,27.84,97,27.72,19.93,1009.29,14.5,645,1,297.86,-,254.02,1915,0,74,-,30.59,25.1,775.5,27.84,0.36,1.09,18.21,31.37,-16.41,2.34,-3.91,-,0.26,6,40.28,17.82,-5.81,-35.21,15,0.09,-,31,0,12.46,8.03,2.99,0,35.19,0.63,0.88,65.62,0,34.38,1433.49,2.75,450,0.12,0,13.33,3.5,-,10.14,9.86,28.64,1.96,322.04,340.08,249.7,90.38,-10.7,14.24,14.5,26
Fri Nov 04 06:41:48 GMT-03:00 2022,04-Nov-2022 06:41:48.080,-35.210267844793684,-5.812358193541183,0.023335253819823265,6.0,40.35024312401056,17.822826385498047,-0.43,5.63,7.92,0,12.94,0,-0.03,0.01,0,14.9,7.45,14.7,27.84,97,27.72,19.86,1009.3,14.5,643.5,1,297.86,-,254.02,1915,0,74,-,30.2,24.71,784.5,27.84,0.36,1.1,18.4,31.37,-16.41,3.91,3.12,-,0.26,6,40.35,17.82,-5.81,-35.21,16,0.12,-,32,0,12.46,8.03,3.02,0,35.19,0.12,0.85,65.43,0,34.57,1433.49,3.14,451,0.08,0,13.33,3.5,-,10.14,9.86,28.64,1.96,322.04,341.09,249.7,91.39,-10.78,14.18,14.5,26
Fri Nov 04 06:41:49 GMT-03:00 2022,04-Nov-2022 06:41:49.080,-35.210267844793684,-5.812358193541183,0.038386646658182144,6.0,40.40450967165974,17.826608657836914,-0.47,5.61,7.93,0,12.94,0,-0.03,0.01,0,14.9,7.45,14.7,27.84,97,27.72,19.79,1009.29,14.5,643.5,1,297.86,-,254.02,1915,0,74,-,30.2,24.71,780,27.84,0.36,1.1,18.4,31.37,-16.41,0.78,0,-,0.26,6,40.4,17.83,-5.81,-35.21,17,0.08,-,32,0,12.46,8.03,3.02,0,35.19,0.8,0.82,65.24,0,34.76,1433.49,3.14,452,0.14,0,13.33,3.5,-,10.14,9.87,28.63,1.96,322.04,342.09,249.7,92.39,-10.82,14.22,14.4,25
Fri Nov 04 06:41:50 GMT-03:00 2022,04-Nov-2022 06:41:50.079,-35.210267844793684,-5.812358193541183,0.040756139904260635,6.0,40.423984437707816,17.83485221862793,-0.55,5.61,7.99,0.01,13.73,0,-0.03,0.01,0,14.9,7.45,14.7,27.84,97,27.72,19.72,1009.3,14.5,643.5,1,297.86,-,260.37,1915,0,74,-,34.12,27.06,801,27.84,0.36,1.3,21.62,32.16,-16.41,0.78,0,-,0.26,6,40.42,17.83,-5.81,-35.21,19,0.14,-,32,0,12.46,8.03,3.55,0,35.19,0.8,0.82,65.05,0,34.95,1433.49,3.53,453,0.15,0,13.33,3.5,-,10.13,9.87,28.63,1.96,322.04,343.08,249.7,93.38,-10.15,14.22,14.4,26
Fri Nov 04 06:41:51 GMT-03:00 2022,04-Nov-2022 06:41:51.081,-35.210267844793684,-5.812358193541183,0.049352508038282394,6.0,40.45145744383302,17.841825485229492,-0.49,5.65,8.04,0.01,13.73,0,-0.03,0.01,0,14.9,7.45,14.7,27.84,97,27.72,19.72,1009.27,14.5,640.7,1,297.86,-,260.37,1915,0,74,-,34.12,27.06,801,27.84,0.36,1.3,21.62,32.16,-14.84,1.56,3.12,-,0.26,6,40.45,17.84,-5.81,-35.21,17,0.14,-,32,0,12.46,8.03,3.55,0,35.19,0.12,0.81,64.86,0,35.14,1433.49,3.92,453,0.18,0,14.12,3,-,10.13,9.87,28.63,1.96,322.04,344.1,249.7,94.4,-10.15,14.2,14.3,26
Fri Nov 04 06:41:52 GMT-03:00 2022,04-Nov-2022 06:41:52.080,-35.210267844793684,-5.812358193541183,0.048462238162755966,6.0,40.488675713948666,17.851482391357422,-0.54,5.64,8.07,0.02,13.73,0,-0.04,0.01,0,14.9,7.45,14.7,27.84,97,27.72,19.65,1009.33,14.5,640.7,1,297.86,-,260.37,1915,0,75,-,39.22,32.16,805,27.84,0.36,1.5,25.03,32.16,-14.84,1.56,0.78,-,0.27,6,40.49,17.85,-5.81,-35.21,17,0.18,-,32,0,12.46,8.03,4.11,0,35.19,0.83,0.8,64.67,0,35.33,1433.49,3.92,455,0.17,0,14.12,2,-,10.13,9.87,28.62,1.96,322.04,345.1,249.7,95.4,-9.6,14.16,14.5,28
Fri Nov 04 06:41:53 GMT-03:00 2022,04-Nov-2022 06:41:53.080,-35.210267844793684,-5.812358193541183,0.046634331345558167,6.0,40.46749964345246,17.849334716796875,-0.56,5.61,8.08,0.02,13.73,0,-0.04,0.01,0.01,14.9,7.45,14.7,27.84,97,27.72,19.59,1009.29,14.5,638.9,1,297.86,-,260.37,1915,0,75,-,40,32.16,778.5,27.84,0.36,1.46,24.3,32.16,-14.84,-1.56,-2.34,-,0.27,6,40.47,17.85,-5.81,-35.21,18,0.17,-,32,0,12.46,8.03,3.99,0,35.19,0.8,0.8,64.48,0,35.52,1433.49,3.92,456,0.17,0,14.12,3.5,-,10.13,9.87,28.62,1.96,322.04,346.1,249.7,96.39,-9.77,14.22,14.4,29
Fri Nov 04 06:41:54 GMT-03:00 2022,04-Nov-2022 06:41:54.080,-35.210267844793684,-5.812358193541183,0.04845524951815605,6.0,40.431943270125565,17.855777740478516,-0.66,5.55,8.02,0.01,13.73,-0.01,-0.04,0,-0.01,14.9,7.45,14.7,27.84,97,27.72,19.52,1009.33,14.5,638.9,1,297.86,-,254.02,1915,0,75,-,40,32.16,771.5,27.84,0.36,1.46,24.3,31.37,-14.84,-3.12,-2.34,-,0.27,6,40.43,17.86,-5.81,-35.21,19,0.17,-,32,0,12.46,8.03,3.99,0,35.19,0.8,0.8,64.3,0,35.7,1433.49,3.92,457,0.17,0,14.12,3.5,-,10.13,9.87,28.61,1.96,322.04,347.09,249.7,97.39,-9.61,14.22,14.4,30
Fri Nov 04 06:41:55 GMT-03:00 2022,04-Nov-2022 06:41:55.080,-35.210267844793684,-5.812358193541183,0.06512808054685593,6.0,40.33291324555199,17.863544464111328,-0.56,5.62,8.07,0.02,13.73,0,-0.04,0.01,0,14.9,7.45,14.7,27.84,97,27.72,19.52,1009.31,14.5,637.7,1,297.86,-,254.02,1915,0,75,-,40,32.16,771.5,27.84,0.36,1.46,24.3,31.37,-14.84,-3.12,0,-,0.27,6,40.33,17.86,-5.81,-35.21,20,0.17,-,32,0,12.46,8.03,3.99,0,35.19,0.1,0.84,64.11,0,35.89,1433.49,3.92,457,0.23,0,13.73,2,-,10.13,9.87,28.61,1.96,322.04,348.1,249.7,98.4,-9.61,14.26,14.5,30
Fri Nov 04 06:41:56 GMT-03:00 2022,04-Nov-2022 06:41:56.080,-35.210267844793684,-5.812358193541183,0.052177637815475464,6.0,40.35827058753685,17.868791580200195,-0.43,5.64,7.94,0.01,13.73,0,-0.02,0.02,0,14.9,7.45,14.7,27.84,97,27.72,19.45,1009.3,14.5,637.7,1,297.86,-,250.84,1915,0,75,-,39.22,31.76,800,27.84,0.36,1.48,24.67,30.98,-14.84,2.34,0,-,0.27,6,40.36,17.87,-5.81,-35.21,20,0.23,-,32,0,12.46,8.03,4.05,0,35.19,0.81,0.83,63.93,0,36.07,1433.49,3.92,459,0.19,0,14.12,3,-,10.13,9.87,28.61,1.96,322.04,349.09,249.7,99.39,-9.49,14.2,14.4,31
Fri Nov 04 06:41:57 GMT-03:00 2022,04-Nov-2022 06:41:57.080,-35.210267844793684,-5.812358193541183,0.04822583124041557,6.0,40.33077348152257,17.872634887695312,-0.44,5.64,7.93,0,13.73,0,-0.03,0.01,0,14.9,7.45,14.7,27.84,97,27.72,19.39,1009.3,14.5,636.5,1,297.86,-,250.84,1915,0,75,-,39.61,32.16,782,27.84,0.36,1.47,24.49,30.98,-14.84,-3.12,-3.12,-,0.27,6,40.33,17.87,-5.81,-35.21,21,0.19,-,32,0,12.46,8.03,4.02,0,35.19,0.79,0.82,63.75,0,36.25,1433.49,3.53,460,0.17,0,14.12,3,-,10.13,9.88,28.6,1.96,322.04,350.1,249.7,100.4,-9.7,14.22,14.5,31
Fri Nov 04 06:41:58 GMT-03:00 2022,04-Nov-2022 06:41:58.080,-35.210267844793684,-5.812358193541183,0.04974964261054993,6.0,40.30498175168999,17.870071411132812,-0.52,5.56,8.01,0.01,13.73,0,-0.03,0,0,14.9,7.45,14.7,27.84,97,27.72,19.32,1009.3,14.5,636.5,1,297.86,-,247.67,1915,0,75,-,39.61,32.16,769.5,27.84,0.36,1.43,23.82,30.59,-14.84,-3.12,-3.12,-,0.27,6,40.3,17.87,-5.81,-35.21,17,0.17,-,32,0,12.46,8.03,3.91,0,35.19,0.79,0.82,63.57,0,36.43,1433.49,3.53,461,0.18,0,14.12,1.5,-,10.12,9.88,28.6,1.96,322.04,351.08,249.7,101.38,-9.73,14.22,14.5,32
Fri Nov 04 06:41:59 GMT-03:00 2022,04-Nov-2022 06:41:59.082,-35.210267844793684,-5.812358193541183,0.04692081734538078,6.0,40.296460234184806,17.87020492553711,-0.57,5.59,8,0.01,13.73,0,-0.04,0,0,14.9,7.45,14.7,27.84,97,27.72,19.32,1009.31,14.5,635.5,1,297.86,-,247.67,1915,0,75,-,39.61,32.16,769.5,27.84,0.36,1.43,23.82,30.59,-16.41,-3.12,0,-,0.27,6,40.3,17.87,-5.81,-35.21,20,0.17,-,32,0,12.46,8.03,3.91,0,35.19,0.16,0.81,63.39,0,36.61,1433.49,2.75,461,0.17,0,13.73,1.5,-,10.12,9.88,28.6,1.96,322.04,352.08,249.7,102.38,-9.73,14.22,14.5,32
Fri Nov 04 06:42:00 GMT-03:00 2022,04-Nov-2022 06:42:00.081,-35.210267844793684,-5.812358193541183,0.048801224678754807,6.0,40.28950837634357,17.87226104736328,-0.54,5.59,7.95,0,12.94,0,-0.03,0,0,14.9,7.45,14.7,27.84,97,27.72,19.26,1009.3,14.5,635.5,1,297.86,-,247.67,1915,0,75,-,30.2,24.71,751,27.84,0.36,1.07,17.91,30.59,-16.41,-3.12,-3.91,-,0.27,6,40.29,17.87,-5.81,-35.21,20,0.17,-,32,0,12.46,8.03,2.94,0,35.19,0.81,0.82,63.21,0,36.79,1433.49,2.75,463,0.18,0,13.33,6,-,10.12,9.88,28.59,1.96,322.04,353.09,249.7,103.39,-10.85,14.2,14.4,30
Fri Nov 04 06:42:01 GMT-03:00 2022,04-Nov-2022 06:42:01.081,-35.210267844793684,-5.812358193541183,0.03752685710787773,8.0,40.34328253696494,17.87506866455078,-0.55,5.61,8.01,0.01,12.94,0,-0.04,0.01,0,14.9,7.45,14.7,27.84,97,27.72,19.19,1009.31,14.5,634.7,1,297.86,-,247.67,1915,0,75,-,31.37,24.71,742,27.84,0.36,1.14,19.07,30.59,-16.41,-3.91,-3.12,-,0.27,8,40.34,17.88,-5.81,-35.21,21,0.18,-,32,0,12.46,8.03,3.13,0,35.19,0.1,0.82,63.03,0,36.97,1433.49,2.75,464,0.14,0,13.33,6,-,10.12,9.88,28.59,1.96,322.04,354.1,249.7,104.4,-10.52,14.2,14.5,29
Fri Nov 04 06:42:02 GMT-03:00 2022,04-Nov-2022 06:42:02.081,-35.210267844793684,-5.812358193541183,0.031126316636800766,4.0,40.36043057501844,17.885051727294922,-0.51,5.58,8.01,0.01,12.94,0,-0.04,0,0,14.9,7.45,14.7,27.84,97,27.72,19.13,1009.34,14.5,634.7,1,297.86,-,247.66,1915,0,75,-,30.98,25.1,742.5,27.84,0.36,1.09,18.21,30.59,-16.41,-0.78,-3.12,-,0.27,4,40.36,17.89,-5.81,-35.21,21,0.14,-,32,0,12.46,8.03,2.99,0,35.19,0.1,0.82,62.85,0,37.15,1433.49,3.14,465,0.11,0,13.33,3.5,-,10.12,9.88,28.58,1.96,322.04,355.09,249.7,105.39,-10.65,14.2,14.5,28
Fri Nov 04 06:42:03 GMT-03:00 2022,04-Nov-2022 06:42:03.082,-35.210267844793684,-5.812358193541183,0.02614806778728962,4.0,40.364953501475284,17.893165588378906,-0.58,5.59,7.99,0.01,12.94,0,-0.04,0,0,14.9,7.45,14.7,27.84,97,27.72,19.13,1009.27,14.5,633.7,1,297.86,-,247.66,1915,0,75,-,30.98,25.1,742.5,27.84,0.36,1.09,18.21,30.59,-16.41,-0.78,1.56,-,0.27,4,40.36,17.89,-5.81,-35.21,21,0.14,-,32,0,12.46,8.03,2.99,0,35.19,0.1,0.83,62.67,0,37.33,1433.49,3.14,465,0.09,0,13.33,3.5,-,10.12,9.88,28.58,1.96,322.04,356.08,249.7,106.38,-10.65,14.24,14.5,28
Fri Nov 04 06:42:04 GMT-03:00 2022,04-Nov-2022 06:42:04.080,-35.210267844793684,-5.812358193541183,0.030315065756440163,4.0,40.37641875831562,17.89454460144043,-0.51,5.53,7.83,-0.01,13.73,-0.01,-0.03,0,-0.01,14.9,7.45,14.7,27.84,97,27.72,19.07,1009.31,14.5,633.7,1,297.86,-,247.66,1915,0,75,-,32.94,25.1,796,27.84,0.36,1.25,20.77,30.59,-15.62,3.12,0.78,-,0.27,4,40.38,17.89,-5.81,-35.21,20,0.09,-,32,0,12.46,8.03,3.41,0,35.19,0.79,0.82,62.5,0,37.5,1433.49,3.53,466,0.11,0,13.73,-1.5,-,10.12,9.88,28.58,1.96,322.04,357.09,249.7,107.39,-10.11,14.22,14.5,29
Fri Nov 04 06:42:05 GMT-03:00 2022,04-Nov-2022 06:42:05.081,-35.210267844793684,-5.812358193541183,0.02641032263636589,6.0,40.38107203254255,17.896129608154297,-0.5,5.69,7.96,0.01,13.73,0,-0.03,0.01,0,14.9,7.45,14.7,27.84,97,27.72,19,1009.31,14.5,632.5,1,297.86,-,247.66,1915,0,75,-,38.82,30.2,803,27.84,0.36,1.49,24.85,30.59,-14.84,-2.34,0,-,0.27,6,40.38,17.9,-5.81,-35.21,21,0.11,-,32,0,12.46,8.03,4.08,0,35.19,0.2,0.81,62.32,0,37.68,1433.49,3.53,468,0.1,0,14.12,1.5,-,10.12,9.89,28.57,1.96,322.04,358.08,249.7,108.39,-9.61,13.22,13.5,30
Fri Nov 04 06:42:06 GMT-03:00 2022,04-Nov-2022 06:42:06.080,-35.210267844793684,-5.812358193541183,0.018711388111114502,6.0,40.37068842282082,17.896268844604492,-0.46,5.61,8.02,0.01,13.73,0,-0.03,0,0,14.9,7.45,14.7,27.84,97,27.72,18.94,1009.29,14.5,632.5,1,297.86,-,247.66,1915,0,75,-,39.61,31.37,772.5,27.84,0.36,1.45,24.18,30.59,-14.84,3.12,0,-,0.27,6,40.37,17.9,-5.81,-35.21,18,0.1,-,32,0,12.46,8.03,3.97,0,35.19,0.2,0.81,62.15,0,37.85,1433.49,3.53,469,0.07,0,14.12,3,-,10.11,9.89,28.57,1.96,322.04,359.09,249.7,109.39,-9.78,14.26,13.5,30
Fri Nov 04 06:42:07 GMT-03:00 2022,04-Nov-2022 06:42:07.082,-35.210267844793684,-5.812358193541183,0.032111942768096924,6.0,40.33790017750359,17.893936157226562,-0.54,5.49,7.86,-0.01,13.73,0,-0.04,0.01,0,14.9,7.45,14.7,27.84,97,27.72,18.94,1009.3,14.5,631.5,1,297.86,-,247.66,1915,0,75,-,39.61,31.37,772.5,27.84,0.36,1.45,24.18,30.59,-14.84,3.12,3.12,-,0.27,6,40.34,17.89,-5.81,-35.21,17,0.1,-,32,0,12.46,8.03,3.97,0,35.19,0.79,0.81,61.98,0,38.02,1433.49,3.92,469,0.12,0,14.12,3,-,10.11,9.89,28.57,1.96,322.04,360.08,249.7,110.39,-9.78,14.26,14.4,30
Fri Nov 04 06:42:08 GMT-03:00 2022,04-Nov-2022 06:42:08.080,-35.210267844793684,-5.812358193541183,0.03299244865775108,6.0,40.28927777740159,17.90648078918457,-0.58,5.52,8.01,0,13.73,0,-0.03,0,0,14.9,7.45,14.7,27.84,97,27.72,18.88,1009.29,14.5,631.5,1,297.86,-,247.66,1915,0,75,-,39.61,32.16,791,27.84,0.37,1.44,24,30.59,-14.84,3.12,3.12,-,0.27,6,40.29,17.91,-5.81,-35.21,16,0.12,-,32,0,12.46,8.03,3.94,0,35.19,0.79,0.81,61.8,0,38.2,1433.49,3.92,471,0.12,0,14.12,3,-,10.11,9.89,28.57,1.96,322.04,361.1,249.7,111.4,-9.63,14.26,14.4,31
Fri Nov 04 06:42:09 GMT-03:00 2022,04-Nov-2022 06:42:09.080,-35.210267844793684,-5.812358193541183,0.04028560593724251,4.0,40.29623554962798,17.91860008239746,-0.51,5.6,7.98,0.01,13.73,-0.01,-0.03,0,0,14.9,7.45,14.7,27.84,97,27.72,18.88,1009.28,14.5,630.5,1,297.86,-,247.66,1915,0,75,-,39.22,31.76,791,27.84,0.37,1.44,24,30.59,-14.84,1.56,2.34,-,0.27,4,40.3,17.92,-5.81,-35.21,16,0.12,-,32,0,12.46,8.03,3.94,0,35.19,0.24,0.8,61.63,0,38.37,1433.49,3.53,471,0.15,0,14.12,3,-,10.11,9.89,28.57,1.96,322.04,362.1,249.7,112.4,-9.63,14.24,14.4,31
Fri Nov 04 06:42:10 GMT-03:00 2022,04-Nov-2022 06:42:10.081,-35.210267844793684,-5.812358193541183,0.03537887707352638,4.0,40.29061667810508,17.922733306884766,-0.46,5.7,8,0.01,13.73,0,-0.04,0.01,0,14.9,7.45,14.7,27.84,97,27.72,18.88,1009.31,14.5,630.5,1,297.86,-,247.66,1915,0,75,-,39.22,31.76,791,27.84,0.37,1.44,24,30.59,-14.84,1.56,2.34,-,0.27,4,40.29,17.92,-5.81,-35.21,18,0.12,-,32,0,12.46,8.03,3.94,0,35.19,0.24,0.8,61.47,0,38.53,1433.49,3.53,473,0.13,0,14.12,3,-,10.11,9.89,28.57,1.96,322.04,363.08,249.7,113.38,-9.63,14.24,14.4,31
Fri Nov 04 06:42:11 GMT-03:00 2022,04-Nov-2022 06:42:11.082,-35.210267844793684,-5.812358193541183,0.04538347199559212,6.0,40.24516451091492,17.934680938720703,-0.38,5.54,8.01,0.01,13.73,0,-0.04,0,0,14.9,7.45,14.7,27.84,97,27.72,18.82,1009.3,14.5,630.5,1,297.86,-,247.66,1915,0,75,-,39.22,31.76,785.5,27.84,0.37,1.44,24,30.59,-14.84,-3.91,-1.56,-,0.27,6,40.25,17.93,-5.81,-35.21,19,0.13,-,32,0,12.46,8.03,3.94,0,35.19,0.11,0.83,61.3,0,38.7,1433.49,3.53,473,0.16,0,14.12,-1,-,10.11,9.89,28.56,1.96,322.04,364.1,249.7,114.4,-9.74,14.2,14.5,31
Fri Nov 04 06:42:12 GMT-03:00 2022,04-Nov-2022 06:42:12.082,-35.210267844793684,-5.812358193541183,0.04510602727532387,6.0,40.24884847296302,17.936800003051758,-0.57,5.59,7.97,0.01,12.94,0,-0.03,0.01,0,14.9,7.45,14.7,27.84,97,27.72,18.75,1009.31,14.5,629.4,1,297.86,-,247.66,1915,0,75,-,30.59,26.27,752,27.84,0.37,1.07,17.91,30.59,-14.84,0.78,0.78,-,0.27,6,40.25,17.94,-5.81,-35.21,19,0.16,-,32,0,12.46,8.03,2.94,0,35.19,0.79,0.85,61.13,0,38.87,1433.49,3.14,475,0.16,0,13.33,3.5,-,10.11,9.89,28.56,1.96,322.04,365.11,249.7,115.4,-10.93,14.3,14.5,30
Fri Nov 04 06:42:13 GMT-03:00 2022,04-Nov-2022 06:42:13.081,-35.210267844793684,-5.812358193541183,0.06314300000667572,6.0,40.22109924536667,17.94561195373535,-0.54,5.56,8,0.01,12.94,0,-0.03,0.01,0,14.9,7.45,14.7,27.84,97,27.72,18.69,1009.32,14.5,629.4,1,297.86,-,247.66,1915,0,75,-,30.2,24.71,750.5,27.84,0.37,1.03,17.24,30.59,-16.41,-2.34,-3.12,-,0.27,6,40.22,17.95,-5.81,-35.21,18,0.16,-,32,0,12.46,8.03,2.83,0,35.19,0.78,0.83,60.96,0,39.04,1433.49,2.75,476,0.23,0,12.94,7.5,-,10.11,9.89,28.55,1.96,322.04,366.08,249.7,116.39,-10.91,14.22,14.5,28
Fri Nov 04 06:42:14 GMT-03:00 2022,04-Nov-2022 06:42:14.081,-35.210267844793684,-5.812358193541183,0.04383759945631027,6.0,40.240137888808576,17.956083297729492,-0.58,5.62,8.01,0.01,12.94,0,-0.02,0,0,14.9,7.45,14.7,27.84,97,27.72,18.63,1009.32,14.5,629.4,1,297.86,-,247.66,1915,0,75,-,30.59,24.71,740.5,27.84,0.37,1.05,17.54,30.59,-16.41,-3.12,-3.12,-,0.27,6,40.24,17.96,-5.81,-35.21,18,0.23,-,33,0,12.46,8.03,2.88,0,35.19,0.78,0.83,60.8,0,39.2,1433.49,2.75,477,0.16,0,12.94,3.5,-,10.11,9.9,28.55,1.96,322.04,367.08,249.7,117.38,-10.84,14.22,14.5,27
Fri Nov 04 06:42:15 GMT-03:00 2022,04-Nov-2022 06:42:15.081,-35.210267844793684,-5.812358193541183,0.0452183373272419,6.0,40.232726070318314,17.960369110107422,-0.38,5.54,8.02,0.01,12.94,-0.01,-0.04,0.01,-0.01,14.9,7.45,14.7,27.84,97,27.72,18.63,1009.3,14.5,627.7,1,297.86,-,247.66,1915,0,75,-,30.59,24.71,740.5,27.84,0.37,1.05,17.54,30.59,-16.41,-3.12,-0.78,-,0.27,6,40.23,17.96,-5.81,-35.21,18,0.23,-,33,0,12.46,8.03,2.88,0,35.19,0.09,0.82,60.63,0,39.37,1433.49,2.75,477,0.16,0,13.33,3.5,-,10.11,9.9,28.55,1.96,322.04,368.09,249.7,118.39,-10.84,14.12,14.4,27
Fri Nov 04 06:42:16 GMT-03:00 2022,04-Nov-2022 06:42:16.081,-35.210267844793684,-5.812358193541183,0.04663022607564926,6.0,40.195728362642186,17.960845947265625,-0.47,5.58,7.92,-0,12.94,0,-0.04,0,0,14.9,7.45,14.7,27.84,97,27.72,18.57,1009.31,14.5,627.7,1,297.86,-,247.66,1915,0,75,-,30.2,24.31,754.5,27.84,0.37,1.05,17.54,30.59,-16.41,2.34,2.34,-,0.27,6,40.2,17.96,-5.81,-35.21,19,0.16,-,33,0,12.46,8.03,2.88,0,35.19,0.73,0.82,60.47,0,39.53,1433.49,2.75,478,0.17,0,13.33,3.5,-,10.1,9.9,28.54,1.96,322.04,369.1,249.7,119.4,-10.77,14.3,14.5,27
Fri Nov 04 06:42:17 GMT-03:00 2022,04-Nov-2022 06:42:17.079,-35.210267844793684,-5.812358193541183,0.03058711625635624,6.0,40.21100858977763,17.96120262145996,-0.47,5.58,8,0.01,13.33,-0.01,-0.03,0,0,14.9,7.45,14.7,27.84,97,27.72,18.51,1009.3,14.5,626.8,1,297.86,-,247.66,1915,0,75,-,29.8,24.31,771,27.84,0.37,1.06,17.73,30.59,-15.62,0,-0.78,-,0.27,6,40.21,17.96,-5.81,-35.21,18,0.17,-,33,0,12.46,8.03,2.91,0,35.19,0.8,0.81,60.3,0,39.7,1433.49,3.14,479,0.11,0,13.73,4.5,-,10.1,9.9,28.54,1.96,322.04,370.09,249.7,120.39,-10.81,14.2,14.5,26
Fri Nov 04 06:42:18 GMT-03:00 2022,04-Nov-2022 06:42:18.079,-35.210267844793684,-5.812358193541183,0.027412869036197662,6.0,40.22092768636212,17.96311378479004,-0.58,5.57,7.87,-0,13.33,0,-0.03,0,0,14.9,7.45,14.7,27.84,97,27.72,18.45,1009.33,14.5,626.8,1,297.86,-,247.66,1915,0,75,-,35.29,27.06,796,27.84,0.37,1.22,20.28,30.59,-15.62,0,0.78,-,0.27,6,40.22,17.96,-5.81,-35.21,18,0.11,-,33,0,12.46,8.03,3.33,0,35.19,0.09,0.81,60.14,0,39.86,1433.49,3.14,480,0.1,0,14.12,6.5,-,10.1,9.9,28.53,1.96,322.04,371.1,249.7,121.4,-10.36,13.02,14.5,27
Fri Nov 04 06:42:19 GMT-03:00 2022,04-Nov-2022 06:42:19.080,-35.210267844793684,-5.812358193541183,0.02868073806166649,4.0,40.255237406116684,17.9659481048584,-0.53,5.61,8.01,0.01,13.73,-0.01,-0.03,0,-0.01,14.9,7.45,14.7,27.84,97,27.72,18.45,1009.34,14.5,625.7,1,297.86,-,247.66,1915,0,75,-,35.29,31.37,796,27.84,0.37,1.22,20.28,30.59,-14.84,0,0.78,-,0.27,4,40.26,17.97,-5.81,-35.21,17,0.11,-,33,0,12.46,8.03,3.33,0,35.19,0.09,0.81,59.98,0,40.02,1433.49,3.53,480,0.1,0,14.12,6.5,-,10.1,9.9,28.53,1.96,322.04,372.08,249.7,122.38,-10.36,13.02,13.4,27
Fri Nov 04 06:42:20 GMT-03:00 2022,04-Nov-2022 06:42:20.080,-35.210267844793684,-5.812358193541183,0.03561824560165405,4.0,40.23814232519893,17.967628479003906,-0.55,5.63,8.03,0.01,13.73,0,-0.03,0.01,0,14.9,7.45,14.7,27.84,97,27.72,18.39,1009.3,14.5,625.7,1,297.86,-,247.66,1915,0,75,-,39.61,31.37,751.5,27.84,0.37,1.41,23.51,30.59,-14.84,3.91,1.56,-,0.28,4,40.24,17.97,-5.81,-35.21,17,0.1,-,33,0,12.46,8.03,3.86,0,35.19,0.81,0.8,59.82,0,40.18,1433.49,3.53,482,0.13,0,14.12,3.5,-,10.1,9.9,28.53,1.96,322.04,373.1,249.7,123.39,-9.85,14.34,14.5,28
Fri Nov 04 06:42:21 GMT-03:00 2022,04-Nov-2022 06:42:21.080,-35.210267844793684,-5.812358193541183,0.03776846081018448,4.0,40.232067727595826,17.97105598449707,-0.57,5.66,8.03,0.01,13.73,-0.01,-0.03,0.01,0,14.9,7.45,14.7,27.84,97,27.72,18.34,1009.32,14.5,624.5,1,297.86,-,247.66,1915,0,75,-,39.22,32.16,786,27.84,0.37,1.45,24.18,30.59,-14.84,-1.56,-1.56,-,0.28,4,40.23,17.97,-5.81,-35.21,18,0.13,-,33,0,12.46,8.03,3.97,0,35.19,0.69,0.8,59.66,0,40.34,1433.49,3.92,483,0.14,0,14.12,3,-,10.1,9.9,28.52,1.96,322.04,374.1,249.7,124.39,-9.44,14.12,14.4,29
Fri Nov 04 06:42:22 GMT-03:00 2022,04-Nov-2022 06:42:22.080,-35.210267844793684,-5.812358193541183,0.023606061935424805,4.0,40.222302383134,17.975086212158203,-0.5,5.6,8.12,0.02,13.73,0,-0.04,0,0,14.9,7.45,14.7,27.84,97,27.72,18.28,1009.34,14.5,624.5,1,297.86,-,247.66,1915,0,75,-,39.61,32.16,780.5,27.84,0.37,1.43,23.82,30.59,-14.84,1.56,2.34,-,0.28,4,40.22,17.98,-5.81,-35.21,18,0.14,-,33,0,12.46,8.03,3.91,0,35.19,0.12,0.8,59.5,0,40.5,1433.49,3.92,484,0.08,0,14.12,2,-,10.1,9.9,28.52,1.96,322.04,375.09,249.7,125.39,-9.73,14.26,14.5,30
Fri Nov 04 06:42:23 GMT-03:00 2022,04-Nov-2022 06:42:23.079,-35.210267844793684,-5.812358193541183,0.02049127221107483,4.0,40.24845559187387,17.974327087402344,-0.52,5.53,7.86,-0.01,13.73,0,-0.04,0.01,0,14.9,7.45,14.7,27.84,97,27.72,18.22,1009.32,14.5,624.5,1,297.86,-,247.66,1915,0,75,-,39.61,31.76,789,27.84,0.37,1.41,23.51,30.59,-14.84,1.56,2.34,-,0.28,4,40.25,17.97,-5.81,-35.21,18,0.08,-,33,0,12.46,8.03,3.86,0,35.19,0.12,0.8,59.34,0,40.66,1433.49,3.92,486,0.07,0,14.12,2,-,10.09,9.91,28.52,1.96,322.04,376.09,249.7,126.39,-9.76,14.26,14.5,31
Fri Nov 04 06:42:24 GMT-03:00 2022,04-Nov-2022 06:42:24.080,-35.210267844793684,-5.812358193541183,0.024946771562099457,4.0,40.24381511444129,17.98305320739746,-0.47,5.57,7.92,-0,13.73,0,-0.04,0,0,14.9,7.45,14.7,27.84,97,27.72,18.22,1009.29,14.5,623.1,1,297.86,-,247.66,1915,0,75,-,38.82,31.37,771,27.84,0.37,1.42,23.63,30.59,-14.84,-0.78,-1.56,-,0.28,4,40.24,17.98,-5.81,-35.21,17,0.08,-,33,0,12.46,8.03,3.88,0,35.19,0.78,0.81,59.18,0,40.82,1433.49,3.53,487,0.09,0,14.12,3.5,-,10.09,9.91,28.51,1.96,322.04,377.11,249.7,127.41,-9.79,14.28,14.5,31
Fri Nov 04 06:42:25 GMT-03:00 2022,04-Nov-2022 06:42:25.082,-35.210267844793684,-5.812358193541183,0.02944362536072731,4.0,40.26903502087244,17.984647750854492,-0.39,5.57,7.94,0,12.94,0,-0.03,0.01,0,14.9,7.45,14.7,27.84,97,27.72,18.1,1009.32,14.5,623.1,1,297.86,-,247.66,1915,0,75,-,39.61,27.45,794.5,27.84,0.37,1.03,17.24,30.59,-15.62,-1.56,-0.78,-,0.28,4,40.27,17.98,-5.81,-35.21,18,0.09,-,33,0,12.46,8.03,2.83,0,35.19,0.09,0.83,59.03,0,40.97,1433.49,2.75,488,0.11,0,14.12,-4,-,10.09,9.91,28.51,1.96,322.04,378.09,249.7,128.39,-10.98,14.26,14.5,29
Fri Nov 04 06:42:26 GMT-03:00 2022,04-Nov-2022 06:42:26.082,-35.210267844793684,-5.812358193541183,0.05650956928730011,4.0,40.233894238271354,17.97916603088379,-0.53,6.37,7.48,0.01,12.94,-0.01,-0.03,0.06,-0.05,14.9,7.45,14.7,27.84,97,27.72,18.1,1009.34,14.5,623.1,1,297.86,-,247.66,1915,0,75,-,30.59,24.31,794.5,27.84,0.37,1.03,17.24,30.59,-16.41,0.78,0.78,-,0.28,4,40.23,17.98,-5.81,-35.21,16,0.09,-,33,0,12.46,8.03,2.83,0,35.19,0.81,0.83,58.87,0,41.13,1433.49,2.75,488,0.2,0,12.94,2,-,10.09,9.91,28.51,1.96,322.04,379.1,249.7,129.4,-10.98,14.3,14.5,29
Fri Nov 04 06:42:27 GMT-03:00 2022,04-Nov-2022 06:42:27.081,-35.21024466605757,-5.8123251727954095,0.5205289125442505,6.0,40.31310086462457,17.98955726623535,-0.42,6.72,7.21,0.02,12.94,0.01,-0.03,0.12,-0.07,14.9,7.45,14.7,27.84,97,27.61,18.06,1009.31,14.5,623.1,1,297.86,-,247.66,1915,0,75,-,45.88,24.31,1419,27.84,0.38,2.83,47.14,30.59,-16.41,2.34,3.91,-,0.28,6,40.31,17.99,-5.81,-35.21,20,2.8,-,33,0,12.46,8.03,7.74,0,35.19,0.12,0.82,58.72,0,41.28,1433.49,2.75,489,1.87,3,17.25,20,-,10.09,9.91,28.5,1.96,322.04,380.09,250.08,130.01,-5.16,14.26,14.5,37
Fri Nov 04 06:42:28 GMT-03:00 2022,04-Nov-2022 06:42:28.080,-35.21023868339528,-5.812303867276575,2.681415557861328,6.0,40.291386246947006,18.070890426635742,-1.02,6.77,6.86,-0,17.65,0,-0.04,0.12,-0.08,29.8,15.29,14.7,27.84,97,27.51,18.03,1009.31,14.5,620.9,1,297.86,-,241.31,1915,0,75,4,54.12,42.75,1633.5,27.84,0.38,4.13,68.83,29.8,-12.5,-1.56,1.56,-,0.28,6,40.29,18.07,-5.81,-35.21,20,6.13,5.36,33,0.73,12.46,8.03,11.3,2.05,35.19,0.09,0.82,58.64,0,41.36,1436.36,7.45,491,9.65,8,19.61,21,23.37,10.06,9.94,28.42,1.96,322.05,381.11,251.1,130.01,-6.87,14.26,14.5,41
Fri Nov 04 06:42:29 GMT-03:00 2022,04-Nov-2022 06:42:29.082,-35.21022951581673,-5.812277896650299,3.204648733139038,6.0,40.22915638725302,17.78313446044922,-0.77,6.75,7.09,0.01,20.39,0.01,-0.04,0.15,-0.09,30.2,15.69,14.7,27.84,97,27.44,18.01,1009.28,14.5,620.9,1,297.86,-,241.3,1915,0,75,4,63.14,49.41,1916.5,27.84,0.38,5.75,95.75,29.8,-11.72,-1.56,-2.34,-,0.28,6,40.23,17.78,-5.81,-35.21,19,3.35,5.36,33,1.39,12.46,8.03,15.72,3.93,35.18,0.79,0.8,58.75,0,41.25,1441.02,10.2,492,11.54,13,21.57,20,23.37,10.03,9.97,28.34,1.97,322.05,382.08,252.07,130.01,-5.28,14.26,14.5,46
Fri Nov 04 06:42:30 GMT-03:00 2022,04-Nov-2022 06:42:30.080,-35.21021531458357,-5.812238773828705,4.655487537384033,6.0,40.1810931831586,17.465410232543945,-0.75,6.06,7.41,-0.01,20.78,-0.01,-0.02,0.03,-0.02,28.24,14.51,14.7,27.84,97,27.4,18.01,1009.31,14.5,620.9,1,297.86,-,241.3,1915,0,75,10.44,57.25,52.94,1843.5,27.84,0.38,5.07,84.54,29.8,-11.72,-3.12,-2.34,-,0.28,6,40.18,17.47,-5.81,-35.21,19,6.46,14,33,2.56,12.46,8.03,13.88,7.24,35.18,0.79,0.8,58.86,0,41.14,1447.18,10.98,493,16.76,18,21.57,0.5,54.09,10.01,9.99,28.27,1.97,322.05,383.09,253.08,130.01,-7.56,14.26,14.5,46
Fri Nov 04 06:42:31 GMT-03:00 2022,04-Nov-2022 06:42:31.083,-35.210198768800545,-5.812193174743522,5.426952838897705,6.0,40.13544694046061,17.45687484741211,-1.15,5.59,8.04,0.02,13.33,-0.02,-0.06,-0.03,0,15.29,7.84,14.7,27.84,97,27.4,18.01,1009.3,14.5,622.1,1,297.86,-,241.3,1915,0,75,10.44,57.25,52.94,1843.5,27.84,0.38,5.07,84.54,29.8,-14.06,-3.12,-5.47,-,0.28,6,40.14,17.46,-5.81,-35.21,20,6.46,14,33,2.56,12.46,8.03,13.88,7.24,35.18,0.83,0.78,58.96,0,41.04,1447.18,3.53,493,19.54,18,16.47,0.5,54.09,10.01,9.99,28.27,1.97,322.05,384.1,254.09,130.01,-7.56,14.28,14.6,46
Fri Nov 04 06:42:32 GMT-03:00 2022,04-Nov-2022 06:42:32.081,-35.210185440368996,-5.812150310779255,5.116820812225342,6.0,40.15272394432276,15.05179500579834,-0.47,5.53,8.46,0.04,17.65,0.07,0.03,0,0.09,23.53,7.84,14.7,27.84,97,27.36,18.01,1009.31,14.5,622.1,1,297.15,181.52,234.94,1915,0,75,1.14,24.71,19.22,999,27.84,0.38,1.24,20.59,29.02,-14.84,-4.69,-3.91,-,0.28,6,40.15,15.05,-5.81,-35.21,20,0.54,1.52,33,14.57,12.46,8.03,3.38,41.16,35.18,0.09,0.77,59.07,0,40.93,1450,7.84,494,18.42,19,14.12,18.5,10.86,10.02,9.98,28.31,2.01,322.09,385.09,255.09,130.01,-12.75,14.2,14.5,38
Fri Nov 04 06:42:33 GMT-03:00 2022,04-Nov-2022 06:42:33.081,-35.210171713324385,-5.812102780179785,5.356536865234375,6.0,39.97359294569169,16.759897232055664,-0.46,6.25,7.2,-0.01,22.75,0,-0.02,0.11,-0.07,29.02,13.33,14.7,27.84,97,27.32,18.02,1009.29,14.5,623.2,1,300.21,799.78,234.94,1915,0,75,1.14,63.53,45.88,1698,27.84,0.38,5.75,95.75,29.02,-11.72,0.78,2.34,-,0.28,6,39.97,16.76,-5.81,-35.21,21,0.58,1.52,33,3.31,12.45,8.03,15.72,9.34,35.18,0.12,0.76,59.18,0,40.82,1429.53,12.94,496,19.28,19,22.35,19.5,10.86,10,10,28.25,2.01,322.09,386.09,256.08,130.01,0.58,14.2,14.5,54
Fri Nov 04 06:42:34 GMT-03:00 2022,04-Nov-2022 06:42:34.081,-35.2101534326001,-5.812044537976225,6.401050567626953,6.0,39.99644465007953,17.429372787475586,-0.6,6.42,7.23,-0,22.75,0.02,0,0.09,-0.02,29.02,14.9,14.7,27.84,97,27.29,18.03,1009.28,14.5,623.2,1,304.07,936.63,234.94,1915,0,75,3.44,65.49,57.65,2102.5,27.84,0.39,6.73,112.14,29.02,-11.72,-3.12,2.34,-,0.29,6,40,17.43,-5.81,-35.21,22,2.72,4.62,32,2.82,12.45,8.03,18.41,7.98,35.18,0.12,0.76,59.28,0,40.72,1440.48,12.94,497,23.04,22,22.75,21,15.64,9.98,10.02,28.19,2.01,322.09,387.08,257.08,130.01,-4.11,14.26,14.5,58
Fri Nov 04 06:42:35 GMT-03:00 2022,04-Nov-2022 06:42:35.082,-35.21013637709026,-5.811981353147565,7.360620975494385,4.0,40.01176678346399,17.992162704467773,-0.47,6.14,7.63,0.01,21.18,0,-0.02,0.09,-0.06,19.61,10.2,14.7,27.45,97,27.29,18.03,1009.28,14.5,629,1,304.07,936.63,234.94,1915,0,75,3.44,65.49,48.63,2102.5,27.45,0.39,6.73,112.14,29.02,-11.72,-3.12,-2.34,-,0.29,4,40.01,17.99,-5.81,-35.21,24,2.72,4.62,32,2.82,12.45,8.03,18.41,7.98,35.18,0.73,0.75,59.39,0,40.61,1440.48,11.37,497,26.5,22,22.75,21,15.64,9.98,10.02,28.19,2.03,322.11,388.11,258.1,130.01,-4.11,14.26,14.5,58
Fri Nov 04 06:42:36 GMT-03:00 2022,04-Nov-2022 06:42:36.082,-35.21011309540168,-5.8119100220046205,7.995273113250732,4.0,39.9468121983517,17.90397834777832,-0.6,6.21,7.54,0.01,21.18,0,0.01,0.06,-0.03,29.41,14.9,14.7,27.45,97,27.3,18.06,1009.26,14.5,629,1,304.89,440.27,234.93,1915,0,75,9.9,45.88,58.04,1679,27.45,0.39,3.66,61.03,29.02,-12.5,2.34,0,-,0.29,4,39.95,17.9,-5.81,-35.21,26,1.5,13.28,32,6.01,12.45,8.03,10.02,16.97,35.18,0.73,0.75,59.49,0,40.51,1440.47,10.98,498,28.78,28,21.18,21,56.31,9.97,10.03,28.16,2.03,322.11,389.09,259.08,130.01,-9.95,14.2,14.5,51
Fri Nov 04 06:42:37 GMT-03:00 2022,04-Nov-2022 06:42:37.083,-35.21008819843931,-5.811832037194253,8.68717098236084,6.0,39.81286095799392,17.785236358642578,-0.82,5.88,7.03,-0.05,20.39,0,-0.02,0.04,-0.02,25.88,13.33,14.7,27.45,97,27.31,18.1,1009.23,14.5,634.4,1,306.32,544.43,234.93,1915,0,75,9.9,70.59,53.33,1674.5,27.45,0.39,5.76,96.06,29.02,-12.5,-5.47,-2.34,-,0.29,6,39.81,17.79,-5.81,-35.21,25,1.22,13.28,32,4.86,12.45,8.03,15.77,13.72,35.18,0.1,0.74,59.6,0,40.4,1455.27,10.98,499,31.27,30,21.96,18,56.31,9.95,10.05,28.11,2.03,322.11,390.09,260.08,130.01,-5.53,14.3,14.5,53
Fri Nov 04 06:42:38 GMT-03:00 2022,04-Nov-2022 06:42:38.081,-35.21006324305479,-5.811753559272178,9.392717361450195,6.0,39.74064470957859,17.73729705810547,-0.78,6.31,7.58,0.02,20.39,-0.02,-0.09,0.01,-0.04,25.88,13.33,14.7,27.45,97,27.34,18.14,1009.26,14.5,634.4,1,307.06,429.52,231.75,1915,0,76,8.61,59.61,53.33,1697.5,27.45,0.39,4.87,81.19,28.63,-12.5,-1.56,0,-,0.29,6,39.74,17.74,-5.81,-35.21,22,1.73,11.55,32,6.16,12.45,8.03,13.33,17.4,35.18,0.14,0.74,59.7,0,40.3,1471.55,10.98,500,33.81,33,20,20,48.44,9.94,10.06,28.08,2.05,322.11,391.1,261.1,130.01,-6.9,14.26,14.5,53
Fri Nov 04 06:42:39 GMT-03:00 2022,04-Nov-2022 06:42:39.082,-35.210033864014946,-5.811664803223261,10.005232810974121,6.0,39.66478634036615,17.955163955688477,-0.31,5.59,8.11,0.02,19.61,0.01,-0.02,0.03,0.01,24.71,12.55,14.7,27.45,97,27.34,18.14,1009.24,14.5,638.1,1,307.06,429.52,231.75,1915,0,76,8.61,59.61,49.8,1697.5,27.45,0.39,4.87,81.19,28.63,-12.5,-1.56,0,-,0.29,6,39.66,17.96,-5.81,-35.21,19,1.73,11.55,32,6.16,12.45,8.03,13.33,17.4,35.18,0.14,0.74,59.8,0,40.2,1452.59,9.41,500,36.02,33,20,20,48.44,9.94,10.06,28.08,2.05,322.14,392.1,262.1,130.01,-6.9,14.26,14.6,53
Fri Nov 04 06:42:40 GMT-03:00 2022,04-Nov-2022 06:42:40.080,-35.21000368795247,-5.811574230624533,10.424068450927734,6.0,39.61167066262599,18.263723373413086,-0.59,4.86,7.81,-0.05,14.9,0,-0.01,0,0,15.69,8.24,14.7,27.45,97,27.38,18.2,1009.24,14.5,638.1,1,307.08,310.79,231.75,1915,0,76,8.56,50.98,25.49,1619,27.45,0.4,3.88,64.63,28.63,-13.28,-5.47,-3.91,-,0.29,6,39.61,18.26,-5.81,-35.21,20,0.98,11.48,32,8.51,12.45,8.03,10.61,24.04,35.18,0.19,0.73,59.9,0,40.1,1470.6,5.1,502,37.53,37,16.47,0.5,50.51,9.93,10.07,28.06,2.05,322.14,393.09,263.08,130.01,-8.53,14.26,14.6,50
Fri Nov 04 06:42:41 GMT-03:00 2022,04-Nov-2022 06:42:41.080,-35.209972953420625,-5.811481847594693,10.695250511169434,6.0,39.585028233506996,18.09807777404785,-0.34,5.81,7.99,0.02,16.86,0,-0.02,0.01,0.01,23.92,12.16,14.7,27.06,97,27.43,18.26,1009.29,14.5,640.3,1,306.39,189.93,231.75,1915,0,76,8.56,38.04,39.22,1423,27.06,0.4,2.66,44.28,28.63,-13.28,-6.25,-7.81,-,0.29,6,39.59,18.1,-5.81,-35.21,18,0.47,11.48,32,13.93,12.45,8.03,7.27,39.34,35.18,0.8,0.73,60.01,0,39.99,1489.11,7.06,503,38.5,38,17.25,17,50.51,9.95,10.05,28.1,2.09,322.17,394.09,264.09,130.01,-10.21,14.3,14.5,45
Fri Nov 04 06:42:42 GMT-03:00 2022,04-Nov-2022 06:42:42.081,-35.20994132520538,-5.811387810665579,10.847677230834961,6.0,39.55812368754691,17.648473739624023,-0.29,5.63,7.85,-0,18.04,-0.01,0,0.01,-0.01,23.92,12.16,14.7,27.06,97,27.48,18.32,1009.27,14.5,640.3,1,306.15,266.34,231.75,1915,0,76,2.08,54.51,39.22,1442.5,27.06,0.4,3.83,63.77,28.63,-12.5,-3.12,-2.34,-,0.3,6,39.56,17.65,-5.81,-35.21,19,0.5,2.79,32,9.93,12.45,8.03,10.47,28.05,35.18,0.09,0.73,60.11,0,39.89,1466.49,8.24,504,39.05,38,18.43,19.5,13.77,9.95,10.05,28.1,2.09,322.17,395.09,265.09,130.01,-7.47,14.26,14.5,45
Fri Nov 04 06:42:43 GMT-03:00 2022,04-Nov-2022 06:42:43.082,-35.20991163040354,-5.811294235552545,11.074289321899414,6.0,39.38803866737271,17.23416519165039,-0.07,5.61,8,0.01,18.04,-0.02,-0.01,0.02,-0.03,18.82,7.45,14.7,26.67,97,27.53,18.38,1009.27,14.5,640.3,1,306.13,301.7,231.75,1915,0,77,5.02,63.14,35.29,1433,26.67,0.4,4.33,72.24,28.63,-12.5,-3.12,-2.34,-,0.3,6,39.39,17.23,-5.81,-35.21,19,0.95,6.74,32,8.77,12.45,8.03,11.86,24.77,35.18,0.09,0.73,60.21,0,39.79,1485.68,8.24,506,39.87,40,18.43,19.5,33.48,9.94,10.06,28.09,2.09,322.17,396.08,266.08,130.01,-6.65,14.26,14.5,47
Fri Nov 04 06:42:44 GMT-03:00 2022,04-Nov-2022 06:42:44.081,-35.209879440215545,-5.81119283311836,11.51632022857666,6.0,39.511127942801146,17.49140739440918,-0.06,5.95,7.86,0.02,19.22,0.08,0,0.1,0.04,26.27,13.73,14.7,26.27,97,27.6,18.45,1009.25,14.5,641.9,1,306.1,301.84,231.75,1915,0,77,8.62,63.14,51.37,1541.5,26.27,0.4,4.56,76.08,28.63,-12.5,-8.59,-9.38,-,0.3,6,39.51,17.49,-5.81,-35.21,20,0.54,11.56,32,8.76,12.45,8.03,12.49,24.75,35.18,0.1,0.73,60.31,0,39.69,1481.94,9.41,507,41.46,42,19.61,18,53.38,9.94,10.06,28.08,2.12,322.2,397.09,267.08,130.01,-6.17,14.26,14.5,50
Fri Nov 04 06:42:45 GMT-03:00 2022,04-Nov-2022 06:42:45.082,-35.20984724068449,-5.811090713587676,11.820802688598633,6.0,39.512186150750864,17.651897430419922,-0.76,5.86,8.37,0.06,19.22,0.16,0,0.12,0.13,26.27,13.73,14.7,25.49,97,27.67,18.53,1009.28,14.5,641.9,1,306.01,289.53,231.74,1915,0,77,8.62,61.18,50.98,1552.5,25.49,0.41,4.6,76.63,28.63,-13.28,-4.69,-0.78,-,0.3,6,39.51,17.65,-5.81,-35.21,20,1.54,11.56,32,9.14,12.45,8.03,12.58,25.81,35.18,0.16,0.73,60.41,0,39.59,1502.24,9.41,508,42.55,43,19.61,18.5,53.38,9.94,10.06,28.07,2.12,322.2,398.1,268.09,130.01,-6.7,14.2,14.4,50
Fri Nov 04 06:42:46 GMT-03:00 2022,04-Nov-2022 06:42:46.082,-35.20981501850533,-5.8109858358338835,12.215704917907715,6.0,39.63105815457293,17.75033187866211,-0.19,5.79,7.58,-0.02,18.82,0.04,0.07,0.05,0.03,22.75,11.76,14.7,25.49,97,27.67,18.53,1009.23,14.5,641.9,1,306.01,289.53,231.74,1915,0,77,8.62,61.18,48.24,1552.5,25.49,0.41,4.6,76.63,28.63,-13.28,-4.69,-1.56,-,0.3,6,39.63,17.75,-5.81,-35.21,26,1.54,11.56,32,9.14,12.45,8.03,12.58,25.81,35.18,0.11,0.72,60.51,0,39.49,1502.24,8.63,509,43.98,43,19.22,18.5,53.38,9.94,10.06,28.07,2.12,322.2,399.08,269.08,130.01,-6.7,14.26,14.5,50
Fri Nov 04 06:42:47 GMT-03:00 2022,04-Nov-2022 06:42:47.081,-35.20977962922622,-5.8108800097879,12.40465259552002,6.0,39.76859479832106,18.115093231201172,-1.02,4.81,8.01,-0.03,18.82,-0.05,-0.07,0,-0.05,22.75,11.76,14.7,25.49,97,27.74,18.6,1009.23,14.5,641.9,1,305.42,202.1,231.74,1915,0,77,8.62,38.82,48.24,1416.5,25.49,0.41,3.29,54.76,28.63,-14.84,-3.91,-2.34,-,0.3,6,39.77,18.12,-5.81,-35.21,26,0.02,11.56,32,13.09,12.45,8.03,8.99,36.97,35.18,0.43,0.71,60.6,0,39.4,1523,8.63,509,44.66,44,14.9,-2.5,53.38,9.95,10.05,28.1,2.16,322.2,400.09,270.08,130.01,-8.97,14.26,14.5,47
Fri Nov 04 06:42:48 GMT-03:00 2022,04-Nov-2022 06:42:48.081,-35.209745380254844,-5.810777038578544,12.278672218322754,6.0,39.99733292889006,17.91391944885254,-0.42,5.48,7.22,-0.06,13.33,-0.06,-0.01,-0.01,-0.05,14.9,7.45,14.7,25.49,97,27.81,18.68,1009.18,14.5,644,1,304.09,72.5,231.74,1915,0,77,-,19.61,18.82,1324.5,25.49,0.41,1.21,20.1,28.63,-14.84,-8.59,-8.59,-,0.3,6,40,17.91,-5.81,-35.21,24,1.66,-,32,36.48,12.45,8.03,3.3,103.06,35.18,0.09,0.71,60.7,0,39.3,1497.34,3.53,511,44.2,43,17.25,25.5,-,9.96,10.04,28.13,2.16,322.24,401.09,271.08,130.01,-12.28,14.24,14.5,39
Fri Nov 04 06:42:49 GMT-03:00 2022,04-Nov-2022 06:42:49.081,-35.20971236245543,-5.81067330722202,11.973388671875,4.0,40.07288170838439,19.56475067138672,-0.85,5.82,7.96,0.02,18.82,0.04,-0.05,0.05,0.02,23.92,12.16,14.7,25.49,97,27.88,18.75,1009.19,14.5,644,1,303.6,216.48,231.74,1915,0,77,-,55.69,43.53,1348.5,25.49,0.41,3.52,58.66,28.63,-14.06,-2.34,-1.56,-,0.3,4,40.07,19.56,-5.81,-35.21,21,1.2,-,32,12.22,12.45,8.03,9.63,34.51,35.18,0.12,0.71,60.8,0,39.2,1497.34,9.02,512,43.1,43,18.04,18,-,9.97,10.03,28.15,2.18,322.24,402.08,272.08,130.01,-7.56,14.2,14.2,41
Fri Nov 04 06:42:50 GMT-03:00 2022,04-Nov-2022 06:42:50.081,-35.209675191767616,-5.8105684683148935,12.062305450439453,4.0,39.986026759948246,19.609922409057617,-0.94,5.72,8.13,0.03,18.04,0,-0.04,0.04,0,24.31,12.55,14.7,25.1,97,27.94,18.82,1009.15,14.5,644,1,303.25,242.11,231.74,1915,0,77,-,57.65,47.84,1428.5,25.1,0.41,3.94,65.6,28.63,-14.06,-3.91,-1.56,-,0.3,4,39.99,19.61,-5.81,-35.21,23,0.1,-,32,10.92,12.45,8.03,10.77,30.86,35.18,0.12,0.71,60.9,0,39.1,1480.82,8.24,513,43.42,43,18.43,18,-,9.97,10.03,28.16,2.18,322.26,403.08,273.08,130.01,-6.87,14.2,14.2,44
Fri Nov 04 06:42:51 GMT-03:00 2022,04-Nov-2022 06:42:51.082,-35.20963652192968,-5.810462449933332,12.249210357666016,4.0,39.948418006174094,19.206653594970703,-0.51,5.92,7.97,0.02,18.04,0,-0.06,0.02,-0.01,22.35,11.37,14.7,24.71,97,27.94,18.82,1009.17,14.5,644.4,1,303.25,242.11,231.74,1915,0,77,-,57.65,47.45,1428.5,24.71,0.41,3.94,65.6,28.63,-13.28,-3.91,-2.34,-,0.3,4,39.95,19.21,-5.81,-35.21,22,0.1,-,32,10.92,12.45,8.03,10.77,30.86,35.18,0.1,0.7,61,0,39,1480.82,8.24,513,44.1,43,18.43,18,-,9.97,10.03,28.16,2.2,322.26,404.09,274.09,130.01,-6.87,14.2,14.5,44
Fri Nov 04 06:42:52 GMT-03:00 2022,04-Nov-2022 06:42:52.080,-35.20959991850576,-5.810356723345613,12.387835502624512,4.0,40.35105117147757,18.843278884887695,-0.27,5.34,7.04,-0.09,19.22,0.05,0,0.07,0.02,27.45,14.12,14.7,24.71,97,28.01,18.9,1009.12,14.5,644.4,1,302.6,186.59,231.74,1915,0,78,2.61,45.88,53.73,1333,24.71,0.41,3.03,50.56,28.63,-14.06,-2.34,-4.69,-,0.31,4,40.35,18.84,-5.81,-35.21,21,0.1,3.5,32,14.18,12.45,8.03,8.3,40.04,35.18,0.82,0.7,61.09,0,38.91,1484.13,10.59,514,44.6,44,14.9,12,18.7,9.98,10.02,28.19,2.2,322.29,405.1,275.09,130.01,-8.95,14.16,14.5,42
Fri Nov 04 06:42:53 GMT-03:00 2022,04-Nov-2022 06:42:53.079,-35.20956387970957,-5.810245540088834,12.635078430175781,4.0,40.52147056170821,18.876636505126953,-0.01,6.06,7.85,0.02,19.61,0.05,-0.01,0.05,0.03,29.02,14.9,14.7,24.31,97,28.08,18.97,1009.14,14.5,644.9,1,302.38,262.97,231.74,1915,0,78,2.61,65.49,55.29,1384,24.31,0.41,4.37,72.91,28.63,-13.28,-6.25,-5.47,-,0.31,4,40.52,18.88,-5.81,-35.21,23,0.6,3.5,32,10.06,12.45,8.03,11.97,28.41,35.18,0.08,0.7,61.19,0,38.81,1484.13,9.8,515,45.49,44,20,18,18.7,9.98,10.02,28.19,2.23,322.29,406.08,276.08,130.01,-5.92,14.26,14.5,46
Fri Nov 04 06:42:54 GMT-03:00 2022,04-Nov-2022 06:42:54.079,-35.209524936864874,-5.810135783309724,12.980867385864258,4.0,40.737535093417165,19.203214645385742,-0.76,5.9,7.88,0.02,20.39,0.03,-0.02,0.07,0,28.63,14.9,14.7,24.31,97,28.16,19.05,1009.09,14.5,644.9,1,302.36,299.44,231.74,1915,0,78,5.18,67.84,55.29,1537,24.31,0.42,4.98,83.02,28.63,-13.28,0.78,-0.78,-,0.31,4,40.74,19.2,-5.81,-35.21,21,0.51,6.95,32,8.83,12.45,8.03,13.63,24.95,35.18,0.59,0.69,61.28,0,38.72,1487.92,10.59,516,46.73,46,20.78,18,32.19,9.98,10.02,28.19,2.23,322.31,407.1,277.09,130.01,-5.09,14.22,14.5,50
Fri Nov 04 06:42:55 GMT-03:00 2022,04-Nov-2022 06:42:55.080,-35.20948280152012,-5.810019699756346,13.49233627319336,4.0,41.103036681403744,19.264436721801758,-0.81,5.69,7.21,-0.05,20.39,-0.03,-0.03,0,-0.02,28.63,14.9,14.7,23.92,97,28.25,19.13,1009.12,14.5,644.9,1,302.36,301.76,234.91,1915,0,78,6.37,67.84,55.29,1615.5,23.92,0.42,5.25,87.47,29.02,-13.28,-1.56,-0.78,-,0.31,4,41.1,19.26,-5.81,-35.21,22,1.27,8.54,32,8.76,12.45,8.03,14.36,24.76,35.18,0.59,0.69,61.38,0,38.62,1509.45,10.59,518,48.57,48,20.78,18,37.65,9.97,10.03,28.17,2.26,322.34,408.08,278.08,130.01,-5.57,14.22,14.5,53
Fri Nov 04 06:42:56 GMT-03:00 2022,04-Nov-2022 06:42:56.081,-35.20943922290525,-5.809901209760899,13.84037971496582,4.0,41.43488486467751,19.569171905517578,-0.29,6.48,8.11,0.07,20.39,0.11,-0.02,0.09,0.09,27.45,14.12,14.7,23.92,97,28.34,19.22,1009.08,14.5,647.1,1,302.04,244.28,234.91,1916,0,78,5.11,60.39,55.29,1544,23.92,0.42,4.43,73.88,29.02,-13.28,-3.12,0.78,-,0.31,4,41.43,19.57,-5.81,-35.21,22,0.43,6.86,32,10.83,12.45,8.03,12.13,30.59,35.18,0.12,0.68,61.47,0,38.53,1513.41,10.59,519,49.83,49,21.18,18.5,31.63,9.98,10.02,28.18,2.26,322.34,409.1,279.09,130.01,-7.33,14.22,14.4,52
Fri Nov 04 06:42:57 GMT-03:00 2022,04-Nov-2022 06:42:57.081,-35.209397399080046,-5.809782294278611,13.907257080078125,4.0,41.542952408518175,19.77544403076172,-1.55,5.98,8.66,0.1,17.25,0.03,-0.1,0.05,0,22.35,11.76,14.7,23.92,97,28.43,19.31,1009.04,14.5,647.1,1,301.32,168.67,234.91,1916,0,78,5.11,44.71,41.57,1435.5,23.92,0.42,3.12,52.08,29.02,-14.06,-0.78,-0.78,-,0.31,4,41.54,19.78,-5.81,-35.21,22,0.17,6.86,32,15.68,12.45,8.03,8.55,44.3,35.18,0.09,0.68,61.57,0,38.43,1535.58,7.45,520,50.07,50,16.86,21,31.63,9.99,10.01,28.23,2.28,322.37,410.08,280.08,130.01,-9.21,14.22,14.4,48
Fri Nov 04 06:42:58 GMT-03:00 2022,04-Nov-2022 06:42:58.081,-35.2093559332251,-5.809665584377214,13.779051780700684,4.0,41.5707396811351,19.573776245117188,-1.03,4.94,6.94,-0.11,14.9,-0.09,-0.06,-0.08,-0.05,14.9,7.45,14.7,23.92,97,28.43,19.31,1009.08,14.5,647.1,1,300.12,79.85,231.74,1916,0,78,5.11,44.71,29.41,1435.5,23.92,0.42,1.51,25.16,28.63,-14.84,-0.78,-1.56,-,0.31,4,41.57,19.57,-5.81,-35.21,21,0.17,6.86,32,33.13,12.45,8.03,4.13,93.58,35.18,0.79,0.67,61.66,0,38.34,1516.82,5.1,521,49.6,50,16.86,21,31.63,10.06,9.94,28.42,2.28,322.37,411.09,281.08,130.01,-11.75,14.2,14.5,40
Fri Nov 04 06:42:59 GMT-03:00 2022,04-Nov-2022 06:42:59.081,-35.209315358467705,-5.809548978837427,13.660551071166992,4.0,41.399055693135,19.417219161987305,-1.16,5.21,8.45,0.03,14.9,0.02,-0.06,0.01,0.03,14.9,7.45,14.7,23.92,97,28.52,19.4,1009.13,14.5,648.7,1,300.12,79.85,231.74,1916,0,78,5.11,19.61,29.41,1307,23.92,0.42,1.51,25.16,28.63,-17.19,-7.81,-8.59,-,0.31,4,41.4,19.42,-5.81,-35.21,20,0.6,6.86,32,33.13,12.45,8.03,4.13,93.58,35.18,0.77,0.67,61.75,0,38.25,1516.82,3.14,521,49.18,49,13.33,-3,31.63,10.06,9.94,28.42,2.31,322.37,412.1,282.1,130.01,-11.75,14.22,14.5,40
Fri Nov 04 06:43:00 GMT-03:00 2022,04-Nov-2022 06:43:00.081,-35.20927547803607,-5.809433223516555,13.618623733520508,4.0,41.255326058693306,19.630390167236328,-0.92,4.96,7.8,-0.04,12.94,-0.03,-0.04,0,-0.02,14.9,7.45,14.7,23.92,97,28.6,19.48,1009.1,14.5,648.7,1,298.85,64.51,234.92,1916,0,78,-,18.82,15.69,1308,23.92,0.42,1.2,19.92,29.02,-16.41,-5.47,-4.69,-,0.31,4,41.26,19.63,-5.81,-35.21,21,1.18,-,32,41,12.45,8.03,3.27,115.82,35.18,0.09,0.67,61.84,0,38.16,1498.86,3.92,523,49.03,48,13.73,31.5,-,10.07,9.93,28.45,2.31,322.39,413.08,283.08,130.01,-12.11,14.26,14.5,34
Fri Nov 04 06:43:01 GMT-03:00 2022,04-Nov-2022 06:43:01.079,-35.209233963644415,-5.809317541410883,13.673746109008789,6.0,40.9165057799968,19.419904708862305,-0.49,4.78,7.9,-0.05,12.94,0.02,-0.04,-0.01,0.05,14.9,10.59,14.7,23.92,97,28.69,19.57,1009.22,14.5,648.7,1,297.71,85.39,234.92,1916,0,78,-,23.92,18.82,1318,23.92,0.42,1.55,25.83,29.02,-16.41,-1.56,-0.78,-,0.31,6,40.92,19.42,-5.81,-35.21,23,0.03,-,32,30.98,12.45,8.03,4.24,87.5,35.18,0.16,0.67,61.94,0,38.06,1520.06,3.14,524,49.23,49,14.12,1.5,-,10.13,9.87,28.63,2.34,322.39,414.08,284.08,130.01,-11.41,14.22,14.4,31
Fri Nov 04 06:43:02 GMT-03:00 2022,04-Nov-2022 06:43:02.080,-35.20919236316906,-5.809202379016585,13.684121131896973,6.0,40.64680686333227,19.603717803955078,-0.2,5.17,8.24,0,12.94,-0.03,-0.02,-0.05,0,14.9,7.45,14.7,23.92,97,28.77,19.65,1009.23,14.5,648.7,1,296.47,63.92,234.93,1916,0,78,2.89,18.82,16.08,1322.5,23.92,0.42,1.18,19.74,29.02,-16.41,-4.69,-5.47,-,0.31,6,40.65,19.6,-5.81,-35.21,24,0.23,3.87,32,41.38,12.45,8.03,3.24,116.89,35.18,0.77,0.67,62.03,0,37.97,1502.42,3.14,525,49.26,49,13.33,-4.5,20.86,10.14,9.86,28.66,2.34,322.42,415.09,285.08,130.01,-12.15,14.22,14.4,27
Fri Nov 04 06:43:03 GMT-03:00 2022,04-Nov-2022 06:43:03.082,-35.2091503762737,-5.809085340133798,13.516241073608398,6.0,40.174227504530926,19.925683975219727,-0.8,5.63,9.56,0.15,13.33,-0.05,-0.06,-0.08,0,14.9,7.45,25.67,23.92,97,28.77,19.65,1009.24,14.5,647.5,1.75,296.47,63.92,234.93,1916,0,78,2.89,18.82,16.08,1322.5,23.92,0.42,1.18,19.74,29.02,-17.19,-4.69,-5.47,-,0.31,6,40.17,19.93,-5.81,-35.21,23,0.23,3.87,32,41.38,12.45,8.03,3.24,116.89,35.18,0.77,0.67,62.12,0,37.88,1502.42,3.14,526,48.66,49,13.33,-4.5,20.86,10.14,9.86,28.66,2.37,322.42,416.09,286.08,130.01,-12.15,14.22,14.5,27
Fri Nov 04 06:43:04 GMT-03:00 2022,04-Nov-2022 06:43:04.081,-35.209109189957466,-5.808973663534547,13.364474296569824,6.0,40.19683494051221,19.910919189453125,-0.39,5.48,9.33,0.12,13.33,-0.02,-0.06,-0.03,0,14.9,10.2,29.4,23.92,97,28.85,19.73,1009.27,14.5,647.5,2,295.26,67.86,234.93,1916,0,78,2.89,18.82,17.25,1363,23.92,0.42,1.26,20.95,29.02,-17.19,0,0,-,0.31,6,40.2,19.91,-5.81,-35.21,19,1.66,3.87,33,38.97,12.45,8.03,3.44,110.1,35.18,0,0.01,62.21,0,37.79,1485.09,3.14,526,48.11,47,13.33,-10,20.86,10.15,9.85,28.69,2.37,322.45,417.08,287.08,130.01,-12.02,14.22,14.5,24
Fri Nov 04 06:43:05 GMT-03:00 2022,04-Nov-2022 06:43:05.081,-35.20906611341038,-5.808857761111283,13.52293586730957,6.0,40.24469462414393,19.831331253051758,-0.78,5.61,8.07,0.02,14.51,-0.06,-0.04,-0.06,-0.02,16.08,8.24,13.96,23.92,97,28.92,19.81,1009.41,14.5,646,0.95,294.28,108.39,234.93,1916,0,78,2.89,28.63,25.49,1334,23.92,0.43,1.93,32.1,29.02,-14.84,0,0,-,0.32,6,40.24,19.83,-5.81,-35.21,23,1.11,3.87,33,24.4,12.46,8.03,5.27,68.93,35.18,0.08,0.05,62.3,0,37.7,1485.09,4.31,527,48.68,47,15.29,23,20.86,10.2,9.81,28.8,2.39,322.45,418.09,288.08,130.01,-10.8,14.22,14.5,25
Fri Nov 04 06:43:06 GMT-03:00 2022,04-Nov-2022 06:43:06.080,-35.209022715745874,-5.808742073164304,13.555963516235352,6.0,40.122952047785944,19.892805099487305,-0.63,5.8,8.43,0.06,12.94,0.01,-0.06,-0.04,0.05,14.9,7.45,13.36,23.92,97,29,19.89,1009.44,14.5,646,0.91,293.18,84.53,234.94,1916,0,78,-,23.92,25.49,1303.5,23.92,0.43,1.5,25.03,29.02,-17.19,0,0,-,0.32,6,40.12,19.89,-5.81,-35.21,23,0.68,-,33,31.29,12.46,8.03,4.11,88.39,35.19,0.9,0.09,62.39,0,37.61,1488.49,3.14,528,48.8,48,13.33,0,-,10.26,9.75,28.98,2.39,322.47,419.09,289.09,130.01,-11.55,14.2,14.5,24
Fri Nov 04 06:43:07 GMT-03:00 2022,04-Nov-2022 06:43:07.081,-35.208978570153654,-5.808623840902443,13.737630844116211,6.0,40.08537338596442,20.05507469177246,-0.6,5.43,8.24,0.02,12.94,-0.01,-0.08,0.02,-0.03,14.9,7.45,13.36,23.92,97,29.08,19.97,1009.43,14.5,646,0.91,292.23,110.56,238.12,1916,0,78,-,31.37,16.08,1347,23.92,0.43,2.01,33.44,29.41,-17.19,0,0,-,0.32,6,40.09,20.06,-5.81,-35.21,22,0.8,-,33,23.92,12.46,8.03,5.49,67.58,35.19,0.9,0.09,62.48,0,37.52,1488.49,3.14,530,49.46,48,13.33,23,-,10.3,9.71,29.09,2.42,322.47,420.09,290.08,130.01,-10.47,14.2,14.5,25
Fri Nov 04 06:43:08 GMT-03:00 2022,04-Nov-2022 06:43:08.080,-35.20893453176617,-5.808504700023026,13.842936515808105,6.0,40.13041513555283,20.20265007019043,-0.48,4.96,7.81,-0.04,14.12,-0.05,0.02,-0.05,-0.01,14.9,7.45,13.47,23.92,97,29.17,20.05,1009.47,14.5,642.2,0.92,291.09,73.71,238.13,1916,0,78,5.09,24.31,25.88,1285,23.92,0.43,1.34,22.29,29.41,-15.62,0,0,-,0.32,6,40.13,20.2,-5.81,-35.21,23,0.46,6.83,33,35.88,12.46,8.03,3.66,101.37,35.19,0.87,0.14,62.57,0,37.43,1491.75,4.71,531,49.83,49,15.29,2,37.86,10.31,9.7,29.12,2.42,322.5,421.09,291.08,130.01,-11.9,14.28,14.5,23
Fri Nov 04 06:43:09 GMT-03:00 2022,04-Nov-2022 06:43:09.082,-35.20889128835184,-5.808385204697904,13.758901596069336,6.0,39.90969156329813,19.991592407226562,-0.04,5.23,7.8,-0.03,12.94,0.05,0,0,0.07,14.9,7.45,14.7,23.92,97,29.25,20.13,1009.53,14.5,642.2,1,289.94,66.28,238.13,1916,0,78,5.09,19.22,15.69,1320.5,23.92,0.43,1.23,20.47,29.41,-17.19,-2.34,0,-,0.32,6,39.91,19.99,-5.81,-35.21,20,0.83,6.83,33,39.9,12.46,8.03,3.36,112.72,35.19,0.87,0.92,62.66,0,37.34,1491.75,3.14,532,49.53,49,13.33,-5.5,37.86,10.32,9.69,29.14,2.45,322.5,422.1,292.1,130.01,-12,14.28,14.4,21
Fri Nov 04 06:43:10 GMT-03:00 2022,04-Nov-2022 06:43:10.079,-35.208846671959776,-5.808268417580118,13.71247673034668,6.0,39.13822693744339,20.23358726501465,-1.27,5.85,8.08,0.04,12.94,0,-0.09,0,0,14.9,7.45,14.7,23.92,97,29.33,20.21,1009.62,14.5,642.2,1,289.67,238.9,238.13,1916,0,78,5.09,19.22,15.69,1340.5,23.92,0.43,4.43,73.76,29.41,-17.19,-2.34,-3.12,-,0.32,6,39.14,20.23,-5.81,-35.21,24,0.36,6.83,33,11.07,12.46,8.03,12.11,31.27,35.19,0.8,0.9,62.75,0,37.25,1474.62,3.14,533,49.36,49,13.33,-5.5,37.86,10.32,9.69,29.15,2.45,322.53,423.1,293.09,130.01,-5.71,14.28,14.5,31
Fri Nov 04 06:43:11 GMT-03:00 2022,04-Nov-2022 06:43:11.079,-35.208803378009705,-5.808150149007556,13.980440139770508,6.0,38.62684375229569,19.84695816040039,-0.82,5.2,7.74,-0.03,12.94,-0.02,-0.06,0,-0.01,14.9,7.45,14.7,23.92,97,29.33,20.21,1009.66,14.5,642.2,1,289.67,238.9,238.13,1916,0,78,5.09,44.31,15.69,1340.5,23.92,0.43,4.43,73.76,29.41,-17.19,0,0,-,0.32,6,38.63,19.85,-5.81,-35.21,22,0.36,6.83,32,11.07,12.46,8.03,12.11,31.27,35.19,0.76,0.9,62.83,0,37.17,1474.62,3.14,533,50.33,49,16.86,21,37.86,10.32,9.69,29.15,2.48,322.53,424.08,294.08,130.01,-5.71,14.26,14.5,31
Fri Nov 04 06:43:12 GMT-03:00 2022,04-Nov-2022 06:43:12.080,-35.20875984327571,-5.808028465126618,14.286093711853027,6.0,38.22212167513385,19.94764518737793,-0.92,5.17,6.87,-0.11,16.47,-0.11,-0.07,-0.03,-0.11,23.14,11.76,14.7,23.92,97,29.33,20.21,1009.72,14.5,633.9,1,289.67,238.9,238.13,1916,0,78,5.09,44.31,36.47,1340.5,23.92,0.43,4.43,73.76,29.41,-14.06,0,0,-,0.32,6,38.22,19.95,-5.81,-35.21,22,0.36,6.83,32,11.07,12.46,8.03,12.11,31.27,35.19,0.76,0.82,62.92,0,37.08,1458.09,6.67,533,51.43,49,16.86,21,37.86,10.32,9.69,29.15,2.48,322.56,425.1,295.09,130.01,-5.71,14.26,14.5,31
Fri Nov 04 06:43:13 GMT-03:00 2022,04-Nov-2022 06:43:13.080,-35.20871586971638,-5.807903389603015,14.547870635986328,6.0,37.70288212266645,20.218542098999023,-0.61,4.98,8.47,0.01,16.47,0,-0.03,-0.01,0.01,23.14,11.76,14.7,23.92,97,29.42,20.31,1009.8,14.5,633.9,1,288.86,130.4,238.13,1916,0,78,9.27,38.43,36.47,1331,23.92,0.43,2.42,40.26,29.41,-14.06,-0.78,-2.34,-,0.32,6,37.7,20.22,-5.81,-35.21,22,1.57,12.43,32,20.28,12.46,8.03,6.61,57.3,35.19,0.85,0.82,63.01,0,36.99,1479.49,6.67,535,52.37,53,14.51,-1.5,66.52,10.35,9.66,29.23,2.51,322.56,426.09,296.08,130.01,-9.79,14.2,14.5,31
Fri Nov 04 06:43:14 GMT-03:00 2022,04-Nov-2022 06:43:14.081,-35.20866961268174,-5.8077780733277065,14.73814868927002,6.0,37.173524029954415,20.717002868652344,-0.76,5.28,7.96,-0.01,16.47,-0.02,-0.06,-0.02,0,23.14,11.76,14.7,23.92,97,29.42,20.31,1009.81,14.5,631.5,1,288.86,130.4,238.13,1916,0,78,9.27,38.43,36.47,1331,23.92,0.43,2.42,40.26,29.41,-17.19,-0.78,-2.34,-,0.32,6,37.17,20.72,-5.81,-35.21,20,1.57,12.43,32,20.28,12.46,8.03,6.61,57.3,35.19,0.85,0.79,63.1,0,36.9,1462.39,3.14,535,53.06,53,14.51,-1.5,66.52,10.35,9.66,29.23,2.51,322.59,427.09,297.08,130.01,-9.79,14.2,14.5,31
Fri Nov 04 06:43:15 GMT-03:00 2022,04-Nov-2022 06:43:15.080,-35.20862312685533,-5.80765354737568,14.805273056030273,6.0,36.65698550716876,20.58730125427246,-0.72,4.81,8.24,-0.01,12.94,-0.03,-0.02,-0.02,0,14.9,7.45,14.7,23.92,97,29.52,20.4,1009.84,14.5,631.5,1,287.69,58.73,241.31,1916,0,78,9.27,19.61,15.69,1290,23.92,0.43,1.18,19.61,29.8,-17.19,-0.78,-2.34,-,0.32,6,36.66,20.59,-5.81,-35.21,22,1.06,12.43,32,45.04,12.46,8.03,3.22,127.22,35.19,0.85,0.79,63.18,0,36.82,1462.39,3.14,538,53.3,52,14.51,-1.5,66.52,10.36,9.65,29.26,2.53,322.59,428.1,298.1,130.01,-12.19,14.2,14.5,27
Fri Nov 04 06:43:16 GMT-03:00 2022,04-Nov-2022 06:43:16.079,-35.20857809790064,-5.807532618543569,14.4900484085083,6.0,36.71266405192321,20.789615631103516,-0.57,5.06,8.39,0.01,12.94,0,-0.04,-0.04,0.04,14.9,7.45,29.4,23.92,97,29.61,20.48,1009.86,14.5,630.5,2,286.56,63.39,241.31,1916,0,78,-,19.61,16.47,1346,23.92,0.43,1.25,20.77,29.8,-16.41,0,0,-,0.32,6,36.71,20.79,-5.81,-35.21,20,1.3,-,33,41.72,12.46,8.03,3.41,117.87,35.19,0.03,0.86,63.27,0,36.73,1445.38,3.14,539,52.16,52,13.33,-10.5,-,10.37,9.65,29.28,2.53,322.62,429.09,299.08,130.01,-11.97,14.2,14.3,24
Fri Nov 04 06:43:17 GMT-03:00 2022,04-Nov-2022 06:43:17.084,-35.20853321565745,-5.807414786709589,14.020182609558105,6.0,36.73098326964533,20.76250457763672,-0.58,4.17,8.33,-0.04,12.94,-0.13,-0.08,-0.19,-0.04,14.9,7.45,29.4,23.92,97,29.69,20.57,1009.89,14.5,630.5,2,285.44,63.39,241.31,1916,0,78,-,19.22,15.69,1327.5,23.92,0.43,1.25,20.77,29.8,-17.19,0,0,-,0.32,6,36.73,20.76,-5.81,-35.21,19,2.16,-,33,41.72,12.46,8.03,3.41,117.87,35.19,0,0.01,63.35,0,36.65,1445.38,3.14,540,50.47,50,13.33,-9,-,10.38,9.64,29.31,2.56,322.64,430.1,300.1,130.01,-12.07,14.22,14.4,22
Fri Nov 04 06:43:18 GMT-03:00 2022,04-Nov-2022 06:43:18.081,-35.20849219667954,-5.8073041956668305,12.933911323547363,6.0,36.62694824363225,20.36186981201172,-0.23,4.71,8.65,0.02,13.73,0,0,-0.08,0.06,14.9,7.45,29.4,23.92,97,29.69,20.57,1010,14.5,630.5,2,284.41,80.43,241.31,1916,0,78,-,19.22,14.51,1327.5,23.92,0.43,1.52,25.34,29.8,-16.41,0,0,-,0.32,6,36.63,20.36,-5.81,-35.21,17,2.16,-,33,32.89,12.46,8.03,4.16,92.9,35.19,0,0,63.44,0,36.56,1429.46,3.53,541,46.56,50,13.33,-9,-,10.44,9.58,29.49,2.56,322.64,431.09,301.08,130.01,-11.5,14.16,14.4,22
Fri Nov 04 06:43:19 GMT-03:00 2022,04-Nov-2022 06:43:19.081,-35.208452625112756,-5.807196500815609,12.494140625,6.0,36.4141731720946,20.42470932006836,-0.43,5.16,8.17,-0,13.73,-0.03,-0.02,-0.07,0.01,14.9,7.45,29.4,23.92,97,29.75,20.64,1010.04,14.5,630.5,2,284.41,80.43,241.31,1916,0,78,-,18.43,14.51,1670.5,23.92,0.43,1.52,25.34,29.8,-16.41,0,0,-,0.32,6,36.41,20.42,-5.81,-35.21,17,1.56,-,33,32.89,12.46,8.03,4.16,92.9,35.19,0,0,63.52,0,36.48,1429.46,3.53,541,44.98,45,14.12,-6,-,10.44,9.58,29.49,2.59,322.67,432.11,302.1,130.01,-11.5,14.22,14.5,22
Fri Nov 04 06:43:20 GMT-03:00 2022,04-Nov-2022 06:43:20.081,-35.20841584747557,-5.807090328866332,12.26992416381836,6.0,36.24269093675394,20.34979820251465,-0.62,5.09,8.37,0.01,13.73,0,-0.04,-0.04,0.03,14.9,7.45,29.4,23.92,97,29.8,20.7,1010.09,14.5,626.8,2,283.42,83.99,244.5,1916,0,78,-,19.22,16.08,1505,23.92,0.44,1.43,23.82,30.2,-16.41,0,0,-,0.32,6,36.24,20.35,-5.81,-35.21,16,1.98,-,33,31.49,12.46,8.03,3.91,88.96,35.19,0,0,63.61,0,36.39,1415.25,3.53,543,44.17,43,13.73,-9,-,10.5,9.52,29.66,2.59,322.67,433.09,303.08,130.01,-12.26,14.22,14.5,20
Fri Nov 04 06:43:21 GMT-03:00 2022,04-Nov-2022 06:43:21.080,-35.20838060191916,-5.806987013595151,12.105584144592285,6.0,35.98960103160401,20.275259017944336,-0.64,5.06,7.99,-0.02,12.94,0,-0.02,-0.04,0.03,14.9,7.45,29.4,23.92,97,29.85,20.76,1010.16,14.5,626.8,2,282.39,75.98,244.51,1916,0,78,-,18.82,16.08,1365,23.92,0.44,1.24,20.59,30.2,-17.19,0,0,-,0.32,6,35.99,20.28,-5.81,-35.21,16,2.17,-,33,34.81,12.46,8.03,3.38,98.33,35.19,0,0,63.69,0,36.31,1415.25,3.14,544,43.58,42,13.33,-10,-,10.57,9.46,29.85,2.61,322.67,434.1,304.09,130.01,-12.35,14.22,14.4,19
Fri Nov 04 06:43:22 GMT-03:00 2022,04-Nov-2022 06:43:22.081,-35.20834545619348,-5.806882982737572,12.2262601852417,6.0,35.38413227422212,20.086639404296875,-0.54,5,7.73,-0.05,12.94,-0.05,-0.04,-0.05,-0.02,18.04,9.41,29.4,23.92,97,29.9,20.82,1010.19,14.5,626.8,2,281.56,114.85,244.52,1916,0,78,-,27.45,16.86,1389,23.92,0.44,1.82,30.39,30.2,-17.19,0,0,-,0.32,6,35.38,20.09,-5.81,-35.21,15,0.58,-,33,23.03,12.46,8.03,4.99,65.06,35.19,0.44,0,63.77,0,36.23,1418.44,3.14,545,44.01,43,14.9,25.5,-,10.6,9.43,29.95,2.61,322.7,435.09,305.08,130.01,-11,14.2,14.4,20
Fri Nov 04 06:43:23 GMT-03:00 2022,04-Nov-2022 06:43:23.080,-35.20830811085149,-5.806782250851832,12.292414665222168,6.0,34.80180897922036,20.048460006713867,-0.29,5.14,8.37,0.01,12.94,0.02,-0.01,0.01,0.03,14.9,7.45,13.38,23.92,97,29.9,20.82,1010.28,14.5,621.5,0.91,281.56,114.85,244.52,1916,0,78,-,27.45,16.08,1389,23.92,0.44,1.82,30.39,30.2,-16.41,0,0,-,0.32,6,34.8,20.05,-5.81,-35.21,13,0.58,-,33,23.03,12.46,8.03,4.99,65.06,35.19,0.44,0.06,63.86,0,36.14,1418.44,3.14,545,44.25,43,14.9,25.5,-,10.6,9.43,29.95,2.64,322.7,436.09,306.09,130.01,-11,14.2,14.4,20
Fri Nov 04 06:43:24 GMT-03:00 2022,04-Nov-2022 06:43:24.080,-35.20826736702969,-5.806671291541751,13.101713180541992,6.0,34.47958898081989,20.315698623657227,-0.5,5.73,8.21,0.03,16.86,0.02,-0.03,0.02,0.02,23.53,12.16,13.57,23.92,97,29.96,20.88,1010.3,14.5,621.5,0.92,281.57,282.8,247.7,1916,0,78,5.28,45.88,39.22,1357.5,23.92,0.44,4.6,76.63,30.59,-14.06,0,0,-,0.33,6,34.48,20.32,-5.81,-35.21,15,0.75,7.07,33,9.35,12.46,8.03,12.58,26.42,35.19,0.87,0.11,63.94,0,36.06,1422.58,7.06,546,47.17,45,17.25,15.5,37.11,10.6,9.43,29.94,2.64,322.72,437.1,307.1,130.01,-5.82,14.2,14.5,29
Fri Nov 04 06:43:25 GMT-03:00 2022,04-Nov-2022 06:43:25.080,-35.20822609136771,-5.806559437879807,13.625520706176758,6.0,34.02606266457136,20.448644638061523,-0.72,5.28,7.81,-0.02,15.69,0.02,0,0.01,0.02,19.22,9.8,13.57,23.92,97,30.04,20.96,1010.39,14.5,614.8,0.92,281.05,175.93,247.7,1916,0,78,5.28,45.1,32.16,1424.5,23.92,0.44,2.99,49.89,30.59,-14.84,0,0,-,0.33,6,34.03,20.45,-5.81,-35.21,15,0.83,7.07,33,15.03,12.46,8.03,8.19,42.47,35.19,0.86,0.14,64.02,0,35.98,1440.78,5.88,547,49.05,48,16.86,19.5,37.11,10.61,9.42,29.98,2.66,322.75,438.1,308.09,130.01,-8.72,14.22,14.4,32
Fri Nov 04 06:43:26 GMT-03:00 2022,04-Nov-2022 06:43:26.080,-35.208181250970604,-5.806442751284638,14.14529037475586,6.0,33.3382027896112,20.29247283935547,-0.6,5.63,7.65,-0.02,12.94,-0.02,-0.04,0.01,-0.03,19.22,9.8,14.7,23.92,97,30.11,21.04,1010.52,14.5,614.8,1,280.24,113.98,247.7,1916,0,78,13.86,34.12,32.16,1282,23.92,0.44,2.07,34.48,30.59,-15.62,0,-0.78,-,0.33,6,33.34,20.29,-5.81,-35.21,16,0.95,18.58,33,23.2,12.46,8.03,5.66,65.55,35.19,0.84,0.9,64.1,0,35.9,1445.35,3.14,548,50.92,50,14.51,-2.5,103.21,10.65,9.39,30.08,2.66,322.75,439.1,309.09,130.01,-10.69,14.26,14.4,30
Fri Nov 04 06:43:27 GMT-03:00 2022,04-Nov-2022 06:43:27.080,-35.20813474160287,-5.806320663686405,14.556146621704102,6.0,32.60554044786313,20.32408905029297,-0.38,5.36,8.69,0.05,12.94,-0.04,-0.04,-0.03,-0.01,14.9,7.45,14.7,23.92,97,30.2,21.13,1010.6,14.5,614.8,1,279.22,67.47,247.7,1916,0,78,10.16,18.82,15.69,1425,23.92,0.44,1.28,21.26,30.59,-15.62,-6.25,-0.78,-,0.33,6,32.61,20.32,-5.81,-35.21,16,2.08,13.62,33,39.2,12.46,8.03,3.49,110.74,35.19,0.84,0.9,64.19,0,35.81,1465.25,3.14,550,52.4,53,14.51,-2.5,68.06,10.66,9.38,30.1,2.69,322.75,440.1,310.09,130.01,-11.89,14.26,14.4,27
Fri Nov 04 06:43:28 GMT-03:00 2022,04-Nov-2022 06:43:28.080,-35.20808701221089,-5.80619745541498,14.834942817687988,6.0,31.422951701553252,20.400922775268555,-1.07,5.45,8.46,0.04,13.33,0.03,-0.09,0,0.04,14.9,7.45,14.7,23.92,97,30.3,21.22,1010.76,14.5,609.7,1,278.24,75.33,247.71,1916,0,78,5.54,18.82,15.69,1620,23.92,0.44,1.51,25.16,30.59,-16.41,-6.25,-6.25,-,0.33,6,31.42,20.4,-5.81,-35.21,18,1.6,7.44,33,35.11,12.46,8.03,4.13,99.19,35.19,0.08,0.88,64.27,0,35.73,1469.92,3.53,551,53.41,54,13.73,-7.5,32.68,10.72,9.33,30.29,2.69,322.77,441.1,311.09,130.01,-11.72,14.26,14.5,25
Fri Nov 04 06:43:29 GMT-03:00 2022,04-Nov-2022 06:43:29.082,-35.20804060560052,-5.806064441065821,15.251725196838379,6.0,29.980350014491098,20.294178009033203,-1.14,4.83,8.34,0,13.73,-0.02,-0.1,-0.03,0,14.9,7.45,29.4,23.92,97,30.39,21.31,1010.91,14.5,609.7,2,277.26,73.57,247.72,1916,0,78,5.54,18.04,15.69,1682.5,23.92,0.44,1.5,25.03,30.59,-16.41,0,0,-,0.33,6,29.98,20.29,-5.81,-35.21,16,1.59,7.44,33,35.95,12.46,8.03,4.11,101.55,35.19,0,0.79,64.35,0,35.65,1490.36,3.92,552,54.91,55,14.12,-6,32.68,10.73,9.32,30.31,2.72,322.77,442.08,312.08,130.01,-12.07,14.22,14.5,23
Fri Nov 04 06:43:30 GMT-03:00 2022,04-Nov-2022 06:43:30.083,-35.20799500184421,-5.805931979055318,15.478242874145508,6.0,28.421270131308926,20.11751937866211,-1.34,4.69,7.79,-0.05,13.73,-0.06,-0.12,-0.08,-0.01,14.9,7.45,29.4,23.92,97,30.39,21.31,1011.01,14.5,609.7,2,277.26,73.57,247.72,1916,0,78,5.54,18.04,15.29,1682.5,23.92,0.44,1.5,25.03,30.59,-16.41,0,0,-,0.33,6,28.42,20.12,-5.81,-35.21,20,1.59,7.44,33,35.95,12.46,8.03,4.11,101.55,35.19,0,0,64.43,0,35.57,1473.82,3.53,553,55.72,55,14.12,-5.5,32.68,10.73,9.32,30.31,2.72,322.8,443.09,313.08,130.01,-12.07,14.22,14.5,23
Fri Nov 04 06:43:31 GMT-03:00 2022,04-Nov-2022 06:43:31.080,-35.20794854831135,-5.805800284140617,15.272220611572266,6.0,28.06086697047702,20.020008087158203,-0.6,4.03,7.25,-0.14,13.73,0.13,-0.06,-0.02,0.18,14.9,7.45,29.4,23.92,97,30.49,21.4,1011.15,14.5,609.7,2,276.29,73.64,247.72,1916,0,78,5.54,17.65,15.29,1707.5,23.92,0.44,1.53,25.52,30.59,-16.41,0,0,-,0.33,6,28.06,20.02,-5.81,-35.21,18,0.28,7.44,33,35.92,12.46,8.03,4.19,101.46,35.19,0,0,64.51,0,35.49,1494.4,3.53,553,54.98,56,14.12,-5.5,32.68,10.74,9.31,30.34,2.75,322.8,444.1,314.1,130.01,-12.12,14.16,14.5,21
Fri Nov 04 06:43:32 GMT-03:00 2022,04-Nov-2022 06:43:32.081,-35.20790170333466,-5.805666515393753,15.166068077087402,6.0,27.71971837979621,20.067026138305664,-1.04,5.31,8.91,0.07,13.73,0.06,-0.09,-0.01,0.09,14.9,7.45,29.4,23.92,97,30.58,21.49,1011.24,14.5,603.7,2,275.32,71.29,250.89,1916,0,78,-,18.04,15.29,1683.5,23.92,0.45,1.51,25.16,30.98,-15.62,0,0,-,0.33,6,27.72,20.07,-5.81,-35.21,21,0.98,-,33,37.1,12.46,8.03,4.13,104.8,35.19,0,0,64.59,0,35.41,1477.6,3.53,555,54.6,54,14.12,-5.5,-,10.75,9.3,30.36,2.75,322.83,445.1,315.1,130.01,-12.18,14.2,14.4,20
Fri Nov 04 06:43:33 GMT-03:00 2022,04-Nov-2022 06:43:33.080,-35.207851867131204,-5.805530299959287,15.592910766601562,6.0,26.82855520052005,20.169076919555664,-0.28,5.85,11.4,0.32,13.73,0.07,-0.08,-0.01,0.1,14.9,7.45,29.4,23.92,97,30.67,21.58,1011.35,14.5,603.7,2,274.37,73.93,250.89,1916,0,78,-,18.04,15.29,1672,23.92,0.45,1.51,25.16,30.98,-16.41,0,0,-,0.33,6,27.72,20.07,-5.81,-35.21,20,0.4,-,33,35.78,12.46,8.03,4.13,101.06,35.2,0,0,64.67,0,35.33,1497.59,3.53,556,54.6,55,14.12,-5.5,-,10.76,9.3,30.38,2.75,322.83,446.07,316.06,130.01,-12.15,14.22,14.4,19
Fri Nov 04 06:43:34 GMT-03:00 2022,04-Nov-2022 06:43:34.080,-35.207803143617866,-5.805397936998545,15.29301643371582,6.0,26.565322980133047,20.380943298339844,-0.27,5.11,8.22,-0,13.73,-0.01,-0.01,-0.03,0.02,14.9,7.45,29.4,23.92,97,30.76,21.67,1011.45,14.5,603.7,2,273.41,71.71,250.9,1916,0,78,-,18.43,15.29,1671,23.92,0.45,1.49,24.85,30.98,-16.41,0,0,-,0.33,6,26.57,20.38,-5.81,-35.21,20,2.13,-,33,36.88,12.46,8.03,4.08,104.19,35.2,0,0,64.75,0,35.25,1480.52,3.53,557,55.05,54,14.12,-6,-,10.76,9.29,30.41,2.78,322.87,447.1,317.09,130.01,-12.16,14.16,14.4,18
Fri Nov 04 06:43:35 GMT-03:00 2022,04-Nov-2022 06:43:35.080,-35.20775572746734,-5.805267780835352,15.080078125,6.0,26.1651333084428,20.427785873413086,-0.36,4.94,9.09,0.07,13.33,-0.04,-0.04,-0.11,0.02,14.9,7.45,29.4,23.92,97,30.76,21.67,1011.53,14.65,597.6,2,273.41,71.71,250.9,1916,0,78,-,18.43,17.25,1671,23.92,0.45,1.49,24.85,30.98,-15.62,0,0,-,0.33,6,26.17,20.43,-5.81,-35.21,18,2.13,-,33,36.88,12.46,8.03,4.08,104.19,35.2,0,0,64.83,0,35.17,1480.52,3.53,558,54.29,54,14.12,-6,-,10.76,9.29,30.41,2.82,322.87,448.09,318.08,130.01,-12.16,14.16,14.4,18
Fri Nov 04 06:43:36 GMT-03:00 2022,04-Nov-2022 06:43:36.080,-35.20771140425766,-5.805146140297798,14.736091613769531,6.0,25.531370613692786,20.698211669921875,0.05,4.75,8.15,-0.03,13.33,-0.03,0.01,-0.07,0.01,14.9,7.45,29.4,23.92,97,30.85,21.75,1011.6,14.65,597.6,2,272.45,66.59,250.9,1916,0,78,-,18.82,14.9,1487.5,23.92,0.45,1.36,22.66,30.98,-16.41,0,0,-,0.33,6,25.53,20.7,-5.81,-35.21,17,1.29,-,33,39.72,12.46,8.03,3.72,112.2,35.2,0,0,64.9,0,35.1,1464.26,3.53,559,53.05,53,13.73,-8.5,-,10.77,9.28,30.43,2.82,322.9,449.09,319.08,130.01,-12.51,14.16,14.4,17
Fri Nov 04 06:43:37 GMT-03:00 2022,04-Nov-2022 06:43:37.081,-35.20766452553799,-5.805026684392064,14.40678882598877,6.0,24.869016979752796,23.446205139160156,-0.83,5.94,8.41,0.07,15.29,-0.02,-0.04,-0.01,0,23.14,12.55,29.4,23.92,97,31,21.91,1011.57,14.65,597.6,2,271.33,225.17,250.91,1916,0,78,-,55.29,37.65,1574,23.92,0.45,4.34,72.36,30.98,-16.41,0,0,-,0.33,6,24.87,23.45,-5.81,-35.21,21,2.05,-,33,11.75,12.46,8.03,11.88,33.18,35.2,0,0,64.98,0,35.02,1464.26,5.49,560,51.86,51,14.12,-7,-,10.84,9.23,30.61,2.84,322.9,450.09,320.08,130.01,-7.91,14.18,14.4,24
Fri Nov 04 06:43:38 GMT-03:00 2022,04-Nov-2022 06:43:38.080,-35.20761097017902,-5.804902207407496,14.687278747558594,6.0,24.489472981183695,23.627294540405273,-1.15,5.49,7.78,-0.01,19.22,-0.02,-0.1,0,-0.02,26.27,13.33,13.68,23.92,97,31,21.91,1011.58,14.65,590.1,0.93,271.33,225.17,250.91,1916,0,78,-,55.29,49.8,1574,23.92,0.45,4.34,72.36,30.98,-14.06,0,0,-,0.33,6,24.49,23.63,-5.8,-35.21,22,2.05,-,33,11.75,12.46,8.03,11.88,33.18,35.2,0.86,0.08,65.06,0,34.94,1449.58,9.02,561,52.87,51,19.61,18.5,-,10.84,9.23,30.61,2.84,322.93,451.09,321.08,130.01,-7.91,14.22,14.4,24
Fri Nov 04 06:43:39 GMT-03:00 2022,04-Nov-2022 06:43:39.080,-35.20755973505801,-5.804774116544567,15.062789916992188,6.0,24.11573278839675,23.041383743286133,-0.54,5.67,7.79,-0,19.22,0.03,-0.11,0.04,0,26.27,13.33,13.68,23.92,97,31.09,21.99,1011.6,14.65,590.1,0.93,271.19,240.53,250.91,1916,0,78,10.43,60.39,49.8,1586,23.92,0.45,4.64,77.3,30.98,-14.06,0,0,-,0.33,6,24.12,23.04,-5.8,-35.21,19,1.13,13.99,32,11,12.46,8.03,12.69,31.06,35.2,0.83,0.12,65.14,0,34.86,1468.57,9.02,561,54.23,54,19.61,18.5,62.79,10.84,9.23,30.61,2.87,322.96,452.09,322.09,130.01,-6.92,14.24,14.4,31
Fri Nov 04 06:43:40 GMT-03:00 2022,04-Nov-2022 06:43:40.080,-35.20751022025256,-5.8046456119311705,15.482791900634766,6.0,23.841540313285186,21.842132568359375,-1.09,6.24,8.37,0.08,19.22,0.07,-0.09,0.07,0.03,26.27,13.73,13.67,23.92,97,31.18,22.08,1011.64,14.65,580.7,0.93,270.97,222.69,250.91,1916,0,78,5.3,60,49.8,1570,23.92,0.45,4.55,75.77,30.98,-14.06,0,1.56,-,0.34,6,23.84,21.84,-5.8,-35.21,22,0.77,7.11,32,11.88,12.46,8.03,12.44,33.55,35.2,0.41,0.12,65.21,0,34.79,1472.25,9.41,563,55.74,55,19.61,19.5,32.24,10.84,9.22,30.62,2.87,322.96,453.09,323.08,130.01,-7.15,14.2,14.4,36
Fri Nov 04 06:43:41 GMT-03:00 2022,04-Nov-2022 06:43:41.080,-35.20746081170672,-5.804511126579033,15.71243953704834,6.0,23.698235853582126,20.95720672607422,-0.59,5.54,8.05,0.01,18.43,0,-0.08,-0.02,0.03,14.9,7.45,14.7,23.92,97,31.27,22.17,1011.62,14.65,580.7,1,270.29,122.5,250.91,1916,0,78,5.3,38.82,42.35,1486.5,23.92,0.45,2.55,42.45,30.98,-15.62,-2.34,-3.12,-,0.34,6,23.7,20.96,-5.8,-35.21,23,0.26,7.11,32,21.59,12.46,8.03,6.97,60.99,35.2,0.77,0.82,65.29,0,34.71,1491.74,4.31,564,56.56,56,14.9,0,32.24,10.87,9.2,30.7,2.91,322.99,454.09,324.09,130.01,-10.41,14.22,14.4,34
Fri Nov 04 06:43:42 GMT-03:00 2022,04-Nov-2022 06:43:42.081,-35.20741055309295,-5.804380176296401,15.358037948608398,6.0,23.605558866203197,20.652109146118164,-0.22,6.5,8.44,0.1,13.33,0.08,0,0.1,0.04,14.9,7.45,14.7,23.92,97,31.36,22.26,1011.56,14.65,580.7,1,269.32,56.96,250.91,1916,0,78,5.3,20,19.61,1372,23.92,0.46,1.21,20.1,30.98,-15.62,-5.47,-6.25,-,0.34,6,23.61,20.65,-5.8,-35.21,22,1.56,7.11,32,46.43,12.46,8.03,3.3,131.16,35.2,0.77,0.81,65.37,0,34.63,1475.78,4.31,565,55.29,55,13.33,1.5,32.24,10.88,9.19,30.72,2.91,322.99,455.1,325.1,130.01,-12.53,14.22,14.4,29
Fri Nov 04 06:43:43 GMT-03:00 2022,04-Nov-2022 06:43:43.081,-35.20736152070823,-5.804249151253911,15.324625015258789,6.0,23.400926441336722,20.548728942871094,-1.03,5.56,7.83,-0,12.94,0.04,-0.07,0,0.05,14.9,7.45,14.7,23.92,97,31.36,22.26,1011.64,14.65,574,1,269.32,56.96,250.91,1916,0,78,5.3,20,15.29,1372,23.92,0.46,1.21,20.1,30.98,-17.19,-5.47,-6.25,-,0.34,6,23.4,20.55,-5.8,-35.21,21,1.56,7.11,32,46.43,12.46,8.03,3.3,131.16,35.2,0.77,0.81,65.44,0,34.56,1475.78,3.14,566,55.17,55,13.33,1.5,32.24,10.88,9.19,30.72,2.94,322.99,456.1,326.09,130.01,-12.53,14.22,14.5,29
Fri Nov 04 06:43:44 GMT-03:00 2022,04-Nov-2022 06:43:44.080,-35.2073122253169,-5.804118022748656,15.1395902633667,6.0,23.259587641100516,20.528942108154297,-0.39,5.93,8.34,0.06,15.29,0.04,-0.02,0.04,0.03,21.96,9.02,14.73,23.92,97,31.44,22.34,1011.63,14.65,574,1,268.75,144.47,254.09,1916,0,78,-,35.69,30.98,1332,23.92,0.46,3,50.07,31.37,-14.84,0,0,-,0.34,6,23.4,20.55,-5.8,-35.21,23,1.17,-,32,18.31,12.46,8.03,8.22,51.72,35.2,0.28,0.83,65.52,0,34.48,1460.2,5.49,566,55.17,54,15.69,18.5,-,10.9,9.18,30.78,2.94,323.02,457.11,327.1,130.01,-8.92,14.2,14.4,31
Fri Nov 04 06:43:45 GMT-03:00 2022,04-Nov-2022 06:43:45.081,-35.20726392624975,-5.803989261103688,15.091312408447266,6.0,23.161461399694776,20.25672149658203,-0.86,5.74,8.67,0.07,12.94,0.03,-0.06,0.02,0.03,14.9,7.45,14.7,23.92,97,31.52,22.42,1011.64,14.65,572.5,1,268.02,105.26,254.09,1916,0,78,-,34.51,16.86,1306,23.92,0.46,2.15,35.82,31.37,-16.41,-4.69,-5.47,-,0.34,6,23.16,20.26,-5.8,-35.21,23,0.5,-,32,25.13,12.46,8.03,5.88,70.98,35.2,0.77,0.81,65.59,0,34.41,1460.2,2.75,567,54.33,54,14.51,-2.5,-,10.93,9.15,30.89,2.97,323.02,458.1,328.09,130.01,-10.43,14.2,14.5,30
Fri Nov 04 06:43:46 GMT-03:00 2022,04-Nov-2022 06:43:46.081,-35.20721707670529,-5.803865500740817,14.511971473693848,6.0,23.09721149772505,19.856189727783203,-1.32,6.41,9.28,0.17,12.94,0.15,-0.12,0.09,0.13,14.9,7.45,14.7,23.92,97,31.6,22.5,1011.64,14.65,572.5,1,267.08,59.07,254.1,1916,0,78,-,19.22,16.86,1303,23.92,0.46,1.21,20.1,31.37,-17.19,-8.59,-8.59,-,0.34,6,23.1,19.86,-5.8,-35.21,24,1.33,-,32,44.77,12.46,8.03,3.3,126.48,35.2,0.68,0.81,65.67,0,34.33,1445.09,3.14,568,52.24,53,13.33,-3,-,10.94,9.14,30.91,2.97,323.05,459.08,329.08,130.01,-12.23,14.2,14.4,27
Fri Nov 04 06:43:47 GMT-03:00 2022,04-Nov-2022 06:43:47.080,-35.20717218185614,-5.803745651848882,13.840185165405273,6.0,22.955274064321653,19.869901657104492,-0.58,5.05,8.32,0.01,12.94,0.03,-0.07,-0.01,0.06,14.9,7.45,14.7,23.92,97,31.67,22.57,1011.62,14.65,572.5,1,266.17,63.29,254.1,1916,0,78,-,19.22,16.08,1362.5,23.92,0.46,1.27,21.14,31.37,-17.19,0,-8.59,-,0.34,6,22.96,19.87,-5.8,-35.21,20,3.24,-,33,41.79,12.46,8.03,3.47,118.06,35.2,0.68,0.81,65.74,0,34.26,1445.09,3.14,570,49.82,49,13.33,-3,-,10.95,9.13,30.93,3,323.08,460.09,330.08,130.01,-12.1,14.2,14.4,24
Fri Nov 04 06:43:48 GMT-03:00 2022,04-Nov-2022 06:43:48.079,-35.20713110920584,-5.803632640637867,13.259551048278809,6.0,22.829669051328718,20.057987213134766,-0.47,4.84,8.88,0.04,12.94,0.03,-0.03,-0.06,0.09,14.9,7.45,29.4,23.92,97,31.72,22.63,1011.61,14.65,571.1,2,265.28,66.68,254.1,1916,0,78,-,18.82,15.69,1344.5,23.92,0.46,1.24,20.59,31.37,-17.19,0,0,-,0.34,6,22.83,20.06,-5.8,-35.21,23,3.82,-,33,39.67,12.46,8.03,3.38,112.05,35.2,0.01,0.81,65.82,0,34.18,1431.2,3.14,571,47.73,46,13.33,-10.5,-,10.96,9.13,30.95,3,323.08,461.09,331.09,130.01,-12.27,14.2,14.5,22
Fri Nov 04 06:43:49 GMT-03:00 2022,04-Nov-2022 06:43:49.082,-35.20709181096552,-5.803525884642803,12.505093574523926,6.0,22.87796810593651,20.190170288085938,-0.67,5.02,8.78,0.04,12.94,0,-0.08,-0.06,0.05,14.9,7.45,29.4,23.92,97,31.76,22.69,1011.63,14.65,571.1,2,264.43,72.29,254.1,1916,0,78,-,18.82,15.69,1347,23.92,0.46,1.26,20.95,31.37,-17.19,0,0,-,0.34,6,22.88,20.19,-5.8,-35.21,22,4.73,-,33,36.59,12.46,8.03,3.44,103.36,35.2,0,0.01,65.89,0,34.11,1431.2,3.14,572,45.02,43,13.33,-9,-,10.96,9.12,30.97,3.02,323.1,462.1,332.09,130.01,-12.2,14.22,14.4,21
Fri Nov 04 06:43:50 GMT-03:00 2022,04-Nov-2022 06:43:50.081,-35.20705670036566,-5.803429476843299,11.065606117248535,6.0,22.81524723220413,20.29344367980957,-0.55,4.59,8.57,0,13.33,0,-0.04,-0.09,0.05,14.9,7.45,29.4,23.92,97,31.76,22.69,1011.63,14.65,571.1,2,263.65,87.9,254.1,1916,0,78,-,18.82,15.29,1347,23.92,0.46,1.43,23.82,31.37,-16.41,0,0,-,0.34,6,22.82,20.29,-5.8,-35.21,18,4.73,-,33,30.09,12.46,8.02,3.91,85,35.2,0,0,65.96,0,34.04,1418.94,3.53,573,39.84,43,13.33,-9,-,11.01,9.08,31.11,3.02,323.1,463.08,333.08,130.01,-11.87,14.2,14.5,20
Fri Nov 04 06:43:51 GMT-03:00 2022,04-Nov-2022 06:43:51.083,-35.207024082158235,-5.803340905160934,10.18153190612793,6.0,22.877003825432826,20.709972381591797,-0.47,5.48,8.12,0.01,13.33,0,-0.08,-0.01,0.02,14.9,7.45,29.4,23.92,97,31.78,22.73,1011.59,14.65,568.7,2,263.65,87.9,254.1,1916,0,78,-,19.22,15.29,1500.5,23.92,0.46,1.43,23.82,31.37,-16.41,0,0,-,0.34,6,22.88,20.71,-5.8,-35.21,17,1.84,-,33,30.09,12.46,8.02,3.91,85,35.2,0,0,66.04,0,33.96,1418.94,3.53,573,36.65,38,13.73,-9,-,11.01,9.08,31.11,3.02,323.1,464.09,334.08,130.01,-11.87,14.2,14.5,20
Fri Nov 04 06:43:52 GMT-03:00 2022,04-Nov-2022 06:43:52.082,-35.206991109142585,-5.803255365134681,9.894352912902832,8.0,22.897632417346568,20.6141414642334,-1.04,5.72,7.95,0.02,13.33,0,-0.09,0.02,0,16.47,8.63,29.4,23.92,97,31.79,22.76,1011.58,14.65,568.7,2,263.32,187.73,257.29,1916,0,78,-,37.25,17.65,1420,23.92,0.46,2.7,44.95,31.76,-14.84,0,0,-,0.34,8,22.9,20.61,-5.8,-35.21,16,1.65,-,33,14.09,12.46,8.02,7.38,39.8,35.2,0.76,0.06,66.11,0,33.89,1418.94,3.14,575,35.62,35,16.47,21,-,11.02,9.07,31.14,3.02,323.1,465.1,335.1,130.01,-9.93,14.2,14.4,23
Fri Nov 04 06:43:53 GMT-03:00 2022,04-Nov-2022 06:43:53.081,-35.206957171294,-5.803167894614601,10.07681941986084,8.0,22.9465297513617,20.49066162109375,-0.97,6.34,7.93,0.05,18.43,-0.05,-0.05,0.01,-0.06,25.1,12.94,13.66,23.92,97,31.81,22.79,1011.54,14.65,568.7,0.93,263.55,316.79,257.29,1916,0,78,-,60.78,47.45,1460,23.92,0.46,4.19,69.86,31.76,-14.06,0,0,-,0.34,8,22.95,20.49,-5.8,-35.21,21,0.62,-,33,8.35,12.46,8.02,11.47,23.59,35.2,0.85,0.11,66.18,0,33.82,1414.8,9.41,576,36.28,35,19.22,18,-,11.02,9.08,31.12,3.07,323.11,466.08,336.08,130.01,-6.9,14.16,14.4,30
Fri Nov 04 06:43:54 GMT-03:00 2022,04-Nov-2022 06:43:54.080,-35.20692319953152,-5.803080054918887,10.227429389953613,6.0,22.794601491598378,20.354450225830078,-0.74,5.8,7.88,0.01,19.22,0,-0.06,0.03,-0.01,27.45,14.12,13.66,23.92,97,31.82,22.82,1011.52,14.65,568.7,0.93,263.95,355.73,257.28,1916,0,78,2.14,62.75,52.55,1563.5,23.92,0.47,4.71,78.45,31.76,-14.06,0,0,-,0.34,6,22.79,20.35,-5.8,-35.21,21,0.28,2.86,32,7.44,12.46,8.03,12.88,21,35.2,0.85,0.11,66.26,0,33.74,1407.04,9.41,577,36.82,36,20.78,18,13.04,11.01,9.09,31.09,3.07,323.15,467.11,337.1,130.01,-6.19,14.22,14.4,37
Fri Nov 04 06:43:55 GMT-03:00 2022,04-Nov-2022 06:43:55.080,-35.20688973684238,-5.802990369030868,10.53589153289795,6.0,23.034544634777696,20.25352668762207,-0.68,6.23,7.94,0.04,21.18,0.02,-0.05,0.1,-0.03,30.59,15.69,14.09,23.92,97,31.82,22.82,1011.48,14.65,559.7,0.96,263.95,355.73,257.28,1916,0,78,2.14,62.75,58.43,1563.5,23.92,0.47,4.71,78.45,31.76,-13.28,0,0,-,0.34,6,23.03,20.25,-5.8,-35.21,19,0.28,2.86,32,7.44,12.46,8.03,12.88,21,35.2,0.84,0.14,66.33,0,33.67,1407.04,11.37,577,37.93,36,20.78,18,13.04,11.01,9.09,31.09,3.07,323.15,468.09,338.09,130.01,-6.19,14.22,14.5,37
Fri Nov 04 06:43:56 GMT-03:00 2022,04-Nov-2022 06:43:56.080,-35.20685190880672,-5.802895069548916,11.123941421508789,6.0,24.225628628030012,20.368337631225586,-1.03,6.4,7.86,0.05,21.57,0.03,-0.09,0.09,-0.01,30.59,15.69,14.7,23.92,97,31.85,22.86,1011.44,14.65,559.7,1,264.63,419.15,257.28,1916,0,78,6.84,71.37,59.61,1642,23.92,0.47,5.7,95.08,31.76,-13.28,0,0,-,0.35,6,24.23,20.37,-5.8,-35.21,16,1.07,9.17,32,6.31,12.46,8.03,15.61,17.83,35.2,0.58,0.81,66.4,0,33.6,1419.73,11.76,578,40.05,39,21.96,18,39.75,10.99,9.1,31.06,3.11,323.15,469.09,339.08,130.01,-5.11,14.2,14.5,44
Fri Nov 04 06:43:57 GMT-03:00 2022,04-Nov-2022 06:43:57.079,-35.206818286774144,-5.802799298938631,11.473461151123047,6.0,24.428723285712774,20.590883255004883,-0.64,6.01,8.05,0.04,21.18,-0.01,-0.05,0.04,-0.03,29.41,14.9,14.7,23.92,97,31.88,22.91,1011.4,14.65,560.5,1,265.13,381.95,257.28,1916,0,78,6.84,70.98,57.25,1644.5,23.92,0.47,5.63,93.86,31.76,-13.28,-0.78,0.78,-,0.35,6,24.43,20.59,-5.8,-35.21,18,0.05,9.17,32,6.92,12.46,8.03,15.41,19.56,35.2,0.14,0.79,66.47,0,33.53,1417.82,10.98,579,41.3,40,21.57,18,39.75,10.98,9.1,31.03,3.11,323.19,470.09,340.09,130.01,-5.68,14.16,14.4,48
Fri Nov 04 06:43:58 GMT-03:00 2022,04-Nov-2022 06:43:58.079,-35.20678042335759,-5.802699742346335,11.829978942871094,6.0,24.314480331109237,20.36153793334961,-1.09,6.64,7.84,0.06,20.78,0.05,-0.09,0.11,-0.01,29.41,14.9,14.7,23.92,97,31.91,22.95,1011.35,14.65,560.5,1,265.5,350.17,257.28,1916,0,78,4.58,67.84,57.25,1608.5,23.92,0.47,5.3,88.26,31.76,-13.28,0,1.56,-,0.35,6,24.31,20.36,-5.8,-35.21,16,0.3,6.15,32,7.55,12.46,8.03,14.49,21.34,35.2,0.12,0.77,66.54,0,33.46,1431.03,10.59,580,42.59,41,20.78,18,27.22,10.97,9.11,31,3.11,323.19,471.09,341.08,130.01,-6.23,14.22,14.4,50
Fri Nov 04 06:43:59 GMT-03:00 2022,04-Nov-2022 06:43:59.080,-35.206741455536275,-5.802597002687004,12.152623176574707,6.0,24.294324350466987,20.633804321289062,-0.6,6.01,7.32,-0.02,20.78,0,-0.02,0.07,-0.04,31.37,16.08,14.7,23.92,97,31.95,23.01,1011.34,14.65,560.5,1,266.01,385.72,254.1,1916,0,78,8.36,73.73,59.61,1671,23.92,0.48,5.98,99.65,31.37,-13.28,0,1.56,-,0.35,6,24.29,20.63,-5.8,-35.21,13,1.41,11.21,32,6.86,12.46,8.03,16.36,19.37,35.2,0.12,0.77,66.61,0,33.39,1445.2,10.59,582,43.75,44,20.78,18,47.76,10.96,9.12,30.97,3.11,323.19,472.09,342.08,130.01,-4.93,14.22,14.4,54
Fri Nov 04 06:44:00 GMT-03:00 2022,04-Nov-2022 06:44:00.081,-35.20670167722961,-5.8024914039929385,12.510831832885742,6.0,24.40688203164907,20.57451820373535,-0.94,5.84,7.41,-0.02,23.53,-0.03,-0.08,0.03,-0.05,30.98,16.08,14.7,23.92,97,31.95,23.01,1011.25,14.5,571.3,1,266.48,377.65,254.09,1916,0,78,8.36,73.73,65.1,1671,23.92,0.48,6.28,104.71,31.37,-13.28,1.56,3.91,-,0.36,6,24.41,20.57,-5.8,-35.21,13,1.41,11.21,32,7,12.46,8.03,17.19,19.78,35.2,0.2,0.75,66.68,0,33.32,1445.2,13.73,583,45.04,44,23.53,15.5,47.76,10.95,9.13,30.94,3.11,323.19,473.1,343.1,130.01,-4.67,14.12,14.4,57
Fri Nov 04 06:44:01 GMT-03:00 2022,04-Nov-2022 06:44:01.080,-35.206661299552124,-5.802382030974278,12.831047058105469,6.0,24.323822145207068,20.230754852294922,-0.73,6.22,7.33,-0.01,23.53,0,-0.08,0.06,-0.03,30.59,15.69,14.7,23.92,97,32.05,23.12,1011.26,14.5,571.3,1,266.87,358.52,254.09,1916,0,78,4.21,78.04,65.1,1646,23.92,0.48,6.1,101.66,31.37,-13.28,2.34,3.91,-,0.36,6,24.32,20.23,-5.8,-35.21,16,0.96,5.64,32,7.38,12.46,8.03,16.69,20.84,35.2,0.43,0.74,66.76,0,33.24,1462.76,13.33,584,46.19,46,23.92,14,24.15,10.94,9.14,30.92,3.16,323.21,474.11,344.1,130.01,-4.91,14.16,14.5,59
Fri Nov 04 06:44:02 GMT-03:00 2022,04-Nov-2022 06:44:02.081,-35.206616434353485,-5.802266820402904,13.190587997436523,6.0,24.626069065272848,20.11082649230957,-0.42,6.07,8.01,0.04,23.92,0.02,-0.02,0.05,0,31.76,16.47,14.7,23.92,97,32.05,23.12,1011.22,14.5,571.3,1,266.87,358.52,254.09,1916,0,78,4.21,77.65,65.49,1646,23.92,0.48,6.1,101.66,31.37,-13.28,1.56,2.34,-,0.36,6,24.63,20.11,-5.8,-35.21,17,0.96,5.64,32,7.38,12.46,8.03,16.69,20.84,35.2,0.17,0.74,66.83,0,33.17,1450.99,14.12,584,47.49,46,23.53,15,24.15,10.94,9.14,30.92,3.16,323.24,475.1,345.1,130.01,-4.91,14.16,14.4,59
Fri Nov 04 06:44:03 GMT-03:00 2022,04-Nov-2022 06:44:03.081,-35.20657324789127,-5.802152399079428,13.472436904907227,6.0,24.61485782324106,20.05927085876465,-0.5,6.17,6.94,-0.04,23.92,-0.03,0,0.03,-0.05,31.76,16.47,14.7,23.92,97,32.1,23.18,1011.14,14.5,571.3,1,267.43,399.06,254.09,1916,0,78,4.21,80,65.49,1782,23.92,0.49,6.94,115.67,31.37,-13.28,0.78,0.78,-,0.36,6,24.61,20.06,-5.8,-35.21,17,0.51,5.64,31,6.63,12.46,8.03,18.99,18.72,35.2,0.51,0.74,66.89,0,33.11,1466.21,14.12,585,48.5,48,25.88,15,24.15,10.93,9.15,30.88,3.18,323.24,476.09,346.08,130.01,-3.48,14.16,14.4,63
Fri Nov 04 06:44:04 GMT-03:00 2022,04-Nov-2022 06:44:04.081,-35.206529463113206,-5.802034457573049,13.786170959472656,6.0,24.799961831590455,20.41092300415039,-0.26,6.21,7.94,0.04,25.88,0.02,-0.01,0.07,0,32.16,16.47,14.7,23.92,97,32.16,23.25,1011.09,14.5,592.8,1,268.01,405.39,254.09,1916,0,78,5.14,80,68.24,1872.5,23.92,0.49,7.36,122.61,31.37,-13.28,-2.34,-3.91,-,0.36,6,24.8,20.41,-5.8,-35.21,15,0.5,6.9,31,6.52,12.46,8.03,20.13,18.43,35.2,0.52,0.73,66.96,0,33.04,1469.07,16.08,587,49.63,49,25.49,15.5,26.23,10.92,9.16,30.85,3.18,323.26,477.1,347.09,130.01,-3.74,14.16,14.4,65
Fri Nov 04 06:44:05 GMT-03:00 2022,04-Nov-2022 06:44:05.081,-35.20648447315636,-5.801917037981044,13.850043296813965,6.0,25.126982574878586,20.576013565063477,-0.12,5.25,8.55,0.03,22.35,0,-0.03,-0.03,0.03,14.9,7.45,14.7,23.92,97,32.22,23.31,1011.05,14.5,592.8,1,267.61,172.42,254.08,1916,0,78,5.14,36.47,49.8,1784,23.92,0.49,3.19,53.24,31.37,-14.84,2.34,0,-,0.36,6,25.13,20.58,-5.8,-35.21,15,0.63,6.9,31,15.34,12.46,8.03,8.74,43.33,35.2,0.82,0.71,67.03,0,32.97,1469.07,12.55,588,49.86,49,15.69,4.5,26.23,10.93,9.15,30.88,3.21,323.26,478.09,348.09,130.01,-10.06,14.18,14.4,56
Fri Nov 04 06:44:06 GMT-03:00 2022,04-Nov-2022 06:44:06.081,-35.206442626244936,-5.801806282693026,13.11378002166748,6.0,25.234639916520507,20.803983688354492,-0.73,5.35,8.75,0.06,13.73,0.04,-0.06,-0.01,0.07,14.9,7.45,14.7,23.92,97,32.27,23.38,1011.04,14.5,592.8,1,266.83,80.49,254.08,1916,0,79,5.14,16.86,16.08,1782,23.92,0.49,1.49,24.85,31.37,-14.84,-4.69,0,-,0.36,6,25.23,20.8,-5.8,-35.21,18,1.86,6.9,31,32.86,12.46,8.03,4.08,92.83,35.2,0.82,0.71,67.1,0,32.9,1456.34,3.92,589,47.21,48,15.69,4.5,26.23,10.99,9.1,31.04,3.21,323.29,479.08,349.08,130.01,-12.33,14.18,14.4,46
Fri Nov 04 06:44:07 GMT-03:00 2022,04-Nov-2022 06:44:07.081,-35.20640249841132,-5.801702938967063,12.2699556350708,6.0,25.56489946662856,20.66518211364746,-0.43,4.41,8.02,-0.05,13.73,0.01,-0.03,-0.05,0.06,14.9,7.45,14.7,23.92,97,32.27,23.38,1010.97,14.5,604.7,1,266.83,80.49,254.08,1916,0,79,5.14,16.86,16.08,1782,23.92,0.49,1.49,24.85,31.37,-16.41,-4.69,-0.78,-,0.36,6,25.56,20.67,-5.8,-35.21,16,1.86,6.9,32,32.86,12.46,8.03,4.08,92.83,35.2,0.1,0.7,67.17,0,32.83,1456.34,3.53,589,44.17,48,14.12,-4,26.23,10.99,9.1,31.04,3.24,323.29,480.09,350.09,130.01,-12.33,14.22,14.4,46
Fri Nov 04 06:44:08 GMT-03:00 2022,04-Nov-2022 06:44:08.081,-35.20636392772438,-5.801604930469676,11.53976058959961,6.0,25.800419520807086,20.56292152404785,-0.53,5.37,7.32,-0.06,13.73,-0.07,-0.03,-0.01,-0.06,17.65,9.8,13.66,23.92,97,32.31,23.42,1010.89,14.5,604.7,0.93,266.13,97.27,254.09,1916,0,79,-,20.78,14.9,1707,23.92,0.49,1.77,29.42,31.37,-14.84,0,0,-,0.36,6,25.8,20.56,-5.8,-35.21,15,2.17,-,32,27.19,12.46,8.03,4.83,76.81,35.2,0.88,0.7,67.24,0,32.76,1444.92,5.88,591,41.54,42,14.9,30.5,-,11.03,9.07,31.16,3.24,323.32,481.09,351.09,130.01,-11.91,14.2,14.4,39
Fri Nov 04 06:44:09 GMT-03:00 2022,04-Nov-2022 06:44:09.082,-35.20632773250578,-5.8015045667404594,11.495503425598145,6.0,26.521636425327475,20.41028594970703,-0.06,5.87,7.88,0.01,16.47,0,0,0.04,0,23.53,12.16,13.69,23.92,97,32.34,23.47,1010.82,14.5,606.3,0.93,265.94,221.18,254.1,1916,0,79,-,41.18,30.98,1689.5,23.92,0.49,3.51,58.54,31.37,-14.06,0,0,-,0.37,6,26.52,20.41,-5.8,-35.21,17,0.54,-,32,11.96,12.46,8.03,9.61,33.78,35.2,0.85,0.69,67.31,0,32.69,1444.92,7.45,592,41.38,41,18.04,22.5,-,11.03,9.06,31.16,3.24,323.32,482.09,352.09,130.01,-9.12,14.2,14.5,38
Fri Nov 04 06:44:10 GMT-03:00 2022,04-Nov-2022 06:44:10.081,-35.20629238967044,-5.801409170529075,11.096165657043457,6.0,27.170684436238858,20.564363479614258,-0.59,4.47,9.41,0.08,16.86,0.06,-0.04,-0.1,0.14,14.9,7.45,13.69,23.92,97,32.36,23.5,1010.78,14.5,606.3,0.93,265.37,127.55,250.93,1917,0,80,-,26.67,33.33,1656.5,23.92,0.49,1.98,32.95,30.98,-14.06,0,0,-,0.37,6,27.17,20.56,-5.8,-35.21,20,2.38,-,32,20.74,12.46,8.03,5.41,58.58,35.2,0.85,0.69,67.37,0,32.63,1444.92,7.45,593,39.95,39,18.04,22.5,-,11.06,9.04,31.23,3.27,323.32,483.09,353.09,130.01,-11.44,14.2,14.5,34
Fri Nov 04 06:44:11 GMT-03:00 2022,04-Nov-2022 06:44:11.079,-35.20626608837604,-5.801336604455301,8.106348991394043,6.0,27.19488041674993,20.364410400390625,-0.79,4.01,9.16,0.03,12.94,-0.01,-0.04,-0.16,0.08,14.9,7.45,14.7,23.92,97,32.36,23.5,1010.81,14.5,606.2,1,265.37,127.55,250.93,1917,0,80,-,26.67,33.33,1656.5,23.92,0.49,1.98,32.95,30.98,-17.19,0,-1.56,-,0.37,6,27.19,20.36,-5.8,-35.21,17,2.38,-,32,20.74,12.46,8.03,5.41,58.58,35.2,0.83,0.9,67.44,0,32.56,1429.59,3.14,593,29.18,39,13.73,3.5,-,11.06,9.04,31.23,3.27,323.35,484.1,354.09,130.01,-11.44,14.22,14.4,34
Fri Nov 04 06:44:12 GMT-03:00 2022,04-Nov-2022 06:44:12.080,-35.20624758261891,-5.801284267642761,5.684950351715088,6.0,27.28551869439867,20.287708282470703,-0.7,3.39,9.3,0.02,12.94,0.01,-0.05,-0.21,0.13,14.9,7.45,14.7,23.92,97,32.33,23.51,1010.76,14.5,606.2,1,264.62,81.79,254.11,1917,0,80,-,18.82,16.08,1335,23.92,0.49,1.21,20.1,31.37,-17.19,0,0,-,0.37,6,27.29,20.29,-5.8,-35.21,20,5.18,-,32,32.34,12.46,8.02,3.3,91.35,35.2,0.04,0.9,67.51,0,32.49,1429.59,3.14,594,20.47,24,13.33,-11.5,-,11.11,9,31.39,3.27,323.35,485.09,355.08,130.01,-12.6,14.2,14.4,28
Fri Nov 04 06:44:13 GMT-03:00 2022,04-Nov-2022 06:44:13.079,-35.20623630849212,-5.801251268300139,3.3978774547576904,6.0,27.338097007638098,20.131380081176758,-0.79,3.99,9.04,0.02,12.55,0,-0.05,-0.14,0.08,14.9,7.45,29.4,23.92,97,32.33,23.51,1010.79,14.5,605.6,2,264.62,81.79,254.11,1917,0,80,-,18.82,18.43,1335,23.92,0.49,1.21,20.1,31.37,-17.97,0,0,-,0.37,6,27.34,20.13,-5.8,-35.21,17,5.18,-,32,32.34,12.46,8.02,3.3,91.35,35.2,0.04,0.87,67.57,0,32.43,1429.59,2.35,594,12.23,24,13.33,-11.5,-,11.11,9,31.39,3.27,323.35,486.09,356.08,130.01,-12.6,14.2,14.4,28
Fri Nov 04 06:44:14 GMT-03:00 2022,04-Nov-2022 06:44:14.079,-35.20623188817849,-5.801235630518367,2.3025083541870117,6.0,27.435815724383012,19.90111541748047,-0.5,4.08,9.05,0.03,12.55,0.01,-0.03,-0.14,0.1,14.9,7.45,29.4,23.92,97,32.25,23.47,1010.76,14.5,605.6,2,264.07,128.48,260.47,1917,0,80,-,27.06,18.43,891,23.92,0.5,1.17,19.43,32.16,-15.62,0,0,-,0.37,6,27.44,19.9,-5.8,-35.21,18,3.23,-,32,20.59,12.46,8.02,3.19,58.15,35.2,0.88,0.09,67.64,0,32.36,1425.72,2.35,596,8.29,9,14.51,17,-,11.13,8.98,31.45,3.28,323.36,487.09,357.08,130.01,-12.22,14.22,14.4,25
Fri Nov 04 06:44:15 GMT-03:00 2022,04-Nov-2022 06:44:15.080,-35.20622997705119,-5.801230264655787,0.5152794718742371,6.0,27.485947627135914,19.839284896850586,-0.48,5.49,7.64,-0.03,13.33,-0.02,-0.04,0.03,-0.03,14.9,7.45,13.33,23.92,97,32.25,23.47,1010.71,14.5,604.7,0.91,264.07,128.48,260.47,1917,0,80,-,27.06,27.84,891,23.92,0.5,1.17,19.43,32.16,-15.62,0,0,-,0.37,6,27.49,19.84,-5.8,-35.21,17,3.23,-,32,20.59,12.46,8.02,3.19,58.15,35.2,0.88,0.09,67.71,0,32.29,1425.72,3.53,598,1.86,9,14.51,17,-,11.13,8.98,31.45,3.28,323.36,488.1,358.09,130.01,-12.22,14.22,14.5,25
Fri Nov 04 06:44:16 GMT-03:00 2022,04-Nov-2022 06:44:16.079,-35.20622997705119,-5.801230264655787,0.045194342732429504,6.0,27.587869473084034,19.855562210083008,-0.66,5.86,7.82,0.01,13.33,0,-0.05,0.03,-0.01,14.9,7.45,13.3,23.92,97,32.25,23.41,1010.75,14.5,603.5,0.9,264.07,-,279.53,1917,0,81,-,38.82,30.59,762.5,23.92,0.5,1.2,19.92,34.51,-16.41,0,0,-,0.37,6,27.59,19.86,-5.8,-35.21,18,1.86,-,32,7.53,12.46,8.02,3.27,21.27,35.2,0.88,0.12,67.61,0,32.39,1425.72,3.53,598,0.16,0,14.12,0,-,11.13,8.99,31.43,3.28,323.36,489.1,358.26,130.83,-11,13.2,13.5,25
Fri Nov 04 06:44:17 GMT-03:00 2022,04-Nov-2022 06:44:17.079,-35.20622997705119,-5.801230264655787,0.16863970458507538,6.0,27.644277604911835,19.854482650756836,-0.69,6.58,7.26,0.01,14.12,0,-0.05,0.1,-0.05,20.78,12.16,13.29,23.92,97,32.25,23.35,1010.73,14.5,603.5,0.9,264.07,-,279.53,1917,0,81,-,38.43,43.14,744.5,23.92,0.5,1.3,21.62,34.51,-16.41,0,0,-,0.37,6,27.64,19.85,-5.8,-35.21,21,0.16,-,32,0,12.46,8.02,3.55,0,35.2,0.88,0.14,67.47,0,32.53,1425.72,4.31,599,0.61,0,14.12,12.5,-,11.12,8.99,31.42,3.28,323.36,490.1,358.26,131.83,-10.05,13.86,14.1,26
Fri Nov 04 06:44:18 GMT-03:00 2022,04-Nov-2022 06:44:18.080,-35.20622345181262,-5.801211570290048,0.7017408609390259,4.0,27.70946989733285,19.851730346679688,-0.7,6.66,7.16,0.01,17.65,0,-0.05,0.11,-0.08,29.41,12.16,14.7,23.92,97,32.25,23.3,1010.73,14.5,603.5,1,264.07,-,279.53,1917,0,81,-,48.24,43.14,1193.5,23.92,0.5,2.73,45.5,34.51,-14.06,0,0,-,0.37,4,27.71,19.85,-5.8,-35.21,21,0.61,-,32,0,12.46,8.02,7.47,0,35.2,0.69,0.88,67.33,0,32.67,1425.72,7.84,600,2.53,0,16.86,18.5,-,11.12,8.99,31.42,3.28,323.36,491.09,358.26,132.82,-4.91,14.16,14.5,36
Fri Nov 04 06:44:19 GMT-03:00 2022,04-Nov-2022 06:44:19.079,-35.2062175149569,-5.80119294334623,1.8277709484100342,4.0,27.844034424976964,19.992891311645508,-0.44,7.12,6.99,0.03,17.65,0.01,-0.05,0.15,-0.1,29.41,14.9,14.7,23.92,97,32.17,23.26,1010.69,14.5,603.5,1,264.07,-,250.94,1917,0,81,-,68.63,53.73,1783,23.92,0.5,5.89,98.25,30.98,-14.06,-0.78,0,-,0.37,4,27.84,19.99,-5.8,-35.21,22,5.47,-,32,0,12.46,8.02,16.13,0,35.2,0.69,0.88,67.22,0,32.78,1425.72,7.84,602,6.58,8,16.86,18.5,-,11.12,8.99,31.42,3.31,323.36,492.09,358.4,133.69,-1.59,14.16,14.5,49
Fri Nov 04 06:44:20 GMT-03:00 2022,04-Nov-2022 06:44:20.080,-35.2062066666346,-5.801162351966869,3.323256492614746,4.0,27.92347123165134,20.244218826293945,-0.62,7.21,7.16,0.05,23.14,0.03,-0.04,0.17,-0.08,32.55,16.86,14.7,23.92,97,32.11,23.24,1010.75,14.5,598.4,1,264.07,-,250.94,1917,0,81,8.5,68.63,61.96,2018,23.92,0.5,7.61,126.88,30.98,-13.28,-0.78,-1.56,-,0.37,4,27.92,20.24,-5.8,-35.21,21,7.42,11.4,32,1.05,12.46,8.02,20.83,2.97,35.2,0.28,0.81,67.29,0,32.71,1419.04,12.94,603,11.96,14,23.14,18.5,40.24,11.1,9.01,31.34,3.31,323.39,493.11,359.42,133.69,-3.34,14.16,14.4,55
Fri Nov 04 06:44:21 GMT-03:00 2022,04-Nov-2022 06:44:21.079,-35.206191490690514,-5.801120201560642,4.771813869476318,4.0,28.033792464430533,20.600736618041992,-0.58,7.08,6.97,0.03,26.67,-0.01,-0.04,0.15,-0.14,32.94,16.86,14.7,23.92,97,32.06,23.23,1010.65,14.5,598.4,1,269.83,1683.35,250.93,1917,0,81,8.5,74.51,67.84,2332,23.92,0.51,8.91,148.5,30.98,-13.28,-3.91,-0.78,-,0.38,4,28.03,20.6,-5.8,-35.21,24,7.04,11.4,32,1.57,12.46,8.03,24.38,4.44,35.2,0.41,0.78,67.35,0,32.65,1424.79,16.47,604,17.18,19,25.88,18.5,40.24,11.07,9.03,31.28,3.31,323.39,494.09,360.4,133.69,-2.96,14.2,14.4,61
Fri Nov 04 06:44:22 GMT-03:00 2022,04-Nov-2022 06:44:22.080,-35.20617184216777,-5.801065532158183,6.342802047729492,4.0,28.17678648120586,20.992982864379883,-0.88,6.77,6.96,0.01,25.1,0,-0.07,0.12,-0.1,30.59,15.69,14.7,23.92,97,32.06,23.23,1010.6,14.5,598.4,1,269.83,1683.35,250.93,1917,0,81,8.5,74.51,59.61,2332,23.92,0.51,8.91,148.5,29.8,-13.28,-3.91,-0.78,-,0.38,4,28.18,20.99,-5.8,-35.21,23,7.04,11.4,32,1.57,12.46,8.03,24.38,4.44,35.2,0.09,0.77,67.42,0,32.58,1424.79,15.29,605,22.83,19,25.88,18.5,40.24,11.07,9.03,31.28,3.31,323.39,495.08,361.39,133.69,-2.96,14.28,14.5,61
Fri Nov 04 06:44:23 GMT-03:00 2022,04-Nov-2022 06:44:23.080,-35.20614787667229,-5.801002029932676,7.500053405761719,4.0,28.290545319996475,21.00653076171875,-0.16,7.04,7.77,0.08,25.1,-0.04,-0.02,0.09,-0.12,30.59,15.69,14.7,23.92,97,32.04,23.23,1010.59,14.5,598.4,1,273.09,1075.02,241.4,1917,0,81,8.5,58.43,59.61,2424.5,23.92,0.51,7.72,128.7,29.8,-13.28,0,1.56,-,0.38,4,28.29,21.01,-5.8,-35.21,24,3.17,11.4,32,2.46,12.46,8.03,21.13,6.95,35.2,0.16,0.74,67.49,0,32.51,1428.25,15.29,605,27,26,21.96,21.5,40.24,11.05,9.05,31.22,3.34,323.4,496.09,362.4,133.69,-5.84,14.26,14.3,60
Fri Nov 04 06:44:24 GMT-03:00 2022,04-Nov-2022 06:44:24.082,-35.206118812071374,-5.800929165197787,8.44131088256836,4.0,28.36307784962779,21.26099967956543,-0.5,6.29,7.35,-0,23.14,-0.01,-0.03,0.08,-0.06,31.76,16.47,14.7,23.92,97,32.04,23.25,1010.6,14.5,623.8,1,274.97,737.26,241.4,1917,0,81,13.91,71.37,59.61,2054.5,23.92,0.52,7.25,120.79,29.8,-13.28,-6.25,-3.12,-,0.38,4,28.36,21.26,-5.8,-35.21,21,4,18.65,32,3.59,12.46,8.03,19.83,10.13,35.2,0.09,0.74,67.55,0,32.45,1427.92,13.33,607,30.39,31,23.53,19.5,64.64,11.03,9.06,31.17,3.34,323.42,497.1,363.41,133.69,-6.69,14.26,14.3,59
Fri Nov 04 06:44:25 GMT-03:00 2022,04-Nov-2022 06:44:25.081,-35.20608560860132,-5.800847696796386,9.491591453552246,4.0,28.381298348607274,21.463590621948242,-0.68,6.07,6.87,-0.05,22.75,0.02,-0.05,0.11,-0.05,31.37,16.08,14.7,23.92,97,32.05,23.28,1010.6,14.5,623.8,1,276.12,562.84,241.39,1917,0,81,13.91,69.8,58.43,1937,23.92,0.52,6.6,109.94,29.8,-13.28,-1.56,-2.34,-,0.38,4,28.38,21.46,-5.8,-35.21,21,3.61,18.65,32,4.7,12.46,8.03,18.05,13.27,35.2,0.23,0.73,67.62,0,32.38,1438.11,12.94,608,34.17,34,23.53,19.5,64.64,11.02,9.08,31.12,3.36,323.44,498.11,364.42,133.69,-6.11,14.24,14.5,58
Fri Nov 04 06:44:26 GMT-03:00 2022,04-Nov-2022 06:44:26.080,-35.206050742865195,-5.80075987226739,10.496840476989746,4.0,28.366821115033343,20.881118774414062,-0.71,5.98,8.01,0.03,23.14,0.02,-0.05,0.04,0,31.76,16.47,14.7,23.92,97,32.07,23.32,1010.54,14.5,637.3,1,277.15,532.23,238.21,1917,0,81,14.95,69.8,60,1966.5,23.92,0.52,6.84,114.03,29.41,-13.28,-1.56,-2.34,-,0.39,4,28.37,20.88,-5.8,-35.21,22,4.83,20.04,32,4.97,12.46,8.03,18.72,14.04,35.2,0.23,0.73,67.68,0,32.32,1441.84,13.33,609,37.79,39,23.53,19.5,72.58,11,9.09,31.08,3.36,323.44,499.08,365.39,133.69,-5.27,14.24,14.5,59
Fri Nov 04 06:44:27 GMT-03:00 2022,04-Nov-2022 06:44:27.083,-35.206011101465776,-5.800662522766978,11.429891586303711,6.0,28.22399496988571,20.688518524169922,-1.26,6.05,7.24,-0.02,23.14,-0.02,-0.07,0.02,-0.04,31.76,16.47,14.7,23.92,97,32.07,23.32,1010.58,14.5,646.1,1,277.15,532.23,238.21,1917,0,81,14.95,71.76,60,1966.5,23.92,0.52,6.84,114.03,29.41,-13.28,2.34,-3.12,-,0.39,6,28.22,20.69,-5.8,-35.21,22,4.83,20.04,32,4.97,12.46,8.03,18.72,14.04,35.2,0.35,0.71,67.75,0,32.25,1441.84,13.33,609,41.15,39,23.92,18.5,72.58,11,9.09,31.08,3.36,323.44,500.09,366.4,133.69,-5.27,14.24,14.4,59
Fri Nov 04 06:44:28 GMT-03:00 2022,04-Nov-2022 06:44:28.082,-35.2059704075912,-5.800557476149768,12.364996910095215,6.0,28.044396804629002,20.819095611572266,-0.65,6.09,7.88,0.03,23.14,0.01,-0.05,0.06,-0.01,31.76,16.08,14.7,23.92,97,32.11,23.37,1010.58,14.5,646.1,1,277.87,458.29,238.21,1917,0,81,15.14,71.37,60.78,1953,23.92,0.53,6.76,112.62,29.41,-13.28,-3.91,0,-,0.39,6,28.04,20.82,-5.8,-35.21,23,2.85,20.3,32,5.77,12.46,8.03,18.49,16.3,35.2,0.1,0.7,67.81,0,32.19,1454.95,13.33,611,44.51,44,23.53,18.5,74.01,10.99,9.1,31.04,3.39,323.47,501.1,367.41,133.69,-5.52,14.22,14.5,59
Fri Nov 04 06:44:29 GMT-03:00 2022,04-Nov-2022 06:44:29.082,-35.205926795583,-5.8004439610902985,13.20119857788086,6.0,27.889617909628505,20.71190071105957,-0.82,6.34,8.12,0.06,23.14,0.03,-0.05,0.07,0,31.37,16.08,14.7,23.92,97,32.16,23.42,1010.65,14.5,654.6,1,278.34,396.55,238.2,1917,0,81,15.14,70.2,60,1950.5,23.92,0.53,6.6,109.94,29.41,-13.28,-3.12,0,-,0.39,6,27.89,20.71,-5.8,-35.21,23,2.49,20.3,32,6.67,12.46,8.03,18.05,18.84,35.2,0.12,0.69,67.87,0,32.13,1453.99,13.33,612,47.52,47,22.75,19.5,74.01,10.98,9.11,31.01,3.39,323.47,502.09,368.4,133.69,-5.67,14.28,14.5,59
Fri Nov 04 06:44:30 GMT-03:00 2022,04-Nov-2022 06:44:30.081,-35.205882922793194,-5.800328573674942,13.606415748596191,6.0,27.862940402877893,20.590518951416016,-0.29,6.08,8,0.04,21.57,0.02,-0.01,0.05,0,29.02,14.9,14.7,23.92,97,32.22,23.49,1010.64,14.5,654.6,1,278.41,296.37,238.2,1917,0,82,15.45,62.75,55.69,1810.5,23.92,0.53,5.27,87.77,29.41,-13.28,-0.78,0,-,0.39,6,27.86,20.59,-5.8,-35.21,21,2.48,20.72,31,8.92,12.46,8.03,14.41,25.21,35.2,0.12,0.69,67.94,0,32.06,1468.74,11.76,613,48.98,50,22.75,19.5,81.51,10.97,9.11,31,3.42,323.47,503.09,369.4,133.69,-7.44,14.28,14.5,56
Fri Nov 04 06:44:31 GMT-03:00 2022,04-Nov-2022 06:44:31.082,-35.20583736952861,-5.800207675993323,14.140780448913574,4.0,27.759689845841013,20.870922088623047,-0.77,5.94,8.53,0.07,21.18,0.05,-0.08,0.08,0.01,30.2,15.29,14.7,23.92,97,32.22,23.49,1010.64,14.5,659.5,1,278.41,296.37,238.2,1917,0,82,15.45,62.75,55.69,1810.5,23.92,0.53,5.27,87.77,29.41,-13.28,-0.78,-1.56,-,0.39,4,27.76,20.87,-5.8,-35.21,23,2.48,20.72,31,8.92,12.46,8.03,14.41,25.21,35.2,0.64,0.67,68,0,32,1457.09,11.37,613,50.91,50,21.57,19.5,81.51,10.97,9.11,31,3.42,323.5,504.09,370.4,133.69,-7.44,14.22,14.5,56
Fri Nov 04 06:44:32 GMT-03:00 2022,04-Nov-2022 06:44:32.082,-35.2057899505023,-5.800081729117197,14.698540687561035,4.0,28.01913450523335,21.077098846435547,-0.19,5.07,7.48,-0.07,16.86,-0.07,0,-0.04,-0.05,14.9,15.29,14.7,23.92,97,32.29,23.56,1010.61,14.5,659.5,1,278.52,306.62,238.2,1917,0,82,9.61,68.63,57.25,1742.5,23.92,0.53,5.8,96.6,29.41,-13.28,-0.78,-2.34,-,0.4,4,28.02,21.08,-5.8,-35.21,22,2.09,12.89,31,8.63,12.46,8.03,15.86,24.37,35.2,0.75,0.66,68.07,0,31.93,1472.6,7.06,614,52.91,53,19.61,-1,52.67,10.97,9.12,30.98,3.45,323.53,505.09,371.4,133.69,-6.16,14.2,14.5,56
Fri Nov 04 06:44:33 GMT-03:00 2022,04-Nov-2022 06:44:33.081,-35.205740254704246,-5.799953332147945,15.023246765136719,4.0,27.8978480334348,21.23819351196289,-0.01,6.3,9.38,0.16,16.86,0.07,-0.03,0.03,0.07,14.9,7.84,14.7,23.92,97,32.36,23.63,1010.67,14.5,662.5,1,277.84,105.24,238.2,1917,0,82,9.61,34.12,37.25,1470,23.92,0.53,2.11,35.15,29.41,-14.06,-2.34,-3.12,-,0.4,4,27.9,21.24,-5.8,-35.21,22,1.09,12.89,31,25.13,12.46,8.03,5.77,71,35.2,0.75,0.64,68.13,0,31.87,1475.81,7.06,616,54.08,54,16.08,24,52.67,11,9.09,31.08,3.45,323.53,506.09,372.4,133.69,-11.35,14.22,14.5,48
Fri Nov 04 06:44:34 GMT-03:00 2022,04-Nov-2022 06:44:34.081,-35.205692331924695,-5.799828183827576,14.707283020019531,4.0,28.083400221592534,20.908466339111328,-0.56,5.44,7.55,-0.04,16.86,-0.04,-0.04,0,-0.04,23.53,12.55,14.7,23.92,97,32.42,23.7,1010.7,14.5,662.5,1,277.52,194.76,238.2,1917,0,83,9.61,55.69,38.82,1470.5,23.92,0.54,3.98,66.27,29.41,-14.06,-2.34,-3.12,-,0.4,4,28.08,20.91,-5.8,-35.21,20,1.08,12.89,32,13.58,12.46,8.03,10.88,38.36,35.2,0.75,0.64,68.19,0,31.81,1475.81,7.06,617,52.95,53,18.43,18.5,52.67,11.01,9.08,31.1,3.48,323.53,507.09,373.4,133.69,-7.45,14.22,14.5,48
Fri Nov 04 06:44:35 GMT-03:00 2022,04-Nov-2022 06:44:35.082,-35.20564382251272,-5.79969921911901,15.247302055358887,4.0,27.81511930568975,20.84499740600586,-0.4,5.83,8.1,0.03,18.04,-0.04,-0.03,-0.02,-0.02,24.31,12.55,14.7,23.53,97,32.42,23.7,1010.68,14.5,663.5,1,277.52,194.76,238.2,1917,0,83,9.61,55.69,46.67,1470.5,23.53,0.54,3.98,66.27,29.41,-14.06,-2.34,1.56,-,0.4,4,27.82,20.84,-5.8,-35.21,22,1.08,12.89,32,13.58,12.46,8.03,10.88,38.36,35.2,0.16,0.62,68.25,0,31.75,1463.05,8.24,617,54.89,53,18.43,18.5,52.67,11.01,9.08,31.1,3.48,323.56,508.1,374.41,133.69,-7.45,14.22,14.4,48
Fri Nov 04 06:44:36 GMT-03:00 2022,04-Nov-2022 06:44:36.082,-35.20559483915798,-5.799565557211408,15.541481971740723,4.0,27.626829526649512,20.987478256225586,-1.08,5.76,7.82,0.01,17.65,0,-0.09,0.02,-0.01,23.92,12.55,14.7,23.53,97,32.5,23.77,1010.72,14.5,663.5,1,277.2,195.52,238.2,1917,0,83,6.59,55.69,45.1,1489.5,23.53,0.54,3.92,65.3,29.41,-14.06,-3.12,-1.56,-,0.4,4,27.63,20.99,-5.8,-35.21,23,0.11,8.84,32,13.53,12.46,8.03,10.72,38.21,35.2,0.09,0.62,68.32,0,31.68,1478.87,8.24,618,55.95,55,18.43,19.5,42.25,11.02,9.08,31.12,3.51,323.56,509.09,375.4,133.69,-7.54,14.22,14.5,48
Fri Nov 04 06:44:37 GMT-03:00 2022,04-Nov-2022 06:44:37.081,-35.205543320142034,-5.799430489762726,15.760068893432617,4.0,27.43917520166147,20.766666412353516,-0.22,4.8,7.95,-0.04,16.86,-0.11,-0.06,-0.03,-0.1,23.92,12.16,14.7,23.53,97,32.57,23.85,1010.75,14.5,663.6,1,276.8,173.29,238.2,1917,0,83,6.59,52.94,40,1467,23.53,0.54,3.6,60.06,29.41,-14.06,-3.12,-4.69,-,0.4,4,27.44,20.77,-5.8,-35.21,23,0.05,8.84,32,15.26,12.46,8.03,9.86,43.12,35.2,0.77,0.62,68.38,0,31.62,1481.77,7.06,619,56.74,56,17.65,19.5,42.25,11.03,9.07,31.14,3.51,323.59,510.09,376.4,133.69,-8.18,14.24,14.5,46
Fri Nov 04 06:44:38 GMT-03:00 2022,04-Nov-2022 06:44:38.081,-35.20549309522791,-5.799295003647064,15.954005241394043,4.0,27.309124509575852,20.796329498291016,-0.69,5.4,8.39,0.03,16.86,0.02,-0.05,-0.01,0.04,23.92,12.16,14.7,23.53,97,32.65,23.93,1010.73,14.5,663.6,1,276.32,154.32,238.21,1917,0,84,5.92,47.84,40,1435,23.53,0.54,3.27,54.45,29.41,-14.06,-0.78,0.78,-,0.4,4,27.31,20.8,-5.8,-35.21,22,0.26,7.94,32,17.14,12.46,8.03,8.94,48.42,35.2,0.1,0.63,68.44,0,31.56,1498.02,7.06,620,57.43,57,17.25,20,39.38,11.04,9.06,31.19,3.54,323.59,511.09,377.4,133.69,-8.68,14.24,14.5,45
Fri Nov 04 06:44:39 GMT-03:00 2022,04-Nov-2022 06:44:39.084,-35.205441758958216,-5.799157211781014,16.153024673461914,4.0,27.333035459440705,21.00697135925293,-0.52,5.56,8.34,0.03,16.86,-0.1,-0.03,0,-0.11,23.92,12.55,14.7,23.53,97,32.65,23.93,1010.74,14.5,663.2,1,276.32,154.32,238.21,1917,0,84,5.92,47.84,39.61,1435,23.53,0.54,3.27,54.45,29.41,-14.06,-0.78,0.78,-,0.4,4,27.33,21.01,-5.8,-35.21,21,0.26,7.94,32,17.14,12.46,8.03,8.94,48.42,35.2,0.1,0.63,68.5,0,31.5,1484.49,7.06,622,58.15,57,17.25,20,39.38,11.04,9.06,31.19,3.56,323.62,512.09,378.4,133.69,-8.68,14.24,14.5,45
Fri Nov 04 06:44:40 GMT-03:00 2022,04-Nov-2022 06:44:40.081,-35.205390824333044,-5.7990193024544245,16.276201248168945,4.0,27.167371419698902,21.019166946411133,-0.69,5.4,7.69,-0.03,16.47,-0.03,-0.05,-0.01,-0.03,23.92,12.16,14.7,23.53,96,32.73,24.01,1010.8,14.5,663.2,1,275.82,144.49,238.21,1917,0,84,3.47,47.84,38.43,1413.5,23.53,0.54,3.11,51.9,29.41,-14.84,1.56,2.34,-,0.4,4,27.17,21.02,-5.8,-35.21,21,0.15,4.65,32,18.31,12.46,8.03,8.52,51.71,35.2,0.26,0.63,68.56,0,31.44,1494.01,6.67,622,58.59,58,17.25,20,23.41,11.06,9.04,31.24,3.57,323.64,513.1,379.41,133.69,-8.83,14.22,14.4,43
Fri Nov 04 06:44:41 GMT-03:00 2022,04-Nov-2022 06:44:41.082,-35.205338914568024,-5.798880909727719,16.42317008972168,4.0,27.042263396729133,21.002843856811523,-0.44,5.93,8.08,0.03,16.47,0.03,-0.08,0,0.05,22.75,11.76,14.7,23.53,96,32.81,24.09,1010.8,14.5,662.2,1,275.3,140.16,238.21,1917,0,84,3.47,47.06,38.04,1422.5,23.53,0.55,3.07,51.23,29.41,-14.84,0,1.56,-,0.4,4,27.04,21,-5.8,-35.21,22,0.59,4.65,32,18.87,12.46,8.03,8.41,53.31,35.2,0.1,0.63,68.63,0,31.37,1487.21,6.67,624,59.12,58,16.86,20,23.41,11.08,9.03,31.29,3.59,323.67,514.11,380.42,133.69,-8.82,14.28,14.5,42
Fri Nov 04 06:44:42 GMT-03:00 2022,04-Nov-2022 06:44:42.083,-35.20528659348071,-5.798741755512746,16.567567825317383,4.0,26.90930390065055,20.934730529785156,-0.52,4.25,6.97,-0.15,14.51,-0.16,-0.03,-0.12,-0.1,14.9,7.45,14.7,23.53,96,32.9,24.17,1010.81,14.5,662.2,1,274.72,123,238.21,1917,0,84,3.47,41.96,24.31,1387.5,23.53,0.55,2.7,44.95,29.41,-14.84,0,-0.78,-,0.4,4,26.91,20.93,-5.8,-35.21,22,0.12,4.65,32,21.5,12.46,8.03,7.38,60.75,35.2,0.83,0.63,68.69,0,31.31,1496.88,4.31,624,59.64,59,16.08,0,23.41,11.1,9.01,31.36,3.61,323.67,515.09,381.4,133.69,-9.55,14.22,14.5,40
Fri Nov 04 06:44:43 GMT-03:00 2022,04-Nov-2022 06:44:43.082,-35.20523305838784,-5.7986032579227595,16.480295181274414,6.0,26.826091140087776,20.983137130737305,-1.3,4.58,7.67,-0.07,14.51,-0.08,0,-0.06,-0.03,14.9,7.45,14.7,23.53,96,32.98,24.25,1010.82,14.5,662.2,1,273.87,52.76,238.22,1917,0,84,-,18.82,24.31,1289,23.53,0.55,1.18,19.61,29.41,-14.84,-7.03,-0.78,-,0.4,6,26.83,20.98,-5.8,-35.21,20,1.64,-,32,50.14,12.46,8.03,3.22,141.62,35.2,0.83,0.63,68.75,0,31.25,1490.05,4.31,626,59.33,58,13.33,-11.5,-,11.11,9,31.38,3.61,323.69,516.09,382.4,133.69,-12.29,14.22,14.5,34
Fri Nov 04 06:44:44 GMT-03:00 2022,04-Nov-2022 06:44:44.082,-35.205180845564726,-5.79846519358008,16.276487350463867,6.0,26.576643494773275,20.91555404663086,-1.08,5.87,9.11,0.12,12.94,0.11,-0.09,0.03,0.11,14.9,7.45,25.37,23.53,96,33.05,24.33,1010.81,14.5,661,1.73,273.04,55,238.22,1917,0,84,-,20.78,15.69,1212.5,23.53,0.55,1.21,20.1,29.41,-17.19,0,0,-,0.41,6,26.58,20.92,-5.8,-35.21,20,2.33,-,32,48.09,12.46,8.03,3.3,135.85,35.2,0.22,0.63,68.81,0,31.19,1490.05,3.14,627,58.6,57,13.33,-11.5,-,11.11,9,31.39,3.64,323.69,517.1,383.41,133.69,-12.06,14.22,14.5,29
Fri Nov 04 06:44:45 GMT-03:00 2022,04-Nov-2022 06:44:45.082,-35.20512864315808,-5.798329032914833,15.989218711853027,6.0,26.57005653746409,20.859859466552734,-0.51,6.35,9.43,0.17,12.94,-0.07,-0.02,-0.1,-0.01,14.9,7.45,29.4,23.53,96,33.13,24.4,1010.86,14.5,661,2,272.22,54.95,238.22,1917,0,84,-,18.82,15.69,1310,23.53,0.55,1.18,19.74,29.41,-17.19,0,0,-,0.41,6,26.57,20.86,-5.8,-35.21,20,2.6,-,32,48.14,12.46,8.03,3.24,135.98,35.2,0,0.05,68.87,0,31.13,1476.63,3.14,628,57.56,56,13.33,-11.5,-,11.12,8.99,31.41,3.64,323.72,518.09,384.4,133.69,-11.95,14.2,14.4,26
Fri Nov 04 06:44:46 GMT-03:00 2022,04-Nov-2022 06:44:46.081,-35.20507789120289,-5.7981970610390325,15.672130584716797,6.0,26.230776578266322,20.99335289001465,-1.12,4.74,8.3,-0.01,12.94,-0.01,-0.1,-0.07,0.03,14.9,7.45,29.4,23.53,96,33.2,24.47,1010.89,14.5,661,2,271.41,58.34,238.22,1917,0,84,-,18.82,15.69,1351,23.53,0.55,1.24,20.59,29.41,-17.19,0,0,-,0.41,6,26.23,20.99,-5.8,-35.21,22,1.56,-,32,45.33,12.46,8.03,3.38,128.06,35.2,0,0,68.93,0,31.07,1476.63,3.14,629,56.42,56,13.33,-11.5,-,11.13,8.99,31.43,3.67,323.72,519.09,385.4,133.69,-12.04,14.2,14.5,24
Fri Nov 04 06:44:47 GMT-03:00 2022,04-Nov-2022 06:44:47.081,-35.20502782755612,-5.798066299638956,15.335297584533691,4.0,26.182897110711725,21.036439895629883,-0.72,5.72,8.2,0.03,13.33,0.08,-0.13,-0.01,0.11,14.9,7.45,29.4,23.53,96,33.2,24.47,1010.94,14.5,658.4,2,271.41,58.34,238.22,1917,0,84,-,18.82,15.69,1351,23.53,0.55,1.24,20.59,29.41,-17.19,0,0,-,0.41,4,26.18,21.04,-5.8,-35.21,22,1.56,-,32,45.33,12.46,8.03,3.38,128.06,35.2,0,0,68.99,0,31.01,1463.85,3.14,629,55.21,56,13.33,-10.5,-,11.13,8.99,31.43,3.67,323.75,520.1,386.41,133.69,-12.04,14.26,14.4,24
Fri Nov 04 06:44:48 GMT-03:00 2022,04-Nov-2022 06:44:48.081,-35.204979564890344,-5.797940046045369,14.93461799621582,4.0,26.157968633754766,21.139406204223633,-1.53,5.48,8.54,0.06,13.33,0.04,-0.14,0,0.05,14.9,7.45,29.4,23.53,96,33.26,24.54,1010.98,14.5,658.4,2,270.63,61.28,241.4,1917,0,84,-,19.22,15.69,1377,23.53,0.55,1.3,21.62,29.8,-17.19,0,0,-,0.41,4,26.16,21.14,-5.8,-35.2,21,2.21,-,32,43.16,12.46,8.03,3.55,121.93,35.2,0,0,69.05,0,30.95,1463.85,3.14,630,53.76,53,13.73,-10,-,11.13,8.98,31.44,3.7,323.75,521.09,387.4,133.69,-11.99,14.22,14.5,22
Fri Nov 04 06:44:49 GMT-03:00 2022,04-Nov-2022 06:44:49.081,-35.20493345911582,-5.7978179390851645,14.569947242736816,4.0,26.155737913566913,21.210010528564453,0.14,5.33,8.65,0.05,13.33,-0.12,-0.1,-0.14,-0.05,14.9,7.45,29.4,23.53,96,33.32,24.6,1010.97,14.5,655.8,2,269.85,62.74,241.4,1917,0,84,-,18.82,16.08,1366,23.53,0.55,1.26,20.95,29.8,-17.19,0,0,-,0.41,4,26.16,21.21,-5.8,-35.2,20,2.76,-,32,42.16,12.46,8.03,3.44,119.09,35.2,0,0,69.11,0,30.89,1451.81,3.14,632,52.45,51,13.33,-10,-,11.14,8.98,31.46,3.7,323.78,522.1,388.41,133.69,-12.12,14.26,14.4,21
Fri Nov 04 06:44:50 GMT-03:00 2022,04-Nov-2022 06:44:50.081,-35.20489012474422,-5.7977018862426455,14.032164573669434,4.0,26.05935425374788,21.20349884033203,-0.58,5.53,8.57,0.05,13.33,0.04,-0.04,0,0.06,14.9,7.45,29.4,23.53,96,33.37,24.66,1010.99,14.5,655.8,2,269.09,64.63,241.4,1917,0,84,-,20.39,16.08,1364,23.53,0.55,1.25,20.77,29.8,-17.19,0,0,-,0.41,4,26.06,21.2,-5.8,-35.2,21,2.45,-,32,40.92,12.46,8.03,3.41,115.6,35.2,0,0,69.16,0,30.84,1451.81,3.14,633,50.52,50,13.33,-10,-,11.14,8.97,31.48,3.73,323.78,523.09,389.4,133.69,-12.12,14.18,14.5,20
Fri Nov 04 06:44:51 GMT-03:00 2022,04-Nov-2022 06:44:51.083,-35.20484266304361,-5.797581625399134,14.144146919250488,4.0,26.411781007984736,21.280967712402344,-0.42,5.7,7.06,-0.06,15.69,0.06,-0.07,0.06,0.04,22.75,11.76,24.31,23.53,96,33.37,24.66,1010.99,14.5,655.8,1.65,268.83,200.29,241.4,1917,0,84,-,20.39,36.08,1361.5,23.53,0.55,3.79,63.1,29.8,-17.19,0,0,-,0.41,4,26.41,21.28,-5.8,-35.2,19,2.45,-,32,13.21,12.46,8.03,10.36,37.3,35.2,0,0,69.22,0,30.78,1440.85,5.88,634,50.92,50,13.33,-10,-,11.15,8.97,31.49,3.73,323.81,524.09,390.4,133.69,-7.25,14.18,14.5,27
Fri Nov 04 06:44:52 GMT-03:00 2022,04-Nov-2022 06:44:52.081,-35.2047972054056,-5.797459766466362,14.549266815185547,4.0,26.461112142841408,21.73485565185547,-0.53,5.94,7.76,0.01,19.61,0,-0.04,0.04,-0.02,25.49,12.94,13.66,23.53,96,33.42,24.72,1011.02,14.5,647.6,0.93,268.74,244.23,241.4,1917,0,84,-,58.04,54.51,1361.5,23.53,0.55,4.52,75.41,29.8,-14.06,0,0,-,0.41,4,26.46,21.73,-5.8,-35.2,20,1.92,-,32,10.83,12.46,8.03,12.38,30.59,35.2,0.87,0.11,69.28,0,30.72,1440.85,9.8,635,52.38,49,20,16.5,-,11.15,8.97,31.49,3.76,323.81,525.09,391.4,133.69,-5.81,14.26,14.5,35
Fri Nov 04 06:44:53 GMT-03:00 2022,04-Nov-2022 06:44:53.082,-35.20474774850389,-5.7973379592221885,14.528346061706543,4.0,25.98259259050672,22.588319778442383,-0.05,5.46,7.39,-0.05,19.22,-0.03,0,0,-0.04,24.71,11.76,14.7,23.53,96,33.47,24.78,1011.04,14.5,647.6,1,268.49,198.45,241.4,1917,0,84,10.53,63.92,49.41,1513.5,23.53,0.56,3.83,63.77,29.8,-14.06,0,0,-,0.41,4,25.98,22.59,-5.8,-35.2,21,1.38,14.13,32,13.33,12.46,8.03,10.47,37.65,35.2,0.74,0.88,69.34,0,30.66,1443.42,9.02,636,52.3,51,19.61,18.5,65.83,11.15,8.97,31.5,3.76,323.84,526.09,392.4,133.69,-7.96,14.26,14.4,37
Fri Nov 04 06:44:54 GMT-03:00 2022,04-Nov-2022 06:44:54.082,-35.20469651355602,-5.797213534572168,14.759307861328125,4.0,25.49875361506191,23.261383056640625,-1.06,5.37,8.15,0.01,16.08,0,-0.09,-0.01,0.01,22.35,11.76,14.7,23.53,96,33.53,24.84,1011.1,14.5,647.6,1,268.49,198.45,241.4,1917,0,84,10.53,53.73,35.29,1513.5,23.53,0.56,3.83,63.77,29.8,-14.06,0.78,-1.56,-,0.41,4,25.5,23.26,-5.8,-35.2,20,0.3,14.13,32,13.33,12.46,8.03,10.47,37.65,35.2,0.78,0.81,69.4,0,30.6,1457.26,6.27,636,53.13,52,17.65,20,65.83,11.15,8.97,31.5,3.79,323.84,527.09,393.4,133.69,-7.96,14.14,14.4,37
Fri Nov 04 06:44:55 GMT-03:00 2022,04-Nov-2022 06:44:55.083,-35.20464151646777,-5.79708528904672,15.250082015991211,4.0,24.712013682428413,23.288068771362305,-1.26,5.45,7.93,0,16.08,-0.11,-0.05,-0.05,-0.08,22.35,11.76,14.7,23.53,96,33.59,24.91,1011.14,14.5,647.6,1,268.09,160.98,241.4,1917,0,84,10.53,46.67,35.29,1362,23.53,0.56,3.16,52.75,29.8,-14.06,-3.91,-4.69,-,0.41,4,24.71,23.29,-5.8,-35.2,22,0.87,14.13,32,16.43,12.46,8.03,8.66,46.41,35.2,0.54,0.79,69.46,0,30.54,1460.2,6.27,637,54.9,54,16.86,19.5,65.83,11.16,8.96,31.54,3.79,323.87,528.1,394.41,133.69,-9.04,14.24,14.4,37
Fri Nov 04 06:44:56 GMT-03:00 2022,04-Nov-2022 06:44:56.082,-35.20458624066196,-5.796951293984937,15.869680404663086,4.0,23.45966286937839,22.11954116821289,-1.84,5.48,7.04,-0.06,16.86,-0.07,-0.17,0,-0.09,23.53,12.16,14.7,23.53,96,33.67,24.98,1011.22,14.5,634.7,1,267.66,149.65,241.4,1917,0,84,24.47,45.49,38.04,1426,23.53,0.56,3.06,50.92,29.8,-14.84,0,0.78,-,0.41,4,23.46,22.12,-5.8,-35.2,24,3.1,32.82,32,17.67,12.46,8.02,8.36,49.93,35.2,0.13,0.8,69.51,0,30.49,1475.52,6.67,639,57.13,58,16.86,21,163.89,11.18,8.94,31.58,3.82,323.87,529.09,395.4,133.69,-8.64,14.26,14.4,38
Fri Nov 04 06:44:57 GMT-03:00 2022,04-Nov-2022 06:44:57.083,-35.204531149337996,-5.796810926491021,16.75472640991211,4.0,21.671072653785995,20.355051040649414,-1.46,6.37,8.92,0.12,16.08,0.13,-0.2,0.04,0.12,22.75,11.76,14.7,23.53,96,33.75,25.06,1011.36,14.5,634.7,1,267.12,119.33,241.4,1917,0,84,24.47,41.57,35.29,1376,23.53,0.56,2.62,43.61,29.8,-14.84,-1.56,-2.34,-,0.41,4,21.67,20.36,-5.8,-35.2,22,3.87,32.82,32,22.16,12.46,8.02,7.16,62.61,35.2,0.67,0.8,69.57,0,30.43,1479.34,6.27,640,60.32,61,16.08,21,163.89,11.21,8.92,31.65,3.83,323.9,530.09,396.39,133.69,-9.71,14.22,14.4,36
Fri Nov 04 06:44:58 GMT-03:00 2022,04-Nov-2022 06:44:58.082,-35.204474786183965,-5.796659186687915,17.951648712158203,6.0,21.63902510671602,19.983318328857422,-1.06,5.89,9.62,0.17,15.69,0.15,-0.09,0.03,0.16,14.9,7.45,14.7,23.53,96,33.84,25.15,1011.56,14.5,634.7,1,266.42,75.11,244.59,1917,0,84,21.37,28.24,31.76,1301.5,23.53,0.56,1.73,28.87,30.2,-14.84,-5.47,-2.34,-,0.41,6,21.64,19.98,-5.8,-35.2,20,3.68,28.66,32,35.21,12.46,8.02,4.74,99.47,35.2,0.67,0.8,69.63,0,30.37,1489.6,5.88,641,64.63,64,16.08,21,156.8,11.26,8.88,31.81,3.83,323.92,531.09,397.4,133.69,-11.21,14.22,14.4,33
Fri Nov 04 06:44:59 GMT-03:00 2022,04-Nov-2022 06:44:59.081,-35.20441818313606,-5.796506226158247,18.00289535522461,6.0,19.940531989096655,19.7852783203125,-0.67,4.6,9.08,0.05,13.33,-0.03,-0.05,-0.11,0.03,14.9,7.45,14.7,23.53,96,33.84,25.15,1011.79,14.65,630.7,1,266.42,75.11,244.59,1917,0,84,21.37,28.24,31.76,1301.5,23.53,0.56,1.73,28.87,30.2,-17.19,-5.47,-7.81,-,0.41,6,19.94,19.79,-5.8,-35.2,22,3.68,28.66,32,35.21,12.46,8.02,4.74,99.47,35.2,0.34,0.77,69.69,0,30.31,1489.6,3.14,641,64.81,64,13.33,-3,156.8,11.26,8.88,31.81,3.87,323.95,532.1,398.41,133.69,-11.21,14.22,14.4,33
Fri Nov 04 06:45:00 GMT-03:00 2022,04-Nov-2022 06:45:00.081,-35.204363957800226,-5.796356411362154,17.768537521362305,6.0,18.66773438156179,19.819150924682617,-1.58,6.25,9.32,0.17,13.73,0.15,-0.14,0.07,0.13,14.9,7.45,29.4,23.53,96,33.93,25.24,1011.96,14.65,630.7,2,265.69,64.04,247.77,1917,0,84,21.37,17.25,14.9,1761,23.53,0.56,1.55,25.83,30.59,-16.41,0,0,-,0.42,6,18.67,19.82,-5.8,-35.2,21,1.81,28.66,32,41.3,12.46,8.02,4.24,116.67,35.2,0,0.03,69.74,0,30.26,1475.76,3.92,642,63.97,63,14.12,-1.5,156.8,11.27,8.88,31.83,3.87,323.95,533.09,399.4,133.69,-11.54,14.18,14.4,30
Fri Nov 04 06:45:01 GMT-03:00 2022,04-Nov-2022 06:45:01.079,-35.20431165636525,-5.7962086307478105,17.6362247467041,6.0,17.91002355181115,19.632631301879883,-0.95,5.02,7.56,-0.06,14.9,0.01,-0.13,0.02,0,22.35,7.45,29.4,23.53,96,34.02,25.32,1012.08,14.65,629,2,264.98,66.9,247.77,1917,0,84,21.37,16.08,12.94,2073,23.53,0.56,1.59,26.56,30.59,-16.41,0,0,-,0.42,6,17.91,19.63,-5.8,-35.2,23,0.97,28.66,32,39.54,12.46,8.02,4.36,111.69,35.2,0,0,69.8,0,30.2,1475.76,5.1,644,63.49,63,14.12,-1,156.8,11.27,8.87,31.84,3.91,323.95,534.09,400.4,133.69,-12.28,14.22,14.4,26
Fri Nov 04 06:45:02 GMT-03:00 2022,04-Nov-2022 06:45:02.080,-35.20425943278234,-5.796059435974804,17.771713256835938,4.0,17.30100284443554,19.913122177124023,-0.98,6,8.06,0.04,14.9,0.02,-0.08,0.05,0,22.35,11.37,29.4,23.53,96,34.11,25.41,1012.14,14.65,629,2,264.45,116.77,247.77,1917,0,84,-,40.39,24.71,1564,23.53,0.56,2.78,46.35,30.59,-14.06,0,0,-,0.42,4,17.3,19.91,-5.8,-35.2,22,0.49,-,32,22.65,12.46,8.02,7.61,63.99,35.2,0.88,0.08,69.86,0,30.14,1462.55,5.1,645,63.98,63,17.25,21,-,11.3,8.85,31.92,3.92,323.99,535.09,401.4,133.69,-11.14,14.2,14.4,26
Fri Nov 04 06:45:03 GMT-03:00 2022,04-Nov-2022 06:45:03.081,-35.20420390098526,-5.795905303346764,18.096094131469727,4.0,17.251146571117914,20.53020668029785,-0.66,5.8,7.39,-0.03,19.61,0,-0.12,0.01,0,26.27,13.73,13.64,23.53,96,34.11,25.41,1012.22,14.65,629,0.93,264.22,201.16,250.96,1917,0,84,-,40.39,53.33,1564,23.53,0.57,4.79,79.85,30.98,-14.06,0,0,-,0.42,4,17.25,20.53,-5.8,-35.2,19,0.49,-,32,13.15,12.46,8.02,13.11,37.14,35.2,0.88,0.08,69.91,0,30.09,1456.03,9.41,646,65.15,63,17.25,21,-,11.3,8.85,31.93,3.94,324,536.09,402.4,133.69,-6.64,14.2,14.4,33
Fri Nov 04 06:45:04 GMT-03:00 2022,04-Nov-2022 06:45:04.081,-35.204146359492384,-5.795750470146294,18.18735122680664,4.0,17.721275837974574,20.444143295288086,-0.33,5.16,7.11,-0.09,20,-0.1,-0.01,-0.03,-0.08,26.27,13.73,14.62,23.53,96,34.2,25.5,1012.16,14.65,621.2,0.99,264.22,201.16,250.96,1917,0,84,4.05,64.71,53.73,1563,23.53,0.57,4.79,79.85,30.98,-14.06,0,0,-,0.42,4,17.72,20.44,-5.8,-35.2,18,1.15,5.43,32,13.15,12.46,8.02,13.11,37.14,35.2,0.82,0.87,69.97,0,30.03,1465.58,10.2,647,65.47,64,20.39,20,24.73,11.3,8.85,31.93,3.96,324.02,537.09,403.4,133.69,-6.64,14.16,14.4,33
Fri Nov 04 06:45:05 GMT-03:00 2022,04-Nov-2022 06:45:05.080,-35.20408910007726,-5.7955978629812925,17.991737365722656,4.0,18.761926269069267,20.599014282226562,-1.08,5.51,7.76,-0.01,20.78,-0.01,-0.05,-0.01,0,29.02,14.9,14.7,23.53,96,34.38,25.67,1012.09,14.65,621.2,1,263.89,227.31,250.96,1917,0,84,4.05,65.88,58.82,1622.5,23.53,0.57,5.5,91.67,30.98,-14.06,-1.56,0,-,0.42,4,18.76,20.6,-5.8,-35.2,21,1.77,5.43,32,11.64,12.46,8.02,15.05,32.87,35.2,0.1,0.82,70.02,0,29.98,1452.2,10.98,648,64.77,63,21.18,18,24.73,11.31,8.84,31.94,3.98,324.06,538.1,404.41,133.69,-5.55,14.2,14.5,44
Fri Nov 04 06:45:06 GMT-03:00 2022,04-Nov-2022 06:45:06.080,-35.20403319320957,-5.795450368976319,17.615060806274414,4.0,19.564035189999956,20.66353416442871,-0.46,5.56,8.22,0.02,20.78,0.01,-0.03,0,0.02,28.24,14.51,14.7,23.53,96,34.38,25.67,1012,14.65,621.2,1,263.89,227.31,250.96,1917,0,84,4.05,70.98,56.47,1622.5,23.53,0.57,5.5,91.67,30.98,-14.06,-2.34,-3.91,-,0.42,4,19.56,20.66,-5.8,-35.2,19,1.77,5.43,32,11.64,12.46,8.02,15.05,32.87,35.2,0.62,0.79,70.08,0,29.92,1452.2,10.98,648,63.41,63,21.57,18,24.73,11.31,8.84,31.94,3.99,324.06,539.09,405.4,133.69,-5.55,14.22,14.4,44
Fri Nov 04 06:45:07 GMT-03:00 2022,04-Nov-2022 06:45:07.079,-35.20397867855862,-5.795304806525983,17.371082305908203,4.0,20.35766876111532,20.132038116455078,-0.93,5.71,7.8,0,20.78,-0.03,-0.09,0.03,-0.05,28.24,14.51,14.7,23.53,96,34.46,25.75,1011.88,14.65,621.2,1,263.74,221.56,250.96,1917,0,84,-,68.63,56.47,1614.5,23.53,0.57,5.28,87.96,30.98,-14.06,0,1.56,-,0.42,4,20.36,20.13,-5.8,-35.2,19,1.41,-,31,11.94,12.46,8.02,14.44,33.72,35.2,0.13,0.79,70.13,0,29.87,1445.85,10.98,649,62.54,62,21.18,18.5,-,11.31,8.84,31.94,4.01,324.08,540.09,406.4,133.69,-6.14,14.14,14.4,48
Fri Nov 04 06:45:08 GMT-03:00 2022,04-Nov-2022 06:45:08.087,-35.20392412863368,-5.795159594051289,17.170230865478516,4.0,21.10609170895492,19.874980926513672,-1.21,5.33,7.7,-0.03,19.61,0.08,-0.1,0.07,0.06,27.45,14.12,14.7,23.53,96,34.54,25.83,1011.8,14.65,619.1,1,263.48,190.84,250.96,1917,0,84,-,60.39,52.94,1578,23.53,0.57,4.47,74.55,30.98,-14.06,0,3.12,-,0.43,4,21.11,19.87,-5.8,-35.2,18,1.54,-,31,13.86,12.46,8.02,12.24,39.15,35.2,0.09,0.76,70.19,0,29.81,1439.66,9.41,651,61.81,61,18.04,1.5,-,11.31,8.84,31.96,4.03,324.09,541.09,407.4,133.69,-7.43,14.22,14.5,48
Fri Nov 04 06:45:09 GMT-03:00 2022,04-Nov-2022 06:45:09.081,-35.203870115058415,-5.795016801735415,16.82366371154785,4.0,21.92049708816554,19.952068328857422,-0.76,5.38,8.16,0.01,16.47,0.01,-0.07,0.02,0,14.9,7.45,14.7,23.53,96,34.61,25.9,1011.76,14.65,619.1,1,262.85,83.51,250.96,1917,0,84,-,30.59,34.12,1418,23.53,0.58,1.93,32.1,30.98,-16.41,-0.78,-1.56,-,0.43,4,21.92,19.95,-5.8,-35.2,17,1.81,-,31,31.67,12.46,8.02,5.27,89.47,35.21,0.82,0.75,70.24,0,29.76,1433.53,6.67,652,60.57,60,14.51,-2.5,-,11.36,8.8,32.09,4.05,324.11,542.08,408.39,133.69,-11.47,14.16,14.5,41
Fri Nov 04 06:45:10 GMT-03:00 2022,04-Nov-2022 06:45:10.081,-35.203819048385135,-5.79487930253359,16.183561325073242,4.0,22.577977809838995,20.088253021240234,-0.77,4.61,7.99,-0.04,12.94,-0.05,-0.06,-0.09,0,14.9,7.45,14.7,23.53,96,34.68,25.97,1011.66,14.65,619.1,1,262.27,96.99,250.97,1917,0,84,-,46.67,16.08,1313.5,23.53,0.58,2.2,36.67,30.98,-16.41,-5.47,-1.56,-,0.43,4,22.58,20.09,-5.79,-35.2,16,3.57,-,31,27.27,12.46,8.02,6.02,77.04,35.21,0.82,0.75,70.3,0,29.7,1427.54,3.14,653,58.26,57,14.51,-2.5,-,11.4,8.78,32.19,4.06,324.13,543.09,409.4,133.69,-10.6,14.16,14.5,38
Fri Nov 04 06:45:11 GMT-03:00 2022,04-Nov-2022 06:45:11.080,-35.20376854255648,-5.794743282036011,15.930578231811523,4.0,23.27564134025689,19.892969131469727,-1.06,5.82,7.2,-0.04,18.43,0.01,-0.04,0.04,0,25.49,7.45,14.7,23.53,96,34.68,25.97,1011.56,14.65,621.7,1,262.27,96.99,250.97,1917,0,84,-,46.67,16.08,1313.5,23.53,0.58,2.2,36.67,30.98,-14.06,-5.47,-3.91,-,0.43,4,23.28,19.89,-5.79,-35.2,17,3.57,-,32,27.27,12.46,8.02,6.02,77.04,35.21,0.08,0.74,70.35,0,29.65,1421.84,8.63,653,57.35,57,19.22,17,-,11.4,8.78,32.19,4.08,324.14,544.1,410.41,133.69,-10.6,14.26,14.4,38
Fri Nov 04 06:45:12 GMT-03:00 2022,04-Nov-2022 06:45:12.081,-35.20372018154829,-5.794609224143393,15.72291088104248,4.0,23.752889800340345,19.84658432006836,-0.21,5.44,8.08,0,14.9,0,0,0,0,25.49,12.55,14.7,22.75,96,34.74,26.04,1011.54,14.65,621.7,1,261.96,173.32,250.97,1917,0,84,-,54.51,49.8,1468,22.75,0.58,3.74,62.25,30.98,-14.84,-1.56,-2.34,-,0.43,4,23.75,19.85,-5.79,-35.2,18,1.35,-,31,15.26,12.46,8.02,10.22,43.11,35.21,0.8,0.73,70.41,0,29.59,1416.25,5.1,655,56.6,56,16.47,-3,-,11.4,8.77,32.21,4.08,324.16,545.1,411.41,133.69,-7.21,14.2,14.5,41
Fri Nov 04 06:45:13 GMT-03:00 2022,04-Nov-2022 06:45:13.081,-35.20366973250889,-5.794472404310952,15.45199203491211,6.0,23.52008087524945,20.200937271118164,-0.47,4.92,8.08,-0.02,14.9,-0.05,-0.02,-0.09,0,14.9,7.45,14.7,22.75,96,34.8,26.1,1011.55,14.65,623,1,261.29,68.01,250.98,1917,0,84,-,24.31,27.84,1314,22.75,0.58,1.44,24,30.98,-17.19,-6.25,-7.03,-,0.43,6,23.52,20.2,-5.79,-35.2,19,1.6,-,31,38.89,12.46,8.02,3.94,109.86,35.21,0.77,0.73,70.46,0,29.54,1416.25,3.14,656,55.63,55,13.33,-1,-,11.41,8.76,32.23,4.11,324.16,546.09,412.4,133.69,-12.09,14.2,14.4,35
Fri Nov 04 06:45:14 GMT-03:00 2022,04-Nov-2022 06:45:14.083,-35.203622362349016,-5.794348455553258,14.667210578918457,6.0,23.34896082623935,20.2943058013916,-0.78,4.63,8.73,-0.02,12.94,-0.03,-0.11,-0.11,0.03,14.9,7.45,14.7,22.75,96,34.85,26.16,1011.5,14.65,623,1,260.58,56.94,250.98,1917,0,84,-,18.82,15.69,1303.5,22.75,0.58,1.18,19.74,30.98,-17.19,0,-7.03,-,0.43,6,23.35,20.29,-5.79,-35.2,18,3.63,-,32,46.45,12.46,8.02,3.24,131.21,35.21,0.77,0.73,70.52,0,29.48,1405.25,3.14,657,52.8,52,13.33,-4.5,-,11.41,8.76,32.24,4.11,324.19,547.09,413.4,133.69,-12.3,14.2,14.4,30
Fri Nov 04 06:45:15 GMT-03:00 2022,04-Nov-2022 06:45:15.082,-35.2035824309292,-5.794237453576804,13.305931091308594,6.0,23.368573831475587,20.34657096862793,-0.68,4.43,9.23,0.06,13.73,0.07,-0.03,-0.05,0.12,14.9,7.45,29.4,22.75,96,34.85,26.16,1011.56,14.65,622.8,2,260.58,56.94,250.98,1917,0,84,-,18.82,15.69,1303.5,22.75,0.58,1.18,19.74,30.98,-16.41,0,0,-,0.43,6,23.37,20.35,-5.79,-35.2,17,3.63,-,32,46.45,12.46,8.02,3.24,131.21,35.21,0,0.01,70.57,0,29.43,1405.25,3.53,657,47.9,52,14.12,-4.5,-,11.41,8.76,32.24,4.14,324.22,548.09,414.39,133.69,-12.3,14.22,14.5,30
Fri Nov 04 06:45:16 GMT-03:00 2022,04-Nov-2022 06:45:16.082,-35.203544883522184,-5.79413104227276,12.291766166687012,6.0,23.10835527157185,20.144607543945312,-0.85,3.66,9.17,0.02,13.73,0.01,-0.07,-0.18,0.12,14.9,7.45,29.4,22.75,96,34.85,26.16,1011.54,14.65,622.8,2,260.58,56.94,250.98,1917,0,85,-,18.82,15.29,1303.5,22.75,0.58,1.18,19.74,30.98,-16.41,0,0,-,0.43,6,23.11,20.14,-5.79,-35.2,18,3.63,-,32,46.45,12.46,8.02,3.24,131.21,35.21,0,0.01,70.62,0,29.38,1395.84,3.53,659,44.25,52,14.12,-4.5,-,11.41,8.76,32.24,4.14,324.22,549.09,415.4,133.69,-12.3,14.22,14.5,30
Fri Nov 04 06:45:17 GMT-03:00 2022,04-Nov-2022 06:45:17.084,-35.20351554848859,-5.794035937164102,11.392175674438477,8.0,23.325982865398572,19.822368621826172,-0.49,3.96,9.82,0.09,12.94,0.07,-0.06,-0.16,0.18,14.9,7.45,29.4,22.75,96,34.86,26.18,1011.53,14.65,622.1,2,259.92,68.6,250.98,1917,0,85,-,19.22,15.69,1447,22.75,0.58,1.35,22.48,30.98,-17.19,0,0,-,0.43,8,23.33,19.82,-5.79,-35.2,17,8.25,-,32,38.56,12.46,8.02,3.69,108.92,35.21,0,0,70.68,0,29.32,1395.84,3.14,659,41.01,36,13.73,-9,-,11.42,8.76,32.26,4.14,324.22,550.1,416.41,133.69,-11.94,14.18,14.4,27
Fri Nov 04 06:45:18 GMT-03:00 2022,04-Nov-2022 06:45:18.082,-35.20349289610443,-5.793952961578418,11.370262145996094,8.0,23.48847696344733,22.383411407470703,0.77,3.26,9.47,0.04,12.94,0.02,0.09,-0.22,0.15,14.9,7.45,29.4,22.75,96,34.83,26.18,1011.58,14.65,622.1,2,259.33,87,250.98,1917,0,85,-,18.82,15.69,1323,22.75,0.58,1.18,19.74,30.98,-17.19,0,0,-,0.43,8,23.49,22.38,-5.79,-35.2,20,14.01,-,32,30.4,12.46,8.02,3.24,85.88,35.21,0,0,70.73,0,29.27,1395.84,3.14,660,40.93,27,13.33,-10.5,-,11.46,8.72,32.38,4.17,324.25,551.11,417.42,133.69,-12.51,14.16,14.4,24
Fri Nov 04 06:45:19 GMT-03:00 2022,04-Nov-2022 06:45:19.083,-35.203461107489126,-5.79388881484805,11.776121139526367,8.0,23.47359171563273,41.61783218383789,1.79,5.34,8.72,0.07,12.94,-0.02,0.25,-0.06,-0.01,14.9,7.45,29.4,22.75,96,34.78,26.16,1011.52,14.65,622.1,2,258.8,106.33,257.34,1917,0,84,-,24.71,16.47,921,22.75,0.58,1.09,18.09,31.76,-17.19,0,0,-,0.43,8,23.47,41.62,-5.79,-35.2,15,25.93,-,32,24.87,12.46,8.02,2.97,70.27,35.21,0,0,70.78,0,29.22,1384.8,3.14,662,42.39,15,13.33,-10.5,-,11.49,8.7,32.46,4.17,324.25,552.1,418.41,133.69,-12.5,14.16,14.4,21
Fri Nov 04 06:45:20 GMT-03:00 2022,04-Nov-2022 06:45:20.081,-35.203427845135245,-5.793818013401893,11.769330024719238,8.0,23.13102036048639,69.52590942382812,2.37,6.48,7.49,0.05,18.82,0.03,0.25,0.1,-0.05,26.27,13.73,13.49,22.75,96,34.72,26.13,1011.51,14.65,620.1,0.92,261.23,969.87,257.35,1917,0,84,-,54.9,47.84,2168,22.75,0.58,5.5,91.67,31.76,-14.84,0,0,-,0.43,8,23.13,69.53,-5.79,-35.2,18,28.39,-,32,2.73,12.46,8.02,15.05,7.7,35.21,0.87,0.06,70.84,0,29.16,1384.8,9.02,663,42.37,14,16.47,10.5,-,11.47,8.72,32.41,4.17,324.25,553.09,419.4,133.69,0.97,14.22,14.5,42
Fri Nov 04 06:45:21 GMT-03:00 2022,04-Nov-2022 06:45:21.082,-35.20337363684642,-5.793755754281374,11.39518928527832,12.0,22.92865641718138,95.55152130126953,0.1,6.6,6.83,-0.02,20,-0.12,0.04,-0.01,-0.13,26.67,13.73,13.7,22.75,96,34.66,26.11,1011.49,14.65,620.1,0.93,263.82,1023.96,257.34,1917,0,84,-,57.25,47.06,1981,22.75,0.59,5.42,90.33,31.76,-14.06,0,0,-,0.43,12,22.93,95.55,-5.79,-35.2,15,26.37,-,32,2.58,12.46,8.02,14.83,7.3,35.21,0.86,0.13,70.89,0,29.11,1388.63,10.2,664,41.02,16,20.78,21,-,11.45,8.73,32.35,4.17,324.25,554.09,420.4,133.69,-8.11,14.16,14.5,43
Fri Nov 04 06:45:22 GMT-03:00 2022,04-Nov-2022 06:45:22.082,-35.20331393312588,-5.793742503753612,10.50182819366455,12.0,22.82587470317038,108.31129455566406,0.29,6.65,6.41,-0.05,21.18,-0.05,0.04,0.11,-0.15,28.24,14.9,14.7,22.75,96,34.66,26.11,1011.49,14.65,620.1,1,263.82,1023.96,257.34,1917,0,84,-,57.25,52.16,1981,22.75,0.59,5.42,90.33,30.2,-14.06,0,0,-,0.43,12,22.83,108.31,-5.79,-35.2,15,26.37,-,32,2.58,12.46,8.02,14.83,7.3,35.21,0.7,0.85,70.94,0,29.06,1388.63,10.98,665,37.81,16,21.18,21,-,11.45,8.73,32.35,4.17,324.25,555.1,421.41,133.69,-8.11,14.2,14.5,43
Fri Nov 04 06:45:23 GMT-03:00 2022,04-Nov-2022 06:45:23.081,-35.203265516584295,-5.793784102378898,7.575789451599121,12.0,22.760980872691935,112.6914291381836,-0.65,5.56,6.64,-0.1,21.18,0.05,0.01,0.19,-0.07,28.24,14.9,14.7,22.75,96,34.62,26.1,1011.44,14.65,620.1,1,266.67,1103.79,244.63,1917,0,84,-,68.63,52.16,2142.5,22.75,0.59,6.68,111.28,30.2,-14.06,1.56,-0.78,-,0.44,12,22.76,112.69,-5.79,-35.2,14,15.81,-,31,2.4,12.46,8.02,18.27,6.77,35.21,0.8,0.78,70.99,0,29.01,1390.89,10.98,665,27.27,22,23.92,20,-,11.43,8.75,32.29,4.18,324.26,556.09,422.4,133.69,-5.83,14.2,14.4,47
Fri Nov 04 06:45:24 GMT-03:00 2022,04-Nov-2022 06:45:24.081,-35.20320208556307,-5.793834993905044,7.717444896697998,12.0,21.582578385800325,112.20034790039062,-0.87,6.31,7.49,0.01,23.53,0,-0.07,0.08,-0.05,30.2,15.69,14.7,22.75,96,34.6,26.1,1011.4,14.65,613.3,1,268.68,860.32,238.27,1917,0,84,12.76,74.51,60.78,1965,22.75,0.59,7.16,119.26,29.41,-14.06,0.78,-1.56,-,0.44,12,21.58,112.2,-5.79,-35.2,17,0.27,17.11,31,3.07,12.46,8.02,19.58,8.68,35.21,0.67,0.76,71.05,0,28.95,1394.76,13.73,667,27.78,27,24.31,18.5,62,11.41,8.76,32.24,4.19,324.27,557.1,423.41,133.69,-5.94,14.22,14.4,50
Fri Nov 04 06:45:25 GMT-03:00 2022,04-Nov-2022 06:45:25.081,-35.203154983952416,-5.793903945570302,7.95988655090332,12.0,21.857101430021693,111.7358169555664,0.02,6.77,6.75,-0.01,23.92,0.06,-0.02,0.14,-0.01,30.2,16.08,14.7,22.75,96,34.59,26.11,1011.37,14.65,613.3,1,270.19,717.83,238.27,1917,0,84,12.76,74.51,62.35,2046.5,22.75,0.6,7.33,122.13,29.41,-14.06,-1.56,0,-,0.44,12,21.86,111.74,-5.79,-35.2,18,2.22,17.11,31,3.68,12.46,8.02,20.05,10.41,35.21,0.1,0.75,71.1,0,28.9,1399.65,14.12,668,28.66,30,24.71,18.5,62,11.4,8.77,32.19,4.19,324.28,558.1,424.41,133.69,-4.93,14.2,14.4,54
Fri Nov 04 06:45:26 GMT-03:00 2022,04-Nov-2022 06:45:26.082,-35.20307888098883,-5.793954125915024,9.259425163269043,12.0,22.692835030521916,111.3410415649414,-0.53,6.09,6.67,-0.07,24.31,-0.07,-0.03,0.06,-0.13,30.98,15.69,14.7,22.75,96,34.58,26.13,1011.35,14.65,613.3,1,271.51,664.09,238.26,1917,0,84,12.46,74.9,63.14,2100,22.75,0.6,7.53,125.54,29.41,-14.06,-0.78,1.56,-,0.44,12,22.69,111.34,-5.79,-35.2,17,4.34,16.72,31,3.98,12.46,8.02,20.61,11.25,35.2,0.12,0.75,71.15,0,28.85,1405.01,14.51,669,33.33,33,24.31,18.5,56.68,11.38,8.79,32.15,4.2,324.28,559.09,425.4,133.69,-5.06,14.18,14.4,57
Fri Nov 04 06:45:27 GMT-03:00 2022,04-Nov-2022 06:45:27.083,-35.20299992202658,-5.794013857440725,9.936365127563477,8.0,22.63378965679326,110.90103149414062,-0.85,5.9,7.14,-0.04,21.96,-0.01,-0.08,0.05,-0.05,28.63,14.9,14.7,22.75,96,34.58,26.13,1011.34,14.65,633.3,1,271.51,664.09,238.26,1917,0,84,12.46,74.9,57.25,2100,22.75,0.6,7.53,125.54,29.41,-14.06,-0.78,1.56,-,0.44,8,22.63,110.9,-5.79,-35.2,19,4.34,16.72,31,3.98,12.46,8.02,20.61,11.25,35.2,0.12,0.73,71.2,0,28.8,1405.01,12.16,669,35.77,33,24.31,18.5,56.68,11.38,8.79,32.15,4.26,324.34,560.1,426.41,133.69,-5.06,14.18,14.4,57
Fri Nov 04 06:45:28 GMT-03:00 2022,04-Nov-2022 06:45:28.082,-35.2029136197116,-5.794067554651978,10.599957466125488,8.0,22.83855114805,110.59718322753906,-0.39,6.17,8.15,0.05,21.96,0.04,-0.02,0.06,0.01,28.63,14.51,14.7,22.75,96,34.59,26.15,1011.34,14.65,633.3,1,272.3,507.64,238.26,1917,0,84,8.75,68.24,57.65,1999.5,22.75,0.6,6.33,105.56,29.41,-14.06,-1.56,0,-,0.45,8,22.84,110.6,-5.79,-35.2,20,1.23,11.73,31,5.21,12.46,8.02,17.33,14.72,35.2,0.12,0.71,71.25,0,28.75,1395.54,12.16,670,38.16,37,22.35,19.5,41.77,11.37,8.8,32.11,4.26,324.34,561.09,427.4,133.69,-6.79,14.14,14.4,56
Fri Nov 04 06:45:29 GMT-03:00 2022,04-Nov-2022 06:45:29.081,-35.20281927826688,-5.794115363160155,11.167594909667969,8.0,23.004206498342047,110.81367492675781,-1.07,6.06,7.1,-0.03,21.57,0.04,0.05,0.03,0.04,27.84,14.12,14.7,22.75,96,34.6,26.18,1011.32,14.65,642.9,1,272.88,445.44,238.25,1917,0,84,8.75,68.63,56.08,1959.5,22.75,0.6,6.23,103.85,29.41,-14.06,-0.78,0.78,-,0.45,8,23,110.81,-5.79,-35.2,20,0.84,11.73,31,5.94,12.46,8.02,17.05,16.77,35.2,0.14,0.7,71.3,0,28.7,1404.7,11.76,671,40.2,39,22.35,19.5,41.77,11.36,8.81,32.08,4.26,324.34,562.09,428.4,133.69,-6.53,14.16,14.4,56
Fri Nov 04 06:45:30 GMT-03:00 2022,04-Nov-2022 06:45:30.082,-35.20272392499334,-5.794161861542606,11.303295135498047,8.0,23.088191739468858,111.03522491455078,-0.06,5.81,8.46,0.07,17.65,0.06,0,0.06,0.04,14.9,14.12,14.7,22.75,96,34.62,26.21,1011.25,14.65,642.9,1,273.23,378.48,238.25,1917,0,84,9.16,64.71,56.08,1890.5,22.75,0.61,5.58,93.01,29.41,-14.06,-4.69,-1.56,-,0.45,8,23.09,111.04,-5.79,-35.2,21,0.8,12.28,31,6.99,12.46,8.02,15.27,19.74,35.2,0.09,0.69,71.35,0,28.65,1414.34,7.84,672,40.69,41,21.18,20,46.27,11.35,8.81,32.05,4.29,324.34,563.09,429.4,133.69,-7.23,14.2,14.4,54
Fri Nov 04 06:45:31 GMT-03:00 2022,04-Nov-2022 06:45:31.085,-35.20263420956645,-5.794206388624167,11.611045837402344,8.0,23.376181483902354,111.39020538330078,-0.79,5.3,8.72,0.05,17.65,0.05,-0.04,-0.03,0.09,14.9,7.45,14.7,22.75,96,34.64,26.24,1011.26,14.65,642.9,1,272.59,81.81,235.07,1917,0,84,9.16,20,27.06,1381,22.75,0.61,1.27,21.14,29.02,-14.06,-5.47,-1.56,-,0.45,8,23.38,111.39,-5.79,-35.2,21,0.69,12.28,31,32.33,12.46,8.02,3.47,91.33,35.2,0.09,0.69,71.41,0,28.59,1402.91,7.84,674,41.8,40,21.18,20,46.27,11.39,8.78,32.18,4.29,324.37,564.1,430.41,133.69,-12.9,14.2,14.4,44
Fri Nov 04 06:45:32 GMT-03:00 2022,04-Nov-2022 06:45:32.081,-35.202544625024316,-5.794248112642242,10.943839073181152,8.0,23.51692426647591,111.82170104980469,-1.29,4.78,9.32,0.09,12.94,0.07,-0.11,-0.07,0.13,14.9,7.45,14.7,22.75,96,34.64,26.26,1011.29,14.65,647.9,1,271.96,81.68,235.08,1917,0,84,9.16,18.43,15.29,1426,22.75,0.61,1.24,20.59,29.02,-17.97,-5.47,-4.69,-,0.45,8,23.52,111.82,-5.79,-35.2,19,4.8,12.28,31,32.38,12.46,8.02,3.38,91.47,35.21,0.07,0.68,71.46,0,28.54,1402.91,3.14,675,39.4,37,13.33,1.5,46.27,11.44,8.74,32.31,4.29,324.37,565.09,431.4,133.69,-12.32,14.2,14.4,37
Fri Nov 04 06:45:33 GMT-03:00 2022,04-Nov-2022 06:45:33.082,-35.20246269554134,-5.794289165704387,9.740631103515625,8.0,23.589029376524906,113.92672729492188,-0.31,4.26,7.44,-0.11,12.94,0.08,-0.06,-0.04,0.14,14.9,7.45,14.7,22.75,96,34.64,26.28,1011.31,14.65,647.9,1,271.32,76.81,235.09,1917,0,84,-,18.04,16.08,1332,22.75,0.61,1.07,17.91,29.02,-17.19,0,-1.56,-,0.45,8,23.59,113.93,-5.79,-35.2,19,6.4,-,31,34.44,12.46,8.02,2.94,97.27,35.21,0.09,0.68,71.51,0,28.49,1402.91,3.14,676,35.07,33,13.73,-12,-,11.49,8.71,32.45,4.32,324.37,566.1,432.41,133.69,-12.68,14.2,14.4,31
Fri Nov 04 06:45:34 GMT-03:00 2022,04-Nov-2022 06:45:34.081,-35.202393627399104,-5.794324475298526,8.353476524353027,6.0,23.721719723081385,116.23267364501953,-0.48,3.75,9.87,0.09,12.94,0.07,-0.03,-0.17,0.19,14.9,7.45,29.4,22.75,96,34.64,26.28,1011.25,14.65,647.9,2,271.32,76.81,235.09,1918,0,84,-,18.04,15.69,1332,22.75,0.61,1.07,17.91,29.41,-17.97,0,0,-,0.45,6,23.72,116.23,-5.79,-35.2,22,6.4,-,31,34.44,12.46,8.02,2.94,97.27,35.21,0.05,0.64,71.56,0,28.44,1392.47,3.14,677,30.07,33,13.33,-12,-,11.49,8.71,32.45,4.32,324.41,567.09,433.4,133.69,-12.68,14.14,14.5,31
Fri Nov 04 06:45:35 GMT-03:00 2022,04-Nov-2022 06:45:35.080,-35.20233920840707,-5.794355857682183,6.635175704956055,6.0,23.812516088208643,115.70268249511719,-1.28,3.58,9.21,0.03,12.94,-0.03,-0.1,-0.19,0.06,14.9,7.45,29.4,22.75,96,34.61,26.27,1011.31,14.5,647.9,2,270.73,89.34,238.28,1918,0,84,-,19.22,15.69,1211.5,22.75,0.61,1.11,18.58,29.41,-17.97,0,0,-,0.45,6,23.81,115.7,-5.79,-35.2,21,7.07,-,32,29.6,12.46,8.02,3.05,83.63,35.21,0,0,71.61,0,28.39,1392.47,3.14,677,23.89,23,13.33,-13,-,11.53,8.68,32.56,4.32,324.41,568.09,434.4,133.69,-12.47,14.22,14.4,27
Fri Nov 04 06:45:36 GMT-03:00 2022,04-Nov-2022 06:45:36.081,-35.20228847221676,-5.794383946742276,5.424825191497803,6.0,23.718663421734483,99.80485534667969,-1.96,4.61,7.31,-0.09,12.94,-0.09,-0.18,-0.09,-0.06,14.9,7.45,29.4,22.75,96,34.55,26.24,1011.28,14.5,647.5,2,270.19,107.17,241.46,1918,0,84,-,21.96,16.08,894.5,22.75,0.61,0.93,15.53,29.8,-17.97,0,0,-,0.45,6,23.72,99.8,-5.79,-35.2,23,8.89,-,32,24.68,12.46,8.02,2.55,69.72,35.21,0.03,0.01,71.66,0,28.34,1392.47,3.14,679,19.53,15,12.94,6.5,-,11.55,8.65,32.64,4.32,324.41,569.09,435.4,133.69,-12.49,14.22,14.4,23
Fri Nov 04 06:45:37 GMT-03:00 2022,04-Nov-2022 06:45:37.082,-35.20224841139089,-5.794399158694728,3.8366079330444336,8.0,23.79849002994664,70.4883041381836,-2.83,5.13,7.92,-0,12.55,0.1,-0.19,-0.11,0.17,14.9,7.45,16.81,22.75,96,34.49,26.22,1011.24,14.5,647.5,1.14,269.91,182.37,241.47,1918,0,84,-,25.88,20,926,22.75,0.61,1.03,17.24,29.8,-17.97,0,0,-,0.45,8,23.8,70.49,-5.79,-35.2,21,6.53,-,32,14.5,12.46,8.02,2.83,40.97,35.21,0.91,0.07,71.71,0,28.29,1391.31,2.75,680,13.81,13,12.94,3.5,-,11.56,8.65,32.66,4.33,324.41,570.1,436.41,133.69,-11.48,14.18,14.5,23
Fri Nov 04 06:45:38 GMT-03:00 2022,04-Nov-2022 06:45:38.081,-35.20221819452727,-5.794391692225477,3.6234488487243652,8.0,23.82557300338145,36.0185661315918,-3.32,4.8,7.93,0.02,13.73,0,-0.32,-0.07,0,20,10.2,13.29,22.75,96,34.49,26.22,1011.29,14.5,646.4,0.9,269.91,-,247.83,1918,0,84,-,25.88,23.92,1123,22.75,0.61,1.7,28.38,30.59,-17.97,0,0,-,0.45,8,23.83,36.02,-5.79,-35.2,19,6.53,-,32,7.63,12.46,8.02,4.66,21.56,35.21,0.91,0.07,71.76,0,28.24,1391.31,3.14,681,13.04,13,12.94,3.5,-,11.55,8.66,32.63,4.33,324.41,571.09,437.4,133.69,-9.69,14.18,14.5,25
Fri Nov 04 06:45:39 GMT-03:00 2022,04-Nov-2022 06:45:39.082,-35.202199827950075,-5.79435524266943,3.684354543685913,8.0,24.16687698481012,359.06298828125,-3.53,4.12,7.43,-0.05,13.73,0.06,-0.32,-0.09,0.08,20,10.2,13.29,22.75,96,34.43,26.19,1011.31,14.5,643.5,0.9,269.91,-,247.83,1918,0,84,-,31.76,23.92,1123,22.75,0.61,1.7,28.38,30.59,-15.62,0,0,-,0.45,8,24.17,359.06,-5.79,-35.2,18,1.04,-,32,7.63,12.46,8.02,4.66,21.56,35.21,0.88,0.14,71.8,0,28.2,1389.66,3.14,681,13.26,12,15.29,21,-,11.55,8.66,32.63,4.33,324.41,572.08,438.39,133.69,-9.69,14.16,14.5,25
Fri Nov 04 06:45:40 GMT-03:00 2022,04-Nov-2022 06:45:40.081,-35.202215185805244,-5.794311534669376,3.5064375400543213,8.0,23.894590977709427,319.494873046875,-2.4,5.38,7.53,-0.01,15.29,-0.02,-0.23,-0.01,-0.04,22.35,11.37,13.45,22.75,96,34.38,26.16,1011.35,14.5,643.5,0.92,269.91,-,254.18,1918,0,84,3.21,42.75,29.8,1381,22.75,0.61,3.04,50.74,31.37,-14.84,-0.78,-1.56,-,0.45,8,23.89,319.49,-5.79,-35.2,19,1.74,4.3,32,3.94,12.46,8.02,8.33,11.13,35.21,0.57,0.87,71.85,0,28.15,1391.29,5.1,683,12.62,15,16.86,21.5,22.17,11.54,8.67,32.59,4.34,324.42,573.09,439.4,133.69,-7.41,14.2,14.4,31
Fri Nov 04 06:45:41 GMT-03:00 2022,04-Nov-2022 06:45:41.081,-35.202244961815,-5.794274624557663,4.600487232208252,12.0,24.059538087044764,290.14715576171875,-1.86,6.11,7.06,-0.02,18.43,0.02,-0.18,0.11,-0.05,23.92,12.55,14.7,22.75,96,34.32,26.14,1011.33,14.5,643.5,1,271.64,803.61,254.17,1918,0,84,3.21,61.57,43.92,1627,22.75,0.61,4.56,75.96,31.37,-14.06,4.69,3.12,-,0.46,12,24.06,290.15,-5.79,-35.2,17,3.38,4.3,31,3.29,12.46,8.02,12.47,9.3,35.21,0.8,0.81,71.9,0,28.1,1393.69,8.24,684,16.56,16,20.78,20,22.17,11.52,8.68,32.54,4.34,324.42,574.09,440.4,133.69,-5.87,14.22,14.4,38
Fri Nov 04 06:45:42 GMT-03:00 2022,04-Nov-2022 06:45:42.080,-35.20229565325104,-5.794258202313029,5.450087070465088,12.0,24.102311584537702,277.066650390625,-1.42,5.62,8.36,0.05,20.78,0.03,-0.13,0.01,0.03,25.49,12.94,14.7,22.75,96,34.28,26.13,1011.32,14.5,637.4,1,273.74,922.55,257.35,1918,0,84,5.2,62.35,52.94,1857,22.75,0.62,5.58,93.01,31.76,-14.06,4.69,3.12,-,0.46,12,24.1,277.07,-5.79,-35.2,20,3.44,6.97,31,2.87,12.46,8.02,15.27,8.1,35.21,0.8,0.81,71.95,0,28.05,1396.46,10.98,685,19.62,20,20.78,20,26.73,11.5,8.7,32.49,4.35,324.43,575.09,441.4,133.69,-5.56,14.22,14.4,43
Fri Nov 04 06:45:43 GMT-03:00 2022,04-Nov-2022 06:45:43.082,-35.20235559583727,-5.794252291996227,5.703497886657715,12.0,24.236571440980583,276.92950439453125,-0.94,5.67,7.6,-0.02,21.18,0.13,0.07,0.07,0.12,25.49,12.94,14.7,22.75,96,34.28,26.13,1011.31,14.5,635.6,1,273.74,922.55,257.35,1918,0,84,5.2,62.35,52.94,1857,22.75,0.62,5.58,93.01,31.76,-14.06,-3.91,-0.78,-,0.46,12,24.24,276.93,-5.79,-35.2,20,3.44,6.97,31,2.87,12.46,8.02,15.27,8.1,35.21,0.77,0.79,72,0,28,1396.46,11.37,685,20.53,20,21.96,19.5,26.73,11.5,8.7,32.49,4.35,324.43,576.1,442.41,133.69,-5.56,14.12,14.5,43
Fri Nov 04 06:45:44 GMT-03:00 2022,04-Nov-2022 06:45:44.081,-35.20241900751271,-5.794241010129897,6.327410697937012,12.0,24.145613793769623,281.2340393066406,-0.85,6.96,7.2,0.04,21.18,0.02,-0.07,0.14,-0.07,26.27,13.33,14.7,22.75,96,34.26,26.13,1011.32,14.5,635.6,1,275.13,704.69,257.34,1918,0,84,7.43,68.24,55.29,1703,22.75,0.62,5.33,88.81,31.76,-14.06,2.34,-0.78,-,0.46,12,24.15,281.23,-5.79,-35.2,18,4.47,9.97,31,3.75,12.46,8.02,14.58,10.6,35.21,0.74,0.75,72.05,0,27.95,1398.56,10.98,687,22.78,25,21.18,18,41.67,11.48,8.71,32.44,4.36,324.44,577.1,443.41,133.69,-7.02,14.2,14.5,45
Fri Nov 04 06:45:45 GMT-03:00 2022,04-Nov-2022 06:45:45.082,-35.20249095045005,-5.794221788843797,7.916589736938477,12.0,24.006297625636147,284.4721984863281,-0.03,7.04,7.58,0.07,20.78,0.07,-0.06,0.16,-0.01,26.67,13.73,14.7,22.75,96,34.24,26.13,1011.3,14.5,635.6,1,276.06,563.75,257.34,1918,0,84,10.19,69.41,57.65,1682.5,22.75,0.62,5.33,88.81,31.76,-14.06,-0.78,-0.78,-,0.46,12,24.01,284.47,-5.79,-35.2,15,6.22,13.66,31,4.69,12.46,8.02,14.58,13.25,35.21,0.74,0.75,72.1,0,27.9,1402.24,10.98,688,28.5,29,21.18,18,57.82,11.47,8.72,32.4,4.37,324.45,578.09,444.4,133.69,-6.35,14.2,14.5,48
Fri Nov 04 06:45:46 GMT-03:00 2022,04-Nov-2022 06:45:46.081,-35.202571593734646,-5.794197235471937,8.846553802490234,12.0,23.925822542818114,287.30450439453125,-0.21,6.4,7.2,-0.01,20,-0.01,0,0.09,-0.07,26.27,13.73,14.7,22.75,96,34.24,26.13,1011.33,14.65,639.7,1,276.06,563.75,257.34,1918,0,84,10.19,69.41,52.55,1682.5,22.75,0.62,5.33,88.81,31.76,-14.06,-0.78,1.56,-,0.46,12,23.93,287.3,-5.79,-35.2,15,6.22,13.66,31,4.69,12.46,8.02,14.58,13.25,35.21,0.12,0.73,72.15,0,27.85,1402.24,9.8,688,31.85,29,20.39,19.5,57.82,11.47,8.72,32.4,4.37,324.45,579.09,445.4,133.69,-6.35,14.14,14.4,48
Fri Nov 04 06:45:47 GMT-03:00 2022,04-Nov-2022 06:45:47.080,-35.202660831349014,-5.7941662550233,9.57348918914795,12.0,23.885797829256273,289.1300048828125,-0.42,5.48,8.22,0.02,20,-0.01,-0.06,0.02,-0.03,26.27,13.73,14.7,22.75,96,34.24,26.15,1011.35,14.65,639.7,1,276.6,443.33,254.15,1918,0,84,10.74,61.57,52.55,1718,22.75,0.63,4.86,81.01,31.37,-14.06,-0.78,1.56,-,0.46,12,23.89,289.13,-5.79,-35.2,12,2.15,14.4,31,5.97,12.46,8.02,13.3,16.85,35.21,0.12,0.73,72.19,0,27.81,1405.21,9.8,689,34.46,34,20.39,19.5,59.69,11.46,8.73,32.36,4.38,324.47,580.09,446.4,133.69,-7.12,14.14,14.4,49
Fri Nov 04 06:45:48 GMT-03:00 2022,04-Nov-2022 06:45:48.081,-35.20275354281118,-5.794134863887321,9.982220649719238,12.0,23.99844567185681,290.2527770996094,-0.26,5.53,9.03,0.09,13.33,0.07,-0.01,0,0.1,14.9,7.45,14.7,22.75,96,34.24,26.15,1011.34,14.65,642.6,1,276.6,443.33,254.15,1918,0,84,10.74,61.57,18.43,1718,22.75,0.63,4.86,81.01,31.37,-15.62,-0.78,-4.69,-,0.46,12,23.89,290.25,-5.79,-35.2,12,2.15,14.4,31,5.97,12.46,8.02,13.3,16.85,35.21,0.63,0.71,72.24,0,27.76,1405.21,3.14,691,35.94,34,14.9,3.5,59.69,11.46,8.73,32.36,4.38,324.47,581.11,447.42,133.69,-7.12,14.18,14.2,49
Fri Nov 04 06:45:49 GMT-03:00 2022,04-Nov-2022 06:45:49.081,-35.20284682495138,-5.794102498271052,9.862109184265137,12.0,23.94735247990623,291.3439025878906,-0.11,5.2,7.97,-0.02,12.94,-0.01,-0.11,0,-0.01,14.9,7.45,14.7,22.75,96,34.25,26.17,1011.34,14.65,642.6,1,276.03,97.8,250.97,1918,0,84,2.13,20.78,15.69,1385,22.75,0.63,1.26,20.95,30.98,-17.19,-3.91,-4.69,-,0.46,12,23.95,291.34,-5.79,-35.2,19,0.94,2.86,31,27.04,12.46,8.02,3.44,76.39,35.21,0.79,0.69,72.29,0,27.71,1407.75,3.14,691,35.5,35,13.33,3.5,14.72,11.49,8.7,32.46,4.4,324.48,582.09,448.4,133.69,-12.74,14.2,14.5,40
Fri Nov 04 06:45:50 GMT-03:00 2022,04-Nov-2022 06:45:50.085,-35.202936362688696,-5.7940685797988785,9.50157642364502,12.0,23.54246534799682,291.782470703125,0.06,4.76,8.31,-0.01,12.94,0.11,-0.13,-0.02,0.14,14.9,7.45,14.7,22.75,96,34.25,26.18,1011.37,14.65,642.9,1,275.44,90.31,250.98,1918,0,84,2.13,19.22,15.69,1297,22.75,0.63,1.2,19.92,30.98,-17.97,-7.03,-7.03,-,0.46,12,23.54,291.78,-5.79,-35.2,20,1.5,2.86,31,29.29,12.46,8.02,3.27,82.73,35.21,0.09,0.69,72.34,0,27.66,1404.81,3.14,692,34.21,34,13.33,-1.5,14.72,11.53,8.67,32.56,4.41,324.49,583.08,449.39,133.69,-12.4,14.22,14.4,34
Fri Nov 04 06:45:51 GMT-03:00 2022,04-Nov-2022 06:45:51.081,-35.20301220572651,-5.794037885471109,8.584063529968262,8.0,23.28031424514493,291.6632995605469,-0.91,4.67,7.83,-0.05,12.94,-0.02,-0.08,-0.13,0.05,14.9,7.45,14.7,22.75,96,34.23,26.19,1011.4,14.65,642.9,1,274.84,86.71,254.17,1918,0,84,2.13,18.82,15.29,1227.5,22.75,0.63,1.11,18.58,31.37,-17.97,-7.03,-7.03,-,0.47,8,23.28,291.66,-5.79,-35.2,21,5.21,2.86,31,30.5,12.46,8.02,3.05,86.16,35.21,0.09,0.69,72.38,0,27.62,1402.13,3.14,694,30.9,29,13.33,-1.5,14.72,11.57,8.64,32.68,4.42,324.5,584.09,450.4,133.69,-12.41,14.22,14.4,29
Fri Nov 04 06:45:52 GMT-03:00 2022,04-Nov-2022 06:45:52.081,-35.20308159382647,-5.794011702083439,7.648042678833008,8.0,23.33342610805595,290.83123779296875,-1.01,4.6,9,0.05,12.94,0.03,-0.08,-0.09,0.1,14.9,7.45,14.7,22.75,96,34.2,26.18,1011.45,14.5,642.5,1,274.29,101.66,254.18,1918,0,84,-,18.82,15.69,1204.5,22.75,0.63,1.11,18.58,31.37,-17.97,-0.78,0,-,0.47,8,23.33,290.83,-5.79,-35.2,19,7.9,-,32,26.02,12.46,8.02,3.05,73.49,35.21,0.12,0.69,72.43,0,27.57,1399.74,3.14,695,27.53,23,13.33,-4.5,-,11.6,8.62,32.76,4.43,324.51,585.09,451.4,133.69,-12.13,14.22,14.4,26
Fri Nov 04 06:45:53 GMT-03:00 2022,04-Nov-2022 06:45:53.082,-35.20314282738973,-5.793988398205934,6.891828536987305,8.0,23.124434014980164,290.2932434082031,-0.54,3.17,8.65,-0.05,12.94,0.02,-0.11,-0.19,0.13,14.9,7.45,14.7,22.75,96,34.16,26.17,1011.49,14.5,642.5,1,273.83,129.45,254.18,1918,0,84,-,19.22,15.69,1228,22.75,0.63,1.13,18.76,31.37,-17.97,-3.91,-3.12,-,0.47,8,23.12,290.29,-5.79,-35.2,17,9.53,-,32,20.43,12.46,8.02,3.08,57.72,35.21,0.76,0.69,72.48,0,27.52,1398.09,3.14,696,24.81,18,13.33,-4.5,-,11.62,8.61,32.81,4.43,324.51,586.09,452.4,133.69,-12.06,14.22,14.4,23
Fri Nov 04 06:45:54 GMT-03:00 2022,04-Nov-2022 06:45:54.082,-35.2031998256938,-5.793966678546653,6.0366716384887695,8.0,22.889778568851792,289.53009033203125,-1.38,3.81,9.58,0.07,12.94,0.06,-0.12,-0.17,0.16,14.9,7.45,14.7,22.75,96,34.16,26.17,1011.51,14.5,642.5,1,273.83,129.45,254.18,1918,0,84,-,19.22,16.86,1228,22.75,0.63,1.13,18.76,32.16,-17.97,-3.91,-1.56,-,0.47,8,22.89,289.53,-5.79,-35.2,17,9.53,-,32,20.43,12.46,8.02,3.08,57.72,35.21,0.09,0.68,72.53,0,27.47,1398.09,2.75,697,21.73,18,13.33,-5.5,-,11.62,8.61,32.81,4.43,324.51,587.09,453.4,133.69,-12.06,14.2,14.5,23
Fri Nov 04 06:45:55 GMT-03:00 2022,04-Nov-2022 06:45:55.081,-35.2032455369346,-5.793949812154722,5.613816738128662,12.0,22.61742230202204,289.3615417480469,-0.8,3.95,9.04,0.02,12.94,0.01,-0.05,-0.15,0.11,14.9,7.45,14.7,22.75,96,34.08,26.13,1011.51,14.5,642.5,1,273.61,202.46,260.54,1918,0,84,-,38.04,16.86,880.5,22.75,0.63,1.38,22.96,32.16,-17.97,-2.34,-0.78,-,0.47,12,22.62,289.36,-5.79,-35.2,13,14.73,-,32,13.06,12.46,8.02,3.77,36.9,35.21,0.19,0.68,72.57,0,27.43,1396.24,2.75,697,20.21,7,14.51,-1.5,-,11.62,8.61,32.82,4.44,324.52,588.09,454.4,133.69,-11.57,14.2,14.5,22
Fri Nov 04 06:45:56 GMT-03:00 2022,04-Nov-2022 06:45:56.082,-35.203288184286016,-5.793936463582294,5.15744686126709,12.0,22.56387016871167,289.3069763183594,-0.7,5.73,7.81,0,14.12,-0.01,-0.05,0.02,-0.01,14.9,7.45,14.7,22.75,96,34.08,26.07,1011.51,14.5,640.5,1,273.61,-,273.25,1918,0,85,-,40.78,30.2,873.5,22.75,0.63,1.73,28.87,33.73,-16.41,1.56,1.56,-,0.47,12,22.56,289.31,-5.79,-35.2,14,20.21,-,32,4.04,12.46,8.02,4.74,11.41,35.21,0.77,0.68,72.57,0,27.43,1396.24,3.92,699,18.57,0,14.12,-1,-,11.6,8.62,32.78,4.44,324.52,589.1,455.09,134.01,-9.36,13.72,14.4,25
Fri Nov 04 06:45:57 GMT-03:00 2022,04-Nov-2022 06:45:57.081,-35.20330413249788,-5.793934546112867,4.611087799072266,12.0,22.55147882211208,289.320556640625,-0.62,5.44,8.07,0.01,13.73,0,-0.04,0,0,14.9,7.45,14.7,22.75,96,34.08,26.02,1011.49,14.5,640.5,1,273.61,-,273.25,1918,0,85,-,40.39,31.37,769,22.75,0.63,1.43,23.82,33.73,-16.41,-0.78,-1.56,-,0.47,12,22.55,289.32,-5.79,-35.2,13,18.57,-,32,0,12.46,8.02,3.91,0,35.21,0.83,0.68,72.44,0,27.56,1396.24,3.53,700,16.6,0,13.73,5,-,11.6,8.62,32.78,4.44,324.52,590.09,455.09,135,-10.23,14.22,14.2,26
Fri Nov 04 06:45:58 GMT-03:00 2022,04-Nov-2022 06:45:58.081,-35.203325090678035,-5.793930788005854,4.263152599334717,12.0,22.41645593389932,289.3271789550781,-0.68,5.36,8.01,-0,13.73,-0.01,-0.05,-0.01,0,14.9,7.45,14.7,22.75,96,34.08,26.02,1011.53,14.5,639.2,1,273.61,-,285.96,1918,0,85,-,40.39,30.98,791.5,22.75,0.63,1.46,24.3,35.29,-17.19,-0.78,-1.56,-,0.47,12,22.42,289.33,-5.79,-35.2,13,18.57,-,32,0,12.46,8.02,3.99,0,35.21,0.83,0.68,72.32,0,27.68,1396.24,3.53,701,15.35,0,13.73,5,-,11.6,8.62,32.77,4.44,324.52,591.09,455.09,136,-9.55,14.22,14.4,28
Fri Nov 04 06:45:59 GMT-03:00 2022,04-Nov-2022 06:45:59.082,-35.203331883419715,-5.793936876157469,3.003119945526123,12.0,22.55938306941564,289.3280334472656,-0.66,5.42,7.98,-0,13.73,0,-0.05,0,0,14.9,7.45,14.7,22.75,96,34.08,25.97,1011.52,14.5,639.2,1,273.61,-,285.96,1918,0,85,-,39.61,30.98,791.5,22.75,0.63,1.46,24.3,35.29,-17.19,0,0.78,-,0.47,12,22.56,289.33,-5.79,-35.2,13,15.35,-,32,0,12.46,8.02,3.99,0,35.21,0.09,0.68,72.2,0,27.8,1396.24,3.53,701,10.81,0,14.12,3.5,-,11.6,8.62,32.77,4.44,324.52,592.1,455.09,137.01,-9.55,14.26,14.4,28
Fri Nov 04 06:46:00 GMT-03:00 2022,04-Nov-2022 06:46:00.082,-35.203332885256756,-5.793947412753665,1.263465404510498,16.0,22.287751227537395,289.3282165527344,-0.7,5.46,8.12,0.01,13.73,0,-0.05,0,0.01,14.9,7.45,14.7,22.75,96,34.08,25.91,1011.52,14.65,638.1,1,273.61,-,279.6,1918,0,85,-,39.61,31.37,803.5,22.75,0.63,1.47,24.49,34.51,-17.19,3.91,0.78,-,0.47,16,22.29,289.33,-5.79,-35.2,12,10.81,-,32,0,12.46,8.02,4.02,0,35.21,0.09,0.68,72.08,0,27.92,1396.24,3.53,703,4.55,0,14.12,3,-,11.6,8.62,32.77,4.44,324.52,593.09,455.09,138,-9.79,14.26,14.4,29
Fri Nov 04 06:46:01 GMT-03:00 2022,04-Nov-2022 06:46:01.082,-35.20333033894978,-5.793956940862194,0.5658594965934753,16.0,21.6984868522409,289.3349914550781,-0.64,5.46,7.96,-0,13.73,0,-0.06,0,0.01,14.9,7.45,14.7,22.75,96,34.08,25.86,1011.51,14.65,638.1,1,273.61,-,279.6,1918,0,85,-,38.82,30.59,789.5,22.75,0.63,1.43,23.82,34.51,-17.19,1.56,3.91,-,0.47,16,21.7,289.33,-5.79,-35.2,13,4.55,-,32,0,12.46,8.02,3.91,0,35.21,0.81,0.68,71.96,0,28.04,1396.24,3.53,704,2.04,0,14.12,-1.5,-,11.6,8.62,32.77,4.44,324.52,594.09,455.09,139,-10,14.22,14.5,30
Fri Nov 04 06:46:02 GMT-03:00 2022,04-Nov-2022 06:46:02.082,-35.20332213792412,-5.7939663265290795,0.4528235197067261,16.0,21.6895658151984,289.33892822265625,-0.86,5.4,8.09,0,12.55,-0.01,-0.05,-0.01,0,14.9,7.45,14.7,22.75,96,34.08,25.86,1011.53,14.65,638.1,1,273.61,-,276.42,1918,0,85,-,38.82,25.88,752,22.75,0.63,1,16.69,34.12,-17.19,1.56,0.78,-,0.47,16,21.69,289.34,-5.79,-35.2,12,4.55,-,32,0,12.46,8.02,2.74,0,35.21,0.84,0.68,71.84,0,28.16,1396.24,3.14,705,1.63,0,14.12,-1.5,-,11.6,8.62,32.76,4.44,324.52,595.09,455.09,140,-11.33,14.22,14.5,28
Fri Nov 04 06:46:03 GMT-03:00 2022,04-Nov-2022 06:46:03.082,-35.20332292564814,-5.793972748744009,0.6111524105072021,16.0,21.805501440525713,289.3361511230469,-0.83,5.41,8.11,0.01,12.55,0,-0.04,0,0.01,14.9,7.45,14.7,22.75,96,34.08,25.81,1011.51,14.65,638.1,1,273.61,-,276.42,1918,0,85,-,30.2,25.88,752,22.75,0.63,1,16.69,34.12,-18.75,-3.91,-4.69,-,0.47,16,21.81,289.34,-5.79,-35.2,13,1.63,-,32,0,12.46,8.02,2.74,0,35.21,0.72,0.69,71.72,0,28.28,1396.24,3.14,705,2.2,0,13.33,4.5,-,11.6,8.62,32.76,4.44,324.52,596.08,455.09,140.99,-11.33,14.14,14.4,28
Fri Nov 04 06:46:04 GMT-03:00 2022,04-Nov-2022 06:46:04.082,-35.20332292564814,-5.793972748744009,0.0,12.0,21.59831287227529,289.30712890625,-0.73,5.42,8.14,0.01,12.94,0,-0.05,0,0.01,14.9,7.45,14.7,22.75,96,34.08,25.75,1011.52,14.65,636.6,1,273.61,-,276.42,1918,0,85,-,30.2,23.92,748,22.75,0.63,1.05,17.54,34.12,-18.75,-0.78,-0.78,-,0.47,12,21.6,289.31,-5.79,-35.2,13,2.2,-,32,0,12.46,8.02,2.88,0,35.21,0.09,0.7,71.59,0,28.41,1396.24,2.75,707,0,0,13.33,5,-,11.6,8.62,32.76,4.44,324.52,597.09,455.09,142,-10.99,14.16,14.5,27
Fri Nov 04 06:46:05 GMT-03:00 2022,04-Nov-2022 06:46:05.081,-35.20332292564814,-5.793972748744009,0.0,12.0,21.572152530494353,289.3154296875,-0.7,5.39,8.07,0,12.94,0,-0.06,-0.01,0.01,14.9,7.45,14.7,22.75,96,34.08,25.7,1011.51,14.65,636.6,1,273.61,-,276.42,1918,0,85,-,29.8,23.92,772,22.75,0.63,1.05,17.54,34.12,-18.75,1.56,2.34,-,0.47,12,21.57,289.32,-5.79,-35.2,12,0,-,33,0,12.46,8.02,2.88,0,35.21,0.14,0.74,71.47,0,28.53,1396.24,2.75,708,0,0,13.33,5,-,11.6,8.62,32.76,4.44,324.52,598.09,455.09,143,-10.97,14.22,14.5,26
Fri Nov 04 06:46:06 GMT-03:00 2022,04-Nov-2022 06:46:06.082,-35.20332292564814,-5.793972748744009,0.0,12.0,21.486186017350914,289.3182067871094,-0.74,5.43,8.06,0,12.94,0,-0.06,0,0,14.9,7.45,14.7,22.75,96,34.08,25.65,1011.53,14.65,635.8,1,273.61,-,276.42,1918,0,85,-,29.8,23.53,780.5,22.75,0.64,1.06,17.73,34.12,-17.97,1.56,2.34,-,0.47,12,21.49,289.32,-5.79,-35.2,13,0,-,33,0,12.46,8.02,2.91,0,35.21,0.14,0.74,71.35,0,28.65,1396.24,2.75,709,0,0,13.33,5,-,11.59,8.62,32.75,4.44,324.52,599.11,455.09,144.02,-11.03,14.22,14.5,26
Fri Nov 04 06:46:07 GMT-03:00 2022,04-Nov-2022 06:46:07.082,-35.20332292564814,-5.793972748744009,0.20926496386528015,12.0,21.40909304092373,289.3254699707031,-0.73,5.42,7.99,0.01,12.94,0,-0.06,0,0.01,14.9,7.45,14.7,22.75,96,34.08,25.65,1011.52,14.65,634.8,1,273.61,-,276.42,1918,0,85,-,29.41,23.53,780.5,22.75,0.64,1.06,17.73,34.12,-17.97,2.34,0,-,0.47,12,21.41,289.33,-5.79,-35.2,13,0,-,33,0,12.46,8.02,2.91,0,35.21,0.8,0.77,71.24,0,28.76,1396.24,3.14,709,0.75,0,13.33,4.5,-,11.59,8.62,32.75,4.44,324.52,600.1,455.09,145.01,-11.03,14.22,14.4,26
Fri Nov 04 06:46:08 GMT-03:00 2022,04-Nov-2022 06:46:08.080,-35.20332292564814,-5.793972748744009,0.1051214262843132,12.0,21.70573801182393,289.3350830078125,-0.76,5.41,8.05,0,12.94,0,-0.06,0,0,14.9,7.45,14.7,22.75,96,34.08,25.6,1011.5,14.65,634.8,1,273.61,-,276.42,1918,0,86,-,30.2,23.92,765,22.75,0.64,1.07,17.91,34.12,-17.97,-0.78,0,-,0.47,12,21.71,289.34,-5.79,-35.2,13,0.75,-,33,0,12.46,8.02,2.94,0,35.21,0.1,0.78,71.12,0,28.88,1396.24,3.14,711,0.38,0,13.33,4.5,-,11.59,8.63,32.75,4.44,324.52,601.1,455.09,146.01,-11.04,14.22,14.4,25
Fri Nov 04 06:46:09 GMT-03:00 2022,04-Nov-2022 06:46:09.081,-35.20332292564814,-5.793972748744009,0.1608998328447342,12.0,22.12966622847038,289.33990478515625,-0.69,5.33,8.11,0,12.94,-0.01,-0.05,-0.01,0,14.9,7.45,14.7,22.75,96,34.08,25.55,1011.52,14.65,633.7,1,273.61,-,276.42,1918,0,86,-,30.2,23.92,767,22.75,0.64,1.07,17.91,34.12,-17.19,2.34,2.34,-,0.47,12,22.13,289.34,-5.79,-35.2,12,0.38,-,33,0,12.46,8.02,2.94,0,35.21,0.1,0.79,71,0,29,1396.24,3.53,712,0.58,0,13.73,4.5,-,11.59,8.63,32.75,4.44,324.52,602.1,455.09,147.01,-10.96,14.2,14.4,25
Fri Nov 04 06:46:10 GMT-03:00 2022,04-Nov-2022 06:46:10.081,-35.20332292564814,-5.793972748744009,0.14639295637607574,12.0,22.038184181524144,289.3464660644531,-0.7,5.36,8.02,-0,13.33,-0.01,-0.05,-0.01,0,14.9,7.45,14.7,22.75,96,34.08,25.49,1011.49,14.65,633.7,1,273.61,-,276.42,1918,0,86,-,35.29,25.88,816,22.75,0.64,1.24,20.59,34.12,-17.19,5.47,2.34,-,0.47,12,22.04,289.35,-5.79,-35.2,13,0.58,-,33,0,12.46,8.02,3.38,0,35.21,0.1,0.79,70.88,0,29.12,1396.24,3.53,713,0.53,0,13.73,9,-,11.59,8.63,32.74,4.44,324.52,603.09,455.09,148,-10.42,14.2,14.4,26
Fri Nov 04 06:46:11 GMT-03:00 2022,04-Nov-2022 06:46:11.081,-35.20332292564814,-5.793972748744009,0.11783417314291,12.0,21.972506606883318,289.3515930175781,-0.7,5.46,8.17,0.02,13.73,0,-0.05,0,0.01,14.9,7.45,14.7,22.75,96,34.08,25.49,1011.51,14.65,632.5,1,273.61,-,276.42,1918,0,86,-,35.29,30.59,816,22.75,0.64,1.24,20.59,34.12,-17.19,5.47,6.25,-,0.47,12,21.97,289.35,-5.79,-35.2,13,0.58,-,33,0,12.46,8.02,3.38,0,35.21,0.81,0.79,70.76,0,29.24,1396.24,3.53,713,0.42,0,14.12,9,-,11.59,8.63,32.74,4.44,324.52,604.09,455.09,149,-10.42,13.72,14.4,26
Fri Nov 04 06:46:12 GMT-03:00 2022,04-Nov-2022 06:46:12.083,-35.20332292564814,-5.793972748744009,0.0,12.0,22.11047161030653,289.35821533203125,-0.75,5.4,8.12,0.01,13.73,0,-0.05,0,0.01,14.9,7.45,14.7,22.75,96,34.08,25.44,1011.5,14.65,632.5,1,273.61,-,276.42,1918,0,86,-,38.82,30.59,791,22.75,0.64,1.41,23.51,34.12,-17.19,1.56,0.78,-,0.47,12,22.11,289.36,-5.79,-35.2,13,0.42,-,33,0,12.46,8.02,3.86,0,35.21,0.79,0.79,70.65,0,29.35,1396.24,3.53,714,0,0,14.12,3.5,-,11.59,8.63,32.74,4.44,324.52,605.09,455.09,150,-10.11,14.12,14.3,27
Fri Nov 04 06:46:13 GMT-03:00 2022,04-Nov-2022 06:46:13.082,-35.20332292564814,-5.793972748744009,0.0,12.0,22.185736941186693,289.36505126953125,-0.61,5.43,8,-0,13.73,0,-0.05,0,0,14.9,7.45,14.7,22.75,96,34.08,25.39,1011.5,14.65,631.1,1,273.61,-,276.42,1918,0,86,-,38.82,30.98,785.5,22.75,0.64,1.39,23.15,34.12,-17.19,-1.56,0,-,0.47,12,22.19,289.37,-5.79,-35.2,12,0,-,33,0,12.46,8.02,3.8,0,35.21,0.34,0.81,70.53,0,29.47,1396.24,3.53,715,0,0,13.73,3.5,-,11.59,8.63,32.74,4.44,324.52,606.11,455.09,151.02,-10.04,14.08,14.3,28
Fri Nov 04 06:46:14 GMT-03:00 2022,04-Nov-2022 06:46:14.082,-35.20332292564814,-5.793972748744009,0.0,12.0,22.307284311352326,289.3645935058594,-0.82,5.37,8.08,0.01,13.73,0,-0.06,0,0.01,14.9,7.45,14.7,22.75,96,34.08,25.34,1011.53,14.65,631.1,1,273.61,-,276.42,1918,0,86,-,38.43,30.98,811.5,22.75,0.64,1.4,23.33,34.12,-17.19,3.12,3.12,-,0.47,12,22.31,289.36,-5.79,-35.2,14,0,-,33,0,12.46,8.02,3.83,0,35.21,0.76,0.84,70.41,0,29.59,1396.24,3.53,716,0,0,13.73,3,-,11.59,8.63,32.73,4.44,324.52,607.09,455.09,152,-9.97,14.08,14.3,29
Fri Nov 04 06:46:15 GMT-03:00 2022,04-Nov-2022 06:46:15.083,-35.20332292564814,-5.793972748744009,0.16166138648986816,12.0,22.09175418407163,289.36395263671875,-0.82,5.39,8.09,0.01,13.33,0,-0.05,0,0.01,14.9,7.45,14.7,22.75,96,34.08,25.29,1011.54,14.65,631.1,1,273.61,-,276.42,1918,0,86,-,38.43,30.59,784,22.75,0.64,1.39,23.15,34.12,-17.19,3.12,3.12,-,0.47,12,22.09,289.36,-5.79,-35.2,13,0.58,-,33,0,12.46,8.02,3.8,0,35.21,0.76,0.84,70.3,0,29.7,1396.24,3.53,718,0.58,0,13.73,3,-,11.59,8.63,32.73,4.44,324.52,608.1,455.09,153.01,-10.16,14.08,14.3,29
Fri Nov 04 06:46:16 GMT-03:00 2022,04-Nov-2022 06:46:16.083,-35.20332292564814,-5.793972748744009,0.024340178817510605,12.0,22.199063098121748,289.3697204589844,-0.8,5.42,8.14,0.01,12.55,0,-0.05,-0.01,0,14.9,7.45,14.7,22.75,96,34.08,25.29,1011.48,14.65,629.6,1,273.61,-,276.42,1918,0,86,-,38.82,24.31,767.5,22.75,0.64,1.01,16.87,34.12,-17.97,-3.12,-3.91,-,0.47,12,22.2,289.37,-5.79,-35.2,14,0.58,-,33,0,12.46,8.02,2.77,0,35.21,0.75,0.82,70.18,0,29.82,1396.24,2.35,719,0.09,0,13.33,-4,-,11.59,8.63,32.73,4.44,324.52,609.08,455.09,153.99,-11.26,14.16,14.3,27
Fri Nov 04 06:46:17 GMT-03:00 2022,04-Nov-2022 06:46:17.081,-35.20332292564814,-5.793972748744009,0.08453617990016937,12.0,22.02342266320011,289.3717041015625,-0.63,5.42,8.12,0.01,12.94,0,-0.06,0,0,14.9,7.45,14.7,22.75,96,34.08,25.24,1011.52,14.65,629.6,1,273.61,-,276.42,1918,0,86,-,29.8,24.31,767.5,22.75,0.64,1.01,16.87,34.12,-18.75,-6.25,-7.03,-,0.47,12,22.02,289.37,-5.79,-35.2,14,0.09,-,33,0,12.46,8.02,2.77,0,35.21,0.74,0.85,70.07,0,29.93,1396.24,2.75,719,0.3,0,12.94,6,-,11.59,8.63,32.73,4.44,324.52,610.09,455.09,155,-11.26,14.1,14.4,27
Fri Nov 04 06:46:18 GMT-03:00 2022,04-Nov-2022 06:46:18.083,-35.20332292564814,-5.793972748744009,0.07410694658756256,12.0,21.90010558385196,289.3770751953125,-0.82,5.42,8.14,0.01,12.94,0,-0.06,0,0.01,14.9,7.45,14.7,22.75,96,34.08,25.19,1011.54,14.65,629.6,1,273.61,-,276.42,1918,0,86,-,29.8,23.92,756,22.75,0.64,1,16.69,34.12,-18.75,-6.25,-7.03,-,0.47,12,21.9,289.38,-5.79,-35.2,14,0.3,-,33,0,12.46,8.02,2.74,0,35.21,0.74,0.85,69.95,0,30.05,1396.24,2.75,721,0.27,0,12.94,6,-,11.58,8.63,32.72,4.44,324.52,611.09,455.09,156,-11.23,14.1,14.4,26
Fri Nov 04 06:46:19 GMT-03:00 2022,04-Nov-2022 06:46:19.085,-35.20332292564814,-5.793972748744009,0.015550311654806137,12.0,21.937030052316214,289.38665771484375,-0.63,5.39,8.1,0.01,12.94,0,-0.05,-0.01,0.01,14.9,7.45,14.7,22.75,96,34.08,25.19,1011.52,14.65,628.1,1,273.61,-,276.42,1918,0,86,-,29.41,23.92,756,22.75,0.64,1,16.69,34.12,-18.75,-2.34,-1.56,-,0.47,12,21.94,289.39,-5.79,-35.2,13,0.3,-,33,0,12.46,8.02,2.74,0,35.21,0.09,0.83,69.84,0,30.16,1396.24,2.75,721,0.06,0,12.94,4.5,-,11.58,8.63,32.72,4.44,324.52,612.09,455.09,157,-11.23,14.14,14.4,26
Fri Nov 04 06:46:20 GMT-03:00 2022,04-Nov-2022 06:46:20.081,-35.20332292564814,-5.793972748744009,0.05862406641244888,12.0,21.8427004883407,289.3975524902344,-0.6,5.44,8.09,0.01,12.94,0,-0.06,-0.01,0.01,14.9,7.45,14.7,22.75,96,34.08,25.14,1011.52,14.65,628.1,1,273.61,-,276.42,1918,0,86,-,29.8,23.53,767.5,22.75,0.64,1.03,17.24,34.12,-18.75,2.34,-1.56,-,0.48,12,21.84,289.4,-5.79,-35.2,13,0.06,-,33,0,12.46,8.02,2.83,0,35.21,0.09,0.83,69.73,0,30.27,1396.24,2.75,723,0.21,0,12.94,4.5,-,11.58,8.63,32.72,4.44,324.52,613.09,455.09,158,-11.06,14.14,14.4,26
Fri Nov 04 06:46:21 GMT-03:00 2022,04-Nov-2022 06:46:21.081,-35.203289627687006,-5.794013474945162,0.28358983993530273,12.0,22.33046072537334,289.4078063964844,-0.74,5.39,8.12,0.01,12.94,-0.01,-0.05,0,0,14.9,7.45,14.7,22.75,96,34.08,25.09,1011.47,14.65,627.2,1,273.61,-,276.42,1918,0,86,-,29.8,23.14,767.5,22.75,0.64,1.03,17.24,34.12,-17.97,-1.56,2.34,-,0.48,12,22.33,289.41,-5.79,-35.2,13,0.21,-,33,0,12.46,8.02,2.83,0,35.21,0.77,0.82,69.61,0,30.39,1396.24,2.75,724,1.02,0,12.94,4.5,-,11.58,8.63,32.72,4.44,324.52,614.09,455.09,158.99,-11.11,14.12,14.4,25
Fri Nov 04 06:46:22 GMT-03:00 2022,04-Nov-2022 06:46:22.082,-35.203289627687006,-5.794013474945162,0.0,12.0,22.323291895661615,289.4161376953125,-0.7,5.33,8.02,-0,13.33,-0.01,-0.05,0,0,14.9,7.45,14.7,22.75,96,34.08,25.09,1011.51,14.65,627.2,1,273.61,-,276.42,1918,0,86,-,29.8,25.88,767.5,22.75,0.64,1.18,19.61,34.12,-18.75,-1.56,-2.34,-,0.48,12,22.32,289.42,-5.79,-35.2,13,0.21,-,33,0,12.46,8.02,3.22,0,35.21,0.76,0.81,69.5,0,30.5,1396.24,3.14,725,0,0,13.33,5,-,11.58,8.63,32.71,4.44,324.52,615.09,455.09,160,-10.63,14.16,14.4,26
Fri Nov 04 06:46:23 GMT-03:00 2022,04-Nov-2022 06:46:23.081,-35.203289627687006,-5.794013474945162,0.0,12.0,22.28034165690405,289.419189453125,-0.7,5.41,8.11,0.01,13.73,-0.01,-0.05,-0.01,0,14.9,7.45,14.7,22.75,96,34.08,25.04,1011.5,14.65,627.2,1,273.61,-,276.42,1918,0,86,-,38.04,25.88,796,22.75,0.64,1.18,19.61,34.12,-17.19,0.78,1.56,-,0.48,12,22.28,289.42,-5.79,-35.2,13,0,-,33,0,12.46,8.02,3.22,0,35.21,0.09,0.81,69.39,0,30.61,1396.24,3.53,725,0,0,14.12,3.5,-,11.58,8.63,32.71,4.44,324.52,616.09,455.09,160.99,-10.63,14.2,14.3,26
Fri Nov 04 06:46:24 GMT-03:00 2022,04-Nov-2022 06:46:24.082,-35.203289627687006,-5.794013474945162,0.0,16.0,22.202021133709064,289.4237976074219,-0.71,5.42,8.08,0.01,13.73,0,-0.05,-0.01,0.01,14.9,7.45,14.7,22.75,96,34.08,24.99,1011.51,14.65,624.7,1,273.61,-,276.42,1918,0,86,-,38.82,30.59,803.5,22.75,0.64,1.42,23.63,34.12,-17.19,3.91,1.56,-,0.48,16,22.2,289.42,-5.79,-35.2,13,0,-,33,0,12.46,8.02,3.88,0,35.21,0.77,0.8,69.27,0,30.73,1396.24,3.53,727,0,0,14.12,3,-,11.58,8.64,32.71,4.44,324.52,617.09,455.09,162,-9.98,14.04,14.4,27
Fri Nov 04 06:46:25 GMT-03:00 2022,04-Nov-2022 06:46:25.082,-35.203275374335455,-5.79403068600775,0.40444669127464294,16.0,22.039964869175797,289.4286193847656,-0.83,5.37,8.08,0,13.73,-0.01,-0.06,-0.01,0,14.9,7.45,14.7,22.75,96,34.08,24.94,1011.51,14.65,624.7,1,273.61,-,276.42,1918,0,86,-,38.82,30.59,793,22.75,0.64,1.4,23.33,34.12,-17.19,-0.78,-1.56,-,0.48,16,22.04,289.43,-5.79,-35.2,13,0,-,33,0,12.46,8.02,3.83,0,35.21,0.74,0.79,69.16,0,30.84,1396.24,3.53,728,1.46,0,13.73,3.5,-,11.58,8.64,32.71,4.44,324.52,618.1,455.09,163.01,-10.08,14.08,14.4,28
Fri Nov 04 06:46:26 GMT-03:00 2022,04-Nov-2022 06:46:26.081,-35.203275374335455,-5.79403068600775,0.0865773931145668,16.0,22.05976119694241,289.43572998046875,-0.68,5.41,8.07,0,13.33,-0.01,-0.05,-0.01,0,14.9,7.45,14.7,22.75,96,34.08,24.89,1011.48,14.65,624.7,1,273.61,-,276.42,1918,0,86,-,38.82,30.98,779,22.75,0.64,1.38,22.96,34.12,-17.19,-0.78,0,-,0.48,16,22.06,289.44,-5.79,-35.2,13,1.46,-,33,0,12.46,8.02,3.77,0,35.21,0.1,0.79,69.05,0,30.95,1396.24,3.53,729,0.31,0,13.73,3.5,-,11.58,8.64,32.71,4.44,324.52,619.1,455.09,164.01,-10.09,14.08,14.4,28
Fri Nov 04 06:46:27 GMT-03:00 2022,04-Nov-2022 06:46:27.083,-35.203275374335455,-5.79403068600775,0.03175469860434532,16.0,22.16831422812054,289.4372253417969,-0.72,5.42,8.11,-0.01,13.33,0,-0.06,0,0.01,14.9,7.45,14.7,22.75,96,34.08,24.89,1011.51,14.65,624.7,1,273.61,-,276.42,1918,0,86,-,38.82,30.59,779,22.75,0.64,1.38,22.96,34.12,-17.19,-0.78,0,-,0.48,16,22.17,289.44,-5.79,-35.2,14,1.46,-,33,0,12.46,8.02,3.77,0,35.21,0.1,0.79,68.94,0,31.06,1396.24,3.53,730,0.11,0,13.73,3.5,-,11.58,8.64,32.71,4.44,324.52,620.11,455.09,165.02,-10.09,14.08,14.3,28
Fri Nov 04 06:46:28 GMT-03:00 2022,04-Nov-2022 06:46:28.083,-35.203275374335455,-5.79403068600775,0.01827097125351429,12.0,22.066097451031943,289.4389953613281,-0.68,5.35,7.96,0.01,13.33,0,-0.04,0,0,14.9,7.45,14.7,22.75,96,34.08,24.84,1011.51,14.65,622.4,1,273.61,-,276.42,1918,0,86,-,38.82,30.2,798,22.75,0.64,1.38,22.96,34.12,-17.19,3.12,3.12,-,0.48,12,22.07,289.44,-5.79,-35.2,16,0.11,-,33,0,12.46,8.02,3.77,0,35.21,0.82,0.77,68.83,0,31.17,1396.24,3.53,730,0.07,0,13.73,3.5,-,11.58,8.64,32.7,4.44,324.52,621.1,455.09,166.01,-10.01,14.08,14.3,29
Fri Nov 04 06:46:29 GMT-03:00 2022,04-Nov-2022 06:46:29.081,-35.203275374335455,-5.79403068600775,0.10727903246879578,12.0,22.109664132012508,289.4428405761719,-0.72,5.43,8.1,0.01,13.33,-0.01,-0.05,-0.01,0,14.9,7.45,14.7,22.75,96,34.08,24.79,1011.5,14.65,622.4,1,273.61,-,276.42,1918,0,86,-,38.43,30.59,792.5,22.75,0.65,1.38,22.96,34.12,-17.19,-0.78,-1.56,-,0.48,12,22.11,289.44,-5.79,-35.2,16,0.07,-,33,0,12.46,8.02,3.77,0,35.21,0.78,0.77,68.72,0,31.28,1396.24,3.53,731,0.39,0,13.73,3.5,-,11.58,8.64,32.7,4.44,324.52,622.1,455.09,167.01,-10.12,14.06,14.4,29
Fri Nov 04 06:46:30 GMT-03:00 2022,04-Nov-2022 06:46:30.081,-35.203275374335455,-5.79403068600775,0.0,12.0,22.17424984030034,289.4488525390625,-0.67,5.45,8.05,0,13.33,0,-0.05,-0.01,0.01,14.9,7.45,14.7,22.75,96,34.08,24.75,1011.49,14.65,622.4,1,273.61,-,276.42,1918,0,86,-,38.82,30.59,775.5,22.75,0.65,1.35,22.48,34.12,-17.19,-3.91,-2.34,-,0.48,12,22.17,289.45,-5.79,-35.2,15,0.39,-,33,0,12.46,8.02,3.69,0,35.21,0.44,0.77,68.61,0,31.39,1396.24,3.53,732,0,0,13.73,3.5,-,11.57,8.64,32.7,4.44,324.52,623.09,455.09,168,-10.18,14.08,14.3,30
Fri Nov 04 06:46:31 GMT-03:00 2022,04-Nov-2022 06:46:31.081,-35.203275374335455,-5.79403068600775,0.0,12.0,22.181274498874796,289.45501708984375,-0.69,5.39,8.05,0.01,13.33,0,-0.05,0,0,14.9,7.45,14.7,22.75,96,34.08,24.7,1011.5,14.65,622.4,1,273.61,-,276.42,1918,0,86,-,30.2,30.59,819,22.75,0.65,0.95,15.9,34.12,-17.19,2.34,-2.34,-,0.48,12,22.18,289.46,-5.79,-35.2,14,0,-,33,0,12.46,8.02,2.61,0,35.21,0.44,0.77,68.5,0,31.5,1396.24,3.53,734,0,0,13.73,3,-,11.57,8.64,32.69,4.44,324.52,624.09,455.09,169,-11.42,14.08,14.3,28
Fri Nov 04 06:46:32 GMT-03:00 2022,04-Nov-2022 06:46:32.081,-35.203275374335455,-5.79403068600775,0.017862506210803986,12.0,22.20501548664079,289.4535217285156,-0.63,5.4,8.07,0,12.55,-0.01,-0.06,-0.01,0,14.9,7.45,14.7,22.75,96,34.08,24.65,1011.5,14.65,620.4,1,273.61,-,276.42,1918,0,86,-,29.41,23.14,742.5,22.75,0.65,1,16.69,34.12,-18.75,0,2.34,-,0.48,12,22.21,289.45,-5.79,-35.2,14,0,-,33,0,12.46,8.02,2.74,0,35.21,0.81,0.79,68.39,0,31.61,1396.24,2.75,735,0.06,0,12.94,4.5,-,11.57,8.64,32.69,4.44,324.52,625.09,455.09,170,-11.44,13.92,14.1,26
Fri Nov 04 06:46:33 GMT-03:00 2022,04-Nov-2022 06:46:33.081,-35.203275374335455,-5.79403068600775,0.12523253262043,12.0,22.155191297571932,289.449951171875,-0.63,5.38,8.1,0,12.55,0,-0.06,0,0.01,14.9,7.45,14.7,22.75,96,34.08,24.6,1011.53,14.65,620.4,1,273.61,-,276.42,1918,0,86,-,29.41,23.14,756,22.75,0.65,0.98,16.39,34.12,-18.75,-3.12,-0.78,-,0.48,12,22.16,289.45,-5.79,-35.2,15,0.06,-,33,0,12.46,8.02,2.69,0,35.21,0.83,0.81,68.28,0,31.72,1396.24,2.75,736,0.45,0,12.94,6,-,11.57,8.64,32.69,4.44,324.52,626.09,455.09,171,-11.18,14.16,14.4,25
Fri Nov 04 06:46:34 GMT-03:00 2022,04-Nov-2022 06:46:34.083,-35.203275374335455,-5.79403068600775,0.11861563473939896,12.0,22.129861401010775,289.4552917480469,-0.76,5.41,8.1,0.01,12.94,0,-0.06,0,0.01,14.9,7.45,14.7,22.75,96,34.08,24.6,1011.52,14.65,620.4,1,273.61,-,276.42,1918,0,86,-,29.41,23.92,757,22.75,0.65,1.03,17.24,34.12,-18.75,-3.12,-3.12,-,0.48,12,22.13,289.46,-5.79,-35.2,13,0.06,-,33,0,12.46,8.02,2.83,0,35.21,0.75,0.81,68.17,0,31.83,1396.24,2.75,737,0.43,0,12.94,6,-,11.57,8.64,32.68,4.44,324.52,627.08,455.09,171.99,-11.06,14.16,14.4,25
Fri Nov 04 06:46:35 GMT-03:00 2022,04-Nov-2022 06:46:35.081,-35.203275374335455,-5.79403068600775,0.06771814823150635,12.0,22.220256971057537,289.4598083496094,-0.79,5.38,8.04,0,12.94,0,-0.05,-0.01,0,14.9,7.45,14.7,22.75,96,34.08,24.55,1011.51,14.65,620.4,1,273.61,-,276.42,1918,0,86,-,29.41,23.92,757,22.75,0.65,1.03,17.24,34.12,-18.75,0,0.78,-,0.48,12,22.22,289.46,-5.79,-35.2,12,0.43,-,33,0,12.46,8.02,2.83,0,35.21,0.11,0.85,68.06,0,31.94,1396.24,2.75,737,0.24,0,12.94,5,-,11.57,8.64,32.68,4.44,324.52,628.09,455.09,173,-11.06,14.12,14.4,25
Fri Nov 04 06:46:36 GMT-03:00 2022,04-Nov-2022 06:46:36.083,-35.203275374335455,-5.79403068600775,0.22134330868721008,12.0,22.23048609880085,289.4652099609375,-0.73,5.39,8.08,0,12.94,0,-0.06,-0.01,0,14.9,7.45,14.7,22.75,96,34.08,24.51,1011.5,14.65,618.6,1,273.61,-,276.42,1918,0,86,-,29.8,23.53,769.5,22.75,0.65,1.02,17.06,34.12,-17.97,2.34,0.78,-,0.48,12,22.23,289.47,-5.79,-35.2,11,0.24,-,33,0,12.46,8.02,2.8,0,35.21,0.77,0.84,67.95,0,32.05,1396.24,2.75,739,0.8,0,13.33,3.5,-,11.57,8.64,32.68,4.44,324.52,629.09,455.09,174,-11.1,14.12,14.4,25
Fri Nov 04 06:46:37 GMT-03:00 2022,04-Nov-2022 06:46:37.083,-35.203275374335455,-5.79403068600775,0.0,12.0,22.353245913999977,289.4627990722656,-0.65,5.39,8.09,0,12.94,0,-0.04,-0.01,0.01,14.9,7.45,14.7,22.75,96,34.08,24.46,1011.53,14.65,618.6,1,273.61,-,276.42,1918,0,86,-,32.55,25.49,811,22.75,0.65,1.21,20.1,34.12,-17.97,-1.56,-0.78,-,0.48,12,22.35,289.46,-5.79,-35.2,11,0.8,-,33,0,12.46,8.02,3.3,0,35.21,0.41,0.82,67.84,0,32.16,1396.24,3.14,740,0,0,14.12,9,-,11.57,8.64,32.68,4.44,324.52,630.09,455.09,174.99,-10.54,13.4,14.4,25
Fri Nov 04 06:46:38 GMT-03:00 2022,04-Nov-2022 06:46:38.082,-35.203275374335455,-5.79403068600775,0.0,12.0,22.254025312257586,289.4598083496094,-0.72,5.44,8.06,0.01,13.73,-0.01,-0.05,0,0,14.9,7.45,14.7,22.75,96,34.08,24.46,1011.51,14.65,617.2,1,273.61,-,276.41,1918,0,86,-,32.55,30.59,811,22.75,0.65,1.37,22.78,34.12,-17.19,-1.56,-0.78,-,0.48,12,22.25,289.46,-5.79,-35.2,12,0.8,-,33,0,12.46,8.02,3.74,0,35.21,0.41,0.82,67.74,0,32.26,1396.24,3.92,741,0,0,14.12,9,-,11.57,8.65,32.67,4.44,324.52,631.09,455.09,176,-10.23,13.4,13.3,26
Fri Nov 04 06:46:39 GMT-03:00 2022,04-Nov-2022 06:46:39.080,-35.203275374335455,-5.79403068600775,0.145866259932518,12.0,22.369208876969115,289.46051025390625,-0.74,5.47,8.18,0.02,13.73,-0.01,-0.05,0,0,14.9,7.45,14.7,22.75,96,34.08,24.41,1011.51,14.65,616,1,273.61,-,276.41,1918,0,86,-,39.22,30.59,763.5,22.75,0.65,1.37,22.78,34.12,-17.19,3.12,0.78,-,0.48,12,22.37,289.46,-5.79,-35.2,13,0,-,33,0,12.46,8.02,3.74,0,35.21,0.79,0.81,67.63,0,32.37,1396.24,3.92,741,0.53,0,14.12,3.5,-,11.57,8.65,32.67,4.44,324.52,632.1,455.09,177.01,-10.23,14.1,14.4,26
Fri Nov 04 06:46:40 GMT-03:00 2022,04-Nov-2022 06:46:40.082,-35.203275374335455,-5.79403068600775,0.10874085873365402,12.0,22.422855166404712,289.46282958984375,-0.62,5.42,8.05,0,13.73,0,-0.05,0,0,14.9,7.45,14.7,22.75,96,34.08,24.36,1011.54,14.65,616,1,273.61,-,276.41,1918,0,86,-,39.22,30.98,774,22.75,0.65,1.37,22.78,34.12,-17.19,-2.34,-3.12,-,0.48,12,22.42,289.46,-5.79,-35.2,13,0.53,-,33,0,12.46,8.02,3.74,0,35.21,0.7,0.8,67.52,0,32.48,1396.24,3.53,743,0.39,0,13.73,3.5,-,11.57,8.65,32.67,4.44,324.52,633.1,455.09,178.01,-9.95,14.16,14.3,28
Fri Nov 04 06:46:41 GMT-03:00 2022,04-Nov-2022 06:46:41.081,-35.203275374335455,-5.79403068600775,0.04102860018610954,12.0,22.260117527090557,289.4588623046875,-0.62,5.44,8.02,0,13.33,0,-0.06,0,0.01,14.9,7.45,14.7,22.75,96,34.08,24.32,1011.49,14.65,614.5,1,273.61,-,276.41,1918,0,86,-,39.22,30.98,764.5,22.75,0.65,1.37,22.78,34.12,-17.19,-0.78,0,-,0.48,12,22.26,289.46,-5.79,-35.2,14,0.39,-,33,0,12.46,8.02,3.74,0,35.21,0.09,0.8,67.42,0,32.58,1396.24,3.53,744,0.15,0,13.73,3.5,-,11.56,8.65,32.67,4.44,324.52,634.1,455.09,179.01,-10.02,14.12,14.4,29
Fri Nov 04 06:46:42 GMT-03:00 2022,04-Nov-2022 06:46:42.082,-35.203275374335455,-5.79403068600775,0.04934011027216911,12.0,22.231735987987346,289.4615173339844,-0.68,5.44,8.07,0.01,13.33,0,-0.06,0,0.01,14.9,7.45,14.7,22.75,96,34.08,24.27,1011.51,14.65,614.5,1,273.61,-,276.41,1918,0,86,-,38.43,30.59,788.5,22.75,0.65,1.37,22.78,34.12,-17.19,2.34,0,-,0.48,12,22.23,289.46,-5.79,-35.2,13,0.15,-,33,0,12.46,8.02,3.74,0,35.21,0.09,0.8,67.31,0,32.69,1396.24,3.53,745,0.18,0,13.73,3.5,-,11.56,8.65,32.67,4.44,324.52,635.1,455.09,180.01,-9.96,14.12,14.4,29
Fri Nov 04 06:46:43 GMT-03:00 2022,04-Nov-2022 06:46:43.081,-35.203275374335455,-5.79403068600775,0.03777370601892471,12.0,22.1784954869548,289.4702453613281,-0.69,5.39,8.09,-0,13.73,0,-0.05,0,0.01,14.9,7.45,14.7,22.75,96,34.08,24.27,1011.51,14.65,613.5,1,273.61,-,276.41,1918,0,86,-,38.43,30.59,788.5,22.75,0.65,1.37,22.78,34.12,-17.19,2.34,0,-,0.48,12,22.18,289.47,-5.79,-35.2,13,0.15,-,33,0,12.46,8.02,3.74,0,35.21,0.81,0.79,67.2,0,32.8,1396.24,3.53,745,0.14,0,13.73,3.5,-,11.56,8.65,32.67,4.44,324.52,636.1,455.09,181.01,-9.96,14.08,14.4,29
Fri Nov 04 06:46:44 GMT-03:00 2022,04-Nov-2022 06:46:44.081,-35.203275374335455,-5.79403068600775,0.0,8.0,22.168059966581904,289.4685974121094,-0.61,5.44,8.07,0.01,12.94,0,-0.06,-0.01,0,14.9,7.45,14.7,22.75,96,34.08,24.22,1011.5,14.65,613.5,1,273.61,-,276.41,1918,0,86,-,38.82,30.59,776,22.75,0.65,1.38,22.96,34.12,-17.19,-3.91,-4.69,-,0.48,8,22.17,289.47,-5.79,-35.2,13,0.14,-,33,0,12.46,8.02,3.77,0,35.21,0.68,0.79,67.1,0,32.9,1396.24,2.75,746,0,0,13.73,2,-,11.56,8.65,32.66,4.44,324.52,637.09,455.09,182,-10.06,14.12,14.4,30
Fri Nov 04 06:46:45 GMT-03:00 2022,04-Nov-2022 06:46:45.081,-35.203275374335455,-5.79403068600775,0.0,8.0,22.2110996505773,289.4667663574219,-0.63,5.39,8.1,0.01,12.55,0,-0.06,-0.01,0,14.9,7.45,14.7,22.75,96,34.08,24.18,1011.47,14.65,612.5,1,273.61,-,276.41,1918,0,86,-,30.2,28.24,807.5,22.75,0.65,0.94,15.71,34.12,-18.75,-0.78,-0.78,-,0.48,8,22.21,289.47,-5.79,-35.2,13,0,-,33,0,12.46,8.02,2.58,0,35.21,0.6,0.79,66.99,0,33.01,1396.24,2.75,747,0,0,13.33,3,-,11.56,8.65,32.66,4.44,324.52,638.09,455.09,183,-11.46,14.12,14.4,28
Fri Nov 04 06:46:46 GMT-03:00 2022,04-Nov-2022 06:46:46.083,-35.203275374335455,-5.79403068600775,0.0,8.0,22.09347510840821,289.4662170410156,-0.77,5.71,7.77,-0,12.55,0,-0.06,0.02,-0.01,14.9,7.45,14.7,22.75,96,34.08,24.13,1011.5,14.65,612.5,1,273.61,-,276.41,1918,0,86,-,29.41,23.14,751.5,22.75,0.65,1.01,16.87,34.12,-18.75,-2.34,-3.12,-,0.48,8,22.09,289.47,-5.79,-35.2,14,0,-,34,0,12.46,8.02,2.77,0,35.21,0.76,0.79,66.89,0,33.11,1396.24,2.75,748,0,0,12.94,5,-,11.56,8.65,32.66,4.44,324.52,639.09,455.09,184,-11.36,14.18,14.4,26
Fri Nov 04 06:46:47 GMT-03:00 2022,04-Nov-2022 06:46:47.082,-35.203275374335455,-5.79403068600775,0.20085138082504272,8.0,22.23154215101404,289.4462585449219,-0.68,6.28,7.39,0,13.73,-0.01,-0.05,0.06,-0.05,21.18,12.16,14.7,22.75,96,34.08,24.13,1011.51,14.65,611.5,1,273.61,-,276.41,1918,0,86,-,29.41,29.8,751.5,22.75,0.65,1.01,16.87,34.12,-18.75,-2.34,-3.12,-,0.48,8,22.23,289.45,-5.79,-35.2,14,0,-,34,0,12.46,8.02,2.77,0,35.21,0.76,0.81,66.78,0,33.22,1396.24,3.92,748,0.72,0,12.94,5,-,11.56,8.65,32.66,4.44,324.52,640.11,455.09,185.02,-11.36,14.18,14.3,26
Fri Nov 04 06:46:48 GMT-03:00 2022,04-Nov-2022 06:46:48.081,-35.203288413895386,-5.793989267488492,1.9643281698226929,8.0,22.17879874534822,289.3412780761719,-0.51,6.44,7.38,0.01,16.47,0,-0.03,0.1,-0.05,28.24,14.51,14.7,22.75,96,34,24.09,1011.48,14.65,611.5,1,273.61,-,273.24,1918,0,86,0.53,43.92,39.61,1138.5,22.75,0.65,2.5,41.6,33.73,-14.84,1.56,2.34,-,0.49,8,22.18,289.34,-5.79,-35.2,14,2.28,0.71,34,0,12.46,8.02,6.83,0,35.21,0.29,0.81,66.68,0,33.32,1396.24,6.67,750,7.07,3,16.47,20,4.41,11.56,8.65,32.65,4.44,324.52,641.09,455.86,185.23,-5.91,14.14,14.4,35
Fri Nov 04 06:46:49 GMT-03:00 2022,04-Nov-2022 06:46:49.082,-35.203308044498414,-5.7939791557954825,3.218982696533203,8.0,22.28087755578074,289.20172119140625,-1.16,7.03,6.75,0.01,18.43,0,-0.06,0.09,-0.06,29.41,15.29,14.7,22.75,96,33.93,24.06,1011.48,14.65,609.6,1,273.61,-,273.23,1918,0,86,0.53,48.24,44.71,1497,22.75,0.66,3.28,54.64,33.73,-14.06,0,1.56,-,0.49,8,22.28,289.2,-5.79,-35.2,15,0.93,0.71,34,0.92,12.46,8.02,8.97,2.59,35.21,0.09,0.8,66.7,0,33.3,1397.92,8.63,751,11.59,8,18.04,21.5,4.41,11.54,8.67,32.6,4.44,324.52,642.09,456.86,185.23,-7.07,14.16,14.3,39
Fri Nov 04 06:46:50 GMT-03:00 2022,04-Nov-2022 06:46:50.081,-35.203343812555836,-5.793961050562147,4.814677715301514,8.0,22.283530004716255,289.19580078125,-0.86,6.11,7.55,0.05,20.78,-0.02,-0.1,0.08,-0.09,14.9,15.29,14.7,22.75,96,33.87,24.04,1011.47,14.65,609.6,1,273.61,-,273.23,1918,0,86,5.96,58.43,44.71,1900,22.75,0.66,5.2,86.74,33.73,-14.06,1.56,0,-,0.49,8,22.28,289.2,-5.79,-35.2,14,0.41,8,34,1.54,12.46,8.02,14.24,4.34,35.21,0.81,0.79,66.75,0,33.25,1399.77,10.98,752,17.33,12,20.78,21,29.98,11.52,8.68,32.54,4.44,324.52,643.09,457.86,185.23,-5.5,14.16,14.4,45
Fri Nov 04 06:46:51 GMT-03:00 2022,04-Nov-2022 06:46:51.083,-35.203384973838375,-5.7939419890685375,5.272896766662598,8.0,22.285779512986966,289.1726379394531,-0.85,5.57,8.27,0.03,20.78,-0.08,0,-0.02,-0.07,14.9,7.45,14.7,22.75,96,33.83,24.03,1011.48,14.65,609.6,1,273.61,-,263.69,1918,0,86,7.07,29.02,41.18,1592.5,22.75,0.66,1.78,29.6,32.55,-14.06,-7.81,0,-,0.49,8,22.29,289.17,-5.79,-35.2,14,0.67,9.48,34,6.76,12.46,8.02,4.86,19.08,35.21,0.81,0.79,66.8,0,33.2,1401.65,10.98,754,18.98,18,20.78,21,42.37,11.51,8.69,32.52,4.45,324.53,644.1,458.87,185.23,-12.19,14.16,14.4,38
Fri Nov 04 06:46:52 GMT-03:00 2022,04-Nov-2022 06:46:52.080,-35.20342745435386,-5.79391594420366,5.430576324462891,8.0,21.42519764319742,288.9845886230469,-0.19,6.63,7.4,0.02,18.82,-0.01,-0.04,0.02,-0.02,25.88,13.33,14.7,22.75,96,33.79,24.02,1011.54,14.65,610.1,1,274.79,651.41,263.69,1918,0,86,4.14,55.29,42.75,1882.5,22.75,0.66,4.43,73.88,32.55,-14.84,0,-6.25,-,0.49,8,21.43,288.98,-5.79,-35.2,17,1.02,5.55,34,4.06,12.46,8.02,12.13,11.47,35.21,0.06,0.85,66.85,0,33.15,1404.41,9.02,755,19.55,20,17.25,24,20.99,11.5,8.7,32.48,4.45,324.53,645.1,459.87,185.23,-7.32,14.12,14.4,41
Fri Nov 04 06:46:53 GMT-03:00 2022,04-Nov-2022 06:46:53.082,-35.20348054353416,-5.793892820216058,6.566906929016113,8.0,21.567823547365943,290.1759948730469,0.53,5.96,6.6,-0.08,19.61,0.06,-0.04,0.01,0.08,27.06,13.73,14.7,22.75,96,33.76,24.02,1011.51,14.65,610.1,1,276.05,677.62,263.68,1918,0,86,4.14,63.14,49.8,1843.5,22.75,0.66,5.12,85.4,32.55,-14.06,0,1.56,-,0.49,8,21.57,290.18,-5.79,-35.2,18,3.45,5.55,34,3.9,12.46,8.02,14.02,11.03,35.21,0.17,0.8,66.91,0,33.09,1407.85,9.8,756,23.64,23,20,20,20.99,11.48,8.71,32.43,4.46,324.54,646.09,460.86,185.23,-7.48,14.18,14.4,43
Fri Nov 04 06:46:54 GMT-03:00 2022,04-Nov-2022 06:46:54.081,-35.20353874978016,-5.793866871356472,7.312748908996582,8.0,21.569735365266773,291.3936767578125,-0.26,6.19,6.69,-0.06,20.39,0.05,-0.05,0.14,-0.03,27.84,14.12,14.7,22.75,96,33.76,24.02,1011.49,14.65,610.1,1,277.02,587.98,260.5,1918,0,85,4.14,63.14,54.9,1843.5,22.75,0.66,5.11,85.21,32.16,-14.06,0,1.56,-,0.49,8,21.57,291.39,-5.79,-35.2,19,3.45,5.55,34,4.5,12.46,8.02,13.99,12.71,35.21,0.21,0.76,66.96,0,33.04,1407.85,10.59,757,26.33,23,20.78,20,20.99,11.47,8.72,32.4,4.46,324.54,647.09,461.86,185.23,-7.35,14.06,14.4,44
Fri Nov 04 06:46:55 GMT-03:00 2022,04-Nov-2022 06:46:55.082,-35.20360304219515,-5.793839532942987,7.9142913818359375,8.0,21.634648021664198,291.5484924316406,-0.36,6.42,6.55,-0.05,20.39,0,-0.01,0.05,-0.03,27.84,14.12,14.7,22.75,96,33.75,24.02,1011.47,14.65,610.1,1,277.02,587.98,260.5,1918,0,85,8.37,65.49,54.9,1726.5,22.75,0.66,5.11,85.21,32.16,-14.06,-2.34,0,-,0.49,8,21.63,291.55,-5.79,-35.2,18,0.67,11.23,33,4.5,12.46,8.02,13.99,12.71,35.21,0.09,0.74,67.01,0,32.99,1410.56,10.59,757,28.49,27,20.78,19.5,46.32,11.47,8.72,32.4,4.47,324.55,648.1,462.87,185.23,-7.35,14.08,14.4,44
Fri Nov 04 06:46:56 GMT-03:00 2022,04-Nov-2022 06:46:56.081,-35.20367574707767,-5.793806308548102,8.580073356628418,6.0,21.98016102749896,289.9215393066406,-0.97,6.32,8.06,0.06,20.39,0,-0.06,0.05,-0.03,27.06,14.12,14.7,22.75,96,33.74,24.04,1011.45,14.65,618,1,277.7,494.07,260.5,1918,0,84,10.2,65.49,53.73,1723,22.75,0.67,5.04,84.06,32.16,-14.06,0,1.56,-,0.49,6,21.98,289.92,-5.79,-35.2,17,2.51,13.68,33,5.35,12.46,8.02,13.8,15.12,35.2,0.19,0.73,67.06,0,32.94,1415.8,10.59,759,30.89,31,20.39,19.5,56.54,11.46,8.73,32.36,4.47,324.56,649.09,463.86,185.23,-6.98,14.06,14.4,46
Fri Nov 04 06:46:57 GMT-03:00 2022,04-Nov-2022 06:46:57.082,-35.20374811512879,-5.793775200053859,9.090754508972168,6.0,22.027744215818387,288.88250732421875,-1.37,5.54,7.3,-0.04,20,-0.09,0.08,0,-0.11,27.06,13.73,14.7,22.75,96,33.74,24.05,1011.48,14.65,618,1,278.1,408.8,260.49,1918,0,84,10.2,63.14,52.94,1693,22.75,0.67,4.79,79.85,32.16,-14.06,0,0.78,-,0.5,6,22.03,288.88,-5.79,-35.2,15,2.11,13.68,33,6.47,12.46,8.02,13.11,18.28,35.2,0.19,0.72,67.11,0,32.89,1420.59,10.2,760,32.73,33,20.39,19.5,56.54,11.45,8.74,32.34,4.48,324.56,650.11,464.88,185.23,-7.35,14.08,14.4,47
Fri Nov 04 06:46:58 GMT-03:00 2022,04-Nov-2022 06:46:58.082,-35.20382565153789,-5.793745311274123,9.538775444030762,6.0,22.241345611835342,288.9208068847656,-0.18,5.9,9.02,0.11,19.22,0.06,-0.09,0.05,0.05,26.27,13.33,14.7,22.75,96,33.74,24.07,1011.44,14.65,618,1,278.31,345.65,260.49,1918,0,84,5.96,58.82,49.8,1626,22.75,0.67,4.31,71.87,32.16,-14.06,-4.69,0.78,-,0.5,6,22.24,288.92,-5.79,-35.2,20,1.27,8,33,7.65,12.46,8.02,11.8,21.62,35.2,0.19,0.72,67.16,0,32.84,1425.42,9.02,761,34.34,34,18.82,20,35.02,11.44,8.74,32.32,4.49,324.57,651.09,465.86,185.23,-7.97,14.08,14.4,46
Fri Nov 04 06:46:59 GMT-03:00 2022,04-Nov-2022 06:46:59.086,-35.20390392153748,-5.793713151029301,9.735326766967773,6.0,22.32761306897147,288.8043212890625,-0.22,4.47,8.77,0.01,13.33,0.04,-0.07,-0.11,0.12,14.9,7.45,14.7,22.75,96,33.74,24.07,1011.5,14.65,626.1,1,278.31,345.65,260.49,1918,0,84,5.96,58.82,18.82,1626,22.75,0.67,4.31,71.87,32.16,-16.41,-4.69,-3.91,-,0.5,6,22.33,288.8,-5.79,-35.2,17,1.27,8,33,7.65,12.46,8.02,11.8,21.62,35.2,0.81,0.71,67.21,0,32.79,1425.42,3.53,761,35.05,34,18.82,20,35.02,11.44,8.74,32.32,4.49,324.57,652.1,466.87,185.23,-7.97,14.14,14.4,46
Fri Nov 04 06:46:59 GMT-03:00 2022,04-Nov-2022 06:47:00.082,-35.20390392153748,-5.793713151029301,9.735326766967773,6.0,22.32761306897147,288.8043212890625,-0.19,4.74,8.32,-0.01,12.55,0.03,0.01,-0.09,0.11,14.9,7.45,14.7,22.75,96,33.73,24.08,1011.41,14.65,626.1,1,277.72,85.86,257.31,1918,0,84,5.96,19.61,16.08,1202.5,22.75,0.67,1.1,18.4,31.76,-17.97,-2.34,-1.56,-,0.5,6,22.33,288.8,-5.79,-35.2,16,4.05,8,33,30.8,12.46,8.02,3.02,87.02,35.21,0.08,0.71,67.26,0,32.74,1421.59,2.75,762,35.05,31,12.94,-7.5,35.02,11.48,8.71,32.42,4.5,324.58,653.09,467.86,185.23,-12.87,14.16,14.4,38
Fri Nov 04 06:47:01 GMT-03:00 2022,04-Nov-2022 06:47:01.079,-35.20402802066529,-5.793665752926017,7.460592746734619,6.0,22.416936029889797,287.8164978027344,-1.42,5.41,7.69,-0.02,15.29,0,-0.11,-0.05,0.04,25.49,13.33,14.7,22.75,96,33.71,24.09,1011.44,14.65,626.5,1,277.09,73.59,257.32,1918,0,84,5.96,19.22,16.08,1073.5,22.75,0.67,0.86,14.37,31.76,-17.19,-2.34,-2.34,-,0.5,6,22.42,287.82,-5.79,-35.2,16,1.75,8,33,35.94,12.46,8.02,2.36,101.53,35.21,0.79,0.71,67.31,0,32.69,1419.2,5.1,763,26.86,26,12.94,3.5,35.02,11.48,8.71,32.43,4.51,324.59,654.09,468.86,185.23,-12.77,14.16,14.4,31
Fri Nov 04 06:47:02 GMT-03:00 2022,04-Nov-2022 06:47:02.081,-35.20408223331803,-5.79364286307783,7.362041473388672,6.0,22.45761623935863,287.4374694824219,-1.45,5.47,6.94,-0.08,15.29,0,-0.07,0.07,-0.05,25.49,13.33,14.7,22.75,96,33.69,24.09,1011.49,14.65,626.5,1,277.77,498.57,260.5,1918,0,84,-,52.55,27.06,1694.5,22.75,0.67,4.9,81.68,32.16,-17.19,2.34,0.78,-,0.5,6,22.46,287.44,-5.79,-35.2,18,0.86,-,33,5.31,12.46,8.02,13.41,14.99,35.2,0.75,0.7,67.36,0,32.64,1418.26,5.1,764,26.5,26,19.61,21.5,-,11.47,8.72,32.4,4.51,324.59,655.1,469.87,185.23,-2.67,14.08,14.4,44
Fri Nov 04 06:47:03 GMT-03:00 2022,04-Nov-2022 06:47:03.083,-35.204145203270414,-5.7936184659903915,7.946793556213379,6.0,22.5019219862026,286.5565490722656,-1.27,6.26,7.89,0.05,20.39,0.04,-0.07,0.1,-0.01,27.84,14.12,14.7,22.75,96,33.69,24.09,1011.45,14.65,627.6,1,277.77,498.57,260.5,1918,0,84,-,52.55,51.37,1694.5,22.75,0.67,4.9,81.68,32.16,-14.06,2.34,0.78,-,0.5,6,22.5,286.56,-5.79,-35.2,18,0.86,-,33,5.31,12.46,8.02,13.41,14.99,35.2,0.75,0.7,67.41,0,32.59,1418.26,10.59,764,28.61,26,19.61,21.5,-,11.47,8.72,32.4,4.51,324.59,656.09,470.86,185.23,-2.67,14.08,14.4,44
Fri Nov 04 06:47:04 GMT-03:00 2022,04-Nov-2022 06:47:04.083,-35.204218369714,-5.79359442184633,8.838111877441406,6.0,22.500838220661954,287.1719970703125,-1.63,6.39,7.82,0.05,19.22,-0.05,-0.08,0.06,-0.1,27.45,14.12,14.7,22.75,96,33.68,24.1,1011.48,14.5,627.6,1,278.44,497.45,257.32,1918,0,84,6.65,64.31,51.37,1601.5,22.75,0.68,4.89,81.5,31.76,-14.06,-0.78,0.78,-,0.5,6,22.5,287.17,-5.79,-35.2,16,1.39,8.91,33,5.32,12.46,8.02,13.38,15.02,35.2,0.29,0.69,67.46,0,32.54,1420.14,9.41,766,31.82,30,20,18.5,39.64,11.46,8.73,32.37,4.53,324.61,657.11,471.88,185.23,-7.08,14.14,14.4,46
Fri Nov 04 06:47:05 GMT-03:00 2022,04-Nov-2022 06:47:05.080,-35.20429724788463,-5.793563766534667,9.097049713134766,6.0,22.60789896184111,288.135498046875,-0.36,6.36,8.43,0.03,19.22,-0.01,-0.03,0.1,-0.09,27.45,14.12,14.7,22.75,96,33.68,24.12,1011.4,14.5,630.9,1,278.84,408.89,257.31,1918,0,84,6.87,62.35,51.37,1563.5,22.75,0.68,4.64,77.3,31.76,-14.06,0.78,-0.78,-,0.5,6,22.61,288.14,-5.79,-35.2,15,0.18,9.22,33,6.47,12.46,8.02,12.69,18.27,35.2,0.59,0.69,67.51,0,32.49,1424.48,9.41,768,32.75,32,19.61,18.5,41.97,11.45,8.73,32.34,4.54,324.62,658.09,472.86,185.23,-6.91,14.16,14.4,47
Fri Nov 04 06:47:06 GMT-03:00 2022,04-Nov-2022 06:47:06.082,-35.20437833303308,-5.793532493842818,9.668045043945312,6.0,22.595054511589584,289.0722351074219,-0.53,5.48,7.53,-0.04,19.22,-0.02,-0.01,0,-0.01,27.45,14.12,14.7,22.75,96,33.68,24.14,1011.42,14.5,630.9,1,279.13,377.3,257.31,1918,0,84,6.87,61.96,50.98,1543.5,22.75,0.68,4.56,76.08,31.76,-14.06,-1.56,-0.78,-,0.5,6,22.6,289.07,-5.79,-35.2,16,1.25,9.22,33,7.01,12.46,8.02,12.49,19.8,35.2,0.1,0.69,67.56,0,32.44,1431.01,9.41,768,34.8,34,19.61,18.5,41.97,11.44,8.74,32.32,4.54,324.62,659.09,473.86,185.23,-6.84,14.14,14.3,48
Fri Nov 04 06:47:07 GMT-03:00 2022,04-Nov-2022 06:47:07.081,-35.20446238768537,-5.793500277143017,9.977178573608398,6.0,22.69225427147325,289.4058532714844,-0.85,4.66,8.73,0.02,16.86,0,-0.05,-0.03,0.03,14.9,7.45,14.7,22.75,96,33.68,24.14,1011.42,14.5,630.9,1,278.7,135.62,254.13,1918,0,84,6.87,61.96,30.2,1543.5,22.75,0.68,1.74,29.05,31.37,-14.06,-1.56,-0.78,-,0.51,6,22.69,289.41,-5.79,-35.2,17,1.25,9.22,33,19.5,12.46,8.02,4.77,55.09,35.2,0.1,0.69,67.61,0,32.39,1431.01,8.63,770,35.92,34,19.61,18.5,41.97,11.46,8.73,32.36,4.54,324.62,660.09,474.86,185.23,-11.54,14.14,14.3,41
Fri Nov 04 06:47:08 GMT-03:00 2022,04-Nov-2022 06:47:08.081,-35.204543646871635,-5.793470954951447,9.641047477722168,6.0,22.739345038505085,289.7063293457031,-0.48,4.48,7.36,0.06,12.94,0.05,-0.12,0,0.07,14.9,7.45,14.7,22.75,96,33.68,24.16,1011.42,14.65,633.5,1,278.7,135.62,254.13,1918,0,84,6.87,24.71,15.69,1386.5,22.75,0.68,1.74,29.05,31.37,-17.19,-4.69,-3.91,-,0.51,6,22.74,289.71,-5.79,-35.2,17,0.08,9.22,33,19.5,12.46,8.02,4.77,55.09,35.2,0.12,0.69,67.66,0,32.34,1433.62,3.14,771,34.71,36,13.33,0,41.97,11.46,8.73,32.36,4.56,324.64,661.09,475.86,185.23,-11.54,14.08,14.4,41
Fri Nov 04 06:47:09 GMT-03:00 2022,04-Nov-2022 06:47:09.081,-35.20462238528356,-5.793443144887099,9.37035083770752,6.0,22.558919193547545,290.0081787109375,-0.57,4.77,9.06,0.06,12.94,0,-0.06,-0.03,0.03,14.9,7.45,26.7,22.75,96,33.68,24.18,1011.42,14.65,633.5,1.82,277.56,88.42,254.14,1918,0,84,-,19.22,15.69,1254,22.75,0.68,1.14,18.94,31.37,-17.97,0,0,-,0.51,6,22.56,290.01,-5.79,-35.2,14,0.71,-,33,29.91,12.46,8.02,3.11,84.5,35.21,0.06,0.69,67.71,0,32.29,1433.28,3.14,772,33.73,34,13.33,-12,-,11.52,8.68,32.55,4.56,324.64,662.1,476.87,185.23,-12.31,14.14,14.3,30
Fri Nov 04 06:47:10 GMT-03:00 2022,04-Nov-2022 06:47:10.082,-35.204695707437054,-5.793413399759048,8.851187705993652,6.0,22.583615017355505,290.71575927734375,-2.32,5.02,8.73,0.07,14.12,-0.09,0.12,0,-0.1,14.9,7.45,29.4,22.75,96,33.68,24.19,1011.43,14.65,633.5,2,277.56,88.42,254.14,1918,0,84,-,18.82,22.75,1254,22.75,0.68,1.14,18.94,31.37,-16.41,0,0,-,0.51,6,22.58,290.72,-5.79,-35.2,13,0.73,-,33,29.91,12.46,8.02,3.11,84.5,35.21,0,0.04,67.75,0,32.25,1430.54,4.31,772,31.86,33,13.33,-13,-,11.52,8.68,32.55,4.57,324.65,663.1,477.87,185.23,-12.31,14.02,14.3,30
Fri Nov 04 06:47:11 GMT-03:00 2022,04-Nov-2022 06:47:11.081,-35.204763634019834,-5.793385437526721,8.657966613769531,6.0,22.598255198986028,290.5840148925781,-1.86,4.12,8.55,0.12,14.12,-0.01,0.05,-0.03,0.01,14.9,7.45,29.4,22.75,96,33.67,24.2,1011.48,14.65,633.5,2,277.02,96.67,257.33,1918,0,84,-,27.84,22.75,936.5,22.75,0.68,1.21,20.1,31.76,-16.41,0,0,-,0.51,6,22.6,290.58,-5.79,-35.2,12,1.86,-,33,27.36,12.46,8.02,3.3,77.29,35.21,0,0.04,67.8,0,32.2,1425.92,4.31,774,31.17,30,13.33,3.5,-,11.55,8.66,32.64,4.58,324.66,664.09,478.86,185.23,-12.13,14.12,14.3,27
Fri Nov 04 06:47:12 GMT-03:00 2022,04-Nov-2022 06:47:12.083,-35.20482667006586,-5.793361597586025,7.4157395362854,6.0,22.6335250641054,290.8018493652344,-1.66,4.1,7.22,-0.13,13.33,0.14,-0.03,-0.04,0.21,14.9,7.45,13.28,22.75,96,33.66,24.21,1011.45,14.65,632.9,0.9,276.52,111.81,257.34,1918,0,84,-,28.24,22.35,949,22.75,0.68,1.27,21.14,31.76,-17.97,0,0,-,0.51,6,22.63,290.8,-5.79,-35.2,17,4.17,-,33,23.66,12.46,8.02,3.47,66.82,35.21,0.89,0.09,67.85,0,32.15,1424.14,3.14,775,26.7,27,13.73,3,-,11.58,8.64,32.7,4.59,324.67,665.1,479.87,185.23,-11.1,14.14,14.4,26
Fri Nov 04 06:47:13 GMT-03:00 2022,04-Nov-2022 06:47:13.082,-35.204875247139626,-5.793341768816842,6.2542877197265625,6.0,22.63737391127177,291.5340270996094,-0.93,2.67,9.89,0.06,13.33,0.04,-0.11,-0.1,0.12,14.9,7.45,13.26,22.75,96,33.63,24.21,1011.47,14.65,632.9,0.9,276.07,123.16,257.34,1918,0,84,-,28.63,23.14,947.5,22.75,0.68,1.26,20.95,31.76,-17.19,0,0,-,0.51,6,22.64,291.53,-5.79,-35.2,20,3.7,-,33,21.48,12.46,8.02,3.44,60.67,35.21,0.89,0.12,67.9,0,32.1,1422.2,3.14,776,22.52,23,13.73,3,-,11.59,8.62,32.75,4.59,324.68,666.09,480.86,185.23,-11.17,14.08,14.3,25
Fri Nov 04 06:47:14 GMT-03:00 2022,04-Nov-2022 06:47:14.083,-35.20491585582185,-5.793321353979408,5.345823764801025,6.0,22.56529033105054,294.6643371582031,-0.08,3.96,9.5,0.06,13.33,-0.03,-0.03,-0.17,0.07,14.9,7.45,13.26,22.75,96,33.59,24.19,1011.52,14.65,632.9,0.9,275.68,145.84,260.53,1918,0,85,-,29.02,23.14,929,22.75,0.69,1.27,21.14,32.16,-17.19,0,0,-,0.51,6,22.57,294.66,-5.79,-35.2,23,4.52,-,33,18.14,12.46,8.02,3.47,51.23,35.21,0.89,0.12,67.95,0,32.05,1420.47,3.14,777,19.24,18,13.73,3,-,11.61,8.62,32.79,4.6,324.68,667.09,481.86,185.23,-11.14,14.08,14.3,25
Fri Nov 04 06:47:15 GMT-03:00 2022,04-Nov-2022 06:47:15.081,-35.204941168600755,-5.793302402557258,3.63386869430542,6.0,22.549379514268352,307.4881896972656,0.06,5.4,8.38,0.03,12.94,0.01,0.04,0,0.03,14.9,7.45,14.7,22.75,96,33.59,24.19,1011.51,14.65,629.1,1,275.68,145.84,260.53,1918,0,85,-,29.02,23.14,929,22.75,0.69,1.27,21.14,32.16,-17.97,0,0,-,0.51,6,22.55,307.49,-5.79,-35.2,24,4.52,-,33,18.14,12.46,8.02,3.47,51.23,35.21,0.86,0.92,68,0,32,1420.47,3.14,777,13.08,18,13.33,3.5,-,11.61,8.62,32.79,4.6,324.68,668.11,482.88,185.23,-11.14,14.12,14.3,25
Fri Nov 04 06:47:16 GMT-03:00 2022,04-Nov-2022 06:47:16.082,-35.204964526290055,-5.793282925906867,3.2219836711883545,6.0,22.697466618252044,326.5981140136719,1.24,5.7,9.4,0.14,12.94,0.12,0.14,0.02,0.14,17.25,9.02,14.7,22.75,96,33.53,24.17,1011.53,14.65,629.1,1,275.41,183.13,263.71,1918,0,85,-,27.84,22.35,950,22.75,0.69,1.25,20.77,32.55,-17.97,-3.12,-3.91,-,0.51,6,22.7,326.6,-5.79,-35.2,26,2.08,-,33,14.44,12.46,8.02,3.41,40.8,35.21,0.74,0.88,68.04,0,31.96,1418.22,3.14,779,11.6,11,13.33,4.5,-,11.61,8.61,32.8,4.61,324.69,669.09,483.86,185.23,-11.13,14.08,14.3,24
Fri Nov 04 06:47:17 GMT-03:00 2022,04-Nov-2022 06:47:17.082,-35.20497817662186,-5.793260392893578,2.7303333282470703,6.0,22.588220708853168,347.5381164550781,-0.16,5.66,6.56,-0.11,15.29,0,0.16,-0.03,0.02,24.71,12.94,14.7,22.75,96,33.47,24.14,1011.53,14.65,629.1,1,275.41,-,263.71,1918,0,85,-,32.16,46.67,974.5,22.75,0.69,1.67,27.9,32.55,-16.41,-3.12,-2.34,-,0.51,6,22.59,347.54,-5.79,-35.2,25,1.6,-,33,6.57,12.46,8.02,4.58,18.56,35.21,0.08,0.86,68.09,0,31.91,1417.92,5.49,779,9.83,10,13.73,20,-,11.6,8.62,32.77,4.61,324.69,670.1,484.87,185.23,-10.03,14.16,14.3,26
Fri Nov 04 06:47:18 GMT-03:00 2022,04-Nov-2022 06:47:18.084,-35.20498276849754,-5.793234242064952,2.9655661582946777,6.0,22.836895762072018,6.801523685455322,1.87,6.73,7.47,0.05,17.25,0.08,0.17,0.02,0.08,24.71,12.94,14.7,22.75,96,33.41,24.12,1011.51,14.65,623.9,1,275.41,-,263.7,1918,0,85,-,52.94,46.67,1516.5,22.75,0.69,3.96,65.97,32.55,-14.06,-3.12,-3.12,-,0.51,6,22.84,6.8,-5.79,-35.2,26,0.17,-,33,2.53,12.46,8.02,10.83,7.14,35.21,0.07,0.82,68.14,0,31.86,1417.16,7.45,780,10.68,10,18.82,21.5,-,11.59,8.63,32.73,4.61,324.69,671.09,485.86,185.23,-3.99,14.18,14.4,38
Fri Nov 04 06:47:19 GMT-03:00 2022,04-Nov-2022 06:47:19.083,-35.20495234273538,-5.793200283422839,3.464282274246216,6.0,21.96047773762337,22.372806549072266,-0.17,4.4,7,-0.15,17.25,0.09,0.01,0.27,-0.1,23.53,12.16,14.7,22.75,96,33.36,24.1,1011.53,14.65,623.9,1,275.41,-,250.99,1918,0,85,2.45,39.61,32.94,1608,22.75,0.69,2.85,47.51,30.98,-14.06,-3.12,-3.12,-,0.51,6,21.96,22.37,-5.79,-35.2,24,2.32,3.29,33,3.51,12.46,8.02,7.8,9.91,35.21,0.07,0.82,68.19,0,31.81,1418.29,7.45,782,12.47,13,18.82,21.5,14.57,11.57,8.64,32.69,4.62,324.7,672.1,486.87,185.23,-9.72,14.18,14.4,37
Fri Nov 04 06:47:20 GMT-03:00 2022,04-Nov-2022 06:47:20.082,-35.20493858382848,-5.793165756768917,3.880784034729004,4.0,21.91804005400222,30.137386322021484,-0.95,8.89,4.73,0.04,17.25,-0.08,0.25,-0.04,-0.1,23.92,12.16,14.7,22.75,96,33.32,24.09,1011.51,14.65,621.3,1,275.41,-,250.99,1918,0,85,6.97,39.61,38.82,1766.5,22.75,0.69,3.92,65.3,30.98,-14.84,0,0,-,0.51,4,21.92,30.14,-5.79,-35.2,25,4.53,9.35,33,3.32,12.46,8.02,10.72,9.37,35.21,0.09,0.78,68.23,0,31.77,1420.62,7.45,783,13.97,17,17.65,23,37.67,11.56,8.65,32.64,4.62,324.7,673.09,487.86,185.23,-8.26,14.14,14.4,38
Fri Nov 04 06:47:21 GMT-03:00 2022,04-Nov-2022 06:47:21.080,-35.204917843948095,-5.793128954924765,4.528470039367676,4.0,22.008870082206816,31.495826721191406,0.59,6.39,7.12,-0.01,16.86,0.04,-0.21,0.26,-0.2,22.75,11.76,14.7,22.75,96,33.28,24.07,1011.42,14.65,621.3,1,275.99,471.95,250.98,1918,0,85,6.97,47.06,38.82,1527.5,22.75,0.69,3.03,50.56,30.98,-14.06,-3.12,2.34,-,0.51,4,22.01,31.5,-5.79,-35.2,23,4.03,9.35,33,5.6,12.46,8.02,8.3,15.83,35.21,0.78,0.76,68.28,0,31.72,1423.14,7.06,784,16.3,18,18.82,21,37.67,11.54,8.66,32.61,4.62,324.71,674.09,488.86,185.23,-10.14,14.12,14.4,36
Fri Nov 04 06:47:22 GMT-03:00 2022,04-Nov-2022 06:47:22.082,-35.204892819767835,-5.793086844847642,5.364852428436279,4.0,22.355242546181085,28.04649543762207,-1.36,8.54,9.31,0.31,16.86,0.18,-0.22,0.17,0.09,22.75,11.76,14.7,22.75,96,33.28,24.07,1011.48,14.65,621.3,1,275.99,471.95,250.98,1918,0,85,6.97,47.06,40.39,1527.5,22.75,0.69,3.03,50.56,30.98,-14.84,-3.12,-3.12,-,0.51,4,22.36,28.05,-5.79,-35.2,22,4.03,9.35,33,5.6,12.46,8.02,8.3,15.83,35.21,0.09,0.75,68.33,0,31.67,1423.14,7.06,785,19.31,18,17.25,21,37.67,11.54,8.66,32.61,4.62,324.71,675.09,489.86,185.23,-10.14,14.08,14.4,36
Fri Nov 04 06:47:23 GMT-03:00 2022,04-Nov-2022 06:47:23.081,-35.20486771207098,-5.793037575169238,5.989958763122559,4.0,22.42850939380632,24.753646850585938,-1.89,3.64,6.27,-0.22,16.86,0.09,0.26,0.07,0.04,22.75,11.76,14.7,22.75,96,33.25,24.07,1011.48,14.65,621.3,1,276.56,469.36,238.27,1918,0,85,6.97,50.98,40.39,1531,22.75,0.69,3.19,53.24,29.41,-14.84,0,1.56,-,0.51,4,22.43,24.75,-5.79,-35.2,20,1.69,9.35,33,5.64,12.46,8.02,8.74,15.92,35.21,0.12,0.73,68.37,0,31.63,1424.98,7.06,785,21.56,21,18.43,20,37.67,11.53,8.67,32.58,4.63,324.71,676.09,490.86,185.23,-9.16,13.96,14.4,37
Fri Nov 04 06:47:24 GMT-03:00 2022,04-Nov-2022 06:47:24.081,-35.20484447840972,-5.792981902589467,6.544939994812012,6.0,22.53628030218669,24.201160430908203,-2.11,5.86,6.87,-0.04,17.65,0.05,-0.13,0.07,0,24.31,12.55,14.7,22.75,96,33.23,24.07,1011.43,14.65,621.6,1,277.16,481.94,238.27,1918,0,85,4.4,55.69,45.88,1554,22.75,0.7,3.83,63.77,29.41,-14.06,-1.56,-0.78,-,0.52,6,22.54,24.2,-5.79,-35.2,22,1.44,5.9,33,5.49,12.46,8.02,10.47,15.5,35.21,0.11,0.73,68.42,0,31.58,1427.82,7.45,787,23.56,23,18.43,17,27.05,11.52,8.68,32.55,4.64,324.72,677.1,491.87,185.23,-8.09,14.06,14.4,39
Fri Nov 04 06:47:25 GMT-03:00 2022,04-Nov-2022 06:47:25.081,-35.20481982999701,-5.792925055494902,6.867276668548584,6.0,22.605050621271484,23.636884689331055,-0.85,4.87,9.31,0.09,17.65,0.1,-0.13,0,0.12,21.96,11.37,14.7,22.75,96,33.2,24.07,1011.45,14.65,621.6,1,277.38,351.36,238.26,1918,0,85,4.4,49.41,45.88,1529.5,22.75,0.7,3.06,50.92,29.41,-14.06,-2.34,-3.91,-,0.52,6,22.61,23.64,-5.79,-35.2,17,0.44,5.9,33,7.53,12.46,8.02,8.36,21.26,35.21,0.83,0.73,68.47,0,31.53,1431.14,8.24,788,24.72,24,15.69,2,27.05,11.52,8.68,32.53,4.65,324.73,678.09,492.86,185.23,-9.49,14.08,14.3,38
Fri Nov 04 06:47:26 GMT-03:00 2022,04-Nov-2022 06:47:26.081,-35.204795524337406,-5.792869861947737,6.492869853973389,6.0,22.708860484453876,23.00237464904785,-1.87,4.66,7.46,-0.07,14.9,-0.08,-0.17,-0.08,-0.05,14.9,7.45,14.7,22.75,96,33.2,24.07,1011.41,14.65,623.5,1,277.12,190.11,238.26,1918,0,85,4.4,49.41,27.06,1529.5,22.75,0.7,1.72,28.75,29.41,-14.84,-2.34,-3.91,-,0.52,6,22.71,23,-5.79,-35.2,20,0.44,5.9,33,13.91,12.46,8.02,4.72,39.3,35.21,0.83,0.71,68.51,0,31.49,1431.14,4.71,789,23.37,24,15.69,2,27.05,11.52,8.68,32.54,4.65,324.73,679.09,493.86,185.23,-11.69,14.08,14.4,33
Fri Nov 04 06:47:27 GMT-03:00 2022,04-Nov-2022 06:47:27.080,-35.20477454196366,-5.7928184875925615,5.930961608886719,6.0,22.5425923164145,22.498933792114258,-2.16,3.4,8.33,-0.05,14.9,0.04,0.21,-0.2,0.15,14.9,7.45,14.7,22.75,96,33.18,24.06,1011.42,14.65,624.2,1,277.12,190.11,238.26,1918,0,85,4.4,26.67,27.06,1238.5,22.75,0.7,1.72,28.75,29.41,-17.19,-1.56,-0.78,-,0.52,6,22.54,22.5,-5.79,-35.2,20,0.37,5.9,33,13.91,12.46,8.02,4.72,39.3,35.21,0.08,0.7,68.56,0,31.44,1428.52,4.71,789,21.35,23,13.33,8,27.05,11.52,8.68,32.54,4.65,324.74,680.1,494.87,185.23,-11.69,14.1,14.4,33
Fri Nov 04 06:47:28 GMT-03:00 2022,04-Nov-2022 06:47:28.082,-35.204758059589174,-5.792778015427935,4.511711120605469,6.0,22.556395711201713,21.249605178833008,-1.26,4.83,10.19,0.17,13.33,0.12,-0.02,-0.21,0.25,14.9,7.45,14.7,22.75,96,33.14,24.05,1011.45,14.65,624.2,1,276.74,146.68,238.26,1918,0,85,-,28.24,22.75,973,22.75,0.7,1.28,21.26,29.41,-17.19,-0.78,-1.56,-,0.52,6,22.56,21.25,-5.79,-35.2,18,4.35,-,33,18.03,12.46,8.02,3.49,50.94,35.21,0.81,0.7,68.61,0,31.39,1426.2,3.14,791,16.24,17,13.73,7.5,-,11.53,8.67,32.58,4.66,324.74,681.09,495.86,185.23,-11.95,14.08,14.4,30
Fri Nov 04 06:47:29 GMT-03:00 2022,04-Nov-2022 06:47:29.082,-35.20474759978977,-5.792752484710396,2.753159523010254,6.0,22.911822271108047,20.98386573791504,-0.58,3.36,4.4,-0.42,12.94,-0.3,-0.03,-0.13,-0.25,14.9,7.45,14.7,22.75,96,33.08,24.03,1011.49,14.65,624.2,1,276.42,167.17,238.26,1918,0,85,-,23.14,20.78,1110,22.75,0.7,1.07,17.91,29.41,-17.19,-0.78,0,-,0.52,6,22.91,20.98,-5.79,-35.2,21,6.24,-,34,15.82,12.46,8.02,2.94,44.69,35.21,0.06,0.7,68.65,0,31.35,1425.15,3.14,792,9.91,10,12.94,5,-,11.54,8.67,32.6,4.67,324.75,682.09,496.86,185.23,-11.75,14.12,14.3,27
Fri Nov 04 06:47:30 GMT-03:00 2022,04-Nov-2022 06:47:30.082,-35.20473807095583,-5.792729700626309,2.5097081661224365,6.0,22.65374822961213,20.75888442993164,-0.88,5.44,6.34,-0.13,12.16,-0.1,-0.04,0,-0.12,14.9,7.45,14.7,22.75,96,33.02,24,1011.49,14.65,624,1,276.42,-,247.8,1918,0,84,-,23.14,17.65,1268.5,22.75,0.7,3.45,57.5,30.59,-17.97,-0.78,0,-,0.52,6,22.65,20.76,-5.79,-35.2,21,1.91,-,34,2.9,12.46,8.02,9.44,8.19,35.21,0.06,0.7,68.7,0,31.3,1424.2,2.35,793,9.03,8,12.94,5,-,11.52,8.68,32.55,4.67,324.75,683.09,497.86,185.23,-6.47,14.12,14.3,34
Fri Nov 04 06:47:31 GMT-03:00 2022,04-Nov-2022 06:47:31.083,-35.20472587600761,-5.79270291925949,3.1454644203186035,6.0,22.275472762957158,20.41472053527832,-0.21,5.19,7.63,-0.05,12.16,-0.02,-0.06,0,-0.02,14.9,7.45,14.7,22.75,96,33.02,24,1011.51,14.65,623.9,1,276.42,-,247.8,1918,0,84,-,40.39,17.65,1268.5,22.75,0.7,3.45,57.5,30.59,-14.84,-1.56,-3.91,-,0.52,6,22.28,20.41,-5.79,-35.2,22,1.91,-,34,2.9,12.46,8.02,9.44,8.19,35.21,0.14,0.69,68.74,0,31.26,1424.2,6.67,793,11.32,8,16.86,23,-,11.52,8.68,32.55,4.67,324.75,684.1,498.87,185.23,-6.47,14.12,14.4,34
Fri Nov 04 06:47:32 GMT-03:00 2022,04-Nov-2022 06:47:32.082,-35.204713540049866,-5.792674093385541,3.6337854862213135,6.0,22.46045332487876,18.96233367919922,-0.97,5.89,6.4,-0.1,16.86,0.03,-0.02,0.13,-0.04,24.71,12.94,14.7,22.75,96,32.97,23.98,1011.46,14.65,623.9,1,276.42,-,247.79,1918,0,85,3,43.92,34.51,1760,22.75,0.7,3.42,57.01,30.59,-14.84,3.91,5.47,-,0.52,6,22.46,18.96,-5.79,-35.2,20,0.68,4.03,33,2.34,12.46,8.02,9.36,6.61,35.2,0.07,0.69,68.79,0,31.21,1426.3,6.67,795,13.08,12,17.65,23,16.3,11.51,8.69,32.51,4.67,324.75,685.09,499.86,185.23,-7.55,14.12,14.3,38
Fri Nov 04 06:47:33 GMT-03:00 2022,04-Nov-2022 06:47:33.081,-35.204699590412446,-5.792637753718191,4.433865547180176,6.0,22.61533711191347,19.352563858032227,1.16,5.63,8.1,0.02,16.86,-0.1,-0.05,0.05,-0.16,24.31,12.55,14.7,22.75,96,32.92,23.96,1011.46,14.65,625.1,1,276.42,-,247.79,1918,0,85,3,46.27,37.65,1460,22.75,0.7,2.88,48,30.59,-14.84,10.16,7.03,-,0.52,6,22.62,19.35,-5.79,-35.2,20,1.92,4.03,33,4.17,12.46,8.02,7.88,11.77,35.2,0.79,0.68,68.84,0,31.16,1428.42,7.06,796,15.96,15,16.86,20,16.3,11.49,8.7,32.47,4.67,324.76,686.11,500.88,185.23,-10.36,14.08,14.4,36
Fri Nov 04 06:47:34 GMT-03:00 2022,04-Nov-2022 06:47:34.083,-35.20468280759002,-5.792595397109394,5.113471031188965,6.0,22.653209128181654,21.502777099609375,-0.23,5.95,6.96,-0.06,16.47,-0.05,0.01,-0.05,-0.02,23.53,12.16,14.7,22.75,96,32.89,23.95,1011.48,14.65,625.1,1,277.17,534.88,244.61,1918,0,85,5.67,47.45,37.65,1414,22.75,0.71,3.03,50.56,30.2,-14.84,1.56,7.03,-,0.52,6,22.65,21.5,-5.79,-35.2,17,2.04,7.6,33,4.94,12.46,8.02,8.3,13.97,35.2,0.79,0.68,68.88,0,31.12,1430.73,6.27,797,18.41,18,16.86,20,38.28,11.48,8.71,32.44,4.68,324.76,687.09,501.86,185.23,-9.2,14.08,14.4,36
Fri Nov 04 06:47:35 GMT-03:00 2022,04-Nov-2022 06:47:35.083,-35.20466361077614,-5.792554382717825,5.2024312019348145,6.0,22.559839612261076,22.15285301208496,-0.11,5.75,8.22,0.03,12.94,0.06,-0.01,0.08,0.03,14.9,7.45,14.7,22.75,96,32.89,23.95,1011.41,14.65,626.2,1,277.17,534.88,244.61,1918,0,85,5.67,47.45,20.39,1414,22.75,0.71,3.03,50.56,30.2,-15.62,1.56,-3.12,-,0.52,6,22.56,22.15,-5.79,-35.2,21,2.04,7.6,33,4.94,12.46,8.02,8.3,13.97,35.2,0.8,0.68,68.93,0,31.07,1430.73,3.14,797,18.73,18,16.47,20,38.28,11.48,8.71,32.44,4.68,324.76,688.11,502.88,185.23,-9.2,14.12,14.4,36
Fri Nov 04 06:47:36 GMT-03:00 2022,04-Nov-2022 06:47:36.082,-35.204646464994845,-5.792514788884226,4.746438503265381,6.0,22.794097407082962,21.715768814086914,-1.26,4.82,9.13,0.07,12.55,-0.1,-0.08,-0.12,-0.03,14.9,7.45,14.7,22.75,96,32.85,23.94,1011.45,14.65,626.2,1,276.83,157.89,241.42,1918,0,85,5.67,21.18,20.39,1114.5,22.75,0.71,1.07,17.91,29.8,-18.75,-6.25,-4.69,-,0.52,6,22.79,21.72,-5.79,-35.2,21,0.73,7.6,33,16.75,12.46,8.02,2.94,47.32,35.2,0.1,0.67,68.97,0,31.03,1428.01,2.35,798,17.09,18,12.94,4.5,38.28,11.49,8.7,32.46,4.69,324.77,689.1,503.87,185.23,-12.66,14.06,14.4,30
Fri Nov 04 06:47:37 GMT-03:00 2022,04-Nov-2022 06:47:37.083,-35.204632020413136,-5.792477220809813,4.454380989074707,6.0,22.534189787204024,18.556459426879883,-0.17,5.07,8.73,0.04,12.55,0.04,-0.21,0.01,0.02,14.9,7.45,14.7,22.75,96,32.81,23.93,1011.47,14.65,626.2,1,276.4,127.81,241.43,1918,0,85,5.67,21.57,16.86,920,22.75,0.71,0.87,14.5,29.8,-18.75,-2.34,-2.34,-,0.52,6,22.53,18.56,-5.79,-35.2,20,1.09,7.6,33,20.69,12.46,8.02,2.38,58.46,35.2,0.09,0.67,69.02,0,30.98,1426.63,2.75,799,16.04,16,12.94,7.5,38.28,11.51,8.69,32.51,4.69,324.77,690.11,504.88,185.23,-12.6,14.08,14.4,26
Fri Nov 04 06:47:38 GMT-03:00 2022,04-Nov-2022 06:47:38.082,-35.20462249088896,-5.792443243028535,3.800544500350952,6.0,22.468775903221463,14.381866455078125,-1.02,5.61,6.96,-0.07,12.55,-0.08,-0.09,0.01,-0.1,14.9,7.45,14.7,22.75,96,32.77,23.91,1011.46,14.65,626.2,1,276.08,165.54,241.43,1918,0,85,-,22.75,18.43,931,22.75,0.71,1,16.69,29.8,-17.19,0,0,-,0.52,6,22.47,14.38,-5.79,-35.2,17,2.04,-,33,15.98,12.46,8.02,2.74,45.13,35.2,0.76,0.67,69.06,0,30.94,1426.17,2.75,800,13.68,14,14.51,21.5,-,11.52,8.68,32.53,4.69,324.78,691.09,505.86,185.23,-11.79,12.98,13.3,24
Fri Nov 04 06:47:39 GMT-03:00 2022,04-Nov-2022 06:47:39.085,-35.20461540189815,-5.792415722418117,2.8998889923095703,6.0,21.95269201531912,8.613245964050293,-2.07,4.69,8.51,0.02,13.33,0,-0.16,-0.01,0.01,14.9,7.45,14.7,22.75,96,32.77,23.91,1011.43,14.65,626.2,1,276.1,283.78,244.61,1918,0,85,-,22.75,23.14,931,22.75,0.71,1.5,25.03,30.2,-17.19,0,0,-,0.52,6,21.95,8.61,-5.79,-35.2,21,2.04,-,33,9.32,12.46,8.02,4.11,26.33,35.2,0.76,0.67,69.11,0,30.89,1426.17,3.14,802,10.44,14,14.51,21.5,-,11.51,8.69,32.52,4.69,324.78,692.1,506.87,185.23,-10.42,12.98,13.3,25
Fri Nov 04 06:47:40 GMT-03:00 2022,04-Nov-2022 06:47:40.082,-35.20461218466061,-5.79239500148755,1.9607430696487427,6.0,21.934577213647852,355.05902099609375,-1.42,5.17,8.19,0.01,13.33,0.05,-0.13,0.02,0.04,14.9,7.45,14.7,22.75,96,32.71,23.88,1011.42,14.65,625.7,1,276.1,283.78,244.61,1918,0,85,-,32.16,26.67,920,22.75,0.71,1.5,25.03,30.2,-16.41,-3.12,-2.34,-,0.52,6,21.93,355.06,-5.79,-35.2,20,1.44,-,34,9.32,12.46,8.02,4.11,26.33,35.2,0.09,0.67,69.15,0,30.85,1424.52,3.53,803,7.06,9,13.73,3,-,11.51,8.69,32.52,4.7,324.78,693.11,507.88,185.23,-10.42,14.06,14.3,25
Fri Nov 04 06:47:41 GMT-03:00 2022,04-Nov-2022 06:47:41.081,-35.20461478993953,-5.7923737384947795,2.121692419052124,6.0,22.02903615658993,338.75177001953125,-2.46,5.16,8.18,0.03,14.9,0.13,-0.21,-0.03,0.17,14.9,7.45,14.7,22.75,96,32.65,23.85,1011.41,14.65,625.7,1,276.1,-,244.61,1918,0,85,-,34.12,34.12,915.5,22.75,0.71,1.78,29.6,30.2,-14.84,-0.78,-3.91,-,0.53,6,22.03,338.75,-5.79,-35.2,24,0.06,-,34,3.94,12.46,8.02,4.86,11.13,35.2,0.86,0.67,69.19,0,30.81,1423.79,5.88,804,7.64,7,18.04,7.5,-,11.49,8.7,32.46,4.7,324.78,694.09,508.86,185.23,-9.54,14.12,14.4,28
Fri Nov 04 06:47:42 GMT-03:00 2022,04-Nov-2022 06:47:42.083,-35.20462367803498,-5.792356771846453,1.8264811038970947,6.0,22.114413991840294,321.26202392578125,-0.07,6.13,8.33,0.07,13.33,-0.03,-0.03,-0.04,0,14.9,7.45,14.7,22.75,96,32.59,23.83,1011.46,14.65,625.7,1,276.1,-,244.61,1918,0,85,-,34.51,23.53,1246.5,22.75,0.71,1.78,29.6,30.2,-17.19,-7.81,-7.81,-,0.53,6,22.11,321.26,-5.79,-35.2,24,1.36,-,34,3.94,12.46,8.02,4.86,11.13,35.2,0.7,0.66,69.24,0,30.76,1425.08,3.53,804,6.58,9,13.33,0,-,11.49,8.7,32.46,4.7,324.79,695.11,509.88,185.23,-9.54,14.12,14.3,28
Fri Nov 04 06:47:43 GMT-03:00 2022,04-Nov-2022 06:47:43.081,-35.20463469737988,-5.792346131451758,1.3961951732635498,6.0,22.46436610419384,307.6537170410156,-0.57,5.15,7.8,-0.03,13.33,-0.04,0,-0.02,-0.02,14.9,7.45,14.7,22.75,96,32.53,23.79,1011.43,14.65,625.7,1,276.1,-,250.95,1918,0,85,-,30.98,23.53,894,22.75,0.71,1.27,21.14,30.98,-17.19,-2.34,-7.81,-,0.53,6,22.46,307.65,-5.79,-35.2,23,0.58,-,34,7.1,12.46,8.02,3.47,20.05,35.2,0.7,0.66,69.28,0,30.72,1424.01,3.53,806,5.03,6,13.73,15,-,11.48,8.71,32.44,4.71,324.79,696.09,510.86,185.23,-11.97,14.12,14.3,25
Fri Nov 04 06:47:44 GMT-03:00 2022,04-Nov-2022 06:47:44.081,-35.20464365065203,-5.792340129379983,0.8503602743148804,6.0,22.619004195212735,298.2708740234375,0.15,4.99,8.45,0.01,13.73,0,0.02,-0.05,0.04,14.9,7.45,14.7,22.75,96,32.46,23.76,1011.42,14.65,624.7,1,276.1,-,250.95,1918,0,85,-,36.47,28.63,829.5,22.75,0.71,1.39,23.15,30.98,-17.19,1.56,-1.56,-,0.53,6,22.62,298.27,-5.79,-35.2,23,1.03,-,34,4.32,12.46,8.02,3.8,12.2,35.2,0.09,0.66,69.3,0,30.7,1423.56,3.53,807,3.06,4,13.73,-2.5,-,11.47,8.72,32.4,4.71,324.79,697.11,511.88,185.23,-10.56,14.08,14.4,26
Fri Nov 04 06:47:45 GMT-03:00 2022,04-Nov-2022 06:47:45.082,-35.20464978055721,-5.792337502474371,0.34664198756217957,6.0,22.879914697880643,293.7132873535156,0.32,5.19,8.33,0.01,12.94,0,0.04,-0.01,0.02,14.9,7.45,14.7,22.75,96,32.46,23.72,1011.4,14.65,624.7,1,276.1,-,250.95,1918,0,85,-,30.59,25.1,805,22.75,0.71,1.09,18.21,30.98,-17.19,1.56,1.56,-,0.53,6,22.88,293.71,-5.79,-35.2,25,3.06,-,34,3.66,12.46,8.02,2.99,10.34,35.2,0.72,0.65,69.2,0,30.8,1423.56,3.14,808,1.25,0,13.33,3,-,11.46,8.73,32.36,4.71,324.79,698.1,512.57,185.53,-11.18,14.12,14.4,25
Fri Nov 04 06:47:46 GMT-03:00 2022,04-Nov-2022 06:47:46.082,-35.20464978055721,-5.792337502474371,0.12445510178804398,6.0,23.110408541069486,292.97918701171875,0.4,5.46,7.86,-0.01,12.55,-0.01,0.04,0,0,14.9,7.45,14.7,22.75,96,32.46,23.72,1011.41,14.65,624.7,1,276.1,-,247.77,1918,0,85,-,30.59,23.53,752,22.75,0.71,0.99,16.57,30.59,-18.75,1.56,1.56,-,0.53,6,23.11,292.98,-5.79,-35.2,20,3.06,-,34,0,12.46,8.02,2.72,0,35.2,0.72,0.65,69.1,0,30.9,1423.56,2.75,809,0.45,0,13.33,3,-,11.46,8.73,32.36,4.71,324.79,699.09,512.57,186.52,-11.4,14.12,14.4,24
Fri Nov 04 06:47:47 GMT-03:00 2022,04-Nov-2022 06:47:47.082,-35.20464978055721,-5.792337502474371,0.024786552414298058,6.0,23.018416930016794,293.71051025390625,0.34,5.55,8.06,0.01,12.55,-0.01,0.04,0,0,14.9,7.45,14.7,22.75,96,32.46,23.68,1011.44,14.65,623.8,1,276.1,-,247.77,1918,0,85,-,31.76,23.53,752,22.75,0.71,0.99,16.57,30.59,-19.53,3.91,4.69,-,0.53,6,23.02,293.71,-5.79,-35.2,21,0.45,-,34,0,12.46,8.02,2.72,0,35.2,0.09,0.65,69,0,31,1423.56,2.35,809,0.09,0,11.76,-7,-,11.46,8.73,32.36,4.71,324.79,700.11,512.57,187.54,-11.4,14.14,14.4,24
Fri Nov 04 06:47:48 GMT-03:00 2022,04-Nov-2022 06:47:48.082,-35.20464978055721,-5.792337502474371,0.04040347784757614,6.0,22.98711381149655,293.78546142578125,0.25,5.56,7.99,0,12.16,0,0.04,0,0,14.9,7.45,14.7,22.75,96,32.46,23.64,1011.43,14.65,623.8,1,276.1,-,235.06,1918,0,85,-,22.35,18.43,816.5,22.75,0.71,0.82,13.64,29.02,-19.53,7.03,7.81,-,0.53,6,22.99,293.79,-5.79,-35.2,22,0.09,-,34,0,12.46,8.02,2.24,0,35.2,0.08,0.65,68.9,0,31.1,1423.56,2.35,811,0.15,0,12.55,6,-,11.45,8.73,32.36,4.71,324.79,701.09,512.57,188.53,-11.78,14.14,14.3,23
Fri Nov 04 06:47:49 GMT-03:00 2022,04-Nov-2022 06:47:49.082,-35.20464978055721,-5.792337502474371,0.022709567099809647,6.0,22.92486939225033,293.71746826171875,0.29,5.64,8,0.01,12.16,0,0.02,0.02,0,14.9,7.45,14.7,22.75,96,32.46,23.59,1011.45,14.65,623.2,1,276.1,-,235.06,1918,0,85,-,22.35,17.65,787,22.75,0.71,0.8,13.34,29.02,-18.75,9.38,9.38,-,0.53,6,22.92,293.72,-5.79,-35.2,21,0.15,-,34,0,12.46,8.02,2.19,0,35.2,0.79,0.64,68.81,0,31.19,1423.56,2.35,812,0.08,0,12.55,8,-,11.45,8.73,32.35,4.71,324.79,702.09,512.57,189.52,-12.07,13.94,14.2,22
Fri Nov 04 06:47:50 GMT-03:00 2022,04-Nov-2022 06:47:50.081,-35.20464978055721,-5.792337502474371,0.024024702608585358,6.0,22.913333570759036,293.6348571777344,0.26,5.59,7.95,0,11.76,0,0.03,0,0,14.9,7.45,14.7,22.75,96,32.46,23.55,1011.45,14.65,623.2,1,276.1,-,222.35,1918,0,86,-,23.14,19.61,797.5,22.75,0.71,0.8,13.34,27.45,-18.75,9.38,9.38,-,0.53,6,22.91,293.63,-5.79,-35.2,19,0.08,-,34,0,12.46,8.02,2.19,0,35.2,0.79,0.64,68.71,0,31.29,1423.56,1.57,813,0.09,0,12.55,8,-,11.45,8.73,32.35,4.71,324.79,703.09,512.57,190.52,-11.97,13.94,14.2,21
Fri Nov 04 06:47:51 GMT-03:00 2022,04-Nov-2022 06:47:51.082,-35.20464978055721,-5.792337502474371,0.01911773718893528,6.0,22.803623867225575,293.6300048828125,0.26,5.57,7.96,0,12.16,0,0.03,0,0,14.9,7.45,14.7,22.75,96,32.46,23.55,1011.46,14.65,622.7,1,276.1,-,222.35,1918,0,86,-,23.14,19.61,797.5,22.75,0.71,0.8,13.34,27.45,-20.31,9.38,7.81,-,0.53,6,22.8,293.63,-5.79,-35.2,20,0.08,-,34,0,12.46,8.02,2.19,0,35.2,0.22,0.64,68.61,0,31.39,1423.56,1.96,813,0.07,0,12.55,5,-,11.45,8.73,32.35,4.71,324.79,704.1,512.57,191.53,-11.97,14.08,14.4,21
Fri Nov 04 06:47:52 GMT-03:00 2022,04-Nov-2022 06:47:52.084,-35.20464978055721,-5.792337502474371,0.0,6.0,22.739878713735344,293.6216125488281,0.19,5.57,7.99,0,12.55,0,0.03,0.01,0,14.9,7.45,14.7,22.75,96,32.46,23.51,1011.44,14.65,622.7,1,276.1,-,216,1918,0,86,-,23.14,17.25,775.5,22.75,0.71,0.8,13.34,26.67,-19.53,10.16,10.16,-,0.53,6,22.74,293.62,-5.79,-35.2,19,0.07,-,34,0,12.46,8.02,2.19,0,35.2,0.8,0.64,68.51,0,31.49,1423.56,2.35,814,0,0,12.94,3.5,-,11.45,8.73,32.35,4.71,324.79,705.09,512.57,192.52,-12.01,14.14,14.4,20
Fri Nov 04 06:47:53 GMT-03:00 2022,04-Nov-2022 06:47:53.080,-35.20464978055721,-5.792337502474371,0.0,6.0,22.757476316797685,293.61175537109375,0.33,5.54,8.38,0.04,12.94,-0.01,0.04,0,0,14.9,7.45,14.7,22.75,96,32.46,23.47,1011.42,14.65,621.9,1,276.1,-,216,1918,0,86,-,25.88,19.22,824.5,22.75,0.71,0.99,16.57,26.67,-17.97,10.16,10.16,-,0.53,6,22.76,293.61,-5.79,-35.2,24,0,-,34,0,12.46,8.02,2.72,0,35.2,0.83,0.64,68.42,0,31.58,1423.56,3.14,816,0,0,13.73,17,-,11.45,8.73,32.35,4.71,324.79,706.09,512.57,193.53,-11.27,13.34,13.5,20
Fri Nov 04 06:47:54 GMT-03:00 2022,04-Nov-2022 06:47:54.082,-35.20464978055721,-5.792337502474371,0.0,6.0,22.772803250143202,293.60491943359375,0.21,5.58,7.99,0.01,12.94,0,0.03,0,0,14.9,7.45,14.7,22.75,96,32.46,23.43,1011.43,14.65,621.9,1,276.1,-,212.82,1918,0,86,-,30.98,25.49,786.5,22.75,0.71,1.06,17.73,26.27,-17.97,5.47,10.16,-,0.53,6,22.77,293.6,-5.79,-35.2,24,0,-,35,0,12.46,8.02,2.91,0,35.2,0.83,0.64,68.32,0,31.68,1423.56,3.14,817,0,0,13.33,4.5,-,11.45,8.73,32.34,4.71,324.79,707.09,512.57,194.53,-11.25,14.14,13.5,21
Fri Nov 04 06:47:55 GMT-03:00 2022,04-Nov-2022 06:47:55.081,-35.20464978055721,-5.792337502474371,0.02468825876712799,6.0,22.761599701041536,293.59393310546875,0.31,5.65,7.98,0.01,12.94,-0.01,0.04,0,0,14.9,7.45,14.7,22.75,96,32.46,23.43,1011.41,14.65,620.9,1,276.1,-,212.82,1918,0,86,-,30.98,24.71,786.5,22.75,0.71,1.06,17.73,26.27,-17.97,5.47,4.69,-,0.53,6,22.76,293.59,-5.79,-35.2,24,0,-,35,0,12.46,8.02,2.91,0,35.2,0.85,0.64,68.22,0,31.78,1423.56,3.14,817,0.09,0,13.33,4.5,-,11.45,8.73,32.34,4.71,324.79,708.11,512.57,195.54,-11.25,14.14,14.4,21
Fri Nov 04 06:47:56 GMT-03:00 2022,04-Nov-2022 06:47:56.082,-35.20464978055721,-5.792337502474371,0.03420809283852577,6.0,22.772205908380176,293.57794189453125,0.23,5.35,7.92,-0.01,12.94,0,0.03,-0.01,0.01,14.9,7.45,14.7,22.75,96,32.46,23.39,1011.42,14.65,620.9,1,276.1,-,212.82,1918,0,86,-,30.98,25.1,784,22.75,0.71,1.09,18.21,26.27,-17.97,0,-0.78,-,0.53,6,22.77,293.58,-5.79,-35.2,23,0.09,-,35,0,12.46,8.02,2.99,0,35.2,0.81,0.75,68.13,0,31.87,1423.56,3.14,818,0.12,0,13.33,4.5,-,11.45,8.73,32.34,4.71,324.79,709.09,512.57,196.52,-10.98,13.1,13.6,22
Fri Nov 04 06:47:57 GMT-03:00 2022,04-Nov-2022 06:47:57.082,-35.20464978055721,-5.792337502474371,2.48368683969602E-4,6.0,22.786086954969022,293.5625305175781,0.21,5.58,8,0.01,12.94,0,0.05,0,0,14.9,7.45,14.7,22.75,96,32.46,23.35,1011.38,14.65,619.8,1,276.1,-,212.82,1918,0,86,-,32.16,25.49,737.5,22.75,0.71,1.03,17.24,26.27,-17.97,-2.34,-3.12,-,0.53,6,22.79,293.56,-5.79,-35.2,23,0.12,-,35,0,12.46,8.02,2.83,0,35.2,0.76,0.81,68.03,0,31.97,1423.56,3.14,819,0,0,13.33,6,-,11.45,8.74,32.34,4.71,324.79,710.09,512.57,197.52,-11.17,14.08,14.4,22
Fri Nov 04 06:47:58 GMT-03:00 2022,04-Nov-2022 06:47:58.081,-35.20464978055721,-5.792337502474371,0.002729693427681923,6.0,22.7250878489322,293.5525817871094,0.28,5.61,7.95,0,12.94,0,0.03,0.01,0.01,14.9,7.45,14.7,22.75,96,32.46,23.31,1011.42,14.65,619.8,1,276.1,-,212.82,1918,0,86,-,31.76,25.49,761,22.75,0.72,1.09,18.09,26.27,-17.97,-2.34,-1.56,-,0.53,6,22.73,293.55,-5.79,-35.2,23,0,-,35,0,12.46,8.02,2.97,0,35.2,0.1,0.83,67.93,0,32.07,1423.56,3.14,820,0.01,0,13.33,5,-,11.45,8.74,32.34,4.71,324.79,711.1,512.57,198.53,-10.76,14.06,14.4,23
Fri Nov 04 06:47:59 GMT-03:00 2022,04-Nov-2022 06:47:59.081,-35.20464978055721,-5.792337502474371,0.032276928424835205,6.0,22.834079897733126,293.54718017578125,0.3,5.55,8,0,12.94,0,0.03,0.01,0,14.9,7.45,14.7,22.75,96,32.46,23.31,1011.45,14.65,619,1,276.1,-,212.82,1918,0,86,-,31.76,24.71,761,22.75,0.72,1.09,18.09,25.49,-17.97,-2.34,-1.56,-,0.53,6,22.83,293.55,-5.79,-35.2,21,0,-,35,0,12.46,8.02,2.97,0,35.2,0.1,0.83,67.84,0,32.16,1423.56,3.14,822,0.12,0,13.33,5,-,11.45,8.74,32.34,4.71,324.79,712.09,512.57,199.52,-10.76,14.06,14.4,23
Fri Nov 04 06:48:00 GMT-03:00 2022,04-Nov-2022 06:48:00.082,-35.20464978055721,-5.792337502474371,0.027047498151659966,6.0,22.814897411884374,293.5279235839844,0.2,5.55,7.97,0,12.16,0,0.04,0,0,14.9,7.45,14.7,22.75,96,32.46,23.27,1011.45,14.65,618.2,1,276.1,-,206.47,1918,0,86,-,27.06,24.71,718,22.75,0.72,0.8,13.34,25.49,-19.53,1.56,-0.78,-,0.53,6,22.81,293.53,-5.79,-35.2,23,0.12,-,35,0,12.46,8.02,2.19,0,35.2,0.83,0.83,67.74,0,32.26,1423.56,1.96,822,0.1,0,12.16,-1,-,11.45,8.74,32.33,4.71,324.79,713.1,512.57,200.53,-11.87,13.86,14.1,22
Fri Nov 04 06:48:01 GMT-03:00 2022,04-Nov-2022 06:48:01.085,-35.20464978055721,-5.792337502474371,0.03314245864748955,6.0,22.938736113377125,293.52777099609375,0.13,5.55,7.94,-0,12.16,0,0.04,0.01,0,14.9,7.45,14.7,22.75,96,32.46,23.23,1011.41,14.65,618.2,1,276.1,-,206.47,1918,0,86,-,23.53,18.82,717.5,22.75,0.72,0.76,12.67,25.49,-20.31,-2.34,-3.12,-,0.53,6,22.94,293.53,-5.79,-35.2,26,0.1,-,35,0,12.46,8.02,2.08,0,35.2,0.83,0.82,67.65,0,32.35,1423.56,1.96,823,0.12,0,12.16,9,-,11.44,8.74,32.33,4.71,324.79,714.09,512.57,201.52,-11.85,14.16,14.4,21
Fri Nov 04 06:48:02 GMT-03:00 2022,04-Nov-2022 06:48:02.086,-35.20464978055721,-5.792337502474371,0.024520747363567352,6.0,22.956733636271107,293.5182800292969,0.2,5.56,8.06,0.01,12.16,0,0.04,0,0,14.9,7.45,14.7,22.75,96,32.46,23.19,1011.38,14.65,618.2,1,276.1,-,206.47,1918,0,86,-,23.92,18.82,726.5,22.75,0.72,0.78,12.97,25.49,-20.31,-4.69,-5.47,-,0.53,6,22.96,293.52,-5.79,-35.2,25,0.12,-,35,0,12.46,8.02,2.13,0,35.2,0.75,0.82,67.55,0,32.45,1423.56,1.96,824,0.09,0,12.55,6,-,11.44,8.74,32.33,4.71,324.79,715.1,512.57,202.53,-11.78,14.2,14.4,20
Fri Nov 04 06:48:03 GMT-03:00 2022,04-Nov-2022 06:48:03.082,-35.20464978055721,-5.792337502474371,0.029063761234283447,6.0,23.080414901061612,293.5116882324219,0.2,5.56,7.99,0,12.16,0,0.04,0.01,0,14.9,7.45,14.7,22.75,96,32.46,23.15,1011.43,14.65,618.2,1,276.1,-,203.29,1918,0,86,-,23.92,19.22,726,22.75,0.72,0.78,12.97,25.1,-20.31,-4.69,-5.47,-,0.53,6,23.08,293.51,-5.79,-35.2,23,0.09,-,35,0,12.46,8.02,2.13,0,35.2,0.75,0.82,67.46,0,32.54,1423.56,1.96,826,0.1,0,12.55,6,-,11.44,8.74,32.32,4.71,324.79,716.1,512.57,203.53,-11.82,14.2,14.4,20
Fri Nov 04 06:48:04 GMT-03:00 2022,04-Nov-2022 06:48:04.081,-35.20464978055721,-5.792337502474371,0.029023844748735428,4.0,23.08181756856696,293.5009765625,0.2,5.56,7.99,0,12.16,0,0.03,0,0,14.9,7.45,14.7,22.75,96,32.46,23.15,1011.41,14.65,616.7,1,276.1,-,203.29,1918,0,86,-,23.92,18.82,742.5,22.75,0.72,0.79,13.16,25.1,-20.31,-2.34,-1.56,-,0.53,4,23.08,293.5,-5.79,-35.2,21,0.09,-,35,0,12.46,8.02,2.16,0,35.2,0.09,0.86,67.36,0,32.64,1423.56,1.96,827,0.1,0,12.55,4.5,-,11.44,8.74,32.32,4.71,324.79,717.11,512.57,204.54,-11.78,14.16,14.4,20
Fri Nov 04 06:48:05 GMT-03:00 2022,04-Nov-2022 06:48:05.086,-35.20464978055721,-5.792337502474371,0.0280226431787014,6.0,23.08281609407724,293.4969177246094,0.18,5.56,8,0,12.16,0,0.04,0,0,14.9,7.45,14.7,22.75,96,32.46,23.07,1011.42,14.65,616.7,1,276.1,-,203.29,1918,0,86,-,23.14,18.04,742,22.75,0.72,0.77,12.85,25.1,-20.31,0.78,0.78,-,0.53,6,23.08,293.5,-5.79,-35.2,22,0.1,-,35,0,12.46,8.02,2.11,0,35.2,0.17,0.85,67.27,0,32.73,1423.56,1.96,828,0.1,0,12.55,6,-,11.44,8.74,32.32,4.71,324.79,718.1,512.57,205.53,-11.91,14.12,14.4,19
Fri Nov 04 06:48:06 GMT-03:00 2022,04-Nov-2022 06:48:06.081,-35.20464978055721,-5.792337502474371,0.014561207965016365,6.0,23.09803496142503,293.4879455566406,0.31,5.56,7.99,0,12.16,0,0.02,0,0,14.9,7.45,14.7,22.75,96,32.46,23.07,1011.4,14.65,616.7,1,276.1,-,203.29,1918,0,86,-,23.14,18.82,742,22.75,0.72,0.77,12.85,25.1,-20.31,-0.78,-1.56,-,0.53,6,23.1,293.49,-5.79,-35.2,20,0.1,-,35,0,12.46,8.02,2.11,0,35.2,0.77,0.84,67.18,0,32.82,1423.56,1.96,829,0.05,0,12.55,7.5,-,11.44,8.74,32.32,4.71,324.79,719.1,512.57,206.53,-11.91,14.16,14.4,19
Fri Nov 04 06:48:07 GMT-03:00 2022,04-Nov-2022 06:48:07.081,-35.20464978055721,-5.792337502474371,0.03264771029353142,6.0,23.136148855359167,293.4815368652344,0.3,5.62,8,0.01,12.16,0,0.03,0,0,14.9,7.45,14.7,22.75,96,32.46,23.03,1011.4,14.65,616.7,1,276.1,-,200.11,1918,0,86,-,25.88,18.82,766,22.75,0.72,0.89,14.86,24.71,-20.31,-0.78,0,-,0.53,6,23.14,293.48,-5.79,-35.2,22,0.05,-,35,0,12.46,8.02,2.44,0,35.2,0.08,0.82,67.09,0,32.91,1423.56,1.96,829,0.12,0,13.33,10.5,-,11.44,8.74,32.32,4.71,324.79,720.09,512.57,207.52,-11.48,13.56,14.4,20
Fri Nov 04 06:48:08 GMT-03:00 2022,04-Nov-2022 06:48:08.082,-35.20464978055721,-5.792337502474371,0.017697110772132874,6.0,23.11006085533707,293.46875,0.21,5.57,7.98,0,12.94,-0.01,0.04,0.01,0,14.9,7.45,14.7,22.75,96,32.46,22.99,1011.39,14.65,614.5,1,276.1,-,196.94,1918,0,86,-,30.2,24.71,815,22.75,0.72,1.09,18.09,24.31,-17.97,2.34,0,-,0.53,6,23.11,293.47,-5.79,-35.2,19,0.12,-,35,0,12.46,8.02,2.97,0,35.2,0.08,0.82,66.99,0,33.01,1423.56,3.14,831,0.06,0,13.33,7.5,-,11.44,8.74,32.31,4.71,324.79,721.09,512.57,208.52,-10.91,13.54,13.6,21
Fri Nov 04 06:48:09 GMT-03:00 2022,04-Nov-2022 06:48:09.082,-35.20464978055721,-5.792337502474371,0.009852493181824684,8.0,23.108477173708298,293.4728088378906,0.2,5.53,7.98,0,12.94,0,0.03,0.01,0,14.9,7.45,14.7,22.75,96,32.46,22.96,1011.41,14.65,614.5,1,276.1,-,196.94,1918,0,86,-,32.94,25.49,771,22.75,0.72,1.18,19.61,24.31,-17.97,4.69,4.69,-,0.53,8,23.11,293.47,-5.79,-35.2,21,0.06,-,35,0,12.46,8.02,3.22,0,35.2,0.77,0.81,66.9,0,33.1,1423.56,3.14,832,0.04,0,13.33,2,-,11.44,8.74,32.31,4.71,324.79,722.1,512.57,209.54,-10.84,14.18,14.1,22
Fri Nov 04 06:48:10 GMT-03:00 2022,04-Nov-2022 06:48:10.080,-35.20464978055721,-5.792337502474371,0.011807779781520367,4.0,23.08331435420768,293.4656677246094,0.21,5.57,8,0.01,12.94,-0.01,0.04,0,0,14.9,7.45,14.7,22.75,96,32.46,22.96,1011.42,14.65,613,1,276.1,-,196.94,1918,0,86,-,32.94,24.71,771,22.75,0.72,1.18,19.61,24.31,-17.97,4.69,4.69,-,0.53,4,23.08,293.47,-5.79,-35.2,24,0.06,-,35,0,12.46,8.02,3.22,0,35.2,0.77,0.81,66.81,0,33.19,1423.56,3.14,833,0.04,0,13.33,2,-,11.44,8.74,32.31,4.71,324.79,723.09,512.57,210.53,-10.62,14.18,14.5,23
Fri Nov 04 06:48:11 GMT-03:00 2022,04-Nov-2022 06:48:11.081,-35.20464978055721,-5.792337502474371,0.013558623380959034,6.0,23.086912930459725,293.46661376953125,0.27,5.58,8.02,0.01,12.94,-0.01,0.03,0,0,14.9,7.45,14.7,22.75,96,32.46,22.92,1011.43,14.65,611.6,1,276.1,-,196.94,1918,0,86,-,31.76,24.71,793,22.75,0.72,1.18,19.61,24.31,-17.97,-2.34,-2.34,-,0.53,6,23.09,293.47,-5.79,-35.2,24,0.04,-,35,0,12.46,8.02,3.22,0,35.2,0.66,0.8,66.71,0,33.29,1423.56,3.14,833,0.05,0,13.33,4.5,-,11.44,8.74,32.31,4.71,324.79,724.09,512.57,211.52,-10.62,14.08,14.3,23
Fri Nov 04 06:48:12 GMT-03:00 2022,04-Nov-2022 06:48:12.079,-35.20464978055721,-5.792337502474371,0.011698941700160503,6.0,23.06616104134696,293.457763671875,0.31,5.62,7.95,0,12.94,0,0.04,0.01,0,14.9,7.45,14.7,22.75,96,32.46,22.88,1011.44,14.65,611.6,1,276.1,-,193.76,1918,0,86,-,31.76,25.88,775,22.75,0.72,1.1,18.4,23.92,-17.97,0.78,1.56,-,0.53,6,23.07,293.46,-5.79,-35.2,24,0.05,-,35,0,12.46,8.02,3.02,0,35.2,0.12,0.79,66.62,0,33.38,1423.56,3.14,835,0.04,0,13.33,4.5,-,11.44,8.74,32.31,4.71,324.79,725.1,512.57,212.54,-10.97,14.12,14.4,24
Fri Nov 04 06:48:13 GMT-03:00 2022,04-Nov-2022 06:48:13.080,-35.20464978055721,-5.792337502474371,0.012433159165084362,6.0,23.06877771657061,293.44384765625,0.29,5.58,8,0.01,12.94,0,0.03,0,0,14.9,7.45,14.7,22.75,96,32.46,22.84,1011.4,14.65,611.6,1,276.1,-,193.76,1918,0,86,-,31.37,25.1,789.5,22.75,0.72,1.11,18.58,23.92,-17.97,3.12,3.12,-,0.53,6,23.07,293.44,-5.79,-35.2,24,0.04,-,35,0,12.46,8.02,3.05,0,35.2,0.76,0.79,66.53,0,33.47,1423.56,3.14,836,0.04,0,13.33,4.5,-,11.44,8.74,32.3,4.71,324.79,726.09,512.57,213.52,-10.85,14.08,14.4,24
Fri Nov 04 06:48:14 GMT-03:00 2022,04-Nov-2022 06:48:14.079,-35.20464978055721,-5.792337502474371,0.014629065059125423,6.0,23.05348591244126,293.43389892578125,0.17,5.52,8.01,0,12.94,0,0.04,0,0,14.9,7.45,14.7,22.75,96,32.46,22.8,1011.43,14.65,611.6,1,276.1,-,193.76,1918,0,86,-,32.16,25.1,799,22.75,0.72,1.17,19.43,23.92,-17.97,0,-0.78,-,0.53,6,23.05,293.43,-5.79,-35.2,25,0.04,-,35,0,12.46,8.02,3.19,0,35.2,0.81,0.79,66.44,0,33.56,1423.56,3.14,837,0.05,0,13.33,3,-,11.43,8.75,32.3,4.71,324.79,727.09,512.57,214.52,-10.75,14.14,14.4,25
Fri Nov 04 06:48:15 GMT-03:00 2022,04-Nov-2022 06:48:15.079,-35.20464978055721,-5.792337502474371,0.008326412178575993,6.0,23.039548121807595,293.42608642578125,0.13,5.56,8.03,0.01,12.16,0,0.04,0,0,14.9,7.45,14.7,22.75,96,32.46,22.8,1011.44,14.65,609.3,1,276.1,-,193.76,1918,0,86,-,32.16,19.22,799,22.75,0.72,1.17,19.43,23.92,-19.53,0,-0.78,-,0.53,6,23.04,293.43,-5.79,-35.2,26,0.04,-,35,0,12.46,8.02,3.19,0,35.2,0.81,0.78,66.35,0,33.65,1423.56,1.96,838,0.03,0,13.33,3,-,11.43,8.75,32.3,4.71,324.79,728.09,512.57,215.52,-10.75,14.14,14.1,25
Fri Nov 04 06:48:16 GMT-03:00 2022,04-Nov-2022 06:48:16.082,-35.20464978055721,-5.792337502474371,0.014730674214661121,6.0,23.04156816083646,293.4155578613281,0.28,5.58,8,0.01,11.76,0,0.04,0,0,14.9,7.45,14.7,22.75,96,32.46,22.76,1011.43,14.5,609.3,1,276.1,-,193.76,1918,0,86,-,23.92,18.43,740,22.75,0.72,0.78,12.97,23.92,-20.31,-4.69,-5.47,-,0.53,6,23.04,293.42,-5.79,-35.2,25,0.03,-,36,0,12.46,8.02,2.13,0,35.2,0.81,0.78,66.26,0,33.74,1423.56,1.96,838,0.05,0,12.55,5,-,11.43,8.75,32.3,4.71,324.79,729.1,512.57,216.54,-12.08,14.12,14.4,23
Fri Nov 04 06:48:17 GMT-03:00 2022,04-Nov-2022 06:48:17.081,-35.20464978055721,-5.792337502474371,0.014359712600708008,6.0,23.053905331906105,293.4078369140625,0.22,5.54,8,0,12.16,0,0.04,0.01,0,14.9,7.45,14.7,22.75,96,32.46,22.73,1011.46,14.5,608.2,1,276.1,-,193.76,1918,0,86,-,24.31,19.61,715.5,22.75,0.72,0.8,13.34,23.92,-19.53,-7.03,-7.03,-,0.53,6,23.05,293.41,-5.79,-35.2,22,0.05,-,36,0,12.46,8.02,2.19,0,35.2,0.72,0.79,66.17,0,33.83,1423.56,1.96,840,0.05,0,12.55,11,-,11.43,8.75,32.3,4.71,324.79,730.09,512.57,217.53,-11.64,14.2,14.4,22
Fri Nov 04 06:48:18 GMT-03:00 2022,04-Nov-2022 06:48:18.082,-35.20464978055721,-5.792337502474371,0.0147550692781806,6.0,23.04396908454167,293.4057312011719,0.29,5.56,7.97,0,12.16,-0.01,0.03,0,0,14.9,7.45,14.7,22.75,96,32.46,22.69,1011.42,14.5,608.2,1,276.1,-,193.76,1918,0,86,-,24.31,18.82,726.5,22.75,0.72,0.79,13.16,23.92,-20.31,-4.69,-3.91,-,0.53,6,23.04,293.41,-5.79,-35.2,24,0.05,-,36,0,12.46,8.02,2.16,0,35.2,0.09,0.83,66.08,0,33.92,1423.56,1.96,840,0.05,0,12.55,5,-,11.43,8.75,32.29,4.71,324.79,731.09,512.57,218.52,-11.58,14.12,14.4,21
Fri Nov 04 06:48:19 GMT-03:00 2022,04-Nov-2022 06:48:19.081,-35.20464978055721,-5.792337502474371,0.009286843240261078,6.0,23.08132730111378,293.3941345214844,0.26,5.67,8.07,0.02,12.16,0,0.03,0.01,0,14.9,7.45,14.7,22.75,96,32.46,22.65,1011.44,14.5,608.2,1,276.1,-,193.76,1918,0,86,-,23.53,18.82,740,22.75,0.72,0.78,12.97,23.92,-20.31,0,-3.91,-,0.54,6,23.08,293.39,-5.79,-35.2,25,0.05,-,36,0,12.46,8.02,2.13,0,35.2,0.09,0.83,65.99,0,34.01,1423.56,1.96,842,0.03,0,12.55,6,-,11.43,8.75,32.29,4.71,324.79,732.09,512.57,219.52,-11.67,14.12,14.4,21
Fri Nov 04 06:48:20 GMT-03:00 2022,04-Nov-2022 06:48:20.082,-35.20464978055721,-5.792337502474371,0.008482316508889198,6.0,23.1110325505228,293.39300537109375,0.33,5.6,8,0.01,12.16,0,0.03,0,0,14.9,7.45,14.7,22.75,96,32.46,22.61,1011.4,14.65,606.7,1,276.1,-,193.76,1918,0,86,-,24.31,18.82,737.5,22.75,0.72,0.79,13.16,23.92,-20.31,2.34,0,-,0.54,6,23.11,293.39,-5.79,-35.2,26,0.03,-,36,0,12.46,8.02,2.16,0,35.2,0.12,0.85,65.9,0,34.1,1423.56,1.96,843,0.03,0,12.55,5,-,11.43,8.75,32.29,4.71,324.79,733.09,512.57,220.52,-11.82,13.94,14.2,20
Fri Nov 04 06:48:21 GMT-03:00 2022,04-Nov-2022 06:48:21.083,-35.20464978055721,-5.792337502474371,0.01808028109371662,6.0,23.096635703685685,293.3913269042969,0.27,5.55,7.99,0,12.55,-0.01,0.04,0,0,14.9,7.45,14.7,22.75,96,32.46,22.57,1011.44,14.65,606.7,1,276.1,-,193.76,1918,0,86,-,27.45,20,837,22.75,0.72,0.95,15.9,23.92,-19.53,0,0,-,0.54,6,23.1,293.39,-5.79,-35.2,25,0.03,-,36,0,12.46,8.02,2.61,0,35.2,0.62,0.84,65.8,0,34.2,1423.56,2.75,844,0.07,0,13.33,9.5,-,11.43,8.75,32.29,4.71,324.79,734.11,512.57,221.54,-11.22,12.92,14.3,21
Fri Nov 04 06:48:22 GMT-03:00 2022,04-Nov-2022 06:48:22.084,-35.20464978055721,-5.792337502474371,0.014059078879654408,6.0,23.084703485900185,293.3965148925781,0.27,5.57,8.01,0.01,12.94,0,0.03,0,0,14.9,7.45,14.7,22.75,96,32.46,22.57,1011.41,14.65,606.7,1,276.1,-,193.76,1918,0,86,-,27.45,23.53,837,22.75,0.72,0.95,15.9,23.92,-17.97,0,0,-,0.54,6,23.08,293.4,-5.79,-35.2,25,0.03,-,36,0,12.46,8.02,2.61,0,35.2,0.62,0.83,65.72,0,34.28,1423.56,3.14,844,0.05,0,13.33,9.5,-,11.43,8.75,32.29,4.71,324.79,735.09,512.57,222.53,-11.22,12.92,13.1,21
Fri Nov 04 06:48:23 GMT-03:00 2022,04-Nov-2022 06:48:23.081,-35.20464978055721,-5.792337502474371,0.01540317852050066,4.0,23.076319614872244,293.3935546875,0.25,5.61,8.04,0.01,12.94,0,0.04,0.01,0,14.9,7.45,14.7,22.75,96,32.46,22.54,1011.41,14.65,606.7,1,276.1,-,193.76,1918,0,86,-,32.16,23.53,759,22.75,0.72,1.13,18.76,23.92,-17.97,2.34,0.78,-,0.54,4,23.08,293.39,-5.79,-35.2,24,0.05,-,36,0,12.46,8.02,3.08,0,35.2,0.82,0.81,65.63,0,34.37,1423.56,3.14,845,0.06,0,13.33,8,-,11.43,8.75,32.28,4.71,324.79,736.08,512.57,223.51,-11.09,13.8,14.2,22
Fri Nov 04 06:48:24 GMT-03:00 2022,04-Nov-2022 06:48:24.081,-35.20464978055721,-5.792337502474371,0.019885513931512833,6.0,23.070209669561446,293.3828125,0.2,5.54,8.04,0.01,13.33,0,0.03,0,0,14.9,7.45,14.7,22.75,96,32.46,22.54,1011.43,14.65,604,1,276.1,-,193.76,1918,0,86,-,32.16,26.67,759,22.75,0.72,1.13,18.76,23.92,-17.97,2.34,0.78,-,0.54,6,23.07,293.38,-5.79,-35.2,27,0.05,-,36,0,12.46,8.02,3.08,0,35.2,0.82,0.81,65.54,0,34.46,1423.56,3.14,845,0.07,0,13.33,8,-,11.43,8.75,32.28,4.71,324.79,737.09,512.57,224.53,-11.09,13.8,14.2,22
Fri Nov 04 06:48:25 GMT-03:00 2022,04-Nov-2022 06:48:25.082,-35.20464978055721,-5.792337502474371,0.01808761991560459,6.0,23.070458059656513,293.3844909667969,-0.02,5.51,7.84,-0.01,13.33,-0.02,0.01,0,-0.01,14.9,7.45,14.7,22.75,96,32.46,22.5,1011.66,14.65,602.5,1,276.1,-,193.76,1918,0,86,-,32.16,26.67,767.5,22.75,0.72,1.13,18.76,23.92,-17.97,-3.91,-1.56,-,0.54,6,23.07,293.38,-5.79,-35.2,27,0.07,-,36,0,12.46,8.02,3.08,0,35.2,0.11,0.8,65.45,0,34.55,1423.56,3.14,847,0.07,0,13.33,5,-,11.43,8.75,32.28,4.71,324.79,738.1,512.57,225.53,-10.72,14.12,14.4,23
Fri Nov 04 06:48:26 GMT-03:00 2022,04-Nov-2022 06:48:26.082,-35.20464978055721,-5.792337502474371,0.013321594335138798,6.0,23.057210557765313,293.387451171875,0.35,5.6,8,0.01,12.94,0,0.04,0,0,14.9,7.45,14.7,22.75,96,32.46,22.46,1011.48,14.65,602.5,1,276.1,-,193.76,1918,0,86,-,32.55,25.88,773.5,22.75,0.72,1.14,18.94,23.92,-17.97,0.78,1.56,-,0.54,6,23.06,293.39,-5.79,-35.2,27,0.07,-,36,0,12.46,8.02,3.11,0,35.2,0.11,0.8,65.36,0,34.64,1423.56,3.14,849,0.05,0,13.33,3.5,-,11.43,8.75,32.28,4.71,324.79,739.09,512.57,226.52,-10.73,14.16,14.4,24
Fri Nov 04 06:48:27 GMT-03:00 2022,04-Nov-2022 06:48:27.081,-35.20464978055721,-5.792337502474371,0.013271828182041645,6.0,23.081049088191868,293.3835144042969,0.16,5.55,8,0,12.94,-0.01,0.03,0,0,14.9,7.45,14.7,22.75,96,32.46,22.46,1011.43,14.65,601.1,1,276.1,-,193.76,1918,0,86,-,32.55,25.1,773.5,22.75,0.72,1.14,18.94,23.92,-17.97,0.78,1.56,-,0.54,6,23.08,293.38,-5.79,-35.2,26,0.07,-,36,0,12.46,8.02,3.11,0,35.2,0.11,0.8,65.27,0,34.73,1423.56,3.14,849,0.05,0,13.33,3.5,-,11.43,8.75,32.28,4.71,324.79,740.1,512.57,227.53,-10.73,14.16,14.4,24
Fri Nov 04 06:48:28 GMT-03:00 2022,04-Nov-2022 06:48:28.081,-35.20464978055721,-5.792337502474371,0.013112517073750496,6.0,23.085322689158428,293.3752136230469,0.33,5.59,7.95,0,12.16,0,0.04,0,0,14.9,7.45,14.7,22.75,96,32.46,22.42,1011.44,14.65,601.1,1,276.1,-,193.76,1918,0,86,-,31.76,22.35,790.5,22.75,0.73,1.13,18.76,23.92,-18.75,-1.56,-2.34,-,0.54,6,23.09,293.38,-5.79,-35.2,28,0.05,-,36,0,12.46,8.02,3.08,0,35.2,0.74,0.79,65.18,0,34.82,1423.56,2.35,850,0.05,0,13.33,3,-,11.43,8.75,32.27,4.71,324.79,741.1,512.57,228.53,-10.79,14.12,14.2,24
Fri Nov 04 06:48:28 GMT-03:00 2022,04-Nov-2022 06:48:29.081,-35.20464978055721,-5.792337502474371,0.013112517073750496,6.0,23.085322689158428,293.3752136230469,0.31,5.54,7.97,0,12.16,0,0.04,0,0,14.9,7.45,14.7,22.75,96,32.46,22.39,1011.43,14.65,599.9,1,276.1,-,193.76,1918,0,86,-,25.49,18.82,756,22.75,0.73,0.8,13.34,23.92,-20.31,-4.69,-4.69,-,0.54,6,23.09,293.38,-5.79,-35.2,28,0.05,-,36,0,12.46,8.02,2.19,0,35.2,0.75,0.79,65.1,0,34.9,1423.56,1.96,851,0.05,0,12.55,2,-,11.42,8.75,32.27,4.71,324.79,742.08,512.57,229.51,-11.97,14.08,14.3,23
Fri Nov 04 06:48:30 GMT-03:00 2022,04-Nov-2022 06:48:30.081,-35.20464978055721,-5.792337502474371,0.021621642634272575,6.0,23.077792993310478,293.357421875,0.29,5.56,8.01,0.01,12.16,0,0.04,0,0,14.9,7.45,14.7,22.75,96,32.46,22.35,1011.42,14.65,599.9,1,276.1,-,193.76,1918,0,86,-,23.92,18.82,721,22.75,0.73,0.78,12.97,23.92,-19.53,-7.03,-7.03,-,0.54,6,23.08,293.36,-5.79,-35.2,25,0.03,-,36,0,12.46,8.02,2.13,0,35.2,0.7,0.79,65.01,0,34.99,1423.56,1.96,852,0.08,0,12.55,7.5,-,11.42,8.75,32.27,4.71,324.79,743.1,512.57,230.53,-11.92,14.22,14.4,22
Fri Nov 04 06:48:31 GMT-03:00 2022,04-Nov-2022 06:48:31.082,-35.20464978055721,-5.792337502474371,0.02217700146138668,6.0,23.17358509870834,293.34747314453125,0.17,5.55,8,0,12.16,0,0.03,0,0,14.9,7.45,14.7,22.75,96,32.46,22.31,1011.45,14.65,599.9,1,276.1,-,193.76,1918,0,86,-,23.53,19.61,731,22.75,0.73,0.77,12.85,23.92,-19.53,-3.12,-7.03,-,0.54,6,23.17,293.35,-5.79,-35.2,25,0.08,-,36,0,12.46,8.02,2.11,0,35.2,0.7,0.79,64.92,0,35.08,1423.56,1.96,854,0.08,0,12.55,7.5,-,11.42,8.75,32.27,4.71,324.79,744.09,512.57,231.52,-11.82,14.22,14.4,21
Fri Nov 04 06:48:32 GMT-03:00 2022,04-Nov-2022 06:48:32.081,-35.20464978055721,-5.792337502474371,0.022358568385243416,6.0,23.15568245351924,293.34210205078125,0.26,5.57,7.99,0.01,12.16,0,0.03,0,0,14.9,7.45,14.7,22.75,96,32.46,22.28,1011.44,14.65,598.5,1,276.1,-,193.76,1918,0,86,-,23.92,18.82,732.5,22.75,0.73,0.8,13.34,23.92,-20.31,-0.78,-2.34,-,0.54,6,23.16,293.34,-5.79,-35.2,27,0.08,-,36,0,12.46,8.02,2.19,0,35.2,0.08,0.79,64.83,0,35.17,1423.56,1.96,855,0.08,0,12.55,6.5,-,11.42,8.76,32.26,4.71,324.79,745.1,512.57,232.53,-11.75,14.16,14.3,21
Fri Nov 04 06:48:33 GMT-03:00 2022,04-Nov-2022 06:48:33.085,-35.20464978055721,-5.792337502474371,0.0,6.0,23.050751753433886,293.3403625488281,0.21,5.58,8.02,0.01,12.16,0,0.03,0,0,14.9,7.45,14.7,22.75,96,32.46,22.24,1011.47,14.65,598.5,1,276.1,-,193.76,1918,0,86,-,23.53,18.82,756,22.75,0.73,0.79,13.16,23.92,-20.31,1.56,0,-,0.54,6,23.05,293.34,-5.79,-35.2,26,0.08,-,36,0,12.46,8.02,2.16,0,35.2,0.09,0.8,64.75,0,35.25,1423.56,1.96,856,0,0,12.55,6,-,11.42,8.76,32.26,4.71,324.79,746.09,512.57,233.52,-11.79,14.2,14.4,20
Fri Nov 04 06:48:34 GMT-03:00 2022,04-Nov-2022 06:48:34.085,-35.20464978055721,-5.792337502474371,0.0,8.0,23.051475229505503,293.331787109375,0.23,5.51,7.99,0,12.16,-0.01,0.04,0,0,14.9,7.45,14.7,22.75,96,32.46,22.24,1011.45,14.65,598.5,1,276.1,-,193.76,1918,0,86,-,23.53,18.43,756,22.75,0.73,0.89,14.86,23.92,-20.31,1.56,2.34,-,0.54,8,23.05,293.33,-5.79,-35.2,25,0.08,-,36,0,12.46,8.02,2.44,0,35.2,0.12,0.8,64.66,0,35.34,1423.56,2.35,857,0,0,12.55,6,-,11.42,8.76,32.26,4.71,324.79,747.11,512.57,234.54,-11.52,14.22,14.4,21
Fri Nov 04 06:48:35 GMT-03:00 2022,04-Nov-2022 06:48:35.081,-35.20464978055721,-5.792337502474371,0.0,6.0,23.052255985207623,293.3280944824219,0.29,5.57,7.98,0,12.16,0,0.03,0,0,14.9,7.45,14.7,22.75,96,32.46,22.2,1011.44,14.5,596.1,1,276.1,-,193.76,1918,0,86,-,24.71,18.43,771.5,22.75,0.73,0.89,14.86,23.92,-18.75,0.78,0,-,0.54,6,23.05,293.33,-5.79,-35.2,26,0,-,36,0,12.46,8.02,2.44,0,35.2,0.58,0.81,64.57,0,35.43,1423.56,2.35,857,0,0,13.33,9,-,11.42,8.76,32.26,4.71,324.79,748.1,512.57,235.53,-11.52,13.62,13.2,21
Fri Nov 04 06:48:36 GMT-03:00 2022,04-Nov-2022 06:48:36.081,-35.20464978055721,-5.792337502474371,0.013311924412846565,6.0,23.037883974458097,293.3224792480469,0.19,5.61,8.05,0.01,12.94,-0.01,0.04,0,0,14.9,7.45,14.7,22.75,96,32.46,22.17,1011.41,14.5,596.1,1,276.1,-,193.76,1918,0,86,-,30.2,25.49,817.5,22.75,0.73,1.06,17.73,23.92,-17.97,3.91,3.91,-,0.54,6,23.04,293.32,-5.79,-35.2,26,0,-,36,0,12.46,8.03,2.91,0,35.2,0.77,0.81,64.49,0,35.51,1423.56,3.14,859,0.05,0,13.33,6,-,11.42,8.76,32.26,4.71,324.79,749.1,512.57,236.53,-10.85,13.34,13.6,22
Fri Nov 04 06:48:37 GMT-03:00 2022,04-Nov-2022 06:48:37.083,-35.20464978055721,-5.792337502474371,0.01624746061861515,6.0,23.06923386736622,293.32537841796875,0.17,5.58,8.02,0.01,12.94,0,0.04,0,0,14.9,7.45,14.7,22.75,96,32.46,22.13,1011.43,14.5,596.1,1,276.1,-,193.76,1918,0,86,-,34.51,25.1,715,22.75,0.73,1.2,19.92,23.92,-17.97,0,0,-,0.54,6,23.07,293.33,-5.79,-35.2,27,0.05,-,36,0,12.46,8.03,3.27,0,35.2,0.75,0.81,64.4,0,35.6,1423.56,3.14,860,0.06,0,13.73,3.5,-,11.42,8.76,32.25,4.71,324.79,750.09,512.57,237.53,-10.63,14.12,14.5,23
Fri Nov 04 06:48:38 GMT-03:00 2022,04-Nov-2022 06:48:38.083,-35.20464978055721,-5.792337502474371,0.024691211059689522,6.0,23.058715877687863,293.3179931640625,0.23,5.58,8.01,0.01,12.94,-0.01,0.04,0,0,14.9,7.45,14.7,22.75,96,32.46,22.1,1011.41,14.5,596.1,1,276.1,-,193.76,1918,0,86,-,31.76,25.88,797.5,22.75,0.73,1.13,18.76,23.92,-17.97,-2.34,0,-,0.54,6,23.06,293.32,-5.79,-35.2,27,0.06,-,36,0,12.46,8.03,3.08,0,35.2,0.75,0.81,64.32,0,35.68,1423.56,3.14,861,0.09,0,13.33,4.5,-,11.42,8.76,32.25,4.71,324.79,751.09,512.57,238.52,-10.33,14.22,14.5,24
Fri Nov 04 06:48:39 GMT-03:00 2022,04-Nov-2022 06:48:39.081,-35.20464978055721,-5.792337502474371,1.3019880861975253E-4,6.0,23.01464594544665,293.3109436035156,0.25,5.59,8,0.01,12.94,0,0.03,0,0,14.9,7.45,14.7,22.75,96,32.46,22.1,1011.45,14.65,593.1,1,276.1,-,193.76,1918,0,86,-,31.76,25.1,797.5,22.75,0.73,1.13,18.76,23.92,-17.97,-2.34,0.78,-,0.54,6,23.01,293.31,-5.79,-35.2,27,0.06,-,36,0,12.46,8.03,3.08,0,35.2,0.1,0.8,64.23,0,35.77,1423.56,3.14,861,0,0,13.33,4.5,-,11.42,8.76,32.25,4.71,324.79,752.09,512.57,239.52,-10.33,14.22,14.4,24
Fri Nov 04 06:48:40 GMT-03:00 2022,04-Nov-2022 06:48:40.081,-35.20464978055721,-5.792337502474371,0.0062863947823643684,6.0,22.988400622252467,293.308349609375,0.21,5.54,8,0,12.94,0,0.04,0.01,0,14.9,7.45,14.7,22.75,96,32.46,22.06,1011.45,14.65,593.1,1,276.1,-,193.76,1918,0,85,-,31.76,25.1,791.5,22.75,0.73,1.14,18.94,23.92,-17.97,3.91,3.91,-,0.54,6,22.99,293.31,-5.79,-35.2,25,0,-,36,0,12.46,8.03,3.11,0,35.2,0.8,0.79,64.15,0,35.85,1423.56,3.14,862,0.02,0,13.33,3.5,-,11.42,8.76,32.25,4.71,324.79,753.09,512.57,240.53,-10.87,14.14,14.4,24
Fri Nov 04 06:48:41 GMT-03:00 2022,04-Nov-2022 06:48:41.083,-35.20464978055721,-5.792337502474371,0.00799474399536848,6.0,22.962366013814346,293.3039855957031,0.19,5.52,7.99,0,12.94,0,0.04,0,0,14.9,7.45,14.7,22.75,96,32.46,22.02,1011.45,14.65,591.6,1,276.1,-,193.76,1918,0,85,-,31.37,25.49,787.5,22.75,0.73,1.11,18.58,23.92,-17.97,0,-0.78,-,0.54,6,22.96,293.3,-5.79,-35.2,25,0.02,-,36,0,12.46,8.03,3.05,0,35.2,0.8,0.79,64.06,0,35.94,1423.56,3.14,863,0.03,0,13.33,4.5,-,11.42,8.76,32.25,4.71,324.79,754.1,512.57,241.53,-10.92,14.16,14.4,25
Fri Nov 04 06:48:42 GMT-03:00 2022,04-Nov-2022 06:48:42.084,-35.20464978055721,-5.792337502474371,0.010443491861224174,6.0,22.96085823652761,293.29547119140625,0.15,5.63,8.03,0.01,12.94,0,0.04,0,0,14.9,7.45,14.7,22.75,96,32.46,21.99,1011.46,14.65,591.6,1,276.1,-,193.76,1918,0,85,-,29.02,25.49,737,22.75,0.73,0.91,15.17,23.92,-19.53,-3.12,-3.91,-,0.54,6,22.96,293.3,-5.79,-35.2,25,0.03,-,36,0,12.46,8.03,2.49,0,35.2,0.75,0.78,63.98,0,36.02,1423.56,1.96,864,0.04,0,12.55,3,-,11.41,8.76,32.24,4.71,324.79,755.09,512.57,242.52,-11.59,14.12,14.3,24
Fri Nov 04 06:48:43 GMT-03:00 2022,04-Nov-2022 06:48:43.082,-35.20464978055721,-5.792337502474371,0.017299843952059746,6.0,23.0400722997504,293.2913818359375,0.29,5.58,8,0.01,12.16,0,0.03,0,0,14.9,7.45,14.7,22.75,96,32.46,21.95,1011.49,14.65,591.6,1,276.1,-,193.76,1918,0,85,-,29.02,18.82,713,22.75,0.73,0.77,12.85,23.92,-19.53,-3.12,-3.91,-,0.54,6,23.04,293.29,-5.79,-35.2,22,0.04,-,36,0,12.46,8.03,2.11,0,35.2,0.75,0.78,63.89,0,36.11,1423.56,1.96,866,0.06,0,12.55,3,-,11.41,8.76,32.24,4.71,324.79,756.09,512.57,243.52,-11.88,14.12,14.3,22
Fri Nov 04 06:48:44 GMT-03:00 2022,04-Nov-2022 06:48:44.081,-35.20464978055721,-5.792337502474371,0.0161320548504591,6.0,23.031293661822076,293.28436279296875,0.3,5.55,7.99,0,12.16,0,0.02,0.01,0,14.9,7.45,14.7,22.75,96,32.46,21.95,1011.43,14.5,590.1,1,276.1,-,193.75,1918,0,85,-,23.92,19.61,733.5,22.75,0.73,0.8,13.34,23.92,-20.31,-7.03,-7.81,-,0.54,6,23.03,293.28,-5.79,-35.2,23,0.04,-,36,0,12.46,8.03,2.19,0,35.2,0.58,0.78,63.81,0,36.19,1423.56,2.35,867,0.06,0,12.55,4.5,-,11.41,8.76,32.24,4.71,324.79,757.1,512.57,244.53,-11.53,14.16,14.4,22
Fri Nov 04 06:48:45 GMT-03:00 2022,04-Nov-2022 06:48:45.081,-35.20464978055721,-5.792337502474371,0.008747430518269539,6.0,23.022576379881595,293.2842102050781,0.23,5.56,8.01,0.01,12.16,0,0.03,0,0,14.9,7.45,14.7,22.75,96,32.46,21.88,1011.43,14.5,590.1,1,276.1,-,193.75,1918,0,85,-,23.92,19.22,731.5,22.75,0.73,0.79,13.16,23.92,-20.31,-3.91,-3.91,-,0.54,6,23.02,293.28,-5.79,-35.2,21,0.06,-,36,0,12.46,8.03,2.16,0,35.2,0.08,0.78,63.72,0,36.28,1423.56,1.96,868,0.03,0,12.16,6.5,-,11.41,8.76,32.24,4.71,324.79,758.09,512.57,245.53,-11.65,14.22,14.4,21
Fri Nov 04 06:48:46 GMT-03:00 2022,04-Nov-2022 06:48:46.083,-35.20464978055721,-5.792337502474371,0.010635916143655777,6.0,23.01848879202819,293.2767639160156,0.27,5.55,7.96,0,12.16,0,0.03,0,0,14.9,7.45,14.7,22.75,96,32.46,21.88,1011.43,14.5,590.1,1,276.1,-,193.75,1918,0,85,-,23.92,18.82,731.5,22.75,0.73,0.79,13.16,23.92,-20.31,-1.56,-1.56,-,0.54,6,23.02,293.28,-5.79,-35.2,21,0.06,-,36,0,12.46,8.03,2.16,0,35.2,0.08,0.78,63.64,0,36.36,1423.56,1.96,868,0.04,0,12.16,6,-,11.41,8.76,32.24,4.71,324.79,759.09,512.57,246.52,-11.65,14.14,14.4,21
Fri Nov 04 06:48:47 GMT-03:00 2022,04-Nov-2022 06:48:47.082,-35.20464978055721,-5.792337502474371,0.01316793356090784,6.0,23.017977617269693,293.27081298828125,0.27,5.59,7.95,0,12.16,0,0.03,0,0,14.9,7.45,14.7,22.75,96,32.46,21.85,1011.45,14.5,590.1,1,276.1,-,193.75,1918,0,85,-,23.14,18.82,756,22.75,0.73,0.79,13.16,23.92,-20.31,2.34,2.34,-,0.54,6,23.02,293.27,-5.79,-35.2,24,0.04,-,36,0,12.46,8.03,2.16,0,35.2,0.32,0.78,63.55,0,36.45,1423.56,1.96,869,0.05,0,12.55,6,-,11.41,8.76,32.23,4.71,324.79,760.1,512.57,247.53,-11.64,14.2,14.4,21
Fri Nov 04 06:48:48 GMT-03:00 2022,04-Nov-2022 06:48:48.081,-35.20464978055721,-5.792337502474371,0.010748754255473614,6.0,23.045375693976435,293.2649230957031,0.18,5.56,8.04,0.01,12.16,0,0.04,0,0,14.9,7.45,14.7,22.75,96,32.46,21.81,1011.41,14.65,587.9,1,276.1,-,193.75,1918,0,85,-,23.14,18.43,766.5,22.75,0.73,0.8,13.34,23.92,-20.31,3.12,3.12,-,0.54,6,23.05,293.26,-5.79,-35.2,24,0.05,-,36,0,12.46,8.03,2.19,0,35.2,0.76,0.81,63.47,0,36.53,1423.56,2.35,871,0.04,0,12.94,6,-,11.41,8.76,32.23,4.71,324.79,761.11,512.57,248.54,-11.84,14.16,14.5,20
Fri Nov 04 06:48:49 GMT-03:00 2022,04-Nov-2022 06:48:49.080,-35.20464978055721,-5.792337502474371,0.021345144137740135,6.0,23.124097029104842,293.253662109375,0.3,5.52,7.99,0,12.55,0,0.03,0,0,14.9,7.45,14.7,22.75,96,32.46,21.78,1011.44,14.65,587.9,1,276.1,-,193.75,1918,0,85,-,25.1,19.61,811,22.75,0.73,0.94,15.71,23.92,-18.75,-0.78,-1.56,-,0.54,6,23.12,293.25,-5.79,-35.2,24,0.04,-,36,0,12.46,8.03,2.58,0,35.2,0.61,0.81,63.39,0,36.61,1423.56,2.75,872,0.08,0,13.33,13.5,-,11.41,8.76,32.23,4.71,324.79,762.09,512.57,249.52,-11.39,13.66,13.5,21
Fri Nov 04 06:48:50 GMT-03:00 2022,04-Nov-2022 06:48:50.079,-35.20464978055721,-5.792337502474371,0.012226949445903301,6.0,23.129897747105186,293.245849609375,0.21,5.51,7.97,0,13.33,0,0.03,0,0,14.9,7.45,14.7,22.75,96,32.46,21.74,1011.44,14.65,587.9,1,276.1,-,193.75,1918,0,85,-,31.37,25.1,809,22.75,0.73,1.14,18.94,23.92,-18.75,2.34,-1.56,-,0.54,6,23.13,293.25,-5.79,-35.2,22,0.08,-,36,0,12.46,8.03,3.11,0,35.2,0.61,0.81,63.31,0,36.69,1423.56,3.53,873,0.04,0,13.33,4.5,-,11.41,8.77,32.23,4.71,324.79,763.09,512.57,250.52,-10.94,13.66,13.5,22
Fri Nov 04 06:48:51 GMT-03:00 2022,04-Nov-2022 06:48:51.080,-35.20464978055721,-5.792337502474371,0.0,6.0,23.079132075986156,293.2425537109375,0.15,5.51,8,0,12.94,0,0.04,0,0,14.9,7.45,14.7,22.75,96,32.46,21.74,1011.44,14.65,585.3,1,276.1,-,193.75,1918,0,85,-,31.37,26.27,809,22.75,0.73,1.14,18.94,23.92,-17.97,2.34,3.91,-,0.54,6,23.08,293.24,-5.79,-35.2,22,0.08,-,36,0,12.46,8.03,3.11,0,35.2,0.59,0.81,63.22,0,36.78,1423.56,3.14,873,0,0,13.33,4.5,-,11.41,8.77,32.23,4.71,324.79,764.11,512.57,251.54,-10.94,13.72,14.4,22
Fri Nov 04 06:48:52 GMT-03:00 2022,04-Nov-2022 06:48:52.080,-35.20464978055721,-5.792337502474371,0.0,6.0,23.118678245438133,293.2347106933594,0.24,5.6,8.02,0.01,12.94,-0.01,0.04,0,0,14.9,7.45,14.7,22.75,96,32.46,21.71,1011.43,14.65,585.3,1,276.1,-,193.75,1918,0,85,-,31.76,25.49,801.5,22.75,0.73,1.14,18.94,23.92,-17.97,0,-0.78,-,0.54,6,23.12,293.23,-5.79,-35.2,23,0,-,36,0,12.46,8.03,3.11,0,35.2,0.74,0.8,63.14,0,36.86,1423.56,3.14,874,0,0,13.33,3.5,-,11.41,8.77,32.22,4.71,324.79,765.09,512.57,252.52,-10.93,14.2,14.4,23
Fri Nov 04 06:48:53 GMT-03:00 2022,04-Nov-2022 06:48:53.080,-35.20464978055721,-5.792337502474371,0.0,6.0,23.028358600530645,293.2281188964844,0.31,5.58,7.97,0,12.94,0,0.02,0.01,0,14.9,7.45,14.7,22.75,96,32.46,21.67,1011.31,14.65,585.3,1,276.1,-,193.75,1918,0,85,-,32.16,25.88,754,22.75,0.73,1.14,18.94,23.92,-17.97,-2.34,-0.78,-,0.54,6,23.03,293.23,-5.79,-35.2,24,0,-,36,0,12.46,8.03,3.11,0,35.2,0.29,0.8,63.06,0,36.94,1423.56,3.14,876,0,0,13.33,5,-,11.41,8.77,32.22,4.71,324.79,766.1,512.57,253.54,-10.69,14.16,14.4,24
Fri Nov 04 06:48:54 GMT-03:00 2022,04-Nov-2022 06:48:54.080,-35.20464978055721,-5.792337502474371,2.7497921837493777E-4,6.0,22.981575213948616,293.2271423339844,0.19,5.6,8.04,0.01,12.94,0,0.04,0.01,0,14.9,7.45,14.7,22.75,96,32.46,21.64,1011.44,14.65,583.4,1,276.1,-,193.75,1918,0,85,-,32.94,25.49,754,22.75,0.73,1.14,18.94,23.92,-17.97,1.56,2.34,-,0.54,6,22.98,293.23,-5.79,-35.2,26,0,-,36,0,12.46,8.03,3.11,0,35.2,0.1,0.79,62.97,0,37.03,1423.56,3.14,876,0,0,13.33,3.5,-,11.41,8.77,32.22,4.71,324.79,767.09,512.57,254.53,-10.69,14.12,14.4,24
Fri Nov 04 06:48:55 GMT-03:00 2022,04-Nov-2022 06:48:55.081,-35.20464978055721,-5.792337502474371,0.036858025938272476,6.0,23.169906582935702,293.2332763671875,0.17,5.48,8.1,0.01,12.94,-0.01,0.05,0,0,14.9,7.45,14.7,22.75,96,32.46,21.6,1011.45,14.65,583.4,1,276.1,-,193.75,1918,0,85,-,31.76,25.49,782.5,22.75,0.74,1.11,18.58,23.92,-17.97,0.78,2.34,-,0.54,6,23.17,293.23,-5.79,-35.2,26,0,-,36,0,12.46,8.03,3.05,0,35.2,0.1,0.79,62.89,0,37.11,1423.56,3.14,878,0.13,0,13.33,4.5,-,11.4,8.77,32.22,4.71,324.79,768.11,512.57,255.54,-10.73,14.12,14.4,24
Fri Nov 04 06:48:56 GMT-03:00 2022,04-Nov-2022 06:48:56.079,-35.20464978055721,-5.792337502474371,0.0316559374332428,6.0,23.1241579825853,293.210693359375,0.42,5.71,8.04,0.02,12.94,0,0.04,0.01,0,14.9,7.45,14.7,22.75,96,32.46,21.57,1011.47,14.5,582,1,276.1,-,193.75,1918,0,85,-,29.41,25.49,785.5,22.75,0.74,0.92,15.35,23.92,-17.97,-2.34,0,-,0.55,6,23.12,293.21,-5.79,-35.2,24,0.13,-,36,0,12.46,8.03,2.52,0,35.2,0.81,0.79,62.81,0,37.19,1423.56,3.14,879,0.11,0,12.55,3.5,-,11.4,8.77,32.21,4.71,324.79,769.1,512.57,256.54,-11.39,14.16,14.5,24
Fri Nov 04 06:48:57 GMT-03:00 2022,04-Nov-2022 06:48:57.081,-35.20464978055721,-5.792337502474371,7.851014961488545E-4,6.0,22.986980015722022,293.19122314453125,0.18,5.49,8.09,0.01,12.16,0,0.03,0,0,14.9,7.45,14.7,22.75,96,32.46,21.53,1011.62,14.5,582,1,276.1,-,193.75,1918,0,85,-,23.92,20,762.5,22.75,0.74,0.79,13.16,23.92,-18.75,-4.69,-5.47,-,0.55,6,22.99,293.19,-5.79,-35.2,25,0.11,-,36,0,12.46,8.03,2.16,0,35.2,0.76,0.78,62.73,0,37.27,1423.56,1.96,880,0,0,12.55,4.5,-,11.4,8.77,32.21,4.71,324.79,770.1,512.57,257.53,-11.84,14.18,14.4,22
Fri Nov 04 06:48:58 GMT-03:00 2022,04-Nov-2022 06:48:58.084,-35.20464978055721,-5.792337502474371,0.02930084802210331,6.0,23.022757088507714,293.2054443359375,0.26,5.4,8.01,-0,12.16,0,0.03,0,0,14.9,7.45,14.7,22.75,96,32.46,21.5,1011.43,14.5,582,1,276.1,-,193.75,1918,0,85,-,23.92,19.22,711,22.75,0.74,0.77,12.85,23.92,-20.31,-4.69,-5.47,-,0.55,6,23.02,293.21,-5.79,-35.2,24,0,-,36,0,12.46,8.03,2.11,0,35.2,0.76,0.78,62.65,0,37.35,1423.56,1.96,881,0.11,0,12.55,4.5,-,11.4,8.77,32.21,4.71,324.79,771.1,512.57,258.53,-11.82,14.18,14.3,21
Fri Nov 04 06:48:59 GMT-03:00 2022,04-Nov-2022 06:48:59.082,-35.20464978055721,-5.792337502474371,0.0343421995639801,6.0,23.041930420357392,293.232177734375,0.08,5.55,7.94,-0,12.16,0,0.02,0,0.01,14.9,7.45,14.7,22.75,96,32.46,21.5,1011.44,14.65,580,1,276.1,-,193.75,1918,0,85,-,24.71,19.22,711,22.75,0.74,0.77,12.85,23.92,-18.75,-5.47,-3.91,-,0.55,6,23.04,293.23,-5.79,-35.2,24,0,-,36,0,12.46,8.03,2.11,0,35.2,0.08,0.77,62.57,0,37.43,1423.56,2.35,881,0.12,0,13.33,-6,-,11.4,8.77,32.21,4.71,324.79,772.08,512.57,259.52,-11.82,14.08,14.3,21
Fri Nov 04 06:49:00 GMT-03:00 2022,04-Nov-2022 06:49:00.081,-35.20464978055721,-5.792337502474371,0.11708386242389679,6.0,23.022931991735597,293.19818115234375,0.2,5.68,7.88,0,12.55,-0.01,0.03,0,0,14.9,7.45,14.7,22.75,96,32.46,21.47,1011.43,14.65,580,1,276.1,-,193.75,1918,0,85,-,30.2,22.75,695,22.75,0.74,0.97,16.2,23.92,-17.97,-1.56,-0.78,-,0.55,6,23.02,293.2,-5.79,-35.2,23,0.12,-,36,0,12.46,8.03,2.66,0,35.2,0.07,0.78,62.49,0,37.51,1423.56,2.35,883,0.42,0,13.73,11,-,11.4,8.77,32.21,4.71,324.79,773.09,512.57,260.52,-11.03,14.12,14.5,22
Fri Nov 04 06:49:01 GMT-03:00 2022,04-Nov-2022 06:49:01.084,-35.20464978055721,-5.792337502474371,0.08704597502946854,6.0,23.1768873391853,292.4708251953125,-0.17,7.07,6.77,0.01,12.55,0,0,0.16,-0.11,14.9,7.45,14.7,22.75,96,32.46,21.43,1011.44,14.65,580,1,276.1,-,193.75,1918,0,85,-,30.98,23.92,754.5,22.75,0.74,0.97,16.2,23.92,-14.84,1.56,2.34,-,0.55,6,23.18,292.47,-5.79,-35.2,22,0.42,-,36,0,12.46,8.03,2.66,0,35.2,0.09,0.79,62.4,0,37.6,1423.56,2.75,884,0.31,0,17.65,2,-,11.4,8.77,32.2,4.71,324.79,774.1,512.57,261.54,-10.94,14.3,14.5,23
Fri Nov 04 06:49:02 GMT-03:00 2022,04-Nov-2022 06:49:02.082,-35.204668835756614,-5.792336826425695,0.6051508784294128,6.0,23.11861640371905,290.3489074707031,0.17,5.85,7.94,0.02,16.86,0.02,0.03,0.06,0,16.86,7.84,14.7,22.75,96,32.39,21.4,1011.46,14.65,578.4,1,276.1,-,193.75,1918,0,85,0.87,35.69,44.31,1105,22.75,0.74,1.31,21.81,23.92,-14.84,1.56,2.34,-,0.55,6,23.12,290.35,-5.79,-35.2,22,2.69,1.17,36,0,12.46,8.03,3.58,0,35.2,0.09,0.79,62.32,0,37.68,1423.56,7.06,885,2.18,3,17.65,2,7.56,11.4,8.77,32.2,4.71,324.79,775.1,512.93,262.17,-10.05,14.3,14.5,25
Fri Nov 04 06:49:03 GMT-03:00 2022,04-Nov-2022 06:49:03.083,-35.204682001613264,-5.792331893882694,1.5928683280944824,6.0,23.17984661604218,292.1178283691406,-0.07,5.99,7.6,-0,14.9,0.02,0.02,0.09,-0.01,16.86,7.84,14.7,22.75,96,32.39,21.4,1011.42,14.65,576.7,1,276.1,-,193.75,1918,0,85,0.87,35.69,44.31,1105,22.75,0.74,1.31,21.81,23.92,-14.84,-3.12,-5.47,-,0.55,6,23.18,292.12,-5.79,-35.2,25,2.69,1.17,36,0,12.46,8.03,3.58,0,35.2,0.13,0.8,62.24,0,37.76,1423.56,5.1,885,5.73,3,16.08,7.5,7.56,11.4,8.77,32.2,4.71,324.79,776.09,513.92,262.17,-10.05,14.12,14.4,25
Fri Nov 04 06:49:04 GMT-03:00 2022,04-Nov-2022 06:49:04.082,-35.204697088150944,-5.792323713365783,1.7678792476654053,6.0,23.304594406417756,293.1843566894531,0.34,6.18,7.44,-0,14.9,0.01,0.01,0.05,0,17.25,9.02,14.7,22.75,96,32.32,21.38,1011.43,14.65,576.7,1,276.1,-,190.57,1918,0,85,0.6,35.29,33.33,915,22.75,0.74,1.52,25.34,23.53,-14.84,-0.78,-3.12,-,0.55,6,23.3,293.18,-5.79,-35.2,27,0.73,0.8,37,1.97,12.46,8.03,4.16,5.57,35.2,0.75,0.79,62.16,0,37.84,1424.01,6.27,887,6.36,5,18.04,-2.5,6.21,11.38,8.78,32.16,4.71,324.79,777.09,514.92,262.17,-11,14.2,14.4,25
Fri Nov 04 06:49:05 GMT-03:00 2022,04-Nov-2022 06:49:05.081,-35.2047140026199,-5.792317140204042,2.206451416015625,6.0,23.355678585229445,292.317626953125,-0.42,5.89,7.96,0.02,16.08,0.03,-0.06,0,0.05,23.14,12.16,14.7,22.75,96,32.26,21.36,1011.45,14.65,576.2,1,276.1,-,190.57,1918,0,85,0.6,47.84,39.22,1218,22.75,0.74,2.42,40.38,23.53,-15.62,-1.56,-0.78,-,0.55,6,23.36,292.32,-5.79,-35.2,26,0.64,0.8,37,2.06,12.46,8.03,6.63,5.83,35.2,0.11,0.77,62.16,0,37.84,1425.01,4.31,888,7.94,7,15.69,16.5,6.21,11.37,8.79,32.12,4.71,324.79,778.1,515.94,262.17,-7.61,14.2,14.4,30
Fri Nov 04 06:49:06 GMT-03:00 2022,04-Nov-2022 06:49:06.081,-35.20472636682717,-5.792312049577062,1.742751955986023,6.0,23.284846701284426,291.6054992675781,-0.51,5.35,8.64,0.05,12.16,0,0,-0.03,0.03,14.9,7.45,14.7,22.75,96,32.2,21.33,1011.46,14.65,576.2,1,276.1,-,190.57,1918,0,85,0.72,29.02,25.1,857,22.75,0.74,1.13,18.76,23.53,-15.62,-3.91,-0.78,-,0.55,6,23.28,291.61,-5.79,-35.2,25,0.94,0.97,37,6.22,12.46,8.03,3.08,17.57,35.2,0.11,0.77,62.21,0,37.79,1424.34,4.31,889,6.27,7,15.69,16.5,8.03,11.36,8.8,32.1,4.71,324.8,779.1,516.94,262.17,-12.19,14.2,14.4,27
Fri Nov 04 06:49:07 GMT-03:00 2022,04-Nov-2022 06:49:07.081,-35.20473633052311,-5.792307220049906,1.204288125038147,6.0,23.260831544707305,290.9749755859375,-0.4,6.08,7.97,0.03,14.12,0.01,0,0.03,0.01,14.9,7.45,14.7,22.75,96,32.2,21.33,1011.41,14.65,576,1,276.1,-,190.57,1918,0,85,0.72,29.02,25.1,857,22.75,0.74,1.13,18.76,23.53,-16.41,-3.91,0,-,0.55,6,23.26,290.97,-5.79,-35.2,24,0.94,0.97,37,6.22,12.46,8.03,3.08,17.57,35.2,0.07,0.77,62.26,0,37.74,1424.34,4.31,889,4.34,7,13.73,16.5,8.03,11.36,8.8,32.1,4.71,324.8,780.09,517.93,262.17,-12.19,14.16,14.4,27
Fri Nov 04 06:49:08 GMT-03:00 2022,04-Nov-2022 06:49:08.082,-35.20474924335677,-5.792301419217655,1.512109398841858,6.0,23.401636626076268,285.7303466796875,-0.95,5.87,7.73,0.01,14.12,-0.05,-0.06,0.01,-0.06,14.9,7.84,14.7,22.75,96,32.14,21.31,1011.42,14.65,576,1,276.1,-,196.92,1918,0,85,0.72,64.31,33.73,1073,22.75,0.74,4.44,74.07,24.31,-14.84,-0.78,-2.34,-,0.55,6,23.4,285.73,-5.79,-35.2,27,0.66,0.97,37,1.58,12.46,8.03,12.16,4.45,35.2,0.83,0.76,62.24,0,37.76,1423.38,4.31,891,5.44,5,16.08,-9,8.03,11.35,8.81,32.05,4.72,324.8,781.09,518.92,262.17,-0.87,14.12,14.5,43
Fri Nov 04 06:49:09 GMT-03:00 2022,04-Nov-2022 06:49:09.082,-35.20475979290755,-5.792298659274832,0.9269687533378601,6.0,23.238517018908844,276.08148193359375,-0.18,5.56,8.39,0.04,14.12,-0.01,0,-0.02,0,14.9,7.45,14.7,22.75,96,32.08,21.28,1011.42,14.65,576.2,1,276.1,-,196.91,1918,0,85,0.72,32.55,32.94,996,22.75,0.74,1.22,20.28,24.31,-16.41,-5.47,-3.91,-,0.55,6,23.24,276.08,-5.79,-35.2,25,0.56,0.97,37,4.11,12.46,8.03,3.33,11.61,35.2,0.4,0.76,62.23,0,37.77,1424.22,5.88,892,3.34,6,13.73,18.5,8.03,11.33,8.82,32.02,4.72,324.8,782.1,519.93,262.17,-11.63,14.12,14.4,38
Fri Nov 04 06:49:10 GMT-03:00 2022,04-Nov-2022 06:49:10.081,-35.20476965245807,-5.792297855931591,0.8094386458396912,6.0,23.12637114664378,269.98321533203125,-0.51,5.28,7.97,-0.01,15.69,-0.01,-0.03,-0.01,0.01,14.9,7.45,14.7,22.75,96,32.01,21.25,1011.41,14.65,576.2,1,276.1,-,196.91,1918,0,85,-,40.78,38.04,942.5,22.75,0.74,1.57,26.19,24.31,-16.41,-0.78,0,-,0.55,6,23.13,269.98,-5.79,-35.2,26,0.34,-,37,3.82,12.46,8.03,4.3,10.79,35.2,0.08,0.79,62.2,0,37.8,1424.05,5.88,893,2.91,3,14.12,3,-,11.32,8.83,31.99,4.72,324.8,783.1,520.94,262.17,-10.46,13.68,14.4,35
Fri Nov 04 06:49:11 GMT-03:00 2022,04-Nov-2022 06:49:11.083,-35.20477586608396,-5.792297935918249,0.6367715001106262,6.0,22.80559659744611,264.9661560058594,-0.41,5.63,8.2,0.03,12.94,0.01,0,0.01,0.01,14.9,7.45,14.7,22.75,96,32.01,21.25,1011.41,14.65,576.3,1,276.1,-,196.91,1918,0,85,-,40.78,23.14,942.5,22.75,0.74,1.57,26.19,24.31,-17.19,-0.78,0,-,0.55,6,22.81,264.97,-5.79,-35.2,27,0.34,-,37,3.82,12.46,8.03,4.3,10.79,35.2,0.08,0.79,62.13,0,37.87,1424.05,2.75,893,2.29,3,14.12,3,-,11.32,8.83,31.99,4.72,324.8,784.09,521.92,262.17,-10.46,13.68,14.3,35
Fri Nov 04 06:49:12 GMT-03:00 2022,04-Nov-2022 06:49:12.086,-35.20478345576026,-5.792297662465051,0.7103816866874695,6.0,22.91976230205985,259.4207763671875,0.01,5.66,7.98,0.01,12.55,0,-0.03,0.03,-0.01,14.9,7.45,14.7,22.75,96,31.94,21.23,1011.43,14.65,576.3,1,276.1,-,215.96,1918,0,85,-,30.2,24.71,757.5,22.75,0.75,1.03,17.24,26.67,-17.97,5.47,5.47,-,0.55,6,22.92,259.42,-5.79,-35.2,21,0.71,-,37,2.9,12.46,8.03,2.83,8.19,35.19,0.07,0.79,62.04,0,37.96,1423.6,2.75,894,2.56,3,12.94,3,-,11.31,8.84,31.95,4.72,324.8,785.11,522.94,262.17,-11.73,14.2,14.4,31
Fri Nov 04 06:49:13 GMT-03:00 2022,04-Nov-2022 06:49:13.081,-35.20479505248451,-5.79229893430416,1.0465583801269531,6.0,22.42028530845794,254.12271118164062,-0.4,5.89,7.98,0.02,13.33,0.03,0,0.01,0.04,14.9,7.45,14.7,22.75,96,31.87,21.2,1011.48,14.65,576.3,1,276.1,-,215.96,1918,0,85,-,31.76,25.49,776,22.75,0.75,1.05,17.42,26.67,-17.97,7.81,7.81,-,0.55,6,22.42,254.12,-5.79,-35.2,25,1.44,-,37,2.87,12.46,8.03,2.86,8.11,35.19,0.82,0.79,61.97,0,38.03,1424.16,3.14,895,3.77,4,13.33,3.5,-,11.3,8.85,31.91,4.72,324.8,786.09,523.92,262.17,-10.98,14.2,14.4,30
Fri Nov 04 06:49:14 GMT-03:00 2022,04-Nov-2022 06:49:14.082,-35.204804964424525,-5.792301090154315,1.225936770439148,6.0,22.872417088147493,252.0724334716797,-0.85,5.76,8.18,0.03,12.94,0,-0.04,0.01,0,19.22,9.8,14.7,22.75,96,31.81,21.17,1011.47,14.65,576.3,1,276.1,-,215.95,1918,0,85,0.23,30.2,25.49,893,22.75,0.75,1.18,19.61,26.67,-17.97,4.69,3.91,-,0.55,6,22.87,252.07,-5.79,-35.2,22,0.23,0.3,37,3.4,12.46,8.03,3.22,9.6,35.19,0.82,0.79,61.89,0,38.11,1423.85,2.75,896,4.41,4,13.33,2,2.43,11.28,8.86,31.88,4.72,324.8,787.09,524.92,262.17,-10.62,14.18,14.4,29
Fri Nov 04 06:49:15 GMT-03:00 2022,04-Nov-2022 06:49:15.081,-35.2048222532145,-5.792307176198434,1.7385263442993164,6.0,23.218774963920268,250.93057250976562,-0.17,6.32,7.54,0.01,12.94,0,-0.03,0.05,-0.03,19.22,9.8,14.7,22.75,96,31.75,21.15,1011.42,14.65,576.3,1,276.1,-,222.3,1918,0,85,1.35,40.78,21.57,1370.5,22.75,0.75,2.66,44.28,27.45,-17.97,1.56,3.91,-,0.55,6,23.22,250.93,-5.79,-35.2,25,2.59,1.81,37,1.51,12.46,8.03,7.27,4.25,35.19,0.82,0.79,61.83,0,38.17,1424.55,2.75,898,6.26,7,13.33,2,9.39,11.27,8.87,31.83,4.73,324.81,788.09,525.92,262.17,-6.74,14.18,14.4,35
Fri Nov 04 06:49:16 GMT-03:00 2022,04-Nov-2022 06:49:16.082,-35.20483881326391,-5.792313324980142,2.2042877674102783,6.0,23.090904115933704,247.51104736328125,-1.48,5.89,8.67,0.09,12.94,0.06,-0.07,0.03,0.06,17.65,9.41,14.7,22.75,96,31.7,21.13,1011.4,14.65,576.2,1,276.1,-,222.29,1918,0,85,0.82,26.67,20.39,1177.5,22.75,0.75,1.6,26.68,27.45,-15.62,-3.12,0,-,0.55,6,23.09,247.51,-5.79,-35.2,26,1.74,1.1,37,4.37,12.46,8.03,4.38,12.35,35.19,0.81,0.78,61.88,0,38.12,1425.58,3.92,899,7.94,8,14.51,7.5,6.64,11.26,8.88,31.8,4.73,324.81,789.09,526.92,262.17,-11.54,14.16,14.4,32
Fri Nov 04 06:49:17 GMT-03:00 2022,04-Nov-2022 06:49:17.081,-35.20485838273515,-5.792329401463242,2.522789478302002,6.0,22.949741454922172,238.43995666503906,-2.25,5.66,7.47,-0.01,16.08,0.01,-0.14,0.03,0,24.71,12.55,14.7,22.75,96,31.65,21.11,1011.38,14.65,576.2,1,276.1,-,222.29,1918,0,85,0.82,43.92,33.33,1558,22.75,0.75,2.75,45.8,27.45,-15.62,-7.03,-3.91,-,0.56,6,22.95,238.44,-5.79,-35.2,23,2.06,1.1,37,2.91,12.46,8.03,7.52,8.22,35.19,0.74,0.89,61.93,0,38.07,1426.99,5.88,900,9.08,10,17.65,23,6.64,11.24,8.89,31.77,4.73,324.81,790.1,527.93,262.17,-8.45,14.16,14.5,34
Fri Nov 04 06:49:18 GMT-03:00 2022,04-Nov-2022 06:49:18.083,-35.204888167763364,-5.792347754691633,3.7762115001678467,6.0,23.03272413048893,225.07974243164062,-1.16,5.12,6.74,-0.12,17.65,0,-0.15,0.06,-0.06,26.27,13.33,14.7,22.75,96,31.65,21.11,1011.41,14.65,576.2,1,276.1,-,222.29,1918,0,85,0.82,43.92,38.04,1558,22.75,0.75,2.75,45.8,27.06,-14.84,-7.03,-4.69,-,0.56,6,23.03,225.08,-5.79,-35.2,21,2.06,1.1,37,2.91,12.46,8.03,7.52,8.22,35.19,0.09,0.85,61.98,0,38.02,1426.99,7.84,901,13.59,10,17.65,23,6.64,11.24,8.89,31.77,4.73,324.81,791.08,528.92,262.17,-8.45,14.08,14.4,34
Fri Nov 04 06:49:19 GMT-03:00 2022,04-Nov-2022 06:49:19.083,-35.20492076661298,-5.792380329106101,4.901216506958008,6.0,22.921412278246116,209.33621215820312,-0.68,7.18,6.93,0.03,17.65,-0.09,0,-0.13,-0.02,26.27,13.33,14.7,22.75,96,31.61,21.11,1011.4,14.65,576.2,1,276.1,-,219.11,1918,0,85,0.82,63.14,38.04,1931.5,22.75,0.75,4.77,79.49,27.06,-14.06,-0.78,-4.69,-,0.56,6,22.92,209.34,-5.79,-35.2,23,2.41,1.1,37,2.1,12.46,8.03,13.05,5.92,35.19,0.77,0.79,62.03,0,37.97,1428.58,7.84,901,17.64,16,21.18,19.5,6.64,11.23,8.9,31.72,4.74,324.82,792.1,529.94,262.17,-6.51,14.12,14.3,40
Fri Nov 04 06:49:20 GMT-03:00 2022,04-Nov-2022 06:49:20.083,-35.20494831865137,-5.792429164318361,5.964930534362793,6.0,23.048169509437116,201.58741760253906,-0.33,5.13,6.82,-0.12,20,0.13,0.01,0.2,0.02,26.67,13.73,14.7,22.75,96,31.58,21.1,1011.42,14.65,579.9,1,277.44,744.92,215.93,1918,0,85,9.41,64.71,54.9,1554.5,22.75,0.75,4.51,75.1,26.67,-14.06,-2.34,-1.56,-,0.56,6,23.05,201.59,-5.79,-35.2,21,3.36,12.62,37,3.55,12.46,8.03,12.33,10.03,35.19,0.17,0.79,62.07,0,37.93,1431.14,10.2,903,21.47,21,19.22,18.5,57.82,11.22,8.91,31.69,4.74,324.82,793.09,530.92,262.17,-8.45,14.16,14.3,40
Fri Nov 04 06:49:21 GMT-03:00 2022,04-Nov-2022 06:49:21.084,-35.204970319850744,-5.792484965440301,6.641559600830078,6.0,23.449526712964275,201.11306762695312,-2.81,8.11,6.72,0.12,18.43,-0.09,-0.22,-0.15,-0.03,21.57,10.98,14.7,22.75,96,31.56,21.11,1011.38,14.65,579.9,1,277.87,429.47,215.93,1918,0,85,9.41,49.41,46.27,1547,22.75,0.76,3.41,56.83,26.67,-14.06,-4.69,-2.34,-,0.56,6,23.45,201.11,-5.79,-35.2,23,1.53,12.62,37,6.16,12.46,8.03,9.33,17.4,35.19,0.09,0.76,62.12,0,37.88,1434.79,8.24,904,23.91,23,15.69,1.5,57.82,11.21,8.92,31.67,4.75,324.83,794.09,531.92,262.17,-8.82,14.02,14.4,40
Fri Nov 04 06:49:22 GMT-03:00 2022,04-Nov-2022 06:49:22.082,-35.20499448351315,-5.792534869628512,6.205228805541992,6.0,23.180110299140825,201.5561065673828,-0.96,2.46,10.74,0.14,14.51,-0.01,-0.1,-0.21,0.09,14.9,7.45,14.7,22.75,96,31.56,21.11,1011.47,14.65,584.9,1,277.56,166.85,215.92,1918,0,85,9.41,49.41,27.45,1547,22.75,0.76,1.45,24.18,26.67,-15.62,-4.69,-2.34,-,0.56,6,23.18,201.56,-5.79,-35.2,19,1.53,12.62,37,15.85,12.46,8.03,3.97,44.78,35.19,0.09,0.76,62.17,0,37.83,1434.79,5.1,905,22.34,23,15.69,1.5,57.82,11.22,8.91,31.69,4.75,324.83,795.09,532.92,262.17,-12.16,14.02,14.3,34
Fri Nov 04 06:49:23 GMT-03:00 2022,04-Nov-2022 06:49:23.083,-35.205009408676595,-5.792572609900642,4.488906383514404,6.0,23.175094749360003,201.2938232421875,0.34,5,9.45,0.1,14.51,0.08,-0.13,-0.06,0.14,14.9,7.45,14.7,22.75,96,31.53,21.1,1011.4,14.65,586.3,1,277.56,166.85,215.92,1918,0,85,9.41,26.67,27.45,1133.5,22.75,0.76,1.45,24.18,26.67,-17.97,0,0.78,-,0.56,6,23.18,201.29,-5.79,-35.21,20,5.34,12.62,37,15.85,12.46,8.03,3.97,44.78,35.19,0.09,0.75,62.22,0,37.78,1432.02,5.1,905,16.16,17,13.33,9,57.82,11.22,8.91,31.69,4.76,324.84,796.1,533.93,262.17,-12.16,14.16,14.4,34
Fri Nov 04 06:49:24 GMT-03:00 2022,04-Nov-2022 06:49:24.082,-35.205020890428074,-5.792603055054347,3.366209030151367,6.0,23.310278491897478,201.01541137695312,-0.59,6.21,7.81,0.03,12.94,0.03,-0.06,-0.08,0.1,14.9,7.45,14.7,22.75,96,31.49,21.09,1011.48,14.65,586.3,1,277.24,165.47,225.45,1918,0,85,-,21.96,20.39,1148.5,22.75,0.76,1.06,17.73,27.84,-17.97,3.91,3.91,-,0.56,6,23.31,201.02,-5.79,-35.21,20,4.16,-,37,15.98,12.46,8.03,2.91,45.15,35.19,0.09,0.75,62.26,0,37.74,1430.38,3.14,907,12.12,12,13.33,5,-,11.23,8.91,31.71,4.76,324.84,797.09,534.92,262.17,-12.16,14.16,14.4,30
Fri Nov 04 06:49:25 GMT-03:00 2022,04-Nov-2022 06:49:25.080,-35.205031348375,-5.792630098689917,2.9960243701934814,6.0,23.20210390004565,200.84446716308594,-0.99,6.67,9.27,0.18,12.55,0.23,-0.13,0.06,0.23,14.9,7.45,14.7,22.75,96,31.44,21.07,1011.49,14.65,586.3,1,277.24,-,225.45,1918,0,85,-,21.18,16.47,1054.5,22.75,0.76,0.92,15.35,27.84,-17.97,6.25,7.03,-,0.56,6,23.2,200.84,-5.79,-35.21,20,2.12,-,37,13.03,12.46,8.03,2.52,36.81,35.19,0.11,0.75,62.31,0,37.69,1429.52,2.75,908,10.79,10,12.94,27.5,-,11.23,8.91,31.72,4.76,324.85,798.09,535.92,262.17,-12.52,14.16,14.4,26
Fri Nov 04 06:49:26 GMT-03:00 2022,04-Nov-2022 06:49:26.081,-35.205042310710695,-5.792659794083574,3.358306646347046,6.0,23.021403047556824,200.5804443359375,-1.57,4.93,7.37,-0.07,17.25,0.13,-0.11,0.3,-0.09,23.92,12.16,14.7,22.75,96,31.44,21.07,1011.44,14.65,586.8,1,277.24,-,225.45,1918,0,85,-,21.18,33.33,1054.5,22.75,0.76,0.92,15.35,27.84,-17.97,6.25,7.03,-,0.56,6,23.02,200.58,-5.79,-35.21,23,2.12,-,37,13.03,12.46,8.03,2.52,36.81,35.19,0.11,0.75,62.36,0,37.64,1429.52,7.06,908,12.09,10,12.94,27.5,-,11.23,8.91,31.72,4.76,324.85,799.09,536.93,262.17,-12.52,14.16,14.4,26
Fri Nov 04 06:49:27 GMT-03:00 2022,04-Nov-2022 06:49:27.082,-35.20505457390756,-5.792693145209507,3.917421340942383,6.0,22.305579335761525,200.7722625732422,0.6,6.53,7.32,0.01,17.25,-0.08,-0.05,-0.14,0,23.92,12.16,14.7,22.75,96,31.39,21.06,1011.48,14.65,586.8,1,277.24,-,228.63,1918,0,85,-,34.12,33.33,1671,22.75,0.76,2.36,39.41,28.24,-16.41,-3.91,-5.47,-,0.56,6,22.31,200.77,-5.79,-35.21,20,0.91,-,37,4.23,12.46,8.03,6.47,11.95,35.19,0.82,0.74,62.41,0,37.59,1430.88,7.06,909,14.1,13,14.12,5,-,11.22,8.91,31.69,4.77,324.85,800.09,537.93,262.17,-8.69,14.12,14.4,29
Fri Nov 04 06:49:28 GMT-03:00 2022,04-Nov-2022 06:49:28.082,-35.20506854140771,-5.7927283179937845,4.087070465087891,6.0,22.079904887290414,201.06527709960938,-0.22,6.22,7.39,-0,18.04,-0.1,-0.07,-0.08,-0.06,23.92,12.16,14.7,22.75,96,31.39,21.06,1011.47,14.65,588.3,1,277.24,-,228.63,1918,0,85,-,34.12,33.73,1671,22.75,0.76,2.36,39.41,28.24,-16.41,-3.91,-5.47,-,0.56,6,22.08,201.07,-5.79,-35.21,20,0.91,-,37,4.23,12.46,8.03,6.47,11.95,35.19,0.82,0.74,62.45,0,37.55,1430.88,3.53,909,14.71,13,14.12,5,-,11.22,8.91,31.69,4.77,324.85,801.1,538.93,262.17,-8.69,14.12,14.4,29
Fri Nov 04 06:49:29 GMT-03:00 2022,04-Nov-2022 06:49:29.085,-35.20508451032083,-5.792767235991547,4.674628734588623,6.0,22.063185017956837,200.98831176757812,0.03,4.79,7.72,-0.06,16.08,-0.05,0,0.02,-0.07,23.92,12.16,14.7,22.75,96,31.36,21.05,1011.46,14.65,590.5,1,277.24,-,228.62,1918,0,85,2.65,46.27,33.73,1736,22.75,0.76,3.61,60.18,28.24,-14.84,0.78,2.34,-,0.56,6,22.06,200.99,-5.79,-35.21,20,1.29,3.55,37,3.6,12.46,8.03,9.88,10.17,35.19,0.22,0.81,62.5,0,37.5,1431.86,6.27,911,16.83,16,17.65,23,14.57,11.21,8.92,31.65,4.78,324.86,802.09,539.92,262.17,-8.91,14.16,14.4,32
Fri Nov 04 06:49:30 GMT-03:00 2022,04-Nov-2022 06:49:30.083,-35.205103317942275,-5.7928088091971555,4.855151176452637,8.0,22.50302756769312,201.2395477294922,-0.52,4.02,8.52,-0.03,16.08,0,-0.08,-0.07,0.04,21.96,8.63,14.7,22.75,96,31.33,21.05,1011.46,14.65,590.5,1,277.54,382.43,228.62,1918,0,85,3.73,34.12,32.16,1305.5,22.75,0.76,2.31,38.56,28.24,-14.84,-3.91,-4.69,-,0.56,8,22.5,201.24,-5.79,-35.21,19,1.17,5,37,6.92,12.46,8.03,6.33,19.54,35.19,0.82,0.79,62.55,0,37.45,1434.15,6.27,913,17.48,18,14.51,-4,27.27,11.2,8.93,31.64,4.78,324.86,803.09,540.93,262.17,-11.11,14.16,14.4,30
Fri Nov 04 06:49:31 GMT-03:00 2022,04-Nov-2022 06:49:31.082,-35.205121555463634,-5.792846988402073,4.636088848114014,8.0,22.457282868847297,200.26644897460938,-1.28,5.49,8.66,0.06,12.55,-0.07,-0.02,-0.06,-0.03,17.65,9.02,14.7,22.75,96,31.33,21.05,1011.48,14.65,591.5,1,277.54,382.43,228.62,1918,0,85,3.73,34.12,17.65,1305.5,22.75,0.76,2.31,38.56,28.24,-17.19,-3.91,-4.69,-,0.56,8,22.46,200.27,-5.79,-35.21,18,1.17,5,37,6.92,12.46,8.03,6.33,19.54,35.19,0.82,0.79,62.59,0,37.41,1434.15,2.35,914,16.69,18,14.51,-4,27.27,11.2,8.93,31.64,4.78,324.86,804.09,541.92,262.17,-11.11,14.16,14.4,30
Fri Nov 04 06:49:32 GMT-03:00 2022,04-Nov-2022 06:49:32.083,-35.20513769948729,-5.792883463372451,4.306467056274414,8.0,22.16570290803947,191.4339141845703,-3.38,4.94,6.83,-0.06,12.94,0.13,-0.39,-0.02,0.09,18.82,9.8,14.7,22.75,96,31.3,21.04,1011.5,14.65,591.5,1,277.18,150.37,228.62,1918,0,84,3.73,23.14,30.59,917.5,22.75,0.76,1.02,17.06,28.24,-18.75,-7.03,-6.25,-,0.57,8,22.17,191.43,-5.79,-35.21,17,0.31,5,37,17.59,12.46,8.03,2.8,49.69,35.19,0.09,0.78,62.64,0,37.36,1431.64,3.14,914,15.5,17,12.94,2,27.27,11.21,8.92,31.66,4.79,324.87,805.08,542.92,262.17,-12.57,14.12,14.5,26
Fri Nov 04 06:49:33 GMT-03:00 2022,04-Nov-2022 06:49:33.081,-35.205145389798005,-5.792918877701264,4.281442642211914,8.0,22.21309210525316,168.28677368164062,-2.94,4.69,9,0.09,16.08,-0.03,-0.08,-0.05,0,21.57,10.98,14.7,22.75,96,31.26,21.03,1011.5,14.65,592,1,277.9,535.07,228.62,1918,0,84,3.73,47.06,32.55,1221.5,22.75,0.76,3.44,57.32,28.24,-14.84,-3.12,-5.47,-,0.57,8,22.21,168.29,-5.79,-35.21,18,0.5,5,37,4.94,12.46,8.03,9.41,13.96,35.19,0.68,0.77,62.69,0,37.31,1430.27,6.27,916,15.41,16,16.47,21,27.27,11.2,8.93,31.64,4.79,324.88,806.09,543.92,262.17,-4.69,14.12,14.3,36
Fri Nov 04 06:49:34 GMT-03:00 2022,04-Nov-2022 06:49:34.082,-35.20513886814813,-5.792958477453123,4.475759029388428,8.0,22.80297919990065,140.68028259277344,-0.87,5.16,7.93,-0.02,16.08,0,-0.12,-0.07,0.05,21.18,10.98,14.7,22.75,96,31.23,21.03,1011.47,14.65,592,1,278.45,473.05,228.62,1918,0,84,-,40,32.16,1477.5,22.75,0.77,2.86,47.69,28.24,-14.84,-0.78,0,-,0.57,8,22.8,140.68,-5.79,-35.21,17,1.59,-,37,5.59,12.46,8.03,7.83,15.79,35.19,0.1,0.76,62.73,0,37.27,1433.65,6.27,916,16.11,17,16.47,23,-,11.19,8.94,31.61,4.79,324.88,807.09,544.92,262.17,-8.42,14.08,14.4,38
Fri Nov 04 06:49:35 GMT-03:00 2022,04-Nov-2022 06:49:35.083,-35.20511184549926,-5.792991350155328,4.451684951782227,8.0,22.839128405302436,121.60000610351562,-1.49,5.49,9.26,0.12,16.08,0.13,-0.06,0.02,0.15,21.18,10.98,14.7,22.75,96,31.2,21.02,1011.48,14.65,592,1,278.3,225.74,234.96,1918,0,84,-,26.67,32.16,1225,22.75,0.77,1.45,24.18,29.02,-14.84,-6.25,0,-,0.57,8,22.84,121.6,-5.79,-35.21,14,1.89,-,37,11.72,12.46,8.03,3.97,33.1,35.19,0.1,0.76,62.78,0,37.22,1434.97,6.27,918,16.03,18,13.73,25.5,-,11.19,8.94,31.61,4.8,324.88,808.09,545.93,262.17,-12.04,14.08,14.4,33
Fri Nov 04 06:49:36 GMT-03:00 2022,04-Nov-2022 06:49:36.081,-35.20507715873561,-5.793011574050503,4.314802646636963,8.0,22.73260696969065,117.2459487915039,0.74,7.3,8.97,0.19,13.73,-0.03,-0.02,-0.08,0.02,14.9,7.45,14.7,22.75,96,31.17,21.02,1011.52,14.65,593.1,1,278.14,220.72,234.96,1918,0,84,-,31.76,25.1,1078.5,22.75,0.77,1.5,25.03,29.02,-17.19,-0.78,-3.91,-,0.57,8,22.73,117.25,-5.79,-35.21,15,0.97,-,37,11.98,12.46,8.03,4.11,33.85,35.19,0.41,0.75,62.82,0,37.18,1433.42,3.92,919,15.53,17,13.73,6,-,11.19,8.93,31.62,4.81,324.89,809.09,546.92,262.17,-11.39,14.12,14.4,30
Fri Nov 04 06:49:37 GMT-03:00 2022,04-Nov-2022 06:49:37.081,-35.20504778660339,-5.793031122657245,4.021265983581543,8.0,22.28775638337443,131.78836059570312,2.22,5.33,8.44,0.05,13.73,-0.09,0.18,-0.27,0.02,14.9,7.45,14.7,22.75,96,31.14,21.01,1011.52,14.65,593.1,1,277.99,224.04,234.96,1918,0,84,-,28.63,23.92,1124,22.75,0.77,1.44,24,29.02,-16.41,-3.91,0,-,0.57,8,22.29,131.79,-5.79,-35.21,17,1.47,-,37,11.81,12.46,8.03,3.94,33.35,35.19,0.12,0.75,62.87,0,37.13,1432.11,3.92,920,14.48,17,13.73,6.5,-,11.19,8.93,31.62,4.81,324.89,810.1,547.93,262.17,-11.1,14.08,14.4,29
Fri Nov 04 06:49:38 GMT-03:00 2022,04-Nov-2022 06:49:38.082,-35.205025299713476,-5.793051054406815,3.589968204498291,6.0,22.273846345460466,151.69651794433594,0.31,5.04,8.27,-0,12.94,0.1,0.3,0,0.09,14.9,7.45,14.7,22.75,96,31.14,21.01,1011.54,14.65,593.1,1,277.71,175.13,238.14,1918,0,84,-,28.63,19.22,1124,22.75,0.77,1.13,18.76,29.41,-17.19,-3.91,-3.91,-,0.57,6,22.27,151.7,-5.79,-35.21,17,1.47,-,37,15.1,12.46,8.03,3.08,42.66,35.19,0.76,0.75,62.92,0,37.08,1432.11,3.14,921,12.92,17,13.73,6.5,-,11.2,8.93,31.64,4.81,324.89,811.09,548.92,262.17,-11.99,14.08,14.4,26
Fri Nov 04 06:49:39 GMT-03:00 2022,04-Nov-2022 06:49:39.081,-35.20501261076013,-5.793078136098329,3.0930747985839844,6.0,22.089107801079162,170.856201171875,0.79,6.15,8.7,0.1,12.94,-0.02,0.03,-0.07,0.03,14.9,7.45,14.7,22.75,96,31.09,21,1011.55,14.65,593.1,1,277.71,175.13,238.14,1918,0,84,-,20.78,19.22,1173.5,22.75,0.77,1.13,18.76,29.41,-17.97,0,0.78,-,0.57,6,22.09,170.86,-5.79,-35.21,17,0.92,-,37,15.1,12.46,8.03,3.08,42.66,35.19,0.06,0.74,62.96,0,37.04,1430.39,3.14,921,11.14,12,12.94,8,-,11.2,8.93,31.64,4.82,324.9,812.09,549.93,262.17,-11.99,14.16,14.4,26
Fri Nov 04 06:49:40 GMT-03:00 2022,04-Nov-2022 06:49:40.081,-35.20500847286424,-5.793113770623557,3.0185134410858154,6.0,21.834529990942812,186.18423461914062,-1.59,5.56,9.18,0.12,13.33,0.15,-0.05,0.09,0.13,20,10.59,14.7,22.75,96,31.05,20.98,1011.5,14.65,593.1,1,277.71,-,234.96,1918,0,84,-,29.41,19.61,1323.5,22.75,0.77,1.83,30.58,29.02,-15.62,3.91,4.69,-,0.57,6,21.83,186.18,-5.79,-35.21,20,0.14,-,37,6.54,12.46,8.03,5.02,18.48,35.19,0.22,0.74,63.01,0,36.99,1429.09,3.53,923,10.87,11,14.9,25.5,-,11.19,8.93,31.62,4.82,324.9,813.09,550.92,262.17,-10.49,14.1,14.4,27
Fri Nov 04 06:49:41 GMT-03:00 2022,04-Nov-2022 06:49:41.080,-35.20501565704621,-5.793145921509966,3.03420352935791,6.0,21.949399434912383,195.80276489257812,-0.48,3.85,8.78,-0.01,13.33,-0.02,-0.02,-0.11,0.04,21.57,10.98,14.7,22.75,96,31.01,20.97,1011.51,14.65,593.1,1,277.71,-,234.96,1918,0,84,-,29.8,25.49,1409.5,22.75,0.77,1.82,30.39,29.02,-16.41,3.12,3.91,-,0.57,6,21.95,195.8,-5.79,-35.21,21,1.13,-,37,6.03,12.46,8.03,4.99,17.04,35.19,0.09,0.74,63.05,0,36.95,1431.1,3.14,924,10.92,12,13.73,3.5,-,11.18,8.94,31.59,4.82,324.91,814.1,551.93,262.17,-10.99,14.12,14.4,26
Fri Nov 04 06:49:42 GMT-03:00 2022,04-Nov-2022 06:49:42.083,-35.20502297920055,-5.793179017552201,2.952303886413574,6.0,21.634448295602382,202.67010498046875,-0.78,5.23,7.73,-0.03,13.33,-0.1,0.01,-0.08,-0.05,14.9,7.45,14.7,22.75,96,30.96,20.95,1011.5,14.65,593.1,1,277.71,-,234.96,1918,0,84,-,21.18,18.43,1207.5,22.75,0.77,1.07,17.91,29.02,-16.41,2.34,1.56,-,0.57,6,21.63,202.67,-5.79,-35.21,20,0.08,-,37,11.17,12.46,8.03,2.94,31.55,35.19,0.79,0.74,63.1,0,36.9,1430.23,3.14,925,10.63,11,12.94,6.5,-,11.18,8.94,31.59,4.83,324.91,815.09,552.93,262.17,-12.62,14.06,14.4,23
Fri Nov 04 06:49:43 GMT-03:00 2022,04-Nov-2022 06:49:43.084,-35.205033353466035,-5.7932057756990565,2.547250747680664,6.0,21.956954129670976,210.6004638671875,0.22,5.1,8.32,0.01,12.55,0.01,0,-0.15,0.11,14.9,7.45,14.7,22.75,96,30.96,20.95,1011.57,14.65,592.8,1,277.71,-,234.96,1918,0,84,-,21.18,15.69,1207.5,22.75,0.77,1.07,17.91,29.02,-18.75,2.34,1.56,-,0.57,6,21.96,210.6,-5.79,-35.21,21,0.08,-,37,11.17,12.46,8.03,2.94,31.55,35.19,0.79,0.74,63.14,0,36.86,1430.23,2.35,926,9.17,11,12.94,6.5,-,11.18,8.94,31.59,4.83,324.91,816.11,553.94,262.17,-12.62,14.06,14.3,23
Fri Nov 04 06:49:44 GMT-03:00 2022,04-Nov-2022 06:49:44.082,-35.205048765068476,-5.793228399447122,2.709563732147217,6.0,22.07850312895359,220.3053741455078,1.09,4.89,9.26,0.09,12.55,0.02,0.11,-0.03,0.05,14.9,10.2,14.7,22.75,96,30.91,20.93,1011.59,14.65,592.8,1,277.71,-,234.96,1918,0,84,-,20.39,16.86,964,22.75,0.77,0.95,15.9,29.02,-18.75,7.03,7.03,-,0.57,6,22.08,220.31,-5.79,-35.21,23,1.17,-,37,11.53,12.46,8.03,2.61,32.58,35.19,0.8,0.73,63.19,0,36.81,1428.82,2.75,926,9.75,8,12.94,7.5,-,11.19,8.94,31.6,4.83,324.91,817.09,554.92,262.17,-12.55,14.12,14.4,21
Fri Nov 04 06:49:45 GMT-03:00 2022,04-Nov-2022 06:49:45.084,-35.20507136836916,-5.793251174625928,3.173295497894287,6.0,21.94109390449932,236.33853149414062,1.46,5.56,7.41,-0.03,16.47,0.08,0.13,0.18,-0.04,24.31,12.55,14.7,22.75,96,30.86,20.91,1011.61,14.65,592.3,1,277.71,-,234.96,1918,0,84,-,30.2,32.94,1039.5,22.75,0.77,1.94,32.28,29.02,-14.84,3.12,2.34,-,0.57,6,21.94,236.34,-5.79,-35.21,24,0.75,-,37,4.13,12.46,8.03,5.3,11.67,35.19,0.83,0.73,63.23,0,36.77,1429.99,6.67,928,11.42,9,16.86,24.5,-,11.17,8.95,31.57,4.83,324.92,818.11,555.94,262.17,-9.31,14.08,14.4,25
Fri Nov 04 06:49:46 GMT-03:00 2022,04-Nov-2022 06:49:46.082,-35.20510690985563,-5.793267656951675,4.357280254364014,6.0,21.36849017404379,258.33819580078125,1.45,5.49,7.67,-0.02,16.47,0.09,0.11,0.09,0.05,18.04,9.41,14.7,22.75,96,30.82,20.9,1011.63,14.65,592.3,1,277.71,-,234.95,1918,0,84,2.71,40.39,25.88,1818.5,22.75,0.77,3.28,54.64,29.02,-14.84,3.12,2.34,-,0.57,6,21.37,258.34,-5.79,-35.21,25,0.58,3.63,37,2.75,12.46,8.03,8.97,7.76,35.19,0.82,0.73,63.28,0,36.72,1431.68,6.67,928,15.69,12,17.25,24,14.22,11.16,8.96,31.53,4.84,324.92,819.1,556.93,262.17,-6.27,14.12,14.3,33
Fri Nov 04 06:49:47 GMT-03:00 2022,04-Nov-2022 06:49:47.081,-35.20514831084451,-5.7932711158218,4.667048454284668,6.0,21.102918796894926,277.0807800292969,-1.02,6.21,8.89,0.12,16.47,0.02,-0.11,0.03,0.01,18.04,9.41,14.7,22.75,96,30.79,20.89,1011.57,14.65,592.3,1,277.71,-,231.77,1918,0,84,2.91,38.04,25.88,1748,22.75,0.77,3.26,54.27,28.63,-14.84,-2.34,2.34,-,0.57,6,21.1,277.08,-5.79,-35.21,26,0.69,3.91,37,3.69,12.46,8.03,8.91,10.41,35.18,0.82,0.73,63.32,0,36.68,1432.92,6.67,930,16.8,15,16.86,24.5,15.92,11.15,8.97,31.5,4.84,324.92,820.11,557.94,262.17,-9.89,14.12,14.3,33
Fri Nov 04 06:49:48 GMT-03:00 2022,04-Nov-2022 06:49:48.082,-35.20519547426339,-5.7932614981779995,5.744841575622559,6.0,21.546562535313786,287.6581115722656,-0.05,5.16,5.5,-0.22,20.39,-0.16,0.05,0,-0.18,25.1,12.94,14.7,22.75,96,30.76,20.89,1011.57,14.65,592.5,1,279.27,846.14,231.77,1918,0,84,3.59,56.47,46.67,1928.5,22.75,0.78,4.8,79.98,28.63,-14.84,-3.12,-1.56,-,0.58,6,21.55,287.66,-5.79,-35.21,24,0.2,4.81,37,3.13,12.46,8.03,13.13,8.83,35.18,0.1,0.73,63.37,0,36.63,1435.09,10.59,931,20.68,17,20,21,17.76,11.14,8.98,31.46,4.85,324.93,821.09,558.93,262.17,-7.35,13.98,14.4,37
Fri Nov 04 06:49:49 GMT-03:00 2022,04-Nov-2022 06:49:49.082,-35.20524914224048,-5.793239655261196,6.670213222503662,6.0,21.376178610966637,289.8428039550781,-0.18,6.01,7.94,0.03,18.82,0.04,-0.07,0.13,-0.03,26.67,13.73,14.7,22.75,96,30.74,20.89,1011.58,14.65,592.5,1,280.54,742.05,231.77,1918,0,84,3.59,59.22,50.98,1808.5,22.75,0.78,4.77,79.49,28.63,-14.06,-3.91,-2.34,-,0.58,6,21.38,289.84,-5.79,-35.21,20,1.32,4.81,37,3.56,12.45,8.03,13.05,10.07,35.18,0.12,0.76,63.41,0,36.59,1438.4,9.02,932,24.01,22,20.78,20,17.76,11.13,8.99,31.43,4.85,324.93,822.1,559.93,262.17,-8.08,14.04,14.4,39
Fri Nov 04 06:49:50 GMT-03:00 2022,04-Nov-2022 06:49:50.082,-35.205306468242306,-5.793214354912522,6.969797611236572,6.0,21.987158384867556,290.2797546386719,-1.29,6.5,6.47,-0.04,20,0,0.08,0,0,26.67,13.73,14.7,22.75,96,30.74,20.89,1011.57,14.65,592.5,1,281.43,605.04,228.59,1918,0,84,3.59,59.22,52.55,1702.5,22.75,0.78,5.03,83.87,28.24,-14.06,-3.91,-2.34,-,0.58,6,21.99,290.28,-5.79,-35.21,18,1.32,4.81,37,4.37,12.45,8.03,13.77,12.35,35.18,0.12,0.78,63.46,0,36.54,1438.4,10.2,933,25.09,22,20.78,20,17.76,11.12,9,31.4,4.85,324.93,823.09,560.92,262.17,-7.25,14.04,14.4,42
Fri Nov 04 06:49:51 GMT-03:00 2022,04-Nov-2022 06:49:51.082,-35.20537578931687,-5.793187631612406,8.113728523254395,6.0,21.478937265831764,291.1263732910156,-1.5,5.79,8.02,0.03,20.39,-0.03,-0.04,0.11,-0.13,26.67,13.73,14.7,22.75,96,30.73,20.9,1011.62,14.65,602.1,1,281.43,605.04,228.59,1918,0,84,11.57,64.31,52.55,1702.5,22.75,0.78,5.03,83.87,28.24,-14.06,0,-0.78,-,0.58,6,21.48,291.13,-5.79,-35.21,24,0.91,15.52,36,4.37,12.45,8.03,13.77,12.35,35.18,0.75,0.77,63.5,0,36.5,1441.26,10.59,933,29.21,26,20.78,20,64.92,11.12,9,31.4,4.86,324.94,824.1,561.93,262.17,-7.25,14.08,14.4,42
Fri Nov 04 06:49:52 GMT-03:00 2022,04-Nov-2022 06:49:52.082,-35.20546273168496,-5.7931526017073,10.048640251159668,6.0,21.38324304228946,290.7127685546875,-1.74,5.95,7.89,0.03,19.61,0,-0.09,0.08,-0.07,27.06,13.73,14.7,22.75,96,30.73,20.91,1011.64,14.65,602.1,1,282.12,532.77,225.41,1918,0,84,16.56,63.53,53.33,1807.5,22.75,0.78,5.24,87.29,27.84,-14.06,-0.78,-2.34,-,0.58,6,21.38,290.71,-5.79,-35.21,21,3.79,22.21,36,4.96,12.45,8.03,14.33,14.02,35.18,0.77,0.75,63.55,0,36.45,1444.38,9.8,935,36.18,33,20.39,20,87.48,11.11,9,31.38,4.87,324.95,825.1,562.93,262.17,-6.5,14.06,14.4,45
Fri Nov 04 06:49:53 GMT-03:00 2022,04-Nov-2022 06:49:53.081,-35.20554894131115,-5.793119868746126,10.26752758026123,6.0,20.440062416075392,290.509033203125,-0.82,5.98,7.95,0.03,17.65,-0.03,-0.06,0.02,-0.05,23.92,12.55,14.7,22.75,96,30.75,20.94,1011.71,14.65,602.1,1,282.27,338.33,225.4,1918,0,84,16.56,54.12,47.06,1765.5,22.75,0.78,4.22,70.35,27.84,-14.06,-3.91,-2.34,-,0.58,6,20.44,290.51,-5.79,-35.21,20,0.82,22.21,36,7.82,12.45,8.03,11.55,22.08,35.18,0.09,0.75,63.59,0,36.41,1450.73,7.84,936,36.96,37,18.43,21,87.48,11.1,9.01,31.36,4.88,324.96,826.09,563.93,262.17,-8.46,14.08,14.4,44
Fri Nov 04 06:49:54 GMT-03:00 2022,04-Nov-2022 06:49:54.082,-35.20564619593512,-5.793084259965789,11.696962356567383,8.0,20.37859907263418,290.7387390136719,-0.46,4.91,6.28,-0.17,17.65,-0.03,0.01,-0.02,0,23.92,12.55,14.7,22.75,96,30.77,20.97,1011.79,14.65,602.1,1,282.17,244.54,225.4,1918,0,84,16.29,47.45,41.57,1668.5,22.75,0.79,3.42,57.01,27.84,-14.06,0.78,-0.78,-,0.58,8,20.38,290.74,-5.79,-35.21,24,3.04,21.84,36,10.82,12.45,8.03,9.36,30.55,35.18,0.75,0.75,63.63,0,36.37,1455.91,7.84,937,42.11,40,17.25,22.5,93.22,11.1,9.01,31.36,4.89,324.97,827.09,564.92,262.17,-9.52,14.06,14.4,42
Fri Nov 04 06:49:55 GMT-03:00 2022,04-Nov-2022 06:49:55.082,-35.20574893995663,-5.793045261629624,12.379924774169922,6.0,20.318507573542057,291.13494873046875,-0.14,4.64,8.17,-0.03,13.73,0.03,0.02,-0.02,0.07,14.9,7.45,14.7,22.75,96,30.77,20.97,1011.91,14.65,612,1,282.17,244.54,225.4,1918,0,84,16.29,47.45,18.43,1668.5,22.75,0.79,3.42,57.01,27.84,-14.84,0.78,-0.78,-,0.58,6,20.32,291.13,-5.79,-35.21,21,3.04,21.84,36,10.82,12.45,8.03,9.36,30.55,35.18,0.75,0.75,63.68,0,36.32,1455.91,4.31,938,44.57,40,17.25,22.5,93.22,11.1,9.01,31.36,4.89,324.97,828.09,565.92,262.17,-9.52,14.06,14.4,42
Fri Nov 04 06:49:56 GMT-03:00 2022,04-Nov-2022 06:49:56.082,-35.205849417229366,-5.793005534520954,12.552056312561035,6.0,20.165040560434235,291.3952331542969,-1.11,6.25,8.51,0.09,13.73,-0.03,-0.14,-0.12,0.03,14.9,7.45,14.7,22.75,96,30.79,21,1011.99,14.65,612,1,281.65,89.9,225.4,1918,0,84,10.37,19.61,16.08,1431.5,22.75,0.79,1.36,22.66,27.84,-17.19,-5.47,-3.91,-,0.58,6,20.17,291.4,-5.79,-35.21,23,0.57,13.91,36,29.42,12.45,8.03,3.72,83.11,35.18,0.41,0.74,63.72,0,36.28,1464.16,3.53,938,45.19,44,13.73,-1,69.19,11.13,8.98,31.44,4.89,324.97,829.09,566.93,262.17,-12.49,14.16,14.4,35
Fri Nov 04 06:49:57 GMT-03:00 2022,04-Nov-2022 06:49:57.082,-35.20595385563394,-5.792963490051633,12.745048522949219,6.0,19.91889998732338,291.3577880859375,-0.16,4.83,7.87,-0.05,12.94,0.07,-0.14,0,0.08,14.9,7.45,29.4,22.75,96,30.82,21.04,1012.1,14.65,613.4,2,281.12,86.56,225.41,1918,0,84,10.37,20.39,16.47,1439.5,22.75,0.79,1.44,24,27.84,-17.19,0,0,-,0.58,6,19.92,291.36,-5.79,-35.21,21,0.19,13.91,36,30.56,12.46,8.03,3.94,86.32,35.18,0.04,0.74,63.76,0,36.24,1469.75,3.14,940,45.88,45,13.33,-10,69.19,11.16,8.96,31.52,4.9,324.98,830.09,567.92,262.17,-11.98,14.14,14.4,31
Fri Nov 04 06:49:58 GMT-03:00 2022,04-Nov-2022 06:49:58.082,-35.206061381909535,-5.792921423822405,12.769028663635254,6.0,18.364186975110457,291.3466796875,-0.17,5.99,8.99,0.11,12.94,0.2,-0.16,-0.02,0.25,14.9,7.45,29.4,22.75,96,30.86,21.07,1012.22,14.65,613.4,2,280.57,74.97,225.42,1918,0,84,2.55,20.39,15.29,1285,22.75,0.79,1.28,21.26,27.84,-17.97,0,0,-,0.58,6,18.36,291.35,-5.79,-35.21,18,0.88,3.42,36,35.28,12.46,8.03,3.49,99.66,35.19,0,0.01,63.81,0,36.19,1469.27,3.14,940,45.97,45,13.33,-10.5,18.94,11.19,8.93,31.62,4.9,324.98,831.09,568.92,262.17,-12.3,14.12,14.4,27
Fri Nov 04 06:49:59 GMT-03:00 2022,04-Nov-2022 06:49:59.082,-35.206168863939624,-5.792879843419587,12.917716026306152,6.0,17.61261031796679,291.5680236816406,-1.51,4.85,7.79,-0.04,12.94,-0.08,0,0,-0.09,14.9,7.45,29.4,22.75,96,30.89,21.11,1012.26,14.65,613.4,2,280.02,77.55,228.6,1918,0,85,2.98,19.61,15.29,1392,22.75,0.79,1.32,21.99,28.24,-17.97,0,0,-,0.58,6,17.61,291.57,-5.79,-35.21,23,0.03,3.99,36,34.11,12.46,8.03,3.61,96.35,35.19,0,0.01,63.85,0,36.15,1472.32,3.14,942,46.5,46,13.73,-10,20.42,11.23,8.91,31.72,4.92,325.01,832.1,569.93,262.17,-11.93,14.12,14.4,25
Fri Nov 04 06:50:00 GMT-03:00 2022,04-Nov-2022 06:50:00.082,-35.20627503835784,-5.792837689817359,12.79897689819336,6.0,16.85765225884978,291.21612548828125,-0.74,3.95,8.24,-0.05,13.33,0.03,0.12,-0.02,0.06,14.9,7.45,29.4,22.75,96,30.92,21.14,1012.33,14.65,613.4,2,279.46,71.66,231.79,1918,0,85,2.98,19.22,16.08,1358,22.75,0.79,1.25,20.77,28.63,-17.19,0,0,-,0.58,6,16.86,291.22,-5.79,-35.21,19,2.5,3.99,36,36.91,12.46,8.03,3.41,104.27,35.19,0,0,63.9,0,36.1,1468.71,3.14,943,46.08,44,13.73,-10,20.42,11.23,8.9,31.73,4.94,325.02,833.11,570.94,262.17,-12.28,14.08,14.4,23
Fri Nov 04 06:50:01 GMT-03:00 2022,04-Nov-2022 06:50:01.081,-35.20637082224233,-5.7928003866548075,11.649580955505371,6.0,16.77626187841927,291.4560852050781,-1.41,4.08,8.09,-0.05,13.33,0,-0.19,-0.06,0.03,14.9,7.45,29.4,22.75,96,30.94,21.17,1012.44,14.65,613.4,2,278.95,87.22,231.79,1918,0,85,2.98,19.22,14.9,1543.5,22.75,0.79,1.45,24.18,28.63,-17.19,0,0,-,0.59,6,16.78,291.46,-5.79,-35.21,23,4.08,3.99,36,30.33,12.46,8.03,3.97,85.67,35.19,0,0,63.94,0,36.06,1465.48,3.14,944,41.94,42,13.33,-7.5,20.42,11.26,8.88,31.81,4.95,325.03,834.09,571.93,262.17,-11.82,14.08,14.4,22
Fri Nov 04 06:50:02 GMT-03:00 2022,04-Nov-2022 06:50:02.081,-35.20646021226227,-5.792763652856079,11.012543678283691,6.0,16.378321170514937,291.8680114746094,-2.33,2.65,8.38,-0.06,13.33,0.1,-0.23,-0.05,0.14,14.9,7.45,29.4,22.75,96,30.94,21.17,1012.48,14.65,613.4,2,278.95,87.22,231.79,1918,0,85,2.98,19.22,16.08,1543.5,22.75,0.79,1.45,24.18,29.02,-17.19,0,0,-,0.59,6,16.38,291.87,-5.79,-35.21,23,4.08,3.99,36,30.33,12.46,8.03,3.97,85.67,35.19,0,0,63.98,0,36.02,1465.48,3.53,945,39.65,42,14.12,-7.5,20.42,11.26,8.88,31.81,4.95,325.03,835.09,572.93,262.17,-11.82,14.12,14.4,22
Fri Nov 04 06:50:03 GMT-03:00 2022,04-Nov-2022 06:50:03.081,-35.20653176434929,-5.792732669045747,9.009260177612305,6.0,15.928199994945233,291.75848388671875,-0.04,2.29,10.79,0.14,13.33,0.07,-0.09,-0.28,0.22,14.9,7.45,29.4,22.75,96,30.94,21.19,1012.56,14.65,613.4,2,278.46,95.05,234.97,1918,0,85,-,27.06,16.08,1059.5,22.75,0.79,1.51,25.16,29.02,-17.19,0,0,-,0.59,6,15.93,291.76,-5.79,-35.21,22,8.65,-,37,27.83,12.46,8.03,4.13,78.6,35.19,0.85,0.05,64.02,0,35.98,1460.71,3.53,945,32.43,31,13.73,4.5,-,11.28,8.86,31.88,4.96,325.05,836.09,573.92,262.17,-12.06,14.08,14.4,21
Fri Nov 04 06:50:04 GMT-03:00 2022,04-Nov-2022 06:50:04.081,-35.20657292953212,-5.792713806545734,4.865031719207764,6.0,15.769255122333858,291.4949645996094,-1.45,3.64,8.4,-0.04,13.33,-0.02,0,-0.23,0.11,14.9,7.45,13.53,22.75,96,30.91,21.18,1012.67,14.65,611.2,0.92,278.01,109.76,238.16,1918,0,84,-,27.84,22.75,983,22.75,0.79,1.29,21.44,29.41,-17.19,0,0,-,0.59,6,15.77,291.49,-5.79,-35.21,20,14.43,-,37,24.1,12.46,8.03,3.52,68.07,35.19,0.88,0.05,64.07,0,35.93,1458.41,3.14,947,17.51,18,13.33,3.5,-,11.3,8.85,31.93,4.97,325.05,837.1,574.93,262.17,-11.42,14.08,14.3,21
Fri Nov 04 06:50:05 GMT-03:00 2022,04-Nov-2022 06:50:05.081,-35.20660090671109,-5.792701509003665,3.679426908493042,6.0,15.548005849398033,291.4244384765625,-0.21,3.57,9.33,0.03,13.33,0.01,-0.08,-0.16,0.11,14.9,7.45,13.27,22.75,96,30.87,21.17,1012.61,14.65,611.2,0.9,277.82,208.37,238.16,1918,0,84,-,31.76,24.31,927,22.75,0.79,1.42,23.63,29.41,-17.97,0,0,-,0.59,6,15.55,291.42,-5.79,-35.21,15,6.51,-,37,12.69,12.46,8.03,3.88,35.86,35.19,0.87,0.09,64.11,0,35.89,1457.62,3.14,948,13.25,11,14.51,16.5,-,11.31,8.84,31.94,4.97,325.06,838.09,575.92,262.17,-10.81,14.08,14.3,22
Fri Nov 04 06:50:06 GMT-03:00 2022,04-Nov-2022 06:50:06.082,-35.206615843971626,-5.792693631797204,1.9103878736495972,6.0,15.316599226347611,291.3772888183594,-0.11,5.59,7.9,-0,14.9,-0.04,-0.01,-0.04,-0.01,14.9,7.45,13.3,22.75,96,30.87,21.17,1012.62,14.65,608.9,0.9,277.82,-,250.86,1918,0,84,-,31.76,35.69,927,22.75,0.79,1.81,30.09,30.98,-16.41,0,0,-,0.59,6,15.32,291.38,-5.79,-35.21,14,6.51,-,37,6.09,12.46,8.03,4.94,17.21,35.19,0.87,0.11,64.15,0,35.85,1457.62,5.1,949,6.88,11,14.51,16.5,-,11.3,8.85,31.92,4.97,325.06,839.09,576.92,262.17,-9.47,14.08,14.3,25
Fri Nov 04 06:50:07 GMT-03:00 2022,04-Nov-2022 06:50:07.081,-35.206626568903445,-5.792688536918639,1.510213017463684,6.0,15.174823571149666,291.33001708984375,-0.46,5.65,7.77,-0.01,14.9,-0.04,-0.02,-0.01,-0.03,14.9,7.45,13.3,22.75,96,30.81,21.14,1012.63,14.65,608.9,0.9,277.82,-,250.86,1918,0,84,-,41.96,35.69,941,22.75,0.79,1.81,30.09,30.98,-17.19,0,0,-,0.59,6,15.17,291.33,-5.79,-35.21,14,2.88,-,37,6.09,12.46,8.03,4.94,17.21,35.19,0.87,0.13,64.08,0,35.92,1456.66,5.1,949,5.44,4,13.73,-4,-,11.3,8.85,31.92,4.98,325.06,840.1,577.93,262.17,-9.47,14.14,14.3,25
Fri Nov 04 06:50:08 GMT-03:00 2022,04-Nov-2022 06:50:08.081,-35.20663940127749,-5.792684207059081,1.5855790376663208,6.0,14.989713682911832,291.2861633300781,-0.24,4.92,8.35,0,13.33,0.01,-0.02,-0.04,0.06,14.9,7.45,13.37,22.75,96,30.76,21.12,1012.69,14.65,605.2,0.91,277.82,-,254.04,1918,0,84,0.37,33.33,25.88,861.5,22.75,0.79,1.36,22.66,31.37,-17.19,0,0,-,0.59,6,14.99,291.29,-5.79,-35.21,18,0.44,0.5,37,2.94,12.46,8.03,3.72,8.31,35.19,0.86,0.91,64.01,0,35.99,1457.14,3.14,951,5.71,5,13.73,4.5,4.15,11.29,8.86,31.88,4.98,325.06,841.09,578.92,262.17,-10.81,14.14,14.3,25
Fri Nov 04 06:50:09 GMT-03:00 2022,04-Nov-2022 06:50:09.082,-35.20664845673407,-5.792680218554564,1.1528728008270264,6.0,14.765931676651405,291.2154846191406,-0.31,4.7,8.43,-0,13.33,-0.02,-0.03,-0.08,0.04,14.9,7.45,14.39,22.75,96,30.7,21.09,1012.67,14.65,605.2,0.98,277.82,-,254.03,1918,0,84,0.37,33.33,26.27,909.5,22.75,0.79,1.42,23.63,31.37,-17.19,1.56,2.34,-,0.59,6,14.77,291.22,-5.79,-35.21,20,2.71,0.5,37,3.53,12.46,8.03,3.88,9.96,35.19,0.09,0.88,63.93,0,36.07,1456.84,3.53,952,4.15,3,14.12,1.5,4.15,11.27,8.87,31.85,4.98,325.06,842.1,579.93,262.17,-10.27,14.04,14.4,26
Fri Nov 04 06:50:10 GMT-03:00 2022,04-Nov-2022 06:50:10.083,-35.20664845673407,-5.792680218554564,0.25517988204956055,6.0,14.65841605995565,291.2278747558594,-0.36,5.43,8.16,0.01,12.94,-0.02,-0.01,-0.03,0,14.9,7.45,14.7,22.75,96,30.7,21.06,1012.67,14.65,602,1,277.82,-,260.38,1918,0,84,0.37,33.33,24.71,804.5,22.75,0.79,1.1,18.4,32.16,-17.19,1.56,2.34,-,0.59,6,14.66,291.23,-5.79,-35.21,20,0.92,0.5,37,2.72,12.46,8.03,3.02,7.68,35.19,0.09,0.88,63.85,0,36.15,1456.84,3.14,953,0.92,0,14.12,1.5,4.15,11.26,8.88,31.81,4.98,325.06,843.11,580.92,262.19,-11.42,14.04,14.3,25
Fri Nov 04 06:50:11 GMT-03:00 2022,04-Nov-2022 06:50:11.082,-35.20664845673407,-5.792680218554564,0.02571418322622776,6.0,14.519241467128559,291.23046875,-0.3,5.47,8.08,0.01,12.94,-0.01,-0.01,-0.01,0,14.9,7.45,14.7,22.75,96,30.7,21.06,1012.62,14.65,599.8,1,277.82,-,260.38,1918,0,84,0.37,30.2,24.71,804.5,22.75,0.79,1.1,18.4,32.16,-17.97,3.91,1.56,-,0.59,6,14.52,291.23,-5.79,-35.21,21,0.92,0.5,37,2.72,12.46,8.03,3.02,7.68,35.19,0.81,0.82,63.78,0,36.22,1456.84,3.14,953,0.09,0,13.33,5,4.15,11.26,8.88,31.81,4.98,325.06,844.11,580.92,263.19,-11.42,14.12,14.3,25
Fri Nov 04 06:50:12 GMT-03:00 2022,04-Nov-2022 06:50:12.081,-35.20664845673407,-5.792680218554564,0.0264181699603796,6.0,14.420250917390796,291.23004150390625,-0.31,5.83,7.75,0,12.94,0,-0.02,0.03,0,14.9,7.45,14.7,22.75,96,30.7,21.03,1012.65,14.65,599.8,1,277.82,-,260.37,1918,0,85,-,29.8,23.92,795.5,22.75,0.8,1.06,17.73,32.16,-17.97,-0.78,-1.56,-,0.59,6,14.42,291.23,-5.79,-35.21,21,0.09,-,37,0,12.46,8.03,2.91,0,35.19,0.7,0.81,63.7,0,36.3,1456.84,3.14,955,0.1,0,13.33,5,-,11.26,8.88,31.81,4.98,325.06,845.09,580.92,264.17,-11.14,14.08,14.3,25
Fri Nov 04 06:50:13 GMT-03:00 2022,04-Nov-2022 06:50:13.082,-35.206656999316934,-5.7926786889978175,0.3146674335002899,6.0,14.259474914641624,291.2043151855469,-0.36,6.12,7.5,-0,12.94,0,0,0.06,-0.02,14.9,7.45,14.7,22.75,96,30.7,21,1012.64,14.65,599.8,1,277.82,-,260.37,1918,0,85,-,29.41,23.53,763,22.75,0.8,0.98,16.39,32.16,-16.41,1.56,2.34,-,0.59,6,14.26,291.2,-5.79,-35.21,20,0.1,-,37,0,12.46,8.03,2.69,0,35.19,0.08,0.8,63.63,0,36.37,1456.84,2.75,956,1.13,0,13.33,3.5,-,11.26,8.88,31.81,4.98,325.06,846.09,580.92,265.17,-11.36,13.98,14.3,24
Fri Nov 04 06:50:14 GMT-03:00 2022,04-Nov-2022 06:50:14.082,-35.20666665038326,-5.7926742693031725,1.0605120658874512,6.0,14.243859162156443,291.057373046875,0.11,6.46,7.07,-0.01,16.47,0,0,0.08,-0.04,21.96,11.37,14.7,22.75,96,30.64,20.98,1012.66,14.65,597.5,1,277.82,-,241.32,1918,0,85,0.84,40.78,35.69,1239.5,22.75,0.8,2.3,38.37,29.8,-16.41,1.56,2.34,-,0.59,6,14.24,291.06,-5.79,-35.21,21,2.87,1.13,37,0,12.46,8.03,6.3,0,35.19,0.08,0.8,63.55,0,36.45,1457.64,6.27,957,3.82,4,13.33,3.5,6.49,11.26,8.88,31.81,4.98,325.06,847.09,581.28,265.82,-6.63,13.98,14.5,32
Fri Nov 04 06:50:15 GMT-03:00 2022,04-Nov-2022 06:50:15.083,-35.206684927319785,-5.792663946263183,2.168983221054077,6.0,14.19470899095846,289.9127502441406,-0.19,5.61,7.86,-0,14.9,-0.01,-0.05,0,-0.01,21.96,11.37,14.7,22.75,96,30.64,20.98,1012.66,14.65,594.5,1,277.82,-,241.32,1918,0,85,0.84,40.78,35.69,1239.5,22.75,0.8,2.3,38.37,29.8,-14.84,-1.56,-1.56,-,0.59,6,14.19,289.91,-5.79,-35.21,22,2.87,1.13,37,0,12.46,8.03,6.3,0,35.19,0.14,0.8,63.48,0,36.52,1457.64,5.1,957,7.81,4,16.86,21.5,6.49,11.26,8.88,31.81,4.98,325.06,848.09,582.27,265.82,-6.63,14.1,14.4,32
Fri Nov 04 06:50:16 GMT-03:00 2022,04-Nov-2022 06:50:16.083,-35.20671053408972,-5.792653777125096,2.5399439334869385,6.0,13.958720074183784,287.2969665527344,0.14,4.02,8.87,0,13.33,0,-0.01,-0.13,0.09,14.9,7.45,14.7,22.75,96,30.6,20.96,1012.66,14.65,594.5,1,277.82,-,234.97,1918,0,85,2.66,28.63,28.24,1188.5,22.75,0.8,1.5,25.03,29.02,-17.19,-3.91,-1.56,-,0.59,6,13.96,287.3,-5.79,-35.21,21,1.19,3.57,37,2.66,12.46,8.03,4.11,7.52,35.19,0.09,0.79,63.46,0,36.54,1458.48,3.53,959,9.14,9,13.33,3,21.39,11.25,8.89,31.77,4.98,325.06,849.1,583.29,265.82,-11.43,14.08,14.3,29
Fri Nov 04 06:50:17 GMT-03:00 2022,04-Nov-2022 06:50:17.082,-35.20673135668412,-5.792649849756966,1.6279486417770386,6.0,13.787341433600423,283.7537841796875,0.08,4.53,8.97,0.04,14.9,0,0.02,-0.11,0.08,14.9,7.45,14.7,22.75,96,30.55,20.94,1012.68,14.65,594.5,1,277.82,-,234.96,1918,0,85,2.66,31.37,34.12,895.5,22.75,0.8,1.29,21.44,29.02,-16.41,0.78,0.78,-,0.59,6,13.79,283.75,-5.79,-35.21,25,3.14,3.57,37,7,12.46,8.03,3.52,19.76,35.19,0.08,0.78,63.51,0,36.49,1457.97,4.71,960,5.86,6,14.51,17,21.39,11.24,8.9,31.75,4.99,325.07,850.09,584.27,265.82,-11.77,14.08,14.3,27
Fri Nov 04 06:50:18 GMT-03:00 2022,04-Nov-2022 06:50:18.083,-35.20673926248076,-5.792647139343163,0.6768329739570618,6.0,13.752267744419296,282.2642517089844,0.02,5.02,8.26,-0,13.73,0,0.01,-0.04,0.03,14.9,7.45,14.7,22.75,96,30.49,20.91,1012.66,14.65,593,1,277.82,-,234.96,1918,0,85,2.66,42.35,34.12,880,22.75,0.8,1.72,28.75,29.02,-16.41,3.12,3.12,-,0.59,6,13.75,282.26,-5.79,-35.21,20,3.86,3.57,37,3.48,12.46,8.03,4.72,9.83,35.19,0.75,0.77,63.45,0,36.55,1457.71,3.53,960,2.44,2,14.12,0,21.39,11.23,8.9,31.72,4.99,325.07,851.1,585.28,265.82,-9.53,14.08,14.4,29
Fri Nov 04 06:50:19 GMT-03:00 2022,04-Nov-2022 06:50:19.081,-35.20673926248076,-5.792647139343163,0.05030708387494087,4.0,13.622546540017597,282.1638488769531,-0.02,5.34,7.96,-0.01,13.73,-0.01,0.01,0,0,14.9,7.45,14.7,22.75,96,30.49,20.88,1012.65,14.65,593,1,277.82,-,247.66,1918,0,85,-,39.22,30.98,773.5,22.75,0.8,1.37,22.78,30.59,-16.41,3.12,3.12,-,0.59,4,13.62,282.16,-5.79,-35.21,22,2.44,-,37,1.46,12.46,8.03,3.74,4.13,35.19,0.75,0.77,63.38,0,36.62,1457.71,3.53,962,0.18,0,14.12,0,-,11.22,8.92,31.68,4.99,325.07,852.09,586.15,265.94,-10.52,14.08,14.4,28
Fri Nov 04 06:50:20 GMT-03:00 2022,04-Nov-2022 06:50:20.082,-35.20673926248076,-5.792647139343163,0.08966661989688873,4.0,13.540389130319422,281.9281311035156,-0.08,5.74,7.76,-0,13.33,-0.01,0.01,0.01,-0.01,14.9,7.45,14.7,22.75,96,30.49,20.85,1012.65,14.65,592.4,1,277.82,-,247.65,1918,0,85,-,39.22,31.37,747,22.75,0.8,1.32,21.99,30.59,-17.19,0.78,-2.34,-,0.59,4,13.54,281.93,-5.79,-35.21,23,0.18,-,38,0,12.46,8.03,3.61,0,35.19,0.64,0.76,63.3,0,36.7,1457.71,3.53,963,0.32,0,13.73,-3,-,11.21,8.92,31.68,4.99,325.07,853.08,586.15,266.93,-10.1,13.92,14.4,29
Fri Nov 04 06:50:21 GMT-03:00 2022,04-Nov-2022 06:50:21.082,-35.206761245938246,-5.792642247384392,1.7598211765289307,4.0,13.51528274809947,279.7965393066406,-0.12,6.68,7.07,0,20.39,-0.03,0,0.13,-0.14,25.1,12.94,14.7,22.75,96,30.43,20.82,1012.62,14.65,592.4,1,277.82,-,247.65,1918,0,85,0.95,58.04,52.55,1672,22.75,0.8,4.61,76.81,30.59,-15.62,1.56,2.34,-,0.59,4,13.52,279.8,-5.79,-35.21,23,3.68,1.27,38,0,12.46,8.03,12.61,0,35.19,0.15,0.75,63.23,0,36.77,1458.51,10.59,964,6.34,4,18.04,20,5.41,11.21,8.92,31.68,4.99,325.07,854.11,586.47,267.64,1.8,14.14,14.4,49
Fri Nov 04 06:50:22 GMT-03:00 2022,04-Nov-2022 06:50:22.082,-35.206784339481025,-5.7926403916814095,2.5034711360931396,4.0,13.81009065241106,273.9554748535156,-0.31,6.74,6.2,-0.05,18.82,-0.04,0.01,0.12,-0.14,30.98,15.69,14.7,22.75,96,30.38,20.81,1012.66,14.65,592.4,1,277.82,-,238.13,1918,0,85,4.84,60,47.45,1770,22.75,0.8,4.48,74.74,29.41,-14.06,1.56,2.34,-,0.59,4,13.81,273.96,-5.79,-35.21,22,2.66,6.49,38,0.89,12.46,8.03,12.27,2.52,35.18,0.15,0.77,63.19,0,36.81,1459.92,8.63,965,9.01,9,18.04,20,26.1,11.2,8.93,31.64,4.99,325.07,855.09,587.45,267.64,-7.5,14.14,14.4,49
Fri Nov 04 06:50:23 GMT-03:00 2022,04-Nov-2022 06:50:23.081,-35.2068247952719,-5.792637607058127,4.847560882568359,4.0,13.553866248062247,263.0304870605469,-1.97,6.11,7.64,0.03,18.82,0,-0.16,0.12,-0.09,30.98,15.69,14.7,22.75,96,30.38,20.81,1012.69,14.65,595.5,1,277.82,-,238.13,1918,0,85,4.84,60,47.45,1770,22.75,0.8,4.48,74.74,29.41,-14.06,-1.56,-7.03,-,0.59,4,13.55,263.03,-5.79,-35.21,24,2.66,6.49,38,0.89,12.46,8.03,12.27,2.52,35.18,0.5,0.81,63.24,0,36.76,1459.92,9.41,965,17.45,9,21.18,20,26.1,11.2,8.93,31.64,4.99,325.07,856.1,588.46,267.64,-7.5,14.14,14.4,49
Fri Nov 04 06:50:24 GMT-03:00 2022,04-Nov-2022 06:50:24.081,-35.206873123651675,-5.79264425284309,5.892464637756348,4.0,13.398452752582756,248.863037109375,-1.02,5.09,7.97,-0.02,18.43,0.14,-0.1,-0.14,0.25,25.49,12.94,14.7,22.75,96,30.36,20.81,1012.62,14.65,595.5,1,277.82,-,231.77,1918,0,85,11.3,47.45,49.02,1636.5,22.75,0.81,3.52,58.66,28.63,-15.62,-7.03,-4.69,-,0.6,4,13.4,248.86,-5.79,-35.21,23,1.55,15.15,38,2.56,12.46,8.03,9.63,7.22,35.18,0.08,0.8,63.28,0,36.72,1461.66,9.41,967,21.21,19,16.08,-1,65.91,11.19,8.94,31.6,4.99,325.08,857.09,589.45,267.64,-9.35,14.16,14.3,46
Fri Nov 04 06:50:25 GMT-03:00 2022,04-Nov-2022 06:50:25.081,-35.20692480733788,-5.792666754877082,6.302684783935547,4.0,13.300660949158281,240.6711883544922,1.81,6.49,8.17,0.09,14.12,0.05,0.1,0.08,0,14.9,7.45,14.7,22.75,96,30.34,20.81,1012.66,14.65,598.7,1,277.54,170.94,231.77,1918,0,85,11.3,24.71,22.75,1286,22.75,0.81,1.23,20.47,28.63,-14.06,-0.78,0,-,0.6,4,13.3,240.67,-5.79,-35.21,18,0.21,15.15,38,15.47,12.46,8.03,3.36,43.71,35.18,0.06,0.79,63.32,0,36.68,1464.28,4.31,968,22.69,21,18.43,20,65.91,11.19,8.93,31.62,5,325.08,858.09,590.45,267.64,-12.65,14.16,14.5,38
Fri Nov 04 06:50:26 GMT-03:00 2022,04-Nov-2022 06:50:26.081,-35.20698014498118,-5.792697947844871,7.124418258666992,4.0,13.028898857798293,247.80587768554688,2.42,5.64,7.5,-0,19.22,0.09,0.36,-0.11,0.12,25.88,13.33,14.7,22.35,96,30.33,20.81,1012.72,14.65,598.7,1,278.1,488.39,231.77,1918,0,85,6.27,43.14,43.92,1852,22.35,0.81,3.88,64.63,28.63,-14.06,-1.56,0,-,0.6,4,13.03,247.81,-5.79,-35.21,16,1.31,8.41,38,5.42,12.45,8.03,10.61,15.3,35.18,0.06,0.79,63.36,0,36.64,1467.92,9.41,969,25.65,24,18.43,20,32.35,11.18,8.94,31.59,5,325.09,859.09,591.45,267.64,-6.61,14.16,14.5,42
Fri Nov 04 06:50:27 GMT-03:00 2022,04-Nov-2022 06:50:27.082,-35.20703944965604,-5.792724002601059,7.443521022796631,6.0,12.561160414520428,263.0176086425781,2.02,4.61,7.96,-0.03,19.22,-0.05,0.13,-0.08,0,25.88,13.33,14.7,22.35,96,30.33,20.81,1012.77,14.65,598.7,1,278.1,488.39,231.77,1918,0,85,6.27,43.14,43.92,1852,22.35,0.81,3.88,64.63,28.63,-14.06,-1.56,-3.12,-,0.6,6,12.56,263.02,-5.79,-35.21,15,1.31,8.41,38,5.42,12.45,8.03,10.61,15.3,35.18,0.08,0.76,63.41,0,36.59,1467.92,9.41,969,26.8,24,13.73,-2.5,32.35,11.18,8.94,31.59,5,325.09,860.1,592.46,267.64,-6.61,14.16,14.5,42
Fri Nov 04 06:50:28 GMT-03:00 2022,04-Nov-2022 06:50:28.081,-35.207097591884924,-5.792731294053197,6.694960117340088,6.0,12.3624395865261,275.16461181640625,-1.04,3.63,9.34,0.04,12.16,-0.02,-0.15,-0.05,0,14.9,7.45,14.7,22.35,96,30.33,20.81,1012.83,14.65,601.4,1,277.62,97.07,225.41,1918,0,85,6.27,43.14,16.08,912,22.35,0.81,0.88,14.68,27.84,-18.75,-1.56,-3.12,-,0.6,6,12.36,275.16,-5.79,-35.21,13,1.31,8.41,38,27.25,12.46,8.03,2.41,76.97,35.18,0.08,0.76,63.45,0,36.55,1467.92,2.35,971,24.1,24,13.73,-2.5,32.35,11.21,8.92,31.66,5,325.09,861.1,593.45,267.64,-13.38,14.16,14.4,33
Fri Nov 04 06:50:29 GMT-03:00 2022,04-Nov-2022 06:50:29.083,-35.20714479101816,-5.7927263058946705,5.402604103088379,6.0,12.555257894789795,274.6077575683594,-1.33,3.17,9.51,0.04,12.16,0.05,-0.2,-0.15,0.13,14.9,7.45,14.7,22.35,96,30.31,20.81,1012.87,14.65,601.4,1,277.62,97.07,225.41,1918,0,85,6.27,21.57,16.08,912,22.35,0.81,0.88,14.68,27.84,-18.75,0,-3.12,-,0.6,6,12.56,274.61,-5.79,-35.21,15,1.1,8.41,39,27.25,12.46,8.03,2.41,76.97,35.18,0.08,0.76,63.49,0,36.51,1463.35,2.35,971,19.45,23,12.94,3,32.35,11.21,8.92,31.66,5.02,325.1,862.09,594.45,267.64,-13.38,14,14.4,33
Fri Nov 04 06:50:30 GMT-03:00 2022,04-Nov-2022 06:50:30.082,-35.20717750450222,-5.792722652769443,3.6951394081115723,6.0,12.39047266774074,257.9794616699219,-3.6,4.41,8.17,0.03,13.33,0.06,-0.24,-0.03,0.07,14.9,7.45,14.7,22.35,96,30.31,20.81,1012.93,14.65,601.7,1,277.62,97.07,225.41,1918,0,85,6.27,21.57,23.14,912,22.35,0.81,0.88,14.68,27.84,-17.97,0,1.56,-,0.6,6,12.39,257.98,-5.79,-35.21,14,1.1,8.41,39,27.25,12.46,8.03,2.41,76.97,35.18,0.8,0.75,63.53,0,36.47,1463.35,3.14,973,13.3,23,12.94,3,32.35,11.21,8.92,31.66,5.02,325.1,863.1,595.46,267.64,-13.38,14,13.5,33
Fri Nov 04 06:50:31 GMT-03:00 2022,04-Nov-2022 06:50:31.083,-35.207211192856086,-5.792730937853224,4.012184143066406,6.0,12.119378495567933,225.58668518066406,-3.13,5.22,7.96,0.03,13.33,0.16,-0.29,-0.05,0.18,14.9,7.45,14.7,22.35,96,30.28,20.8,1012.92,14.65,601.7,1,277.29,150.46,225.42,1918,0,85,-,38.43,23.14,930.5,22.35,0.81,1.31,21.81,27.84,-17.97,-5.47,-2.34,-,0.6,6,12.12,225.59,-5.79,-35.21,16,0.7,-,39,17.58,12.46,8.03,3.58,49.66,35.18,0.08,0.75,63.58,0,36.42,1460.9,3.14,973,14.44,14,16.86,5,-,11.22,8.92,31.69,5.03,325.11,864.1,596.46,267.64,-10.81,14.16,13.5,32
Fri Nov 04 06:50:32 GMT-03:00 2022,04-Nov-2022 06:50:32.082,-35.207235378137014,-5.792756160284368,4.115490913391113,6.0,11.439424100538615,189.40174865722656,-2.83,5.38,6.94,-0.05,16.47,0,-0.26,-0.02,-0.02,22.35,11.37,14.7,22.35,96,30.28,20.8,1012.91,14.65,601.7,1,277.29,150.46,225.42,1918,0,85,-,38.43,34.12,930.5,22.35,0.81,1.31,21.81,28.63,-14.84,-5.47,-2.34,-,0.6,6,11.44,189.4,-5.79,-35.21,14,0.7,-,39,17.58,12.46,8.03,3.58,49.66,35.18,0.08,0.74,63.62,0,36.38,1460.9,6.67,975,14.82,14,16.86,5,-,11.22,8.92,31.69,5.03,325.11,865.1,597.46,267.64,-10.81,14.16,14.5,32
Fri Nov 04 06:50:33 GMT-03:00 2022,04-Nov-2022 06:50:33.081,-35.207235353579286,-5.792799156649668,4.86387300491333,6.0,11.054493145789431,162.4015655517578,-2.78,6.23,8.37,0.11,16.47,-0.14,-0.24,-0.08,-0.14,22.35,11.37,14.7,22.35,96,30.25,20.8,1012.88,14.65,601.7,1,278.58,772.63,231.77,1918,0,85,2.69,58.82,34.12,1759.5,22.35,0.81,4.09,68.16,28.63,-14.84,2.34,0.78,-,0.6,6,11.05,162.4,-5.79,-35.21,17,2.18,3.61,38,3.42,12.46,8.03,11.19,9.67,35.18,0.77,0.74,63.66,0,36.34,1461.72,6.67,975,17.51,17,20.78,20,14.6,11.21,8.92,31.65,5.04,325.12,866.09,598.45,267.64,-2.89,14.02,14.5,44
Fri Nov 04 06:50:34 GMT-03:00 2022,04-Nov-2022 06:50:34.083,-35.20721348769448,-5.792852918029,5.892045497894287,6.0,11.048398599609099,142.70062255859375,-2.77,5.41,6.82,-0.06,19.61,-0.03,-0.24,0.07,-0.13,24.31,12.55,14.7,22.35,96,30.25,20.8,1012.89,14.65,603.2,1,279.52,639.13,234.94,1918,0,84,2.69,58.82,50.98,1488.5,22.35,0.81,4.11,68.46,29.02,-14.06,2.34,0.78,-,0.6,6,11.05,142.7,-5.79,-35.21,16,2.18,3.61,38,4.14,12.46,8.03,11.24,11.69,35.18,0.77,0.73,63.7,0,36.3,1461.72,9.41,977,21.21,17,20.78,20,14.6,11.2,8.93,31.63,5.04,325.12,867.1,599.46,267.64,-8.42,14.02,14.4,43
Fri Nov 04 06:50:35 GMT-03:00 2022,04-Nov-2022 06:50:35.083,-35.20717369283952,-5.792893938025125,5.904959201812744,6.0,11.232120892358253,125.58059692382812,-2.92,5.59,7.56,0.02,19.61,0.05,-0.23,0.01,0.03,24.31,12.55,14.7,22.35,96,30.23,20.8,1012.88,14.65,606.3,1,279.52,639.13,234.94,1918,0,84,4.24,61.57,50.98,1488.5,22.35,0.81,4.11,68.46,29.02,-14.06,-8.59,-5.47,-,0.6,6,11.23,125.58,-5.79,-35.21,17,1.21,5.68,37,4.14,12.46,8.03,11.24,11.69,35.18,0.09,0.71,63.74,0,36.26,1463.41,9.41,977,21.26,20,18.82,18,27.19,11.2,8.93,31.63,5.04,325.13,868.11,600.46,267.64,-8.42,14.12,14.4,43
Fri Nov 04 06:50:36 GMT-03:00 2022,04-Nov-2022 06:50:36.081,-35.20711628852945,-5.792924136413229,6.342923641204834,6.0,11.142462779040399,106.24195861816406,-3.22,6.26,8.49,0.14,18.04,0,-0.3,0.03,-0.06,24.31,12.55,14.7,22.35,96,30.22,20.8,1012.86,14.65,606.3,1,280.05,480.43,238.11,1918,0,84,5.29,56.08,49.8,1430.5,22.35,0.82,3.63,60.55,29.41,-14.84,-5.47,-6.25,-,0.61,6,11.14,106.24,-5.79,-35.21,16,1.74,7.09,37,5.51,12.45,8.03,9.94,15.55,35.18,0.6,0.7,63.79,0,36.21,1465.52,8.24,979,22.83,23,17.25,18.5,35.31,11.19,8.94,31.6,5.05,325.13,869.11,601.47,267.64,-8.16,14.12,14.5,43
Fri Nov 04 06:50:37 GMT-03:00 2022,04-Nov-2022 06:50:37.082,-35.2070505650146,-5.792936492624422,6.888851642608643,6.0,10.549267896226668,82.96937561035156,-2.65,5.83,5.88,-0.1,16.47,0.04,-0.26,-0.01,0.03,22.35,11.37,14.7,22.35,96,30.2,20.8,1012.88,14.65,606.3,1,280.12,306.81,238.11,1918,0,84,5.29,44.71,38.82,1349,22.35,0.82,2.67,44.46,29.41,-15.62,-1.56,-0.78,-,0.61,6,10.55,82.97,-5.79,-35.21,17,1.17,7.09,37,8.62,12.45,8.03,7.3,24.35,35.18,0.12,0.7,63.83,0,36.17,1468.54,6.67,980,24.8,24,15.69,19.5,35.31,11.18,8.94,31.59,5.06,325.14,870.09,602.45,267.64,-9.69,14.08,14.4,41
Fri Nov 04 06:50:38 GMT-03:00 2022,04-Nov-2022 06:50:38.081,-35.20698016069433,-5.792921596293666,7.106042385101318,6.0,10.734725064422888,60.16951370239258,-4.35,5.8,7.55,0.08,15.69,-0.13,-0.26,0.08,-0.31,24.31,12.94,14.7,22.35,96,30.19,20.81,1012.88,14.65,609,1,280.51,430.56,241.28,1918,0,84,4.09,59.22,41.57,1485.5,22.35,0.82,3.91,65.11,29.8,-15.62,-0.78,-0.78,-,0.61,6,10.73,60.17,-5.79,-35.21,14,1.2,5.48,37,6.14,12.45,8.03,10.69,17.35,35.18,0.12,0.7,63.87,0,36.13,1472.3,5.88,981,25.58,26,15.69,19.5,26.27,11.18,8.95,31.57,5.06,325.15,871.09,603.45,267.64,-6.95,14.08,14.4,44
Fri Nov 04 06:50:39 GMT-03:00 2022,04-Nov-2022 06:50:39.082,-35.20692057502748,-5.79288045719161,7.565254211425781,6.0,11.054043109465633,47.52082443237305,-2.04,3.38,7.02,-0.17,19.22,0,-0.22,0.02,-0.03,24.31,12.94,14.7,22.35,96,30.19,20.81,1012.85,14.65,611.8,1,280.51,430.56,241.28,1918,0,84,4.09,59.22,41.57,1485.5,22.35,0.82,3.91,65.11,29.8,-14.06,-0.78,1.56,-,0.61,6,11.05,47.52,-5.79,-35.21,14,1.2,5.48,37,6.14,12.45,8.03,10.69,17.35,35.18,0.17,0.7,63.91,0,36.09,1472.3,9.41,981,27.23,26,19.61,18,26.27,11.18,8.95,31.57,5.06,325.15,872.09,604.45,267.64,-6.95,14.1,14.4,44
Fri Nov 04 06:50:40 GMT-03:00 2022,04-Nov-2022 06:50:40.082,-35.20687062717354,-5.792829157670063,7.562718391418457,6.0,11.103285421822662,43.15869140625,-1.78,5.89,6.64,-0.07,19.22,0.06,-0.1,0.16,-0.03,27.06,13.73,14.7,22.35,96,30.19,20.82,1012.82,14.65,611.8,1,280.91,436.48,241.28,1918,0,84,3.26,62.75,52.94,1507,22.35,0.82,4.29,71.51,29.8,-14.84,0.78,-1.56,-,0.61,6,11.1,43.16,-5.79,-35.21,12,0.77,4.38,36,6.06,12.45,8.03,11.74,17.12,35.18,0.75,0.69,63.95,0,36.05,1473.78,8.24,983,27.23,28,19.22,18,20.68,11.17,8.95,31.55,5.08,325.16,873.11,605.47,267.64,-6.97,14.12,14.4,46
Fri Nov 04 06:50:40 GMT-03:00 2022,04-Nov-2022 06:50:41.083,-35.20682235955312,-5.792775865992235,7.2078633308410645,6.0,10.85249277673796,49.39459228515625,1.3,5.14,7.59,-0.04,17.25,-0.11,0.13,0.04,-0.17,21.57,10.98,14.7,22.35,96,30.18,20.83,1012.7,14.65,614.8,1,280.84,252.02,241.28,1918,0,84,3.26,45.1,45.1,1429.5,22.35,0.82,2.67,44.46,29.8,-16.41,-1.56,-0.78,-,0.61,6,10.85,49.39,-5.79,-35.21,16,1.23,4.38,36,10.49,12.45,8.03,7.3,29.65,35.18,0.1,0.69,63.99,0,36.01,1471.74,3.53,984,25.95,26,14.9,-1,20.68,11.17,8.95,31.55,5.08,325.17,874.1,606.46,267.64,-9.96,14.14,14.3,42
Fri Nov 04 06:50:41 GMT-03:00 2022,04-Nov-2022 06:50:42.083,-35.206768989319606,-5.7927400659003485,6.689516067504883,6.0,11.007819561529146,63.94123840332031,1.76,6.03,7.08,-0.02,13.73,0.04,0.21,0.13,-0.06,22.35,11.37,14.7,22.35,96,30.17,20.83,1012.65,14.65,614.8,1,281.03,355.06,241.28,1918,0,84,3.26,54.9,23.53,1225,22.35,0.83,3.49,58.17,29.8,-16.41,-3.91,-0.78,-,0.61,6,11.01,63.94,-5.79,-35.21,16,1.95,4.38,36,7.45,12.45,8.03,9.55,21.04,35.18,0.1,0.69,64.03,0,35.97,1470.61,3.53,985,24.08,24,14.9,12,20.68,11.16,8.96,31.53,5.09,325.17,875.09,607.45,267.64,-8.18,14.14,14.3,42
Fri Nov 04 06:50:42 GMT-03:00 2022,04-Nov-2022 06:50:43.082,-35.20670532546271,-5.7927192310133355,7.412684440612793,6.0,11.094680586218091,84.6955337524414,1.78,6.29,7.72,0.04,20,0.05,0.25,0.09,-0.02,28.63,14.9,14.7,22.35,96,30.17,20.83,1012.62,14.65,616.7,1,281.03,355.06,241.28,1918,0,84,3.26,54.9,54.51,1225,22.35,0.83,3.49,58.17,29.8,-14.06,-3.91,-3.12,-,0.61,6,11.09,84.7,-5.79,-35.21,16,1.95,4.38,36,7.45,12.45,8.03,9.55,21.04,35.18,0.76,0.69,64.08,0,35.92,1470.61,9.8,985,26.69,24,18.82,12,20.68,11.16,8.96,31.53,5.09,325.17,876.09,608.45,267.64,-8.18,14.04,14.4,42
Fri Nov 04 06:50:43 GMT-03:00 2022,04-Nov-2022 06:50:44.081,-35.20663146722856,-5.792713688128245,7.867735385894775,6.0,11.522295642689008,101.90108489990234,0.32,6.93,8.57,0.14,21.18,0.02,-0.05,0.08,-0.02,30.2,15.29,14.7,22.35,96,30.16,20.84,1012.61,14.65,616.7,1,281.76,567.1,234.93,1918,0,84,3.08,69.02,54.51,1533,22.35,0.83,5.15,85.76,29.02,-14.06,2.34,0.78,-,0.61,6,11.52,101.9,-5.79,-35.21,18,0.69,4.13,36,4.66,12.45,8.03,14.08,13.18,35.18,0.78,0.69,64.12,0,35.88,1472.05,11.37,986,28.32,26,21.57,14,19.17,11.15,8.97,31.51,5.1,325.18,877.1,609.45,267.64,-3.52,14.12,14.4,51
Fri Nov 04 06:50:44 GMT-03:00 2022,04-Nov-2022 06:50:45.082,-35.206551691797,-5.792738102803531,8.496782302856445,6.0,11.836182621280534,108.11669158935547,-0.04,7.01,7.4,0.05,21.57,0.09,0.02,0.09,0.05,30.2,15.29,14.7,22.35,96,30.16,20.85,1012.56,14.65,621,1,282.48,563.63,234.92,1918,0,84,3.08,71.37,58.04,1662.5,22.35,0.83,5.54,92.34,29.02,-14.06,0.78,0,-,0.62,6,11.84,108.12,-5.79,-35.21,20,0.68,4.13,36,4.69,12.45,8.03,15.16,13.26,35.18,0.75,0.69,64.16,0,35.84,1475.61,11.37,987,30.59,29,21.96,15,19.17,11.14,8.97,31.48,5.11,325.19,878.08,610.44,267.64,-5.07,14.16,14.4,54
Fri Nov 04 06:50:45 GMT-03:00 2022,04-Nov-2022 06:50:46.088,-35.20647702115779,-5.792789509434375,8.801727294921875,6.0,12.672418145682684,109.18800354003906,0.8,7.12,8.06,0.11,21.57,0.12,0.11,0.11,0.08,30.2,15.69,14.7,22.35,96,30.16,20.87,1012.52,14.65,621,1,283.04,500.66,228.57,1918,0,84,8.12,70.98,59.22,1596.5,22.35,0.83,5.49,91.49,28.24,-14.06,-1.56,-0.78,-,0.62,6,12.67,109.19,-5.79,-35.21,20,0.41,10.89,36,5.28,12.45,8.03,15.02,14.92,35.18,0.09,0.69,64.2,0,35.8,1480.57,11.37,989,31.69,31,21.96,15.5,48.57,11.14,8.98,31.46,5.11,325.19,879.1,611.46,267.64,-5.9,14.16,14.4,55
Fri Nov 04 06:50:46 GMT-03:00 2022,04-Nov-2022 06:50:47.081,-35.206396168579495,-5.792817685464018,9.279562950134277,6.0,12.992946166718193,109.91563415527344,-0.3,7.35,7.67,0.09,22.75,0,-0.02,0.1,-0.06,30.59,15.69,14.7,22.35,96,30.16,20.87,1012.51,14.65,626.9,1,283.04,500.66,228.57,1918,0,84,8.12,70.98,63.53,1596.5,22.35,0.83,5.49,91.49,28.24,-14.06,-1.56,-0.78,-,0.62,6,12.99,109.92,-5.79,-35.21,22,0.41,10.89,36,5.28,12.45,8.03,15.02,14.92,35.18,0.09,0.69,64.24,0,35.76,1480.57,12.94,989,33.41,31,21.96,15.5,48.57,11.14,8.98,31.46,5.11,325.19,880.09,612.45,267.64,-5.9,14.16,14.3,55
Fri Nov 04 06:50:47 GMT-03:00 2022,04-Nov-2022 06:50:48.082,-35.20631385003773,-5.792849021502855,9.70985221862793,6.0,13.34928607784986,110.3827133178711,-0.36,5.16,6.3,-0.16,23.14,-0.16,-0.02,-0.03,-0.17,30.98,16.08,14.7,22.35,96,30.17,20.89,1012.46,14.65,626.9,1,283.6,504.84,225.39,1918,0,84,6.07,78.82,65.49,1589.5,22.35,0.84,5.92,98.61,27.84,-14.06,1.56,0,-,0.62,6,13.35,110.38,-5.79,-35.21,25,0.59,8.14,36,5.24,12.45,8.03,16.19,14.8,35.18,0.76,0.68,64.28,0,35.72,1482.47,13.33,990,34.96,34,23.53,13.5,36.47,11.13,8.99,31.43,5.13,325.21,881.09,613.45,267.64,-4.83,13.98,14.4,58
Fri Nov 04 06:50:48 GMT-03:00 2022,04-Nov-2022 06:50:49.080,-35.20622534770289,-5.792881271053245,10.050518989562988,6.0,14.308185878579804,109.3564682006836,-0.85,6.81,7.03,0.01,23.14,0,-0.14,0.07,-0.07,30.98,16.08,14.7,22.35,96,30.18,20.91,1012.39,14.65,635,1,284.05,458.59,225.39,1918,0,84,6.07,79.22,65.1,1635.5,22.35,0.84,5.89,98.25,27.84,-14.06,2.34,-0.78,-,0.62,6,14.31,109.36,-5.79,-35.21,25,0.04,8.14,36,5.77,12.45,8.03,16.13,16.29,35.18,0.75,0.68,64.32,0,35.68,1488.58,13.33,991,36.18,35,23.53,13.5,36.47,11.12,8.99,31.41,5.13,325.21,882.09,614.45,267.64,-4.82,14.08,14.4,60
Fri Nov 04 06:50:49 GMT-03:00 2022,04-Nov-2022 06:50:50.082,-35.20613717421453,-5.792914963137508,10.269009590148926,6.0,14.74632559831165,108.7044677734375,0.18,6.72,8.97,0.15,23.53,-0.07,-0.13,0.03,-0.11,30.98,16.08,14.7,22.35,96,30.19,20.93,1012.36,14.65,635,1,284.46,447.14,225.38,1918,0,84,3.98,79.61,65.1,1623.5,22.35,0.84,5.92,98.61,27.84,-14.06,-0.78,-1.56,-,0.62,6,14.75,108.7,-5.79,-35.21,24,0.18,5.33,36,5.92,12.45,8.03,16.19,16.71,35.18,0.74,0.68,64.36,0,35.64,1492.83,13.33,992,36.97,36,23.92,13.5,23.39,11.11,9,31.39,5.14,325.22,883.09,615.45,267.64,-5.06,14.08,14.3,61
Fri Nov 04 06:50:50 GMT-03:00 2022,04-Nov-2022 06:50:51.083,-35.20604662919896,-5.792946634364593,10.530279159545898,6.0,14.81833706186889,109.50814819335938,0.62,6.5,7.99,0.06,23.53,0.08,-0.07,0.17,-0.02,30.98,15.69,14.7,22.35,96,30.2,20.95,1012.28,14.65,635,1,284.79,416.73,225.38,1918,0,85,2.45,77.25,65.49,1613,22.35,0.84,5.67,94.53,27.84,-14.06,-2.34,-1.56,-,0.63,6,14.82,109.51,-5.79,-35.21,25,0.03,3.28,36,6.35,12.45,8.03,15.52,17.93,35.18,0.74,0.68,64.4,0,35.6,1495.21,13.33,994,37.91,37,23.92,13.5,14.49,11.11,9,31.37,5.16,325.24,884.09,616.44,267.64,-5.39,14.08,14.3,61
Fri Nov 04 06:50:51 GMT-03:00 2022,04-Nov-2022 06:50:52.081,-35.205955805642226,-5.79298138644791,10.465706825256348,6.0,15.66446309020418,110.44120788574219,-0.18,6.24,7.34,-0.01,21.57,-0.02,0.02,0,-0.01,30.98,16.08,14.7,22.35,96,30.22,20.97,1012.23,14.65,645.7,1,285.06,391.1,225.38,1919,0,85,2.45,71.76,59.61,1681.5,22.35,0.85,5.47,91.18,27.84,-14.06,-1.56,-0.78,-,0.63,6,15.66,110.44,-5.79,-35.21,21,0.91,3.28,36,6.76,12.45,8.03,14.97,19.1,35.18,0.19,0.68,64.44,0,35.56,1492.53,11.76,995,37.68,37,22.35,16.5,14.49,11.1,9.01,31.36,5.17,325.25,885.09,617.45,267.64,-5.66,14.16,14.4,61
Fri Nov 04 06:50:52 GMT-03:00 2022,04-Nov-2022 06:50:53.082,-35.205863925957225,-5.793018228003889,10.462601661682129,6.0,16.357763960744467,110.64189147949219,-0.71,5.34,6.19,-0.15,21.96,0.03,0,0.07,0,30.98,16.08,14.7,22.35,96,30.23,20.99,1012.16,14.65,645.7,1,285.37,408.34,225.38,1919,0,85,2.45,71.76,59.22,1744.5,22.35,0.85,5.71,95.2,27.84,-14.06,-1.56,0,-,0.63,6,16.36,110.64,-5.79,-35.21,26,0.32,3.28,36,6.48,12.45,8.03,15.63,18.3,35.18,0.1,0.68,64.48,0,35.52,1497.07,11.76,996,37.67,38,22.35,18.5,14.49,11.09,9.01,31.34,5.18,325.26,886.09,618.45,267.64,-5.65,14.12,14.6,61
Fri Nov 04 06:50:53 GMT-03:00 2022,04-Nov-2022 06:50:54.081,-35.20577053225788,-5.793054094246411,10.571723937988281,6.0,17.179587134568486,110.81810760498047,-1,6.11,8.06,0.05,22.35,-0.04,0.14,0.03,-0.07,30.98,16.08,14.7,22.35,96,30.23,20.99,1012.05,14.65,645.7,1,285.37,408.34,225.38,1919,0,85,2.45,71.76,59.61,1744.5,22.35,0.85,5.71,95.2,27.84,-14.06,-1.56,0,-,0.63,6,17.18,110.82,-5.79,-35.21,23,0.32,3.28,36,6.48,12.45,8.03,15.63,18.3,35.18,0.09,0.67,64.52,0,35.48,1497.07,12.55,997,38.06,38,22.35,18.5,14.49,11.09,9.01,31.34,5.18,325.26,887.09,619.45,267.64,-5.65,14.08,14.4,61
Fri Nov 04 06:50:54 GMT-03:00 2022,04-Nov-2022 06:50:55.081,-35.205678734390105,-5.793088974310099,10.670700073242188,6.0,17.987072056946637,110.78067016601562,0.08,6.24,7.62,0.02,22.35,0,-0.07,0.08,-0.06,30.98,16.08,14.7,22.35,96,30.25,21.02,1011.98,14.65,658.1,1,285.71,419.48,225.37,1919,0,85,1.67,70.59,59.61,1847,22.35,0.85,6.03,100.44,27.84,-14.06,-2.34,-0.78,-,0.63,6,17.99,110.78,-5.79,-35.21,22,0.06,2.24,36,6.31,12.45,8.03,16.49,17.81,35.18,0.1,0.66,64.56,0,35.44,1495.98,12.55,997,38.41,38,23.14,19.5,8.62,11.09,9.02,31.32,5.18,325.26,888.1,620.46,267.64,-5.5,14.08,14.4,61
Fri Nov 04 06:50:55 GMT-03:00 2022,04-Nov-2022 06:50:56.083,-35.20558553053797,-5.793122901550069,10.745999336242676,6.0,18.824298106094236,110.50499725341797,-2.62,6.15,8.46,0.11,22.35,0.1,-0.19,0.14,0.01,29.02,14.9,14.7,22.35,96,30.26,21.04,1011.85,14.65,658.1,1,286.01,408.28,225.37,1919,0,85,1.67,65.88,56.86,1906.5,22.35,0.86,5.87,97.76,27.84,-14.06,-2.34,-0.78,-,0.63,6,18.82,110.5,-5.79,-35.21,23,0.41,2.24,36,6.48,12.45,8.03,16.05,18.3,35.18,0.15,0.65,64.6,0,35.4,1492.05,12.16,999,38.69,38,21.96,21,8.62,11.08,9.02,31.3,5.19,325.28,889.1,621.46,267.64,-6.24,14.14,14.4,60
Fri Nov 04 06:50:56 GMT-03:00 2022,04-Nov-2022 06:50:57.082,-35.20549723701137,-5.793154811034841,10.354170799255371,6.0,18.779240467714597,110.51211547851562,1.34,5.4,9.29,0.12,19.22,-0.22,0.03,-0.11,-0.18,16.86,9.02,14.7,22.35,96,30.28,21.06,1011.78,14.65,658.1,1,285.73,172.98,225.37,1919,0,85,1.67,31.76,40.39,1810,22.35,0.86,2.49,41.42,27.84,-15.62,-3.12,-1.56,-,0.63,6,18.78,110.51,-5.79,-35.21,23,1.69,2.24,36,15.29,12.45,8.03,6.8,43.19,35.18,0.1,0.64,64.64,0,35.36,1489.3,9.02,1000,37.28,37,14.9,3.5,8.62,11.09,9.02,31.32,5.2,325.28,890.09,622.45,267.64,-11.2,14.16,14.3,51
Fri Nov 04 06:50:57 GMT-03:00 2022,04-Nov-2022 06:50:58.082,-35.205418340647114,-5.793184488738099,9.384119033813477,6.0,18.95964163557148,111.1529541015625,-0.6,4.14,8.47,-0.03,13.73,0.07,0,0.06,0.06,14.9,7.45,14.7,22.35,96,30.28,21.08,1011.72,14.65,662.6,1,285.28,105.03,225.37,1919,0,85,-,18.82,16.08,1673.5,22.35,0.86,1.47,24.49,27.84,-15.62,-3.12,-1.56,-,0.63,6,18.96,111.15,-5.79,-35.21,24,4.28,-,36,25.18,12.45,8.03,4.02,71.14,35.18,0.1,0.64,64.68,0,35.32,1486.99,3.53,1001,33.78,33,14.9,3.5,-,11.11,9,31.37,5.21,325.29,891.1,623.46,267.64,-12.5,14.16,14.3,42
Fri Nov 04 06:50:58 GMT-03:00 2022,04-Nov-2022 06:50:59.081,-35.20534765938851,-5.793211785642851,8.279739379882812,4.0,19.093839932077458,111.29752349853516,-0.71,4.94,8.4,0.01,13.73,-0.08,0.04,-0.03,-0.06,14.9,7.45,14.7,22.35,96,30.28,21.08,1011.73,14.65,662.6,1,285.28,105.03,225.37,1919,0,85,-,18.82,16.08,1673.5,22.35,0.86,1.47,24.49,27.84,-17.19,-0.78,0,-,0.63,4,19.09,111.3,-5.79,-35.21,23,4.28,-,36,25.18,12.45,8.03,4.02,71.14,35.18,0.01,0.63,64.72,0,35.28,1486.99,3.53,1001,29.81,33,13.73,-8.5,-,11.11,9,31.37,5.21,325.29,892.09,624.45,267.64,-12.5,14.16,14.4,42
Fri Nov 04 06:50:59 GMT-03:00 2022,04-Nov-2022 06:51:00.081,-35.20528626349184,-5.793236745792815,7.280296802520752,4.0,19.14353377665373,111.29486083984375,0.38,4.88,8.26,-0.01,13.33,-0.06,-0.07,-0.1,0,14.9,7.45,29.4,22.35,96,30.27,21.09,1011.66,14.65,663.2,2,284.82,99.89,228.55,1919,0,85,-,19.61,16.86,1457,22.35,0.86,1.25,20.77,28.24,-16.41,0,0,-,0.64,4,19.14,111.29,-5.79,-35.21,24,3.81,-,36,26.48,12.45,8.03,3.41,74.8,35.18,0,0,64.76,0,35.24,1485.46,3.53,1003,26.21,26,13.73,-8.5,-,11.13,8.99,31.43,5.22,325.3,893.1,625.45,267.64,-12.68,14.08,14.4,35
Fri Nov 04 06:51:00 GMT-03:00 2022,04-Nov-2022 06:51:01.082,-35.20523138097689,-5.793258772796189,6.377565383911133,4.0,19.33882316830738,111.38765716552734,-1.2,5.79,8.47,0.06,13.33,-0.02,-0.05,0,-0.01,19.61,10.2,13.45,22.35,96,30.26,21.09,1011.67,14.65,663.2,0.92,284.44,129.75,228.56,1919,0,85,-,19.61,17.25,1427,22.35,0.86,1.28,21.26,28.24,-17.19,0,0,-,0.64,4,19.34,111.39,-5.79,-35.21,23,3.21,-,36,20.38,12.45,8.03,3.49,57.58,35.18,0.89,0.06,64.8,0,35.2,1483.66,3.53,1004,22.96,23,13.73,-1,-,11.14,8.98,31.47,5.22,325.3,894.1,626.46,267.64,-12.33,14.08,14.4,30
Fri Nov 04 06:51:01 GMT-03:00 2022,04-Nov-2022 06:51:02.082,-35.205181474488064,-5.793281936802061,6.122097015380859,4.0,19.519885338379154,111.25717163085938,-0.71,5.35,7.87,-0.02,14.51,-0.03,-0.07,0.07,-0.09,21.57,11.37,13.45,22.35,96,30.24,21.09,1011.58,14.65,663.2,0.92,284.66,373.21,228.56,1919,0,85,-,50.2,21.96,1427,22.35,0.86,3.25,54.09,28.24,-17.19,0,0,-,0.64,4,19.52,111.26,-5.79,-35.21,25,0.96,-,36,7.09,12.45,8.03,8.88,20.02,35.18,0.89,0.06,64.84,0,35.16,1482,3.14,1005,22.04,22,19.22,15.5,-,11.13,8.98,31.45,5.23,325.31,895.09,627.45,267.64,-8.62,14.08,14.4,32
Fri Nov 04 06:51:02 GMT-03:00 2022,04-Nov-2022 06:51:03.084,-35.20512818647623,-5.793301459055748,6.2124505043029785,6.0,19.53007570588216,111.12650299072266,-0.3,5.61,5.67,-0.17,20.39,0,0.02,0.1,-0.07,30.2,15.69,13.92,22.35,96,30.24,21.09,1011.56,14.65,659.1,0.95,284.66,373.21,228.56,1919,0,85,-,50.2,58.04,1427,22.35,0.86,3.25,54.09,28.24,-14.06,0,0,-,0.64,6,19.53,111.13,-5.79,-35.21,25,0.96,-,36,7.09,12.45,8.03,8.88,20.02,35.18,0.86,0.15,64.88,0,35.12,1482,10.59,1005,22.36,22,19.22,15.5,-,11.13,8.98,31.45,5.23,325.31,896.1,628.46,267.64,-8.62,14.04,14.3,32
Fri Nov 04 06:51:03 GMT-03:00 2022,04-Nov-2022 06:51:04.084,-35.20507196241013,-5.793324888457384,6.632172584533691,6.0,20.045331991384,110.78948974609375,-0.22,6.96,7.72,0.07,21.57,-0.12,-0.1,-0.01,-0.13,29.02,14.9,14.7,22.35,96,30.23,21.09,1011.56,14.65,659.1,1,285.61,670.94,231.73,1919,0,84,1.39,70.2,60,1702.5,22.35,0.86,5.58,93.01,28.63,-14.06,-0.78,-2.34,-,0.64,6,20.05,110.79,-5.79,-35.21,23,0.64,1.86,36,3.94,12.45,8.03,15.27,11.14,35.18,0.76,0.82,64.92,0,35.08,1484.08,11.76,1006,23.88,23,21.96,18,7.79,11.12,8.99,31.43,5.24,325.32,897.11,629.47,267.64,-4.29,14.06,14.3,42
Fri Nov 04 06:51:04 GMT-03:00 2022,04-Nov-2022 06:51:05.081,-35.20500977120255,-5.793349864816852,7.431977272033691,6.0,20.364399141791925,111.80445098876953,-0.57,6.07,6.53,-0.08,21.57,0.05,-0.09,0.06,0.02,28.24,14.51,14.7,22.35,96,30.22,21.1,1011.5,14.65,656.2,1,286.52,656.06,231.73,1919,0,84,1.39,72.16,57.25,1653.5,22.35,0.87,5.7,95.08,28.63,-14.06,0.78,0,-,0.64,6,20.36,111.8,-5.79,-35.21,21,2.12,1.86,36,4.03,12.45,8.03,15.61,11.39,35.18,0.64,0.79,64.96,0,35.04,1487.18,11.37,1007,26.76,26,21.96,18,7.79,11.11,9,31.4,5.24,325.33,898.09,630.45,267.64,-5.77,14.02,14.3,46
Fri Nov 04 06:51:05 GMT-03:00 2022,04-Nov-2022 06:51:06.081,-35.2049438644117,-5.7933764062847715,8.157249450683594,6.0,20.623659436758423,110.8822021484375,-0.29,6.43,7.6,0.03,21.57,-0.09,-0.05,-0.04,-0.07,28.24,14.51,14.7,22.35,96,30.22,21.11,1011.49,14.65,656.2,1,287.19,558.43,231.72,1919,0,84,7.37,68.24,57.25,1684.5,22.35,0.87,5.49,91.49,28.63,-14.06,0,-1.56,-,0.64,6,20.62,110.88,-5.79,-35.2,24,1.24,9.88,36,4.74,12.45,8.03,15.02,13.38,35.18,0.75,0.76,64.99,0,35.01,1490.2,11.37,1008,29.37,28,21.18,18.5,41.76,11.11,9,31.37,5.25,325.33,899.09,631.45,267.64,-5.85,14.14,14.3,50
Fri Nov 04 06:51:06 GMT-03:00 2022,04-Nov-2022 06:51:07.082,-35.20486865672391,-5.793404930215593,8.828401565551758,4.0,20.858444359759908,110.19578552246094,-0.5,6.41,8.39,0.09,20.78,0.01,-0.06,0.1,-0.05,28.63,14.51,14.7,22.35,96,30.22,21.11,1011.47,14.65,657.5,1,287.19,558.43,231.72,1919,0,84,7.37,68.24,54.12,1684.5,22.35,0.87,5.49,91.49,28.24,-14.06,0,-1.56,-,0.64,4,20.86,110.2,-5.79,-35.2,24,1.24,9.88,36,4.74,12.45,8.03,15.02,13.38,35.18,0.75,0.76,65.03,0,34.97,1490.2,10.59,1010,31.78,28,21.18,18.5,41.76,11.11,9,31.37,5.25,325.33,900.09,632.45,267.64,-5.85,14.14,14.4,50
Fri Nov 04 06:51:07 GMT-03:00 2022,04-Nov-2022 06:51:08.083,-35.20479158195195,-5.7934272065396835,8.91816234588623,4.0,20.555790078303854,110.83795166015625,-1.23,4.83,6.67,-0.14,19.22,0,-0.08,0.1,-0.08,26.27,13.33,14.7,22.35,96,30.22,21.13,1011.44,14.65,659.1,1,287.67,484.02,228.55,1919,0,84,9.86,64.71,49.02,1717,22.35,0.87,5.12,85.4,28.24,-14.06,2.34,0,-,0.65,4,20.56,110.84,-5.79,-35.2,24,1.22,13.23,36,5.46,12.45,8.03,14.02,15.44,35.18,0.78,0.73,65.07,0,34.93,1493.68,9.02,1010,32.11,33,20.39,19.5,54.86,11.1,9.01,31.35,5.26,325.34,901.09,633.45,267.64,-6.59,14.08,14.5,51
Fri Nov 04 06:51:08 GMT-03:00 2022,04-Nov-2022 06:51:09.082,-35.2047092802914,-5.793462027131435,9.904638290405273,4.0,20.785494278128013,112.07472229003906,-1.92,5.66,8.16,0.04,17.65,-0.07,0.04,0,-0.07,21.18,10.98,14.7,22.35,96,30.23,21.14,1011.46,14.65,659.1,1,287.8,342.43,228.54,1919,0,84,3.51,58.04,43.14,1647,22.35,0.87,4.27,71.2,28.24,-14.06,0.78,1.56,-,0.65,4,20.79,112.07,-5.79,-35.2,18,1.89,4.71,36,7.72,12.45,8.03,11.69,21.82,35.18,0.18,0.72,65.11,0,34.89,1499.56,7.84,1012,35.66,34,18.82,20,20.38,11.09,9.01,31.34,5.26,325.35,902.09,634.44,267.64,-8.06,14.06,14.4,49
Fri Nov 04 06:51:09 GMT-03:00 2022,04-Nov-2022 06:51:10.081,-35.204628191285614,-5.793496230586654,10.095458984375,4.0,20.920023925544776,112.82818603515625,-0.47,5.11,7.81,-0.04,14.12,-0.05,-0.08,-0.08,0,14.9,7.45,14.7,22.35,96,30.24,21.16,1011.42,14.65,659.1,1,287.64,224.04,228.54,1919,0,84,3.51,43.53,21.96,1493.5,22.35,0.87,2.88,48,28.24,-15.62,-3.12,-0.78,-,0.65,4,20.92,112.83,-5.79,-35.2,19,0.34,4.71,36,11.81,12.45,8.03,7.88,33.35,35.18,0.1,0.71,65.15,0,34.85,1503.9,4.31,1012,36.34,36,15.29,-1,20.38,11.09,9.01,31.34,5.27,325.35,903.1,635.45,267.64,-10.02,14.12,14.4,45
Fri Nov 04 06:51:10 GMT-03:00 2022,04-Nov-2022 06:51:11.085,-35.20455112759852,-5.793528688897955,9.289834976196289,4.0,21.00992857456687,112.96976470947266,-1.4,5.79,8.41,0.06,14.12,-0.06,-0.01,-0.09,0,14.9,7.45,14.7,22.35,96,30.25,21.18,1011.51,14.65,659.1,1,287.15,85.66,228.54,1919,0,84,3.51,18.82,21.96,1312.5,22.35,0.87,1.17,19.43,28.24,-15.62,-3.91,-0.78,-,0.65,4,21.01,112.97,-5.79,-35.2,18,3.34,4.71,36,30.88,12.45,8.03,3.19,87.23,35.18,0.1,0.71,65.19,0,34.81,1501.69,4.31,1014,33.44,33,15.29,-10,20.38,11.12,8.99,31.42,5.28,325.36,904.11,636.47,267.64,-12.58,14.12,14.4,37
Fri Nov 04 06:51:11 GMT-03:00 2022,04-Nov-2022 06:51:12.081,-35.204477770021875,-5.793559339041373,8.745387077331543,4.0,21.136285159870667,112.35154724121094,-0.38,5.56,8.24,0.03,12.94,-0.04,-0.08,-0.09,0.01,14.9,7.45,14.7,22.35,96,30.25,21.19,1011.51,14.65,660.6,1,286.66,82.02,228.55,1919,0,84,-,19.22,15.69,1017,22.35,0.87,1.02,17.06,28.24,-17.97,0,0,-,0.65,4,21.14,112.35,-5.79,-35.2,15,2.44,-,36,32.25,12.45,8.03,2.8,91.1,35.18,0.77,0.7,65.23,0,34.77,1499.08,2.75,1015,31.48,31,13.33,3.5,-,11.15,8.97,31.5,5.29,325.37,905.1,637.45,267.64,-12.58,14.12,14.4,31
Fri Nov 04 06:51:12 GMT-03:00 2022,04-Nov-2022 06:51:13.079,-35.20440393107823,-5.793588547440016,8.479819297790527,4.0,21.23205256892702,112.5439224243164,-0.53,5.13,8.2,-0,12.55,-0.1,0,-0.04,-0.07,14.9,7.45,18.54,22.35,95,30.25,21.21,1011.47,14.65,660.6,1.26,286.16,78.58,228.56,1919,0,84,-,27.84,16.86,923,22.35,0.87,0.92,15.35,28.24,-18.75,0,0,-,0.65,4,21.23,112.54,-5.79,-35.2,16,1.48,-,36,33.66,12.45,8.03,2.52,95.08,35.18,0.04,0.69,65.26,0,34.74,1497.22,2.35,1016,30.53,30,16.08,11,-,11.18,8.94,31.59,5.3,325.38,906.1,638.46,267.64,-12.25,14.12,14.3,28
Fri Nov 04 06:51:13 GMT-03:00 2022,04-Nov-2022 06:51:14.079,-35.204329332455316,-5.793621871048805,8.650480270385742,4.0,21.230614660166122,113.85952758789062,0.66,6.1,8.83,0.11,15.29,-0.03,0,0,-0.01,21.18,10.98,13.42,22.35,95,30.25,21.21,1011.5,14.65,660.6,0.91,285.93,191.4,234.92,1919,0,84,-,27.84,27.84,1477.5,22.35,0.88,2.17,36.18,29.02,-15.62,0,0,-,0.65,4,21.23,113.86,-5.79,-35.2,19,1.48,-,36,13.82,12.45,8.03,5.94,39.04,35.18,0.91,0.7,65.3,0,34.7,1497.22,5.1,1017,31.14,30,16.08,11,-,11.19,8.94,31.6,5.3,325.38,907.1,639.45,267.64,-8.42,14.12,14.3,31
Fri Nov 04 06:51:14 GMT-03:00 2022,04-Nov-2022 06:51:15.079,-35.20425627995485,-5.793654241098809,8.608070373535156,4.0,21.272489599794874,113.89083099365234,-2.67,4.99,10.05,0.19,15.29,0.13,0.11,0.07,0.11,21.18,10.98,13.79,22.35,95,30.25,21.22,1011.43,14.65,657.7,0.94,285.93,191.4,234.92,1919,0,84,-,29.8,27.84,1477.5,22.35,0.88,2.17,36.18,29.02,-16.41,0,0,-,0.65,4,21.27,113.89,-5.79,-35.2,17,1.14,-,36,13.82,12.45,8.03,5.94,39.04,35.18,0.86,0.9,65.34,0,34.66,1497.16,4.31,1017,30.99,30,15.29,9,-,11.19,8.94,31.6,5.3,325.38,908.1,640.46,267.64,-8.42,14.14,14.4,31
Fri Nov 04 06:51:15 GMT-03:00 2022,04-Nov-2022 06:51:16.082,-35.20418158466102,-5.793684385180605,8.733181953430176,4.0,21.43978373580292,112.62586975097656,-1.43,5.33,7.99,0,13.73,0.03,-0.06,0,0.06,14.9,7.45,14.63,22.35,95,30.25,21.23,1011.49,14.65,657.7,1,285.48,98.28,234.92,1919,0,84,-,21.57,22.35,1152,22.35,0.88,1.11,18.58,29.02,-17.97,0,0,-,0.65,4,21.44,112.63,-5.79,-35.2,17,0.99,-,36,26.91,12.45,8.03,3.05,76.03,35.18,0.86,0.89,65.38,0,34.62,1493.58,4.31,1019,31.44,30,13.33,10.5,-,11.21,8.92,31.66,5.31,325.39,909.09,641.45,267.64,-12.65,14.06,14.3,27
Fri Nov 04 06:51:16 GMT-03:00 2022,04-Nov-2022 06:51:17.081,-35.20411069049743,-5.793714266824862,8.520085334777832,4.0,21.461769854822897,111.7945327758789,-1.41,5.34,7.64,-0.03,13.73,0,-0.08,-0.03,0.02,14.9,7.45,14.7,22.35,95,30.24,21.24,1011.49,14.65,655.5,1,285.06,111.81,234.92,1919,0,84,-,27.84,23.53,1002.5,22.35,0.88,1.27,21.14,29.02,-17.97,-2.34,-3.12,-,0.65,4,21.46,111.79,-5.79,-35.2,17,1.44,-,36,23.66,12.45,8.03,3.47,66.82,35.18,0.87,0.92,65.42,0,34.58,1492.36,3.53,1020,30.67,30,13.33,6,-,11.22,8.91,31.71,5.31,325.39,910.1,642.46,267.64,-11.73,14.06,14.3,25
Fri Nov 04 06:51:17 GMT-03:00 2022,04-Nov-2022 06:51:18.081,-35.204042671728644,-5.793740960642169,8.09262466430664,4.0,21.537963667482362,111.2025375366211,0.14,3.5,10.14,0.11,13.33,-0.02,-0.13,-0.13,0.05,14.9,7.45,14.7,22.35,95,30.24,21.25,1011.53,14.65,655.5,1,284.64,110.84,234.93,1919,0,84,-,28.24,21.96,925,22.35,0.88,1.26,20.95,29.02,-17.97,-3.91,-3.12,-,0.65,4,21.54,111.2,-5.79,-35.2,17,2.67,-,36,23.86,12.45,8.03,3.44,67.41,35.18,0.87,0.92,65.46,0,34.54,1490.12,3.14,1021,29.13,28,13.73,6.5,-,11.24,8.9,31.75,5.34,325.4,911.09,643.45,267.64,-11.33,14.12,14.3,24
Fri Nov 04 06:51:18 GMT-03:00 2022,04-Nov-2022 06:51:19.082,-35.20398448302756,-5.79376302815365,7.004992485046387,4.0,21.536331505392166,110.99421691894531,-1.32,3.71,9.86,0.09,13.33,-0.05,-0.11,-0.19,0.05,14.9,7.45,14.7,22.35,95,30.24,21.25,1011.55,14.65,653.6,1,284.64,110.84,234.93,1919,0,84,-,28.24,23.14,925,22.35,0.88,1.26,20.95,29.02,-17.97,-3.91,-2.34,-,0.65,4,21.54,110.99,-5.79,-35.2,15,2.67,-,36,23.86,12.45,8.03,3.44,67.41,35.18,0.09,0.88,65.49,0,34.51,1485.48,3.14,1021,25.22,28,13.73,6.5,-,11.24,8.9,31.75,5.34,325.42,912.09,644.45,267.64,-11.33,14.12,14.3,24
Fri Nov 04 06:51:19 GMT-03:00 2022,04-Nov-2022 06:51:20.081,-35.203938799388084,-5.793778604878197,5.4152398109436035,4.0,21.463544946081385,110.9065933227539,0.06,3.83,8.8,-0.01,13.33,0,-0.06,-0.17,0.1,14.9,7.45,14.7,22.35,95,30.22,21.25,1011.6,14.65,653.6,1,284.24,116.69,238.11,1919,0,85,-,28.63,23.14,960.5,22.35,0.88,1.24,20.59,29.41,-17.97,-1.56,-1.56,-,0.65,4,21.46,110.91,-5.79,-35.2,18,6.22,-,36,22.67,12.46,8.03,3.38,64.03,35.18,0.81,0.83,65.53,0,34.47,1485.48,3.14,1022,19.49,19,13.73,5,-,11.26,8.88,31.8,5.34,325.42,913.09,645.45,267.64,-11.11,14.08,14.4,24
Fri Nov 04 06:51:20 GMT-03:00 2022,04-Nov-2022 06:51:21.082,-35.20391404026347,-5.793787710225384,3.600477933883667,4.0,21.45543448287376,110.92829895019531,-0.51,3.56,9.31,0.03,14.12,0.03,-0.05,-0.16,0.14,14.9,7.45,14.7,22.35,95,30.18,21.23,1011.61,14.65,651,1,283.98,173.49,238.11,1919,0,85,-,30.2,34.12,904.5,22.35,0.88,1.25,20.77,29.41,-17.19,-4.69,-4.69,-,0.65,4,21.46,110.93,-5.79,-35.2,17,7.49,-,36,15.25,12.46,8.03,3.41,43.07,35.18,0.62,0.82,65.57,0,34.43,1485.48,4.31,1023,12.96,12,14.51,17,-,11.26,8.88,31.81,5.34,325.42,914.09,646.45,267.64,-11.21,14.08,14.3,24
Fri Nov 04 06:51:21 GMT-03:00 2022,04-Nov-2022 06:51:22.082,-35.20390410880814,-5.793789342080285,1.4617258310317993,4.0,21.39801413398886,111.06710052490234,-0.51,5.37,8.17,0.01,13.33,0,-0.03,-0.01,0.01,14.9,7.45,14.7,22.35,95,30.14,21.21,1011.6,14.65,651,1,283.98,-,238.12,1919,0,85,-,38.43,34.12,924.5,22.35,0.88,1.59,26.56,29.41,-17.19,0,0,-,0.65,4,21.4,111.07,-5.79,-35.2,17,7.96,-,36,7.53,12.45,8.03,4.36,21.27,35.18,0.1,0.81,65.52,0,34.48,1484.83,3.53,1024,5.26,5,14.12,-1.5,-,11.26,8.88,31.8,5.34,325.42,915.09,647.45,267.64,-9.98,14.06,14.3,26
Fri Nov 04 06:51:22 GMT-03:00 2022,04-Nov-2022 06:51:23.082,-35.20389985945957,-5.793789316212265,0.4543728232383728,6.0,21.35287585839236,111.10220336914062,-0.72,5.54,8.17,0.02,13.33,0,-0.04,-0.02,0.02,14.9,7.45,14.7,22.35,95,30.14,21.18,1011.58,14.65,651,1,283.98,-,273.04,1919,0,85,-,29.8,23.92,775.5,22.35,0.88,1.05,17.54,33.73,-17.19,0,0,-,0.65,6,21.35,111.1,-5.79,-35.2,16,5.26,-,36,4.75,12.45,8.03,2.88,13.42,35.18,0.1,0.81,65.45,0,34.55,1484.83,3.53,1026,1.64,0,14.12,-1.5,-,11.25,8.89,31.77,5.34,325.42,916.09,648.34,267.75,-11.63,14.06,14.3,24
Fri Nov 04 06:51:23 GMT-03:00 2022,04-Nov-2022 06:51:24.082,-35.20389985945957,-5.793789316212265,0.08878156542778015,6.0,21.389506474463378,111.1478500366211,-0.63,5.48,8.01,0,12.94,0,-0.05,0,0,14.9,7.45,14.7,22.35,95,30.14,21.16,1011.57,14.65,647.9,1,283.98,-,273.03,1919,0,85,-,29.8,23.92,775,22.35,0.88,1.05,17.42,33.73,-17.97,-2.34,-3.12,-,0.65,6,21.39,111.15,-5.79,-35.2,15,1.64,-,36,0,12.45,8.03,2.86,0,35.18,0.74,0.8,65.38,0,34.62,1484.83,2.75,1027,0.32,0,13.33,5,-,11.25,8.89,31.77,5.34,325.42,917.08,648.34,268.74,-11.08,14.08,14.3,24
Fri Nov 04 06:51:24 GMT-03:00 2022,04-Nov-2022 06:51:25.082,-35.20389985945957,-5.793789316212265,0.11821994930505753,6.0,21.483573712854895,111.18199920654297,-0.73,5.49,8.11,0.01,12.94,0,-0.04,0,0,14.9,7.45,14.7,22.35,95,30.14,21.13,1011.59,14.65,647.9,1,283.98,-,273.03,1919,0,85,-,29.8,23.92,806,22.35,0.88,1.07,17.91,33.73,-17.97,3.12,0.78,-,0.65,6,21.48,111.18,-5.79,-35.2,17,0.32,-,36,0,12.45,8.03,2.94,0,35.18,0.09,0.79,65.3,0,34.7,1484.83,3.14,1028,0.43,0,13.33,5,-,11.25,8.89,31.77,5.34,325.42,918.1,648.34,269.76,-10.98,14.14,14.4,24
Fri Nov 04 06:51:25 GMT-03:00 2022,04-Nov-2022 06:51:26.084,-35.20389985945957,-5.793789316212265,0.010669451206922531,6.0,21.52442506542643,111.20692443847656,-0.65,5.45,8.01,0,12.94,0,-0.05,0,0,14.9,7.45,14.7,22.35,95,30.14,21.13,1011.58,14.65,647.9,1,283.98,-,273.03,1919,0,85,-,29.8,23.53,806,22.35,0.88,1.07,17.91,33.73,-18.75,3.12,3.12,-,0.65,6,21.52,111.21,-5.79,-35.2,15,0.32,-,36,0,12.45,8.03,2.94,0,35.18,0.1,0.79,65.23,0,34.77,1484.83,3.14,1029,0.04,0,13.33,4.5,-,11.25,8.89,31.77,5.34,325.42,919.11,648.34,270.77,-10.98,14.12,14.4,24
Fri Nov 04 06:51:26 GMT-03:00 2022,04-Nov-2022 06:51:27.082,-35.20389985945957,-5.793789316212265,0.009241187945008278,6.0,21.528649975256812,111.21936798095703,-0.66,5.46,8.02,0,12.94,0,-0.05,0,0.01,14.9,7.45,14.7,22.35,95,30.14,21.1,1011.58,14.65,647.9,1,283.98,-,266.68,1919,0,85,-,29.41,23.53,805,22.35,0.88,1.07,17.91,32.94,-18.75,3.91,3.12,-,0.65,6,21.53,111.22,-5.79,-35.2,16,0.04,-,36,0,12.45,8.03,2.94,0,35.18,0.81,0.78,65.16,0,34.84,1484.83,3.14,1029,0.03,0,13.33,4.5,-,11.25,8.89,31.77,5.34,325.42,920.09,648.34,271.75,-11.12,14.12,14.4,24
Fri Nov 04 06:51:27 GMT-03:00 2022,04-Nov-2022 06:51:28.081,-35.20389985945957,-5.793789316212265,0.007100125774741173,6.0,21.577082192399235,111.24642944335938,-0.64,5.4,8.01,-0,12.94,0,-0.04,0,0,14.9,7.45,14.7,22.35,95,30.14,21.07,1011.58,14.65,644.9,1,283.98,-,260.33,1919,0,85,-,29.8,23.14,777,22.35,0.88,1.05,17.54,32.16,-18.75,0.78,0,-,0.65,6,21.58,111.25,-5.79,-35.2,17,0.03,-,36,0,12.45,8.03,2.88,0,35.18,0.77,0.78,65.09,0,34.91,1484.83,2.75,1031,0.03,0,13.33,4.5,-,11.25,8.89,31.77,5.34,325.42,921.1,648.34,272.76,-11.18,14.12,14.3,24
Fri Nov 04 06:51:28 GMT-03:00 2022,04-Nov-2022 06:51:29.081,-35.20389985945957,-5.793789316212265,0.005644230637699366,6.0,21.606580870087296,111.2692642211914,-0.68,5.43,8.04,0,12.94,0,-0.04,0,0,14.9,7.45,14.7,22.35,95,30.14,21.04,1011.57,14.65,644.9,1,283.98,-,260.33,1919,0,85,-,29.8,23.53,781,22.35,0.88,1.05,17.54,32.16,-18.75,-1.56,0.78,-,0.65,6,21.61,111.27,-5.79,-35.2,17,0.03,-,37,0,12.45,8.03,2.88,0,35.18,0.2,0.77,65.02,0,34.98,1484.83,2.75,1032,0.02,0,13.33,4.5,-,11.24,8.89,31.76,5.34,325.42,922.09,648.34,273.75,-11.06,14.12,14.4,24
Fri Nov 04 06:51:29 GMT-03:00 2022,04-Nov-2022 06:51:30.082,-35.20389985945957,-5.793789316212265,0.0070235105231404305,6.0,21.62663910432901,111.29412078857422,-0.69,5.47,8.02,0,13.33,0,-0.05,0,0,14.9,7.45,14.7,22.35,95,30.14,21.04,1011.58,14.65,643.3,1,283.98,-,257.16,1919,0,86,-,29.8,25.49,781,22.35,0.88,1.24,20.59,31.76,-18.75,-1.56,0.78,-,0.65,6,21.63,111.29,-5.79,-35.2,15,0.03,-,37,0,12.45,8.03,3.38,0,35.18,0.2,0.77,64.95,0,35.05,1484.83,3.53,1033,0.03,0,13.33,4.5,-,11.24,8.89,31.76,5.34,325.42,923.09,648.34,274.75,-10.45,14.12,14.4,25
Fri Nov 04 06:51:30 GMT-03:00 2022,04-Nov-2022 06:51:31.082,-35.20389985945957,-5.793789316212265,0.030214685946702957,6.0,21.62030100413068,111.31310272216797,-0.6,5.53,8.09,0.01,13.33,0,-0.04,0,0,14.9,7.45,14.7,22.35,95,30.14,21.01,1011.57,14.65,641.5,1,283.98,-,257.16,1919,0,86,-,36.47,25.49,832,22.35,0.88,1.24,20.59,31.76,-17.19,5.47,5.47,-,0.65,6,21.62,111.31,-5.79,-35.2,18,0.03,-,37,0,12.45,8.03,3.38,0,35.18,0.76,0.77,64.88,0,35.12,1484.83,3.53,1033,0.11,0,13.73,3.5,-,11.24,8.89,31.76,5.34,325.42,924.11,648.34,275.77,-10.45,13.1,13.4,25
Fri Nov 04 06:51:31 GMT-03:00 2022,04-Nov-2022 06:51:32.082,-35.20389985945957,-5.793789316212265,0.020218409597873688,6.0,21.610127856398456,111.33328247070312,-0.63,5.52,8.11,0.01,13.73,-0.01,-0.05,-0.01,0,14.9,7.45,14.7,22.35,95,30.14,20.99,1011.58,14.65,641.5,1,283.98,-,260.33,1919,0,86,-,39.22,30.2,764,22.35,0.88,1.37,22.78,32.16,-17.19,2.34,1.56,-,0.65,6,21.61,111.33,-5.79,-35.2,17,0.11,-,37,0,12.45,8.03,3.74,0,35.18,0.82,0.77,64.81,0,35.19,1484.83,3.53,1035,0.07,0,13.73,3.5,-,11.24,8.89,31.76,5.34,325.42,925.08,648.34,276.74,-10.28,14.08,14.3,26
Fri Nov 04 06:51:32 GMT-03:00 2022,04-Nov-2022 06:51:33.081,-35.20389985945957,-5.793789316212265,0.01233255211263895,6.0,21.642627968681644,111.35246276855469,-0.57,5.48,8.04,0,13.33,0,-0.05,0,0,14.9,7.45,14.7,22.35,95,30.14,20.96,1011.58,14.65,641.5,1,283.98,-,260.33,1919,0,86,-,38.82,30.59,787.5,22.35,0.88,1.42,23.63,32.16,-17.19,-0.78,-1.56,-,0.65,6,21.64,111.35,-5.79,-35.2,18,0.07,-,37,0,12.45,8.03,3.88,0,35.18,0.72,0.78,64.74,0,35.26,1484.83,3.53,1036,0.04,0,14.12,3.5,-,11.24,8.89,31.76,5.34,325.42,926.11,648.34,277.77,-9.72,14.12,14.3,28
Fri Nov 04 06:51:33 GMT-03:00 2022,04-Nov-2022 06:51:34.081,-35.20389985945957,-5.793789316212265,0.006914697587490082,6.0,21.65648644591816,111.36767578125,-0.58,5.46,7.96,-0,13.73,0,-0.05,0,0.01,14.9,7.45,14.7,22.35,95,30.14,20.93,1011.58,14.65,639.7,1,283.98,-,260.33,1919,0,86,-,38.82,30.59,781.5,22.35,0.88,1.39,23.15,32.16,-17.19,0.78,-1.56,-,0.66,6,21.66,111.37,-5.79,-35.2,18,0.04,-,37,0,12.45,8.03,3.8,0,35.18,0.72,0.78,64.67,0,35.33,1484.83,3.53,1037,0.02,0,13.73,3.5,-,11.24,8.9,31.76,5.34,325.42,927.1,648.34,278.76,-9.96,14.08,14.3,29
Fri Nov 04 06:51:34 GMT-03:00 2022,04-Nov-2022 06:51:35.082,-35.20389985945957,-5.793789316212265,0.005602582823485136,4.0,21.67993130669519,111.39359283447266,-0.61,5.56,8.11,0.02,13.73,0,-0.04,0,0,14.9,7.45,14.7,22.35,95,30.14,20.93,1011.55,14.65,638.5,1,283.98,-,260.33,1919,0,86,-,38.82,30.2,781.5,22.35,0.88,1.39,23.15,32.16,-17.19,0.78,2.34,-,0.66,4,21.68,111.39,-5.79,-35.2,18,0.04,-,37,0,12.45,8.03,3.8,0,35.18,0.13,0.83,64.6,0,35.4,1484.83,3.53,1037,0.02,0,13.73,3.5,-,11.24,8.9,31.76,5.34,325.42,928.09,648.34,279.75,-9.96,14.08,14.3,29
Fri Nov 04 06:51:35 GMT-03:00 2022,04-Nov-2022 06:51:36.082,-35.20389985945957,-5.793789316212265,0.009076064452528954,4.0,21.71333440935449,111.41674041748047,-0.56,5.49,7.99,0,13.73,0,-0.05,0,0.01,14.9,7.45,14.7,22.35,95,30.14,20.9,1011.56,14.65,638.5,1,283.98,-,263.51,1919,0,86,-,38.04,30.59,792,22.35,0.89,1.37,22.78,32.55,-17.19,0,-0.78,-,0.66,4,21.71,111.42,-5.79,-35.2,17,0.02,-,38,0,12.45,8.03,3.74,0,35.18,0.76,0.82,64.53,0,35.47,1484.83,3.53,1038,0.03,0,14.12,3.5,-,11.24,8.9,31.75,5.34,325.42,929.09,648.34,280.74,-10,14.08,14.3,29
Fri Nov 04 06:51:36 GMT-03:00 2022,04-Nov-2022 06:51:37.083,-35.20389985945957,-5.793789316212265,0.007776966784149408,4.0,21.755848703573943,111.43231201171875,-0.66,5.48,8,0,12.94,0,-0.05,0,0.01,14.9,7.45,14.7,22.35,95,30.14,20.88,1011.59,14.65,637.1,1,283.98,-,263.5,1919,0,86,-,38.82,25.88,783.5,22.35,0.89,1.39,23.15,32.55,-17.19,-0.78,-0.78,-,0.66,4,21.76,111.43,-5.79,-35.2,18,0.03,-,38,0,12.45,8.03,3.8,0,35.18,0.12,0.81,64.46,0,35.54,1484.83,2.75,1039,0.03,0,13.73,-1.5,-,11.24,8.9,31.75,5.34,325.42,930.11,648.34,281.77,-9.97,14.08,14.4,30
Fri Nov 04 06:51:37 GMT-03:00 2022,04-Nov-2022 06:51:38.083,-35.20389985945957,-5.793789316212265,0.012840465642511845,4.0,21.796973108612555,111.44964599609375,-0.56,5.47,8.05,0.01,12.55,0,-0.06,0,0,14.9,7.45,14.7,22.35,95,30.14,20.85,1011.57,14.65,637.1,1,283.98,-,263.5,1919,0,86,-,29.02,25.88,809.5,22.35,0.89,0.95,15.9,32.55,-18.75,0.78,-0.78,-,0.66,4,21.8,111.45,-5.79,-35.2,18,0.03,-,38,0,12.45,8.03,2.61,0,35.18,0.82,0.81,64.39,0,35.61,1484.83,2.75,1040,0.05,0,12.94,4.5,-,11.24,8.9,31.75,5.34,325.42,931.09,648.34,282.75,-11.4,14.14,14.4,28
Fri Nov 04 06:51:38 GMT-03:00 2022,04-Nov-2022 06:51:39.081,-35.20389985945957,-5.793789316212265,0.012462930753827095,4.0,21.806301857865847,111.46842956542969,-0.57,5.46,8.04,0,12.55,0,-0.06,0,0,14.9,7.45,14.7,22.35,95,30.14,20.82,1011.58,14.65,637.1,1,283.98,-,263.5,1919,0,86,-,29.02,22.75,754,22.35,0.89,0.99,16.57,32.55,-18.75,-5.47,-0.78,-,0.66,4,21.81,111.47,-5.79,-35.2,18,0.05,-,38,0,12.45,8.03,2.72,0,35.18,0.82,0.81,64.32,0,35.68,1484.83,2.75,1042,0.04,0,12.94,4.5,-,11.24,8.9,31.75,5.34,325.42,932.1,648.34,283.76,-11.37,14.14,14.4,26
Fri Nov 04 06:51:39 GMT-03:00 2022,04-Nov-2022 06:51:40.081,-35.20389985945957,-5.793789316212265,0.011960535310208797,4.0,21.847983733485954,111.48683166503906,-0.58,5.48,7.99,0,12.94,0,-0.05,0,0.01,14.9,7.45,14.7,22.35,95,30.14,20.79,1011.6,14.65,635.6,1,283.98,-,263.5,1919,0,86,-,29.8,23.53,761.5,22.35,0.89,1.01,16.87,32.55,-18.75,-5.47,-3.12,-,0.66,4,21.85,111.49,-5.79,-35.2,18,0.04,-,38,0,12.45,8.03,2.77,0,35.18,0.21,0.81,64.26,0,35.74,1484.83,2.75,1043,0.04,0,13.33,6.5,-,11.24,8.9,31.75,5.34,325.42,933.09,648.34,284.75,-11.07,14.14,14.3,26
Fri Nov 04 06:51:40 GMT-03:00 2022,04-Nov-2022 06:51:41.082,-35.20389985945957,-5.793789316212265,0.009970461018383503,4.0,21.893689369774187,111.5043716430664,-0.61,5.5,8.04,0.01,12.94,0,-0.05,0,0,14.9,7.45,14.7,22.35,95,30.14,20.77,1011.54,14.65,635.6,1,283.98,-,263.5,1919,0,86,-,29.02,23.14,774.5,22.35,0.89,1.01,16.87,32.55,-18.75,1.56,0,-,0.66,4,21.89,111.5,-5.79,-35.2,19,0.04,-,38,0,12.45,8.03,2.77,0,35.18,0.09,0.83,64.19,0,35.81,1484.83,2.75,1044,0.04,0,12.94,4.5,-,11.24,8.9,31.74,5.34,325.42,934.09,648.34,285.75,-11.1,14.12,14.4,25
Fri Nov 04 06:51:41 GMT-03:00 2022,04-Nov-2022 06:51:42.081,-35.20389985945957,-5.793789316212265,0.010026196949183941,4.0,21.906257201156347,111.51673126220703,-0.7,5.51,8.12,0.01,12.94,0,-0.04,0,0,14.9,7.45,14.7,22.35,95,30.14,20.77,1011.54,14.65,635.6,1,283.98,-,263.5,1919,0,86,-,29.02,23.14,774.5,22.35,0.89,1.01,16.87,32.55,-18.75,1.56,2.34,-,0.66,4,21.91,111.52,-5.79,-35.2,19,0.04,-,38,0,12.45,8.03,2.77,0,35.18,0.73,0.84,64.12,0,35.88,1484.83,2.75,1045,0.04,0,13.33,4.5,-,11.24,8.9,31.74,5.34,325.42,935.09,648.34,286.75,-11.1,14.12,14.4,25
Fri Nov 04 06:51:42 GMT-03:00 2022,04-Nov-2022 06:51:43.081,-35.20389985945957,-5.793789316212265,0.02522788755595684,4.0,21.851093751649877,111.54100036621094,-0.64,5.44,7.97,-0,12.94,0,-0.05,0,0.01,14.9,7.45,14.7,22.35,95,30.14,20.74,1011.58,14.65,635.6,1,283.98,-,263.5,1919,0,86,-,30.59,23.14,767,22.35,0.89,1.01,16.87,32.55,-17.97,-3.12,-3.91,-,0.66,4,21.85,111.54,-5.79,-35.2,17,0.04,-,38,0,12.45,8.03,2.77,0,35.18,0.58,0.82,64.05,0,35.95,1484.83,2.75,1045,0.09,0,13.33,0.5,-,11.24,8.9,31.74,5.34,325.42,936.09,648.34,287.75,-11.16,14.14,14.4,25
Fri Nov 04 06:51:43 GMT-03:00 2022,04-Nov-2022 06:51:44.082,-35.20389985945957,-5.793789316212265,0.017906203866004944,4.0,21.873500393866784,111.55899047851562,-0.56,5.52,8.01,0.01,13.33,0,-0.06,0,0,14.9,7.45,14.7,22.35,95,30.14,20.71,1011.58,14.65,633.5,1,283.98,-,263.5,1919,0,86,-,40,25.88,733.5,22.35,0.89,1.44,24,32.55,-17.97,0.78,1.56,-,0.66,4,21.87,111.56,-5.79,-35.2,18,0.09,-,38,0,12.45,8.03,3.94,0,35.18,0.09,0.82,63.98,0,36.02,1484.83,3.14,1047,0.06,0,14.51,4.5,-,11.24,8.9,31.74,5.34,325.42,937.09,648.34,288.75,-9.64,13.92,14.4,27
Fri Nov 04 06:51:44 GMT-03:00 2022,04-Nov-2022 06:51:45.082,-35.20389985945957,-5.793789316212265,0.01271586399525404,4.0,21.91526317220135,111.56934356689453,-0.68,5.54,8.13,0.02,13.33,0,-0.03,0,0,14.9,7.45,14.7,22.35,95,30.14,20.68,1011.55,14.65,633.5,1,283.98,-,263.5,1919,0,86,-,38.43,30.98,804,22.35,0.89,1.38,22.96,32.55,-17.19,0.78,0,-,0.66,4,21.92,111.57,-5.79,-35.2,19,0.06,-,39,0,12.45,8.03,3.77,0,35.18,0.76,0.81,63.91,0,36.09,1484.83,3.53,1048,0.05,0,14.12,3.5,-,11.24,8.9,31.74,5.34,325.42,938.1,648.34,289.76,-9.64,14.04,14.4,28
Fri Nov 04 06:51:45 GMT-03:00 2022,04-Nov-2022 06:51:46.082,-35.20389985945957,-5.793789316212265,0.010327520780265331,4.0,21.910730657048372,111.57489013671875,-0.73,5.47,8.07,0.01,13.73,0,-0.04,0,0,14.9,7.45,14.7,22.35,95,30.14,20.68,1011.57,14.65,631.7,1,283.98,-,263.5,1919,0,86,-,38.43,30.59,804,22.35,0.89,1.38,22.96,32.55,-17.19,0.78,0,-,0.66,4,21.91,111.57,-5.79,-35.2,19,0.06,-,39,0,12.45,8.03,3.77,0,35.18,0.76,0.81,63.84,0,36.16,1484.83,3.53,1049,0.04,0,14.12,3.5,-,11.24,8.9,31.74,5.34,325.42,939.09,648.34,290.75,-9.64,14.04,14.3,28
Fri Nov 04 06:51:46 GMT-03:00 2022,04-Nov-2022 06:51:47.081,-35.20389985945957,-5.793789316212265,0.007655196823179722,4.0,21.93852571512154,111.5943374633789,-0.71,5.44,8.04,0,13.73,0,-0.04,0,0,14.9,7.45,14.7,22.35,95,30.14,20.66,1011.57,14.65,631.7,1,283.98,-,263.5,1919,0,86,-,38.82,30.59,773.5,22.35,0.89,1.37,22.78,32.55,-17.19,0.78,1.56,-,0.66,4,21.94,111.59,-5.79,-35.2,19,0.04,-,39,0,12.45,8.03,3.74,0,35.18,0.1,0.8,63.78,0,36.22,1484.83,3.53,1049,0.03,0,13.73,3,-,11.23,8.9,31.74,5.34,325.42,940.08,648.34,291.74,-10.1,14.08,14.3,29
Fri Nov 04 06:51:47 GMT-03:00 2022,04-Nov-2022 06:51:48.081,-35.20389985945957,-5.793789316212265,0.009039471857249737,4.0,21.959751127994064,111.60855865478516,-0.71,5.52,8.16,0.02,13.33,0,-0.04,0,0,14.9,7.45,14.7,22.35,95,30.14,20.63,1011.58,14.65,630.6,1,283.98,-,263.5,1919,0,86,-,38.43,30.59,789.5,22.35,0.89,1.37,22.78,32.55,-17.19,3.91,3.91,-,0.66,4,21.96,111.61,-5.79,-35.2,18,0.03,-,39,0,12.45,8.03,3.74,0,35.18,0.79,0.79,63.71,0,36.29,1484.83,3.53,1051,0.03,0,13.73,3.5,-,11.23,8.9,31.73,5.34,325.42,941.09,648.34,292.75,-9.92,14.08,14.3,30
Fri Nov 04 06:51:48 GMT-03:00 2022,04-Nov-2022 06:51:49.082,-35.20389985945957,-5.793789316212265,0.012814891524612904,4.0,22.009736322145866,111.61823272705078,-0.61,5.47,8.05,0.01,13.73,0,-0.04,0,0,14.9,7.45,14.7,22.35,95,30.14,20.6,1011.6,14.65,630.6,1,283.98,-,263.5,1919,0,86,-,38.82,30.2,787,22.35,0.89,1.39,23.15,32.55,-17.19,-0.78,-1.56,-,0.66,4,22.01,111.62,-5.79,-35.2,18,0.03,-,39,0,12.45,8.03,3.8,0,35.18,0.71,0.79,63.64,0,36.36,1484.83,3.53,1052,0.05,0,14.12,3,-,11.23,8.9,31.73,5.34,325.42,942.09,648.34,293.75,-9.94,14.08,14.3,30
Fri Nov 04 06:51:49 GMT-03:00 2022,04-Nov-2022 06:51:50.084,-35.20389985945957,-5.793789316212265,0.009513136930763721,4.0,21.98387732316769,111.62786102294922,-0.65,5.47,8.07,0.01,13.33,0,-0.05,0,0,14.9,7.45,14.7,22.35,95,30.14,20.58,1011.57,14.65,629.1,1,283.98,-,263.5,1919,0,85,-,38.82,30.59,771.5,22.35,0.89,1.37,22.78,32.55,-17.19,-0.78,-1.56,-,0.66,4,21.98,111.63,-5.79,-35.2,18,0.05,-,39,0,12.45,8.03,3.74,0,35.18,0.71,0.79,63.57,0,36.43,1484.83,3.53,1053,0.03,0,14.12,3,-,11.23,8.9,31.73,5.34,325.42,943.1,648.34,294.76,-10,14.08,14.4,30
Fri Nov 04 06:51:50 GMT-03:00 2022,04-Nov-2022 06:51:51.081,-35.20389985945957,-5.793789316212265,0.0,4.0,21.948259446780504,111.6487808227539,-0.61,5.49,8.07,0.01,13.33,0,-0.04,0,0.01,14.9,7.45,14.7,22.35,95,30.14,20.58,1011.6,14.65,628.1,1,283.98,-,263.5,1919,0,85,-,38.43,30.59,771.5,22.35,0.89,1.37,22.78,32.55,-17.19,1.56,3.12,-,0.66,4,21.95,111.65,-5.79,-35.2,18,0.05,-,39,0,12.45,8.03,3.74,0,35.18,0.76,0.78,63.51,0,36.49,1484.83,3.53,1053,0,0,13.73,3.5,-,11.23,8.9,31.73,5.34,325.42,944.09,648.34,295.75,-10,14.06,14.3,30
Fri Nov 04 06:51:51 GMT-03:00 2022,04-Nov-2022 06:51:52.081,-35.20389985945957,-5.793789316212265,0.0,4.0,22.00987693729695,111.6699447631836,-0.56,5.47,8.04,0,13.33,0,-0.04,0,0,14.9,7.45,14.7,22.35,95,30.14,20.55,1011.59,14.65,628.1,1,283.98,-,263.5,1919,0,85,-,32.16,29.8,798,22.35,0.89,1.05,17.42,32.55,-18.75,-0.78,-0.78,-,0.66,4,22.01,111.67,-5.79,-35.2,18,0,-,39,0,12.45,8.03,2.86,0,35.18,0.83,0.78,63.44,0,36.56,1484.83,3.53,1055,0,0,12.94,1.5,-,11.23,8.9,31.73,5.34,325.42,945.09,648.34,296.75,-11.02,14.16,14.4,29
Fri Nov 04 06:51:52 GMT-03:00 2022,04-Nov-2022 06:51:53.081,-35.20389985945957,-5.793789316212265,0.0,4.0,22.015967727365314,111.68510437011719,-0.6,5.46,8.04,0,12.94,0,-0.05,0,0,14.9,7.45,14.7,22.35,95,30.14,20.52,1011.6,14.65,627.2,1,283.98,-,263.5,1919,0,85,-,29.02,23.14,743.5,22.35,0.89,0.98,16.39,32.55,-18.75,-3.12,-3.91,-,0.66,4,22.02,111.69,-5.79,-35.2,18,0,-,39,0,12.45,8.03,2.69,0,35.18,0.79,0.79,63.37,0,36.63,1484.83,2.75,1056,0,0,12.94,8,-,11.23,8.9,31.73,5.34,325.42,946.09,648.34,297.75,-11.35,14.14,14.4,27
Fri Nov 04 06:51:53 GMT-03:00 2022,04-Nov-2022 06:51:54.082,-35.20389985945957,-5.793789316212265,0.0010258968686684966,4.0,22.02067986808494,111.69722747802734,-0.61,5.44,8.01,0,12.94,-0.01,-0.04,0,0,14.9,7.45,14.7,22.35,95,30.14,20.5,1011.58,14.65,627.2,1,283.98,-,263.5,1919,0,85,-,29.8,23.14,741.5,22.35,0.89,1,16.69,32.55,-18.75,-2.34,-3.91,-,0.66,4,22.02,111.7,-5.79,-35.2,18,0,-,39,0,12.45,8.03,2.74,0,35.18,0.79,0.79,63.31,0,36.69,1484.83,2.75,1057,0,0,12.94,6.5,-,11.23,8.9,31.72,5.34,325.42,947.09,648.34,298.75,-11.05,14.12,14.4,26
Fri Nov 04 06:51:54 GMT-03:00 2022,04-Nov-2022 06:51:55.082,-35.20389985945957,-5.793789316212265,0.008876358158886433,4.0,22.00719879646289,111.70840454101562,-0.56,5.48,8.06,0.01,12.94,0,-0.04,0,0,14.9,7.45,14.7,22.35,95,30.14,20.5,1011.57,14.65,626.4,1,283.98,-,263.5,1919,0,85,-,29.8,23.14,741.5,22.35,0.89,1,16.69,32.55,-18.75,-2.34,-1.56,-,0.66,4,22.01,111.71,-5.79,-35.2,18,0,-,39,0,12.45,8.03,2.74,0,35.18,0.09,0.83,63.24,0,36.76,1484.83,2.75,1057,0.03,0,12.94,6.5,-,11.23,8.9,31.72,5.34,325.42,948.09,648.34,299.75,-11.05,14.12,14.4,26
Fri Nov 04 06:51:55 GMT-03:00 2022,04-Nov-2022 06:51:56.083,-35.20389985945957,-5.793789316212265,0.007081528659909964,4.0,22.03708989244974,111.72563171386719,-0.65,5.53,8.06,0.01,12.94,0,-0.05,0,0,14.9,7.45,14.7,22.35,95,30.14,20.47,1011.58,14.65,626.4,1,283.98,-,263.5,1919,0,85,-,29.02,22.75,772.5,22.35,0.89,1,16.69,32.55,-18.75,2.34,2.34,-,0.66,4,22.04,111.73,-5.79,-35.2,17,0.03,-,39,0,12.45,8.03,2.74,0,35.18,0.76,0.84,63.17,0,36.83,1484.83,2.75,1058,0.03,0,13.33,6,-,11.23,8.9,31.72,5.34,325.42,949.09,648.34,300.75,-11.04,14.14,14.4,26
Fri Nov 04 06:51:56 GMT-03:00 2022,04-Nov-2022 06:51:57.083,-35.20389985945957,-5.793789316212265,0.007854532450437546,4.0,22.070419855567547,111.7379150390625,-0.55,5.51,8.03,0.01,12.94,0,-0.04,0,0,14.9,7.45,14.7,22.35,95,30.14,20.44,1011.58,14.65,625.3,1,283.98,-,263.5,1919,0,85,-,29.02,23.53,773.5,22.35,0.89,1,16.69,32.55,-18.75,-1.56,-2.34,-,0.66,4,22.07,111.74,-5.79,-35.2,17,0.03,-,39,0,12.45,8.03,2.74,0,35.18,0.74,0.83,63.11,0,36.89,1484.83,2.75,1059,0.03,0,12.94,5,-,11.23,8.91,31.72,5.34,325.42,950.09,648.34,301.75,-11.18,14.12,14.4,25
Fri Nov 04 06:51:57 GMT-03:00 2022,04-Nov-2022 06:51:58.081,-35.20389985945957,-5.793789316212265,0.01389155164361,4.0,21.98403972938813,111.75279998779297,-0.63,5.53,8.1,0.01,12.94,0,-0.05,0,0.01,14.9,7.45,14.7,22.35,95,30.14,20.42,1011.61,14.65,625.3,1,283.98,-,263.5,1919,0,85,-,29.8,23.53,752,22.35,0.9,1.01,16.87,32.55,-18.75,-0.78,0,-,0.66,4,21.98,111.75,-5.79,-35.2,17,0.03,-,39,0,12.45,8.03,2.77,0,35.18,0.09,0.82,63.04,0,36.96,1484.83,2.75,1060,0.05,0,13.33,3.5,-,11.23,8.91,31.72,5.34,325.42,951.1,648.34,302.76,-11.15,14.16,14.4,25
Fri Nov 04 06:51:58 GMT-03:00 2022,04-Nov-2022 06:51:59.081,-35.20389985945957,-5.793789316212265,0.016445213928818703,6.0,21.99830396291138,111.76542663574219,-0.56,5.56,7.98,0,13.73,0,-0.04,0,0,14.9,7.45,14.7,22.35,95,30.14,20.42,1011.61,14.65,624.2,1,283.98,-,263.5,1919,0,85,-,29.8,30.59,752,22.35,0.9,1.01,16.87,32.55,-17.97,-0.78,0,-,0.66,6,22,111.77,-5.79,-35.2,16,0.03,-,39,0,12.45,8.03,2.77,0,35.18,0.09,0.82,62.97,0,37.03,1484.83,3.53,1062,0.06,0,13.33,3.5,-,11.23,8.91,31.72,5.34,325.42,952.09,648.34,303.75,-11.15,14.16,14.4,25
Fri Nov 04 06:51:59 GMT-03:00 2022,04-Nov-2022 06:52:00.081,-35.20389985945957,-5.793789316212265,0.009941460564732552,6.0,22.00903339505741,111.78441619873047,-0.61,5.46,8.06,0.01,13.33,0,-0.04,0,0,14.9,7.45,14.7,22.35,95,30.14,20.39,1011.59,14.65,624.2,1,283.98,-,263.5,1919,0,85,-,38.82,30.59,794,22.35,0.9,1.4,23.33,32.55,-17.19,4.69,4.69,-,0.66,6,22.01,111.78,-5.79,-35.2,17,0.06,-,39,0,12.45,8.03,3.83,0,35.18,0.81,0.81,62.91,0,37.09,1484.83,3.53,1062,0.04,0,14.12,3.5,-,11.23,8.91,31.72,5.34,325.42,953.1,648.34,304.76,-9.67,13.94,14.4,27
Fri Nov 04 06:52:00 GMT-03:00 2022,04-Nov-2022 06:52:01.081,-35.20389985945957,-5.793789316212265,0.00979008898139,6.0,21.991242300413546,111.78904724121094,-0.68,5.51,8.11,0.01,13.73,0,-0.05,0,0.01,14.9,7.45,14.7,22.35,95,30.14,20.36,1011.59,14.65,622.5,1,283.98,-,263.5,1919,0,85,-,38.82,30.98,777.5,22.35,0.9,1.37,22.78,32.55,-17.19,-0.78,-0.78,-,0.66,6,21.99,111.79,-5.79,-35.2,16,0.04,-,39,0,12.45,8.03,3.74,0,35.18,0.79,0.8,62.84,0,37.16,1484.83,3.53,1063,0.04,0,13.73,3.5,-,11.23,8.91,31.71,5.34,325.42,954.1,648.34,305.76,-10.04,14.04,14.4,28
Fri Nov 04 06:52:01 GMT-03:00 2022,04-Nov-2022 06:52:02.081,-35.20389985945957,-5.793789316212265,0.008704912848770618,6.0,22.021058813271157,111.80484008789062,-0.6,5.49,8.05,0.01,13.73,0,-0.04,0,0,14.9,7.45,14.7,22.35,95,30.14,20.34,1011.57,14.65,622.5,1,283.98,-,263.5,1919,0,85,-,39.61,30.98,786,22.35,0.9,1.43,23.82,32.55,-17.19,-3.91,-1.56,-,0.66,6,22.02,111.8,-5.79,-35.2,17,0.04,-,39,0,12.45,8.03,3.91,0,35.18,0.31,0.8,62.77,0,37.23,1484.83,3.53,1064,0.03,0,14.12,4.5,-,11.23,8.91,31.71,5.34,325.42,955.09,648.34,306.75,-9.73,14.14,14.4,29
Fri Nov 04 06:52:02 GMT-03:00 2022,04-Nov-2022 06:52:03.081,-35.20389985945957,-5.793789316212265,0.007907262071967125,4.0,21.99897046708383,111.82170867919922,-0.58,5.54,7.99,0,13.73,0,-0.04,0,0,14.9,7.45,14.7,22.35,95,30.14,20.34,1011.63,14.65,622.5,1,283.98,-,266.67,1919,0,85,-,39.61,31.37,786,22.35,0.9,1.45,24.18,32.94,-17.19,-3.91,-1.56,-,0.67,4,22,111.82,-5.79,-35.2,16,0.04,-,39,0,12.45,8.03,3.97,0,35.18,0.31,0.8,62.71,0,37.29,1484.83,3.92,1066,0.03,0,14.12,4.5,-,11.23,8.91,31.71,5.34,325.42,956.09,648.34,307.76,-9.71,14.14,14.4,30
Fri Nov 04 06:52:03 GMT-03:00 2022,04-Nov-2022 06:52:04.081,-35.20389985945957,-5.793789316212265,0.00876584928482771,4.0,21.984139840885646,111.83767700195312,-0.61,5.49,8.14,0.01,13.73,0,-0.04,0,0.01,14.9,7.45,14.7,22.35,95,30.14,20.31,1011.59,14.65,620.6,1,283.98,-,266.67,1919,0,85,-,39.61,31.37,810.5,22.35,0.9,1.45,24.18,32.94,-17.19,-0.78,-1.56,-,0.67,4,21.98,111.84,-5.79,-35.2,17,0.03,-,39,0,12.45,8.03,3.97,0,35.18,0.81,0.82,62.64,0,37.36,1484.83,3.53,1066,0.03,0,14.12,4.5,-,11.23,8.91,31.71,5.34,325.42,957.09,648.34,308.75,-9.71,14.12,14.4,30
Fri Nov 04 06:52:04 GMT-03:00 2022,04-Nov-2022 06:52:05.082,-35.20389985945957,-5.793789316212265,0.008159519173204899,4.0,21.97393655443504,111.84632873535156,-0.58,5.52,8.02,0.01,13.73,0,-0.04,0,0,14.9,7.45,14.7,22.35,95,30.14,20.28,1011.6,14.65,620.6,1,283.98,-,266.67,1919,0,85,-,39.61,30.98,798.5,22.35,0.9,1.05,17.42,32.94,-17.19,-3.91,-4.69,-,0.67,4,21.97,111.85,-5.79,-35.2,16,0.03,-,39,0,12.45,8.03,2.86,0,35.18,0.68,0.82,62.58,0,37.42,1484.83,3.53,1068,0.03,0,14.12,3.5,-,11.22,8.91,31.71,5.34,325.42,958.09,648.34,309.75,-11.15,14.12,14.4,29
Fri Nov 04 06:52:05 GMT-03:00 2022,04-Nov-2022 06:52:06.081,-35.20389985945957,-5.793789316212265,0.00611632177606225,4.0,21.99946977716073,111.85894012451172,-0.59,5.48,8,0,12.55,0,-0.04,0,0,14.9,7.45,14.7,22.35,95,30.14,20.26,1011.6,14.65,620.6,1,283.98,-,266.67,1919,0,85,-,34.9,23.14,766,22.35,0.9,1.05,17.42,32.94,-17.97,-1.56,-0.78,-,0.67,4,22,111.86,-5.79,-35.2,15,0.03,-,39,0,12.45,8.03,2.86,0,35.18,0.19,0.83,62.51,0,37.49,1484.83,2.75,1068,0.02,0,12.94,-1.5,-,11.22,8.91,31.71,5.34,325.42,959.1,648.34,310.76,-11.15,13.94,14.1,29
Fri Nov 04 06:52:06 GMT-03:00 2022,04-Nov-2022 06:52:07.083,-35.20389985945957,-5.793789316212265,0.008607749827206135,6.0,21.98624311924601,111.86722564697266,-0.6,5.5,8.01,0,12.55,0,-0.04,0,0,14.9,7.45,14.7,22.35,95,30.14,20.23,1011.59,14.65,620.6,1,283.98,-,266.67,1919,0,85,-,30.2,23.14,757,22.35,0.9,1.03,17.24,32.94,-17.97,-5.47,-0.78,-,0.67,6,21.99,111.87,-5.79,-35.2,16,0.02,-,40,0,12.45,8.03,2.83,0,35.18,0.19,0.83,62.45,0,37.55,1484.83,2.75,1070,0.03,0,12.94,-1.5,-,11.22,8.91,31.7,5.34,325.42,960.09,648.34,311.75,-11.04,13.94,14.1,28
Fri Nov 04 06:52:07 GMT-03:00 2022,04-Nov-2022 06:52:08.081,-35.20389985945957,-5.793789316212265,0.007839261554181576,6.0,21.9695789585369,111.88221740722656,-0.58,5.48,8.02,0,12.94,0,-0.04,0,0,14.9,7.45,14.7,22.35,95,30.14,20.21,1011.57,14.65,618.7,1,283.98,-,266.67,1919,0,85,-,30.59,23.53,750,22.35,0.9,1.05,17.54,32.94,-18.75,-3.12,-6.25,-,0.67,6,21.97,111.88,-5.79,-35.2,17,0.03,-,40,0,12.45,8.03,2.88,0,35.18,0.65,0.83,62.38,0,37.62,1484.83,2.75,1071,0.03,0,12.94,4.5,-,11.22,8.91,31.7,5.34,325.42,961.09,648.34,312.75,-10.92,14.12,14.4,27
Fri Nov 04 06:52:08 GMT-03:00 2022,04-Nov-2022 06:52:09.082,-35.20389985945957,-5.793789316212265,0.009703991934657097,6.0,21.994980556950335,111.88844299316406,-0.71,5.51,8.09,0.01,12.94,0,-0.05,0,0,14.9,7.45,14.7,22.35,95,30.14,20.18,1011.59,14.65,618.7,1,283.98,-,266.67,1919,0,85,-,29.8,23.92,763.5,22.35,0.9,1.01,16.87,32.94,-18.75,-0.78,-3.12,-,0.67,6,21.99,111.89,-5.79,-35.2,17,0.03,-,40,0,12.45,8.03,2.77,0,35.18,0.09,0.82,62.32,0,37.68,1484.83,2.75,1072,0.03,0,12.94,5,-,11.22,8.91,31.7,5.34,325.42,962.1,648.34,313.76,-11.03,14.12,14.3,26
Fri Nov 04 06:52:09 GMT-03:00 2022,04-Nov-2022 06:52:10.081,-35.20389985945957,-5.793789316212265,0.010797045193612576,6.0,22.003507481275314,111.91960144042969,-0.66,5.44,7.98,-0,12.94,-0.01,-0.05,0,0,14.9,7.45,14.7,22.35,95,30.14,20.18,1011.6,14.65,618.7,1,283.98,-,266.67,1919,0,86,-,29.8,23.14,763.5,22.35,0.9,1.03,17.24,32.94,-18.75,-0.78,0,-,0.67,6,22,111.92,-5.79,-35.2,16,0.03,-,40,0,12.45,8.03,2.83,0,35.18,0.09,0.82,62.25,0,37.75,1484.83,2.75,1073,0.04,0,12.94,5,-,11.22,8.91,31.7,5.34,325.42,963.09,648.34,314.75,-11.01,14.12,14.4,26
Fri Nov 04 06:52:10 GMT-03:00 2022,04-Nov-2022 06:52:11.083,-35.20389985945957,-5.793789316212265,0.006789424456655979,6.0,22.011042044387036,111.92639923095703,-0.61,5.51,7.98,0,12.94,0,-0.04,0,0,14.9,7.45,14.7,22.35,95,30.14,20.15,1011.59,14.65,618.7,1,283.98,-,266.67,1919,0,86,-,29.41,23.14,774,22.35,0.9,1.03,17.24,32.94,-18.75,0,-0.78,-,0.67,6,22.01,111.93,-5.79,-35.2,17,0.04,-,40,0,12.45,8.03,2.83,0,35.18,0.79,0.82,62.19,0,37.81,1484.83,2.75,1073,0.02,0,13.33,5,-,11.22,8.91,31.7,5.34,325.42,964.09,648.34,315.75,-11.01,14.16,14.4,26
Fri Nov 04 06:52:11 GMT-03:00 2022,04-Nov-2022 06:52:12.081,-35.20389985945957,-5.793789316212265,0.013668681494891644,6.0,22.0340527337589,111.92831420898438,-0.6,5.48,8,0,12.94,0,-0.04,0,0,14.9,7.45,14.7,22.35,95,30.14,20.13,1011.61,14.65,616.7,1,283.98,-,266.67,1919,0,86,-,29.8,23.53,766.5,22.35,0.9,1.03,17.24,32.94,-18.75,-1.56,-0.78,-,0.67,6,22.03,111.93,-5.79,-35.2,16,0.02,-,40,0,12.45,8.03,2.83,0,35.18,0.14,0.81,62.12,0,37.88,1484.83,2.75,1075,0.05,0,13.33,5,-,11.22,8.91,31.7,5.34,325.42,965.1,648.34,316.76,-11.06,14.2,14.4,25
Fri Nov 04 06:52:12 GMT-03:00 2022,04-Nov-2022 06:52:13.081,-35.20389985945957,-5.793789316212265,0.015378833748400211,6.0,22.028748637544737,111.93634796142578,-0.69,5.5,8.09,0.01,13.33,0,-0.06,0,0,14.9,7.45,14.7,22.35,95,30.14,20.1,1011.62,14.65,616.7,1,283.98,-,266.67,1919,0,86,-,32.55,25.88,818.5,22.35,0.9,1.18,19.74,32.94,-17.97,1.56,2.34,-,0.67,6,22.03,111.94,-5.79,-35.2,16,0.05,-,40,0,12.45,8.03,3.24,0,35.18,0.1,0.81,62.06,0,37.94,1484.83,3.53,1076,0.06,0,13.73,-1.5,-,11.22,8.91,31.69,5.34,325.42,966.09,648.34,317.75,-10.5,14.12,14.4,26
Fri Nov 04 06:52:13 GMT-03:00 2022,04-Nov-2022 06:52:14.081,-35.20389985945957,-5.793789316212265,0.020679637789726257,6.0,22.02146541412851,111.95684051513672,-0.68,5.44,8,0,14.12,-0.01,-0.05,0,0,14.9,7.45,14.7,22.35,95,30.14,20.1,1011.6,14.65,615.5,1,283.98,-,266.67,1919,0,86,-,32.55,32.94,789.5,22.35,0.9,1.4,23.33,32.94,-17.19,1.56,2.34,-,0.67,6,22.02,111.96,-5.79,-35.2,15,0.05,-,40,0,12.45,8.03,3.83,0,35.18,0.1,0.81,62,0,38,1484.83,3.92,1077,0.07,0,13.73,-1.5,-,11.22,8.91,31.69,5.34,325.42,967.09,648.34,318.76,-10.06,14.12,14.4,27
Fri Nov 04 06:52:14 GMT-03:00 2022,04-Nov-2022 06:52:15.081,-35.20389985945957,-5.793789316212265,0.01840173453092575,6.0,21.997760122555583,111.96259307861328,-0.71,5.52,8.07,0.01,14.12,0,-0.05,0,0.01,14.9,7.45,14.7,22.35,95,30.14,20.08,1011.62,14.65,614.1,1,283.98,-,266.67,1919,0,86,-,38.82,32.94,789.5,22.35,0.9,1.4,23.33,32.94,-17.19,1.56,0,-,0.67,6,22,111.96,-5.79,-35.2,16,0.07,-,40,0,12.45,8.03,3.83,0,35.18,0.79,0.8,61.93,0,38.07,1484.83,3.92,1077,0.07,0,13.73,3.5,-,11.22,8.91,31.69,5.34,325.42,968.1,648.34,319.76,-10.06,14.12,14.3,27
Fri Nov 04 06:52:15 GMT-03:00 2022,04-Nov-2022 06:52:16.081,-35.20389985945957,-5.793789316212265,0.017662199214100838,6.0,22.014731155872326,111.96351623535156,-0.69,5.42,7.96,-0,13.33,-0.01,-0.05,0,0,14.9,7.45,14.7,22.35,95,30.14,20.05,1011.56,14.65,614.1,1,283.98,-,266.67,1919,0,85,-,39.61,30.59,766,22.35,0.9,1.4,23.33,32.94,-17.19,-3.12,-1.56,-,0.67,6,22.01,111.96,-5.79,-35.2,15,0.07,-,40,0,12.45,8.03,3.83,0,35.18,0.31,0.79,61.87,0,38.13,1484.83,3.53,1079,0.06,0,14.12,5,-,11.22,8.91,31.69,5.34,325.42,969.09,648.34,320.75,-9.89,14.12,14.4,29
Fri Nov 04 06:52:16 GMT-03:00 2022,04-Nov-2022 06:52:17.081,-35.20389985945957,-5.793789316212265,0.014459604397416115,6.0,22.045813823225853,111.95112609863281,-0.62,5.51,8.01,0,13.73,0,-0.04,0,0,14.9,7.45,14.7,22.35,95,30.14,20.03,1011.61,14.65,612.7,1,283.98,-,266.67,1919,0,85,-,39.22,31.37,806,22.35,0.9,1.42,23.63,32.94,-17.19,0.78,1.56,-,0.67,6,22.05,111.95,-5.79,-35.2,17,0.06,-,40,0,12.45,8.03,3.88,0,35.18,0.13,0.79,61.8,0,38.2,1484.83,3.92,1080,0.05,0,14.12,5,-,11.22,8.91,31.69,5.34,325.42,970.1,648.34,321.77,-9.68,14.08,14.4,30
Fri Nov 04 06:52:17 GMT-03:00 2022,04-Nov-2022 06:52:18.081,-35.20389985945957,-5.793789316212265,0.010197991505265236,6.0,22.03225321040852,111.97117614746094,-0.6,5.44,8.01,0,13.73,0,-0.04,0,0,14.9,7.45,14.7,22.35,95,30.14,20,1011.58,14.65,612.7,1,283.98,-,266.67,1919,0,85,-,39.61,31.37,825.5,22.35,0.9,1.49,24.85,32.94,-17.19,1.56,1.56,-,0.67,6,22.03,111.97,-5.79,-35.2,18,0.05,-,40,0,12.45,8.03,4.08,0,35.18,0.13,0.79,61.74,0,38.26,1484.83,3.92,1081,0.04,0,14.12,5,-,11.22,8.91,31.69,5.34,325.42,971.09,648.34,322.75,-9.68,14.08,14.4,31
Fri Nov 04 06:52:18 GMT-03:00 2022,04-Nov-2022 06:52:19.081,-35.20389985945957,-5.793789316212265,0.010300959460437298,6.0,22.088157357296204,111.98251342773438,-0.63,5.47,8.12,0.01,13.73,-0.01,-0.05,-0.01,0,14.9,7.45,14.7,22.35,95,30.14,20,1011.63,14.65,611.6,1,283.98,-,266.67,1919,0,85,-,39.61,31.37,825.5,22.35,0.9,1.49,24.85,32.94,-17.19,1.56,-1.56,-,0.67,6,22.09,111.98,-5.79,-35.2,18,0.05,-,41,0,12.45,8.03,4.08,0,35.18,0.82,0.79,61.68,0,38.32,1484.83,3.53,1081,0.04,0,14.12,3.5,-,11.22,8.91,31.69,5.34,325.42,972.1,648.34,323.76,-9.68,14.12,14.4,31
Fri Nov 04 06:52:19 GMT-03:00 2022,04-Nov-2022 06:52:20.081,-35.20389985945957,-5.793789316212265,0.009696033783257008,6.0,22.08887142636969,111.9760971069336,-0.55,5.62,8.06,0.02,13.73,0,-0.04,0,0.01,14.9,7.45,14.7,22.35,95,30.14,19.98,1011.59,14.65,611.6,1,283.98,-,266.67,1919,0,85,-,39.22,30.98,783,22.35,0.91,1.42,23.63,32.94,-17.97,-4.69,-5.47,-,0.67,6,22.09,111.98,-5.79,-35.2,17,0.04,-,41,0,12.45,8.03,3.88,0,35.18,0.61,0.83,61.61,0,38.39,1484.83,2.75,1083,0.03,0,13.73,-3,-,11.22,8.92,31.68,5.34,325.42,973.1,648.34,324.76,-10.02,14.12,14.4,31
Fri Nov 04 06:52:20 GMT-03:00 2022,04-Nov-2022 06:52:21.082,-35.20389985945957,-5.793789316212265,0.009407303296029568,6.0,22.10640263448764,111.98171997070312,-0.58,5.48,8.09,0.01,12.55,0,-0.06,0,0,14.9,7.45,14.7,22.35,95,30.14,19.95,1011.62,14.65,610.7,1,283.98,-,266.67,1919,0,85,-,29.8,24.71,792,22.35,0.91,1,16.69,32.94,-18.75,-2.34,-1.56,-,0.67,6,22.11,111.98,-5.79,-35.2,17,0.03,-,41,0,12.45,8.03,2.74,0,35.18,0.34,0.85,61.55,0,38.45,1484.83,2.75,1084,0.03,0,12.94,4.5,-,11.22,8.92,31.68,5.34,325.42,974.09,648.34,325.76,-11.21,14.14,14.4,29
Fri Nov 04 06:52:21 GMT-03:00 2022,04-Nov-2022 06:52:22.082,-35.20389985945957,-5.793789316212265,0.015917008742690086,6.0,22.127842961940257,111.98895263671875,-0.71,5.49,8.01,0,12.94,0,-0.04,0,0,14.9,7.45,14.7,22.35,95,30.14,19.93,1011.6,14.65,610.7,1,283.98,-,266.67,1919,0,85,-,29.41,23.53,761,22.35,0.91,0.99,16.57,32.94,-18.75,-0.78,-1.56,-,0.67,6,22.13,111.99,-5.79,-35.2,16,0.03,-,41,0,12.45,8.03,2.72,0,35.18,0.34,0.85,61.49,0,38.51,1484.83,2.75,1085,0.06,0,12.94,6,-,11.22,8.92,31.68,5.34,325.42,975.09,648.34,326.75,-11.27,14.14,14.4,27
Fri Nov 04 06:52:22 GMT-03:00 2022,04-Nov-2022 06:52:23.082,-35.20389985945957,-5.793789316212265,0.014637690968811512,6.0,22.119397965048954,112.00027465820312,-0.69,5.52,8.04,0.01,12.94,-0.01,-0.04,0,0,14.9,7.45,14.7,22.35,95,30.14,19.93,1011.59,14.65,609.7,1,283.98,-,266.67,1919,0,85,-,29.41,23.53,761,22.35,0.91,0.99,16.57,32.94,-18.75,-0.78,0.78,-,0.67,6,22.12,112,-5.79,-35.2,18,0.03,-,41,0,12.45,8.03,2.72,0,35.18,0.14,0.83,61.42,0,38.58,1484.83,2.75,1085,0.05,0,12.94,6,-,11.22,8.92,31.68,5.34,325.42,976.1,648.34,327.76,-11.27,14.12,14.4,27
Fri Nov 04 06:52:23 GMT-03:00 2022,04-Nov-2022 06:52:24.083,-35.20389985945957,-5.793789316212265,0.009480851702392101,6.0,22.14877049957552,112.00575256347656,-0.7,5.52,8.1,0.01,12.94,0,-0.04,0,0,14.9,7.45,14.7,22.35,95,30.14,19.9,1011.6,14.65,609.7,1,283.98,-,266.67,1919,0,85,-,29.8,23.53,775,22.35,0.91,1.03,17.24,32.94,-18.75,0,-0.78,-,0.67,6,22.15,112.01,-5.79,-35.2,18,0.05,-,41,0,12.45,8.03,2.83,0,35.18,0.8,0.82,61.36,0,38.64,1484.83,2.75,1086,0.03,0,13.33,3.5,-,11.21,8.92,31.68,5.34,325.42,977.09,648.34,328.75,-10.99,14.12,14.4,26
Fri Nov 04 06:52:24 GMT-03:00 2022,04-Nov-2022 06:52:25.082,-35.20389985945957,-5.793789316212265,0.0063153658993542194,6.0,22.141639353550424,112.01048278808594,-0.61,5.47,8.01,0,12.94,0,-0.05,0,0.01,14.9,7.45,14.7,22.35,95,30.14,19.88,1011.62,14.65,608.6,1,283.98,-,266.67,1919,0,85,-,29.41,23.53,771,22.35,0.91,1.01,16.87,32.94,-18.75,-3.12,-3.12,-,0.67,6,22.14,112.01,-5.79,-35.2,18,0.03,-,41,0,12.45,8.03,2.77,0,35.18,0.73,0.81,61.3,0,38.7,1484.83,2.75,1087,0.02,0,13.33,5,-,11.21,8.92,31.68,5.34,325.42,978.09,648.34,329.75,-11.13,14.1,14.4,26
Fri Nov 04 06:52:25 GMT-03:00 2022,04-Nov-2022 06:52:26.082,-35.20389985945957,-5.793789316212265,0.006599596701562405,6.0,22.152519598568055,112.01138305664062,-0.72,5.53,8.08,0.01,12.94,-0.01,-0.04,0,0,14.9,7.45,14.7,22.35,95,30.14,19.85,1011.61,14.65,608.6,1,283.98,-,266.67,1919,0,85,-,30.2,23.53,756.5,22.35,0.91,1.02,17.06,32.94,-18.75,-2.34,-1.56,-,0.67,6,22.15,112.01,-5.79,-35.2,17,0.02,-,41,0,12.45,8.03,2.8,0,35.18,0.1,0.81,61.24,0,38.76,1484.83,2.75,1088,0.02,0,13.33,5,-,11.21,8.92,31.68,5.34,325.42,979.09,648.34,330.75,-11.08,14,14.3,25
Fri Nov 04 06:52:26 GMT-03:00 2022,04-Nov-2022 06:52:27.081,-35.20389985945957,-5.793789316212265,0.006907920353114605,6.0,22.163885258566392,112.01490783691406,-0.58,5.54,8.15,0.02,12.94,-0.01,-0.05,0,0,14.9,7.45,14.7,22.35,95,30.14,19.85,1011.61,14.65,608.6,1,283.98,-,266.67,1919,0,85,-,30.2,25.49,756.5,22.35,0.91,1.24,20.59,32.94,-18.75,-2.34,-1.56,-,0.67,6,22.16,112.01,-5.79,-35.2,17,0.02,-,41,0,12.45,8.03,3.38,0,35.18,0.1,0.81,61.17,0,38.83,1484.83,2.75,1090,0.02,0,13.33,5,-,11.21,8.92,31.67,5.34,325.42,980.09,648.34,331.75,-10.25,14,14.3,26
Fri Nov 04 06:52:27 GMT-03:00 2022,04-Nov-2022 06:52:28.081,-35.203843320906394,-5.793794024993478,0.007515790872275829,6.0,22.15998447306248,112.01905822753906,-0.64,5.45,8.04,0,13.73,0,-0.04,0,0,14.9,7.45,14.7,22.35,95,30.14,19.83,1011.6,14.65,607,1,283.98,-,266.67,1919,0,85,-,32.94,30.2,810.5,22.35,0.91,1.4,23.33,32.94,-17.19,3.12,3.12,-,0.67,6,22.16,112.02,-5.79,-35.2,17,0.02,-,41,0,12.45,8.03,3.83,0,35.18,0.5,0.81,61.11,0,38.89,1484.83,3.92,1091,0.03,0,13.33,-2.5,-,11.21,8.92,31.67,5.34,325.42,981.1,648.34,332.77,-10,14.12,14.2,28
Fri Nov 04 06:52:28 GMT-03:00 2022,04-Nov-2022 06:52:29.081,-35.203843320906394,-5.793794024993478,0.01013053860515356,6.0,22.13912925280935,112.02337646484375,-0.73,5.56,8.12,0.02,13.73,0,-0.04,0,0,14.9,7.45,14.7,22.35,95,30.14,19.78,1011.6,14.65,607,1,283.98,-,266.67,1919,0,85,-,38.04,30.59,754.5,22.35,0.91,1.36,22.66,32.94,-17.19,0,-0.78,-,0.67,6,22.14,112.02,-5.79,-35.2,17,0.04,-,41,0,12.45,8.03,3.72,0,35.18,0.79,0.81,61.05,0,38.95,1484.83,3.53,1092,0.04,0,13.73,3.5,-,11.21,8.92,31.67,5.34,325.42,982.1,648.34,333.76,-10.13,12.96,13.2,28
Fri Nov 04 06:52:29 GMT-03:00 2022,04-Nov-2022 06:52:30.081,-35.203843320906394,-5.793794024993478,0.0082643311470747,6.0,22.186325435845493,112.04403686523438,-0.58,5.57,8.04,0.01,14.12,-0.01,-0.04,0,0,14.9,7.45,14.7,22.35,95,30.14,19.78,1011.6,14.65,607,1,283.98,-,266.67,1919,0,85,-,39.22,34.9,754.5,22.35,0.91,1.36,22.66,32.94,-17.19,-3.12,-3.91,-,0.67,6,22.19,112.04,-5.79,-35.2,17,0.04,-,41,0,12.45,8.03,3.72,0,35.18,0.69,0.81,60.99,0,39.01,1484.83,4.31,1092,0.03,0,13.73,9,-,11.21,8.92,31.67,5.34,325.42,983.09,648.34,334.74,-10.13,13.72,14,28
Fri Nov 04 06:52:30 GMT-03:00 2022,04-Nov-2022 06:52:31.083,-35.203843320906394,-5.793794024993478,0.01029285043478012,6.0,22.166569139553133,112.04483032226562,-0.7,5.5,8.08,0.01,14.12,0,-0.05,0,0.01,14.9,7.45,14.7,22.35,95,30.14,19.75,1011.62,14.65,607,1,283.98,-,266.67,1919,0,85,-,40,34.9,789,22.35,0.91,1.44,24,32.94,-17.19,1.56,-3.91,-,0.67,6,22.17,112.04,-5.79,-35.2,17,0.03,-,42,0,12.45,8.03,3.94,0,35.18,0.69,0.81,60.93,0,39.07,1484.83,4.31,1093,0.04,0,13.73,9,-,11.21,8.92,31.67,5.34,325.42,984.09,648.34,335.75,-9.51,13.72,14,30
Fri Nov 04 06:52:31 GMT-03:00 2022,04-Nov-2022 06:52:32.082,-35.203843320906394,-5.793794024993478,0.0,6.0,22.150414198053824,112.06136322021484,-0.57,5.5,8.1,0.01,14.12,0,-0.04,0,0.01,14.9,7.45,14.7,22.35,95,30.14,19.75,1011.58,14.65,604.1,1,283.98,-,266.67,1919,0,85,-,40,34.9,789,22.35,0.91,1.44,24,32.94,-17.19,1.56,3.12,-,0.67,6,22.15,112.06,-5.79,-35.2,15,0.03,-,42,0,12.45,8.03,3.94,0,35.18,0.77,0.81,60.86,0,39.14,1484.83,4.31,1093,0,0,14.12,4.5,-,11.21,8.92,31.67,5.34,325.42,985.1,648.34,336.76,-9.51,14.16,14.4,30
Fri Nov 04 06:52:32 GMT-03:00 2022,04-Nov-2022 06:52:33.081,-35.203843320906394,-5.793794024993478,0.0,6.0,22.231717989848306,112.07463073730469,-0.67,5.53,8.1,0.01,13.73,0,-0.05,0,0.01,14.9,7.45,14.7,22.35,95,30.14,19.73,1011.6,14.65,604.1,1,283.98,-,266.67,1919,0,85,-,40.39,31.37,800,22.35,0.91,1.47,24.49,32.94,-17.19,-2.34,3.12,-,0.68,6,22.23,112.07,-5.79,-35.2,16,0,-,42,0,12.45,8.03,4.02,0,35.18,0.77,0.81,60.8,0,39.2,1484.83,3.92,1096,0,0,14.12,4.5,-,11.21,8.92,31.67,5.34,325.42,986.08,648.34,337.74,-9.62,14.16,14.4,31
Fri Nov 04 06:52:33 GMT-03:00 2022,04-Nov-2022 06:52:34.082,-35.203843320906394,-5.793794024993478,0.0,6.0,22.07146794903017,112.08736419677734,-0.57,5.5,8.12,0.01,13.73,0,-0.04,0,0.01,14.9,7.45,14.7,22.35,95,30.14,19.73,1011.61,14.65,604.1,1,283.98,-,266.67,1919,0,85,-,40.39,31.37,800,22.35,0.91,1.47,24.49,32.94,-17.19,-2.34,-4.69,-,0.68,6,22.07,112.09,-5.79,-35.2,16,0,-,42,0,12.45,8.03,4.02,0,35.18,0.71,0.8,60.74,0,39.26,1484.83,3.92,1096,0,0,14.12,4.5,-,11.21,8.92,31.67,5.34,325.42,987.09,648.34,338.76,-9.62,14.14,14.4,31
Fri Nov 04 06:52:34 GMT-03:00 2022,04-Nov-2022 06:52:35.080,-35.203843320906394,-5.793794024993478,0.019037630409002304,6.0,22.08110488427881,112.09938049316406,-0.61,5.46,7.99,0,12.55,0,-0.04,0,0,14.9,7.45,14.7,22.35,95,30.14,19.73,1011.56,14.65,602.9,1,283.98,-,266.67,1919,0,85,-,40.39,24.31,800,22.35,0.91,1.47,24.49,32.94,-17.19,-2.34,-4.69,-,0.68,6,22.08,112.1,-5.79,-35.2,18,0,-,42,0,12.45,8.03,4.02,0,35.18,0.71,0.8,60.68,0,39.32,1484.83,2.75,1098,0.07,0,14.12,4.5,-,11.21,8.92,31.67,5.34,325.42,988.1,648.34,339.76,-9.62,14.14,14.4,31
Fri Nov 04 06:52:35 GMT-03:00 2022,04-Nov-2022 06:52:36.082,-35.203843320906394,-5.793794024993478,0.03074096515774727,6.0,22.02116253966519,112.11183166503906,-0.68,5.52,8.05,0.01,12.94,0,-0.04,0,0,14.9,7.45,14.7,22.35,95,30.14,19.7,1011.56,14.65,602.9,1,283.98,-,266.67,1919,0,85,-,29.8,23.53,774,22.35,0.91,1.01,16.87,32.94,-18.75,0,-2.34,-,0.68,6,22.02,112.11,-5.79,-35.2,16,0.07,-,42,0,12.45,8.03,2.77,0,35.18,0.79,0.8,60.62,0,39.38,1484.83,2.75,1098,0.11,0,13.33,5,-,11.21,8.92,31.66,5.34,325.42,989.11,648.34,340.77,-11.23,14.16,14.4,29
Fri Nov 04 06:52:36 GMT-03:00 2022,04-Nov-2022 06:52:37.082,-35.203843320906394,-5.793794024993478,0.02783205360174179,6.0,22.043672469716135,112.12702178955078,-0.65,5.52,8.11,0.01,12.94,0,-0.04,0,0,14.9,7.45,14.7,22.35,95,30.14,19.68,1011.6,14.65,602.1,1,283.98,-,266.66,1919,0,85,-,29.41,23.92,753.5,22.35,0.91,0.98,16.39,32.94,-18.75,-4.69,-4.69,-,0.68,6,22.04,112.13,-5.79,-35.2,14,0.11,-,42,0,12.45,8.03,2.69,0,35.18,0.67,0.8,60.56,0,39.44,1484.83,2.75,1100,0.1,0,13.33,6.5,-,11.21,8.92,31.66,5.34,325.42,990.09,648.34,341.75,-11.22,14.08,14.5,27
Fri Nov 04 06:52:37 GMT-03:00 2022,04-Nov-2022 06:52:38.081,-35.203843320906394,-5.793794024993478,0.023669155314564705,6.0,22.043884151155957,112.13253021240234,-0.76,5.48,8.09,0.01,12.94,0,-0.04,0,0,14.9,7.45,14.7,22.35,95,30.14,19.65,1011.58,14.65,602.1,1,283.98,-,266.66,1919,0,85,-,30.59,23.53,759.5,22.35,0.91,1.05,17.42,32.94,-18.75,-1.56,-0.78,-,0.68,6,22.04,112.13,-5.79,-35.2,16,0.1,-,42,0,12.45,8.03,2.86,0,35.18,0.08,0.81,60.49,0,39.51,1484.83,2.75,1100,0.09,0,13.33,4.5,-,11.21,8.92,31.66,5.34,325.42,991.1,648.34,342.76,-10.9,14.08,14.4,27
Fri Nov 04 06:52:38 GMT-03:00 2022,04-Nov-2022 06:52:39.082,-35.203843320906394,-5.793794024993478,0.029413824900984764,6.0,22.067799919276393,112.1307144165039,-0.72,5.44,8.06,0.01,12.94,0,-0.05,0,0,14.9,7.45,14.7,22.35,95,30.14,19.63,1011.58,14.65,602.1,1,283.98,-,266.66,1919,0,85,-,29.8,23.53,787,22.35,0.91,1.03,17.24,32.94,-18.75,3.12,-0.78,-,0.68,6,22.07,112.13,-5.79,-35.2,15,0.09,-,42,0,12.45,8.03,2.83,0,35.18,0.08,0.81,60.43,0,39.57,1484.83,2.75,1102,0.11,0,13.33,4.5,-,11.21,8.92,31.66,5.34,325.42,992.09,648.34,343.76,-10.97,14.08,14.4,26
Fri Nov 04 06:52:39 GMT-03:00 2022,04-Nov-2022 06:52:40.083,-35.203843320906394,-5.793794024993478,0.024078967049717903,6.0,22.0739170407302,112.13877868652344,-0.71,5.49,8.12,0.01,12.94,0,-0.04,0,0,14.9,7.45,14.7,22.35,95,30.14,19.6,1011.62,14.65,600.6,1,283.98,-,266.66,1919,0,85,-,29.8,23.53,786.5,22.35,0.91,1.05,17.54,32.94,-18.75,3.12,3.12,-,0.68,6,22.07,112.14,-5.79,-35.2,17,0.11,-,42,0,12.45,8.03,2.88,0,35.18,0.77,0.81,60.37,0,39.63,1484.83,2.75,1103,0.09,0,13.33,4.5,-,11.21,8.92,31.66,5.34,325.42,993.09,648.34,344.75,-11.04,14.14,14.3,26
Fri Nov 04 06:52:40 GMT-03:00 2022,04-Nov-2022 06:52:41.083,-35.203843320906394,-5.793794024993478,0.029122788459062576,6.0,22.14214700555337,112.15347290039062,-0.55,5.52,8.04,0.01,12.94,0,-0.04,0,0.01,14.9,7.45,14.7,22.35,95,30.14,19.58,1011.63,14.65,600.6,1,283.98,-,266.66,1919,0,85,-,32.94,23.92,766,22.35,0.91,1.23,20.47,32.94,-18.75,-0.78,-0.78,-,0.68,6,22.14,112.15,-5.79,-35.2,17,0.09,-,42,0,12.45,8.03,3.36,0,35.18,0.77,0.8,60.31,0,39.69,1484.83,2.75,1104,0.1,0,13.33,-1,-,11.21,8.92,31.65,5.34,325.42,994.09,648.34,345.75,-10.43,14.12,14.4,26
Fri Nov 04 06:52:41 GMT-03:00 2022,04-Nov-2022 06:52:42.082,-35.203843320906394,-5.793794024993478,0.037887051701545715,6.0,22.16446899910871,112.15579986572266,-0.79,5.41,8,-0,13.33,0,-0.03,0,0,14.9,7.45,14.7,22.35,95,30.14,19.58,1011.58,14.65,600.6,1,283.98,-,266.66,1919,0,85,-,32.94,26.67,766,22.35,0.91,1.23,20.47,32.94,-17.97,-0.78,-0.78,-,0.68,6,22.16,112.16,-5.79,-35.2,15,0.09,-,42,0,12.45,8.03,3.36,0,35.18,0.09,0.8,60.25,0,39.75,1484.83,3.14,1105,0.14,0,13.73,-1,-,11.21,8.92,31.65,5.34,325.42,995.09,648.34,346.75,-10.43,14.16,14.4,26
Fri Nov 04 06:52:42 GMT-03:00 2022,04-Nov-2022 06:52:43.081,-35.203843320906394,-5.793794024993478,0.0376940593123436,6.0,22.123503875435475,112.16659545898438,-0.61,5.49,8.11,0.01,13.33,-0.01,-0.04,0,0,14.9,7.45,14.7,22.35,95,30.14,19.55,1011.59,14.65,600.6,1,283.98,-,266.66,1919,0,85,-,39.22,26.67,793.5,22.35,0.92,1.42,23.63,32.94,-17.97,3.91,3.91,-,0.68,6,22.12,112.17,-5.79,-35.2,16,0.14,-,42,0,12.45,8.03,3.88,0,35.18,0.77,0.79,60.19,0,39.81,1484.83,3.14,1105,0.14,0,14.12,3.5,-,11.2,8.92,31.65,5.34,325.42,996.09,648.34,347.75,-9.65,14.14,14.4,28
Fri Nov 04 06:52:43 GMT-03:00 2022,04-Nov-2022 06:52:44.082,-35.203843320906394,-5.793794024993478,0.03793592005968094,6.0,22.167878245165955,112.175048828125,-0.54,5.58,7.97,0,13.73,0,-0.04,0,0,14.9,7.45,14.7,22.35,95,30.14,19.53,1011.59,14.65,598.4,1,283.98,-,266.66,1919,0,85,-,39.61,30.98,795.5,22.35,0.92,1.43,23.82,32.94,-17.19,0,3.91,-,0.68,6,22.17,112.18,-5.79,-35.2,14,0.14,-,42,0,12.45,8.03,3.91,0,35.18,0.77,0.79,60.13,0,39.87,1484.83,3.53,1107,0.14,0,14.12,4.5,-,11.2,8.92,31.65,5.34,325.42,997.11,648.34,348.77,-9.79,14.12,14.4,29
Fri Nov 04 06:52:44 GMT-03:00 2022,04-Nov-2022 06:52:45.082,-35.203843320906394,-5.793794024993478,0.055161185562610626,6.0,22.085095705361375,112.17880249023438,-0.66,5.83,7.82,0.01,13.73,0,-0.05,0.03,-0.01,14.9,7.45,14.7,22.35,95,30.14,19.51,1011.62,14.65,598.4,1,283.98,-,266.66,1919,0,85,-,40,31.37,786,22.35,0.92,1.44,24,32.94,-17.19,0,-0.78,-,0.68,6,22.09,112.18,-5.79,-35.2,14,0.14,-,42,0,12.45,8.03,3.94,0,35.18,0.74,0.79,60.07,0,39.93,1484.83,3.92,1108,0.2,0,14.12,3.5,-,11.2,8.93,31.65,5.34,325.42,998.09,648.34,349.75,-9.76,14.1,14.4,30
Fri Nov 04 06:52:45 GMT-03:00 2022,04-Nov-2022 06:52:46.082,-35.203843320906394,-5.793794024993478,0.08891794085502625,6.0,22.067138692509,112.20451354980469,-0.65,7.04,7.2,0.04,13.33,0.02,-0.05,0.15,-0.07,17.65,9.41,14.7,22.35,95,30.14,19.51,1011.57,14.65,597.3,1,283.98,-,266.66,1919,0,85,-,40,39.22,786,22.35,0.92,1.44,24,32.55,-17.19,0,0.78,-,0.68,6,22.07,112.2,-5.79,-35.2,15,0.14,-,42,0,12.45,8.03,3.94,0,35.18,0.1,0.79,60.01,0,39.99,1484.83,3.53,1109,0.32,0,14.12,3.5,-,11.2,8.93,31.65,5.34,325.42,999.1,648.34,350.76,-9.76,14.1,14.4,30
Fri Nov 04 06:52:46 GMT-03:00 2022,04-Nov-2022 06:52:47.080,-35.20382266844836,-5.7937846889934415,0.4945204257965088,6.0,22.091280509182685,112.27843475341797,-0.43,6.26,7.02,-0.03,13.33,-0.03,-0.01,0.09,-0.1,17.65,9.41,14.7,22.35,95,30.09,19.49,1011.57,14.65,597.3,1,283.98,-,263.49,1919,0,85,-,53.73,39.22,1486,22.35,0.92,3.94,65.6,32.55,-17.19,-1.56,-3.12,-,0.68,6,22.09,112.28,-5.79,-35.2,15,4.68,-,42,0,12.45,8.03,10.77,0,35.18,0.8,0.82,59.95,0,40.05,1484.83,3.53,1109,1.78,5,18.04,18,-,11.2,8.93,31.65,5.34,325.42,1000.09,648.92,351.17,-1.12,14.14,14.4,45
Fri Nov 04 06:52:47 GMT-03:00 2022,04-Nov-2022 06:52:48.082,-35.203802859615614,-5.793793177677793,1.6612019538879395,6.0,22.096078075119088,112.3589859008789,-0.77,7.14,7.03,0.04,18.04,0.02,-0.06,0.16,-0.09,29.8,15.29,14.7,22.35,95,30.05,19.48,1011.56,14.65,596.1,1,283.98,-,253.96,1919,0,85,4.66,60,47.06,1728,22.35,0.92,4.59,76.44,31.37,-14.84,-0.78,-3.12,-,0.68,6,22.1,112.36,-5.79,-35.2,17,8.22,6.24,42,1.09,12.45,8.03,12.55,3.08,35.18,0.8,0.82,59.92,0,40.08,1486.03,8.24,1111,5.98,10,20.78,21,25.73,11.19,8.94,31.61,5.34,325.42,1001.09,649.92,351.17,-6.31,14.12,14.4,48
Fri Nov 04 06:52:48 GMT-03:00 2022,04-Nov-2022 06:52:49.080,-35.20377171461269,-5.793804694671852,3.0554497241973877,6.0,22.163445930491648,112.51898193359375,-0.66,6.49,6.43,-0.05,20.78,0.02,0,0.15,-0.08,29.41,14.9,14.7,22.35,95,30.02,19.47,1011.56,14.65,596.1,1,283.98,-,253.96,1919,0,85,4.66,67.45,53.73,1764,22.35,0.92,5.28,87.96,31.37,-14.06,-8.59,-8.59,-,0.68,6,22.16,112.52,-5.79,-35.2,15,9.02,6.24,42,1.89,12.45,8.03,14.44,5.35,35.18,0.22,0.8,59.96,0,40.04,1487.97,10.98,1112,11,15,21.18,18.5,25.73,11.18,8.95,31.58,5.35,325.43,1002.09,650.92,351.17,-6.4,14.08,14.5,50
Fri Nov 04 06:52:49 GMT-03:00 2022,04-Nov-2022 06:52:50.083,-35.203729932544064,-5.7938225900287845,4.623014450073242,6.0,22.03046531496489,112.44033813476562,-1.34,6.01,7.41,-0.01,20,-0.01,-0.12,0.05,-0.05,26.67,13.73,14.7,22.35,95,30,19.47,1011.58,14.65,596.1,1,285.15,776.54,253.95,1919,0,85,10.51,58.82,53.73,1632,22.35,0.93,4.4,73.4,31.37,-14.06,-3.12,-8.59,-,0.69,6,22.03,112.44,-5.79,-35.2,15,8,14.1,42,3.41,12.45,8.03,12.05,9.62,35.18,0.22,0.8,60,0,40,1490.39,10.2,1113,16.64,19,17.25,-3,61.52,11.17,8.95,31.55,5.35,325.43,1003.09,651.92,351.17,-7.91,14.08,14.5,49
Fri Nov 04 06:52:50 GMT-03:00 2022,04-Nov-2022 06:52:51.083,-35.203691033696956,-5.79384207554313,5.1838059425354,6.0,22.086121633589826,112.22758483886719,-0.17,4.85,8.64,0.02,12.94,0.01,-0.05,-0.07,0.07,14.9,7.45,14.7,22.35,95,30,19.47,1011.58,14.65,599.9,1,285.15,776.54,253.95,1919,0,85,10.51,58.82,17.25,1632,22.35,0.93,4.4,73.4,31.37,-17.19,-3.12,0,-,0.69,6,22.09,112.23,-5.79,-35.2,16,8,14.1,42,3.41,12.45,8.03,12.05,9.62,35.18,0.08,0.77,60.04,0,39.96,1490.39,3.14,1113,18.66,19,17.25,-3,61.52,11.17,8.95,31.55,5.35,325.43,1004.1,652.93,351.17,-7.91,14.14,14.4,49
Fri Nov 04 06:52:51 GMT-03:00 2022,04-Nov-2022 06:52:52.082,-35.203661390921155,-5.79385746919996,4.083028316497803,6.0,21.985320911454767,120.30311584472656,1.6,4.81,8.1,-0.01,12.16,-0.02,0.17,-0.07,0.01,14.9,7.45,14.7,22.35,95,29.98,19.47,1011.58,14.65,599.9,1,284.79,132.79,247.6,1919,0,85,10.51,20,16.86,996,22.35,0.93,0.95,15.9,30.59,-19.53,4.69,5.47,-,0.69,6,21.99,120.3,-5.79,-35.2,17,1.66,14.1,42,19.92,12.45,8.03,2.61,56.27,35.18,0.12,0.77,60.08,0,39.92,1489.96,2.35,1114,14.7,17,12.55,8,61.52,11.18,8.94,31.58,5.35,325.43,1005.09,653.92,351.17,-13.07,14.12,14.3,39
Fri Nov 04 06:52:52 GMT-03:00 2022,04-Nov-2022 06:52:53.082,-35.20363788134412,-5.793874877707933,3.3925623893737793,6.0,22.16237613139445,143.07167053222656,0.63,3.84,9.01,0.01,12.16,-0.01,0.1,-0.18,0.08,14.9,7.45,14.7,22.35,95,29.95,19.46,1011.59,14.65,599.9,1,284.15,157.24,247.61,1919,0,85,10.51,20.78,16.08,935,22.35,0.93,0.89,14.86,30.59,-19.53,2.34,1.56,-,0.69,6,22.16,143.07,-5.79,-35.2,21,0.3,14.1,42,16.82,12.45,8.03,2.44,47.52,35.18,0.85,0.77,60.12,0,39.88,1488.84,2.35,1116,12.21,15,12.55,7.5,61.52,11.2,8.93,31.63,5.36,325.44,1006.1,654.93,351.17,-12.07,14.08,14.1,29
Fri Nov 04 06:52:53 GMT-03:00 2022,04-Nov-2022 06:52:54.081,-35.203629363213615,-5.793891178597265,2.0602991580963135,6.0,21.558043597569018,163.78292846679688,-0.25,4,9.02,0.02,12.55,0,-0.01,-0.15,0.1,14.9,7.45,14.7,22.35,95,29.92,19.45,1011.63,14.65,600,1,284.15,157.24,247.61,1919,0,85,-,20.39,16.08,935.5,22.35,0.93,0.89,14.86,30.59,-19.53,0,-0.78,-,0.69,6,21.56,163.78,-5.79,-35.2,24,0.79,-,42,16.82,12.45,8.03,2.44,47.52,35.18,0.77,0.77,60.16,0,39.84,1487.91,2.35,1116,7.42,13,12.55,9.5,-,11.2,8.93,31.63,5.36,325.44,1007.08,655.91,351.17,-12.07,14.12,14.4,29
Fri Nov 04 06:52:54 GMT-03:00 2022,04-Nov-2022 06:52:55.081,-35.20363016403359,-5.79390316565006,0.819771945476532,6.0,21.8492490858251,173.9158935546875,-0.77,5.18,8.21,0,12.55,0.01,-0.06,-0.05,0.05,14.9,7.45,14.7,22.35,95,29.86,19.43,1011.67,14.65,600,1,284.15,-,241.26,1919,0,85,-,34.9,16.86,810.5,22.35,0.93,1.65,27.53,29.8,-19.53,1.56,-0.78,-,0.69,6,21.85,173.92,-5.79,-35.2,21,4.42,-,42,7.87,12.45,8.03,4.52,22.23,35.18,0.77,0.77,60.18,0,39.82,1486.78,2.35,1118,2.95,3,12.55,9.5,-,11.19,8.93,31.62,5.36,325.44,1008.09,656.92,351.17,-9.88,14.12,14.4,30
Fri Nov 04 06:52:55 GMT-03:00 2022,04-Nov-2022 06:52:56.083,-35.20363534938329,-5.793917376494647,0.886707067489624,6.0,21.602278476541834,179.8998260498047,-0.73,5.32,8.06,-0,12.94,-0.01,-0.06,-0.01,0,14.9,7.45,14.7,22.35,95,29.81,19.41,1011.64,14.65,599.8,1,284.15,-,241.26,1919,0,85,-,34.9,24.31,779,22.35,0.93,1.07,17.91,29.8,-17.97,1.56,2.34,-,0.69,6,21.6,179.9,-5.79,-35.2,23,0.05,-,42,2.79,12.45,8.03,2.94,7.89,35.18,0.12,0.76,60.12,0,39.88,1486.53,3.14,1119,3.19,3,13.73,-1.5,-,11.18,8.94,31.59,5.36,325.45,1009.09,657.92,351.17,-11.07,14.04,14.4,29
Fri Nov 04 06:52:56 GMT-03:00 2022,04-Nov-2022 06:52:57.082,-35.2036414640272,-5.793932081386932,1.0204660892486572,6.0,21.859654541338365,185.90237426757812,-0.47,5.68,7.83,-0,12.94,0,-0.03,0.02,-0.01,14.9,7.45,14.7,22.35,95,29.76,19.39,1011.64,14.65,599.8,1,284.15,-,241.25,1919,0,85,-,29.8,24.31,786,22.35,0.93,1.05,17.54,29.8,-17.97,0,3.12,-,0.69,6,21.86,185.9,-5.79,-35.2,22,0.19,-,42,2.85,12.45,8.03,2.88,8.05,35.18,0.81,0.76,60.06,0,39.94,1486.32,3.14,1120,3.67,3,13.33,18,-,11.17,8.95,31.56,5.36,325.45,1010.08,658.91,351.17,-11,14.14,14.4,28
Fri Nov 04 06:52:57 GMT-03:00 2022,04-Nov-2022 06:52:58.080,-35.20364601642543,-5.793949436073179,1.621324062347412,6.0,21.943979593791703,192.4757537841797,-0.52,6.57,7.35,0.02,15.69,0,-0.03,0.1,-0.06,23.92,12.16,14.7,22.35,95,29.76,19.39,1011.65,14.65,599.8,1,284.15,-,241.25,1919,0,85,-,29.8,35.69,786,22.35,0.93,1.05,17.54,30.98,-17.19,0,-0.78,-,0.69,6,21.94,192.48,-5.79,-35.2,21,0.19,-,42,2.85,12.45,8.03,2.88,8.05,35.18,0.78,0.75,60.01,0,39.99,1486.32,5.49,1121,5.84,3,14.9,18,-,11.17,8.95,31.56,5.36,325.45,1011.08,659.91,351.17,-11,14.12,14.4,28
Fri Nov 04 06:52:58 GMT-03:00 2022,04-Nov-2022 06:52:59.081,-35.203651937960636,-5.79398197819522,2.8881282806396484,6.0,21.948318853895753,198.86309814453125,-0.38,6.57,7.46,0.03,15.69,0,-0.04,0.11,-0.07,23.92,12.16,14.7,22.35,95,29.72,19.38,1011.62,14.65,599.8,1,284.15,-,250.77,1919,0,85,-,55.29,35.69,1569.5,22.35,0.93,3.06,50.92,30.98,-14.06,0.78,0.78,-,0.69,6,21.95,198.86,-5.79,-35.2,17,3.16,-,42,0.98,12.45,8.03,8.36,2.77,35.18,0.53,0.74,60.01,0,39.99,1487.23,5.49,1121,10.4,9,20.39,21,-,11.16,8.96,31.52,5.37,325.45,1012.09,660.92,351.17,-4.15,14.06,14.4,39
Fri Nov 04 06:52:59 GMT-03:00 2022,04-Nov-2022 06:53:00.081,-35.20366857506433,-5.794022339160111,4.325422763824463,6.0,22.318680343509115,203.59860229492188,-1.2,6.76,6.99,0.01,20.78,0,-0.1,0.12,-0.1,29.41,15.29,14.7,22.35,95,29.7,19.38,1011.63,14.65,598.7,1,284.15,-,244.42,1919,0,84,8.41,69.8,53.73,2014,22.35,0.93,6.28,104.71,30.2,-14.06,-7.03,-3.91,-,0.69,6,22.32,203.6,-5.79,-35.2,19,4.6,11.28,42,1.43,12.45,8.03,17.19,4.05,35.18,0.33,0.79,60.05,0,39.95,1488.96,10.98,1123,15.57,15,23.53,19.5,39.88,11.15,8.97,31.49,5.37,325.45,1013.11,661.94,351.17,-3.84,14.04,14.4,47
Fri Nov 04 06:53:00 GMT-03:00 2022,04-Nov-2022 06:53:01.081,-35.203690295733324,-5.794070183708342,5.8354597091674805,6.0,22.22270751234731,201.91476440429688,-0.68,6.63,6.93,-0.01,23.14,-0.03,-0.08,0.07,-0.1,29.8,15.29,14.7,22.35,95,29.68,19.38,1011.63,14.65,598.7,1,286.25,1177.38,244.41,1919,0,84,8.41,68.24,58.43,2120.5,22.35,0.94,6.68,111.28,30.2,-14.06,-2.34,-3.91,-,0.69,6,22.22,201.91,-5.79,-35.2,19,4.43,11.28,42,2.25,12.45,8.03,18.27,6.35,35.18,0.74,0.77,60.09,0,39.91,1491.42,13.33,1124,21.01,20,23.14,21,39.88,11.14,8.98,31.46,5.38,325.46,1014.09,662.92,351.17,-5.7,14.12,14.4,51
Fri Nov 04 06:53:01 GMT-03:00 2022,04-Nov-2022 06:53:02.082,-35.203716241834776,-5.7941286591616326,7.100411415100098,6.0,22.28948238992468,198.97732543945312,-0.74,6.18,7.32,-0.01,22.35,-0.02,-0.06,0.06,-0.06,29.02,14.9,14.7,22.35,95,29.67,19.38,1011.61,14.65,605.2,1,287.57,849.69,238.06,1919,0,84,13.37,68.24,56.08,2109.5,22.35,0.94,6.42,107.08,29.41,-14.06,-2.34,-3.91,-,0.69,6,22.29,198.98,-5.79,-35.2,15,0.44,17.94,42,3.11,12.45,8.03,17.58,8.79,35.17,0.74,0.77,60.13,0,39.87,1494.45,12.55,1125,25.56,26,23.14,21,60.54,11.13,8.99,31.43,5.38,325.46,1015.1,663.94,351.17,-6.47,14.12,14.1,52
Fri Nov 04 06:53:02 GMT-03:00 2022,04-Nov-2022 06:53:03.082,-35.20374163760735,-5.79419837400523,8.133369445800781,6.0,22.113425666862245,198.57347106933594,-0.37,5.96,7.91,0.02,22.35,0.06,-0.1,0.09,0.01,29.02,14.9,14.7,22.35,95,29.67,19.38,1011.63,14.65,614.6,1,287.57,849.69,238.06,1919,0,84,13.37,66.27,56.08,2109.5,22.35,0.94,6.42,107.08,29.41,-14.06,0.78,-3.12,-,0.69,6,22.11,198.57,-5.79,-35.2,17,0.44,17.94,42,3.11,12.45,8.03,17.58,8.79,35.17,0.76,0.75,60.17,0,39.83,1494.45,10.59,1125,29.28,26,21.57,21.5,60.54,11.13,8.99,31.43,5.38,325.46,1016.1,664.93,351.17,-6.47,14.16,14.3,52
Fri Nov 04 06:53:03 GMT-03:00 2022,04-Nov-2022 06:53:04.082,-35.203767318755375,-5.7942743381474,8.64034366607666,8.0,21.631304121899326,199.36077880859375,-0.49,5.38,8.05,-0,20,-0.01,-0.03,-0.01,0,23.14,12.16,14.7,22.35,95,29.67,19.4,1011.57,14.65,614.6,1,287.8,385.17,238.05,1919,0,84,10.81,41.96,47.84,1733.5,22.35,0.94,3.79,63.1,29.41,-15.62,-3.91,-1.56,-,0.7,8,21.63,199.36,-5.79,-35.2,16,1.72,14.5,42,6.87,12.45,8.03,10.36,19.4,35.17,0.09,0.74,60.2,0,39.8,1496.8,4.31,1127,31.11,31,15.69,0,59.54,11.12,8.99,31.42,5.39,325.48,1017.1,665.93,351.17,-9.8,14.16,14.4,47
Fri Nov 04 06:53:04 GMT-03:00 2022,04-Nov-2022 06:53:05.082,-35.20379487971622,-5.79434489402406,8.221878051757812,8.0,21.443186032574154,201.97862243652344,-0.04,4.97,9.14,0.07,14.12,0.04,-0.04,-0.07,0.11,14.9,7.45,14.7,22.35,95,29.68,19.41,1011.59,14.65,618.5,1,287.38,110.7,238.05,1919,0,84,10.81,21.57,21.96,1446,22.35,0.94,1.3,21.62,29.41,-17.97,1.56,2.34,-,0.7,8,21.44,201.98,-5.79,-35.2,13,0.11,14.5,41,23.89,12.45,8.03,3.55,67.5,35.17,0.35,0.74,60.24,0,39.76,1494.61,4.31,1128,29.6,31,13.33,-4.5,59.54,11.14,8.98,31.46,5.4,325.48,1018.1,666.93,351.17,-12.63,14.18,14.4,38
Fri Nov 04 06:53:05 GMT-03:00 2022,04-Nov-2022 06:53:06.083,-35.203820701085796,-5.794407805897173,7.176529407501221,8.0,21.68690793017263,200.271484375,-0.2,3.75,8.91,-0,12.94,-0.01,0,-0.17,0.09,14.9,7.45,14.7,22.35,95,29.67,19.42,1011.67,14.65,618.5,1,286.92,89.8,238.06,1919,0,84,10.81,19.22,16.08,1178,22.35,0.94,1.05,17.54,29.41,-17.97,0,2.34,-,0.7,8,21.69,200.27,-5.79,-35.2,15,1.6,14.5,41,29.45,12.45,8.03,2.88,83.2,35.18,0.35,0.74,60.28,0,39.72,1493.24,3.14,1129,25.84,28,13.33,-13,59.54,11.16,8.96,31.52,5.41,325.49,1019.08,667.91,351.17,-12.69,14.18,14.4,32
Fri Nov 04 06:53:06 GMT-03:00 2022,04-Nov-2022 06:53:07.083,-35.20383924851063,-5.794459515488294,5.827947616577148,6.0,21.85377266999043,201.27679443359375,0.62,3.69,9.37,0.04,12.55,0.04,-0.06,-0.11,0.13,14.9,7.45,16.66,22.35,95,29.67,19.42,1011.66,14.65,618.9,1.13,286.92,89.8,238.06,1919,0,84,10.81,19.22,15.69,1178,22.35,0.94,1.05,17.54,29.41,-18.75,0,0,-,0.7,6,21.85,201.28,-5.79,-35.2,18,1.6,14.5,41,29.45,12.45,8.03,2.88,83.2,35.18,0.01,0.05,60.32,0,39.68,1493.24,2.75,1129,20.98,28,12.94,-13,59.54,11.16,8.96,31.52,5.41,325.49,1020.1,668.94,351.17,-12.69,14.12,14.4,32
Fri Nov 04 06:53:07 GMT-03:00 2022,04-Nov-2022 06:53:08.082,-35.20385135827954,-5.794492982992226,3.488295316696167,6.0,20.975580268146587,202.80870056152344,-0.25,3.11,9.75,0.05,12.16,0.04,-0.01,-0.24,0.18,14.9,7.45,13.36,22.35,95,29.65,19.42,1011.73,14.65,618.9,0.91,286.45,82.17,238.06,1919,0,84,-,20,15.69,916.5,22.35,0.94,0.87,14.5,29.41,-19.53,0,0,-,0.7,6,20.98,202.81,-5.79,-35.2,21,2.98,-,42,32.19,12.45,8.03,2.38,90.93,35.18,0.89,0.1,60.36,0,39.64,1490.08,2.35,1130,12.56,18,12.55,6.5,-,11.18,8.94,31.6,5.42,325.5,1021.09,669.92,351.17,-12.66,14.12,14.4,27
Fri Nov 04 06:53:08 GMT-03:00 2022,04-Nov-2022 06:53:09.081,-35.2038568540534,-5.7945083189004984,1.009455919265747,6.0,21.121973077796376,203.5464324951172,-0.43,3.22,9.61,0.05,13.73,0.03,-0.04,-0.23,0.16,14.9,7.45,13.25,22.35,95,29.61,19.41,1011.78,14.65,618.6,0.9,286.24,196.55,238.07,1919,0,84,-,28.24,16.47,883.5,22.35,0.94,1.34,22.29,29.41,-17.19,0,0,-,0.7,6,21.12,203.55,-5.79,-35.2,23,3.56,-,42,13.46,12.45,8.03,3.66,38.01,35.18,0.88,0.12,60.4,0,39.6,1489.09,3.53,1131,3.63,9,14.51,16.5,-,11.19,8.94,31.6,5.42,325.5,1022.09,670.92,351.17,-10.71,14.12,14.4,27
Fri Nov 04 06:53:09 GMT-03:00 2022,04-Nov-2022 06:53:10.082,-35.2038568540534,-5.7945083189004984,0.27526816725730896,6.0,20.759825377307028,203.63351440429688,-0.35,5.3,7.98,-0.01,13.73,-0.02,-0.02,-0.02,0,14.9,7.45,13.31,22.35,95,29.61,19.39,1011.78,14.65,618.6,0.91,286.24,-,238.07,1919,0,84,-,33.73,27.45,901.5,22.35,0.94,1.44,24,29.41,-17.97,0,0,-,0.7,6,20.76,203.63,-5.79,-35.2,19,3.63,-,42,6.25,12.45,8.03,3.94,17.66,35.18,0.88,0.12,60.37,0,39.63,1489.09,3.53,1132,0.99,0,13.33,-4,-,11.18,8.94,31.59,5.42,325.5,1023.09,671.22,351.87,-10.25,14.08,14.4,28
Fri Nov 04 06:53:10 GMT-03:00 2022,04-Nov-2022 06:53:11.081,-35.2038568540534,-5.7945083189004984,0.10400450229644775,6.0,20.58271346875005,203.65452575683594,-0.4,5.07,8.36,0.01,12.94,0,-0.02,-0.04,0.03,14.9,7.45,13.31,22.35,95,29.61,19.39,1011.78,14.65,618.6,0.91,286.24,-,276.16,1919,0,85,-,33.73,23.92,901.5,22.35,0.94,1.03,17.24,34.12,-17.97,0,0,-,0.7,6,20.58,203.65,-5.79,-35.2,18,3.63,-,42,0,12.45,8.03,2.83,0,35.18,0.88,0.12,60.31,0,39.69,1489.09,3.14,1134,0.37,0,13.33,-4,-,11.18,8.94,31.58,5.42,325.5,1024.09,671.22,352.87,-11.55,14.08,14.4,26
Fri Nov 04 06:53:11 GMT-03:00 2022,04-Nov-2022 06:53:12.082,-35.2038568540534,-5.7945083189004984,0.13794046640396118,6.0,20.55464536172364,203.69369506835938,-0.34,5.76,7.84,0,12.94,0,-0.02,0.02,-0.01,14.9,7.45,13.33,22.35,95,29.61,19.36,1011.75,14.65,617,0.91,286.24,-,276.16,1919,0,85,-,29.8,23.53,754.5,22.35,0.94,1.03,17.24,34.12,-18.75,0,0,-,0.7,6,20.55,203.69,-5.79,-35.2,20,0.37,-,42,0,12.45,8.03,2.83,0,35.18,0.88,0.14,60.25,0,39.75,1489.09,2.75,1135,0.5,0,13.33,3.5,-,11.18,8.94,31.58,5.42,325.5,1025.08,671.22,353.87,-11.55,14.1,14.4,26
Fri Nov 04 06:53:12 GMT-03:00 2022,04-Nov-2022 06:53:13.081,-35.20387168743429,-5.794544234593031,1.609275460243225,6.0,20.50062770077661,203.9412384033203,-0.44,6.31,7.45,0.01,16.47,0,-0.03,0.08,-0.04,23.92,12.16,14.38,22.35,95,29.61,19.34,1011.76,14.65,617,0.98,286.24,-,276.16,1919,0,85,-,48.63,34.51,1345.5,22.35,0.95,2.65,44.1,34.12,-14.84,0,0,-,0.7,6,20.5,203.94,-5.79,-35.2,18,0.5,-,42,0,12.45,8.03,7.24,0,35.18,0.86,0.9,60.19,0,39.81,1489.09,6.67,1136,5.79,0,17.65,-2.5,-,11.18,8.94,31.58,5.42,325.5,1026.09,671.22,354.87,-5.27,14.12,14.4,35
Fri Nov 04 06:53:13 GMT-03:00 2022,04-Nov-2022 06:53:14.081,-35.20387531733325,-5.79456530843597,2.246551990509033,6.0,20.54535753711399,204.0361328125,-0.44,6.19,7.36,-0.01,16.86,-0.01,-0.03,0.07,-0.06,26.67,13.73,14.7,22.35,95,29.57,19.32,1011.73,14.65,617,1,286.24,-,276.16,1919,0,85,-,42.35,36.86,1345.5,22.35,0.95,2.65,44.1,34.12,-14.84,2.34,0.78,-,0.7,6,20.55,204.04,-5.79,-35.2,20,0.79,-,42,0,12.45,8.03,7.24,0,35.18,0.74,0.86,60.13,0,39.87,1489.09,7.06,1136,8.09,5,16.47,20,-,11.18,8.94,31.58,5.42,325.5,1027.09,672.21,354.87,-5.27,14.08,14.4,35
Fri Nov 04 06:53:14 GMT-03:00 2022,04-Nov-2022 06:53:15.083,-35.20388649190738,-5.794590019907186,3.0350289344787598,6.0,20.393870412281952,203.33119201660156,-0.44,6.09,7.88,0.03,16.86,-0.04,-0.07,0.07,-0.1,26.67,13.73,14.7,22.35,95,29.54,19.31,1011.72,14.65,617,1,286.24,-,253.94,1919,0,86,-,53.33,36.86,1879,22.35,0.95,4.65,77.48,31.37,-14.84,2.34,0.78,-,0.7,6,20.39,203.33,-5.79,-35.2,19,4.91,-,41,1.08,12.45,8.03,12.72,3.04,35.18,0.74,0.86,60.1,0,39.9,1490.95,7.06,1138,10.93,13,20,21.5,-,11.17,8.95,31.55,5.42,325.51,1028.08,673.21,354.87,-5.32,14.08,14.4,42
Fri Nov 04 06:53:15 GMT-03:00 2022,04-Nov-2022 06:53:16.082,-35.203904361139074,-5.794629208843772,4.797147750854492,6.0,20.41206014930827,203.2042694091797,-0.62,5.38,8.14,0.01,18.04,0,-0.04,-0.01,0.01,14.9,7.45,14.7,22.35,95,29.51,19.31,1011.73,14.65,611.9,1,286.24,-,253.94,1919,0,86,4.9,36.08,36.86,1588.5,22.35,0.95,2.61,43.43,31.37,-14.06,-2.34,0.78,-,0.7,6,20.41,203.2,-5.79,-35.2,20,5.07,6.57,41,4.99,12.45,8.03,7.13,14.09,35.18,0.81,0.8,60.14,0,39.86,1492.73,8.24,1139,17.27,16,15.29,1.5,29.46,11.16,8.96,31.53,5.43,325.51,1029.1,674.22,354.87,-10.92,14.04,14.4,38
Fri Nov 04 06:53:16 GMT-03:00 2022,04-Nov-2022 06:53:17.083,-35.20392007844643,-5.794671730802953,4.798478126525879,6.0,20.301219059132997,203.3120880126953,-0.75,5.18,8.24,0.01,14.12,-0.02,-0.07,-0.06,0.01,14.9,7.45,14.7,22.35,95,29.49,19.31,1011.8,14.65,611.9,1,286.06,209.64,253.93,1919,0,86,4.9,25.49,24.31,1228,22.35,0.95,1.27,21.14,31.37,-15.62,1.56,-1.56,-,0.7,6,20.3,203.31,-5.79,-35.2,21,0.27,6.57,41,12.62,12.45,8.03,3.47,35.64,35.18,0.09,0.8,60.18,0,39.82,1494.7,4.31,1140,17.27,17,13.33,6,29.46,11.16,8.96,31.53,5.43,325.51,1030.08,675.21,354.87,-12.5,14.08,14.4,32
Fri Nov 04 06:53:17 GMT-03:00 2022,04-Nov-2022 06:53:18.082,-35.203935264386466,-5.7947146598281565,4.799223899841309,6.0,20.05118827022175,203.21522521972656,-0.53,5.35,7.87,-0.02,12.94,-0.02,-0.03,-0.01,-0.01,14.9,7.45,14.7,22.35,95,29.47,19.3,1011.79,14.65,611.9,1,285.82,183.09,250.76,1919,0,86,0.86,25.49,21.18,926,22.35,0.95,1.18,19.61,30.98,-17.97,1.56,2.34,-,0.7,6,20.05,203.22,-5.79,-35.2,20,0.27,1.16,41,14.45,12.45,8.03,3.22,40.81,35.18,0.16,0.82,60.22,0,39.78,1493.13,3.14,1141,17.28,17,13.33,6,8.91,11.17,8.96,31.54,5.44,325.52,1031.09,676.22,354.87,-12.07,14.08,14.3,28
Fri Nov 04 06:53:18 GMT-03:00 2022,04-Nov-2022 06:53:19.081,-35.20395580339224,-5.794764366458363,5.596255302429199,6.0,20.047487867380863,203.172607421875,-0.75,6,7.64,0,12.94,0.04,0,0.05,0.03,14.9,7.45,14.7,22.35,95,29.47,19.3,1011.79,14.65,611.9,1,285.82,183.09,250.76,1919,0,86,0.86,58.43,21.18,926,22.35,0.95,1.18,19.61,30.98,-14.06,0,-3.91,-,0.7,6,20.05,203.17,-5.79,-35.2,22,0.27,1.16,41,14.45,12.45,8.03,3.22,40.81,35.18,0.78,0.86,60.26,0,39.74,1493.13,3.14,1141,20.15,17,18.82,21,8.91,11.17,8.96,31.54,5.44,325.52,1032.09,677.22,354.87,-12.07,14.04,14.4,28
Fri Nov 04 06:53:19 GMT-03:00 2022,04-Nov-2022 06:53:20.081,-35.20397473325821,-5.7948169762998845,6.119799613952637,6.0,19.74258567318816,202.58787536621094,0.11,5.82,7.4,-0.03,17.25,-0.04,0.02,0.03,-0.05,24.31,12.55,14.7,22.35,95,29.45,19.31,1011.83,14.65,611.9,1,286.37,520.85,250.76,1919,0,86,7.31,45.88,40,1698,22.35,0.95,3.35,55.79,30.98,-14.84,-2.34,-0.78,-,0.71,6,19.74,202.59,-5.79,-35.2,21,1.85,9.81,41,5.08,12.45,8.03,9.16,14.34,35.18,0.18,0.83,60.29,0,39.71,1494.76,7.84,1143,22.03,22,17.25,23,41.12,11.16,8.96,31.52,5.45,325.53,1033.09,678.21,354.87,-4.92,14.12,14.4,37
Fri Nov 04 06:53:20 GMT-03:00 2022,04-Nov-2022 06:53:21.081,-35.20399949718362,-5.794877115213932,7.317194938659668,6.0,19.659984816876662,202.43789672851562,-0.42,6,7.94,0.03,16.08,0,-0.02,0.03,-0.01,23.53,12.16,14.7,22.35,95,29.45,19.31,1011.81,14.65,611.9,1,286.5,346.24,250.75,1919,0,86,7.31,44.71,35.29,1456.5,22.35,0.95,2.88,48,30.98,-14.84,-3.91,-3.91,-,0.71,6,19.66,202.44,-5.79,-35.2,16,2.97,9.81,41,7.64,12.45,8.03,7.88,21.58,35.17,0.22,0.81,60.33,0,39.67,1498.46,6.27,1144,26.34,25,16.47,21,41.12,11.15,8.97,31.51,5.45,325.53,1034.1,679.23,354.87,-10.08,14.12,14.4,36
Fri Nov 04 06:53:21 GMT-03:00 2022,04-Nov-2022 06:53:22.083,-35.20402596262355,-5.7949446286026145,8.096511840820312,6.0,19.690272674121026,202.51039123535156,-0.14,5.93,8.1,0.04,16.08,0.02,0,0.04,0.01,23.53,12.16,14.7,22.35,95,29.44,19.32,1011.88,14.65,611.9,1,286.52,293.09,250.75,1919,0,86,8.07,44.31,36.08,1435,22.35,0.95,2.77,46.17,30.98,-14.84,0,-2.34,-,0.71,6,19.69,202.51,-5.79,-35.2,19,0.66,10.83,41,9.02,12.45,8.03,7.58,25.49,35.17,0.75,0.79,60.37,0,39.63,1501.62,6.27,1145,29.15,27,16.47,21,53.73,11.15,8.97,31.5,5.46,325.54,1035.08,680.21,354.87,-9.53,14.06,14.4,35
Fri Nov 04 06:53:22 GMT-03:00 2022,04-Nov-2022 06:53:23.082,-35.20405365173819,-5.795018587047594,9.003950119018555,6.0,19.997203330058863,202.79481506347656,-0.43,6.14,7.36,-0.01,18.43,0,-0.01,0.07,-0.03,25.88,13.33,14.7,22.35,95,29.44,19.32,1011.89,14.65,614.8,1,286.52,293.09,250.75,1919,0,86,8.07,44.31,48.24,1435,22.35,0.95,2.77,46.17,30.98,-14.84,0,-2.34,-,0.71,6,20,202.79,-5.8,-35.2,21,0.66,10.83,41,9.02,12.45,8.03,7.58,25.49,35.17,0.75,0.79,60.41,0,39.59,1501.62,8.63,1145,32.41,27,16.47,21,53.73,11.15,8.97,31.5,5.46,325.54,1036.09,681.22,354.87,-9.53,14.06,14.4,35
Fri Nov 04 06:53:23 GMT-03:00 2022,04-Nov-2022 06:53:24.081,-35.204086982550784,-5.795100666054758,9.895713806152344,6.0,19.880027632774755,202.6792449951172,-0.14,6.11,7.94,0.03,18.04,0.01,0,0.01,0.02,23.92,12.55,14.7,22.35,95,29.45,19.34,1011.93,14.65,614.8,1,286.77,395.61,247.58,1919,0,85,11.56,60.39,47.84,1519,22.35,0.96,4.04,67.31,30.59,-14.84,-3.91,-5.47,-,0.71,6,19.88,202.68,-5.8,-35.2,19,0.59,15.5,40,6.69,12.45,8.03,11.05,18.89,35.17,0.41,0.77,60.45,0,39.55,1503.42,8.24,1146,35.62,33,18.82,18.5,72.64,11.15,8.97,31.49,5.47,325.55,1037.08,682.21,354.87,-7.07,14.1,14.4,39
Fri Nov 04 06:53:24 GMT-03:00 2022,04-Nov-2022 06:53:25.081,-35.20412125465384,-5.79518803236275,10.505770683288574,6.0,19.729148751948525,203.09031677246094,-0.62,5.53,8.27,0.03,14.12,-0.01,-0.03,-0.06,0.03,14.9,7.45,14.7,22.35,95,29.46,19.36,1012.01,14.65,617.2,1,286.77,288.82,247.57,1919,0,85,15.96,52.55,23.92,1457.5,22.35,0.96,3.6,60.06,30.59,-14.84,-3.12,-4.69,-,0.71,6,19.73,203.09,-5.8,-35.2,18,1.38,21.4,40,9.16,12.45,8.03,9.86,25.87,35.17,0.73,0.76,60.49,0,39.51,1509.5,4.31,1147,37.82,37,16.47,-3,104.54,11.14,8.97,31.48,5.47,325.56,1038.1,683.23,354.87,-8.28,14.14,14.4,40
Fri Nov 04 06:53:25 GMT-03:00 2022,04-Nov-2022 06:53:26.082,-35.20415929798198,-5.7952763115056625,10.865470886230469,6.0,19.362321588219242,202.80734252929688,-0.62,5.11,8.12,-0.01,12.94,-0.01,-0.04,-0.03,0.01,14.9,7.45,14.7,22.35,95,29.48,19.38,1012.11,14.65,617.2,1,286.33,91.96,247.57,1919,0,85,15.96,21.96,23.92,1398,22.35,0.96,1.29,21.44,30.59,-17.19,0,0.78,-,0.71,6,19.36,202.81,-5.8,-35.2,15,1.18,21.4,40,28.76,12.45,8.03,3.52,81.25,35.18,0.09,0.75,60.52,0,39.48,1513.76,3.14,1148,39.12,39,13.33,-1,104.54,11.16,8.96,31.54,5.49,325.57,1039.09,684.22,354.87,-12.28,14.14,14.4,34
Fri Nov 04 06:53:26 GMT-03:00 2022,04-Nov-2022 06:53:27.081,-35.204195454647625,-5.795366149855311,10.868236541748047,6.0,18.86241808535026,202.85610961914062,-0.8,5.18,7.85,-0.03,12.94,0.07,-0.01,0,0.1,14.9,7.45,14.7,22.35,95,29.5,19.41,1012.19,14.65,617.2,1,285.87,82.54,247.58,1919,0,86,15.96,19.61,15.29,1273.5,22.35,0.96,1.22,20.28,30.59,-17.19,0,0.78,-,0.71,6,18.86,202.86,-5.8,-35.2,16,0.12,21.4,40,32.05,12.45,8.03,3.33,90.52,35.18,0.09,0.75,60.56,0,39.44,1508.57,3.14,1150,39.13,39,13.33,-1,104.54,11.19,8.94,31.61,5.5,325.59,1040.1,685.23,354.87,-12.31,14.14,14.4,30
Fri Nov 04 06:53:27 GMT-03:00 2022,04-Nov-2022 06:53:28.082,-35.2042299988016,-5.795459102706851,11.010111808776855,6.0,18.641193008472207,203.26776123046875,-0.15,5.41,7.62,-0.04,13.33,-0.04,0,0,-0.03,14.9,7.84,29.4,22.35,95,29.5,19.41,1012.24,14.65,617.9,2,285.4,79.81,247.59,1919,0,86,15.96,19.61,15.69,1311,22.35,0.96,1.18,19.61,30.59,-17.97,0,0,-,0.71,6,18.64,203.27,-5.8,-35.2,16,0.12,21.4,41,33.14,12.45,8.03,3.22,93.62,35.18,0,0.03,60.6,0,39.4,1508.57,3.14,1151,39.64,39,13.33,-11.5,104.54,11.22,8.92,31.68,5.5,325.59,1041.09,686.22,354.87,-12.16,14.08,14.4,26
Fri Nov 04 06:53:28 GMT-03:00 2022,04-Nov-2022 06:53:29.082,-35.20426693135442,-5.795554167090644,11.329985618591309,6.0,18.578137627102922,203.3426971435547,-1.02,5.06,7.71,-0.04,14.12,0,-0.04,0,0,21.18,10.98,19.52,22.35,95,29.54,19.46,1012.3,14.65,617.9,1.33,285.08,146.21,247.6,1919,0,86,4.1,34.12,20.78,1352.5,22.35,0.96,2.21,36.85,30.59,-17.19,0,0,-,0.71,6,18.58,203.34,-5.8,-35.2,16,1.36,5.5,41,18.09,12.45,8.03,6.05,51.1,35.18,0.01,0.01,60.64,0,39.36,1517.34,4.31,1152,40.79,41,13.33,6,29.89,11.22,8.91,31.71,5.53,325.61,1042.09,687.22,354.87,-10.11,14.14,14.3,27
Fri Nov 04 06:53:29 GMT-03:00 2022,04-Nov-2022 06:53:30.082,-35.20430016123398,-5.795659856476919,11.942216873168945,6.0,17.557678820676053,202.85536193847656,-0.28,6.2,8.77,0.11,15.29,0.09,-0.01,0.07,0.08,22.35,11.76,13.51,22.35,95,29.54,19.46,1012.36,14.65,617.9,0.92,285.08,146.21,247.6,1919,0,86,4.1,34.12,29.02,1352.5,22.35,0.96,2.21,36.85,30.59,-15.62,0,0,-,0.71,6,17.56,202.86,-5.8,-35.2,17,1.36,5.5,41,18.09,12.45,8.03,6.05,51.1,35.18,0.86,0.08,60.67,0,39.33,1517.34,5.49,1153,42.99,41,15.69,22.5,29.89,11.22,8.91,31.71,5.53,325.61,1043.09,688.22,354.87,-10.11,14.08,14.3,27
Fri Nov 04 06:53:30 GMT-03:00 2022,04-Nov-2022 06:53:31.083,-35.204339605971995,-5.795761269922201,12.058823585510254,6.0,17.294763851919967,202.2300567626953,-0.65,5.95,7.97,0.03,15.29,-0.02,-0.02,0.01,-0.02,22.35,11.76,13.51,22.35,95,29.56,19.49,1012.4,14.65,617.9,0.92,284.87,189.79,247.6,1919,0,86,4.1,55.29,29.02,1339.5,22.35,0.96,2.94,49.03,30.59,-15.62,0,0,-,0.71,6,17.29,202.23,-5.8,-35.2,18,1.01,5.5,41,13.94,12.45,8.03,8.05,39.37,35.18,0.88,0.13,60.71,0,39.29,1523.31,5.49,1153,43.41,44,20.39,12,29.89,11.23,8.91,31.72,5.53,325.61,1044.08,689.21,354.87,-8.79,14.08,14.3,30
Fri Nov 04 06:53:31 GMT-03:00 2022,04-Nov-2022 06:53:32.082,-35.20437940769316,-5.795868953876536,12.537942886352539,6.0,16.916224074095414,202.58950805664062,-0.49,6.21,8.06,0.05,19.22,0.03,-0.03,0.07,0,25.1,12.94,13.64,22.35,95,29.59,19.52,1012.36,14.65,614.9,0.93,284.82,261,247.6,1919,0,86,4.38,63.53,52.55,1484,22.35,0.96,4.34,72.36,30.59,-14.84,-0.78,-1.56,-,0.71,6,16.92,202.59,-5.8,-35.2,20,1.59,5.88,41,10.13,12.45,8.03,11.88,28.63,35.18,0.75,0.87,60.75,0,39.25,1527.67,9.41,1155,45.14,45,19.61,18,28.21,11.23,8.91,31.71,5.55,325.63,1045.11,690.23,354.87,-5.92,14.12,14.4,38
Fri Nov 04 06:53:32 GMT-03:00 2022,04-Nov-2022 06:53:33.083,-35.204421304276,-5.795978720450366,12.677674293518066,6.0,16.64713611954658,201.95587158203125,-0.87,6.38,8.2,0.07,19.22,0.04,0.02,0.02,0.04,25.1,12.94,14.7,22.35,95,29.62,19.55,1012.39,14.65,614.9,1,284.77,264.86,247.6,1919,0,86,4.38,63.53,50.98,1502.5,22.35,0.97,4.51,75.1,30.59,-14.06,0,-1.56,-,0.72,6,16.65,201.96,-5.8,-35.2,17,0.14,5.88,40,9.99,12.45,8.03,12.33,28.21,35.18,0.73,0.81,60.79,0,39.21,1525.45,9.02,1156,45.64,45,19.61,18,28.21,11.22,8.91,31.71,5.55,325.64,1046.11,691.24,354.87,-6.47,14.12,14.4,42
Fri Nov 04 06:53:33 GMT-03:00 2022,04-Nov-2022 06:53:34.085,-35.20445815279676,-5.796094745181659,12.979442596435547,6.0,16.70994557187584,201.49656677246094,-0.11,6.07,8.63,0.09,19.22,0.07,0,0.05,0.06,25.49,12.94,14.7,22.35,95,29.65,19.58,1012.33,14.65,611.9,1,284.73,266.58,247.6,1919,0,86,2.22,63.53,51.76,1518,22.35,0.97,4.54,75.59,30.59,-14.06,0,-1.56,-,0.72,6,16.71,201.5,-5.8,-35.2,18,0.36,2.98,40,9.92,12.45,8.03,12.41,28.03,35.18,0.73,0.81,60.82,0,39.18,1529.18,9.41,1157,46.73,46,19.61,18,13.99,11.22,8.91,31.7,5.57,325.65,1047.09,692.21,354.87,-6.55,14.12,14.3,45
Fri Nov 04 06:53:34 GMT-03:00 2022,04-Nov-2022 06:53:35.081,-35.20449775364716,-5.796204645138912,12.677068710327148,6.0,16.698746945916394,201.82571411132812,-0.81,5.47,8,0,16.86,-0.03,-0.02,0.02,-0.03,25.49,12.94,14.7,22.35,95,29.65,19.58,1012.33,14.65,612.5,1,284.73,266.58,247.6,1919,0,86,2.22,63.53,51.76,1518,22.35,0.97,4.54,75.59,30.59,-14.84,-3.12,-1.56,-,0.72,6,16.7,201.83,-5.8,-35.2,17,0.36,2.98,40,9.92,12.45,8.03,12.41,28.03,35.18,0.09,0.77,60.86,0,39.14,1529.18,6.67,1157,45.64,46,18.82,18,13.99,11.22,8.91,31.7,5.57,325.65,1048.09,693.22,354.87,-6.55,14.02,14.3,45
Fri Nov 04 06:53:35 GMT-03:00 2022,04-Nov-2022 06:53:36.081,-35.2045318015441,-5.796310752707237,12.111536979675293,8.0,16.579069494085793,201.81015014648438,0.12,5.43,8.24,0.02,16.86,0.05,0,0,0.08,14.9,7.45,14.7,22.35,95,29.67,19.61,1012.24,14.65,612.5,1,284.33,104.44,247.6,1919,0,86,2.22,32.16,36.47,1326.5,22.35,0.97,1.82,30.27,30.59,-17.19,-1.56,-0.78,-,0.72,8,16.58,201.81,-5.8,-35.2,17,0.64,2.98,40,25.32,12.45,8.03,4.97,71.54,35.18,0.09,0.76,60.9,0,39.1,1523.95,3.14,1159,43.6,45,13.33,-3,13.99,11.24,8.9,31.75,5.59,325.67,1049.09,694.22,354.87,-11.44,14.14,14.4,39
Fri Nov 04 06:53:36 GMT-03:00 2022,04-Nov-2022 06:53:37.082,-35.20456598902963,-5.796404690323727,11.16763973236084,6.0,16.61038555969064,201.36390686035156,-0.45,4.78,7.72,-0.06,12.94,0,-0.01,-0.03,0.02,14.9,7.45,14.7,22.35,95,29.7,19.63,1012.2,14.65,613,1,283.85,70.24,247.61,1919,0,86,2.22,20.39,16.86,1318.5,22.35,0.97,1.2,19.92,30.59,-17.97,-2.34,-3.12,-,0.72,6,16.61,201.36,-5.8,-35.2,15,1.6,2.98,40,37.65,12.45,8.03,3.27,106.37,35.18,0.81,0.76,60.94,0,39.06,1520.87,3.14,1160,40.2,42,13.33,-9,13.99,11.24,8.89,31.76,5.6,325.68,1050.1,695.23,354.87,-12.23,14.08,14.4,33
Fri Nov 04 06:53:37 GMT-03:00 2022,04-Nov-2022 06:53:38.082,-35.20459603252067,-5.796493911968519,10.028307914733887,6.0,16.649655479633623,201.47007751464844,-0.7,5.36,8.53,0.04,12.94,0,-0.03,-0.05,0.04,14.9,7.45,14.7,22.35,95,29.71,19.66,1012.1,14.65,613,1,283.38,75.26,247.61,1919,0,86,-,19.22,15.69,1318,22.35,0.97,1.2,19.92,30.59,-17.97,0,0,-,0.72,6,16.65,201.47,-5.8,-35.2,20,2.2,-,40,35.14,12.45,8.03,3.27,99.28,35.18,0.01,0.75,60.97,0,39.03,1519.57,3.14,1161,36.1,38,13.33,-11.5,-,11.27,8.87,31.84,5.61,325.69,1051.09,696.22,354.87,-12.22,14.08,14.4,29
Fri Nov 04 06:53:38 GMT-03:00 2022,04-Nov-2022 06:53:39.083,-35.20462406670454,-5.796573370014912,8.594032287597656,6.0,16.479659839296396,201.29200744628906,-0.29,5.06,8.15,-0.01,12.94,0,0.01,-0.02,0.03,14.9,7.45,29.4,22.35,95,29.71,19.66,1012.05,14.65,613,2,283.38,75.26,247.61,1919,0,86,-,19.22,16.47,1318,22.35,0.97,1.2,19.92,30.59,-17.97,0,0,-,0.72,6,16.48,201.29,-5.8,-35.2,20,2.2,-,40,35.14,12.45,8.03,3.27,99.28,35.18,0.01,0.75,61.01,0,38.99,1519.57,3.14,1162,30.94,38,13.33,-11.5,-,11.27,8.87,31.84,5.61,325.69,1052.09,697.22,354.87,-12.22,14.08,14.4,29
Fri Nov 04 06:53:39 GMT-03:00 2022,04-Nov-2022 06:53:40.082,-35.204648865622126,-5.796646928667514,7.976367950439453,6.0,16.632745981262566,201.17996215820312,-1.42,6.62,7.85,0.07,18.82,0.02,-0.01,0.14,-0.07,27.45,14.12,14.07,22.35,95,29.71,19.67,1011.94,14.65,612.5,0.96,282.93,79.62,247.62,1919,0,86,-,33.73,53.73,1237,22.35,0.97,1.14,19.07,30.59,-14.84,0,0,-,0.72,6,16.63,201.18,-5.8,-35.2,19,1.94,-,40,33.22,12.45,8.03,3.13,93.84,35.18,0.09,0.05,61.05,0,38.95,1515.09,9.02,1162,28.71,29,18.82,5,-,11.3,8.85,31.91,5.62,325.7,1053.09,698.22,354.87,-12.32,14.12,14.4,26
Fri Nov 04 06:53:40 GMT-03:00 2022,04-Nov-2022 06:53:41.081,-35.204674740294315,-5.796719815571334,7.841033458709717,6.0,17.258654671088593,201.39007568359375,-0.61,5.71,7.81,-0,19.22,-0.03,-0.1,0.1,-0.12,28.63,14.51,14.31,22.35,95,29.71,19.68,1011.82,14.65,612.5,0.97,283.13,373.99,247.63,1919,0,86,-,66.27,52.94,1339.5,22.35,0.97,4.1,68.34,30.59,-14.84,0,0,-,0.72,6,17.26,201.39,-5.8,-35.2,21,0.71,-,40,7.07,12.45,8.03,11.22,19.98,35.18,0.88,0.89,61.08,0,38.92,1514.57,9.41,1163,28.23,28,19.61,16.5,-,11.29,8.86,31.9,5.62,325.71,1054.08,699.21,354.87,-5.75,14.12,14.4,34
Fri Nov 04 06:53:41 GMT-03:00 2022,04-Nov-2022 06:53:42.082,-35.204698362003015,-5.796786365301327,7.480254173278809,6.0,18.040484641554258,201.33372497558594,-0.25,6.15,6.93,-0.04,19.61,-0.04,-0.06,0.05,-0.09,30.98,16.08,14.7,22.35,95,29.7,19.69,1011.74,14.65,612.5,1,283.41,408.41,247.63,1919,0,86,-,65.1,52.94,1404.5,22.35,0.97,4.32,72.06,30.59,-14.06,-3.12,-2.34,-,0.72,6,18.04,201.33,-5.8,-35.2,17,1.23,-,40,6.48,12.45,8.03,11.83,18.29,35.18,0.43,0.85,61.12,0,38.88,1512.67,9.41,1164,26.93,27,19.61,17,-,11.29,8.86,31.88,5.63,325.71,1055.09,700.22,354.87,-5.99,14.08,14.4,40
Fri Nov 04 06:53:42 GMT-03:00 2022,04-Nov-2022 06:53:43.085,-35.20472233872682,-5.79685252939591,7.550288677215576,6.0,18.73363076947051,200.9552764892578,-0.11,6.07,6.85,-0.06,19.61,-0.04,-0.03,0.03,-0.07,30.98,16.08,14.7,22.35,95,29.69,19.69,1011.65,14.65,612.5,1,283.93,520.92,244.45,1919,0,85,-,73.73,56.08,1565,22.35,0.98,5.32,88.63,30.2,-14.06,2.34,-2.34,-,0.72,6,18.73,200.96,-5.8,-35.2,18,0.93,-,39,5.08,12.45,8.03,14.55,14.34,35.18,0.43,0.85,61.16,0,38.84,1509.36,9.41,1166,27.18,26,19.61,17,-,11.28,8.87,31.86,5.64,325.73,1056.08,701.21,354.87,-4.49,14.08,14.4,47
Fri Nov 04 06:53:43 GMT-03:00 2022,04-Nov-2022 06:53:44.082,-35.20474574853407,-5.796921846463234,7.727312088012695,6.0,19.8102592275483,200.90817260742188,-0.03,6.96,6.91,0.01,23.92,0.04,0.01,0.14,-0.04,32.94,16.86,14.7,22.35,95,29.69,19.7,1011.6,14.65,612.2,1,284.98,756.96,244.45,1919,0,85,5.67,77.65,61.57,1994.5,22.35,0.98,7.44,124.01,30.2,-14.06,0,0,-,0.73,6,19.81,200.91,-5.8,-35.2,20,0.82,7.61,39,3.49,12.45,8.03,20.36,9.87,35.18,0.78,0.78,61.2,0,38.8,1512.47,12.94,1167,27.82,28,22.35,17,27.17,11.27,8.87,31.84,5.65,325.73,1057.09,702.22,354.87,-1.93,14.08,14.4,57
Fri Nov 04 06:53:44 GMT-03:00 2022,04-Nov-2022 06:53:45.082,-35.20477142649641,-5.7969950057076005,8.233139038085938,6.0,20.659615391704698,201.0320587158203,-0.09,6.45,7.41,0.01,24.71,0,0,0.08,-0.06,32.16,16.47,14.7,22.35,95,29.69,19.71,1011.54,14.65,612.2,1,285.92,714.29,244.44,1919,0,85,5.67,75.29,63.14,2090,22.35,0.98,7.56,126.02,30.2,-14.06,-2.34,-1.56,-,0.73,6,20.66,201.03,-5.8,-35.2,20,2.18,7.61,39,3.7,12.45,8.03,20.69,10.46,35.18,0.79,0.76,61.23,0,38.77,1515.82,14.9,1168,29.64,30,25.49,18.5,27.17,11.26,8.88,31.81,5.66,325.74,1058.09,703.22,354.87,-4.51,14.12,14.4,60
Fri Nov 04 06:53:45 GMT-03:00 2022,04-Nov-2022 06:53:46.083,-35.20479695778777,-5.79707032974755,8.550542831420898,6.0,21.307474778903362,200.79335021972656,-0.26,6.53,7.19,0,25.88,-0.02,0,0.11,-0.11,32.55,16.86,14.7,22.35,95,29.69,19.71,1011.44,14.65,612.2,1,286.89,726.6,241.26,1919,0,85,5.67,75.29,66.27,2090,22.35,0.99,8.24,137.35,29.8,-14.06,-2.34,-0.78,-,0.73,6,21.31,200.79,-5.8,-35.2,20,2.18,7.61,39,3.64,12.45,8.03,22.55,10.28,35.18,0.1,0.75,61.27,0,38.73,1515.82,16.08,1169,30.78,30,25.49,18.5,27.17,11.25,8.89,31.79,5.66,325.74,1059.08,704.21,354.87,-4.1,14.04,14.4,63
Fri Nov 04 06:53:46 GMT-03:00 2022,04-Nov-2022 06:53:47.083,-35.20482679210199,-5.797150362361553,9.133638381958008,6.0,22.063994683686985,200.60089111328125,-0.98,5.92,6.96,-0.05,25.88,-0.01,-0.05,0.06,-0.05,32.55,16.86,14.7,22.35,95,29.7,19.73,1011.34,14.65,637,1,286.89,726.6,241.26,1919,0,85,6.15,74.12,66.27,2230.5,22.35,0.99,8.24,137.35,29.8,-14.06,-3.91,0.78,-,0.73,6,22.06,200.6,-5.8,-35.2,18,1.22,8.24,39,3.64,12.45,8.03,22.55,10.28,35.18,0.17,0.72,61.31,0,38.69,1521.09,16.08,1169,32.88,32,22.35,20,26.31,11.25,8.89,31.79,5.66,325.74,1060.09,705.22,354.87,-4.1,14.08,14.3,63
Fri Nov 04 06:53:47 GMT-03:00 2022,04-Nov-2022 06:53:48.081,-35.204856473278475,-5.797232945545438,9.549575805664062,6.0,22.259796115090015,200.6517791748047,-0.75,6.17,7.09,-0.03,21.18,-0.01,0,0.07,-0.06,28.24,14.51,14.7,22.35,95,29.7,19.75,1011.32,14.65,637,1,287.27,462.18,238.08,1919,0,85,5.03,69.8,55.69,1795,22.35,0.99,5.59,93.19,29.41,-14.06,1.56,3.12,-,0.73,6,22.26,200.65,-5.8,-35.2,22,1.12,6.74,39,5.72,12.45,8.03,15.3,16.17,35.18,0.14,0.7,61.34,0,38.66,1523.49,11.37,1171,34.38,34,21.96,18.5,26.75,11.25,8.89,31.77,5.67,325.75,1061.1,706.23,354.87,-7.94,14.08,14.4,58
Fri Nov 04 06:53:48 GMT-03:00 2022,04-Nov-2022 06:53:49.081,-35.204889137819045,-5.7973195788432195,10.03646469116211,6.0,22.270770248187535,200.94332885742188,-0.22,6.53,7.89,0.06,21.96,0.01,-0.03,0.09,-0.03,30.98,15.69,14.7,22.35,95,29.71,19.76,1011.26,14.65,637,1,287.66,464.28,238.08,1919,0,85,5.03,74.51,60,1753,22.35,0.99,5.97,99.47,29.41,-14.06,1.56,3.12,-,0.73,6,22.27,200.94,-5.8,-35.2,18,0.62,6.74,39,5.7,12.45,8.03,16.33,16.09,35.18,0.12,0.69,61.38,0,38.62,1527.32,12.94,1172,36.13,35,23.14,17,26.75,11.24,8.9,31.75,5.68,325.76,1062.08,707.21,354.87,-5.76,14.04,14.4,59
Fri Nov 04 06:53:49 GMT-03:00 2022,04-Nov-2022 06:53:50.082,-35.20492338426557,-5.797411348910215,10.531155586242676,6.0,22.80888013867073,201.03907775878906,-0.26,5.63,8.42,0.04,22.75,-0.02,-0.08,-0.03,0,30.2,15.69,14.7,22.35,95,29.73,19.78,1011.25,14.65,637,1,287.98,438.58,238.08,1919,0,85,6.59,69.41,62.35,1748,22.35,0.99,5.8,96.73,29.41,-14.06,-0.78,-0.78,-,0.74,6,22.81,201.04,-5.8,-35.2,20,0.87,8.84,39,6.03,12.45,8.03,15.88,17.04,35.18,0.28,0.69,61.41,0,38.59,1532.62,12.94,1173,37.91,37,17.65,-4.5,35.99,11.23,8.9,31.73,5.69,325.77,1063.09,708.22,354.87,-5.79,14.06,14.4,59
Fri Nov 04 06:53:50 GMT-03:00 2022,04-Nov-2022 06:53:51.082,-35.204955957131055,-5.797499501450706,10.17883586883545,6.0,22.909434042882374,201.01980590820312,-0.11,5.57,8.32,0.03,12.94,-0.06,-0.07,-0.04,-0.03,14.9,7.45,14.7,22.35,95,29.73,19.78,1011.19,14.5,652,1,287.98,438.58,238.08,1919,0,85,6.59,69.41,17.65,1748,22.35,0.99,5.8,96.73,29.41,-16.41,-0.78,-0.78,-,0.74,6,22.91,201.02,-5.8,-35.2,18,0.87,8.84,39,6.03,12.45,8.03,15.88,17.04,35.18,0.28,0.69,61.45,0,38.55,1532.62,3.14,1173,36.64,37,17.65,-4.5,35.99,11.23,8.9,31.73,5.69,325.77,1064.11,709.23,354.87,-5.79,14.06,14.3,59
Fri Nov 04 06:53:51 GMT-03:00 2022,04-Nov-2022 06:53:52.082,-35.20498708586677,-5.797586552491986,10.270323753356934,6.0,23.114799491928878,200.95065307617188,-0.36,5.66,8.13,0.02,12.55,0,-0.07,0,0.01,14.9,7.45,14.7,22.35,95,29.74,19.8,1011.21,14.5,652,1,287.53,76.81,234.9,1919,0,86,6.59,20.78,15.69,1144,22.35,0.99,1.07,17.91,29.02,-18.75,0,-0.78,-,0.74,6,23.11,200.95,-5.8,-35.2,22,0.64,8.84,39,34.44,12.45,8.03,2.94,97.27,35.18,0.87,0.68,61.49,0,38.51,1527.66,2.35,1174,36.97,36,12.94,5,35.99,11.26,8.88,31.81,5.7,325.79,1065.09,710.22,354.87,-12.86,14.08,14.3,47
Fri Nov 04 06:53:52 GMT-03:00 2022,04-Nov-2022 06:53:53.082,-35.20501686282219,-5.797670800805083,10.03260326385498,6.0,23.154145235175758,200.7649383544922,-0.55,5.16,8.1,-0.01,12.16,-0.01,-0.07,-0.02,0,14.9,7.45,14.7,22.35,95,29.75,19.82,1011.2,14.5,652.5,1,287.04,62.56,234.91,1919,0,86,6.59,19.61,16.08,922.5,22.35,1,0.85,14.19,29.02,-19.53,-3.12,-3.12,-,0.74,6,23.15,200.76,-5.8,-35.21,20,1.97,8.84,39,42.28,12.45,8.03,2.33,119.42,35.18,0.83,0.68,61.52,0,38.48,1526.89,2.35,1175,36.12,35,12.55,12.5,35.99,11.26,8.88,31.82,5.71,325.79,1066.09,711.22,354.87,-12.51,14.12,14.5,39
Fri Nov 04 06:53:53 GMT-03:00 2022,04-Nov-2022 06:53:54.079,-35.20504702082199,-5.797752276600959,9.474946022033691,6.0,23.1823419679515,200.63946533203125,-0.29,5.35,8.39,0.03,12.55,0.04,-0.05,0,0.06,14.9,7.45,14.7,22.35,95,29.76,19.84,1011.21,14.5,652.5,1,286.56,64.35,234.91,1919,0,86,-,20.39,16.08,905,22.35,1,0.85,14.19,29.02,-19.53,-5.47,-3.91,-,0.74,6,23.18,200.64,-5.8,-35.21,22,1.12,-,39,41.1,12.45,8.03,2.33,116.11,35.18,0.31,0.67,61.56,0,38.44,1524.38,2.75,1176,34.11,35,12.55,17,-,11.27,8.88,31.82,5.72,325.8,1067.09,712.22,354.87,-12.03,14.08,14.3,33
Fri Nov 04 06:53:54 GMT-03:00 2022,04-Nov-2022 06:53:55.079,-35.205075862902774,-5.797829705945026,8.918107032775879,6.0,23.207523375626927,200.58912658691406,-0.63,4.9,8.61,0.02,12.55,-0.02,-0.01,-0.04,0.01,14.9,7.45,14.7,22.35,95,29.76,19.85,1011.23,14.5,652.5,1,286.09,69.6,238.09,1919,0,86,-,20.39,16.47,961,22.35,1,0.92,15.35,29.41,-19.53,-5.47,-3.91,-,0.74,6,23.21,200.59,-5.8,-35.21,21,0.11,-,39,38,12.45,8.03,2.52,107.35,35.18,0.31,0.67,61.59,0,38.41,1524.37,2.75,1178,32.11,32,12.55,17,-,11.27,8.87,31.83,5.72,325.8,1068.09,713.22,354.87,-11.78,14.08,14.3,29
Fri Nov 04 06:53:55 GMT-03:00 2022,04-Nov-2022 06:53:56.080,-35.20510367493328,-5.79790271042682,8.431069374084473,6.0,23.057845651022472,200.34487915039062,-0.41,5.47,8.39,0.03,12.16,0.01,0.01,-0.01,0.04,14.9,7.45,14.7,22.35,95,29.76,19.85,1011.25,14.5,652.1,1,285.63,75.22,238.09,1919,0,86,-,20.39,16.08,928,22.35,1,0.91,15.17,29.41,-19.53,0,0,-,0.74,6,23.06,200.34,-5.8,-35.21,15,0.11,-,39,35.16,12.45,8.03,2.49,99.33,35.18,0.76,0.67,61.63,0,38.37,1524.37,2.35,1179,30.35,32,12.94,7.5,-,11.3,8.85,31.91,5.72,325.8,1069.1,714.22,354.87,-11.97,14.08,14.3,26
Fri Nov 04 06:53:56 GMT-03:00 2022,04-Nov-2022 06:53:57.080,-35.205129315191165,-5.797973062499368,8.159662246704102,6.0,23.3185393564851,200.3512420654297,-0.37,5.46,8.06,0,12.55,0,-0.01,-0.01,0.01,14.9,7.45,14.7,22.35,95,29.76,19.87,1011.23,14.5,652.1,1,285.19,78.62,238.1,1919,0,86,-,20.78,16.47,927,22.35,1,0.89,14.86,29.41,-19.53,-3.12,-3.12,-,0.74,6,23.32,200.35,-5.8,-35.21,16,1.35,-,39,33.64,12.45,8.03,2.44,95.03,35.18,0.76,0.67,61.67,0,38.33,1519.98,2.35,1180,29.37,29,12.94,8,-,11.32,8.83,31.98,5.73,325.82,1070.1,715.22,354.87,-11.93,14.08,14.4,24
Fri Nov 04 06:53:57 GMT-03:00 2022,04-Nov-2022 06:53:58.082,-35.205154636040625,-5.798040784043416,7.993601322174072,6.0,23.462972925616228,200.62367248535156,-0.32,6.06,8.09,0.04,14.12,0.02,0,0.05,0,21.18,10.98,14.7,22.35,95,29.76,19.87,1011.21,14.5,652.1,1,285.19,78.62,238.1,1919,0,86,-,20.78,21.57,927,22.35,1,0.89,14.86,29.41,-18.75,-1.56,-0.78,-,0.74,6,23.46,200.62,-5.8,-35.21,18,1.35,-,39,33.64,12.45,8.03,2.44,95.03,35.18,0.09,0.67,61.7,0,38.3,1519.98,2.35,1180,28.78,29,12.55,12,-,11.32,8.83,31.98,5.73,325.82,1071.09,716.21,354.87,-11.93,14.08,14.3,24
Fri Nov 04 06:53:58 GMT-03:00 2022,04-Nov-2022 06:53:59.082,-35.20518007805169,-5.798110134622465,8.422778129577637,6.0,23.41177014460432,200.41326904296875,-0.86,5.93,7.47,-0.01,14.12,0.05,-0.05,0.12,-0.01,21.18,10.98,14.7,22.35,95,29.76,19.88,1011.19,14.5,652.1,1,285.52,442.33,238.11,1919,0,87,-,56.47,21.57,1887,22.35,1,4.85,80.83,29.41,-18.75,2.34,-0.78,-,0.74,6,23.41,200.41,-5.8,-35.21,17,1.22,-,39,5.98,12.45,8.03,13.27,16.89,35.18,0.09,0.67,61.74,0,38.26,1523.66,2.35,1181,30.32,30,20.39,21.5,-,11.32,8.84,31.97,5.74,325.82,1072.09,717.22,354.87,-0.51,14.04,14.3,42
Fri Nov 04 06:53:59 GMT-03:00 2022,04-Nov-2022 06:54:00.081,-35.20520874705853,-5.79818905100841,8.859926223754883,6.0,23.547362659644048,200.26719665527344,-0.03,6.12,7.64,0.01,20.39,-0.01,-0.09,0.08,-0.08,28.24,14.51,14.7,22.35,95,29.76,19.9,1011.16,14.5,648.2,1,285.92,468.83,238.1,1919,0,87,6.46,65.49,51.37,1812,22.35,1,5.32,88.63,29.41,-14.06,0,-1.56,-,0.74,6,23.55,200.27,-5.8,-35.21,16,1.68,8.66,39,5.64,12.45,8.03,14.55,15.94,35.18,0.67,0.66,61.77,0,38.23,1526.78,10.59,1183,31.9,32,21.18,20,34.05,11.31,8.84,31.95,5.75,325.83,1073.1,718.23,354.87,-6.97,14.08,14.3,44
Fri Nov 04 06:54:00 GMT-03:00 2022,04-Nov-2022 06:54:01.081,-35.205237692529096,-5.798271012065243,9.323407173156738,6.0,23.988416582913118,200.33433532714844,-0.79,5.22,6.69,-0.12,20.39,-0.12,-0.06,0.01,-0.15,28.24,14.51,14.7,22.35,95,29.77,19.92,1011.16,14.5,648.2,1,286.13,385.75,238.1,1919,0,87,10.65,66.67,55.69,1572.5,22.35,1,4.67,77.78,29.41,-14.06,0,-1.56,-,0.74,6,23.99,200.33,-5.8,-35.21,19,3.1,14.28,39,6.86,12.45,8.03,12.77,19.37,35.18,0.67,0.65,61.81,0,38.19,1530.23,10.2,1184,33.56,35,21.18,18.5,64.67,11.3,8.85,31.93,5.76,325.84,1074.09,719.22,354.87,-7.61,14.08,14.4,45
Fri Nov 04 06:54:01 GMT-03:00 2022,04-Nov-2022 06:54:02.081,-35.20526820163809,-5.798356913407714,10.031973838806152,6.0,24.061753048585384,200.4247589111328,-0.58,6.33,7.98,0.05,20.78,-0.03,-0.05,0.06,-0.08,28.24,14.51,14.7,22.35,95,29.77,19.92,1011.18,14.5,648.2,1,286.13,385.75,238.1,1919,0,87,10.65,66.67,56.47,1572.5,22.35,1,4.67,77.78,29.41,-14.06,0,-1.56,-,0.74,6,24.06,200.42,-5.8,-35.21,20,3.1,14.28,39,6.86,12.45,8.03,12.77,19.37,35.18,0.46,0.64,61.84,0,38.16,1530.23,10.59,1184,36.12,35,20,18.5,64.67,11.3,8.85,31.93,5.76,325.84,1075.09,720.22,354.87,-7.61,14.06,14.4,45
Fri Nov 04 06:54:02 GMT-03:00 2022,04-Nov-2022 06:54:03.082,-35.205301218278535,-5.7984449439927825,10.396488189697266,6.0,24.172831776598752,200.4700927734375,-0.57,5.62,8.09,0.02,20.78,0,-0.05,0.01,0,28.24,14.51,14.7,22.35,95,29.79,19.94,1011.13,14.5,648.2,1,286.37,398.81,234.92,1919,0,86,6.78,73.33,56.47,1571.5,22.35,1.01,5.28,87.96,29.02,-14.06,2.34,-0.78,-,0.75,6,24.17,200.47,-5.8,-35.21,21,1.88,9.09,39,6.63,12.45,8.03,14.44,18.73,35.18,0.8,0.63,61.88,0,38.12,1532.36,10.59,1185,37.43,38,19.61,-2.5,41.21,11.3,8.85,31.92,5.78,325.86,1076.1,721.23,354.87,-5.53,14.06,14.4,49
Fri Nov 04 06:54:03 GMT-03:00 2022,04-Nov-2022 06:54:04.082,-35.205334340852396,-5.798534740780979,10.512214660644531,6.0,24.500316821138476,200.2315673828125,-0.46,6.02,7.57,-0,17.65,0.01,-0.02,0.02,0,14.9,7.45,14.7,22.35,95,29.8,19.96,1011.14,14.5,650.1,1,286.52,355.88,234.92,1919,0,86,4.13,58.04,36.86,1452.5,22.35,1.01,5.11,85.21,29.02,-14.06,0,-1.56,-,0.75,6,24.5,200.23,-5.8,-35.21,19,1.57,5.54,39,7.43,12.45,8.03,13.99,20.99,35.18,0.65,0.62,61.92,0,38.08,1536.21,7.45,1187,37.84,39,21.18,17,27.15,11.29,8.85,31.91,5.79,325.87,1077.08,722.21,354.87,-5.8,14.06,14.4,51
Fri Nov 04 06:54:04 GMT-03:00 2022,04-Nov-2022 06:54:05.082,-35.20536835653733,-5.798629588646782,10.922844886779785,6.0,24.00349612549745,199.87608337402344,-0.51,6.14,7.93,0.04,22.75,-0.02,-0.02,0.04,-0.05,29.8,14.12,14.7,22.35,95,29.82,19.98,1011.12,14.5,650.1,1,286.78,410.21,234.92,1919,0,86,4.13,64.71,52.94,1932,22.35,1.01,6.05,100.81,29.02,-14.06,-3.12,-4.69,-,0.75,6,24,199.88,-5.8,-35.21,19,2.16,5.54,39,6.45,12.45,8.03,16.55,18.21,35.18,0.32,0.63,61.95,0,38.05,1541.62,12.94,1188,39.32,40,22.35,21,27.15,11.29,8.86,31.89,5.79,325.87,1078.1,723.23,354.87,-3.36,14.08,14.4,57
Fri Nov 04 06:54:05 GMT-03:00 2022,04-Nov-2022 06:54:06.081,-35.20540545032179,-5.798732852123256,11.60726261138916,6.0,24.537575504532448,199.7014923095703,0.02,5.53,7.47,-0.04,22.75,-0.06,-0.03,0.04,-0.1,29.8,15.29,14.7,22.35,95,29.84,20.01,1011.1,14.5,650.1,1,287.11,440.31,234.92,1919,0,86,5.11,71.76,57.65,1920.5,22.35,1.01,6.66,110.98,29.02,-14.06,-1.56,-3.12,-,0.75,6,24.54,199.7,-5.8,-35.21,20,1.68,6.85,39,6.01,12.45,8.03,18.22,16.97,35.18,0.41,0.62,61.99,0,38.01,1545.99,12.94,1189,41.79,41,23.92,18.5,25.4,11.28,8.86,31.87,5.8,325.88,1079.09,724.22,354.87,-5.28,14.02,14.4,59
Fri Nov 04 06:54:06 GMT-03:00 2022,04-Nov-2022 06:54:07.083,-35.20544179408109,-5.798838074414917,12.012184143066406,6.0,24.556742805935226,200.1687469482422,-0.6,6.02,7.75,0.01,21.57,-0.02,-0.05,0.04,-0.05,27.45,14.12,14.7,21.96,95,29.84,20.01,1011.13,14.5,657.3,1,287.11,440.31,234.92,1919,0,86,5.11,71.76,58.43,1920.5,21.96,1.01,6.66,110.98,29.02,-14.06,-1.56,-3.12,-,0.75,6,24.56,200.17,-5.8,-35.21,21,1.68,6.85,39,6.01,12.45,8.03,18.22,16.97,35.18,0.41,0.62,62.02,0,37.98,1545.99,11.37,1190,43.24,41,23.92,18.5,25.4,11.28,8.86,31.87,5.8,325.88,1080.09,725.22,354.87,-5.28,14.02,14.4,59
Fri Nov 04 06:54:07 GMT-03:00 2022,04-Nov-2022 06:54:08.082,-35.205479694828256,-5.798941630703224,12.262405395507812,6.0,24.519365710972867,200.3485565185547,-0.44,5.35,7.86,-0.02,16.47,-0.03,-0.05,-0.01,-0.02,14.9,7.45,14.7,21.96,95,29.86,20.03,1011.11,14.5,657.3,1,287.1,283.39,234.91,1919,0,86,7.88,61.57,33.73,1537,21.96,1.02,4.39,73.21,29.02,-14.84,0,-1.56,-,0.75,6,24.52,200.35,-5.8,-35.21,21,0.76,10.56,38,9.33,12.45,8.03,12.02,26.36,35.18,0.67,0.62,62.06,0,37.94,1552.85,6.67,1190,44.14,44,18.82,18.5,48.94,11.28,8.86,31.87,5.8,325.89,1081.1,726.23,354.87,-8.39,14.16,14.3,54
Fri Nov 04 06:54:08 GMT-03:00 2022,04-Nov-2022 06:54:09.083,-35.20551882047406,-5.799043753013628,12.215862274169922,6.0,24.618481768588875,200.24652099609375,-0.79,5.25,8.27,0.01,12.94,0.04,0,0,0.07,14.9,7.45,14.7,21.96,95,29.89,20.06,1011.08,14.5,660.3,1,286.73,114.02,234.91,1919,0,86,4.81,30.59,16.47,1407.5,21.96,1.02,1.9,31.61,29.02,-16.41,2.34,3.12,-,0.75,6,24.62,200.25,-5.8,-35.21,23,0.86,6.45,38,23.2,12.45,8.03,5.19,65.53,35.18,0.1,0.62,62.09,0,37.91,1557.25,3.14,1191,43.98,45,14.51,-1,32.62,11.29,8.85,31.91,5.82,325.9,1082.09,727.21,354.87,-11.21,14.08,14.4,46
Fri Nov 04 06:54:09 GMT-03:00 2022,04-Nov-2022 06:54:10.082,-35.20555566086556,-5.7991419296638345,11.733526229858398,6.0,24.552661392457345,200.18724060058594,-1.06,4.09,8.62,-0.01,12.94,-0.04,-0.01,-0.11,0.02,14.9,7.45,14.7,21.96,95,29.91,20.09,1011.1,14.5,660.3,1,286.28,70.24,234.92,1919,0,86,4.81,19.22,16.47,1327.5,21.96,1.02,1.2,19.92,29.02,-17.97,0,-0.78,-,0.75,6,24.55,200.19,-5.8,-35.21,22,0.02,6.45,38,37.65,12.45,8.03,3.27,106.37,35.18,0.68,0.62,62.13,0,37.87,1556.51,3.14,1192,42.24,44,13.33,-4,32.62,11.3,8.85,31.91,5.82,325.9,1083.09,728.22,354.87,-12.24,14.06,14.4,39
Fri Nov 04 06:54:10 GMT-03:00 2022,04-Nov-2022 06:54:11.081,-35.20558977200513,-5.799234392105855,10.66247272491455,6.0,25.049527385422376,200.1868133544922,-0.24,4.64,8.62,0.01,12.94,0,-0.04,-0.03,0.02,14.9,7.45,14.7,21.96,95,29.93,20.11,1011.14,14.5,660.3,1,285.85,84.14,234.92,1919,0,87,4.81,19.22,15.29,1470,21.96,1.02,1.4,23.33,29.02,-17.97,0,-0.78,-,0.75,6,25.05,200.19,-5.8,-35.21,20,0.38,6.45,38,31.43,12.45,8.03,3.83,88.8,35.18,0.68,0.62,62.16,0,37.84,1551.08,3.14,1194,38.38,38,13.33,-4,32.62,11.32,8.83,31.98,5.84,325.92,1084.1,729.23,354.87,-11.69,14.06,14.4,34
Fri Nov 04 06:54:11 GMT-03:00 2022,04-Nov-2022 06:54:12.082,-35.20562289099863,-5.7993237307274805,10.0134859085083,6.0,25.58110843478908,200.08737182617188,-0.53,5.13,8.65,0.04,13.33,0.02,-0.02,-0.05,0.06,14.9,7.45,29.4,21.96,95,29.93,20.11,1011.14,14.5,660.2,2,285.45,92.34,234.93,1919,0,87,4.81,19.61,16.08,1470,21.96,1.02,1.33,22.11,29.02,-17.19,0,0,-,0.75,6,25.58,200.09,-5.8,-35.21,23,0.38,6.45,39,28.64,12.45,8.03,3.63,80.91,35.18,0,0.01,62.2,0,37.8,1551.08,3.53,1195,36.05,38,13.73,-9,32.62,11.34,8.82,32.03,5.84,325.92,1085.09,730.22,354.87,-12.09,14.08,14.4,29
Fri Nov 04 06:54:12 GMT-03:00 2022,04-Nov-2022 06:54:13.081,-35.20565275546152,-5.799406205868446,9.313759803771973,6.0,25.74888148698133,199.93582153320312,-0.21,5.19,8.11,-0.01,13.33,0.01,-0.04,-0.03,0.04,14.9,7.45,29.4,21.96,95,29.93,20.13,1011.13,14.5,660.2,2,285.05,93.35,234.93,1919,0,87,-,19.61,15.29,1336.5,21.96,1.02,1.24,20.59,29.02,-17.97,0,0,-,0.76,6,25.75,199.94,-5.8,-35.21,20,0.53,-,39,28.33,12.46,8.03,3.38,80.04,35.18,0,0,62.23,0,37.77,1548.52,3.14,1196,33.53,33,13.73,-10,-,11.36,8.8,32.09,5.85,325.93,1086.11,731.23,354.87,-12.15,14.08,14.4,26
Fri Nov 04 06:54:13 GMT-03:00 2022,04-Nov-2022 06:54:14.082,-35.205681695091336,-5.799486857444852,8.993478775024414,6.0,26.463596148087404,199.7785186767578,-0.94,5.74,7.72,-0,12.94,-0.02,-0.04,0.02,-0.04,14.9,7.45,29.4,21.96,95,29.94,20.14,1011.12,14.5,660.2,2,285.05,93.35,234.93,1919,0,87,-,19.22,17.25,1336.5,21.96,1.02,1.24,20.59,29.02,-17.97,0,0,-,0.76,6,26.46,199.78,-5.8,-35.21,21,0.53,-,39,28.33,12.46,8.03,3.38,80.04,35.18,0,0,62.27,0,37.73,1548.52,3.14,1196,32.38,33,13.33,-10.5,-,11.36,8.8,32.09,5.85,325.93,1087.11,732.24,354.87,-12.15,14.08,14.4,26
Fri Nov 04 06:54:14 GMT-03:00 2022,04-Nov-2022 06:54:15.081,-35.205709111030025,-5.7995671960039585,9.130084037780762,6.0,26.752071435968382,199.9924774169922,-0.87,6.06,7.99,0.04,12.94,0,-0.08,0.04,-0.03,14.9,7.45,29.4,21.96,95,29.94,20.16,1011.17,14.5,660.2,2,285.05,287.94,238.12,1919,0,87,-,55.69,17.25,1375.5,21.96,1.02,3.59,59.88,29.41,-17.97,0,0,-,0.76,6,26.75,199.99,-5.8,-35.21,21,0.62,-,39,9.19,12.46,8.03,9.83,25.95,35.18,0,0,62.3,0,37.7,1544.35,3.14,1197,32.87,33,18.43,18,-,11.36,8.8,32.08,5.87,325.95,1088.09,733.22,354.87,-7.31,14.04,14.4,31
Fri Nov 04 06:54:15 GMT-03:00 2022,04-Nov-2022 06:54:16.083,-35.20573988013738,-5.7996516484467895,9.570627212524414,6.0,25.902680295686388,199.7291717529297,-0.78,6.32,7.59,0.02,18.43,0.05,-0.11,0.07,0.02,25.49,12.94,13.62,21.96,95,29.95,20.17,1011.14,14.5,656.1,0.93,285.17,343.31,238.11,1919,0,87,3.37,59.61,47.45,1516.5,21.96,1.02,4.28,71.39,29.41,-14.84,0,0,-,0.76,6,25.9,199.73,-5.8,-35.21,21,1.13,4.52,39,7.7,12.45,8.03,11.72,21.76,35.18,0.88,0.1,62.34,0,37.66,1548.12,8.63,1199,34.45,34,19.22,19.5,21.22,11.35,8.81,32.07,5.87,325.96,1089.09,734.22,354.87,-6.17,14.04,14.4,38
Fri Nov 04 06:54:16 GMT-03:00 2022,04-Nov-2022 06:54:17.082,-35.20577311936825,-5.799738063547884,9.9815673828125,6.0,25.493333691961144,199.7020263671875,-1.09,6.05,7.53,0,20,0.02,-0.09,0.07,-0.01,26.67,13.73,14.7,21.96,95,29.96,20.19,1011.1,14.5,656.1,1,285.39,390.07,238.11,1919,0,87,3.37,68.24,54.12,1525.5,21.96,1.03,5.01,83.57,29.41,-14.84,-1.56,-3.12,-,0.76,6,25.49,199.7,-5.8,-35.21,24,1.55,4.52,39,6.78,12.45,8.03,13.72,19.15,35.18,0.77,0.88,62.37,0,37.63,1551.92,10.2,1200,35.93,36,20,18.5,21.22,11.35,8.81,32.06,5.88,325.96,1090.09,735.22,354.87,-5.66,14.08,14.4,43
Fri Nov 04 06:54:17 GMT-03:00 2022,04-Nov-2022 06:54:18.083,-35.20580552599119,-5.799825822631482,10.102424621582031,6.0,25.274512159652588,199.54676818847656,-0.58,5.45,7.83,-0.01,19.22,-0.04,-0.03,-0.01,-0.02,22.75,11.76,14.7,21.96,95,29.97,20.21,1011.12,14.5,656.1,1,285.38,279.52,238.11,1919,0,86,4.23,53.33,50.2,1461.5,21.96,1.03,3.8,63.41,29.41,-14.06,-1.56,-3.12,-,0.76,6,25.27,199.55,-5.8,-35.21,22,0.07,5.68,39,9.46,12.45,8.03,10.41,26.73,35.18,0.77,0.81,62.4,0,37.6,1549.47,9.41,1201,36.37,36,20,18.5,27.66,11.35,8.81,32.05,5.89,325.97,1091.09,736.22,354.87,-7.83,14.08,14.3,44
Fri Nov 04 06:54:18 GMT-03:00 2022,04-Nov-2022 06:54:19.082,-35.20583570964286,-5.799909308799532,9.85904312133789,6.0,25.737958526737494,199.89544677734375,-0.51,6.08,7.83,0.02,20.78,0,-0.07,0.06,-0.03,26.67,11.76,14.7,21.96,95,29.97,20.21,1011.06,14.5,648.2,1,285.38,279.52,238.11,1919,0,86,4.23,53.33,50.2,1461.5,21.96,1.03,3.8,63.41,29.41,-14.84,-1.56,2.34,-,0.76,6,25.74,199.9,-5.8,-35.21,19,0.07,5.68,39,9.46,12.45,8.03,10.41,26.73,35.18,0.14,0.79,62.44,0,37.56,1549.47,10.98,1201,35.49,36,14.12,-2.5,27.66,11.35,8.81,32.05,5.89,325.97,1092.09,737.22,354.87,-7.83,14.08,14.4,44
Fri Nov 04 06:54:19 GMT-03:00 2022,04-Nov-2022 06:54:20.084,-35.20586843759389,-5.799996259519663,9.988182067871094,6.0,25.75106808096829,199.7996368408203,-0.04,6,7.95,0.03,20.78,-0.02,-0.02,0.04,-0.05,26.67,13.73,14.7,21.96,95,29.98,20.22,1011.03,14.5,648.2,1,285.64,412.44,238.11,1919,0,86,4.23,63.92,51.76,1827.5,21.96,1.03,5.61,93.56,29.41,-14.06,-2.34,-3.91,-,0.76,6,25.75,199.8,-5.8,-35.21,22,0.51,5.68,39,6.41,12.45,8.03,15.36,18.12,35.18,0.75,0.81,62.47,0,37.53,1545.64,10.98,1203,35.96,36,21.18,20,27.66,11.34,8.82,32.03,5.91,325.99,1093.11,738.24,354.87,-4.23,14.08,14.4,50
Fri Nov 04 06:54:20 GMT-03:00 2022,04-Nov-2022 06:54:21.082,-35.205900617746536,-5.800084499491693,10.199376106262207,6.0,26.131264683309478,199.54551696777344,-0.12,5.09,8.04,-0.02,14.12,0,0.01,-0.01,0.03,26.67,7.45,14.7,21.96,95,29.99,20.24,1011,14.5,647.6,1,285.6,263.95,238.11,1919,0,86,4.23,47.45,50.59,1669,21.96,1.03,3.59,59.88,29.41,-15.62,-1.56,-0.78,-,0.76,6,26.13,199.55,-5.8,-35.21,21,0.04,5.68,39,10.02,12.45,8.03,9.83,28.31,35.18,0.08,0.79,62.51,0,37.49,1543.17,3.92,1204,36.72,36,16.08,-1.5,27.66,11.34,8.82,32.03,5.92,326,1094.09,739.22,354.87,-9.25,14.06,14.3,46
Fri Nov 04 06:54:21 GMT-03:00 2022,04-Nov-2022 06:54:22.082,-35.20593286476342,-5.800167029558383,9.80510425567627,6.0,26.48986937341214,199.77871704101562,-0.64,5.23,8.3,0.01,14.12,0.01,-0.02,-0.01,0.04,14.9,7.45,14.7,21.96,95,30,20.26,1011,14.5,647.6,1,285.18,81.9,238.1,1920,0,86,-,24.31,23.14,992,21.96,1.03,1.11,18.58,29.41,-15.62,-0.78,-0.78,-,0.76,6,26.49,199.78,-5.8,-35.21,24,2.72,-,39,32.3,12.45,8.03,3.05,91.23,35.18,0.08,0.79,62.54,0,37.46,1541.91,3.92,1205,35.3,34,12.94,5,-,11.36,8.8,32.1,5.92,326,1095.1,740.23,354.87,-12.72,14.12,14.3,38
Fri Nov 04 06:54:22 GMT-03:00 2022,04-Nov-2022 06:54:23.082,-35.205961961347356,-5.800244648000283,9.122095108032227,6.0,26.870038545215248,199.88751220703125,-0.4,4.78,8.29,-0.01,12.55,-0.01,-0.01,-0.07,0.04,14.9,7.45,14.7,21.96,95,30,20.26,1010.91,14.5,647.5,1,285.18,81.9,238.1,1920,0,86,-,24.31,16.86,992,21.96,1.03,1.11,18.58,29.41,-19.53,-0.78,-3.12,-,0.76,6,26.87,199.89,-5.8,-35.21,19,2.72,-,39,32.3,12.45,8.03,3.05,91.23,35.18,0.75,0.78,62.58,0,37.42,1541.91,2.35,1205,32.84,34,12.94,5,-,11.36,8.8,32.1,5.92,326,1096.09,741.22,354.87,-12.72,14.12,14.3,38
Fri Nov 04 06:54:23 GMT-03:00 2022,04-Nov-2022 06:54:24.082,-35.20598614806819,-5.800311805069229,7.690107345581055,6.0,26.934456825168894,199.6998748779297,-0.94,3.67,7.89,-0.1,12.16,-0.01,-0.04,-0.11,0.06,14.9,7.45,14.7,21.96,95,30,20.27,1010.93,14.5,647.5,1,284.73,70.22,238.11,1920,0,86,-,20.78,16.86,934,21.96,1.03,0.9,15.04,29.41,-19.53,2.34,2.34,-,0.76,6,26.93,199.7,-5.8,-35.21,19,3.84,-,39,37.66,12.45,8.03,2.47,106.4,35.18,0.81,0.77,62.61,0,37.39,1537.71,2.35,1206,27.68,29,12.55,8,-,11.36,8.8,32.1,5.96,326.05,1097.09,742.21,354.87,-12.07,14.12,14.3,32
Fri Nov 04 06:54:24 GMT-03:00 2022,04-Nov-2022 06:54:25.081,-35.20600615626296,-5.8003680664324495,6.570255756378174,6.0,26.828844505600827,199.52767944335938,-0.65,5.35,8.08,0,12.55,0,-0.03,-0.02,0.01,14.9,7.45,14.7,21.96,95,29.99,20.27,1010.93,14.5,647,1,284.32,80.33,238.11,1920,0,86,-,20.39,16.47,919.5,21.96,1.03,0.88,14.68,29.41,-19.53,-0.78,-1.56,-,0.77,6,26.83,199.53,-5.8,-35.21,17,3.68,-,39,32.93,12.46,8.03,2.41,93.01,35.19,0.83,0.76,62.64,0,37.36,1530.78,2.35,1207,23.65,24,12.94,9,-,11.39,8.78,32.17,5.96,326.05,1098.08,743.21,354.87,-11.98,14.08,14.3,29
Fri Nov 04 06:54:25 GMT-03:00 2022,04-Nov-2022 06:54:26.083,-35.20602614302247,-5.800422805661065,6.322904109954834,6.0,27.12934753170989,199.35748291015625,-0.37,6.01,7.77,0.01,12.55,-0.02,-0.04,0.05,-0.06,14.9,7.45,14.7,21.96,95,29.97,20.27,1010.86,14.5,647,1,283.94,102.71,241.3,1920,0,87,-,21.18,16.47,942.5,21.96,1.03,0.93,15.53,29.8,-19.53,-2.34,-1.56,-,0.77,6,27.13,199.36,-5.8,-35.21,18,2.65,-,39,25.75,12.46,8.03,2.55,72.75,35.19,0.83,0.76,62.68,0,37.32,1530.78,2.35,1209,22.76,21,16.08,18,-,11.41,8.77,32.22,5.96,326.05,1099.09,744.22,354.87,-11.79,14.14,14.3,26
Fri Nov 04 06:54:26 GMT-03:00 2022,04-Nov-2022 06:54:27.083,-35.206046378948905,-5.800479841075231,6.557949542999268,6.0,26.967870629311875,199.51760864257812,-0.62,6.16,7.09,-0.03,19.61,0,-0.04,0.08,-0.06,25.88,13.33,14.7,21.96,95,29.97,20.27,1010.88,14.5,644.9,1,283.94,102.71,241.3,1920,0,87,-,21.18,45.88,942.5,21.96,1.03,0.93,15.53,29.8,-14.84,-2.34,0,-,0.77,6,26.97,199.52,-5.8,-35.21,18,2.65,-,39,25.75,12.46,8.03,2.55,72.75,35.19,0.14,0.76,62.71,0,37.29,1530.78,9.41,1209,23.61,21,16.08,18,-,11.41,8.77,32.22,5.96,326.05,1100.11,745.24,354.87,-11.79,14.14,14.4,26
Fri Nov 04 06:54:27 GMT-03:00 2022,04-Nov-2022 06:54:28.082,-35.2060696186272,-5.800542579276737,7.216133117675781,6.0,26.756892304361863,199.89894104003906,-0.71,6.16,7.41,-0,20.39,-0.01,0,0.05,-0.05,27.45,14.12,14.7,21.96,95,29.96,20.27,1010.88,14.5,644.9,1,284.66,636.61,241.31,1920,0,87,1.29,59.61,52.16,1761.5,21.96,1.04,5.05,84.24,29.8,-14.06,0.78,-0.78,-,0.77,6,26.76,199.9,-5.8,-35.21,19,1.61,1.73,39,4.15,12.46,8.03,13.83,11.74,35.19,0.77,0.75,62.75,0,37.25,1531.64,10.2,1210,25.98,22,20.39,20,7,11.4,8.77,32.2,5.97,326.06,1101.1,746.23,354.87,-0.16,14.08,14.4,44
Fri Nov 04 06:54:28 GMT-03:00 2022,04-Nov-2022 06:54:29.083,-35.2060917094212,-5.800603271339649,7.255983352661133,6.0,28.084500048328994,199.91651916503906,-0.37,6.38,7.93,0.05,19.61,0,-0.02,0.06,-0.02,27.06,13.73,14.7,21.96,95,29.95,20.28,1010.82,14.5,643.4,1,285.28,587.9,241.3,1920,0,87,1.29,66.27,52.16,1595,21.96,1.04,4.89,81.5,29.8,-14.06,-0.78,-1.56,-,0.77,6,28.08,199.92,-5.8,-35.21,20,0.98,1.73,39,4.5,12.46,8.03,13.38,12.71,35.18,0.78,0.75,62.78,0,37.22,1535.38,9.8,1211,26.12,25,20,18.5,7,11.39,8.78,32.17,5.98,326.06,1102.09,747.22,354.87,-7.08,14.16,14.4,45
Fri Nov 04 06:54:29 GMT-03:00 2022,04-Nov-2022 06:54:30.080,-35.20611572510553,-5.800668193286731,7.833610534667969,6.0,28.174637751123445,199.8517608642578,-0.42,6.15,7.52,0,19.61,-0.01,-0.03,0.05,-0.05,27.06,13.73,14.7,21.96,95,29.95,20.29,1010.81,14.5,643.4,1,285.69,486.42,238.12,1920,0,87,7.08,64.31,52.16,1540.5,21.96,1.04,4.6,76.63,29.41,-14.06,0,1.56,-,0.77,6,28.17,199.85,-5.8,-35.21,20,0.88,9.49,39,5.44,12.46,8.03,12.58,15.36,35.18,0.23,0.77,62.81,0,37.19,1537.87,9.8,1212,28.2,27,19.61,18.5,43.86,11.38,8.78,32.16,5.98,326.07,1103.08,748.21,354.87,-6.79,14.14,14.4,47
Fri Nov 04 06:54:30 GMT-03:00 2022,04-Nov-2022 06:54:31.082,-35.20614128319519,-5.800740531591985,8.790101051330566,6.0,28.31667572213028,199.69436645507812,-0.21,5.96,7.76,0.01,19.61,0,0,0.06,-0.04,27.84,14.12,14.7,21.96,95,29.95,20.29,1010.76,14.5,644,1,285.69,486.42,238.12,1920,0,87,7.08,64.31,53.33,1540.5,21.96,1.04,4.6,76.63,29.41,-14.06,0,1.56,-,0.77,6,28.32,199.69,-5.8,-35.21,21,0.88,9.49,39,5.44,12.46,8.03,12.58,15.36,35.18,0.23,0.77,62.85,0,37.15,1537.87,9.8,1214,31.64,27,19.61,18.5,43.86,11.38,8.78,32.16,5.98,326.07,1104.1,749.23,354.87,-6.79,14.14,14.3,47
Fri Nov 04 06:54:31 GMT-03:00 2022,04-Nov-2022 06:54:32.082,-35.20616906161878,-5.800815289971062,8.954737663269043,6.0,28.479103070020418,199.81594848632812,-0.29,6.42,7.81,0.04,20.78,0,0.01,0.06,-0.04,28.24,14.51,14.7,21.96,95,29.95,20.3,1010.77,14.5,645,1,286.03,452.18,238.12,1920,0,86,7.34,66.67,58.82,1567,21.96,1.04,4.62,76.93,29.41,-14.06,-4.69,-1.56,-,0.77,6,28.48,199.82,-5.8,-35.21,21,0.64,9.85,38,5.85,12.46,8.03,12.63,16.52,35.18,0.09,0.76,62.88,0,37.12,1539.27,10.59,1214,32.24,31,20.78,18,44.75,11.38,8.79,32.14,6,326.08,1105.1,750.22,354.87,-6.49,14,14.4,49
Fri Nov 04 06:54:32 GMT-03:00 2022,04-Nov-2022 06:54:33.082,-35.206199429840126,-5.800894313994668,9.470351219177246,6.0,28.63661212684744,199.83920288085938,-0.45,6.11,7.26,-0.02,21.18,-0.03,-0.03,0.06,-0.07,28.63,14.51,14.7,21.96,95,29.95,20.31,1010.72,14.5,645,1,286.36,450.27,238.12,1920,0,86,6.89,72.55,59.61,1551,21.96,1.05,5.28,87.96,29.41,-14.06,-3.12,-3.91,-,0.77,6,28.64,199.84,-5.8,-35.21,22,0.76,9.24,38,5.87,12.45,8.03,14.44,16.59,35.18,0.37,0.75,62.91,0,37.09,1544.24,11.37,1216,34.09,33,21.96,17,42.41,11.37,8.79,32.12,6,326.08,1106.09,751.22,354.87,-5.52,14.02,14.3,52
Fri Nov 04 06:54:33 GMT-03:00 2022,04-Nov-2022 06:54:34.083,-35.206233204532055,-5.800980572249763,10.060748100280762,6.0,28.68523452496658,199.56192016601562,-0.58,5.77,7.62,-0.01,21.18,0.02,-0.05,0.06,-0.01,28.63,14.9,14.7,21.96,95,29.96,20.33,1010.71,14.5,645,1,286.63,415.66,238.11,1920,0,86,6.89,73.33,59.61,1593,21.96,1.05,5.19,86.43,29.41,-14.06,-3.12,-3.12,-,0.78,6,28.69,199.56,-5.8,-35.21,22,0.91,9.24,38,6.36,12.45,8.03,14.19,17.98,35.18,0.12,0.75,62.95,0,37.05,1547.87,11.37,1216,36.22,35,21.57,14,42.41,11.36,8.8,32.1,6.01,326.09,1107.09,752.22,354.87,-5.59,14.02,14.4,54
Fri Nov 04 06:54:34 GMT-03:00 2022,04-Nov-2022 06:54:35.082,-35.20626580193872,-5.801071712190339,10.948732376098633,6.0,28.69205907063279,199.3545684814453,-0.43,6.03,7.23,-0.03,21.18,-0.03,-0.02,0.05,-0.07,28.63,14.9,14.7,21.96,95,29.98,20.35,1010.74,14.5,645,1,286.84,394.95,234.94,1920,0,87,6.89,73.73,59.61,1582.5,21.96,1.05,5.23,87.1,29.02,-14.06,-1.56,-3.12,-,0.78,6,28.69,199.35,-5.8,-35.21,22,2.78,9.24,38,6.7,12.45,8.03,14.3,18.92,35.18,0.12,0.75,62.98,0,37.02,1549.87,11.37,1218,39.42,39,21.57,14,42.41,11.36,8.8,32.09,6.03,326.11,1108.09,753.22,354.87,-5.76,14.02,14.4,55
Fri Nov 04 06:54:35 GMT-03:00 2022,04-Nov-2022 06:54:36.082,-35.20630026784106,-5.801169428100395,11.690415382385254,6.0,28.47770432379827,199.29931640625,-0.74,6.09,7.47,-0,20.78,0.11,-0.08,0.08,0.08,28.24,14.51,14.7,21.96,95,29.98,20.35,1010.73,14.5,651.6,1,286.84,394.95,234.94,1920,0,87,6.89,73.73,58.04,1582.5,21.96,1.05,5.23,87.1,29.02,-14.06,-1.56,-3.12,-,0.78,6,28.48,199.3,-5.8,-35.21,17,2.78,9.24,38,6.7,12.45,8.03,14.3,18.92,35.18,0.63,0.73,63.01,0,36.99,1549.87,10.98,1218,42.09,39,21.18,14,42.41,11.36,8.8,32.09,6.03,326.11,1109.09,754.22,354.87,-5.76,14.1,14.4,55
Fri Nov 04 06:54:36 GMT-03:00 2022,04-Nov-2022 06:54:37.081,-35.20633566012034,-5.801272624042487,12.490565299987793,6.0,28.85325007619762,199.28443908691406,-0.44,5.85,7.27,-0.04,20.78,-0.03,-0.08,0.03,-0.06,28.24,14.51,14.7,21.96,95,30,20.38,1010.77,14.5,651.6,1,286.97,347.5,234.93,1920,0,87,10.78,70.98,58.04,1554,21.96,1.05,5.12,85.4,29.02,-14.06,0,-3.12,-,0.78,6,28.85,199.28,-5.8,-35.21,19,0.91,14.45,38,7.61,12.45,8.03,14.02,21.5,35.18,0.63,0.73,63.05,0,36.95,1552.48,10.98,1219,44.97,43,20.39,15.5,66.23,11.36,8.81,32.08,6.04,326.13,1110.09,755.22,354.87,-5.87,14.08,14.4,56
Fri Nov 04 06:54:37 GMT-03:00 2022,04-Nov-2022 06:54:38.081,-35.20637175634094,-5.801381585287162,13.02967643737793,6.0,29.134904967609348,199.1990966796875,-0.08,5.83,7.84,0.01,19.22,0.02,-0.04,0,0.03,24.71,7.84,14.7,21.96,95,30,20.38,1010.82,14.5,655.3,1,286.97,347.5,234.93,1920,0,87,10.78,70.98,50.59,1554,21.96,1.05,5.12,85.4,29.02,-14.06,0,1.56,-,0.78,6,29.13,199.2,-5.8,-35.21,21,0.91,14.45,38,7.61,12.45,8.03,14.02,21.5,35.18,0.14,0.71,63.08,0,36.92,1552.48,9.41,1221,46.91,43,20.39,15.5,66.23,11.36,8.81,32.08,6.04,326.13,1111.09,756.22,354.87,-5.87,14.08,14.3,56
Fri Nov 04 06:54:38 GMT-03:00 2022,04-Nov-2022 06:54:39.082,-35.206410627621686,-5.801495367298064,13.430360794067383,6.0,29.094289060035702,199.1792755126953,-0.43,5.52,8.07,0.01,19.22,-0.01,-0.04,-0.02,0,24.71,7.84,14.7,21.96,95,30.03,20.41,1010.88,14.5,655.3,1,286.59,99.14,234.93,1920,0,87,12.52,25.1,50.59,1441.5,21.96,1.06,1.61,26.86,29.02,-14.06,4.69,3.12,-,0.78,6,29.09,199.18,-5.8,-35.21,18,1.09,16.8,38,26.68,12.45,8.03,4.41,75.37,35.18,0.62,0.71,63.11,0,36.89,1558.43,9.41,1221,48.35,48,14.51,27.5,82.97,11.37,8.79,32.13,6.05,326.13,1112.09,757.21,354.87,-11.74,14.08,14.3,46
Fri Nov 04 06:54:39 GMT-03:00 2022,04-Nov-2022 06:54:40.082,-35.20645149218433,-5.801613071535153,13.938360214233398,6.0,28.331874850902324,199.2551727294922,-0.17,5.48,7.81,-0.02,13.73,-0.05,-0.01,-0.05,-0.01,20.39,10.59,14.7,21.96,95,30.06,20.44,1010.96,14.5,656.6,1,286.19,85.99,234.94,1920,0,87,4.68,24.71,20,1339,21.96,1.06,1.56,26.01,29.02,-16.41,-0.78,-1.56,-,0.78,6,28.33,199.26,-5.8,-35.21,21,0.65,6.27,38,30.76,12.46,8.03,4.27,86.89,35.18,0.75,0.71,63.15,0,36.85,1562.59,3.92,1223,50.18,49,14.12,28.5,33.35,11.39,8.78,32.19,6.07,326.15,1113.09,758.22,354.87,-11.62,14.08,14.4,40
Fri Nov 04 06:54:40 GMT-03:00 2022,04-Nov-2022 06:54:41.083,-35.20649433888494,-5.801734732486931,14.47979736328125,6.0,27.590045275898134,199.38076782226562,-0.52,6.09,8.53,0.08,13.73,0.06,-0.02,0.04,0.06,20.39,10.59,14.7,21.96,95,30.09,20.47,1010.97,14.5,656.6,1,285.78,81.47,234.95,1920,0,87,4.68,24.31,20,1321,21.96,1.06,1.51,25.16,29.02,-16.41,-1.56,-0.78,-,0.78,6,27.59,199.38,-5.8,-35.21,19,0.82,6.27,38,32.46,12.46,8.03,4.13,91.7,35.19,0.09,0.7,63.18,0,36.82,1568.53,3.92,1224,52.13,51,14.12,28.5,33.35,11.42,8.76,32.25,6.08,326.16,1114.09,759.22,354.87,-11.5,14.1,14.4,35
Fri Nov 04 06:54:41 GMT-03:00 2022,04-Nov-2022 06:54:42.082,-35.20654450595241,-5.801859016269676,14.69128131866455,6.0,26.404088680983843,199.6861572265625,-0.57,5.22,8.27,0.01,13.73,0,0.01,0.01,0,20.39,10.59,14.7,21.96,95,30.09,20.47,1011.05,14.5,656.6,1,285.36,79.42,234.96,1920,0,87,4.68,24.31,20,1321,21.96,1.06,1.53,25.52,29.02,-17.19,-1.56,-0.78,-,0.78,6,26.4,199.69,-5.8,-35.21,18,0.82,6.27,38,33.3,12.46,8.03,4.19,94.08,35.19,0.09,0.7,63.21,0,36.79,1568.53,3.92,1225,52.89,51,14.12,28.5,33.35,11.44,8.74,32.32,6.08,326.16,1115.08,760.21,354.87,-11.41,14.1,14.4,31
Fri Nov 04 06:54:42 GMT-03:00 2022,04-Nov-2022 06:54:43.083,-35.2065919894346,-5.801986969945849,15.106459617614746,6.0,26.10019184495966,200.0786895751953,-0.77,5.34,7.64,-0.04,13.73,0.01,-0.03,0.01,0.01,20.39,10.59,14.7,21.96,95,30.13,20.51,1011.14,14.5,656.1,1,285.36,79.42,234.96,1920,0,87,9.47,25.1,20,1289,21.96,1.06,1.53,25.52,29.02,-17.19,-1.56,-3.12,-,0.78,6,26.1,200.08,-5.8,-35.21,17,0.11,12.7,39,33.3,12.46,8.03,4.19,94.08,35.19,0.69,0.7,63.25,0,36.75,1576.63,3.53,1225,54.38,53,14.12,27,70.16,11.44,8.74,32.32,6.08,326.16,1116.11,761.23,354.87,-11.41,14.1,14.4,31
Fri Nov 04 06:54:43 GMT-03:00 2022,04-Nov-2022 06:54:44.083,-35.20663872237411,-5.802114829261263,15.13094425201416,6.0,26.013790357244353,200.1974639892578,-0.68,5.12,8.39,0.02,13.73,0.03,-0.04,0.01,0.04,20.39,10.59,14.7,21.96,95,30.17,20.55,1011.2,14.5,656.1,1,284.94,72.77,234.97,1920,0,87,4.18,25.49,20.39,1217.5,21.96,1.06,1.46,24.3,29.02,-17.19,0,0,-,0.78,6,26.01,200.2,-5.8,-35.21,18,0.38,5.6,39,36.35,12.46,8.03,3.99,102.67,35.19,0.09,0.7,63.28,0,36.72,1580.11,3.92,1227,54.47,54,14.12,27,32.75,11.44,8.74,32.33,6.1,326.18,1117.11,762.24,354.87,-11.48,14.08,14.4,28
Fri Nov 04 06:54:44 GMT-03:00 2022,04-Nov-2022 06:54:45.082,-35.2066860666031,-5.802242347887577,15.153596878051758,6.0,25.86557418970733,199.7756805419922,-0.68,5.37,8.34,0.03,13.33,-0.02,-0.08,-0.01,0,14.9,7.45,14.7,21.96,95,30.21,20.58,1011.23,14.5,655.1,1,284.48,53.17,234.97,1920,0,87,4.18,20,20,1221,21.96,1.06,1.09,18.09,29.02,-17.97,0,-0.78,-,0.78,6,25.87,199.78,-5.8,-35.21,20,0.47,5.6,39,49.75,12.46,8.03,2.97,140.53,35.19,0.82,0.7,63.31,0,36.69,1578.24,3.92,1228,54.55,54,13.33,2,32.75,11.45,8.74,32.34,6.11,326.19,1118.09,763.22,354.87,-12.12,14.12,14.3,25
Fri Nov 04 06:54:45 GMT-03:00 2022,04-Nov-2022 06:54:46.081,-35.20673167661441,-5.802370550831571,15.197344779968262,6.0,25.477784356324875,199.46153259277344,-0.45,5.31,8.3,0.02,13.33,0.03,0,-0.02,0.07,14.9,7.45,14.7,21.96,95,30.24,20.62,1011.28,14.5,655.1,1,284.03,60.51,234.97,1920,0,87,4.18,19.61,16.08,1324,21.96,1.06,1.24,20.59,29.02,-17.97,0.78,-0.78,-,0.78,6,25.48,199.46,-5.8,-35.21,19,0.55,5.6,39,43.71,12.46,8.03,3.38,123.49,35.19,0.82,0.7,63.34,0,36.66,1573.9,3.14,1229,54.71,54,13.33,-10,32.75,11.45,8.73,32.34,6.15,326.21,1119.08,764.21,354.87,-11.8,14.12,14.3,24
Fri Nov 04 06:54:46 GMT-03:00 2022,04-Nov-2022 06:54:47.081,-35.20677879394588,-5.802497713483956,15.076534271240234,6.0,24.8554684948401,199.33050537109375,0.01,5.31,8.61,0.04,12.94,-0.02,0,-0.05,0.02,14.9,7.45,29.4,21.96,95,30.24,20.62,1011.32,14.65,653.9,2,284.03,60.51,234.97,1920,0,87,4.18,19.61,16.08,1324,21.96,1.06,1.24,20.59,29.02,-17.97,0.78,0,-,0.78,6,24.86,199.33,-5.8,-35.21,16,0.55,5.6,39,43.71,12.46,8.03,3.38,123.49,35.19,0.03,0.69,63.38,0,36.62,1566.21,3.14,1229,54.28,54,13.33,-10,32.75,11.45,8.73,32.34,6.15,326.24,1120.09,765.22,354.87,-11.8,14.12,14.4,24
Fri Nov 04 06:54:47 GMT-03:00 2022,04-Nov-2022 06:54:48.082,-35.20682217103478,-5.802622589073814,14.629037857055664,6.0,24.668341801961333,199.61070251464844,-0.2,4.87,9.54,0.1,12.94,-0.06,0,-0.1,0,14.9,7.45,29.4,21.96,95,30.28,20.66,1011.38,14.65,653.9,2,283.58,58,234.97,1920,0,87,-,19.22,15.29,1326.5,21.96,1.06,1.18,19.74,29.02,-17.97,0,0,-,0.79,6,24.67,199.61,-5.8,-35.21,17,1.28,-,39,45.6,12.46,8.03,3.24,128.82,35.19,0,0,63.41,0,36.59,1566.21,3.14,1230,52.66,53,13.33,-10.5,-,11.45,8.73,32.35,6.18,326.27,1121.09,766.21,354.87,-12.26,14.04,14.3,22
Fri Nov 04 06:54:48 GMT-03:00 2022,04-Nov-2022 06:54:49.081,-35.206863570299525,-5.802742573011729,13.97571849822998,6.0,24.228374702368413,199.7425079345703,-0.37,4.62,8.28,-0.02,13.73,0,-0.06,-0.09,0.05,14.9,7.45,29.4,21.96,95,30.31,20.69,1011.4,14.65,652,2,283.14,64.75,234.97,1920,0,87,-,18.43,15.69,1509,21.96,1.06,1.3,21.62,29.02,-16.41,0,0,-,0.79,6,24.23,199.74,-5.8,-35.21,18,2.66,-,39,40.85,12.46,8.03,3.55,115.4,35.19,0,0,63.44,0,36.56,1558.7,3.92,1231,50.31,50,14.12,-6,-,11.45,8.73,32.36,6.18,326.27,1122.09,767.22,354.87,-12.03,14.08,14.3,21
Fri Nov 04 06:54:49 GMT-03:00 2022,04-Nov-2022 06:54:50.083,-35.20690328872593,-5.802856870761186,13.202508926391602,6.0,23.979008569592054,199.7196502685547,-0.76,5.1,8.42,0.02,13.73,-0.01,-0.06,-0.04,0.02,14.9,7.45,29.4,21.96,95,30.34,20.72,1011.5,14.65,652,2,282.74,81.59,234.97,1920,0,87,-,18.04,15.69,1742.5,21.96,1.06,1.54,25.7,29.02,-16.41,0,0,-,0.79,6,23.98,199.72,-5.8,-35.21,17,3.31,-,39,32.42,12.46,8.03,4.22,91.58,35.19,0,0,63.48,0,36.52,1558.7,3.92,1232,47.53,47,14.12,-5.5,-,11.48,8.71,32.42,6.21,326.27,1123.08,768.21,354.87,-11.91,14.12,14.4,20
Fri Nov 04 06:54:50 GMT-03:00 2022,04-Nov-2022 06:54:51.082,-35.20694650143948,-5.802958783247376,12.5955171585083,6.0,23.607633212339017,199.69949340820312,-0.58,5.12,8.74,0.05,13.73,0,-0.06,-0.06,0.04,14.9,7.45,29.4,21.96,95,30.36,20.74,1011.53,14.65,652,2,282.34,83.91,238.15,1920,0,86,-,19.22,15.29,1636,21.96,1.06,1.49,24.85,29.41,-16.41,0,0,-,0.79,6,23.61,199.7,-5.8,-35.21,17,3.53,-,39,31.52,12.46,8.03,4.08,89.04,35.19,0,0,63.51,0,36.49,1551.82,3.92,1234,45.34,44,14.12,-5.5,-,11.5,8.7,32.49,6.21,326.29,1124.1,769.23,354.87,-12.36,14.12,14.4,19
Fri Nov 04 06:54:51 GMT-03:00 2022,04-Nov-2022 06:54:52.083,-35.20698442165515,-5.80306512641925,12.308067321777344,6.0,23.382776878206712,199.66537475585938,-0.45,5.25,8.53,0.03,13.33,0.03,-0.01,-0.02,0.06,14.9,7.45,29.4,21.96,95,30.38,20.77,1011.55,14.65,648.5,2,281.94,80.41,238.16,1920,0,86,-,19.61,16.08,1423.5,21.96,1.06,1.34,22.29,29.41,-17.19,0,0,-,0.79,6,23.38,199.67,-5.8,-35.21,16,2.34,-,39,32.89,12.46,8.03,3.66,92.92,35.19,0,0,63.54,0,36.46,1551.82,3.53,1235,44.31,43,14.12,-7.5,-,11.52,8.68,32.55,6.24,326.32,1125.1,770.23,354.87,-12.46,14.12,14.4,18
Fri Nov 04 06:54:52 GMT-03:00 2022,04-Nov-2022 06:54:53.082,-35.20702181797054,-5.8031699886407475,12.28298282623291,6.0,23.07334801282609,199.73077392578125,-0.5,5.49,8.13,0.01,12.94,0.01,-0.03,0,0.02,15.29,7.84,29.4,21.96,95,30.4,20.79,1011.54,14.65,648.5,2,281.64,130.39,238.17,1920,0,86,-,32.94,16.86,1426.5,21.96,1.06,2.12,35.33,29.41,-17.19,0,0,-,0.79,6,23.07,199.73,-5.8,-35.21,17,1.31,-,39,20.29,12.46,8.03,5.8,57.3,35.19,0,0,63.57,0,36.43,1545.67,3.14,1236,44.22,43,13.73,21.5,-,11.53,8.67,32.58,6.24,326.32,1126.09,771.22,354.87,-10.67,14.08,14.4,20
Fri Nov 04 06:54:53 GMT-03:00 2022,04-Nov-2022 06:54:54.082,-35.20706162067829,-5.8032766666647,12.62563419342041,6.0,22.95031159396251,200.11190795898438,-0.73,5.7,8.12,0.03,16.08,0.01,-0.01,-0.01,0.04,22.75,11.76,14.28,21.96,95,30.4,20.79,1011.62,14.65,648.5,0.97,281.64,130.39,238.17,1920,0,85,-,32.94,33.33,1426.5,21.96,1.06,2.12,35.33,29.8,-15.62,0,0,-,0.79,6,22.95,200.11,-5.8,-35.21,18,1.31,-,39,20.29,12.46,8.03,5.8,57.3,35.19,0.04,0.05,63.61,0,36.39,1545.67,5.88,1237,45.45,43,16.08,21.5,-,11.53,8.67,32.58,6.26,326.32,1127.08,772.21,354.87,-10.67,14.1,14.4,20
Fri Nov 04 06:54:54 GMT-03:00 2022,04-Nov-2022 06:54:55.083,-35.207101827303,-5.803381769913983,12.488953590393066,6.0,23.002264325399842,200.3164825439453,-0.77,5.72,8.12,0.03,16.08,0.02,-0.05,-0.02,0.05,22.75,11.76,14.28,21.96,95,30.42,20.82,1011.65,14.65,640.5,0.97,281.31,117.8,241.35,1920,0,85,1.94,23.14,33.33,1312.5,21.96,1.06,1.92,31.92,29.8,-17.97,0,0,-,0.79,6,23,200.32,-5.8,-35.21,19,1.45,2.6,39,22.45,12.46,8.03,5.24,63.43,35.19,0.87,0.1,63.64,0,36.36,1546.55,5.88,1237,44.96,44,13.33,-1.5,14.13,11.55,8.66,32.61,6.26,326.34,1128.09,773.22,354.87,-11.06,14.08,14.3,21
Fri Nov 04 06:54:55 GMT-03:00 2022,04-Nov-2022 06:54:56.083,-35.20714219589356,-5.803488587019481,12.559967041015625,6.0,22.668577379814106,200.03140258789062,-1.24,5.41,8.7,0.06,13.33,0.12,-0.03,0.07,0.11,14.9,7.45,13.31,21.96,95,30.45,20.84,1011.66,14.65,640.5,0.91,280.9,74.92,241.36,1920,0,85,1.94,21.96,16.47,1361.5,21.96,1.06,1.25,20.77,29.8,-16.41,0,0,-,0.79,6,22.67,200.03,-5.8,-35.21,20,0.96,2.6,39,35.31,12.46,8.03,3.41,99.73,35.2,0.86,0.12,63.67,0,36.33,1546.55,3.14,1239,45.22,44,14.9,28.5,14.13,11.57,8.64,32.69,6.29,326.37,1129.11,774.24,354.87,-12.11,14.08,14.3,20
Fri Nov 04 06:54:56 GMT-03:00 2022,04-Nov-2022 06:54:57.081,-35.20718278977947,-5.80359604460591,12.61600399017334,6.0,22.533627559927073,200.0666961669922,-1.3,4.83,7.36,-0.08,14.9,-0.04,-0.02,0,-0.03,22.35,11.37,13.51,21.96,95,30.47,20.87,1011.67,14.65,640.5,0.92,280.62,139.72,241.37,1920,0,85,1.94,35.69,26.67,1320,21.96,1.07,2.32,38.74,29.8,-15.62,0,0,-,0.79,6,22.53,200.07,-5.8,-35.21,20,1.22,2.6,39,18.93,12.46,8.03,6.36,53.47,35.2,0.86,0.25,63.7,0,36.3,1540.38,5.1,1240,45.42,44,15.69,21,14.13,11.58,8.64,32.71,6.29,326.37,1130.1,775.23,354.87,-10.08,14.16,14.3,23
Fri Nov 04 06:54:57 GMT-03:00 2022,04-Nov-2022 06:54:58.081,-35.20722745639829,-5.8037046929272975,12.578685760498047,6.0,21.766055393861777,200.12660217285156,-1.02,5.97,8.31,0.06,14.9,0.04,-0.09,-0.01,0.06,14.9,7.45,13.51,21.96,95,30.49,20.89,1011.7,14.65,640.5,0.92,280.27,107.21,241.37,1920,0,85,2.64,28.63,28.24,1281,21.96,1.07,1.78,29.72,29.8,-15.62,0,0,-,0.79,6,21.77,200.13,-5.8,-35.21,20,0.42,3.54,39,24.67,12.46,8.03,4.88,69.69,35.2,0.86,0.25,63.73,0,36.27,1547.54,5.1,1241,45.28,45,13.33,0,19.68,11.59,8.62,32.75,6.31,326.37,1131.09,776.22,354.87,-11.03,14.1,14.3,23
Fri Nov 04 06:54:58 GMT-03:00 2022,04-Nov-2022 06:54:59.083,-35.20727116260175,-5.803810719024413,12.644902229309082,6.0,21.16799564922717,199.9927215576172,-0.12,5.75,8.65,0.07,12.94,0.08,0.02,0,0.11,14.9,7.45,14.7,21.96,95,30.49,20.89,1011.75,14.65,631.1,1,280.27,107.21,241.37,1920,0,85,2.64,28.63,16.08,1281,21.96,1.07,1.78,29.72,29.8,-17.97,0,-1.56,-,0.79,6,21.17,199.99,-5.8,-35.21,20,0.42,3.54,39,24.67,12.46,8.03,4.88,69.69,35.2,0.82,0.88,63.77,0,36.23,1541.24,3.14,1241,45.52,45,13.33,0,19.68,11.59,8.62,32.75,6.31,326.39,1132.09,777.22,354.87,-11.03,14.1,14.3,23
Fri Nov 04 06:54:59 GMT-03:00 2022,04-Nov-2022 06:55:00.081,-35.207311032894836,-5.803912341267366,11.992714881896973,6.0,21.02614957242522,199.52662658691406,-0.47,4.66,7.71,-0.07,12.94,-0.09,-0.01,-0.11,-0.02,14.9,7.45,29.4,21.96,95,30.51,20.92,1011.78,14.65,631.1,2,279.86,73.25,241.38,1920,0,85,2.64,19.61,16.08,1328,21.96,1.07,1.25,20.77,29.8,-17.19,0,0,-,0.79,6,21.03,199.53,-5.8,-35.21,19,1.52,3.54,39,36.11,12.46,8.03,3.41,102,35.2,0.01,0.85,63.8,0,36.2,1541.24,3.14,1242,43.17,44,13.33,-10.5,19.68,11.6,8.62,32.76,6.34,326.42,1133.09,778.22,354.87,-12.05,14.08,14.4,22
Fri Nov 04 06:55:00 GMT-03:00 2022,04-Nov-2022 06:55:01.081,-35.20734724206988,-5.8040109479428335,11.558846473693848,6.0,20.880613308117464,199.2415771484375,-0.18,5.5,8.32,0.03,13.33,-0.01,-0.05,-0.07,0.04,14.9,7.45,29.4,21.96,95,30.53,20.94,1011.82,14.65,627.3,2,279.45,74.92,241.38,1920,0,85,2.64,19.22,16.08,1457,21.96,1.07,1.25,20.77,29.8,-17.19,0,0,-,0.79,6,20.88,199.24,-5.8,-35.21,19,2.17,3.54,39,35.31,12.46,8.03,3.41,99.73,35.2,0,0.01,63.83,0,36.17,1535.21,3.53,1243,41.61,41,13.73,-8.5,19.68,11.62,8.6,32.83,6.34,326.42,1134.09,779.22,354.87,-12.14,14.1,14.4,21
Fri Nov 04 06:55:01 GMT-03:00 2022,04-Nov-2022 06:55:02.082,-35.207382250265134,-5.804104373371371,11.2947359085083,6.0,20.940298085941595,199.45033264160156,0.21,5.55,8.49,0.05,12.94,0.01,0.01,-0.06,0.07,14.9,7.45,29.4,21.96,95,30.54,20.96,1011.84,14.65,627.3,2,279.06,85.11,241.39,1920,0,85,-,19.61,16.08,1401,21.96,1.07,1.32,21.99,29.8,-17.97,0,0,-,0.79,6,20.94,199.45,-5.8,-35.21,20,1.61,-,39,31.08,12.46,8.03,3.61,87.78,35.2,0,0,63.86,0,36.14,1535.21,3.14,1244,40.66,40,13.73,-10,-,11.64,8.59,32.89,6.34,326.42,1135.1,780.23,354.87,-12.23,14.08,14.4,20
Fri Nov 04 06:55:02 GMT-03:00 2022,04-Nov-2022 06:55:03.081,-35.20741598607539,-5.8041941298969695,10.564440727233887,6.0,20.785545745899977,199.65565490722656,-0.48,4.95,8.13,-0.02,12.94,-0.01,0,-0.06,0.03,14.9,7.45,29.4,21.96,95,30.55,20.98,1011.83,14.65,627.3,2,278.66,81.2,244.57,1920,0,85,-,19.22,15.69,1324,21.96,1.07,1.23,20.47,30.2,-17.97,0,0,-,0.79,6,20.79,199.66,-5.8,-35.21,21,3.66,-,39,32.57,12.46,8.02,3.36,92.02,35.2,0,0,63.89,0,36.11,1535.21,3.14,1246,38.03,37,13.73,-10,-,11.67,8.57,32.96,6.37,326.45,1136.1,781.22,354.87,-12.3,14.08,14.4,19
Fri Nov 04 06:55:03 GMT-03:00 2022,04-Nov-2022 06:55:04.082,-35.20744768871163,-5.804280022673723,10.250653266906738,6.0,20.66117117963949,199.88168334960938,-0.45,5.48,8.28,0.02,13.73,0,-0.02,0,0.01,14.9,7.45,29.4,21.96,95,30.55,20.98,1011.81,14.65,622.4,2,278.29,91.96,244.58,1920,0,85,-,19.22,22.75,993.5,21.96,1.07,1.29,21.44,30.2,-16.41,0,0,-,0.79,6,20.66,199.88,-5.8,-35.21,21,3.66,-,39,28.76,12.46,8.02,3.52,81.25,35.2,0,0,63.93,0,36.07,1527.2,3.92,1247,36.9,37,13.33,-11.5,-,11.69,8.56,33.01,6.37,326.45,1137.11,782.23,354.87,-12.05,14.04,14.2,18
Fri Nov 04 06:55:04 GMT-03:00 2022,04-Nov-2022 06:55:05.082,-35.207480232692355,-5.804362568076927,9.94148063659668,6.0,20.711871351591203,200.07276916503906,-0.34,3.7,9.83,0.08,13.33,-0.01,-0.03,-0.18,0.1,14.9,7.45,13.53,21.96,95,30.57,21.01,1011.83,14.65,622.4,0.92,277.93,95.32,244.59,1920,0,85,-,29.41,24.71,940.5,21.96,1.07,1.3,21.62,30.2,-17.19,0,0,-,0.79,6,20.71,200.07,-5.8,-35.21,18,3.9,-,39,27.75,12.46,8.02,3.55,78.38,35.2,0.86,0.06,63.96,0,36.04,1527.2,3.53,1248,35.79,33,13.73,1.5,-,11.7,8.54,33.06,6.37,326.45,1138.09,783.22,354.87,-11.16,14.08,14.4,20
Fri Nov 04 06:55:05 GMT-03:00 2022,04-Nov-2022 06:55:06.082,-35.20750461864678,-5.804425491177223,7.476179599761963,6.0,20.570824437161765,199.8336639404297,-0.22,4.52,8.95,0.03,13.33,0.03,0,-0.09,0.1,14.9,7.45,13.29,21.96,95,30.57,21.01,1011.82,14.65,622.4,0.9,277.93,95.32,244.59,1920,0,85,-,31.76,23.53,940.5,21.96,1.07,1.3,21.62,30.2,-17.19,0,0,-,0.79,6,20.57,199.83,-5.8,-35.21,17,3.9,-,39,27.75,12.46,8.02,3.55,78.38,35.2,0.88,0.09,63.99,0,36.01,1527.2,3.14,1248,26.91,33,13.73,0,-,11.7,8.54,33.06,6.4,326.48,1139.1,784.22,354.87,-11.16,14.12,14.3,20
Fri Nov 04 06:55:06 GMT-03:00 2022,04-Nov-2022 06:55:07.083,-35.20752570331202,-5.804482103656519,6.56831169128418,6.0,20.30324096281889,199.5659942626953,-0.42,5.34,8.14,0,13.33,0,-0.03,-0.01,0.01,14.9,7.45,13.29,21.96,95,30.55,21.01,1011.86,14.65,622.4,0.9,277.56,94.91,247.78,1920,0,84,-,25.1,23.53,1056,21.96,1.07,1.18,19.74,30.59,-17.19,0,0,-,0.79,6,20.3,199.57,-5.8,-35.21,16,4.91,-,39,27.87,12.46,8.02,3.24,78.72,35.2,0.82,0.09,64.02,0,35.98,1520.66,3.14,1249,23.65,22,13.33,9,-,11.72,8.53,33.11,6.4,326.48,1140.1,785.23,354.87,-11.28,14.06,14.3,20
Fri Nov 04 06:55:07 GMT-03:00 2022,04-Nov-2022 06:55:08.081,-35.20754411118065,-5.804533417438131,6.133516311645508,6.0,20.368876027252448,199.63172912597656,-0.49,5.81,7.55,-0.02,12.94,-0.01,-0.04,0.03,-0.02,14.9,7.45,13.26,21.96,95,30.54,21.01,1011.85,14.65,614.4,0.9,277.42,206.07,247.78,1920,0,84,-,41.18,20,970.5,21.96,1.07,1.71,28.57,30.59,-17.97,0,0,-,0.79,6,20.37,199.63,-5.8,-35.21,17,2.65,-,39,12.84,12.46,8.02,4.69,36.26,35.2,0.82,0.12,64.05,0,35.95,1520.66,3.14,1251,22.08,21,18.82,-7.5,-,11.72,8.53,33.11,6.4,326.48,1141.09,786.22,354.87,-10.31,14.12,14.3,23
Fri Nov 04 06:55:08 GMT-03:00 2022,04-Nov-2022 06:55:09.082,-35.20756470175552,-5.80459100516716,6.7176008224487305,6.0,20.235407075579694,199.71717834472656,-0.1,6.15,7.48,-0,17.65,-0.02,-0.06,0.07,-0.08,23.53,12.16,13.55,21.96,95,30.53,21.01,1011.86,14.65,614.4,0.92,277.79,462.61,247.79,1920,0,84,-,48.63,40.78,1701.5,21.96,1.07,3.67,61.22,30.59,-14.84,3.12,3.91,-,0.79,6,20.24,199.72,-5.8,-35.21,21,0.08,-,39,5.72,12.46,8.02,10.05,16.15,35.2,0.13,0.85,64.08,0,35.92,1524.09,7.84,1252,24.18,22,20,21.5,-,11.72,8.54,33.09,6.4,326.48,1142.08,787.21,354.87,-4.53,14.12,14.3,34
Fri Nov 04 06:55:09 GMT-03:00 2022,04-Nov-2022 06:55:10.083,-35.2075872883429,-5.804648022376614,6.855236530303955,6.0,20.302668404194257,199.75045776367188,-0.41,6.46,7.19,-0,20,-0.01,0,0.05,-0.04,27.06,14.12,14.7,21.96,95,30.51,21.01,1011.84,14.65,614.4,1,278.5,635.79,247.78,1920,0,84,4.24,63.53,49.02,1759,21.96,1.07,5.29,88.14,30.59,-14.06,-2.34,3.91,-,0.8,6,20.3,199.75,-5.8,-35.21,20,0.18,5.69,39,4.16,12.46,8.02,14.47,11.75,35.2,0.13,0.85,64.12,0,35.88,1526.42,10.2,1253,24.68,24,20,21.5,23.04,11.71,8.54,33.07,6.43,326.51,1143.11,788.24,354.87,-6.34,14.12,14.3,40
Fri Nov 04 06:55:10 GMT-03:00 2022,04-Nov-2022 06:55:11.082,-35.20761204713209,-5.8047122449247786,7.655674934387207,6.0,20.26906149168905,199.8397216796875,-0.23,5.94,6.82,-0.07,20.39,0,0,0.1,-0.07,29.8,15.29,14.7,21.96,95,30.51,21.01,1011.8,14.65,597.5,1,278.5,635.79,247.78,1920,0,84,4.24,63.53,49.02,1759,21.96,1.07,5.29,88.14,30.59,-14.06,-2.34,-0.78,-,0.8,6,20.27,199.84,-5.8,-35.21,21,0.18,5.69,39,4.16,12.46,8.02,14.47,11.75,35.2,0.75,0.78,64.15,0,35.85,1520.19,10.59,1253,27.56,24,20.78,19.5,23.04,11.71,8.54,33.07,6.43,326.51,1144.09,789.22,354.87,-6.34,14.12,14.4,40
Fri Nov 04 06:55:11 GMT-03:00 2022,04-Nov-2022 06:55:12.081,-35.20764014455374,-5.804786595116435,8.878157615661621,6.0,20.237201832072778,200.21981811523438,-0.48,5.84,7.33,-0.03,21.18,0.01,-0.01,0.08,-0.03,30.59,15.29,14.7,21.96,95,30.51,21.02,1011.82,14.65,597.5,1,279.11,581.6,244.6,1920,0,84,10.81,68.63,54.9,1621,21.96,1.08,5.28,87.96,30.2,-14.06,3.91,0.78,-,0.8,6,20.24,200.22,-5.8,-35.21,20,2.44,14.49,39,4.55,12.46,8.02,14.44,12.85,35.2,0.75,0.77,64.18,0,35.82,1524.85,11.37,1254,31.96,30,21.18,18.5,63.67,11.7,8.55,33.05,6.43,326.51,1145.09,790.22,354.87,-6.62,14.04,14.4,43
Fri Nov 04 06:55:12 GMT-03:00 2022,04-Nov-2022 06:55:13.082,-35.20767012406877,-5.804868483068156,9.586320877075195,6.0,20.468281252529568,200.16751098632812,-0.39,6.45,7.93,0.05,21.18,0,-0.02,0.07,-0.04,30.2,15.69,14.7,21.96,95,30.52,21.04,1011.77,14.65,597.9,1,279.51,481.39,244.6,1920,0,84,10.81,71.37,58.04,1613.5,21.96,1.08,5.46,91,30.2,-14.06,1.56,0,-,0.8,6,20.47,200.17,-5.8,-35.21,20,0.04,14.49,39,5.49,12.46,8.02,14.94,15.52,35.2,0.78,0.75,64.21,0,35.79,1529.83,10.98,1256,34.51,32,21.57,18,63.67,11.69,8.55,33.03,6.46,326.54,1146.1,791.23,354.87,-5.64,14.06,14.4,48
Fri Nov 04 06:55:13 GMT-03:00 2022,04-Nov-2022 06:55:14.081,-35.20770320387033,-5.804951981560589,10.13613510131836,6.0,20.423358756516567,200.05763244628906,-0.56,6.19,8.26,0.07,21.18,0.05,-0.05,0.06,0.03,30.2,15.69,14.7,21.96,95,30.52,21.05,1011.7,14.65,597.9,1,279.84,441.94,244.59,1920,0,84,10.18,70.59,58.04,1640.5,21.96,1.08,5.35,89.11,30.2,-14.06,1.56,-0.78,-,0.8,6,20.42,200.06,-5.8,-35.21,20,0.49,13.65,39,5.98,12.46,8.02,14.63,16.91,35.2,0.77,0.75,64.24,0,35.76,1529.08,10.98,1256,36.49,35,21.18,18,59.26,11.69,8.56,33.01,6.46,326.54,1147.09,792.22,354.87,-5.78,14.02,14.3,51
Fri Nov 04 06:55:14 GMT-03:00 2022,04-Nov-2022 06:55:15.083,-35.20773715094114,-5.8050405702011645,10.641864776611328,6.0,20.858991642108037,200.10494995117188,-1.01,6.31,7.99,0.05,20.78,0.01,-0.05,0.07,-0.02,30.2,15.69,14.7,21.96,95,30.54,21.07,1011.73,14.65,597.9,1,280.08,403.51,241.41,1920,0,84,7.16,70.59,58.04,1627,21.96,1.08,5.34,88.99,29.8,-14.06,1.56,-0.78,-,0.8,6,20.86,200.1,-5.81,-35.21,19,0.31,9.6,39,6.55,12.46,8.02,14.61,18.52,35.2,0.77,0.75,64.27,0,35.73,1534.97,10.98,1258,38.31,38,21.18,18,42,11.68,8.56,33,6.46,326.54,1148.09,793.22,354.87,-5.94,14.02,14.3,53
Fri Nov 04 06:55:15 GMT-03:00 2022,04-Nov-2022 06:55:16.082,-35.207771701871934,-5.805133412906572,11.061273574829102,6.0,20.34470109884187,200.2412567138672,-0.63,5.73,7.38,-0.03,20.78,0,-0.04,0,0,30.59,15.69,14.7,21.96,95,30.54,21.07,1011.72,14.65,605.1,1,280.24,358.17,241.41,1920,0,84,7.16,70.98,57.65,1627,21.96,1.09,5.15,85.76,29.8,-14.06,-0.78,0.78,-,0.81,6,20.34,200.24,-5.81,-35.21,18,0.31,9.6,38,7.38,12.46,8.02,14.08,20.86,35.2,0.2,0.74,64.3,0,35.7,1534.97,10.98,1259,39.82,38,21.18,18,42,11.68,8.56,32.98,6.49,326.54,1149.09,794.22,354.87,-6.22,14.02,14.4,54
Fri Nov 04 06:55:16 GMT-03:00 2022,04-Nov-2022 06:55:17.083,-35.20780859559619,-5.805229303370045,11.514015197753906,6.0,20.490209306194604,200.21397399902344,-0.37,6.16,7.22,-0.02,21.18,-0.04,-0.06,0.02,-0.06,31.76,16.08,14.7,21.96,95,30.57,21.11,1011.65,14.65,605.1,1,280.44,379.17,241.41,1920,0,84,8.09,71.37,60.39,1686.5,21.96,1.09,5.73,95.57,29.8,-14.06,0,-1.56,-,0.81,6,20.49,200.21,-5.81,-35.21,17,2.18,10.85,38,6.98,12.46,8.02,15.69,19.71,35.2,0.75,0.74,64.33,0,35.67,1540.18,11.37,1260,41.45,42,21.57,18,47.76,11.67,8.57,32.97,6.49,326.57,1150.09,795.21,354.87,-5.2,14.12,14.4,56
Fri Nov 04 06:55:17 GMT-03:00 2022,04-Nov-2022 06:55:18.082,-35.20784262464057,-5.805332148606637,12.103561401367188,6.0,21.037198078582023,200.1555938720703,-1.16,6.27,7.59,0.02,22.75,0.04,-0.09,0.09,-0.01,31.76,16.47,14.7,21.96,95,30.57,21.11,1011.6,14.65,605.1,1,280.44,379.17,241.41,1920,0,84,8.09,73.73,60.39,1686.5,21.96,1.09,5.73,95.57,29.8,-14.06,-0.78,-3.12,-,0.81,6,21.04,200.16,-5.81,-35.21,17,2.18,10.85,38,6.98,12.46,8.02,15.69,19.71,35.2,0.74,0.73,64.36,0,35.64,1540.18,12.55,1260,43.57,42,22.75,18,47.76,11.67,8.57,32.97,6.49,326.57,1151.08,796.21,354.87,-5.2,14.04,14.3,56
Fri Nov 04 06:55:18 GMT-03:00 2022,04-Nov-2022 06:55:19.081,-35.20788009443286,-5.805436694910738,12.398981094360352,6.0,21.656460681896085,200.0200653076172,-0.85,6.38,8.6,0.11,22.75,0.07,-0.01,0.08,0.04,31.76,16.47,14.7,21.96,95,30.59,21.14,1011.5,14.65,605.1,1,280.69,407.14,241.41,1920,0,84,8.09,79.22,60.39,1749,21.96,1.09,6.47,107.75,29.8,-14.06,-3.12,-3.12,-,0.81,6,21.66,200.02,-5.81,-35.21,17,0.43,10.85,37,6.5,12.46,8.02,17.69,18.35,35.2,0.74,0.73,64.4,0,35.6,1546.97,12.55,1261,44.64,44,23.53,6.5,47.76,11.67,8.57,32.95,6.52,326.6,1152.09,797.22,354.87,-4.43,14.06,14.3,60
Fri Nov 04 06:55:19 GMT-03:00 2022,04-Nov-2022 06:55:20.081,-35.20791917887511,-5.805539267833724,12.351991653442383,6.0,22.276214088351075,199.9665069580078,0.01,6.09,7.53,-0,17.65,-0.03,0,0,-0.02,14.9,11.37,14.7,21.96,95,30.61,21.16,1011.43,14.65,620.4,1,280.82,344.04,241.4,1920,0,84,-,66.67,39.22,1548.5,21.96,1.1,5.72,95.39,29.8,-14.06,0,-4.69,-,0.81,6,22.28,199.97,-5.81,-35.21,18,1.64,-,37,7.69,12.46,8.03,15.66,21.72,35.2,0.7,0.73,64.43,0,35.57,1538.52,7.84,1263,44.47,43,21.57,13.5,-,11.66,8.58,32.94,6.52,326.6,1153.08,798.21,354.87,-5.95,14.06,14.4,59
Fri Nov 04 06:55:20 GMT-03:00 2022,04-Nov-2022 06:55:21.081,-35.207956395609834,-5.805640533915215,12.018070220947266,6.0,22.22883661597554,199.87701416015625,-1.07,6.13,7.08,-0.03,21.18,0.04,-0.01,0.03,0.05,29.41,14.9,14.7,21.96,95,30.63,21.18,1011.41,14.65,620.4,1,280.95,350.24,241.4,1920,0,84,-,74.12,59.22,1606,21.96,1.1,5.69,94.9,29.8,-14.06,0,0.78,-,0.81,6,22.23,199.88,-5.81,-35.21,16,1.47,-,37,7.55,12.46,8.03,15.58,21.33,35.2,0.16,0.71,64.46,0,35.54,1538.52,11.37,1264,43.27,43,22.35,16.5,-,11.66,8.58,32.93,6.55,326.63,1154.1,799.23,354.87,-4.88,14.08,14.4,61
Fri Nov 04 06:55:21 GMT-03:00 2022,04-Nov-2022 06:55:22.082,-35.207993746237996,-5.80574342198285,12.064043998718262,6.0,22.528638285970843,199.88182067871094,-0.33,6.16,7.89,0.03,22.35,0.02,-0.04,0.1,-0.04,31.76,16.47,14.7,21.96,95,30.65,21.21,1011.35,14.65,620.4,1,281.18,396.33,241.4,1920,0,84,2.37,74.12,63.14,1715.5,21.96,1.1,6.44,107.39,29.8,-14.06,0,0.78,-,0.81,6,22.53,199.88,-5.81,-35.21,21,0.73,3.17,37,6.67,12.46,8.03,17.63,18.85,35.2,0.16,0.71,64.49,0,35.51,1539.58,12.55,1265,43.43,44,22.35,16.5,13.17,11.65,8.58,32.91,6.55,326.63,1155.08,800.2,354.87,-3.99,14.08,14.3,64
Fri Nov 04 06:55:22 GMT-03:00 2022,04-Nov-2022 06:55:23.081,-35.20803169653299,-5.805847064838347,12.255572319030762,6.0,23.00192110266401,199.9678497314453,-0.84,6.54,7.28,0.01,22.35,0.02,-0.02,0.1,-0.03,31.76,16.47,14.7,21.96,95,30.65,21.21,1011.24,14.5,637.7,1,281.18,396.33,241.4,1920,0,84,2.37,78.04,63.14,1715.5,21.96,1.1,6.44,107.39,29.8,-14.06,0,1.56,-,0.81,6,23,199.97,-5.81,-35.21,21,0.73,3.17,37,6.67,12.46,8.03,17.63,18.85,35.2,0.32,0.69,64.52,0,35.48,1539.58,16.86,1265,44.12,44,26.67,18,13.17,11.65,8.58,32.91,6.57,326.65,1156.09,801.22,354.87,-3.99,14.08,14.3,64
Fri Nov 04 06:55:23 GMT-03:00 2022,04-Nov-2022 06:55:24.082,-35.20806825035045,-5.805950840220135,12.448145866394043,6.0,23.3436465034565,199.85696411132812,-0.83,6.13,8.65,0.1,26.67,-0.06,-0.1,0.07,-0.14,32.16,16.47,14.7,21.96,95,30.67,21.23,1011.13,14.5,637.7,1,281.63,503.98,238.22,1920,0,85,2.37,75.69,67.84,2246,21.96,1.11,8.38,139.73,29.41,-14.06,-0.78,1.56,-,0.82,6,23.34,199.86,-5.81,-35.21,23,0.12,3.17,37,5.25,12.46,8.03,22.94,14.83,35.2,0.19,0.67,64.55,0,35.45,1533.88,16.86,1267,44.81,44,25.1,19.5,13.17,11.64,8.59,32.89,6.57,326.65,1157.09,802.21,354.87,-1.51,14.14,14.4,70
Fri Nov 04 06:55:24 GMT-03:00 2022,04-Nov-2022 06:55:25.082,-35.20810588137197,-5.806055324802848,12.391325950622559,6.0,23.89003384152662,199.8238983154297,-0.42,6.13,7.64,0.01,21.96,0,-0.08,0.04,-0.03,23.92,12.55,14.7,21.96,95,30.69,21.26,1011.08,14.5,652,1,281.71,319.65,238.22,1920,0,85,2.37,51.76,51.37,2063.5,21.96,1.11,5.32,88.63,29.41,-14.06,0,1.56,-,0.82,6,23.89,199.82,-5.81,-35.21,21,0.19,3.17,37,8.27,12.46,8.03,14.55,23.37,35.2,0.09,0.67,64.58,0,35.42,1540.73,12.16,1268,44.61,45,20,23,13.17,11.64,8.59,32.88,6.6,326.68,1158.1,803.23,354.87,-8.21,14.08,14.4,63
Fri Nov 04 06:55:25 GMT-03:00 2022,04-Nov-2022 06:55:26.082,-35.208143071796535,-5.8061568898096905,12.085789680480957,6.0,24.049495468542656,199.7613525390625,-0.6,6.3,7.91,0.04,21.18,0,-0.07,0.03,-0.01,29.02,14.9,14.7,21.96,95,30.71,21.28,1010.98,14.5,652,1,281.85,353.79,238.21,1920,0,85,-,65.49,51.76,1910.5,21.96,1.11,6.02,100.32,29.41,-14.06,-3.12,1.56,-,0.82,6,24.05,199.76,-5.81,-35.21,22,0.61,-,37,7.48,12.46,8.03,16.47,21.12,35.2,0.09,0.67,64.61,0,35.39,1535.02,10.98,1269,43.51,44,20,23,-,11.64,8.59,32.87,6.6,326.68,1159.09,804.22,354.87,-6.75,14.08,14.4,60
Fri Nov 04 06:55:26 GMT-03:00 2022,04-Nov-2022 06:55:27.082,-35.208180218703,-5.806259602286267,11.981643676757812,6.0,24.651710271080876,199.77842712402344,-0.25,5.76,8.12,0.03,21.18,0.02,-0.08,0.11,-0.05,29.8,14.9,14.7,21.96,95,30.71,21.28,1010.84,14.5,659,1,281.85,353.79,238.21,1920,0,85,-,65.49,51.76,1910.5,21.96,1.11,6.02,100.32,29.41,-14.06,-3.12,-4.69,-,0.82,6,24.65,199.78,-5.81,-35.21,21,0.61,-,36,7.48,12.46,8.03,16.47,21.12,35.2,0.72,0.65,64.64,0,35.36,1535.02,11.37,1269,43.13,44,21.96,19.5,-,11.64,8.59,32.87,6.62,326.68,1160.09,805.22,354.87,-6.75,14.08,14.4,60
Fri Nov 04 06:55:27 GMT-03:00 2022,04-Nov-2022 06:55:28.081,-35.208218071907844,-5.8063612890346,11.917706489562988,6.0,25.1374410517184,199.91053771972656,-0.29,6.03,7.64,0,21.96,-0.03,-0.05,0.04,-0.05,29.8,15.29,14.7,21.96,95,30.73,21.3,1010.76,14.5,659,1,281.98,346.46,238.21,1920,0,85,-,67.45,55.69,1865.5,21.96,1.11,5.76,96.06,29.41,-14.06,-2.34,-3.91,-,0.83,6,25.14,199.91,-5.81,-35.21,22,0.13,-,36,7.63,12.46,8.03,15.77,21.57,35.2,0.43,0.64,64.67,0,35.33,1529.44,12.16,1270,42.9,43,22.35,20,-,11.63,8.6,32.86,6.62,326.7,1161.09,806.22,354.87,-6.51,14.04,14.3,59
Fri Nov 04 06:55:28 GMT-03:00 2022,04-Nov-2022 06:55:29.081,-35.20825640463427,-5.806462661628378,11.95517635345459,6.0,25.567157329770904,200.0152587890625,-0.7,6.4,7.8,0.04,21.96,0,-0.04,0.11,-0.08,30.59,15.69,14.7,21.96,95,30.75,21.33,1010.62,14.5,664.7,1,282.17,375.87,238.21,1920,0,85,-,68.24,56.47,1949.5,21.96,1.12,6.11,101.84,29.41,-14.06,-2.34,-3.12,-,0.83,6,25.57,200.02,-5.81,-35.21,15,0.1,-,36,7.04,12.46,8.03,16.72,19.88,35.2,0.26,0.63,64.7,0,35.3,1529.44,12.16,1272,43.04,43,22.75,20,-,11.63,8.6,32.85,6.62,326.7,1162.09,807.22,354.87,-5.83,14.12,14.4,59
Fri Nov 04 06:55:29 GMT-03:00 2022,04-Nov-2022 06:55:30.082,-35.20829639008394,-5.8065639392677655,11.92809772491455,6.0,25.972837778243246,200.1085968017578,-0.83,6.14,7.6,0.01,21.96,-0.02,-0.05,0.04,-0.05,29.41,14.9,14.7,21.96,95,30.77,21.35,1010.55,14.5,664.7,1,282.31,355.86,238.21,1920,0,85,-,60.78,55.29,2039.5,21.96,1.12,5.79,96.42,29.41,-14.06,-5.47,-3.12,-,0.83,6,25.97,200.11,-5.81,-35.21,15,0.04,-,36,7.43,12.46,8.03,15.83,21,35.2,0.26,0.63,64.73,0,35.27,1529.44,12.16,1273,42.94,43,20.78,21.5,-,11.62,8.6,32.83,6.66,326.74,1163.1,808.23,354.87,-6.64,14.12,14.4,57
Fri Nov 04 06:55:30 GMT-03:00 2022,04-Nov-2022 06:55:31.082,-35.20833461073932,-5.806666253307416,11.890433311462402,6.0,26.95533436258861,199.88682556152344,-0.42,6.29,7.07,-0.02,22.35,-0.02,-0.05,0.05,-0.06,30.2,15.69,14.7,21.96,95,30.77,21.35,1010.43,14.5,668.8,1,282.31,355.86,238.21,1920,0,85,-,60.78,55.29,2039.5,21.96,1.12,5.79,96.42,29.41,-14.06,-5.47,1.56,-,0.83,6,26.96,199.89,-5.81,-35.21,16,0.04,-,36,7.43,12.46,8.03,15.83,21,35.2,0.14,0.6,64.76,0,35.24,1521.16,12.16,1273,42.81,43,20.78,21.5,-,11.62,8.6,32.83,6.66,326.74,1164.08,809.21,354.87,-6.64,14.08,14.3,57
Fri Nov 04 06:55:31 GMT-03:00 2022,04-Nov-2022 06:55:32.081,-35.20837349319297,-5.806769773247021,12.055205345153809,6.0,28.007516078108704,199.6118621826172,-0.57,6.22,7.55,0.01,22.75,0.03,-0.06,0.08,0,30.2,15.29,14.7,21.96,95,30.79,21.37,1010.32,14.5,668.8,1,282.58,416.33,238.2,1920,0,85,2.56,65.88,55.29,2194.5,21.96,1.12,6.77,112.81,29.41,-14.06,3.91,0,-,0.83,6,28.01,199.61,-5.81,-35.21,17,1.19,3.43,36,6.35,12.46,8.03,18.52,17.95,35.2,0.75,0.6,64.79,0,35.21,1527.77,12.94,1274,43.4,44,23.14,21,11.14,11.62,8.61,32.82,6.68,326.76,1165.1,810.23,354.87,-5.71,14.08,14.4,58
Fri Nov 04 06:55:32 GMT-03:00 2022,04-Nov-2022 06:55:33.082,-35.20841590843966,-5.806873621704788,12.218536376953125,6.0,28.699724369659492,199.32656860351562,-0.62,5.92,8.3,0.05,19.61,-0.01,-0.02,0.03,-0.03,30.2,15.29,14.7,21.96,95,30.81,21.4,1010.23,14.5,674.6,1,282.85,419.83,238.2,1920,0,85,2.56,65.49,56.47,2264.5,21.96,1.13,6.98,116.4,29.41,-14.06,-0.78,-3.12,-,0.83,6,28.7,199.33,-5.81,-35.21,15,1.6,3.43,36,6.3,12.46,8.03,19.11,17.8,35.2,0.7,0.61,64.82,0,35.18,1528.95,9.41,1275,43.99,45,22.75,21,11.14,11.61,8.61,32.8,6.68,326.76,1166.09,811.22,354.87,-6.07,14.08,14.3,58
Fri Nov 04 06:55:33 GMT-03:00 2022,04-Nov-2022 06:55:34.082,-35.20845544121195,-5.8069795293067905,12.18961238861084,6.0,29.175110058467066,199.29383850097656,-0.53,6.08,7.31,-0.02,19.61,0.01,-0.03,0.05,-0.01,14.9,7.45,14.7,21.96,95,30.83,21.42,1010.21,14.5,674.6,1,282.71,211.8,235.02,1920,0,85,2.56,43.14,34.51,2167,21.96,1.13,3.6,60.06,29.02,-14.06,3.91,-3.12,-,0.84,6,29.18,199.29,-5.81,-35.21,15,0.01,3.43,36,12.49,12.46,8.03,9.86,35.28,35.2,0.7,0.61,64.85,0,35.15,1528.95,9.41,1277,43.88,44,21.57,19.5,11.14,11.61,8.61,32.8,6.7,326.79,1167.11,812.23,354.87,-10.29,14.12,14.3,50
Fri Nov 04 06:55:34 GMT-03:00 2022,04-Nov-2022 06:55:35.081,-35.20849573645971,-5.807086388032994,12.399820327758789,8.0,29.744567456131573,199.37318420410156,-0.65,6.28,7.87,0.04,22.35,-0.01,-0.04,0.05,-0.04,27.84,13.73,14.7,21.96,95,30.83,21.42,1010.16,14.5,678.5,1,282.71,211.8,235.02,1920,0,85,2.56,43.14,50.59,2167,21.96,1.13,3.6,60.06,29.02,-14.06,3.91,-0.78,-,0.84,8,29.74,199.37,-5.81,-35.21,16,0.01,3.43,36,12.49,12.46,8.03,9.86,35.28,35.2,0.77,0.57,64.88,0,35.12,1523.27,12.55,1277,44.64,44,21.57,19.5,11.14,11.61,8.61,32.8,6.7,326.79,1168.1,813.23,354.87,-10.29,14.12,14.4,50
Fri Nov 04 06:55:35 GMT-03:00 2022,04-Nov-2022 06:55:36.082,-35.20853503726776,-5.807194013813039,12.467214584350586,8.0,30.50493220676233,199.5721435546875,-0.38,6.06,8.57,0.08,21.57,-0.02,0,0.05,-0.06,27.84,14.12,14.7,21.96,95,30.85,21.45,1010.13,14.5,678.5,1,282.84,347.77,235.02,1920,0,85,5.48,51.37,47.84,2328,21.96,1.13,5.79,96.42,29.02,-14.06,-0.78,1.56,-,0.84,8,30.5,199.57,-5.81,-35.21,16,1.36,7.35,36,7.61,12.46,8.03,15.83,21.48,35.2,0.12,0.56,64.91,0,35.09,1530.13,10.98,1278,44.88,46,21.18,20,22.48,11.61,8.61,32.79,6.7,326.79,1169.1,814.23,354.87,-7.43,14.08,14.3,50
Fri Nov 04 06:55:36 GMT-03:00 2022,04-Nov-2022 06:55:37.082,-35.20857346536735,-5.807302544515903,12.616140365600586,8.0,31.109654467672144,199.7434539794922,-0.54,5.89,7.69,0,21.57,-0.07,-0.05,0.01,-0.09,27.06,14.12,14.7,21.96,95,30.88,21.48,1010.08,14.5,683.6,1,283.02,374.05,235.02,1920,0,85,5.48,57.25,47.84,2307.5,21.96,1.13,6.51,108.42,29.02,-14.06,-1.56,-3.12,-,0.84,8,31.11,199.74,-5.81,-35.21,18,1.12,7.35,36,7.07,12.46,8.03,17.8,19.97,35.2,0.31,0.55,64.94,0,35.06,1530.13,11.37,1279,45.42,46,22.35,19.5,22.48,11.6,8.62,32.78,6.74,326.79,1170.09,815.21,354.87,-7.1,14.12,14.4,50
Fri Nov 04 06:55:37 GMT-03:00 2022,04-Nov-2022 06:55:38.083,-35.20861546156015,-5.807413231252889,12.727190017700195,8.0,31.68383139955866,199.8857879638672,-0.06,5.78,8.59,0.07,21.57,0.06,0,0,0.08,27.06,14.12,14.7,21.96,95,30.9,21.5,1010.06,14.5,683.6,1,283.13,336.02,235.02,1920,0,86,2.42,50.2,47.84,2308.5,21.96,1.14,5.84,97.4,29.02,-14.06,-0.78,0.78,-,0.84,8,31.68,199.89,-5.81,-35.21,14,1.58,3.24,36,7.87,12.46,8.03,15.99,22.24,35.19,0.29,0.54,64.97,0,35.03,1528.47,11.37,1280,45.82,47,20.39,3.5,10.01,11.6,8.62,32.77,6.74,326.82,1171.1,816.23,354.87,-7.79,14.04,14.4,49
Fri Nov 04 06:55:38 GMT-03:00 2022,04-Nov-2022 06:55:39.082,-35.208656843549946,-5.807524275855263,12.516332626342773,6.0,32.239791445589105,200.10379028320312,-0.7,5.78,7.17,-0.05,22.75,-0.01,-0.02,0.06,-0.05,29.41,14.9,14.7,21.96,95,30.9,21.5,1010.05,14.5,686.5,1,283.13,336.02,235.02,1920,0,86,2.42,50.2,54.12,2308.5,21.96,1.14,5.84,97.4,29.02,-14.06,-0.78,0.78,-,0.84,6,32.24,200.1,-5.81,-35.21,16,1.58,3.24,36,7.87,12.46,8.03,15.99,22.24,35.19,0.29,0.54,65,0,35,1528.47,12.94,1280,45.06,47,20.39,3.5,10.01,11.6,8.62,32.77,6.77,326.82,1172.09,817.22,354.87,-7.79,14.04,14.3,49
Fri Nov 04 06:55:39 GMT-03:00 2022,04-Nov-2022 06:55:40.084,-35.208700678886366,-5.807638351891916,12.990898132324219,6.0,32.21390798730391,200.13742065429688,-0.58,6.21,7.69,0.02,22.75,-0.01,-0.06,0.02,-0.01,29.41,14.9,14.7,21.96,95,30.92,21.53,1009.97,14.5,686.5,1,283.34,387.28,235.01,1920,0,86,2.42,64.31,54.12,2172.5,21.96,1.14,6.88,114.7,29.02,-14.06,-2.34,0,-,0.85,6,32.21,200.14,-5.81,-35.21,18,1.94,3.24,36,6.83,12.46,8.03,18.83,19.29,35.19,0.28,0.43,65.03,0,34.97,1522.55,12.94,1282,46.77,47,22.75,20,10.01,11.59,8.62,32.75,6.77,326.85,1173.08,818.21,354.87,-6.61,14.1,14.4,50
Fri Nov 04 06:55:40 GMT-03:00 2022,04-Nov-2022 06:55:41.082,-35.20874464977038,-5.807754478181074,13.156344413757324,6.0,32.77771333483221,200.02734375,-0.82,6.15,7.68,0.02,19.22,0.01,-0.07,0.07,-0.02,25.88,13.33,14.7,21.96,95,30.92,21.53,1009.97,14.5,689.5,1,283.47,349.02,235.01,1920,0,86,2.42,64.31,42.35,2223.5,21.96,1.14,6.2,103.37,29.02,-14.06,-2.34,0,-,0.85,6,32.78,200.03,-5.81,-35.21,18,1.94,3.24,36,7.58,12.46,8.03,16.97,21.41,35.19,0.28,0.43,65.06,0,34.94,1522.55,9.41,1284,47.36,47,22.75,20,10.01,11.59,8.63,32.74,6.8,326.85,1174.08,819.21,354.87,-6.94,14.1,14.4,50
Fri Nov 04 06:55:41 GMT-03:00 2022,04-Nov-2022 06:55:42.081,-35.20879107995123,-5.807868118034035,13.297492027282715,6.0,33.695220570588496,200.0393524169922,-0.53,5.61,8.01,0.01,19.22,0,-0.07,-0.02,0.02,25.88,13.33,14.7,21.96,95,30.95,21.56,1009.91,14.5,692.2,1,283.47,349.02,235.01,1920,0,86,5.75,56.86,42.35,2223.5,21.96,1.14,6.2,103.37,29.02,-14.06,-0.78,-2.34,-,0.85,6,33.7,200.04,-5.81,-35.21,16,1.64,7.72,36,7.58,12.46,8.03,16.97,21.41,35.19,0.65,0.16,65.09,0,34.91,1523.66,9.41,1284,47.87,49,21.57,21.5,24.71,11.59,8.63,32.74,6.8,326.88,1175.09,820.22,354.87,-6.94,14.12,14.4,50
Fri Nov 04 06:55:42 GMT-03:00 2022,04-Nov-2022 06:55:43.082,-35.20883189077741,-5.80798662206268,13.001677513122559,6.0,34.25944855861887,200.3853759765625,-0.76,5.36,8.67,0.05,14.12,0.03,-0.06,0,0.04,14.9,7.45,14.7,21.96,95,30.95,21.56,1009.86,14.5,692.2,1,283.07,85.42,235.01,1920,0,86,5.75,56.86,13.73,2223.5,21.96,1.15,1.58,26.37,29.02,-14.06,-0.78,-2.34,-,0.85,6,34.26,200.39,-5.81,-35.21,22,1.64,7.72,36,30.96,12.46,8.03,4.33,87.47,35.2,0.65,0.16,65.12,0,34.88,1523.66,5.1,1286,46.81,49,21.57,21.5,24.71,11.61,8.61,32.8,6.82,326.91,1176.09,821.22,354.87,-12.62,14.12,14.4,41
Fri Nov 04 06:55:43 GMT-03:00 2022,04-Nov-2022 06:55:44.083,-35.20886920527564,-5.808101029081463,12.303142547607422,6.0,34.49912179742665,200.33224487304688,-0.4,5.48,7.85,-0.01,13.73,0.03,-0.01,0,0.05,14.9,7.84,20.65,21.96,95,30.98,21.59,1009.84,14.5,692.8,1.4,283.07,85.42,235.01,1920,0,86,5.75,15.29,12.94,2086.5,21.96,1.15,1.58,26.37,29.02,-17.19,3.12,0,-,0.85,6,34.5,200.33,-5.81,-35.21,18,0.19,7.72,36,30.96,12.46,8.03,4.33,87.47,35.2,0.1,0.17,65.15,0,34.85,1517.53,3.53,1287,44.29,47,14.12,2,24.71,11.61,8.61,32.8,6.82,326.91,1177.09,822.22,354.87,-12.62,14.08,14.3,41
Fri Nov 04 06:55:44 GMT-03:00 2022,04-Nov-2022 06:55:45.082,-35.20890719162348,-5.808214509473214,12.510027885437012,6.0,34.1432848828804,200.0188446044922,-0.61,5.22,7.97,-0.02,16.47,0,-0.07,-0.02,0.02,14.9,7.45,13.76,21.96,95,31,21.61,1009.79,14.5,692.8,0.94,282.49,112.26,235.02,1920,0,86,-,37.65,24.71,1907,21.96,1.15,1.87,31.13,29.02,-14.84,0,0,-,0.85,6,34.14,200.02,-5.81,-35.21,22,0.29,-,36,23.56,12.46,8.03,5.11,66.55,35.2,0.77,0.08,65.18,0,34.82,1517.53,6.27,1288,45.04,44,17.65,23,-,11.63,8.6,32.85,6.85,326.91,1178.09,823.22,354.87,-11.91,14.12,14.3,32
Fri Nov 04 06:55:45 GMT-03:00 2022,04-Nov-2022 06:55:46.082,-35.20894408833063,-5.808319855729926,12.214582443237305,6.0,34.80001501763507,199.94166564941406,-0.7,6.5,7.24,0.01,14.12,-0.13,-0.05,-0.06,-0.1,23.14,13.73,13.43,21.96,95,31.02,21.63,1009.75,14.5,692.8,0.91,282.49,112.26,235.02,1920,0,86,-,21.96,41.57,1816,21.96,1.15,1.87,31.13,29.02,-16.41,0,0,-,0.85,6,34.8,199.94,-5.81,-35.21,21,1.04,-,36,23.56,12.46,8.03,5.11,66.55,35.2,0.88,0.12,65.21,0,34.79,1511.65,4.31,1288,43.97,44,14.12,3.5,-,11.63,8.6,32.85,6.85,326.93,1179.08,824.2,354.87,-11.91,14.14,14.4,32
Fri Nov 04 06:55:46 GMT-03:00 2022,04-Nov-2022 06:55:47.082,-35.208981951090855,-5.8084257439067635,12.268440246582031,6.0,35.3032884926287,199.9801025390625,-0.24,6.57,8.72,0.13,14.12,0.11,0.01,0.05,0.11,23.14,13.73,13.43,21.96,95,31.03,21.66,1009.71,14.5,692.8,0.91,282.57,320.97,235.03,1920,0,86,-,60,41.57,1870,21.96,1.15,5.34,88.99,29.02,-16.41,0,0,-,0.85,6,35.3,199.98,-5.81,-35.21,23,0.03,-,36,8.24,12.46,8.03,14.61,23.28,35.2,0.88,0.12,65.24,0,34.76,1511.65,4.31,1290,44.17,44,21.18,21,-,11.62,8.6,32.84,6.87,326.96,1180.09,825.22,354.87,-6.71,14.14,14.4,37
Fri Nov 04 06:55:47 GMT-03:00 2022,04-Nov-2022 06:55:48.081,-35.20902065622488,-5.80853509869739,12.555899620056152,6.0,35.7862995589277,200.03622436523438,-0.51,6.05,8.13,0.05,20.78,-0.02,-0.03,0.01,-0.03,27.45,14.12,14.7,21.96,95,31.06,21.68,1009.66,14.5,687.6,1,282.66,331.3,235.02,1920,0,86,4.69,59.61,49.8,1932,21.96,1.15,5.51,91.85,29.02,-14.06,-0.78,-1.56,-,0.85,6,35.79,200.04,-5.81,-35.21,20,0.83,6.29,36,7.98,12.46,8.03,15.08,22.55,35.2,0.76,0.85,65.27,0,34.73,1512.75,10.98,1291,45.2,45,21.18,21,23.19,11.62,8.6,32.83,6.87,326.96,1181.1,826.23,354.87,-6.7,14.06,14.4,41
Fri Nov 04 06:55:48 GMT-03:00 2022,04-Nov-2022 06:55:49.082,-35.20906034517535,-5.808642664535582,12.619446754455566,6.0,35.94624419310818,200.0517578125,-0.51,5.27,8.09,-0,18.43,-0.04,-0.05,-0.02,-0.02,14.9,7.45,14.7,21.96,95,31.08,21.7,1009.61,14.5,687.6,1,282.4,152.09,235.02,1921,0,86,4.69,29.41,38.04,1832.5,21.96,1.15,2.59,43.12,29.02,-14.06,-0.78,0,-,0.86,6,35.95,200.05,-5.81,-35.21,22,0.2,6.29,36,17.39,12.46,8.03,7.08,49.13,35.2,0.09,0.79,65.3,0,34.7,1512.75,8.63,1292,45.43,45,14.51,4.5,23.19,11.63,8.6,32.84,6.9,326.98,1182.09,827.22,354.87,-10.96,14.1,14.4,37
Fri Nov 04 06:55:49 GMT-03:00 2022,04-Nov-2022 06:55:50.082,-35.209101691266895,-5.808748004136645,12.330307006835938,6.0,36.329366468192184,200.0670166015625,-0.43,6.56,7.52,0.03,13.73,-0.02,-0.07,0,-0.02,14.9,7.45,14.7,21.96,95,31.1,21.73,1009.6,14.5,687.6,1,282.57,367.97,238.2,1921,0,86,4.69,29.41,15.29,1852,21.96,1.16,6.26,104.34,29.41,-16.41,-0.78,0,-,0.86,6,36.33,200.07,-5.81,-35.21,20,1.43,6.29,36,7.19,12.46,8.03,17.13,20.3,35.2,0.09,0.77,65.33,0,34.67,1507.15,3.92,1293,44.39,44,14.51,4.5,23.19,11.62,8.6,32.83,6.9,326.98,1183.09,828.22,354.87,-5.45,14.1,14.4,43
Fri Nov 04 06:55:50 GMT-03:00 2022,04-Nov-2022 06:55:51.080,-35.20914219587543,-5.808853560832062,12.200804710388184,6.0,36.8762547037843,199.84275817871094,-0.95,5.5,7.83,-0.01,15.29,0.02,-0.08,0,0.03,14.9,7.45,14.7,21.96,95,31.1,21.73,1009.58,14.5,685.4,1,282.57,367.97,238.2,1921,0,86,4.69,62.75,15.29,1852,21.96,1.16,6.26,104.34,29.41,-14.84,0,-3.91,-,0.86,6,36.88,199.84,-5.81,-35.21,20,1.43,6.29,36,7.19,12.46,8.03,17.13,20.3,35.2,0.7,0.76,65.36,0,34.64,1507.15,5.49,1293,43.92,44,18.82,-4.5,23.19,11.62,8.6,32.83,6.93,326.98,1184.08,829.21,354.87,-5.45,14.12,14.3,43
Fri Nov 04 06:55:51 GMT-03:00 2022,04-Nov-2022 06:55:52.081,-35.2091793985098,-5.808952295764487,11.607901573181152,6.0,37.41481963548002,199.72225952148438,-0.82,5.95,7.69,0.01,23.92,0,-0.07,0.01,-0.01,14.9,7.45,14.7,21.96,95,31.11,21.75,1009.54,14.5,685.4,1,282.18,88.32,238.2,1921,0,86,-,18.82,23.14,1735.5,21.96,1.16,1.47,24.49,29.41,-14.84,-0.78,-1.56,-,0.86,6,37.41,199.72,-5.81,-35.21,20,1.92,-,37,29.95,12.46,8.03,4.02,84.6,35.2,0.79,0.76,65.39,0,34.61,1501.71,14.12,1295,41.79,42,14.12,-1,-,11.64,8.59,32.89,6.93,327.01,1185.09,830.22,354.87,-12.4,14.12,14.3,36
Fri Nov 04 06:55:52 GMT-03:00 2022,04-Nov-2022 06:55:53.081,-35.20921788767035,-5.809055615188521,11.915717124938965,6.0,38.192562272741625,199.80604553222656,-1.16,6.17,6.68,-0.05,28.63,-0.02,-0.04,0.1,-0.1,32.16,16.86,14.7,21.96,95,31.13,21.77,1009.44,14.5,687,1,282.65,516.47,238.21,1921,0,86,-,81.96,60,2018,21.96,1.16,8.2,136.68,29.41,-14.06,-0.78,-2.34,-,0.86,6,38.19,199.81,-5.81,-35.21,21,0.79,-,37,5.12,12.46,8.03,22.44,14.47,35.2,0.81,0.79,65.42,0,34.58,1501.71,18.82,1296,42.9,41,28.24,16.5,-,11.63,8.59,32.87,6.93,327.01,1186.08,831.2,354.87,-1.94,14.04,14.3,48
Fri Nov 04 06:55:53 GMT-03:00 2022,04-Nov-2022 06:55:54.083,-35.20925771487263,-5.809163980482927,12.58057975769043,6.0,38.160498435653956,199.9412078857422,-0.34,6.04,6.97,-0.05,28.63,0.05,-0.04,0.11,0,33.33,16.86,14.7,21.96,95,31.15,21.79,1009.41,14.5,687,1,283.3,607.58,238.2,1921,0,86,4.98,81.18,70.2,2351,21.96,1.16,9.42,156.97,29.41,-14.06,-1.56,0,-,0.86,6,38.16,199.94,-5.81,-35.21,21,1.1,6.67,37,4.35,12.46,8.03,25.77,12.3,35.2,0.28,0.76,65.44,0,34.56,1508.06,18.82,1297,45.29,44,28.63,16.5,20.22,11.63,8.6,32.85,6.96,327.01,1187.08,832.21,354.87,-2.1,14.02,14.3,57
Fri Nov 04 06:55:54 GMT-03:00 2022,04-Nov-2022 06:55:55.082,-35.20929721793404,-5.809276827741748,12.839277267456055,6.0,38.648449216872415,199.9425048828125,-0.01,5.82,8.16,0.03,19.22,0.02,-0.05,0.03,0.01,22.35,11.76,14.7,21.57,95,31.15,21.79,1009.35,14.5,687,1,283.21,237.93,235.02,1921,0,86,4.98,81.18,39.61,2351,21.57,1.17,3.96,65.97,29.02,-14.06,-1.56,0,-,0.86,6,38.65,199.94,-5.81,-35.21,23,1.1,6.67,37,11.12,12.46,8.03,10.83,31.4,35.2,0.28,0.76,65.47,0,34.53,1500.13,11.37,1298,46.22,44,28.63,16.5,20.22,11.63,8.6,32.84,6.96,327.04,1188.09,833.22,354.87,-10.03,14.02,14.3,50
Fri Nov 04 06:55:55 GMT-03:00 2022,04-Nov-2022 06:55:56.082,-35.20933767450563,-5.809388958737541,12.776070594787598,6.0,39.17481042812756,199.9210205078125,-0.72,6.05,8.23,0.05,16.47,0.01,-0.08,0.06,-0.01,24.31,12.55,14.7,21.96,95,31.17,21.82,1009.34,14.5,700,1,283.21,237.93,235.02,1921,0,86,2.86,39.61,36.08,2064,21.96,1.17,3.96,65.97,29.02,-14.84,0.78,-0.78,-,0.86,6,39.17,199.92,-5.81,-35.21,22,1.22,3.84,36,11.12,12.46,8.03,10.83,31.4,35.2,0.6,0.73,65.5,0,34.5,1506.59,6.67,1299,45.99,45,17.25,24.5,13.25,11.63,8.6,32.84,6.99,327.07,1189.09,834.22,354.87,-10.03,14.12,14.4,50
Fri Nov 04 06:55:56 GMT-03:00 2022,04-Nov-2022 06:55:57.083,-35.20937719519538,-5.809501835735182,12.802802085876465,6.0,39.731902840699114,199.6357879638672,-1.1,5.51,7.8,-0.01,19.22,-0.07,-0.09,0.01,-0.09,25.88,13.33,14.7,21.96,95,31.19,21.84,1009.27,14.5,700,1,283.22,284.41,235.02,1921,0,86,2.86,51.76,44.31,1870.5,21.96,1.17,4.84,80.65,29.02,-14.06,2.34,0.78,-,0.87,6,39.73,199.64,-5.81,-35.21,19,0.99,3.84,36,9.3,12.46,8.03,13.24,26.27,35.2,0.83,0.71,65.53,0,34.47,1500.9,9.41,1300,46.09,45,19.61,21.5,13.25,11.62,8.6,32.83,6.99,327.07,1190.08,835.21,354.87,-7.83,14.1,14.4,48
Fri Nov 04 06:55:57 GMT-03:00 2022,04-Nov-2022 06:55:58.082,-35.209418322094066,-5.809612809943661,12.9142427444458,6.0,40.11059583168665,199.33163452148438,-0.38,5.37,8.02,-0,18.82,-0.06,-0.06,0.01,-0.08,25.1,12.94,14.7,21.96,95,31.21,21.87,1009.22,14.5,700,1,283.22,284.41,235.02,1921,0,86,2.86,52.55,41.18,1870.5,21.96,1.17,4.84,80.65,29.02,-14.06,-4.69,-2.34,-,0.87,6,40.11,199.33,-5.81,-35.21,19,0.09,3.84,36,9.3,12.46,8.03,13.24,26.27,35.2,0.11,0.7,65.56,0,34.44,1507.48,8.63,1300,46.49,46,19.22,22.5,13.25,11.62,8.6,32.83,7.01,327.07,1191.09,836.22,354.87,-7.83,14.14,14.3,48
Fri Nov 04 06:55:58 GMT-03:00 2022,04-Nov-2022 06:55:59.083,-35.20945760520861,-5.80972367987264,13.092978477478027,6.0,40.09876004242103,199.4390106201172,-0.49,5.33,7.75,-0.03,18.82,0,-0.05,0,0.02,25.1,12.94,14.7,21.96,95,31.23,21.89,1009.2,14.5,700,1,282.93,137.64,238.19,1921,0,86,2.86,27.84,41.18,1833,21.96,1.17,2.39,39.9,29.41,-14.06,-4.69,-2.34,-,0.87,6,40.1,199.44,-5.81,-35.21,22,0.51,3.84,36,19.22,12.46,8.03,6.55,54.28,35.2,0.11,0.7,65.59,0,34.41,1508.52,8.63,1301,47.13,47,19.22,22.5,-,11.63,8.6,32.85,7.01,327.1,1192.09,837.22,354.87,-11.11,14.14,14.3,41
Fri Nov 04 06:55:59 GMT-03:00 2022,04-Nov-2022 06:56:00.082,-35.209496820019545,-5.8098337174779315,12.990252494812012,6.0,39.97387086150708,199.51487731933594,-0.6,5.08,8.44,0.02,13.73,0.03,-0.03,-0.01,0.06,14.9,7.45,14.7,21.96,95,31.25,21.92,1009.2,14.5,703.3,1,282.53,82.68,238.2,1921,0,86,-,27.84,14.51,1777,21.96,1.17,1.47,24.49,29.41,-16.41,-3.12,-3.91,-,0.87,6,39.97,199.51,-5.81,-35.21,19,0.76,-,36,31.99,12.46,8.03,4.02,90.37,35.2,0.83,0.69,65.62,0,34.38,1502.97,3.53,1303,46.76,46,14.51,5,-,11.65,8.58,32.91,7.04,327.12,1193.1,838.23,354.87,-12.38,14.1,14.3,35
Fri Nov 04 06:56:00 GMT-03:00 2022,04-Nov-2022 06:56:01.081,-35.209535484456765,-5.809941783710083,12.714244842529297,6.0,40.00665392890362,199.66624450683594,-0.58,4.86,8.14,-0.02,13.73,0,-0.09,-0.03,0.02,14.9,7.45,14.7,21.96,95,31.25,21.92,1009.26,14.5,703.3,1,282.53,82.68,238.2,1921,0,86,-,17.25,14.9,1777,21.96,1.17,1.47,24.49,29.41,-17.19,-2.34,0,-,0.87,6,40.01,199.67,-5.81,-35.21,21,0.76,-,36,31.99,12.46,8.03,4.02,90.37,35.2,0.07,0.69,65.65,0,34.35,1502.97,3.53,1304,45.77,46,14.12,-4,-,11.65,8.58,32.91,7.04,327.12,1194.09,839.22,354.87,-12.38,14.08,14.4,35
Fri Nov 04 06:56:01 GMT-03:00 2022,04-Nov-2022 06:56:02.082,-35.209573197762154,-5.810046325851267,12.228099822998047,6.0,40.27322522075617,199.88047790527344,-0.64,4.52,8.79,0.02,13.33,-0.01,-0.05,-0.12,0.06,14.9,7.45,29.4,21.96,95,31.27,21.94,1009.28,14.5,702.6,2,282.13,82.8,238.21,1921,0,87,-,19.61,14.9,1632.5,21.96,1.17,1.44,24,29.41,-16.41,0,0,-,0.87,6,40.27,199.88,-5.81,-35.21,20,0.77,-,36,31.95,12.46,8.03,3.94,90.24,35.2,0,0.01,65.68,0,34.32,1502.97,3.53,1304,44.02,45,13.73,-7.5,-,11.67,8.57,32.97,7.07,327.12,1195.08,840.21,354.87,-12.36,14.12,14.4,30
Fri Nov 04 06:56:02 GMT-03:00 2022,04-Nov-2022 06:56:03.082,-35.20960744708548,-5.810139866107042,10.969158172607422,6.0,40.32329019143594,199.830078125,-0.83,4.04,9.14,0.03,13.33,0.01,-0.06,-0.16,0.11,14.9,7.45,29.4,21.96,95,31.28,21.96,1009.32,14.5,702.6,2,281.73,77.98,238.22,1921,0,86,-,19.22,16.08,1465.5,21.96,1.17,1.33,22.11,29.41,-16.41,0,0,-,0.87,6,40.32,199.83,-5.81,-35.21,25,6.02,-,36,33.92,12.46,8.02,3.63,95.82,35.2,0,0.01,65.7,0,34.3,1497.65,3.53,1306,39.49,38,13.73,-7.5,-,11.7,8.55,33.04,7.07,327.15,1196.09,841.21,354.87,-12.35,14.12,14.4,26
Fri Nov 04 06:56:03 GMT-03:00 2022,04-Nov-2022 06:56:04.082,-35.209634449800284,-5.810218749024916,9.926345825195312,6.0,41.18633214364442,199.51205444335938,-1.03,3.77,8.93,0.01,13.33,0.06,-0.02,-0.14,0.16,14.9,7.45,29.4,21.96,95,31.29,21.97,1009.42,14.5,701.5,2,281.34,86.74,238.23,1921,0,86,-,19.61,16.08,1336,21.96,1.17,1.25,20.77,29.41,-17.19,0,0,-,0.87,6,41.19,199.51,-5.81,-35.21,25,7.49,-,37,30.49,12.46,8.02,3.41,86.13,35.2,0,0,65.73,0,34.27,1497.65,3.14,1307,35.73,32,13.73,-9,-,11.71,8.54,33.09,7.07,327.15,1197.09,842.21,354.87,-12.24,14.08,14.3,23
Fri Nov 04 06:56:04 GMT-03:00 2022,04-Nov-2022 06:56:05.083,-35.209657690615316,-5.810288885906727,8.342126846313477,6.0,40.911373452720944,199.29135131835938,-0.37,3.84,9.13,0.02,12.94,-0.01,-0.03,-0.18,0.09,14.9,7.45,29.4,21.96,95,31.28,21.97,1009.42,14.5,701.5,2,280.97,95.46,238.24,1921,0,86,-,19.22,15.69,1244,21.96,1.17,1.15,19.25,29.41,-17.97,0,0,-,0.87,6,40.91,199.29,-5.81,-35.21,25,9.73,-,37,27.71,12.46,8.02,3.16,78.27,35.2,0,0,65.76,0,34.24,1497.65,3.14,1308,30.03,26,13.33,-13,-,11.73,8.52,33.14,7.09,327.15,1198.09,843.22,354.87,-12.21,14.08,14.3,21
Fri Nov 04 06:56:05 GMT-03:00 2022,04-Nov-2022 06:56:06.083,-35.20967607838694,-5.810342001857554,5.973718166351318,6.0,40.85107068811236,199.07550048828125,-0.52,4.41,9.06,0.04,12.94,0,-0.04,-0.09,0.06,14.9,7.45,29.4,21.96,95,31.28,21.97,1009.45,14.5,701.5,2,280.65,120.46,244.6,1921,0,86,-,19.22,15.29,1244,21.96,1.18,1.18,19.74,30.2,-17.97,0,0,-,0.87,6,40.85,199.08,-5.81,-35.21,24,9.73,-,37,21.96,12.46,8.02,3.24,62.03,35.2,0,0,65.79,0,34.21,1491.65,3.14,1309,21.51,26,13.33,-13,-,11.74,8.52,33.17,7.09,327.18,1199.1,844.23,354.87,-11.97,14.08,14.3,20
Fri Nov 04 06:56:06 GMT-03:00 2022,04-Nov-2022 06:56:07.082,-35.20969151528947,-5.810386123571483,4.992545127868652,4.0,40.72585865481965,199.12586975097656,-0.84,4.78,8.54,0.01,12.94,0.02,-0.05,-0.06,0.08,14.9,7.45,29.4,21.96,95,31.26,21.97,1009.43,14.5,701.5,2,280.65,120.46,244.6,1921,0,86,-,19.22,15.29,1275,21.96,1.18,1.18,19.74,30.2,-17.97,0,0,-,0.87,4,40.73,199.13,-5.81,-35.21,20,3.51,-,38,21.96,12.46,8.02,3.24,62.03,35.2,0,0,65.82,0,34.18,1491.65,3.14,1309,17.97,18,13.33,-13,-,11.74,8.52,33.17,7.09,327.18,1200.11,845.24,354.87,-11.97,14.08,14.3,20
Fri Nov 04 06:56:07 GMT-03:00 2022,04-Nov-2022 06:56:08.081,-35.20970552629469,-5.810424470121004,4.444671154022217,4.0,40.7303102106141,199.26698303222656,-0.62,4.57,8.73,0.02,12.94,-0.01,-0.06,-0.11,0.06,14.9,7.45,29.4,21.96,95,31.23,21.96,1009.42,14.5,697.7,2,280.93,420.49,250.95,1921,0,86,-,43.14,16.86,746,21.96,1.18,2.86,47.69,30.98,-17.19,0,0,-,0.87,4,40.73,199.27,-5.81,-35.21,20,2.97,-,38,6.29,12.46,8.02,7.83,17.77,35.2,0.59,0.05,65.85,0,34.15,1491.65,2.75,1311,16,15,12.94,-5.5,-,11.74,8.52,33.15,7.09,327.18,1201.09,846.22,354.87,-8.52,14.04,14.4,25
Fri Nov 04 06:56:08 GMT-03:00 2022,04-Nov-2022 06:56:09.081,-35.20971542540873,-5.810454157550876,3.180208206176758,6.0,40.39179780704384,199.45932006835938,-0.59,4.17,8.78,0,13.33,0,-0.04,-0.13,0.09,14.9,7.45,14.51,21.96,95,31.2,21.95,1009.45,14.5,697.7,0.99,280.91,275.17,250.95,1921,0,86,-,33.33,23.14,929.5,21.96,1.18,1.56,26.01,30.98,-16.41,0,0,-,0.87,6,40.39,199.46,-5.81,-35.21,19,5,-,38,9.61,12.46,8.02,4.27,27.15,35.2,0.88,0.09,65.88,0,34.12,1490.95,3.53,1312,11.45,11,14.12,6.5,-,11.73,8.52,33.15,7.1,327.18,1202.09,847.21,354.87,-8.93,14.06,14.4,28
Fri Nov 04 06:56:09 GMT-03:00 2022,04-Nov-2022 06:56:10.081,-35.2097224683726,-5.810470312491621,1.6777998208999634,6.0,40.52199709500015,199.5535430908203,-0.62,4.93,8.36,0,15.29,0,-0.06,-0.06,0.05,14.9,7.45,13.33,21.96,95,31.17,21.93,1009.48,14.5,694.1,0.91,280.91,-,254.13,1921,0,86,-,42.35,35.29,936.5,21.96,1.18,1.81,30.09,31.37,-16.41,0,0,-,0.87,6,40.52,199.55,-5.81,-35.21,18,6.45,-,38,6.09,12.46,8.02,4.94,17.21,35.2,0.88,0.09,65.88,0,34.12,1490.38,5.49,1313,6.04,5,14.12,6.5,-,11.73,8.53,33.13,7.1,327.18,1203.1,848.23,354.87,-9.32,14.06,14.3,30
Fri Nov 04 06:56:10 GMT-03:00 2022,04-Nov-2022 06:56:11.082,-35.209726669003786,-5.8104832679736536,1.0311211347579956,6.0,40.11887804762293,199.62060546875,-0.66,4.82,8.54,0.01,15.29,0,-0.03,-0.07,0.06,14.9,7.45,13.4,21.96,95,31.17,21.93,1009.44,14.5,689.1,0.91,280.91,-,254.13,1921,0,86,-,42.35,35.29,936.5,21.96,1.18,1.81,30.09,31.37,-16.41,0,0,-,0.87,6,40.12,199.62,-5.81,-35.21,20,6.45,-,38,6.09,12.46,8.02,4.94,17.21,35.2,0.86,0.12,65.82,0,34.18,1490.38,3.92,1313,3.71,5,14.51,0,-,11.73,8.53,33.13,7.1,327.18,1204.09,849.22,354.87,-9.32,14.08,14.3,30
Fri Nov 04 06:56:11 GMT-03:00 2022,04-Nov-2022 06:56:12.081,-35.209726669003786,-5.8104832679736536,0.2491326630115509,6.0,40.55604356820096,199.6329345703125,-0.57,5.35,8.05,-0,13.73,-0.01,-0.05,-0.02,0,14.9,7.45,13.9,21.96,95,31.17,21.91,1009.47,14.5,689.1,0.95,280.91,-,266.83,1921,0,86,-,40.39,32.55,777,21.96,1.18,1.42,23.63,32.94,-17.19,0,0,-,0.87,6,40.56,199.63,-5.81,-35.21,20,3.71,-,38,3.53,12.46,8.02,3.88,9.96,35.2,0.87,0.88,65.77,0,34.23,1490.38,3.92,1315,0.9,0,13.73,4.5,-,11.72,8.53,33.11,7.1,327.18,1205.09,849.71,355.38,-10.47,14.08,14.4,29
Fri Nov 04 06:56:12 GMT-03:00 2022,04-Nov-2022 06:56:13.082,-35.209726669003786,-5.8104832679736536,0.042117003351449966,6.0,40.594424261843905,199.6437530517578,-0.62,5.49,8.02,0,13.73,-0.01,-0.04,-0.01,0,14.9,7.45,14.7,21.96,95,31.17,21.89,1009.45,14.5,684.5,1,280.91,-,266.82,1921,0,86,-,38.43,30.98,790.5,21.96,1.18,1.37,22.78,32.94,-17.97,0,-0.78,-,0.87,6,40.59,199.64,-5.81,-35.21,21,0.9,-,38,0,12.46,8.02,3.74,0,35.2,0.75,0.88,65.71,0,34.29,1490.38,3.53,1316,0.15,0,13.33,-1.5,-,11.72,8.53,33.11,7.1,327.18,1206.09,849.71,356.38,-9.81,14.16,14.3,30
Fri Nov 04 06:56:13 GMT-03:00 2022,04-Nov-2022 06:56:14.082,-35.209726669003786,-5.8104832679736536,0.025963816791772842,6.0,40.453186386790144,199.66458129882812,-0.51,5.48,8.02,0,12.94,0,-0.05,0,0,14.9,7.45,14.7,21.96,95,31.17,21.86,1009.44,14.5,684.5,1,280.91,-,266.82,1921,0,86,-,30.59,24.31,765.5,21.96,1.18,1.09,18.09,32.94,-17.97,-3.12,-0.78,-,0.87,6,40.45,199.66,-5.81,-35.21,21,0.15,-,38,0,12.46,8.02,2.97,0,35.2,0.75,0.88,65.66,0,34.34,1490.38,2.75,1317,0.09,0,13.33,5,-,11.72,8.53,33.1,7.1,327.18,1207.11,849.71,357.39,-10.84,14.14,14.3,28
Fri Nov 04 06:56:14 GMT-03:00 2022,04-Nov-2022 06:56:15.081,-35.209726669003786,-5.8104832679736536,0.04601234942674637,6.0,40.536230360495665,199.67697143554688,-0.59,5.45,8.07,0.01,12.94,-0.01,-0.04,0,0,14.9,7.45,14.7,21.96,95,31.17,21.86,1009.45,14.5,681.6,1,280.91,-,266.82,1921,0,86,-,30.59,23.92,765.5,21.96,1.18,1.09,18.09,32.94,-18.75,-3.12,-0.78,-,0.87,6,40.54,199.68,-5.81,-35.21,23,0.15,-,38,0,12.46,8.02,2.97,0,35.2,0.09,0.84,65.6,0,34.4,1490.38,3.14,1317,0.17,0,13.33,5,-,11.72,8.53,33.1,7.1,327.18,1208.1,849.71,358.38,-10.84,14.14,14.3,28
Fri Nov 04 06:56:15 GMT-03:00 2022,04-Nov-2022 06:56:16.082,-35.209726669003786,-5.8104832679736536,0.02249293029308319,6.0,40.50826166828151,199.67813110351562,-0.64,5.41,7.95,-0.01,12.94,0,-0.04,0,0,14.9,7.45,14.7,21.96,95,31.17,21.84,1009.45,14.5,681.6,1,280.91,-,260.47,1921,0,86,-,30.2,23.92,793,21.96,1.18,1.09,18.21,32.16,-18.75,3.12,3.12,-,0.87,6,40.51,199.68,-5.81,-35.21,24,0.17,-,38,0,12.46,8.02,2.99,0,35.2,0.09,0.82,65.55,0,34.45,1490.38,3.14,1318,0.08,0,13.33,4.5,-,11.72,8.53,33.1,7.1,327.18,1209.11,849.71,359.39,-10.7,14.06,14.4,28
Fri Nov 04 06:56:16 GMT-03:00 2022,04-Nov-2022 06:56:17.081,-35.209726669003786,-5.8104832679736536,0.023817960172891617,8.0,40.43108212760276,199.68353271484375,-0.56,5.49,8.06,0.01,12.94,0,-0.05,0,0,14.9,7.45,14.7,21.96,95,31.17,21.82,1009.42,14.5,681.6,1,280.91,-,260.47,1921,0,86,-,29.02,23.53,814,21.96,1.18,1.05,17.42,32.16,-18.75,5.47,6.25,-,0.87,8,40.43,199.68,-5.81,-35.21,20,0.08,-,38,0,12.46,8.02,2.86,0,35.2,0.17,0.81,65.5,0,34.5,1490.38,3.14,1319,0.09,0,13.33,5,-,11.72,8.53,33.1,7.1,327.18,1210.09,849.71,360.38,-10.99,14.1,14.3,27
Fri Nov 04 06:56:17 GMT-03:00 2022,04-Nov-2022 06:56:18.083,-35.209726669003786,-5.8104832679736536,0.01405476313084364,8.0,40.33311941250061,199.68984985351562,-0.58,5.49,8.09,0.01,12.94,-0.01,-0.04,0,0,14.9,7.45,14.7,21.96,95,31.17,21.8,1009.42,14.5,677,1,280.91,-,260.47,1921,0,86,-,30.59,23.53,794.5,21.96,1.18,1.11,18.58,32.16,-18.75,6.25,6.25,-,0.88,8,40.33,199.69,-5.81,-35.21,22,0.09,-,38,0,12.46,8.02,3.05,0,35.2,0.8,0.8,65.44,0,34.56,1490.38,2.75,1320,0.05,0,13.33,4.5,-,11.72,8.53,33.1,7.1,327.18,1211.1,849.71,361.39,-10.85,14.08,14.3,26
Fri Nov 04 06:56:18 GMT-03:00 2022,04-Nov-2022 06:56:19.082,-35.209726669003786,-5.8104832679736536,0.020354218780994415,8.0,40.268653806856335,199.69287109375,-0.53,5.52,8.06,0.01,12.94,0,-0.05,0,0,14.9,7.45,14.7,21.96,95,31.17,21.78,1009.48,14.5,677,1,280.91,-,263.65,1921,0,87,-,29.41,23.53,792,21.96,1.18,1.05,17.42,32.55,-18.75,6.25,6.25,-,0.88,8,40.27,199.69,-5.81,-35.21,22,0.05,-,38,0,12.46,8.02,2.86,0,35.2,0.8,0.8,65.39,0,34.61,1490.38,2.75,1322,0.07,0,13.33,4.5,-,11.72,8.53,33.1,7.1,327.18,1212.08,849.71,362.37,-11,14.08,14.3,25
Fri Nov 04 06:56:19 GMT-03:00 2022,04-Nov-2022 06:56:20.082,-35.209726669003786,-5.8104832679736536,0.015358333475887775,8.0,40.224027771956855,199.69873046875,-0.63,5.43,7.97,-0,12.94,0,-0.05,0,0.01,14.9,7.45,14.7,21.96,95,31.17,21.75,1009.43,14.5,674.5,1,280.91,-,263.65,1921,0,87,-,30.59,23.92,785.5,21.96,1.18,1.07,17.91,32.55,-18.75,0.78,0,-,0.88,8,40.22,199.7,-5.81,-35.21,22,0.07,-,38,0,12.46,8.02,2.94,0,35.2,0.76,0.79,65.33,0,34.67,1490.38,3.14,1323,0.06,0,13.33,5,-,11.72,8.54,33.1,7.1,327.18,1213.09,849.71,363.38,-10.89,14.1,14.4,25
Fri Nov 04 06:56:20 GMT-03:00 2022,04-Nov-2022 06:56:21.082,-35.209726669003786,-5.8104832679736536,0.013839881867170334,6.0,40.185330733319724,199.70587158203125,-0.65,5.44,8.04,0,12.94,0,-0.04,0,0.01,14.9,7.45,14.7,21.96,95,31.17,21.73,1009.45,14.5,674.5,1,280.91,-,263.65,1921,0,87,-,30.2,23.92,781,21.96,1.18,1.06,17.73,32.55,-18.75,2.34,0,-,0.88,6,40.19,199.71,-5.81,-35.21,22,0.06,-,38,0,12.46,8.02,2.91,0,35.2,0.23,0.79,65.28,0,34.72,1490.38,2.75,1324,0.05,0,13.33,3.5,-,11.72,8.54,33.09,7.1,327.18,1214.09,849.71,364.38,-10.89,14.06,14.4,25
Fri Nov 04 06:56:21 GMT-03:00 2022,04-Nov-2022 06:56:22.079,-35.209726669003786,-5.8104832679736536,0.011399117298424244,6.0,40.142655905465254,199.70965576171875,-0.62,5.45,8.03,0,13.33,0,-0.04,0,0.01,14.9,7.45,14.7,21.96,95,31.17,21.73,1009.45,14.5,674.5,1,280.91,-,260.47,1921,0,87,-,30.2,25.88,825,21.96,1.18,1.23,20.47,32.16,-18.75,2.34,2.34,-,0.88,6,40.14,199.71,-5.81,-35.21,22,0.06,-,38,0,12.46,8.02,3.36,0,35.2,0.56,0.78,65.23,0,34.77,1490.38,3.14,1325,0.04,0,13.33,3.5,-,11.71,8.54,33.09,7.1,327.18,1215.09,849.71,365.37,-10.31,14.06,14.3,26
Fri Nov 04 06:56:22 GMT-03:00 2022,04-Nov-2022 06:56:23.080,-35.209726669003786,-5.8104832679736536,0.012588324025273323,6.0,40.10172975507121,199.71258544921875,-0.66,5.48,8.11,0.01,13.33,0,-0.04,0,0,14.9,7.45,14.7,21.96,95,31.17,21.71,1009.46,14.5,669.2,1,280.91,-,260.47,1921,0,87,-,34.12,25.88,825,21.96,1.18,1.23,20.47,32.16,-17.19,-1.56,0,-,0.88,6,40.1,199.71,-5.81,-35.21,21,0.04,-,39,0,12.46,8.02,3.36,0,35.2,0.3,0.79,65.17,0,34.83,1490.38,3.14,1325,0.05,0,13.73,3,-,11.71,8.54,33.09,7.1,327.18,1216.08,849.71,366.37,-10.31,12.98,13.2,26
Fri Nov 04 06:56:23 GMT-03:00 2022,04-Nov-2022 06:56:24.081,-35.209726669003786,-5.8104832679736536,0.013219737447798252,6.0,40.01445685578371,199.71556091308594,-0.57,5.47,8.07,0.01,13.33,0,-0.06,0,0.01,14.9,7.45,14.7,21.96,95,31.17,21.69,1009.43,14.5,669.2,1,280.91,-,254.12,1921,0,87,-,38.82,30.2,762.5,21.96,1.18,1.32,21.99,31.37,-17.19,2.34,2.34,-,0.88,6,40.01,199.72,-5.81,-35.21,20,0.05,-,39,0,12.46,8.02,3.61,0,35.2,0.73,0.8,65.12,0,34.88,1490.38,3.53,1327,0.05,0,13.73,6,-,11.71,8.54,33.09,7.1,327.18,1217.09,849.71,367.38,-10.23,14.12,14.4,27
Fri Nov 04 06:56:24 GMT-03:00 2022,04-Nov-2022 06:56:25.080,-35.209726669003786,-5.8104832679736536,0.0161669310182333,6.0,40.02167701232942,199.7199249267578,-0.67,5.39,8.02,-0,13.73,0,-0.04,0,0.01,14.9,7.45,14.7,21.96,95,31.17,21.66,1009.48,14.5,666.2,1,280.91,-,254.12,1921,0,87,-,38.82,30.98,804,21.96,1.18,1.39,23.15,31.37,-17.19,-0.78,-1.56,-,0.88,6,40.02,199.72,-5.81,-35.21,19,0.05,-,39,0,12.46,8.02,3.8,0,35.2,0.72,0.8,65.06,0,34.94,1490.38,3.53,1328,0.06,0,14.12,4.5,-,11.71,8.54,33.09,7.1,327.18,1218.09,849.71,368.38,-9.63,14.12,14.3,28
Fri Nov 04 06:56:25 GMT-03:00 2022,04-Nov-2022 06:56:26.080,-35.209726669003786,-5.8104832679736536,0.018907008692622185,6.0,39.94126723991396,199.71983337402344,-0.63,5.45,8,0,13.73,0,-0.04,0,0.01,14.9,7.45,14.7,21.96,95,31.17,21.64,1009.45,14.5,666.2,1,280.91,-,247.76,1921,0,87,-,39.22,31.37,818,21.96,1.19,1.45,24.18,30.59,-17.19,-0.78,-1.56,-,0.88,6,39.94,199.72,-5.81,-35.21,20,0.06,-,39,0,12.46,8.02,3.97,0,35.2,0.72,0.8,65.01,0,34.99,1490.38,3.92,1329,0.07,0,14.12,4.5,-,11.71,8.54,33.09,7.1,327.18,1219.08,849.71,369.37,-9.68,14.12,14.3,29
Fri Nov 04 06:56:26 GMT-03:00 2022,04-Nov-2022 06:56:27.080,-35.209726669003786,-5.8104832679736536,0.010840930975973606,6.0,39.893588926203925,199.72190856933594,-0.66,5.5,8.13,0.01,13.73,0,-0.04,0,0,14.9,7.45,14.7,21.96,95,31.17,21.64,1009.46,14.5,663.6,1,280.91,-,247.76,1921,0,87,-,39.22,31.37,818,21.96,1.19,1.45,24.18,30.59,-17.19,3.12,1.56,-,0.88,6,39.89,199.72,-5.81,-35.21,20,0.06,-,39,0,12.46,8.02,3.97,0,35.2,0.8,0.8,64.96,0,35.04,1490.38,3.92,1329,0.04,0,14.12,3.5,-,11.71,8.54,33.09,7.1,327.18,1220.1,849.71,370.39,-9.68,14.08,14.4,29
Fri Nov 04 06:56:27 GMT-03:00 2022,04-Nov-2022 06:56:28.083,-35.209726669003786,-5.8104832679736536,0.010871713049709797,6.0,39.84449845825443,199.7257537841797,-0.6,5.44,8.06,0,13.73,0,-0.04,0,0,14.9,7.45,14.7,21.96,95,31.17,21.62,1009.47,14.5,663.6,1,280.91,-,241.41,1921,0,87,-,37.25,30.98,807,21.96,1.19,1.33,22.11,29.8,-18.75,-1.56,-2.34,-,0.88,6,39.84,199.73,-5.81,-35.21,20,0.04,-,39,0,12.46,8.02,3.63,0,35.2,0.77,0.81,64.9,0,35.1,1490.38,2.35,1331,0.04,0,13.33,-3,-,11.71,8.54,33.09,7.1,327.18,1221.11,849.71,371.4,-10.17,14.14,14.4,29
Fri Nov 04 06:56:28 GMT-03:00 2022,04-Nov-2022 06:56:29.082,-35.209726669003786,-5.8104832679736536,0.00882776454091072,6.0,39.810542824407314,199.73098754882812,-0.51,5.43,8.04,0,12.94,0,-0.05,0,0,14.9,7.45,14.7,21.96,95,31.17,21.6,1009.47,14.5,661.4,1,280.91,-,241.41,1921,0,87,-,29.8,23.14,755,21.96,1.19,0.99,16.57,29.8,-18.75,-4.69,-4.69,-,0.88,6,39.81,199.73,-5.81,-35.21,20,0.04,-,39,0,12.46,8.02,2.72,0,35.2,0.75,0.81,64.85,0,35.15,1490.38,2.35,1332,0.03,0,12.94,7.5,-,11.71,8.54,33.08,7.1,327.18,1222.09,849.71,372.38,-11.21,14.2,14.3,28
Fri Nov 04 06:56:29 GMT-03:00 2022,04-Nov-2022 06:56:30.082,-35.209726669003786,-5.8104832679736536,0.006943179294466972,6.0,39.76012420510129,199.72959899902344,-0.62,5.43,8.01,-0,12.94,0,-0.05,0,0,14.9,7.45,14.7,21.96,95,31.17,21.58,1009.46,14.5,661.4,1,280.91,-,238.23,1921,0,87,-,29.8,23.53,749,21.96,1.19,1.01,16.87,29.41,-18.75,-3.12,-4.69,-,0.88,6,39.76,199.73,-5.81,-35.21,21,0.03,-,39,0,12.46,8.02,2.77,0,35.2,0.75,0.81,64.8,0,35.2,1490.38,2.75,1333,0.02,0,12.94,7.5,-,11.71,8.54,33.08,7.1,327.18,1223.09,849.71,373.38,-10.92,14.2,14.3,27
Fri Nov 04 06:56:30 GMT-03:00 2022,04-Nov-2022 06:56:31.083,-35.209726669003786,-5.8104832679736536,0.005093937274068594,6.0,39.71091958682788,199.73643493652344,-0.55,5.48,8.04,0,12.94,0,-0.05,0,0.01,14.9,7.45,14.7,21.96,95,31.17,21.58,1009.47,14.5,659.6,1,280.91,-,238.23,1921,0,87,-,29.8,23.53,749,21.96,1.19,1.01,16.87,29.41,-18.75,-3.12,-0.78,-,0.88,6,39.71,199.74,-5.81,-35.21,21,0.03,-,39,0,12.46,8.02,2.77,0,35.2,0.09,0.85,64.75,0,35.25,1490.38,2.75,1333,0.02,0,13.33,4.5,-,11.71,8.54,33.08,7.1,327.18,1224.09,849.71,374.37,-10.92,14.08,14.4,27
Fri Nov 04 06:56:31 GMT-03:00 2022,04-Nov-2022 06:56:32.081,-35.209726669003786,-5.8104832679736536,0.026864752173423767,6.0,39.55762957196974,199.74061584472656,-0.58,5.48,8.07,0.01,12.94,0,-0.04,0,0,14.9,7.45,14.7,21.96,95,31.17,21.56,1009.44,14.5,659.6,1,280.91,-,238.23,1921,0,87,-,29.8,23.14,772.5,21.96,1.19,1.02,17.06,29.41,-18.75,2.34,2.34,-,0.88,6,39.56,199.74,-5.81,-35.21,21,0.02,-,40,0,12.46,8.02,2.8,0,35.2,0.58,0.83,64.69,0,35.31,1490.38,2.75,1334,0.1,0,13.33,4.5,-,11.71,8.54,33.08,7.1,327.18,1225.08,849.71,375.37,-10.85,14.06,14.3,26
Fri Nov 04 06:56:32 GMT-03:00 2022,04-Nov-2022 06:56:33.082,-35.209726669003786,-5.8104832679736536,0.022885648533701897,6.0,39.49858754274678,199.74534606933594,-0.65,5.47,8.13,0.01,12.94,0,-0.04,0,0,14.9,7.45,14.7,21.96,95,31.17,21.53,1009.49,14.5,657.7,1,280.91,-,238.23,1921,0,87,-,29.41,23.14,770.5,21.96,1.19,1.02,17.06,29.41,-18.75,-0.78,-0.78,-,0.88,6,39.5,199.75,-5.81,-35.21,19,0.1,-,40,0,12.46,8.02,2.8,0,35.2,0.8,0.82,64.64,0,35.36,1490.38,2.75,1335,0.08,0,13.33,4.5,-,11.71,8.54,33.08,7.1,327.18,1226.1,849.71,376.38,-10.95,14.12,14.3,26
Fri Nov 04 06:56:33 GMT-03:00 2022,04-Nov-2022 06:56:34.082,-35.209726669003786,-5.8104832679736536,0.011850690469145775,6.0,39.45133933926694,199.7473907470703,-0.54,5.48,7.97,-0,12.94,0,-0.04,0,0,14.9,7.45,14.7,21.96,95,31.17,21.51,1009.44,14.5,657.7,1,280.91,-,238.23,1921,0,87,-,29.41,23.53,769.5,21.96,1.19,1.01,16.87,29.41,-18.75,-3.12,-3.91,-,0.88,6,39.45,199.75,-5.81,-35.21,22,0.08,-,40,0,12.46,8.02,2.77,0,35.2,0.69,0.82,64.59,0,35.41,1490.38,2.75,1336,0.04,0,12.94,5,-,11.71,8.54,33.08,7.1,327.18,1227.09,849.71,377.37,-10.98,14.08,14.3,25
Fri Nov 04 06:56:34 GMT-03:00 2022,04-Nov-2022 06:56:35.082,-35.209726669003786,-5.8104832679736536,0.01343465968966484,6.0,39.383057381185324,199.75181579589844,-0.67,5.49,8.05,0.01,12.94,0,-0.04,0,0,14.9,7.45,14.7,21.96,95,31.17,21.51,1009.45,14.5,657.7,1,280.91,-,244.58,1921,0,87,-,29.41,26.27,769.5,21.96,1.19,1.4,23.33,30.2,-18.75,-3.12,-3.91,-,0.88,6,39.38,199.75,-5.81,-35.21,21,0.08,-,40,0,12.46,8.02,3.83,0,35.2,0.69,0.82,64.54,0,35.46,1490.38,3.14,1338,0.05,0,12.94,5,-,11.71,8.54,33.08,7.1,327.18,1228.09,849.71,378.38,-9.62,14.08,14.3,27
Fri Nov 04 06:56:35 GMT-03:00 2022,04-Nov-2022 06:56:36.082,-35.209726669003786,-5.8104832679736536,0.01896013133227825,6.0,39.38945638688615,199.757080078125,-0.68,5.4,8.04,0,13.33,0,-0.05,0,0.01,14.9,7.45,14.7,21.96,95,31.17,21.49,1009.47,14.5,654.9,1,280.91,-,244.58,1921,0,87,-,36.47,29.41,809.5,21.96,1.19,1.4,23.33,30.2,-17.19,1.56,2.34,-,0.88,6,39.39,199.76,-5.81,-35.21,21,0.05,-,40,0,12.46,8.02,3.83,0,35.2,0.09,0.81,64.48,0,35.52,1490.38,3.53,1339,0.07,0,14.12,4.5,-,11.71,8.54,33.08,7.1,327.18,1229.09,849.71,379.38,-9.62,12.76,13,27
Fri Nov 04 06:56:36 GMT-03:00 2022,04-Nov-2022 06:56:37.082,-35.209726669003786,-5.8104832679736536,0.014771903865039349,4.0,39.29805849028715,199.76351928710938,-0.53,5.46,8.07,0.01,13.33,-0.01,-0.05,0,0,14.9,7.45,14.7,21.96,95,31.17,21.47,1009.44,14.5,654.9,1,280.91,-,244.58,1921,0,87,-,37.65,30.2,741.5,21.96,1.19,1.31,21.81,30.2,-17.19,3.91,1.56,-,0.88,4,39.3,199.76,-5.81,-35.21,22,0.07,-,40,0,12.46,8.02,3.58,0,35.2,0.81,0.8,64.43,0,35.57,1490.38,3.53,1340,0.05,0,13.73,5,-,11.71,8.54,33.07,7.1,327.18,1230.1,849.71,380.39,-10.05,12.98,13.2,28
Fri Nov 04 06:56:37 GMT-03:00 2022,04-Nov-2022 06:56:38.083,-35.209726669003786,-5.8104832679736536,0.015893109142780304,4.0,39.24735861142281,199.76502990722656,-0.55,5.55,7.99,0,14.12,-0.01,-0.04,0,0,14.9,7.45,14.7,21.96,95,31.17,21.45,1009.47,14.5,654.9,1,280.91,-,244.58,1921,0,87,-,39.22,33.73,741.5,21.96,1.19,1.31,21.81,30.2,-17.97,-0.78,-0.78,-,0.88,4,39.25,199.77,-5.81,-35.21,21,0.05,-,40,0,12.46,8.02,3.58,0,35.2,0.8,0.8,64.38,0,35.62,1490.38,3.92,1340,0.06,0,13.73,12.5,-,11.71,8.54,33.07,7.1,327.18,1231.11,849.71,381.39,-10.05,13.9,14.2,28
Fri Nov 04 06:56:38 GMT-03:00 2022,04-Nov-2022 06:56:39.083,-35.209726669003786,-5.8104832679736536,0.013963382691144943,4.0,39.24395679326253,199.7657928466797,-0.64,5.38,7.93,-0.01,14.12,0,-0.05,0,0.01,14.9,7.45,14.7,21.96,95,31.17,21.43,1009.46,14.5,654.9,1,280.91,-,247.76,1921,0,87,-,39.22,33.73,786,21.96,1.19,1.37,22.78,30.59,-17.97,2.34,-0.78,-,0.88,4,39.24,199.77,-5.81,-35.21,19,0.06,-,41,0,12.46,8.02,3.74,0,35.2,0.8,0.8,64.32,0,35.68,1490.38,3.92,1342,0.05,0,13.73,3.5,-,11.71,8.54,33.07,7.1,327.18,1232.11,849.71,382.39,-9.56,14.14,14.2,30
Fri Nov 04 06:56:39 GMT-03:00 2022,04-Nov-2022 06:56:40.083,-35.209726669003786,-5.8104832679736536,0.02584780938923359,4.0,39.209389612333545,199.76272583007812,-0.61,5.5,8.18,0.02,13.73,0,-0.04,0,0,14.9,7.45,14.7,21.96,95,31.17,21.4,1009.45,14.5,650.8,1,280.91,-,247.76,1921,0,87,-,38.43,30.2,791.5,21.96,1.19,1.38,22.96,30.59,-17.19,0.78,3.12,-,0.88,4,39.21,199.76,-5.81,-35.21,18,0.05,-,41,0,12.46,8.02,3.77,0,35.2,0.61,0.79,64.27,0,35.73,1490.38,3.53,1343,0.09,0,13.73,3.5,-,11.71,8.54,33.07,7.1,327.18,1233.09,849.71,383.38,-9.78,14.14,14.4,30
Fri Nov 04 06:56:40 GMT-03:00 2022,04-Nov-2022 06:56:41.081,-35.209726669003786,-5.8104832679736536,0.022494221106171608,4.0,39.19597675502536,199.76304626464844,-0.67,5.49,8.13,0.01,13.73,0,-0.04,0,0,14.9,7.45,14.7,21.96,95,31.17,21.4,1009.47,14.5,650.8,1,280.91,-,247.76,1921,0,87,-,38.43,30.59,791.5,21.96,1.19,1.38,22.96,30.59,-17.19,0.78,0,-,0.88,4,39.2,199.76,-5.81,-35.21,22,0.05,-,41,0,12.46,8.02,3.77,0,35.2,0.8,0.79,64.22,0,35.78,1490.38,3.53,1343,0.08,0,13.73,3.5,-,11.71,8.54,33.07,7.1,327.18,1234.09,849.71,384.37,-9.78,14.16,14.4,30
Fri Nov 04 06:56:41 GMT-03:00 2022,04-Nov-2022 06:56:42.082,-35.209726669003786,-5.8104832679736536,0.01856148988008499,6.0,39.24237762763088,199.7737579345703,-0.66,5.51,8.14,0.02,13.73,0,-0.04,0,0,14.9,7.45,14.7,21.96,95,31.17,21.38,1009.46,14.5,650.8,1,280.91,-,247.76,1921,0,87,-,38.82,30.59,779,21.96,1.19,1.37,22.78,30.59,-17.19,0,0.78,-,0.88,6,39.24,199.77,-5.81,-35.21,21,0.08,-,41,0,12.46,8.02,3.74,0,35.2,0.13,0.81,64.17,0,35.83,1490.38,3.53,1344,0.07,0,13.73,3.5,-,11.71,8.54,33.07,7.1,327.18,1235.09,849.71,385.38,-9.85,14.14,14.4,30
Fri Nov 04 06:56:42 GMT-03:00 2022,04-Nov-2022 06:56:43.081,-35.209726669003786,-5.8104832679736536,0.044045932590961456,6.0,39.252334503377135,199.78358459472656,-0.66,5.5,8.03,0.01,13.33,0,-0.05,0,0.01,14.9,7.45,14.7,21.96,95,31.17,21.38,1009.44,14.5,647.9,1,280.91,-,247.76,1921,0,87,-,38.82,29.02,779,21.96,1.19,1.37,22.78,30.59,-17.19,0,0.78,-,0.88,6,39.25,199.78,-5.81,-35.21,18,0.08,-,41,0,12.46,8.02,3.74,0,35.2,0.13,0.81,64.12,0,35.88,1490.38,3.53,1346,0.16,0,13.73,3.5,-,11.71,8.54,33.07,7.1,327.18,1236.08,849.71,386.36,-9.85,14.14,14.4,30
Fri Nov 04 06:56:43 GMT-03:00 2022,04-Nov-2022 06:56:44.082,-35.209726669003786,-5.8104832679736536,0.03854603320360184,6.0,39.36227544744518,199.78514099121094,-0.68,5.49,8.14,0.01,13.33,-0.01,-0.04,0,0,14.9,7.45,14.7,21.96,95,31.17,21.36,1009.48,14.5,646.5,1,280.91,-,247.76,1921,0,87,-,29.41,29.02,757,21.96,1.19,1.01,16.87,30.59,-18.75,0,-0.78,-,0.88,6,39.36,199.79,-5.81,-35.21,18,0.16,-,42,0,12.46,8.02,2.77,0,35.2,0.83,0.82,64.07,0,35.93,1490.38,3.53,1346,0.14,0,12.94,6,-,11.71,8.54,33.07,7.1,327.18,1237.1,849.71,387.39,-11.01,14.2,14.4,29
Fri Nov 04 06:56:44 GMT-03:00 2022,04-Nov-2022 06:56:45.081,-35.209726669003786,-5.8104832679736536,0.030748695135116577,6.0,39.34644228971364,199.7885284423828,-0.52,5.52,8.04,0.01,12.55,0,-0.05,0,0,14.9,7.45,14.7,21.96,95,31.17,21.34,1009.47,14.5,646.5,1,280.91,-,247.76,1921,0,87,-,29.41,22.35,750.5,21.96,1.19,1.02,17.06,30.59,-18.75,-3.12,-3.12,-,0.88,6,39.35,199.79,-5.81,-35.21,22,0.14,-,42,0,12.46,8.02,2.8,0,35.2,0.76,0.83,64.01,0,35.99,1490.38,2.75,1348,0.11,0,12.94,4.5,-,11.71,8.54,33.07,7.1,327.18,1238.1,849.71,388.39,-10.85,14.22,14.4,28
Fri Nov 04 06:56:45 GMT-03:00 2022,04-Nov-2022 06:56:46.081,-35.209726669003786,-5.8104832679736536,0.021443193778395653,6.0,39.358247082477575,199.79347229003906,-0.65,5.45,8.04,0,12.94,0,-0.04,0,0.01,14.9,7.45,14.7,21.96,95,31.17,21.32,1009.48,14.5,646.5,1,280.91,-,247.76,1921,0,87,-,29.41,23.14,755.5,21.96,1.19,0.99,16.57,30.59,-18.75,-5.47,-3.12,-,0.88,6,39.36,199.79,-5.81,-35.21,23,0.11,-,42,0,12.46,8.02,2.72,0,35.2,0.76,0.83,63.96,0,36.04,1490.38,2.75,1349,0.08,0,12.94,6.5,-,11.7,8.54,33.06,7.1,327.18,1239.09,849.71,389.37,-10.93,14.22,14.4,27
Fri Nov 04 06:56:46 GMT-03:00 2022,04-Nov-2022 06:56:47.080,-35.209726669003786,-5.8104832679736536,0.01910167559981346,6.0,39.3851848198981,199.79568481445312,-0.65,5.46,8.05,0.01,12.94,-0.01,-0.04,0,0,14.9,7.45,14.7,21.96,95,31.17,21.32,1009.49,14.5,644.5,1,280.91,-,247.76,1921,0,87,-,29.41,22.75,755.5,21.96,1.19,0.99,16.57,30.59,-18.75,-5.47,-2.34,-,0.88,6,39.39,199.8,-5.81,-35.21,23,0.11,-,42,0,12.46,8.02,2.72,0,35.2,0.09,0.86,63.91,0,36.09,1490.38,2.75,1349,0.07,0,12.94,6.5,-,11.7,8.54,33.06,7.1,327.18,1240.08,849.71,390.37,-10.93,14.14,14.4,27
Fri Nov 04 06:56:47 GMT-03:00 2022,04-Nov-2022 06:56:48.081,-35.209726669003786,-5.8104832679736536,0.017509639263153076,6.0,39.4327043624754,199.80690002441406,-0.54,5.4,8.07,0,13.33,-0.01,-0.05,0,0,14.9,7.45,14.7,21.96,95,31.17,21.3,1009.47,14.5,644.5,1,280.91,-,247.76,1921,0,87,-,29.8,22.75,777.5,21.96,1.2,1.05,17.54,30.59,-17.97,0.78,1.56,-,0.89,6,39.43,199.81,-5.81,-35.21,23,0.07,-,42,0,12.46,8.02,2.88,0,35.2,0.12,0.84,63.86,0,36.14,1490.38,3.14,1350,0.06,0,13.33,3.5,-,11.7,8.54,33.06,7.1,327.18,1241.08,849.71,391.36,-10.74,14.12,14.2,26
Fri Nov 04 06:56:48 GMT-03:00 2022,04-Nov-2022 06:56:49.082,-35.209726669003786,-5.8104832679736536,0.06574231386184692,6.0,39.39894171077468,199.8026123046875,-0.64,5.52,8.09,0.01,13.73,0,-0.04,0,0.01,14.9,7.45,14.7,21.96,95,31.17,21.28,1009.48,14.5,642.6,1,280.91,-,247.76,1921,0,87,-,32.55,25.88,824,21.96,1.2,1.21,20.1,30.59,-17.97,3.12,3.12,-,0.89,6,39.4,199.8,-5.81,-35.21,25,0.06,-,42,0,12.46,8.02,3.3,0,35.2,0.78,0.83,63.81,0,36.19,1490.38,3.53,1351,0.24,0,13.73,0,-,11.7,8.54,33.06,7.1,327.18,1242.09,849.71,392.38,-10.31,14,14.2,27
Fri Nov 04 06:56:49 GMT-03:00 2022,04-Nov-2022 06:56:50.083,-35.209726669003786,-5.8104832679736536,0.053790535777807236,6.0,39.377245664292886,199.8002166748047,-0.68,5.44,7.98,-0,13.73,0,-0.04,0,0,14.9,7.45,14.7,21.96,95,31.17,21.25,1009.46,14.5,642.6,1,280.91,-,247.76,1921,0,87,-,38.04,30.59,793,21.96,1.2,1.37,22.78,30.59,-17.19,-0.78,-1.56,-,0.89,6,39.38,199.8,-5.81,-35.21,23,0.24,-,42,0,12.46,8.02,3.74,0,35.2,0.78,0.82,63.76,0,36.24,1490.38,3.53,1352,0.19,0,13.73,4.5,-,11.7,8.54,33.06,7.1,327.18,1243.09,849.71,393.37,-10.02,13.18,13.5,28
Fri Nov 04 06:56:50 GMT-03:00 2022,04-Nov-2022 06:56:51.084,-35.209726669003786,-5.8104832679736536,0.0,6.0,39.39775732073755,199.80801391601562,-0.6,5.44,8.07,0.01,13.33,0,-0.04,0,0.01,14.9,7.45,14.7,21.96,95,31.17,21.23,1009.5,14.5,642.6,1,280.91,-,247.76,1921,0,87,-,38.04,32.55,795.5,21.96,1.2,1.33,22.11,30.59,-17.19,-0.78,-1.56,-,0.89,6,39.4,199.81,-5.81,-35.21,23,0,-,42,0,12.46,8.02,3.63,0,35.2,0.78,0.82,63.7,0,36.3,1490.38,3.53,1354,0,0,13.73,4.5,-,11.7,8.55,33.06,7.1,327.18,1244.1,849.71,394.39,-9.99,13.18,13.5,28
Fri Nov 04 06:56:51 GMT-03:00 2022,04-Nov-2022 06:56:52.082,-35.209726669003786,-5.8104832679736536,0.0,6.0,39.35497901299665,199.8140106201172,-0.58,5.52,8.12,0.01,13.73,-0.01,-0.05,-0.01,0,14.9,7.45,14.7,21.96,95,31.17,21.23,1009.44,14.5,640,1,280.91,-,247.76,1921,0,87,-,38.82,30.98,805,21.96,1.2,1.45,24.18,30.59,-17.19,-0.78,0,-,0.89,6,39.35,199.81,-5.81,-35.21,24,0,-,42,0,12.46,8.02,3.97,0,35.2,0.09,0.81,63.65,0,36.35,1490.38,3.53,1355,0,0,14.12,3.5,-,11.7,8.55,33.06,7.1,327.18,1245.1,849.71,395.39,-9.58,14.08,14.4,30
Fri Nov 04 06:56:52 GMT-03:00 2022,04-Nov-2022 06:56:53.082,-35.209726669003786,-5.8104832679736536,0.0,6.0,39.1566016889342,199.81719970703125,-0.63,5.43,7.98,-0,13.73,0,-0.04,0,0.01,14.9,7.45,14.7,21.96,95,31.17,21.19,1009.46,14.5,640,1,280.91,-,247.76,1921,0,87,-,39.22,30.59,817.5,21.96,1.2,1.46,24.3,30.59,-17.19,3.12,3.12,-,0.89,6,39.16,199.82,-5.81,-35.21,22,0,-,42,0,12.46,8.02,3.99,0,35.2,0.21,0.81,63.6,0,36.4,1490.38,3.92,1356,0,0,14.12,3.5,-,11.7,8.55,33.05,7.1,327.18,1246.08,849.71,396.37,-9.61,14.2,14.4,31
Fri Nov 04 06:56:53 GMT-03:00 2022,04-Nov-2022 06:56:54.083,-35.209726669003786,-5.8104832679736536,0.021489480510354042,4.0,39.14696109889228,199.8100128173828,-0.65,5.47,8.13,0.01,13.73,-0.01,-0.04,0,0,14.9,7.45,14.7,21.96,95,31.17,21.19,1009.47,14.5,640,1,280.91,-,247.76,1921,0,87,-,39.61,31.37,817.5,21.96,1.2,1.46,24.3,30.59,-17.19,0.78,0,-,0.89,4,39.15,199.81,-5.81,-35.21,24,0,-,42,0,12.46,8.02,3.99,0,35.2,0.79,0.8,63.55,0,36.45,1490.38,3.53,1356,0.08,0,14.12,3.5,-,11.7,8.55,33.05,7.1,327.18,1247.09,849.71,397.37,-9.61,14.16,14.4,31
Fri Nov 04 06:56:54 GMT-03:00 2022,04-Nov-2022 06:56:55.081,-35.209726669003786,-5.8104832679736536,0.028397269546985626,6.0,39.09537102646245,199.8263702392578,-0.59,5.42,8.1,0.01,13.73,-0.02,-0.04,-0.01,0,14.9,7.45,14.7,21.96,95,31.17,21.17,1009.51,14.5,640,1,280.91,-,247.76,1921,0,87,-,39.22,31.37,778.5,21.96,1.2,1.38,22.96,30.59,-17.19,-4.69,0,-,0.89,6,39.1,199.83,-5.81,-35.21,23,0.08,-,42,0,12.46,8.02,3.77,0,35.2,0.79,0.8,63.5,0,36.5,1490.38,3.53,1357,0.1,0,14.12,5,-,11.7,8.55,33.05,7.1,327.18,1248.09,849.71,398.38,-9.95,14.14,14.4,31
Fri Nov 04 06:56:55 GMT-03:00 2022,04-Nov-2022 06:56:56.082,-35.209726669003786,-5.8104832679736536,0.023207100108265877,6.0,39.10936030503346,199.81370544433594,-0.69,5.38,7.99,-0,13.73,0,-0.04,0,0.01,14.9,7.45,14.7,21.96,95,31.17,21.15,1009.47,14.5,636.6,1,280.91,-,247.76,1921,0,87,-,39.22,31.37,806.5,21.96,1.2,1.42,23.63,30.59,-17.19,0,-3.12,-,0.89,6,39.11,199.81,-5.81,-35.21,26,0.1,-,42,0,12.46,8.02,3.88,0,35.2,0.16,0.8,63.45,0,36.55,1490.38,3.53,1359,0.08,0,14.12,-2.5,-,11.7,8.55,33.05,7.1,327.18,1249.08,849.71,399.37,-9.58,14.14,14.4,31
Fri Nov 04 06:56:56 GMT-03:00 2022,04-Nov-2022 06:56:57.082,-35.209726669003786,-5.8104832679736536,0.020912131294608116,6.0,39.12072251123549,199.81704711914062,-0.59,5.48,8,0,12.55,-0.01,-0.04,0,0,14.9,7.45,14.7,21.96,95,31.17,21.13,1009.48,14.5,636.6,1,280.91,-,247.75,1921,0,87,-,29.02,25.49,803.5,21.96,1.2,0.96,16.02,30.59,-17.19,1.56,1.56,-,0.89,6,39.12,199.82,-5.81,-35.21,24,0.08,-,42,0,12.46,8.02,2.63,0,35.2,0.83,0.8,63.4,0,36.6,1490.38,2.35,1360,0.08,0,12.94,6,-,11.7,8.55,33.05,7.1,327.18,1250.1,849.71,400.39,-11.29,14.14,14.4,29
Fri Nov 04 06:56:57 GMT-03:00 2022,04-Nov-2022 06:56:58.081,-35.209726669003786,-5.8104832679736536,0.01838189736008644,6.0,39.142554217323486,199.82473754882812,-0.59,5.45,8.09,0.01,12.55,0,-0.05,0,0.01,14.9,7.45,14.7,21.96,95,31.17,21.11,1009.46,14.5,636.6,1,280.91,-,247.75,1921,0,87,-,29.02,23.14,752.5,21.96,1.2,0.98,16.39,30.59,-18.75,1.56,1.56,-,0.89,6,39.14,199.82,-5.81,-35.21,25,0.08,-,42,0,12.46,8.03,2.69,0,35.2,0.83,0.8,63.35,0,36.65,1490.38,2.75,1361,0.07,0,12.94,6,-,11.7,8.55,33.05,7.1,327.18,1251.09,849.71,401.38,-11.2,14.14,14.5,27
Fri Nov 04 06:56:58 GMT-03:00 2022,04-Nov-2022 06:56:59.082,-35.209726669003786,-5.8104832679736536,0.022610269486904144,6.0,39.1628518963306,199.80516052246094,-0.46,5.48,8,0,12.94,0,-0.04,0,0,14.9,7.45,14.7,21.96,95,31.17,21.11,1009.46,14.5,634.1,1,280.91,-,247.75,1921,0,87,-,29.02,23.14,752.5,21.96,1.2,0.98,16.39,30.59,-18.75,-3.12,-4.69,-,0.89,6,39.16,199.81,-5.81,-35.21,24,0.08,-,42,0,12.46,8.03,2.69,0,35.2,0.66,0.81,63.3,0,36.7,1490.38,2.75,1361,0.08,0,13.33,6,-,11.7,8.55,33.05,7.1,327.18,1252.09,849.71,402.38,-11.2,14.16,14.4,27
Fri Nov 04 06:56:59 GMT-03:00 2022,04-Nov-2022 06:57:00.081,-35.209726669003786,-5.8104832679736536,0.018647562712430954,6.0,39.157133289295956,199.82066345214844,-0.64,5.5,8.08,0.01,12.94,-0.01,-0.04,0,0,14.9,7.45,14.7,21.96,95,31.17,21.09,1009.46,14.5,634.1,1,280.91,-,247.75,1921,0,87,-,29.41,23.53,769.5,21.96,1.2,1.01,16.87,30.59,-18.75,-0.78,0,-,0.89,6,39.16,199.82,-5.81,-35.21,24,0.08,-,43,0,12.46,8.03,2.77,0,35.2,0.09,0.85,63.25,0,36.75,1490.38,2.75,1363,0.07,0,13.33,4.5,-,11.7,8.55,33.05,7.1,327.18,1253.1,849.71,403.39,-10.87,14.16,14.4,26
Fri Nov 04 06:57:00 GMT-03:00 2022,04-Nov-2022 06:57:01.082,-35.209726669003786,-5.8104832679736536,0.017403289675712585,6.0,39.15073044944546,199.8235626220703,-0.65,5.52,8.05,0.01,12.94,0,-0.04,0,0,14.9,7.45,14.7,21.96,95,31.17,21.07,1009.45,14.5,632.8,1,280.91,-,247.75,1921,0,87,-,29.8,23.53,776,21.96,1.2,1.05,17.42,30.59,-18.75,1.56,2.34,-,0.89,6,39.15,199.82,-5.81,-35.21,20,0.07,-,43,0,12.46,8.03,2.86,0,35.2,0.41,0.85,63.2,0,36.8,1490.38,2.75,1364,0.06,0,13.33,3.5,-,11.7,8.55,33.04,7.1,327.18,1254.08,849.71,404.37,-10.82,14.14,14.3,26
Fri Nov 04 06:57:01 GMT-03:00 2022,04-Nov-2022 06:57:02.082,-35.209726669003786,-5.8104832679736536,0.01678185723721981,6.0,39.11285945615696,199.8230743408203,-0.66,5.51,8.07,0.01,12.94,0,-0.03,0,0,14.9,7.45,14.7,21.96,95,31.17,21.04,1009.48,14.5,632.8,1,280.91,-,247.75,1921,0,87,-,29.41,23.14,777,21.96,1.2,1.01,16.87,30.59,-18.75,-0.78,2.34,-,0.89,6,39.11,199.82,-5.81,-35.21,22,0.06,-,43,0,12.46,8.03,2.77,0,35.2,0.41,0.85,63.15,0,36.85,1490.38,2.75,1365,0.06,0,13.33,5,-,11.7,8.55,33.04,7.1,327.18,1255.1,849.71,405.39,-10.97,14.14,14.3,25
Fri Nov 04 06:57:02 GMT-03:00 2022,04-Nov-2022 06:57:03.081,-35.209726669003786,-5.8104832679736536,0.015955349430441856,6.0,39.13832671748356,199.82713317871094,-0.53,5.42,8.02,-0,12.94,0,-0.05,0,0,14.9,7.45,14.7,21.96,95,31.17,21.04,1009.48,14.5,631.4,1,280.91,-,247.75,1921,0,87,-,29.41,23.53,777,21.96,1.2,1.01,16.87,30.59,-18.75,-0.78,-3.12,-,0.89,6,39.14,199.83,-5.81,-35.21,21,0.06,-,43,0,12.46,8.03,2.77,0,35.2,0.69,0.83,63.1,0,36.9,1490.38,2.75,1365,0.06,0,13.33,5,-,11.7,8.55,33.04,7.1,327.18,1256.09,849.71,406.38,-10.97,14.18,14.4,25
Fri Nov 04 06:57:03 GMT-03:00 2022,04-Nov-2022 06:57:04.082,-35.209726669003786,-5.8104832679736536,0.015066907741129398,6.0,39.191693093053544,199.82518005371094,-0.65,5.39,7.98,-0,13.33,0,-0.04,0,0.01,14.9,7.45,14.7,21.96,95,31.17,21.02,1009.47,14.5,631.4,1,280.91,-,247.75,1921,0,87,-,32.16,25.88,771.5,21.96,1.2,1.21,20.1,30.59,-17.97,0.78,1.56,-,0.89,6,39.19,199.83,-5.81,-35.21,19,0.06,-,43,0,12.46,8.03,3.3,0,35.2,0.1,0.82,63.05,0,36.95,1490.38,3.14,1366,0.05,0,13.33,0,-,11.7,8.55,33.04,7.1,327.18,1257.1,849.71,407.39,-10.3,14.16,14.4,26
Fri Nov 04 06:57:04 GMT-03:00 2022,04-Nov-2022 06:57:05.082,-35.209726669003786,-5.8104832679736536,0.01630074717104435,6.0,39.232366124122535,199.82901000976562,-0.59,5.48,8.07,0.01,13.73,0,-0.05,0,0,14.9,7.45,14.7,21.96,95,31.17,21,1009.45,14.5,629.5,1,280.91,-,247.75,1921,0,87,-,37.25,25.88,760,21.96,1.2,1.39,23.15,30.59,-17.19,3.91,4.69,-,0.89,6,39.23,199.83,-5.81,-35.21,22,0.05,-,43,0,12.46,8.03,3.8,0,35.2,0.14,0.81,63,0,37,1490.38,3.53,1367,0.06,0,13.73,6.5,-,11.7,8.55,33.04,7.1,327.18,1258.09,849.71,408.37,-9.63,12.9,13.2,28
Fri Nov 04 06:57:05 GMT-03:00 2022,04-Nov-2022 06:57:06.081,-35.209726669003786,-5.8104832679736536,0.008542530238628387,6.0,39.26317111960041,199.83055114746094,-0.76,5.47,7.99,0,13.73,0,-0.04,0,0,14.9,7.45,14.7,21.96,95,31.17,20.98,1009.5,14.5,629.5,1,280.91,-,247.75,1921,0,87,-,38.82,29.8,777.5,21.96,1.2,1.37,22.78,30.59,-17.19,2.34,1.56,-,0.89,6,39.26,199.83,-5.81,-35.21,22,0.06,-,43,0,12.46,8.03,3.74,0,35.2,0.81,0.81,62.95,0,37.05,1490.38,3.53,1368,0.03,0,13.73,3.5,-,11.7,8.55,33.04,7.1,327.18,1259.08,849.71,409.37,-9.63,13.46,13.2,29
Fri Nov 04 06:57:06 GMT-03:00 2022,04-Nov-2022 06:57:07.082,-35.209726669003786,-5.8104832679736536,0.02736116386950016,8.0,39.31154675605966,199.82781982421875,-0.69,5.43,8.02,0,13.73,0,-0.05,0,0,14.9,7.45,14.7,21.96,95,31.17,20.98,1009.47,14.5,627.9,1,280.91,-,247.75,1921,0,87,-,38.82,30.98,777.5,21.96,1.2,1.37,22.78,30.59,-17.19,2.34,1.56,-,0.89,8,39.31,199.83,-5.81,-35.21,25,0.06,-,43,0,12.46,8.03,3.74,0,35.2,0.81,0.81,62.9,0,37.1,1490.38,3.92,1368,0.1,0,13.73,3.5,-,11.7,8.55,33.04,7.1,327.18,1260.09,849.71,410.38,-9.63,13.46,14.4,29
Fri Nov 04 06:57:07 GMT-03:00 2022,04-Nov-2022 06:57:08.081,-35.209726669003786,-5.8104832679736536,0.01969091035425663,8.0,39.285550919315924,199.83580017089844,-0.64,5.93,7.9,0.02,13.73,0,-0.04,0.04,-0.02,14.9,7.45,14.7,21.96,95,31.17,20.96,1009.46,14.5,627.9,1,280.91,-,247.75,1921,0,87,-,40,31.76,802.5,21.96,1.2,1.47,24.49,30.59,-17.19,0,0.78,-,0.89,8,39.29,199.84,-5.81,-35.21,23,0.1,-,43,0,12.46,8.03,4.02,0,35.2,0.09,0.82,62.85,0,37.15,1490.38,3.92,1370,0.07,0,14.12,5,-,11.7,8.55,33.04,7.1,327.18,1261.09,849.71,411.38,-9.38,14.12,14.4,30
Fri Nov 04 06:57:08 GMT-03:00 2022,04-Nov-2022 06:57:09.082,-35.209726669003786,-5.8104832679736536,0.22859442234039307,6.0,39.34101926173809,199.850830078125,-0.68,5.9,7.94,0.02,13.73,-0.02,-0.03,0.02,-0.03,21.57,10.98,14.7,21.96,95,31.17,20.94,1009.42,14.5,626,1,280.91,-,247.75,1921,0,87,-,41.96,36.47,797,21.96,1.21,1.44,24,30.59,-17.19,3.12,3.12,-,0.89,6,39.34,199.85,-5.81,-35.21,23,0.07,-,43,0,12.46,8.03,3.94,0,35.2,0.8,0.83,62.8,0,37.2,1490.38,3.53,1371,0.82,0,13.73,0,-,11.69,8.55,33.04,7.1,327.18,1262.11,849.71,412.4,-9.64,13.92,14.2,31
Fri Nov 04 06:57:09 GMT-03:00 2022,04-Nov-2022 06:57:10.081,-35.20975317073003,-5.8105053105121724,1.3837666511535645,6.0,39.34302702628928,199.91075134277344,-0.64,6.55,7.38,0.02,17.25,-0.01,-0.05,0.08,-0.08,21.57,10.98,14.7,21.96,95,31.12,20.92,1009.5,14.5,626,1,280.91,-,247.75,1921,0,87,-,53.73,36.47,843,21.96,1.21,2.44,40.75,30.59,-14.84,-1.56,-2.34,-,0.89,6,39.34,199.91,-5.81,-35.21,22,1.18,-,43,0,12.46,8.03,6.69,0,35.2,0.82,0.88,62.75,0,37.25,1490.38,7.06,1372,4.98,2,16.86,12.5,-,11.69,8.55,33.03,7.13,327.18,1263.09,850.48,412.61,-6.19,14.16,14.5,37
Fri Nov 04 06:57:10 GMT-03:00 2022,04-Nov-2022 06:57:11.082,-35.20976070691358,-5.8105263544512615,2.599756956100464,6.0,39.30585975535728,200.0474853515625,-0.46,6.54,7.36,0.02,17.25,0,-0.03,0.11,-0.08,27.06,14.12,14.7,21.96,95,31.09,20.91,1009.46,14.5,626,1,280.91,-,241.4,1921,0,86,-,51.76,44.71,1656,21.96,1.21,3.8,63.41,29.8,-14.84,-8.59,-2.34,-,0.9,6,39.31,200.05,-5.81,-35.21,22,4.02,-,43,0.53,12.46,8.03,10.41,1.48,35.2,0.82,0.88,62.71,0,37.29,1486.17,7.06,1374,9.36,9,16.86,12.5,-,11.68,8.56,33,7.13,327.21,1264.1,851.49,412.61,-2.28,14.16,14.5,48
Fri Nov 04 06:57:11 GMT-03:00 2022,04-Nov-2022 06:57:12.082,-35.20977114908314,-5.8105585469886725,3.9498329162597656,6.0,39.46141396268405,200.25555419921875,-0.95,7.2,6.84,0.03,20,0,-0.01,0.13,-0.1,29.41,15.29,14.7,21.96,95,31.07,20.9,1009.46,14.5,622.8,1,280.91,-,241.39,1921,0,86,7.28,63.14,47.84,1824,21.96,1.21,5.28,87.96,29.8,-14.84,-8.59,-7.03,-,0.9,6,39.46,200.26,-5.81,-35.21,25,4.64,9.77,44,1.71,12.46,8.03,14.44,4.82,35.2,0.09,0.83,62.74,0,37.26,1488.13,10.2,1375,14.22,14,18.82,21.5,38.14,11.67,8.57,32.97,7.13,327.21,1265.1,852.49,412.61,-5.84,14.14,14.5,51
Fri Nov 04 06:57:12 GMT-03:00 2022,04-Nov-2022 06:57:13.084,-35.209788302566594,-5.810599084561587,5.378492832183838,6.0,39.17698206673075,200.50387573242188,-0.68,6.53,7.12,-0,20.78,0,-0.02,0.1,-0.07,28.63,14.51,14.7,21.96,95,31.05,20.9,1009.45,14.5,622.8,1,282.31,979.77,241.39,1921,0,86,7.28,65.1,54.9,1741,21.96,1.21,5.19,86.43,29.8,-14.06,-10.94,-10.94,-,0.9,6,39.18,200.5,-5.81,-35.21,22,4.78,9.77,44,2.7,12.46,8.03,14.19,7.63,35.2,0.69,0.81,62.77,0,37.23,1490.8,11.37,1376,19.36,19,21.57,20,38.14,11.66,8.57,32.95,7.13,327.21,1266.09,853.48,412.61,-6.78,14.22,14.4,51
Fri Nov 04 06:57:13 GMT-03:00 2022,04-Nov-2022 06:57:14.082,-35.20980996621018,-5.8106514084655885,6.67434024810791,6.0,39.386075053764834,199.95639038085938,-0.87,6.41,7.37,0.01,20.78,0.01,-0.02,0.09,-0.03,29.02,14.9,14.7,21.96,95,31.05,20.9,1009.42,14.5,622.8,1,282.31,979.77,241.39,1921,0,86,7.28,65.1,53.73,1741,21.96,1.21,5.19,86.43,29.02,-14.06,-10.94,-9.38,-,0.9,6,39.39,199.96,-5.81,-35.21,22,4.78,9.77,44,2.7,12.46,8.03,14.19,7.63,35.2,0.09,0.78,62.79,0,37.21,1490.8,10.98,1377,24.03,19,21.18,20,38.14,11.66,8.57,32.95,7.13,327.21,1267.09,854.48,412.61,-6.78,14.2,14.5,51
Fri Nov 04 06:57:14 GMT-03:00 2022,04-Nov-2022 06:57:15.083,-35.20983558502489,-5.810715909692619,7.701079845428467,6.0,39.60529835310896,199.5845184326172,-0.5,6.32,7.55,0.02,20.78,-0.06,-0.05,0.04,-0.1,29.02,14.9,14.7,21.96,94,31.04,20.91,1009.38,14.5,622.8,1,283.27,764.16,235.03,1921,0,86,7.28,65.88,53.73,1816.5,21.96,1.22,5.49,91.49,29.02,-14.06,-13.28,-14.06,-,0.9,6,39.61,199.58,-5.81,-35.21,18,1.97,9.77,44,3.46,12.46,8.03,15.02,9.78,35.2,0.15,0.75,62.82,0,37.18,1492.28,10.98,1377,27.72,26,21.18,20,38.14,11.66,8.58,32.93,7.14,327.22,1268.08,855.47,412.61,-5.93,14.16,14.5,53
Fri Nov 04 06:57:15 GMT-03:00 2022,04-Nov-2022 06:57:16.085,-35.20986025205861,-5.81078268752364,8.071019172668457,6.0,39.743970857357986,199.1906280517578,-0.91,5.98,8.16,0.05,19.61,0.02,-0.03,0.01,0.03,16.08,7.45,14.7,21.96,94,31.04,20.92,1009.43,14.5,626.8,1,283.2,247.61,235.03,1921,0,86,7.99,37.25,44.71,1507.5,21.96,1.22,2.43,40.57,29.02,-14.06,-10.16,-9.38,-,0.9,6,39.74,199.19,-5.81,-35.21,20,1.28,10.72,44,10.68,12.46,8.03,6.66,30.17,35.2,0.05,0.74,62.85,0,37.15,1495.17,9.8,1379,29.06,29,14.12,2,50.62,11.66,8.58,32.92,7.14,327.22,1269.11,856.5,412.61,-10.86,14.16,14.5,46
Fri Nov 04 06:57:16 GMT-03:00 2022,04-Nov-2022 06:57:17.083,-35.20988564033588,-5.810851044841931,8.406010627746582,8.0,39.27409459127277,198.7172393798828,-0.93,5.53,6.68,-0.1,16.08,0.06,-0.09,0.18,-0.06,25.1,12.94,14.7,21.96,94,31.04,20.92,1009.44,14.5,626.8,1,283.34,355.33,235.03,1921,0,86,7.99,54.9,32.94,1446.5,21.96,1.22,3.9,64.93,29.02,-15.62,-4.69,-3.12,-,0.9,8,39.27,198.72,-5.81,-35.21,19,0.94,10.72,43,7.44,12.46,8.03,10.66,21.03,35.2,0.06,0.74,62.88,0,37.12,1497.74,6.27,1380,30.26,30,19.22,19.5,50.62,11.65,8.58,32.91,7.15,327.23,1270.09,857.48,412.61,-7.48,14.14,14.4,46
Fri Nov 04 06:57:17 GMT-03:00 2022,04-Nov-2022 06:57:18.084,-35.20990864126106,-5.810934973541164,9.007159233093262,8.0,39.62121613462826,198.24969482421875,-0.17,6.43,8.53,0.1,18.82,0.03,-0.04,0,0.05,25.88,13.33,14.7,19.61,94,31.04,20.92,1009.46,14.5,629,1,283.52,371.19,235.02,1921,0,86,7.99,54.9,48.24,1446.5,19.61,1.22,4.21,70.17,29.02,-15.62,-4.69,-3.12,-,0.9,8,39.62,198.25,-5.81,-35.21,23,0.94,10.72,43,7.13,12.46,8.03,11.52,20.13,35.2,0.06,0.63,62.91,0,37.09,1497.74,8.63,1381,32.43,30,19.22,19.5,50.62,11.65,8.59,32.9,7.15,327.23,1271.1,858.49,412.61,-6.62,14.14,14.4,48
Fri Nov 04 06:57:18 GMT-03:00 2022,04-Nov-2022 06:57:19.082,-35.20993460334525,-5.811016379124529,9.456461906433105,6.0,39.62612484452482,197.81832885742188,-0.51,5.83,7.69,-0,18.82,0,-0.08,0.03,-0.01,25.88,13.33,14.7,19.61,94,31.04,20.94,1009.41,14.5,629,1,283.52,371.19,235.02,1921,0,86,7.99,60.39,48.24,1536.5,19.61,1.22,4.21,70.17,29.02,-15.62,-0.78,-2.34,-,0.9,6,39.63,197.82,-5.81,-35.21,19,1.57,10.72,43,7.13,12.46,8.03,11.52,20.13,35.2,0.73,0.53,62.94,0,37.06,1499.25,8.63,1381,34.04,34,18.82,18.5,50.62,11.65,8.59,32.9,7.17,327.25,1272.09,859.48,412.61,-6.62,14.2,14.4,48
Fri Nov 04 06:57:19 GMT-03:00 2022,04-Nov-2022 06:57:20.083,-35.2099597823076,-5.811100035750681,9.962883949279785,6.0,39.63429599851141,198.13693237304688,0.31,6.82,8.52,0.12,18.43,0.06,-0.05,0.09,0.02,25.49,13.33,14.7,19.61,94,31.05,20.95,1009.39,14.5,631.1,1,283.59,321.27,235.02,1921,0,86,5.95,58.82,47.45,1499.5,19.61,1.22,4.13,68.83,29.02,-15.62,0.78,-0.78,-,0.91,6,39.63,198.14,-5.81,-35.21,19,1.96,7.98,43,8.23,12.46,8.03,11.3,23.26,35.2,0.74,0.53,62.97,0,37.03,1502.8,8.63,1383,35.87,36,18.82,18.5,37.9,11.64,8.59,32.89,7.17,327.25,1273.08,860.47,412.61,-7.22,14.22,14.4,48
Fri Nov 04 06:57:20 GMT-03:00 2022,04-Nov-2022 06:57:21.081,-35.20998799359542,-5.811188243434922,10.375822067260742,6.0,39.711763104131215,199.01007080078125,-0.61,5.72,7.81,0,19.61,0,-0.05,0.01,0.01,27.06,13.73,14.7,19.61,94,31.06,20.97,1009.4,14.5,631.1,1,283.73,353.36,235.02,1921,0,86,5.95,68.63,53.33,1538.5,19.61,1.22,4.81,80.16,29.02,-15.62,0.78,-0.78,-,0.91,6,39.71,199.01,-5.81,-35.21,21,1.13,7.98,42,7.49,12.46,8.03,13.16,21.14,35.2,0.76,0.31,63,0,37,1505.94,9.8,1384,37.35,37,20.78,14,37.9,11.64,8.59,32.88,7.18,327.26,1274.09,861.48,412.61,-5.81,14.12,14.4,51
Fri Nov 04 06:57:21 GMT-03:00 2022,04-Nov-2022 06:57:22.084,-35.21001695417271,-5.8112804635324045,10.885687828063965,6.0,39.675935564692274,198.8108673095703,-0.63,5.29,7.2,-0.08,20,-0.06,-0.05,0.01,-0.07,25.88,13.33,14.7,19.61,94,31.06,20.97,1009.4,14.5,633.3,1,283.79,310.37,235.02,1921,0,86,5.95,68.63,55.69,1538.5,19.61,1.23,4.34,72.36,29.02,-14.84,0.78,-0.78,-,0.91,6,39.68,198.81,-5.81,-35.21,22,1.13,7.98,42,8.52,12.46,8.03,11.88,24.07,35.19,0.76,0.31,63.03,0,36.97,1505.94,10.59,1385,39.19,37,20.78,14,37.9,11.64,8.59,32.87,7.18,327.26,1275.09,862.47,412.61,-6.88,14.12,14.4,51
Fri Nov 04 06:57:22 GMT-03:00 2022,04-Nov-2022 06:57:23.080,-35.210048037226315,-5.811373652724858,11.191483497619629,6.0,39.67813238458488,198.59759521484375,-0.73,5.69,8.27,0.04,20,0,-0.03,0.01,0,25.88,13.33,14.7,19.61,94,31.07,20.98,1009.38,14.5,635.2,1,283.79,310.37,235.02,1921,0,86,5.95,56.47,55.69,1516,19.61,1.23,4.34,72.36,29.02,-15.62,3.12,1.56,-,0.91,6,39.68,198.6,-5.81,-35.21,20,0.19,7.98,42,8.52,12.46,8.03,11.88,24.07,35.19,0.78,0.25,63.06,0,36.94,1510.84,10.59,1385,40.29,39,18.04,15.5,37.9,11.64,8.59,32.87,7.18,327.27,1276.1,863.49,412.61,-6.88,14.08,14.4,51
Fri Nov 04 06:57:23 GMT-03:00 2022,04-Nov-2022 06:57:24.082,-35.21008052242256,-5.811470479025711,11.402684211730957,6.0,39.753176247914865,198.7677459716797,-0.56,5.74,8.1,0.02,17.65,0.02,-0.04,0.06,0,23.92,12.55,14.7,19.61,94,31.08,21,1009.34,14.5,635.2,1,283.79,284.29,235.01,1921,0,87,6.26,62.75,43.53,1429,19.61,1.23,4.19,69.86,29.02,-15.62,2.34,0.78,-,0.91,6,39.75,198.77,-5.81,-35.21,23,0.71,8.39,42,9.3,12.46,8.03,11.47,26.28,35.19,0.76,0.25,63.09,0,36.91,1513.24,7.84,1387,41.05,41,19.61,15.5,41.83,11.63,8.6,32.86,7.2,327.28,1277.09,864.47,412.61,-7.04,14.16,14.4,51
Fri Nov 04 06:57:24 GMT-03:00 2022,04-Nov-2022 06:57:25.083,-35.21011377568154,-5.811571612287913,11.691666603088379,6.0,39.823251850290376,198.7747802734375,-0.62,5.78,7.63,-0.01,18.43,0,-0.06,0.01,0,25.1,12.94,14.7,19.61,94,31.1,21.02,1009.35,14.5,635.2,1,283.78,282.21,235.01,1921,0,87,6.26,62.75,51.37,1460.5,19.61,1.23,4.37,72.91,29.02,-15.62,0,0.78,-,0.91,6,39.82,198.77,-5.81,-35.21,20,0.95,8.39,42,9.37,12.46,8.03,11.97,26.47,35.19,0.25,0.25,63.11,0,36.89,1516.88,8.63,1388,42.09,42,18.82,15.5,41.83,11.63,8.6,32.86,7.21,327.29,1278.1,865.49,412.61,-6.24,14.16,14.4,52
Fri Nov 04 06:57:25 GMT-03:00 2022,04-Nov-2022 06:57:26.083,-35.21014799598302,-5.811673792888703,11.915871620178223,6.0,39.804676027818644,198.5637969970703,-0.46,5.9,7.39,-0.02,18.43,0,-0.05,0.04,-0.02,25.88,13.33,14.7,19.61,94,31.12,21.05,1009.33,14.5,635.2,1,283.75,265.83,235.01,1921,0,87,5.19,60.78,48.24,1460.5,19.61,1.23,4.22,70.35,29.02,-15.62,0,1.56,-,0.91,6,39.8,198.56,-5.81,-35.21,19,0.91,6.96,42,9.95,12.46,8.03,11.55,28.11,35.19,0.1,0.25,63.14,0,36.86,1521.75,8.63,1389,42.9,43,19.22,16.5,33.93,11.63,8.6,32.85,7.22,327.3,1279.08,866.47,412.61,-6.7,14.14,14.4,52
Fri Nov 04 06:57:26 GMT-03:00 2022,04-Nov-2022 06:57:27.082,-35.210182498567235,-5.811778573903099,12.26673698425293,6.0,39.68174008771888,198.4938507080078,-0.48,5.28,8.04,-0.01,17.65,-0.03,-0.06,-0.01,-0.02,14.9,7.45,14.7,19.61,94,31.12,21.05,1009.38,14.5,638.1,1,283.75,265.83,235.01,1921,0,87,5.19,60.78,41.57,1460.5,19.61,1.23,4.22,70.35,29.02,-15.62,0,1.56,-,0.91,6,39.68,198.49,-5.81,-35.21,17,0.91,6.96,42,9.95,12.46,8.03,11.55,28.11,35.19,0.1,0.25,63.17,0,36.83,1521.75,7.84,1389,44.16,43,19.22,16.5,33.93,11.63,8.6,32.85,7.22,327.3,1280.08,867.47,412.61,-6.7,14.14,14.4,52
Fri Nov 04 06:57:27 GMT-03:00 2022,04-Nov-2022 06:57:28.082,-35.21021783063562,-5.811890701493389,12.48655891418457,6.0,39.760889839827534,198.51806640625,-1.08,5.51,8.55,0.05,13.73,-0.03,-0.01,-0.02,-0.01,21.57,10.98,14.7,19.61,94,31.13,21.07,1009.39,14.5,638.1,1,283.43,126.11,235.01,1921,0,87,2.57,33.73,20.39,1433.5,19.61,1.23,2.05,34.17,29.02,-17.97,0,1.56,-,0.91,6,39.76,198.52,-5.81,-35.21,21,0.16,3.45,41,20.97,12.46,8.03,5.61,59.24,35.19,0.08,0.25,63.2,0,36.8,1527.1,3.92,1390,44.95,44,13.73,-2.5,17.13,11.64,8.59,32.88,7.22,327.3,1281.1,868.49,412.61,-10.71,14.18,14.4,45
Fri Nov 04 06:57:28 GMT-03:00 2022,04-Nov-2022 06:57:29.082,-35.21025329252459,-5.811997413680523,12.407766342163086,6.0,39.98769743330136,198.4601593017578,-0.86,5.76,7.87,0.01,18.04,0,-0.08,0.04,-0.02,25.49,12.94,14.7,19.61,94,31.15,21.09,1009.37,14.5,638.6,1,283.2,167.63,235.01,1921,0,87,2.57,37.65,44.31,1388.5,19.61,1.23,2.79,46.47,29.02,-15.62,4.69,3.12,-,0.91,6,39.99,198.46,-5.81,-35.21,20,0.95,3.45,41,15.78,12.46,8.03,7.63,44.57,35.2,0.8,0.25,63.23,0,36.77,1524.68,8.24,1391,44.67,44,17.25,21,17.13,11.64,8.59,32.89,7.26,327.34,1282.1,869.49,412.61,-9.27,14.16,14.5,43
Fri Nov 04 06:57:29 GMT-03:00 2022,04-Nov-2022 06:57:30.081,-35.2102891803637,-5.8121057263866485,12.574585914611816,6.0,40.03847617049502,198.4443359375,-0.76,5.67,7.88,0,18.82,-0.01,-0.04,0.02,-0.02,26.27,13.33,14.7,19.61,94,31.17,21.11,1009.36,14.5,638.6,1,283.17,266.49,235.02,1921,0,87,2.57,60,49.02,1566,19.61,1.24,4.43,73.88,29.02,-15.62,3.91,1.56,-,0.92,6,40.04,198.44,-5.81,-35.21,20,0.67,3.45,41,9.93,12.46,8.03,12.13,28.04,35.19,0.77,0.26,63.26,0,36.74,1519.34,9.02,1392,45.27,44,19.61,17,17.13,11.64,8.59,32.89,7.26,327.34,1283.1,870.49,412.61,-5.91,14.14,14.4,47
Fri Nov 04 06:57:30 GMT-03:00 2022,04-Nov-2022 06:57:31.079,-35.2103252777815,-5.812215630829938,12.822293281555176,6.0,40.05952193877526,198.52565002441406,-0.62,5.6,7.76,-0.01,18.82,0.01,-0.02,0.04,0,26.27,13.33,14.7,20,94,31.19,21.14,1009.33,14.5,638.6,1,283.1,249.57,235.01,1921,0,87,5.84,56.08,49.02,1550.5,20,1.24,4.15,69.19,29.02,-15.62,-0.78,1.56,-,0.92,6,40.06,198.53,-5.81,-35.21,18,0.73,7.83,41,10.6,12.46,8.03,11.36,29.94,35.19,0.77,0.26,63.29,0,36.71,1525.68,9.02,1394,46.16,46,19.61,20,35.96,11.64,8.59,32.88,7.28,327.34,1284.1,871.49,412.61,-7.37,14.14,14.4,47
Fri Nov 04 06:57:31 GMT-03:00 2022,04-Nov-2022 06:57:32.080,-35.21036201322927,-5.812325269400737,12.909927368164062,6.0,40.218816445618536,198.56005859375,-0.42,5.11,7.62,-0.05,15.69,0.09,-0.06,0.04,0.1,20,10.2,14.7,20,94,31.21,21.16,1009.33,14.5,640.1,1,282.78,120.2,235.01,1921,0,87,4.9,29.8,29.02,1463.5,20,1.24,2.09,34.84,29.02,-15.62,3.12,-2.34,-,0.92,6,40.22,198.56,-5.81,-35.21,18,0.84,6.57,41,22,12.46,8.03,5.72,62.16,35.2,0.68,0.26,63.32,0,36.68,1526.81,5.88,1395,46.48,47,17.25,27,31.98,11.65,8.58,32.91,7.28,327.36,1285.09,872.48,412.61,-10.87,14.14,14.4,41
Fri Nov 04 06:57:32 GMT-03:00 2022,04-Nov-2022 06:57:33.079,-35.210399273106376,-5.812438959806668,13.109846115112305,6.0,40.18992093971264,198.5956268310547,-0.4,5.61,8.03,0.01,15.69,0.03,-0.09,0.08,0,22.75,11.76,14.7,20,94,31.24,21.19,1009.34,14.5,640.1,1,282.6,195.8,235.02,1921,0,87,4.9,51.76,30.59,1413,20,1.24,3.48,57.99,29.02,-17.19,4.69,3.91,-,0.92,6,40.19,198.6,-5.81,-35.21,16,0.52,6.57,41,13.51,12.46,8.03,9.52,38.16,35.2,0.12,0.27,63.34,0,36.66,1526.81,5.88,1396,47.2,47,18.04,19.5,31.98,11.65,8.58,32.92,7.31,327.36,1286.08,873.47,412.61,-8.1,14.2,14.4,42
Fri Nov 04 06:57:33 GMT-03:00 2022,04-Nov-2022 06:57:34.081,-35.21043669124964,-5.812556112801426,13.549713134765625,6.0,39.83884123924516,198.54415893554688,-0.77,5.68,8,0.01,17.65,0.01,-0.03,0.08,-0.04,24.31,12.55,14.7,20,94,31.24,21.19,1009.42,14.5,640.1,1,282.41,184.9,235.02,1921,0,87,4.9,51.76,42.35,1413,20,1.24,3.29,54.76,29.02,-15.62,4.69,3.12,-,0.92,6,39.84,198.54,-5.81,-35.21,17,0.52,6.57,41,14.3,12.46,8.03,8.99,40.41,35.2,0.82,0.27,63.37,0,36.63,1521.37,7.84,1397,48.78,47,18.04,19.5,31.98,11.65,8.58,32.92,7.31,327.39,1287.09,874.48,412.61,-8.24,14.16,14.4,42
Fri Nov 04 06:57:34 GMT-03:00 2022,04-Nov-2022 06:57:35.081,-35.210475025210314,-5.812674621651541,13.621870994567871,6.0,39.47872999633753,198.76329040527344,-1.07,5.22,8.53,0.04,17.65,0.01,-0.08,-0.03,0.04,24.31,12.55,14.7,20,94,31.26,21.21,1009.4,14.5,640.8,1,282.41,184.9,235.02,1921,0,87,4.39,29.8,42.35,1418.5,20,1.24,3.29,54.76,29.02,-17.97,-3.12,-2.34,-,0.92,6,39.48,198.76,-5.81,-35.21,15,0.22,5.88,41,14.3,12.46,8.03,8.99,40.41,35.2,0.09,0.28,63.4,0,36.6,1528.07,7.84,1397,49.04,49,13.33,-1.5,29.52,11.65,8.58,32.92,7.34,327.42,1288.1,875.49,412.61,-8.24,14.14,14.4,42
Fri Nov 04 06:57:35 GMT-03:00 2022,04-Nov-2022 06:57:36.081,-35.21051506943507,-5.812791726386137,13.553821563720703,6.0,39.421010396909544,198.72874450683594,-0.56,5.38,8.83,0.07,12.94,0,-0.06,-0.05,0.03,14.9,7.45,14.7,20,94,31.29,21.24,1009.5,14.5,640.8,1,281.98,65.69,235.02,1921,0,87,4.39,19.61,15.69,1303,20,1.24,1.22,20.28,29.02,-18.75,0,0,-,0.92,6,39.42,198.73,-5.81,-35.21,21,0.04,5.88,41,40.26,12.46,8.03,3.33,113.74,35.2,0.03,0.28,63.43,0,36.57,1522.37,3.14,1399,48.79,49,13.33,-11.5,29.52,11.66,8.58,32.93,7.34,327.42,1289.09,876.48,412.61,-12.19,14.08,14.4,35
Fri Nov 04 06:57:36 GMT-03:00 2022,04-Nov-2022 06:57:37.083,-35.210553161625654,-5.812906534574977,13.372665405273438,6.0,39.40294210287878,198.44393920898438,-0.88,4.57,8.74,0.02,12.94,-0.04,-0.07,-0.11,0.02,14.9,7.45,29.4,20,94,31.31,21.27,1009.53,14.5,640.8,2,281.54,64.51,235.02,1921,0,87,4.39,19.22,15.69,1322,20,1.24,1.2,19.92,29.02,-18.75,0,0,-,0.92,6,39.4,198.44,-5.81,-35.21,21,0.79,5.88,41,41,12.46,8.03,3.27,115.82,35.2,0,0.01,63.46,0,36.54,1522.37,3.14,1400,48.14,48,13.33,-11.5,29.52,11.66,8.58,32.93,7.36,327.42,1290.11,877.5,412.61,-12.03,14.08,14.4,30
Fri Nov 04 06:57:37 GMT-03:00 2022,04-Nov-2022 06:57:38.082,-35.2105869648113,-5.81302003199164,12.828499794006348,6.0,39.14841042288044,198.0909881591797,-0.38,4.87,9.01,0.06,13.33,-0.12,-0.02,-0.1,-0.06,14.9,7.45,29.4,20,94,31.33,21.29,1009.6,14.5,640.8,2,281.11,67.06,235.02,1921,0,87,-,18.82,15.69,1335.5,20,1.24,1.22,20.28,29.02,-18.75,0,0,-,0.92,6,39.15,198.09,-5.81,-35.21,22,1.14,-,42,39.44,12.46,8.03,3.33,111.41,35.2,0,0.01,63.49,0,36.51,1516.77,3.14,1401,46.18,47,13.73,-8.5,-,11.66,8.58,32.94,7.36,327.44,1291.08,878.47,412.61,-12.03,14.12,14.4,27
Fri Nov 04 06:57:38 GMT-03:00 2022,04-Nov-2022 06:57:39.081,-35.21061977665977,-5.813127538147639,12.296273231506348,6.0,38.73076712790469,198.0609130859375,-0.6,4.42,8.86,0.02,13.73,0,-0.06,-0.12,0.07,14.9,7.45,29.4,20,94,31.33,21.29,1009.68,14.5,639.5,2,281.11,67.06,235.02,1921,0,87,-,18.82,16.47,1335.5,20,1.24,1.22,20.28,29.02,-17.19,0,0,-,0.92,6,38.73,198.06,-5.81,-35.21,18,1.14,-,42,39.44,12.46,8.03,3.33,111.41,35.2,0,0,63.51,0,36.49,1516.77,3.53,1401,44.27,47,13.73,-8.5,-,11.66,8.58,32.94,7.39,327.47,1292.09,879.48,412.61,-12.03,14.12,14.4,27
Fri Nov 04 06:57:39 GMT-03:00 2022,04-Nov-2022 06:57:40.082,-35.21065218039245,-5.813231228343421,11.770153999328613,6.0,38.73950286025177,198.27085876464844,-0.87,5.17,8.46,0.03,13.73,0.02,-0.06,-0.05,0.07,14.9,7.45,29.4,20,94,31.35,21.31,1009.71,14.5,639.5,2,280.7,75.89,235.02,1921,0,87,-,18.43,16.47,1490,20,1.24,1.35,22.48,29.02,-17.19,0,0,-,0.92,6,38.74,198.27,-5.81,-35.21,18,2.27,-,42,34.85,12.46,8.03,3.69,98.45,35.2,0,0,63.54,0,36.46,1511.53,3.53,1402,42.37,42,14.12,-6,-,11.68,8.56,33,7.39,327.47,1293.09,880.47,412.61,-11.78,14.12,14.4,25
Fri Nov 04 06:57:40 GMT-03:00 2022,04-Nov-2022 06:57:41.081,-35.21068383274411,-5.813332451053722,11.316657066345215,6.0,38.54146892480251,198.70216369628906,-0.34,4.71,8.49,0,13.33,0.07,-0.06,0.02,0.08,14.9,7.45,29.4,20,94,31.36,21.33,1009.78,14.5,637.7,2,280.32,89.3,235.03,1921,0,87,-,20,16.08,1495.5,20,1.24,1.42,23.63,29.02,-17.97,0,0,-,0.92,6,38.54,198.7,-5.81,-35.21,18,2.37,-,42,29.62,12.46,8.03,3.88,83.67,35.2,0,0,63.57,0,36.43,1511.53,3.14,1403,40.74,40,13.73,-9,-,11.7,8.55,33.05,7.39,327.47,1294.08,881.47,412.61,-11.93,14.08,14.4,23
Fri Nov 04 06:57:41 GMT-03:00 2022,04-Nov-2022 06:57:42.081,-35.21071526468643,-5.813427855337852,10.772854804992676,6.0,37.806326534541284,198.9031219482422,-0.38,4.75,8.35,-0.01,12.94,0.02,-0.03,-0.07,0.08,14.9,7.45,29.4,20,94,31.37,21.34,1009.79,14.5,637.7,2,279.92,79.75,235.04,1921,0,87,-,19.22,16.08,1340.5,20,1.25,1.21,20.1,29.02,-18.75,0,0,-,0.92,6,37.81,198.9,-5.81,-35.21,19,1.74,-,42,33.17,12.46,8.02,3.3,93.69,35.2,0,0,63.6,0,36.4,1511.53,3.14,1404,38.78,39,13.33,-10.5,-,11.72,8.53,33.11,7.42,327.47,1295.09,882.48,412.61,-12.33,14.2,14.5,21
Fri Nov 04 06:57:42 GMT-03:00 2022,04-Nov-2022 06:57:43.082,-35.21074296700088,-5.813514619513767,10.19486141204834,6.0,37.10703591220145,198.78416442871094,-0.99,6.75,8.59,0.13,12.94,-0.11,-0.01,-0.05,-0.09,14.9,7.45,29.4,20,94,31.38,21.36,1009.79,14.5,637.7,2,279.53,81.79,238.23,1921,0,86,-,27.06,15.69,1310,20,1.25,1.21,20.1,29.41,-18.75,0,0,-,0.92,6,37.11,198.78,-5.81,-35.21,18,3.78,-,42,32.34,12.46,8.02,3.3,91.35,35.2,0,0,63.63,0,36.37,1504.43,3.14,1406,36.7,35,13.33,-10.5,-,11.74,8.52,33.17,7.42,327.5,1296.08,883.47,412.61,-12.07,14.2,14.5,20
Fri Nov 04 06:57:43 GMT-03:00 2022,04-Nov-2022 06:57:44.082,-35.21077155684074,-5.813603554195809,10.146652221679688,6.0,37.104780308460306,198.84739685058594,-0.63,6.1,7.26,-0.02,19.22,0.04,-0.08,0.09,-0.01,28.63,15.69,14.11,20,94,31.38,21.37,1009.8,14.5,633.5,0.96,279.73,378.93,238.24,1921,0,86,7.57,27.06,55.29,1458.5,20,1.25,5.01,83.57,29.41,-14.84,0,0,-,0.92,6,37.1,198.85,-5.81,-35.21,21,0.47,10.15,42,6.98,12.46,8.02,13.72,19.72,35.2,0.81,0.05,63.66,0,36.34,1509.42,9.41,1407,36.53,37,21.18,11,49.56,11.74,8.52,33.15,7.42,327.5,1297.09,884.48,412.61,-4.17,14.12,14.4,32
Fri Nov 04 06:57:44 GMT-03:00 2022,04-Nov-2022 06:57:45.082,-35.21080240850985,-5.813698731456771,10.585155487060547,6.0,36.86556210231394,198.7368927001953,-0.54,6.44,7.06,-0.01,21.96,-0.04,-0.02,0.02,-0.05,32.16,16.47,13.78,20,94,31.39,21.39,1009.77,14.5,633.5,0.94,280.04,436.82,238.23,1921,0,86,7.57,73.33,59.22,1677.5,20,1.25,6.11,101.84,29.41,-14.84,1.56,0,-,0.93,6,36.87,198.74,-5.81,-35.21,19,2.47,10.15,42,6.05,12.46,8.02,16.72,17.1,35.2,0.85,0.83,63.68,0,36.32,1514.67,11.37,1408,38.11,39,21.57,19.5,49.56,11.73,8.52,33.14,7.45,327.5,1298.08,885.47,412.61,-3.19,14.12,14.4,43
Fri Nov 04 06:57:45 GMT-03:00 2022,04-Nov-2022 06:57:46.082,-35.21083589585991,-5.813801786246956,11.77685546875,6.0,36.889242525302066,198.85406494140625,-0.09,6.51,6.44,-0.05,25.49,0.04,-0.07,0.09,-0.01,34.51,17.65,14.7,20,94,31.39,21.39,1009.8,14.5,633.5,1,280.04,436.82,238.23,1921,0,85,7.57,73.33,65.49,1677.5,20,1.25,6.11,101.84,29.8,-14.84,1.56,0,-,0.93,6,36.89,198.85,-5.81,-35.21,19,2.47,10.15,42,6.05,12.46,8.02,16.72,17.1,35.2,0.7,0.81,63.71,0,36.29,1508.28,15.69,1409,42.4,39,25.49,19.5,49.56,11.73,8.52,33.14,7.45,327.54,1299.09,886.47,412.61,-3.19,14.14,14.4,43
Fri Nov 04 06:57:46 GMT-03:00 2022,04-Nov-2022 06:57:47.081,-35.21087115729218,-5.813908333305473,12.442917823791504,6.0,36.91825914041327,198.84039306640625,-0.49,6.26,7.51,0.01,25.49,-0.01,-0.02,0.1,-0.08,34.51,17.65,14.7,20,94,31.41,21.41,1009.77,14.5,633.5,1,280.6,558.92,241.41,1921,0,85,7.57,76.86,65.49,2213,20,1.25,8.24,137.35,29.8,-14.84,0,-1.56,-,0.93,6,36.92,198.84,-5.81,-35.21,19,1.6,10.15,40,4.73,12.46,8.02,22.55,13.37,35.2,0.28,0.76,63.74,0,36.26,1514.18,15.69,1409,44.79,44,25.88,18.5,49.56,11.72,8.53,33.12,7.48,327.54,1300.09,887.48,412.61,-1.24,14.16,14.4,55
Fri Nov 04 06:57:47 GMT-03:00 2022,04-Nov-2022 06:57:48.081,-35.21090893625187,-5.814021324497918,13.192145347595215,6.0,37.3463544194278,199.02288818359375,-0.4,6.2,7.82,0.03,25.88,0,-0.01,0.08,-0.04,33.33,17.25,14.7,20,94,31.43,21.44,1009.71,14.5,629.4,1,281.07,520.45,238.23,1921,0,85,13.2,77.25,65.1,2300.5,20,1.26,8.66,144.3,29.41,-14.84,-0.78,0.78,-,0.93,6,37.35,199.02,-5.81,-35.21,17,2.21,17.7,40,5.08,12.46,8.03,23.69,14.36,35.2,0.19,0.75,63.77,0,36.23,1515.53,16.08,1411,47.49,47,25.49,18.5,54.79,11.72,8.53,33.1,7.48,327.56,1301.09,888.48,412.61,-4.01,14.12,14.4,59
Fri Nov 04 06:57:48 GMT-03:00 2022,04-Nov-2022 06:57:49.085,-35.21094864227804,-5.814135989255763,13.230297088623047,6.0,37.541684789034264,199.7608184814453,-0.52,5.48,8.13,0.01,22.75,-0.01,-0.01,-0.02,0.01,17.25,9.02,14.7,20,94,31.46,21.46,1009.7,14.5,629.4,1,280.86,172.35,238.22,1921,0,85,13.2,42.35,49.02,1691,20,1.26,3.06,51.04,29.41,-16.41,2.34,3.12,-,0.93,6,37.54,199.76,-5.81,-35.21,21,1.51,17.7,39,15.35,12.46,8.03,8.38,43.35,35.2,0.08,0.73,63.79,0,36.21,1522.08,12.94,1412,47.63,49,15.69,-1.5,54.79,11.72,8.53,33.11,7.51,327.56,1302.08,889.47,412.61,-10.93,14.14,14.4,50
Fri Nov 04 06:57:49 GMT-03:00 2022,04-Nov-2022 06:57:50.082,-35.210989846000935,-5.8142483203541095,13.142333030700684,6.0,37.403896235984675,199.89385986328125,-0.36,5.98,7.88,0.02,14.12,0.07,-0.01,0.06,0.06,14.9,7.45,14.7,20,94,31.48,21.49,1009.67,14.5,640.7,1,280.76,231.6,238.22,1921,0,85,2.41,61.96,18.43,1448,20,1.26,4.29,71.51,29.41,-16.41,2.34,3.12,-,0.93,6,37.4,199.89,-5.81,-35.21,24,0.37,3.24,39,11.42,12.46,8.03,11.74,32.26,35.2,0.08,0.73,63.82,0,36.18,1516.68,4.31,1413,47.31,48,15.69,-1.5,15.92,11.72,8.53,33.11,7.51,327.59,1303.08,890.47,412.61,-7.72,14.14,14.4,49
Fri Nov 04 06:57:50 GMT-03:00 2022,04-Nov-2022 06:57:51.082,-35.21103096674482,-5.814360814581282,13.318177223205566,6.0,37.22582694857047,199.82754516601562,-0.23,5.55,8.18,0.02,14.9,0.05,-0.02,0.03,0.05,14.9,7.45,14.7,20,94,31.48,21.49,1009.64,14.5,644.2,1,280.76,231.6,238.22,1921,0,85,2.41,61.96,18.43,1448,20,1.26,4.29,71.51,29.41,-15.62,1.56,-3.12,-,0.93,6,37.23,199.83,-5.81,-35.21,23,0.37,3.24,39,11.42,12.46,8.03,11.74,32.26,35.2,0.66,0.71,63.85,0,36.15,1516.68,5.1,1413,47.95,48,18.04,-1.5,15.92,11.72,8.53,33.11,7.53,327.61,1304.09,891.48,412.61,-7.72,14.16,14.4,49
Fri Nov 04 06:57:51 GMT-03:00 2022,04-Nov-2022 06:57:52.083,-35.211070906947754,-5.814472415438012,13.132675170898438,6.0,36.94670731740782,199.7107391357422,-0.21,5.03,7.97,-0.03,14.9,0.02,-0.04,-0.01,0.04,14.9,7.45,14.7,20.39,94,31.5,21.51,1009.62,14.5,644.2,1,280.34,70.89,238.22,1921,0,85,2.41,23.14,26.67,1318,20.39,1.26,1.29,21.44,29.41,-17.97,3.12,1.56,-,0.94,6,36.95,199.71,-5.81,-35.21,23,0.95,3.24,40,37.31,12.46,8.03,3.52,105.4,35.2,0.78,0.71,63.88,0,36.12,1511.35,3.14,1415,47.28,47,13.33,-1,15.92,11.72,8.53,33.12,7.53,327.61,1305.08,892.47,412.61,-12.13,14.14,14.4,41
Fri Nov 04 06:57:52 GMT-03:00 2022,04-Nov-2022 06:57:53.082,-35.2111073833223,-5.814579307748111,12.964338302612305,6.0,37.14986693876098,199.73654174804688,-0.73,5.53,8.23,0.03,12.94,0.02,-0.07,-0.05,0.06,14.9,7.45,29.4,20.39,94,31.52,21.53,1009.57,14.5,645.2,2,279.92,67.87,238.22,1921,0,85,2.41,19.22,15.69,1321.5,20.39,1.26,1.21,20.1,29.41,-18.75,0,0,-,0.94,6,37.15,199.74,-5.81,-35.21,22,1.28,3.24,40,38.97,12.46,8.02,3.3,110.08,35.2,0.05,0.69,63.91,0,36.09,1511.35,3.14,1416,46.67,46,13.33,-11.5,15.92,11.72,8.53,33.12,7.56,327.64,1306.1,893.49,412.61,-12.05,14.12,14.4,35
Fri Nov 04 06:57:53 GMT-03:00 2022,04-Nov-2022 06:57:54.080,-35.21114416852387,-5.8146859836275,12.690573692321777,6.0,37.46034430410277,199.76651000976562,-0.5,5.51,7.64,-0.03,12.94,-0.06,-0.06,0,-0.06,18.04,9.41,29.4,20.39,94,31.54,21.56,1009.6,14.5,645.2,2,279.78,211.19,238.23,1921,0,85,-,52.94,16.86,1378,20.39,1.26,3.67,61.22,29.41,-18.75,0,0,-,0.94,6,37.46,199.77,-5.81,-35.21,20,1.67,-,40,12.52,12.46,8.02,10.05,35.38,35.2,0.88,0.69,63.93,0,36.07,1506.23,3.14,1417,45.69,45,18.43,12.5,-,11.73,8.53,33.12,7.56,327.64,1307.11,894.49,412.61,-7.05,14.08,14.4,39
Fri Nov 04 06:57:54 GMT-03:00 2022,04-Nov-2022 06:57:55.081,-35.21118380692974,-5.814794759148342,12.738180160522461,6.0,37.5411375065298,199.54330444335938,-0.69,5.82,7.46,-0.02,20.78,0,-0.02,0.03,-0.01,28.24,14.51,13.67,20.39,94,31.54,21.56,1009.59,14.5,645.3,0.93,279.78,211.19,238.23,1921,0,85,-,52.94,57.65,1378,20.39,1.26,3.67,61.22,29.41,-14.84,0,0,-,0.94,6,37.54,199.54,-5.81,-35.21,19,1.67,-,40,12.52,12.46,8.02,10.05,35.38,35.2,0.88,0.11,63.96,0,36.04,1506.23,10.98,1417,45.86,45,18.43,12.5,-,11.73,8.53,33.12,7.58,327.66,1308.09,895.48,412.61,-7.05,14.08,14.4,39
Fri Nov 04 06:57:55 GMT-03:00 2022,04-Nov-2022 06:57:56.081,-35.2112256226852,-5.814909267723076,13.519023895263672,6.0,37.588057334948275,199.4777374267578,-1.01,5.8,7.66,-0,21.96,-0.01,-0.06,0.03,-0.02,30.2,15.69,14.7,20.39,94,31.56,21.58,1009.61,14.5,645.3,1,279.83,304.17,238.23,1921,0,86,5.76,72.16,60.39,1555,20.39,1.27,5.17,86.25,29.41,-14.84,-0.78,2.34,-,0.94,6,37.59,199.48,-5.81,-35.21,19,1.14,7.73,39,8.7,12.46,8.03,14.16,24.56,35.2,0.22,0.84,63.99,0,36.01,1507.41,12.16,1418,48.67,47,22.35,17,35.39,11.72,8.53,33.12,7.58,327.66,1309.11,896.5,412.61,-4.43,14.08,14.4,46
Fri Nov 04 06:57:56 GMT-03:00 2022,04-Nov-2022 06:57:57.079,-35.211267908944016,-5.815029378268281,14.111382484436035,6.0,37.5244237396959,199.139404296875,0.11,6.14,8.29,0.06,22.75,0.09,-0.05,0.11,0.04,30.59,15.69,14.7,20.39,94,31.59,21.61,1009.58,14.5,644.4,1,279.93,332.36,238.22,1921,0,86,5.76,74.9,61.96,1660,20.39,1.27,5.91,98.43,29.41,-14.84,-1.56,1.56,-,0.94,6,37.52,199.14,-5.82,-35.21,20,0.33,7.73,39,7.96,12.46,8.03,16.16,22.48,35.2,0.09,0.8,64.02,0,35.98,1513.87,12.94,1419,50.8,49,22.75,16.5,35.39,11.72,8.53,33.1,7.61,327.69,1310.09,897.48,412.61,-4.34,14.04,14.4,52
Fri Nov 04 06:57:57 GMT-03:00 2022,04-Nov-2022 06:57:58.081,-35.211309976962355,-5.815154989012276,14.516810417175293,6.0,37.25638535255984,198.96983337402344,-0.83,5.96,8.57,0.08,20.39,0,0,-0.01,0.01,14.9,15.69,14.7,20.39,94,31.61,21.63,1009.62,14.5,644.4,1,280.02,325.9,238.22,1921,0,86,11.24,76.47,61.96,1674.5,20.39,1.27,6.04,100.62,29.41,-14.84,-1.56,-1.56,-,0.94,6,37.26,198.97,-5.82,-35.21,18,0.2,15.08,39,8.12,12.46,8.03,16.52,22.93,35.2,0.22,0.77,64.04,0,35.96,1515.09,10.59,1420,52.26,51,22.75,16.5,64.12,11.72,8.54,33.1,7.61,327.69,1311.1,898.49,412.61,-4.77,14.2,14.3,55
Fri Nov 04 06:57:58 GMT-03:00 2022,04-Nov-2022 06:57:59.081,-35.21135315379644,-5.815282082397635,14.823976516723633,4.0,37.26016552069927,199.2073974609375,0.19,6.06,8.55,0.08,20.39,0.11,-0.02,0.04,0.11,14.9,7.45,14.7,20.39,94,31.65,21.66,1009.64,14.5,644.4,1,279.67,104.06,238.22,1921,0,86,10.12,29.41,32.94,1449.5,20.39,1.27,2.01,33.44,29.41,-14.84,-1.56,-1.56,-,0.94,4,37.26,199.21,-5.82,-35.21,19,1.74,13.57,39,25.42,12.46,8.02,5.49,71.8,35.2,0.22,0.77,64.07,0,35.93,1522.18,10.59,1422,53.37,54,22.75,16.5,66.68,11.73,8.53,33.13,7.64,327.72,1312.08,899.47,412.61,-11.3,14.2,14.3,47
Fri Nov 04 06:57:59 GMT-03:00 2022,04-Nov-2022 06:58:00.083,-35.21139756278965,-5.815408861632013,14.933116912841797,4.0,37.378784939991895,199.60641479492188,-0.47,5.32,7.66,-0.04,17.65,-0.02,-0.05,0.02,-0.03,24.31,12.55,14.7,20.39,94,31.68,21.7,1009.64,14.5,647,1,279.53,209.26,238.23,1921,0,86,10.12,29.41,38.43,1423,20.39,1.28,4.27,71.2,29.41,-16.41,3.91,3.12,-,0.94,4,37.38,199.61,-5.82,-35.21,21,0.24,13.57,39,12.64,12.46,8.02,11.69,35.7,35.2,0.72,0.75,64.1,0,35.9,1516.31,7.45,1423,53.76,54,15.29,25.5,66.68,11.73,8.53,33.13,7.64,327.72,1313.09,900.48,412.61,-6.62,14.12,14.4,48
Fri Nov 04 06:58:00 GMT-03:00 2022,04-Nov-2022 06:58:01.081,-35.21144691932351,-5.815541554824973,15.487441062927246,4.0,37.01060191018118,199.86009216308594,-0.48,5.72,7.47,-0.03,18.43,0.04,0,0.01,0.05,25.1,12.94,14.7,20.39,94,31.71,21.73,1009.65,14.5,647,1,279.38,201.21,238.23,1921,0,86,10.12,57.65,47.45,1532,20.39,1.28,4.11,68.46,29.41,-14.84,0.78,-1.56,-,0.95,4,37.01,199.86,-5.82,-35.21,21,1.24,13.57,39,13.15,12.46,8.02,11.24,37.13,35.2,0.75,0.74,64.13,0,35.87,1523.51,8.63,1424,55.75,55,18.82,18.5,66.68,11.73,8.52,33.14,7.67,327.75,1314.1,901.48,412.61,-6.78,14.14,14.4,49
Fri Nov 04 06:58:01 GMT-03:00 2022,04-Nov-2022 06:58:02.082,-35.2114973497161,-5.8156739689113115,15.712905883789062,4.0,36.949784706234155,199.9611053466797,-1.01,5.17,7.73,-0.03,17.65,-0.02,-0.06,0,-0.01,23.53,12.16,14.7,20.39,94,31.71,21.73,1009.68,14.5,647,1,279.38,201.21,238.23,1921,0,86,10.12,57.65,43.53,1532,20.39,1.28,4.11,68.46,29.41,-14.84,0.78,2.34,-,0.95,4,36.95,199.96,-5.82,-35.21,18,1.24,13.57,39,13.15,12.46,8.02,11.24,37.13,35.2,0.22,0.73,64.15,0,35.85,1517.44,7.84,1424,56.57,55,18.43,19.5,66.68,11.73,8.52,33.14,7.67,327.75,1315.08,902.47,412.61,-6.78,14.08,14.4,49
Fri Nov 04 06:58:02 GMT-03:00 2022,04-Nov-2022 06:58:03.081,-35.21154612622854,-5.815810487305215,15.890430450439453,4.0,36.991523063047275,199.94105529785156,-0.58,5.57,8.54,0.05,17.65,0.03,-0.05,-0.02,0.06,23.53,12.16,14.7,20.39,94,31.74,21.76,1009.72,14.5,647,1,278.95,67.31,238.23,1921,0,86,10.12,25.88,43.53,1315,20.39,1.28,1.4,23.33,29.41,-14.84,1.56,0,-,0.95,4,36.99,199.94,-5.82,-35.21,17,0.57,13.57,39,39.29,12.46,8.02,3.83,111,35.2,0.81,0.73,64.18,0,35.82,1524.75,7.84,1426,57.21,56,13.33,-2.5,-,11.73,8.52,33.14,7.7,327.78,1316.09,903.48,412.61,-12.06,14.12,14.4,41
Fri Nov 04 06:58:03 GMT-03:00 2022,04-Nov-2022 06:58:04.081,-35.21159486101115,-5.815945613229283,15.743896484375,4.0,36.97584563606187,199.87393188476562,-0,5.73,7.64,-0.01,12.94,0.04,-0.04,-0.01,0.07,14.9,7.45,14.7,20.39,94,31.77,21.79,1009.7,14.5,648.6,1,278.51,56.96,238.23,1921,0,86,-,19.61,15.69,1304.5,20.39,1.28,1.21,20.1,29.41,-17.97,0,0,-,0.95,4,36.98,199.87,-5.82,-35.21,18,2.21,-,39,46.43,12.46,8.02,3.3,131.16,35.2,0.81,0.73,64.21,0,35.79,1518.47,3.14,1427,56.68,55,14.12,6,-,11.73,8.52,33.15,7.7,327.78,1317.1,904.49,412.61,-12.05,14.12,14.4,35
Fri Nov 04 06:58:04 GMT-03:00 2022,04-Nov-2022 06:58:05.080,-35.211644846709,-5.816077869346514,15.610121726989746,4.0,36.87563826766858,199.82484436035156,-0.85,6.02,7.67,0.01,19.61,0,-0.05,0.02,0,28.24,14.51,17.17,20.39,94,31.81,21.82,1009.72,14.5,648.6,1.17,278.38,215.65,238.23,1921,0,86,-,69.02,53.33,1433.5,20.39,1.28,4.48,74.74,29.41,-15.62,-3.91,-4.69,-,0.95,4,36.88,199.82,-5.82,-35.21,18,0.68,-,39,12.26,12.46,8.02,12.27,34.65,35.2,0.46,0.76,64.23,0,35.77,1525.74,10.98,1428,56.2,56,20.78,17,-,11.74,8.52,33.15,7.73,327.78,1318.09,905.47,412.61,-5.31,14.12,14.4,42
Fri Nov 04 06:58:05 GMT-03:00 2022,04-Nov-2022 06:58:06.083,-35.211694950550374,-5.816212886088074,15.896444320678711,4.0,36.96863480644035,199.42164611816406,-0.7,5.64,8.43,0.05,20.78,-0.01,-0.06,0.07,-0.06,30.98,15.69,14.7,20.39,94,31.84,21.86,1009.75,14.5,648.6,1,278.34,256.85,238.23,1921,0,86,6.73,73.33,57.65,1576,20.39,1.28,5.44,90.64,29.41,-14.84,3.12,-4.69,-,0.95,4,36.97,199.42,-5.82,-35.21,19,0.8,9.02,39,10.3,12.46,8.02,14.88,29.09,35.2,0.46,0.76,64.26,0,35.74,1526.89,10.98,1429,57.23,57,20.78,14,40.75,11.73,8.52,33.15,7.73,327.82,1319.09,906.48,412.61,-4.36,14.12,14.4,48
Fri Nov 04 06:58:06 GMT-03:00 2022,04-Nov-2022 06:58:07.081,-35.21174539185974,-5.816350947166996,16.34418487548828,4.0,37.047575455929255,199.6261749267578,0.9,4.93,5.44,-0.23,25.49,-0.23,-0.04,-0.05,-0.23,31.76,16.47,14.7,20.39,94,31.84,21.86,1009.69,14.5,650.8,1,278.34,256.85,238.23,1921,0,86,6.73,73.33,57.65,1576,20.39,1.28,5.44,90.64,29.41,-14.06,3.12,1.56,-,0.95,4,37.05,199.63,-5.82,-35.21,19,0.8,9.02,39,10.3,12.46,8.02,14.88,29.09,35.2,0.1,0.77,64.29,0,35.71,1526.89,15.69,1429,58.84,57,23.14,14,40.75,11.73,8.52,33.15,7.77,327.85,1320.1,907.49,412.61,-4.36,14.14,14.4,48
Fri Nov 04 06:58:07 GMT-03:00 2022,04-Nov-2022 06:58:08.081,-35.21179645555045,-5.816497299177882,16.972993850708008,4.0,37.02597100620127,200.0087127685547,0.33,4.31,6,-0.24,22.35,-0.12,0,-0.03,-0.12,29.41,16.47,14.7,20.39,94,31.88,21.89,1009.66,14.5,650.8,1,278.51,364.95,238.23,1921,0,86,10.77,71.76,63.14,2279,20.39,1.29,7.86,131.08,29.41,-14.84,-2.34,0,-,0.95,4,37.03,200.01,-5.82,-35.21,20,1.16,14.44,39,7.25,12.46,8.03,21.52,20.47,35.2,0.12,0.75,64.32,0,35.68,1528.29,12.55,1430,61.1,60,23.14,17,45.11,11.73,8.53,33.13,7.78,327.86,1321.09,908.48,412.61,-1.15,14.12,14.4,59
Fri Nov 04 06:58:08 GMT-03:00 2022,04-Nov-2022 06:58:09.082,-35.211850775242794,-5.816645144700773,17.270061492919922,4.0,37.118899676046276,200.3516845703125,-0.49,5.93,8.17,0.04,21.96,0.03,-0.03,0.03,0.02,29.8,14.9,14.7,20.39,94,31.92,21.93,1009.63,14.5,659.6,1,278.48,262.12,238.22,1921,0,86,10.77,66.67,55.69,1882,20.39,1.29,5.95,99.1,29.41,-14.84,-2.34,-3.12,-,0.95,4,37.12,200.35,-5.82,-35.21,20,0.9,14.44,39,10.09,12.46,8.03,16.27,28.5,35.2,0.21,0.74,64.34,0,35.66,1532.89,11.76,1432,62.17,62,21.96,17,45.11,11.73,8.53,33.13,7.8,327.88,1322.09,909.48,412.61,-7.52,14.08,14.3,56
Fri Nov 04 06:58:09 GMT-03:00 2022,04-Nov-2022 06:58:10.084,-35.21190700788711,-5.816794355298815,17.55924415588379,4.0,37.1060242267094,200.1319580078125,-0.43,5.54,7.91,-0,21.96,0.02,-0.01,0.05,0,29.8,15.29,14.7,20.39,94,31.96,21.97,1009.65,14.5,659.6,1,278.44,258.5,238.22,1921,0,85,10,71.76,57.25,1777,20.39,1.29,6.06,100.99,29.41,-14.84,-0.78,-3.12,-,0.96,4,37.11,200.13,-5.82,-35.21,19,0.83,13.41,39,10.23,12.46,8.03,16.58,28.9,35.2,0.21,0.74,64.37,0,35.63,1537.54,11.76,1433,63.21,63,22.75,17,53.73,11.73,8.53,33.13,7.82,327.88,1323.09,910.48,412.61,-5.89,14.04,14.3,56
Fri Nov 04 06:58:10 GMT-03:00 2022,04-Nov-2022 06:58:11.082,-35.211964404281524,-5.816944575997802,17.83686637878418,4.0,36.95376363708507,200.79080200195312,-1.31,6.94,8.55,0.14,23.53,-0.03,-0.04,-0.05,0,31.37,16.08,14.7,20.39,94,31.96,21.97,1009.65,14.5,665.1,1,278.44,258.5,238.22,1921,0,85,10,71.76,62.35,1777,20.39,1.29,6.06,100.99,29.41,-14.84,-0.78,0.78,-,0.96,4,36.95,200.79,-5.82,-35.21,18,0.83,13.41,39,10.23,12.46,8.03,16.58,28.9,35.2,0.1,0.73,64.4,0,35.6,1534.07,13.73,1433,64.21,63,22.75,17,53.73,11.73,8.53,33.13,7.84,327.9,1324.1,911.49,412.61,-5.89,14.04,14.4,56
Fri Nov 04 06:58:11 GMT-03:00 2022,04-Nov-2022 06:58:12.081,-35.21202196225707,-5.8170976407646835,18.28963279724121,4.0,37.161794039349324,200.89039611816406,-0.73,6.45,8.43,0.1,24.71,0.07,-0.07,0.06,0.05,31.37,16.08,14.7,20.39,94,32.01,22.01,1009.57,14.5,665.1,1,278.43,272.66,238.22,1921,0,85,7.67,76.47,62.35,1776.5,20.39,1.3,6.49,108.24,29.41,-14.84,-0.78,2.34,-,0.96,4,37.16,200.89,-5.82,-35.21,18,0.79,10.29,39,9.7,12.46,8.03,17.77,27.4,35.2,0.17,0.71,64.42,0,35.58,1538.89,14.51,1434,65.84,65,24.71,16.5,41.25,11.72,8.53,33.12,7.85,327.94,1325.08,912.47,412.61,-4.73,14.06,14.3,59
Fri Nov 04 06:58:12 GMT-03:00 2022,04-Nov-2022 06:58:13.082,-35.21207972351396,-5.817253842409282,18.56961441040039,4.0,37.73065020117527,200.9037628173828,-1.45,5.78,7.39,-0.02,24.31,0.01,-0.1,0.03,0,30.98,15.69,14.7,20.39,94,32.05,22.05,1009.61,14.5,670.8,1,278.42,272.6,238.22,1921,0,85,6.86,77.65,63.53,1812.5,20.39,1.3,6.7,111.65,29.41,-14.84,1.56,3.12,-,0.96,4,37.73,200.9,-5.82,-35.21,19,0.16,9.2,39,9.7,12.46,8.03,18.33,27.41,35.2,0.17,0.71,64.45,0,35.55,1543.75,14.51,1435,66.85,66,25.1,16.5,36.15,11.72,8.53,33.12,7.87,327.94,1326.09,913.47,412.61,-4.42,14.06,14.3,61
Fri Nov 04 06:58:13 GMT-03:00 2022,04-Nov-2022 06:58:14.083,-35.21213876789268,-5.817410462680284,18.630029678344727,4.0,38.05004680354873,201.01693725585938,-0.63,5.36,7.69,-0.03,24.31,-0.02,-0.1,0,-0.03,30.98,15.69,14.7,20.39,94,32.1,22.09,1009.57,14.5,670.8,1,278.37,255.43,238.22,1922,0,85,6.86,78.04,64.71,1719,20.39,1.3,6.37,106.23,29.41,-14.84,1.56,2.34,-,0.96,4,38.05,201.02,-5.82,-35.21,19,0.85,9.2,39,10.35,12.46,8.03,17.44,29.25,35.2,0.26,0.7,64.48,0,35.52,1540.13,14.51,1436,67.07,66,23.53,15.5,36.15,11.72,8.53,33.11,7.89,327.95,1327.09,914.48,412.61,-5.1,14.2,14.4,62
Fri Nov 04 06:58:14 GMT-03:00 2022,04-Nov-2022 06:58:15.082,-35.2121976856256,-5.817567627483305,18.610292434692383,6.0,38.196000801798384,200.8367156982422,-0.55,5.31,7.32,-0.06,18.04,-0.03,-0.08,0.01,-0.05,14.9,12.55,14.7,20.39,94,32.1,22.09,1009.45,14.5,670.8,1,278.17,176.05,238.22,1922,0,85,6.86,78.04,42.35,1438,20.39,1.3,4.39,73.21,29.41,-14.84,1.56,2.34,-,0.97,6,38.2,200.84,-5.82,-35.21,19,0.85,9.2,39,15.02,12.46,8.03,12.02,42.44,35.2,0.26,0.7,64.5,0,35.5,1536.52,10.59,1438,67,66,23.53,15.5,36.15,11.72,8.53,33.12,7.89,327.97,1328.09,915.47,412.61,-7.67,14.2,14.4,58
Fri Nov 04 06:58:15 GMT-03:00 2022,04-Nov-2022 06:58:16.081,-35.21225834782842,-5.817723915208815,18.515525817871094,8.0,38.049813189896845,200.65066528320312,-0.55,5.78,8.36,0.05,19.61,0.06,-0.04,0.05,0.06,27.84,14.51,14.7,20.39,94,32.14,22.13,1009.38,14.5,675.5,1,277.99,190.36,238.22,1922,0,85,6.86,63.92,52.55,1438,20.39,1.31,4.68,77.97,29.41,-14.84,-0.78,-2.34,-,0.97,8,38.05,200.65,-5.82,-35.21,19,2,9.2,38,13.89,12.46,8.03,12.8,39.25,35.2,0.54,0.69,64.53,0,35.47,1536.52,9.41,1439,66.66,65,19.61,16.5,36.15,11.73,8.53,33.13,7.93,328.01,1329.09,916.48,412.61,-5.83,14.12,14.4,58
Fri Nov 04 06:58:16 GMT-03:00 2022,04-Nov-2022 06:58:17.082,-35.21231632486368,-5.817880447452536,18.135948181152344,8.0,38.2401734853851,200.37721252441406,-0.44,6.07,8.24,0.06,19.61,-0.01,-0.05,0.03,-0.03,27.84,14.51,14.7,20.39,94,32.19,22.17,1009.42,14.5,675.5,1,277.83,195.26,238.22,1922,0,85,-,63.92,51.37,1598.5,20.39,1.31,4.8,79.98,29.41,-14.84,0.78,-0.78,-,0.97,8,38.24,200.38,-5.82,-35.21,16,1.66,-,38,13.55,12.46,8.03,13.13,38.26,35.2,0.7,0.69,64.56,0,35.44,1529.33,9.8,1440,65.29,65,20,18,-,11.73,8.53,33.13,7.93,328.01,1330.09,917.47,412.61,-6.23,14.1,14.4,57
Fri Nov 04 06:58:17 GMT-03:00 2022,04-Nov-2022 06:58:18.079,-35.212372853269876,-5.818034457948619,18.370832443237305,8.0,38.794801709192235,200.47952270507812,-0.81,6.07,8.88,0.11,20,0.14,-0.1,0.07,0.13,27.84,14.12,14.7,20.39,94,32.23,22.21,1009.35,14.5,675.5,1,277.83,195.26,238.22,1922,0,85,-,63.53,52.16,1598.5,20.39,1.31,4.8,79.98,29.41,-14.84,4.69,2.34,-,0.97,8,38.79,200.48,-5.82,-35.21,17,0.29,-,38,13.55,12.46,8.03,13.13,38.26,35.2,0.75,0.68,64.58,0,35.42,1529.33,10.2,1440,66.13,65,20.39,18.5,-,11.73,8.53,33.13,7.96,328.01,1331.08,918.47,412.61,-6.23,14.14,14.4,57
Fri Nov 04 06:58:18 GMT-03:00 2022,04-Nov-2022 06:58:19.080,-35.212428934507024,-5.818190045450872,18.072118759155273,12.0,39.056368627314576,200.545654296875,-0.87,4.86,7.76,-0.05,20,-0.18,-0.03,-0.09,-0.15,27.84,14.12,14.7,20.39,94,32.28,22.25,1009.24,14.5,675.5,1,277.56,146.19,238.22,1922,0,85,-,43.14,52.16,1644.5,20.39,1.31,3.59,59.88,29.41,-14.84,2.34,2.34,-,0.97,12,39.06,200.55,-5.82,-35.21,17,3.13,-,38,18.09,12.46,8.03,9.83,51.11,35.2,0.75,0.68,64.61,0,35.39,1522.3,10.2,1441,65.06,63,15.69,0.5,-,11.73,8.52,33.15,7.96,328.05,1332.1,919.49,412.61,-8.51,14.14,14.4,53
Fri Nov 04 06:58:19 GMT-03:00 2022,04-Nov-2022 06:58:20.082,-35.21248181659531,-5.818343609160597,17.53512954711914,12.0,39.05062367415667,200.40966796875,-0.39,5.51,8.95,0.08,14.12,0.05,-0.06,0,0.07,14.9,7.45,14.7,20.78,94,32.31,22.28,1009.22,14.5,676.8,1,277.14,63.83,238.22,1922,0,85,-,17.65,17.25,1751.5,20.78,1.31,1.52,25.34,29.41,-15.62,3.12,3.12,-,0.97,12,39.05,200.41,-5.82,-35.21,18,4.06,-,38,41.44,12.46,8.03,4.16,117.06,35.2,0.07,0.67,64.64,0,35.36,1522.3,4.31,1443,63.13,61,15.69,-3,-,11.74,8.52,33.15,7.96,328.05,1333.08,920.47,412.61,-12.04,14.14,14.4,44
Fri Nov 04 06:58:20 GMT-03:00 2022,04-Nov-2022 06:58:21.082,-35.212533339406846,-5.8184904720889445,17.063310623168945,12.0,39.44638129771559,200.0120391845703,-0.43,5.21,8.61,0.04,13.73,0.07,-0.02,0,0.09,15.69,8.24,14.7,20.78,94,32.35,22.32,1009.16,14.5,676.8,1,276.72,65.45,238.22,1922,0,85,-,17.65,14.9,1756.5,20.78,1.31,1.51,25.16,29.41,-17.19,0,2.34,-,0.97,12,39.45,200.01,-5.82,-35.21,18,4.13,-,38,40.41,12.46,8.03,4.13,114.16,35.2,0.72,0.67,64.66,0,35.34,1522.3,3.53,1444,61.43,59,14.12,-4,-,11.74,8.52,33.16,8.02,328.05,1334.08,921.47,412.61,-12.21,14.12,14.3,37
Fri Nov 04 06:58:21 GMT-03:00 2022,04-Nov-2022 06:58:22.079,-35.2125871275348,-5.818636059407408,16.427019119262695,12.0,39.797499680028324,199.93060302734375,-0.8,4.89,8.19,-0.01,13.73,-0.04,-0.02,-0.08,0.01,14.9,7.45,29.4,20.78,94,32.38,22.35,1009.13,14.5,676.8,2,276.3,66.35,238.22,1922,0,85,-,16.86,14.51,1767,20.78,1.31,1.48,24.67,29.41,-17.19,0,0,-,0.97,12,39.8,199.93,-5.82,-35.21,19,5.43,-,38,39.86,12.46,8.03,4.05,112.6,35.2,0,0.46,64.69,0,35.31,1512.15,3.53,1445,59.14,56,14.12,-4,-,11.74,8.52,33.16,8.02,328.1,1335.1,922.49,412.61,-12.26,14.12,14.3,31
Fri Nov 04 06:58:22 GMT-03:00 2022,04-Nov-2022 06:58:23.081,-35.21263709486035,-5.818771879207339,15.404420852661133,12.0,39.745666276330084,200.15963745117188,0.11,5.47,7.81,-0.02,13.73,0,0.01,0,0.01,14.9,7.45,15.71,20.78,94,32.38,22.35,1009.06,14.5,675.3,1.07,276.3,66.35,238.22,1922,0,85,-,16.86,14.51,1767,20.78,1.31,1.48,24.67,29.41,-15.62,0,0,-,0.97,12,39.75,200.16,-5.82,-35.21,15,5.43,-,39,39.86,12.46,8.03,4.05,112.6,35.2,0.01,0.01,64.72,0,35.28,1512.15,6.27,1445,55.46,56,14.12,3,-,11.74,8.52,33.16,8.02,328.1,1336.09,923.47,412.61,-12.26,14.08,14.4,31
Fri Nov 04 06:58:23 GMT-03:00 2022,04-Nov-2022 06:58:24.082,-35.21268655436439,-5.818903581669774,15.184927940368652,12.0,39.85304569957037,200.819091796875,-0.12,5.72,8.19,0.03,16.08,0.01,-0.06,0,0.02,23.53,12.16,13.67,20.78,94,32.41,22.38,1009.06,14.5,675.3,0.93,276.15,204.72,238.22,1922,0,84,-,49.02,26.27,1814.5,20.78,1.31,4.33,72.24,29.41,-14.84,0,0,-,0.97,12,39.85,200.82,-5.82,-35.21,17,1.46,-,39,12.92,12.46,8.03,11.86,36.5,35.2,0.81,0.1,64.74,0,35.26,1512.15,6.27,1447,54.67,54,19.61,21.5,-,11.74,8.52,33.17,8.07,328.15,1337.09,924.48,412.61,-7.94,14.08,14.4,35
Fri Nov 04 06:58:24 GMT-03:00 2022,04-Nov-2022 06:58:25.082,-35.2127311161616,-5.819031497113575,15.636392593383789,8.0,40.156894793851535,200.44203186035156,-0.73,6.05,7.77,0.02,19.22,0,-0.11,0.04,-0.02,26.67,13.73,13.69,20.78,94,32.44,22.41,1009.08,14.5,669.3,0.93,276.09,245.06,238.22,1922,0,84,-,56.08,44.71,1832.5,20.78,1.32,5,83.39,29.41,-14.84,0,0,-,0.97,8,40.16,200.44,-5.82,-35.21,17,0.33,-,39,10.79,12.46,8.03,13.69,30.49,35.2,0.84,0.14,64.77,0,35.23,1509.83,9.02,1448,56.29,55,20.39,19.5,-,11.74,8.52,33.16,8.07,328.15,1338.1,925.49,412.61,-7.13,14.1,14.4,39
Fri Nov 04 06:58:25 GMT-03:00 2022,04-Nov-2022 06:58:26.081,-35.2127783418094,-5.819164932065289,15.977798461914062,8.0,40.06656918119948,200.02288818359375,-0.15,5.67,7.57,-0.02,20,-0.19,-0.07,0.02,-0.26,27.45,14.12,13.69,20.78,94,32.47,22.44,1009.17,14.5,669.3,0.93,276,232.7,238.22,1922,0,84,8.82,63.92,50.2,1645.5,20.78,1.32,4.84,80.65,29.41,-14.84,0,0,-,0.98,8,40.07,200.02,-5.82,-35.21,17,0.71,11.82,39,11.37,12.46,8.03,13.24,32.11,35.2,0.84,0.14,64.79,0,35.21,1516.89,10.2,1449,57.52,57,20.39,19.5,51.17,11.74,8.52,33.16,8.07,328.15,1339.08,926.47,412.61,-7.44,14.1,14.4,41
Fri Nov 04 06:58:26 GMT-03:00 2022,04-Nov-2022 06:58:27.081,-35.21282505289206,-5.81930361570939,16.548702239990234,8.0,39.61833425505265,199.9070281982422,-0.69,5.49,7.9,-0.01,21.18,0.07,-0.05,0.06,0.06,28.63,14.12,14.7,20.78,94,32.47,22.44,1009.11,14.5,663,1,276,232.7,238.22,1922,0,84,8.82,63.92,50.2,1645.5,20.78,1.32,4.84,80.65,29.41,-14.84,0,2.34,-,0.98,8,39.62,199.91,-5.82,-35.21,18,0.71,11.82,38,11.37,12.46,8.03,13.24,32.11,35.2,0.12,0.81,64.82,0,35.18,1516.89,11.37,1449,59.58,57,21.18,19.5,51.17,11.74,8.52,33.16,8.07,328.15,1340.09,927.48,412.61,-7.44,14.06,14.3,41
Fri Nov 04 06:58:27 GMT-03:00 2022,04-Nov-2022 06:58:28.082,-35.21287490392547,-5.819441983097752,16.68132972717285,8.0,39.96668788485817,199.78781127929688,-0.51,5.54,7.75,-0.02,21.18,-0.04,-0.03,-0.02,-0.03,28.63,14.51,14.7,20.78,94,32.51,22.48,1009.08,14.5,663,1,275.96,252.35,238.22,1922,0,84,10.49,71.37,58.43,1617,20.78,1.32,5.44,90.64,29.41,-14.84,-0.78,0.78,-,0.98,8,39.97,199.79,-5.82,-35.21,16,0.42,14.07,38,10.48,12.46,8.03,14.88,29.61,35.2,0.14,0.77,64.85,0,35.15,1522.8,11.37,1451,60.05,60,21.57,18,61.97,11.74,8.52,33.16,8.07,328.16,1341.09,928.48,412.61,-5.69,14.04,14.4,45
Fri Nov 04 06:58:28 GMT-03:00 2022,04-Nov-2022 06:58:29.080,-35.212926262611,-5.819585020469763,17.22014808654785,8.0,40.34300660684256,199.58889770507812,-0.88,5.87,8.53,0.07,21.18,-0.03,-0.05,-0.02,-0.01,28.63,14.9,14.7,20.78,94,32.55,22.51,1009.15,14.5,661.4,1,275.88,239.41,238.22,1922,0,84,10.49,71.76,57.65,1609.5,20.78,1.32,5.43,90.51,29.41,-14.84,-2.34,0.78,-,0.98,8,40.34,199.59,-5.82,-35.21,17,1.95,14.07,38,11.05,12.46,8.03,14.86,31.21,35.2,0.09,0.76,64.87,0,35.13,1527.41,11.37,1452,61.99,62,21.96,17,61.97,11.74,8.52,33.16,8.12,328.17,1342.09,929.48,412.61,-5.55,14.12,14.5,49
Fri Nov 04 06:58:29 GMT-03:00 2022,04-Nov-2022 06:58:30.081,-35.21297687886706,-5.819739074786039,17.8634090423584,8.0,40.41362123058921,199.43362426757812,-0.24,5.53,7.99,0,21.18,-0.08,0.01,-0.03,-0.06,29.02,14.9,14.7,20.78,94,32.59,22.55,1009.22,14.5,661.4,1,275.8,232.93,238.22,1922,0,84,17.11,71.37,58.43,1622,20.78,1.33,5.46,91,29.41,-14.84,0,0.78,-,0.98,8,40.41,199.43,-5.82,-35.21,15,3.01,22.94,38,11.36,12.46,8.03,14.94,32.08,35.2,0.09,0.76,64.9,0,35.1,1529.2,11.37,1453,64.31,65,21.57,17,100.73,11.74,8.52,33.16,8.12,328.21,1343.09,930.48,412.61,-5.46,14.12,14.5,52
Fri Nov 04 06:58:30 GMT-03:00 2022,04-Nov-2022 06:58:31.083,-35.213028676304795,-5.8199028716695835,18.37942886352539,8.0,40.63779882077998,199.84332275390625,-0.66,5.81,7.56,-0.01,21.57,0,-0.02,0.02,0,28.63,14.51,14.7,20.78,94,32.59,22.55,1009.31,14.5,662.9,1,275.8,232.93,238.22,1922,0,84,17.11,71.37,58.43,1622,20.78,1.33,5.46,91,29.41,-14.84,0,-2.34,-,0.98,8,40.64,199.84,-5.82,-35.21,16,3.01,22.94,38,11.36,12.46,8.03,14.94,32.08,35.2,0.65,0.74,64.93,0,35.07,1529.2,11.37,1453,66.17,65,21.57,17,100.73,11.74,8.52,33.16,8.16,328.24,1344.11,931.49,412.61,-5.46,14.04,14.3,52
Fri Nov 04 06:58:31 GMT-03:00 2022,04-Nov-2022 06:58:32.081,-35.2130838431061,-5.820069464279471,18.852476119995117,8.0,40.51278142212171,199.8104705810547,-0.11,6.03,9.3,0.14,17.25,0.19,-0.02,0.09,0.19,14.9,7.45,14.7,20.78,94,32.64,22.59,1009.3,14.5,662.9,1,275.67,211.03,238.22,1922,0,84,12.21,69.8,42.35,1625,20.78,1.33,5.19,86.43,29.41,-14.84,-2.34,0,-,0.98,8,40.51,199.81,-5.82,-35.21,15,1.83,16.37,38,12.53,12.46,8.03,14.19,35.41,35.2,0.09,0.73,64.95,0,35.05,1530.61,9.41,1454,67.87,68,20.78,17,71.74,11.74,8.52,33.16,8.16,328.24,1345.08,932.47,412.61,-5.98,14.08,14.3,53
Fri Nov 04 06:58:32 GMT-03:00 2022,04-Nov-2022 06:58:33.081,-35.21314525360231,-5.820232764649837,19.04464340209961,8.0,39.76679264373806,199.80943298339844,-0.05,4.83,8.23,-0.02,12.94,-0.07,-0.02,-0.03,-0.05,17.65,9.02,14.7,20.78,94,32.69,22.63,1009.37,14.5,664.7,1,275.3,90.41,238.22,1922,0,84,12.21,36.47,17.25,1488.5,20.78,1.33,2.32,38.74,29.41,-16.41,4.69,5.47,-,0.99,8,39.77,199.81,-5.82,-35.21,14,0.13,16.37,38,29.25,12.46,8.02,6.36,82.64,35.2,0.09,0.73,64.98,0,35.02,1530.61,3.53,1455,68.56,68,14.51,-3,71.74,11.75,8.51,33.2,8.2,328.24,1346.09,933.48,412.61,-10.69,14.12,14.3,46
Fri Nov 04 06:58:33 GMT-03:00 2022,04-Nov-2022 06:58:34.082,-35.21320245577263,-5.820386122072845,18.646696090698242,8.0,39.919449403233685,199.89698791503906,-0.64,6.07,9.22,0.14,14.9,0.13,0.02,0.06,0.13,17.65,9.02,14.7,20.78,94,32.73,22.68,1009.39,14.5,664.7,1,274.85,48.05,238.23,1922,0,84,12.21,20.39,17.25,1367.5,20.78,1.33,1.24,20.59,29.41,-17.19,3.91,3.12,-,0.99,8,39.92,199.9,-5.82,-35.21,16,1.56,16.37,38,55.05,12.46,8.02,3.38,155.5,35.2,0.84,0.72,65,0,35,1523.38,5.1,1456,67.13,67,14.12,30,71.74,11.76,8.51,33.21,8.2,328.28,1347.1,934.49,412.61,-12.29,14.08,14.4,39
Fri Nov 04 06:58:34 GMT-03:00 2022,04-Nov-2022 06:58:35.082,-35.21325713298184,-5.820546715198321,18.512121200561523,8.0,40.055864058643984,199.8247528076172,-0.07,5.71,9.26,0.12,14.9,0.11,0.01,0.08,0.09,22.75,12.16,14.7,20.78,94,32.78,22.71,1009.38,14.5,664.7,1,274.52,109.36,238.23,1922,0,84,-,43.53,34.12,1337.5,20.78,1.33,2.77,46.17,29.41,-17.19,3.91,3.12,-,0.99,8,40.06,199.82,-5.82,-35.21,17,2.13,-,38,24.19,12.46,8.02,7.58,68.32,35.2,0.84,0.72,65.03,0,34.97,1523.38,5.1,1458,66.64,65,14.12,30,-,11.77,8.5,33.24,8.24,328.32,1348.1,935.48,412.61,-9.1,14.08,14.4,38
Fri Nov 04 06:58:35 GMT-03:00 2022,04-Nov-2022 06:58:36.082,-35.21331325299363,-5.820700150626366,18.313730239868164,8.0,40.19877983080076,199.58395385742188,-0.71,5.41,8.21,0.02,17.65,0.02,-0.12,0.02,0.01,24.71,12.55,14.7,20.78,94,32.82,22.75,1009.3,14.5,664.7,1,274.27,149.46,238.24,1922,0,84,-,43.53,45.1,1405.5,20.78,1.33,3.67,61.22,29.41,-15.62,-0.78,-1.56,-,0.99,8,40.2,199.58,-5.82,-35.21,18,1.93,-,38,17.7,12.46,8.02,10.05,49.99,35.2,0.25,0.71,65.06,0,34.94,1516.56,7.84,1459,65.93,64,17.65,20,-,11.77,8.49,33.26,8.24,328.32,1349.1,936.49,412.61,-7.18,14.12,14.3,41
Fri Nov 04 06:58:36 GMT-03:00 2022,04-Nov-2022 06:58:37.082,-35.21337141984656,-5.820849628396326,18.070310592651367,8.0,40.71354986484888,199.37460327148438,-0.57,5.81,7.93,0.02,17.65,-0.01,-0.01,0.02,-0.01,23.92,12.16,14.7,20.78,94,32.86,22.79,1009.22,14.5,664.7,1,274,143.03,238.24,1922,0,84,-,50.98,43.92,1400.5,20.78,1.34,3.46,57.68,29.41,-14.84,-1.56,-3.12,-,0.99,8,40.71,199.37,-5.82,-35.21,19,2.93,-,38,18.49,12.46,8.02,9.47,52.24,35.2,0.71,0.71,65.08,0,34.92,1516.56,7.84,1460,65.05,63,18.04,18.5,-,11.78,8.49,33.28,8.27,328.32,1350.08,937.47,412.61,-7.94,14.1,14.3,42
Fri Nov 04 06:58:37 GMT-03:00 2022,04-Nov-2022 06:58:38.081,-35.21342807446998,-5.821001091868864,17.644702911376953,8.0,41.12778229952648,199.53973388671875,-0.24,4.62,7.31,-0.11,16.86,-0.02,-0.02,-0.04,0,23.53,12.16,14.7,20.78,94,32.86,22.79,1009.07,14.5,664.7,1,274,143.03,238.24,1922,0,84,-,50.98,38.82,1400.5,20.78,1.34,3.46,57.68,29.41,-15.62,0.78,1.56,-,0.99,8,41.13,199.54,-5.82,-35.21,19,2.93,-,38,18.49,12.46,8.02,9.47,52.24,35.2,0.17,0.7,65.11,0,34.89,1510,7.06,1461,63.52,63,17.25,19.5,-,11.78,8.49,33.28,8.27,328.35,1351.1,938.49,412.61,-7.94,14.12,14.4,42
Fri Nov 04 06:58:38 GMT-03:00 2022,04-Nov-2022 06:58:39.081,-35.21348117052488,-5.821152345610274,17.117347717285156,8.0,41.06847375804626,199.43251037597656,-0.58,5.26,8.11,-0,16.86,-0.01,0,-0.03,0.01,23.53,12.16,14.7,20.78,94,32.89,22.82,1008.97,14.5,664.7,1,273.67,105.56,238.24,1922,0,84,-,37.25,38.82,1311,20.78,1.34,2.51,41.91,29.41,-15.62,0.78,1.56,-,0.99,8,41.07,199.43,-5.82,-35.21,18,3.52,-,38,25.06,12.46,8.02,6.88,70.78,35.2,0.17,0.7,65.13,0,34.87,1510,7.06,1461,61.62,60,17.25,-4.5,-,11.79,8.48,33.31,8.31,328.35,1352.08,939.47,412.61,-9.72,14.12,14.4,39
Fri Nov 04 06:58:39 GMT-03:00 2022,04-Nov-2022 06:58:40.081,-35.213529065545025,-5.821289385587568,16.188186645507812,8.0,41.8608489056024,199.3303985595703,-0.24,5.17,7.97,-0.02,12.94,-0.05,0,-0.07,0,14.9,7.45,14.7,20.78,94,32.89,22.82,1008.91,14.5,663.7,1,273.67,105.56,238.24,1922,0,84,-,37.25,15.69,1311,20.78,1.34,2.51,41.91,29.41,-17.19,0.78,-1.56,-,0.99,8,41.86,199.33,-5.82,-35.21,18,3.52,-,38,25.06,12.46,8.02,6.88,70.78,35.2,0.82,0.7,65.16,0,34.84,1503.53,3.14,1463,58.28,60,13.73,-4.5,-,11.79,8.48,33.31,8.31,328.39,1353.09,940.48,412.61,-9.72,14.06,14.3,39
Fri Nov 04 06:58:40 GMT-03:00 2022,04-Nov-2022 06:58:41.082,-35.21357412650599,-5.821423289717713,15.495560646057129,8.0,42.52430163192464,199.4636993408203,-0.34,4.89,6.65,-0.15,12.94,0,-0.12,0.01,-0.01,14.9,7.45,14.7,20.78,94,32.92,22.85,1008.89,14.5,663.7,1,273.23,52.2,238.25,1922,0,84,-,19.22,15.69,1295,20.78,1.34,1.18,19.74,29.41,-17.19,0,-1.56,-,0.99,8,42.52,199.46,-5.82,-35.21,19,3.28,-,39,50.67,12.46,8.02,3.24,143.14,35.2,0.82,0.7,65.18,0,34.82,1503.53,3.14,1463,55.78,55,13.73,30.5,-,11.79,8.48,33.31,8.31,328.39,1354.08,941.47,412.61,-12.1,14.06,14.3,34
Fri Nov 04 06:58:41 GMT-03:00 2022,04-Nov-2022 06:58:42.081,-35.21361854262944,-5.821552398119186,14.942684173583984,8.0,43.09768580247231,199.6791534423828,-0.46,4.93,7.78,-0.05,13.73,0,-0.02,-0.02,0.02,20.39,10.59,14.97,20.78,94,32.92,22.85,1008.79,14.5,662.9,1.02,273.23,52.2,238.25,1922,0,84,-,19.22,18.82,1295,20.78,1.34,1.18,19.74,29.41,-17.19,0,0,-,0.99,8,43.1,199.68,-5.82,-35.21,18,3.28,-,39,50.67,12.46,8.02,3.24,143.14,35.2,0.04,0.62,65.21,0,34.79,1503.53,3.92,1463,53.79,55,14.51,30.5,-,11.79,8.48,33.31,8.35,328.39,1355.09,942.47,412.61,-12.1,14.12,14.4,34
Fri Nov 04 06:58:42 GMT-03:00 2022,04-Nov-2022 06:58:43.083,-35.21366408835652,-5.8216786200872495,14.782877922058105,8.0,43.174310953298374,199.87332153320312,0.03,5.05,7.49,-0.07,13.73,0.05,0,-0.01,0.09,20.39,10.59,14.97,20.78,94,32.95,22.88,1008.83,14.5,662.9,1.02,272.93,122.85,238.25,1922,0,84,-,34.51,18.82,1554.5,20.78,1.34,2.55,42.58,29.41,-17.19,0,0,-,0.99,8,43.17,199.87,-5.82,-35.21,17,1.79,-,39,21.53,12.46,8.02,6.99,60.82,35.2,0.83,0.62,65.24,0,34.76,1495.11,3.92,1465,53.22,52,17.25,23,-,11.8,8.47,33.34,8.35,328.44,1356.11,943.5,412.61,-9.23,14.08,14.4,34
Fri Nov 04 06:58:43 GMT-03:00 2022,04-Nov-2022 06:58:44.082,-35.21370832769737,-5.821799770883156,14.592510223388672,8.0,43.36694930108488,200.08880615234375,-0.14,5.28,9.34,0.11,16.86,0.21,0.06,0.15,0.16,22.75,11.76,13.61,20.78,94,32.97,22.91,1008.81,14.5,660.3,0.93,272.7,160.98,238.25,1922,0,84,-,45.49,35.29,1491.5,20.78,1.34,3.16,52.75,29.41,-15.62,0,0,-,0.99,8,43.37,200.09,-5.82,-35.21,16,1.22,-,39,16.43,12.46,8.02,8.66,46.41,35.2,0.83,0.43,65.26,0,34.74,1495.11,7.06,1467,52.53,52,17.25,21,-,11.81,8.47,33.35,8.35,328.44,1357.11,944.5,412.61,-9.06,14.08,14.4,35
Fri Nov 04 06:58:44 GMT-03:00 2022,04-Nov-2022 06:58:45.081,-35.21375251891716,-5.821923164866919,14.793408393859863,8.0,43.3815597473448,200.12123107910156,-1.07,5.48,9.1,0.1,17.65,0.02,0,-0.05,0.07,23.92,12.16,13.89,20.78,94,33,22.93,1008.81,14.5,660.3,0.94,272.53,185.34,238.25,1922,0,84,-,52.94,41.57,1445,20.78,1.34,3.64,60.73,29.41,-15.62,1.56,0,-,0.99,8,43.38,200.12,-5.82,-35.21,19,0.53,-,39,14.27,12.46,8.02,9.97,40.31,35.2,0.81,0.41,65.29,0,34.71,1495.11,7.84,1468,53.26,52,17.65,19.5,-,11.81,8.47,33.36,8.4,328.48,1358.09,945.48,412.61,-7.97,14.12,14.3,37
Fri Nov 04 06:58:45 GMT-03:00 2022,04-Nov-2022 06:58:46.080,-35.21379848081918,-5.82204824982048,14.82198715209961,8.0,43.35580416364399,200.4673614501953,-0.22,5.26,8.18,0,17.25,0.02,0.05,0.02,0.02,21.18,12.16,14.7,20.78,94,33,22.93,1008.82,14.5,654.3,1,272.53,185.34,238.25,1922,0,84,-,52.94,41.57,1445,20.78,1.34,3.64,60.73,29.41,-14.84,1.56,0,-,0.99,8,43.36,200.47,-5.82,-35.21,19,0.53,-,39,14.27,12.46,8.02,9.97,40.31,35.2,0.75,0.41,65.31,0,34.69,1487.34,7.06,1468,53.36,52,17.65,19.5,-,11.81,8.47,33.36,8.4,328.48,1359.09,946.47,412.61,-7.97,14.06,14.4,37
Fri Nov 04 06:58:46 GMT-03:00 2022,04-Nov-2022 06:58:47.082,-35.2138449488158,-5.8221735432243324,14.89101505279541,8.0,43.37047812367624,200.8115692138672,-0.62,5.45,8.03,0,17.25,0,-0.02,0,0,21.18,10.98,14.7,20.78,94,33.02,22.96,1008.88,14.5,654.3,1,272.23,121.2,238.26,1922,0,83,-,36.86,38.43,1262.5,20.78,1.34,2.38,39.71,29.41,-14.84,-2.34,-3.12,-,1,8,43.37,200.81,-5.82,-35.21,20,0.36,-,39,21.82,12.46,8.02,6.52,61.65,35.21,0.76,0.41,65.34,0,34.66,1493.65,7.06,1470,53.61,53,14.51,-4.5,-,11.82,8.46,33.38,8.4,328.48,1360.09,947.48,412.61,-10.09,14.06,14.4,35
Fri Nov 04 06:58:47 GMT-03:00 2022,04-Nov-2022 06:58:48.081,-35.21389243010921,-5.822299205753648,14.622314453125,8.0,43.149352153156904,200.90989685058594,-0.17,5.62,8.77,0.07,12.94,0,0,-0.01,0.02,14.9,7.45,14.7,20.78,94,33.02,22.96,1008.89,14.5,651.9,1,272.23,121.2,238.26,1922,0,83,-,36.86,38.43,1262.5,20.78,1.34,2.38,39.71,29.41,-17.19,-2.34,-3.12,-,1,8,43.15,200.91,-5.82,-35.21,19,0.36,-,39,21.82,12.46,8.02,6.52,61.65,35.21,0.76,0.41,65.36,0,34.64,1493.65,3.14,1470,52.64,53,14.51,-4.5,-,11.82,8.46,33.38,8.44,328.48,1361.09,948.47,412.61,-10.09,14.06,14.3,35
Fri Nov 04 06:58:48 GMT-03:00 2022,04-Nov-2022 06:58:49.083,-35.21393970675769,-5.822423694337206,14.40434455871582,8.0,43.144403777033276,200.7659912109375,-1.87,4.68,7.81,-0.04,12.94,0,-0.23,0,-0.01,14.9,7.45,14.7,20.78,94,33.05,22.99,1008.88,14.5,650.6,1,271.8,58.18,238.26,1922,0,83,-,18.82,16.08,1307.5,20.78,1.34,1.17,19.43,29.41,-18.75,0,0,-,1,8,43.14,200.77,-5.82,-35.21,18,1.64,-,39,45.46,12.46,8.02,3.19,128.42,35.21,0.01,0.41,65.39,0,34.61,1485.8,3.14,1472,51.86,51,13.33,-11.5,-,11.82,8.46,33.39,8.44,328.52,1362.11,949.5,412.61,-12.03,14.12,14.4,30
Fri Nov 04 06:58:49 GMT-03:00 2022,04-Nov-2022 06:58:50.082,-35.21398443762408,-5.822542225752777,14.139883995056152,8.0,43.241798730174615,200.8880157470703,-0.52,5.14,7.31,-0.08,13.33,-0.11,-0.05,-0.03,-0.1,14.9,7.45,29.4,20.78,94,33.07,23.01,1008.94,14.5,650.6,2,271.38,64.06,238.26,1922,0,83,-,19.22,15.69,1326,20.78,1.35,1.24,20.59,29.41,-18.75,0,0,-,1,8,43.24,200.89,-5.82,-35.21,19,1.86,-,39,41.29,12.46,8.02,3.38,116.63,35.21,0.01,0.41,65.41,0,34.59,1485.8,3.14,1473,50.9,50,13.33,0,-,11.82,8.46,33.39,8.44,328.52,1363.08,950.47,412.61,-11.98,14.08,14.4,27
Fri Nov 04 06:58:50 GMT-03:00 2022,04-Nov-2022 06:58:51.082,-35.21402757317809,-5.8226589740276316,14.023351669311523,8.0,43.19196428367869,200.66162109375,-1.05,5.63,7.8,-0,15.69,0,-0.07,0,0,23.14,11.76,13.57,20.78,94,33.07,23.01,1008.93,14.5,648.9,0.92,271.38,64.06,238.26,1922,0,83,-,19.22,32.94,1326,20.78,1.35,1.24,20.59,29.41,-15.62,0,0,-,1,8,43.19,200.66,-5.82,-35.21,24,1.86,-,39,41.29,12.46,8.02,3.38,116.63,35.21,0.03,0.04,65.44,0,34.56,1485.8,5.88,1473,50.48,50,13.33,0,-,11.82,8.46,33.39,8.49,328.52,1364.08,951.47,412.61,-11.98,14.08,14.4,27
Fri Nov 04 06:58:51 GMT-03:00 2022,04-Nov-2022 06:58:52.082,-35.21407359114558,-5.822777867770237,14.26186466217041,6.0,42.863901905212025,200.62063598632812,-0.24,5.81,8.91,0.1,14.12,-0.02,-0.05,-0.02,0,14.9,7.45,13.54,20.78,94,33.09,23.03,1008.97,14.5,648.9,0.92,271.11,135.14,238.26,1922,0,83,-,40,22.75,1363.5,20.78,1.35,2.55,42.58,29.41,-16.41,0,0,-,1,6,42.86,200.62,-5.82,-35.21,22,0.48,-,39,19.57,12.46,8.02,6.99,55.29,35.21,0.85,0.11,65.47,0,34.53,1478.36,4.31,1474,51.34,50,15.29,-1.5,-,11.83,8.45,33.41,8.49,328.57,1365.1,952.48,412.61,-9.35,14.12,14.4,29
Fri Nov 04 06:58:52 GMT-03:00 2022,04-Nov-2022 06:58:53.082,-35.21411978943939,-5.822898877081492,14.384483337402344,6.0,42.816595669091136,200.60214233398438,-0.81,4.88,8.04,-0.03,12.94,-0.01,-0.06,-0.04,0.02,14.9,7.45,13.31,20.78,94,33.11,23.06,1009.06,14.5,645.2,0.91,270.7,63.22,238.26,1922,0,83,-,21.57,15.69,1300.5,20.78,1.35,1.2,19.92,29.41,-17.97,0,0,-,1,6,42.82,200.6,-5.82,-35.21,26,0.34,-,39,41.84,12.46,8.02,3.27,118.19,35.21,0.88,0.12,65.49,0,34.51,1484.37,3.14,1475,51.78,51,13.33,-4.5,-,11.83,8.45,33.42,8.51,328.6,1366.09,953.48,412.61,-12.16,14.14,14.3,25
Fri Nov 04 06:58:53 GMT-03:00 2022,04-Nov-2022 06:58:54.081,-35.21416610981732,-5.823018231822445,14.613713264465332,8.0,42.442485277139035,200.12730407714844,-0.44,4.95,7.73,-0.05,13.33,-0.05,-0.03,-0.06,-0.01,14.9,7.45,29.4,20.78,94,33.14,23.09,1009.15,14.5,645.2,2,270.29,64.63,238.26,1922,0,83,2.84,19.22,15.69,1342.5,20.78,1.35,1.25,20.77,29.41,-17.97,0,0,-,1,8,42.44,200.13,-5.82,-35.21,23,0.78,3.8,39,40.92,12.46,8.02,3.41,115.6,35.21,0.03,0.13,65.52,0,34.48,1479.41,3.14,1476,52.61,51,13.33,-10.5,20.18,11.83,8.45,33.42,8.51,328.6,1367.09,954.48,412.61,-11.94,14.14,14.4,23
Fri Nov 04 06:58:54 GMT-03:00 2022,04-Nov-2022 06:58:55.082,-35.214214346084205,-5.823143987320531,14.61970043182373,8.0,41.72478245688795,200.32553100585938,-0.65,5.05,8.34,0.01,13.33,0,0,-0.04,0.04,14.9,7.45,29.4,20.78,94,33.16,23.11,1009.22,14.5,645.2,2,269.88,67.86,241.44,1922,0,83,3.32,20.39,16.47,1366.5,20.78,1.35,1.31,21.81,29.8,-17.97,0,0,-,1,8,41.72,200.33,-5.82,-35.21,22,0.61,4.45,39,38.98,12.46,8.02,3.58,110.11,35.21,0.03,0.13,65.54,0,34.46,1485.52,3.14,1478,52.63,52,13.33,-10.5,23.17,11.83,8.45,33.43,8.51,328.6,1368.09,955.48,412.61,-11.9,14.14,14.4,22
Fri Nov 04 06:58:55 GMT-03:00 2022,04-Nov-2022 06:58:56.082,-35.214266614730626,-5.823270324953767,14.805904388427734,8.0,41.20305563146573,201.427001953125,-0.75,4.64,7.73,-0.07,13.33,-0.09,-0.01,-0.11,-0.02,14.9,7.45,29.4,20.78,94,33.19,23.14,1009.24,14.5,641.5,2,269.47,63.39,241.44,1922,0,83,3.32,20.39,15.29,1388.5,20.78,1.35,1.25,20.77,29.8,-17.97,0,0,-,1,8,41.2,201.43,-5.82,-35.21,20,0.63,4.45,39,41.72,12.46,8.02,3.41,117.87,35.21,0,0,65.57,0,34.43,1485.52,3.14,1479,53.3,52,13.33,-10,23.17,11.84,8.45,33.43,8.56,328.6,1369.09,956.48,412.61,-12.06,14.08,14.3,20
Fri Nov 04 06:58:56 GMT-03:00 2022,04-Nov-2022 06:58:57.084,-35.21431439374772,-5.82339081411795,14.516237258911133,8.0,41.0660894292632,202.4701385498047,-0.89,4.24,8.66,-0,13.33,-0.02,0,-0.17,0.08,14.9,7.45,29.4,20.78,94,33.21,23.16,1009.37,14.5,641.5,2,269.06,63.39,241.44,1922,0,83,3.32,18.43,16.08,1452,20.78,1.35,1.25,20.77,29.8,-17.97,0,0,-,1,8,41.07,202.47,-5.82,-35.21,16,2.3,4.45,39,41.72,12.46,8.02,3.41,117.87,35.21,0,0,65.59,0,34.41,1477.85,3.14,1480,52.26,51,13.73,-10,23.17,11.84,8.45,33.44,8.56,328.64,1370.1,957.49,412.61,-12.1,14.1,14.3,19
Fri Nov 04 06:58:57 GMT-03:00 2022,04-Nov-2022 06:58:58.083,-35.21436584525951,-5.823504936855199,13.849311828613281,8.0,40.02514542388126,203.99658203125,-0.25,4.2,9.67,0.09,13.73,0.08,-0.01,-0.08,0.15,14.9,7.45,29.4,20.78,94,33.21,23.16,1009.51,14.5,641.5,2,269.06,63.39,241.44,1922,0,83,3.32,18.43,15.29,1452,20.78,1.35,1.25,20.77,29.8,-17.19,0,0,-,1,8,40.03,204,-5.82,-35.21,17,2.3,4.45,39,41.72,12.46,8.02,3.41,117.87,35.21,0,0,65.62,0,34.38,1477.85,3.92,1481,49.86,51,13.73,-7,23.17,11.84,8.45,33.44,8.56,328.64,1371.08,958.47,412.61,-12.1,14.12,14.4,19
Fri Nov 04 06:58:58 GMT-03:00 2022,04-Nov-2022 06:58:59.082,-35.2144121678151,-5.823610319453673,12.83083724975586,8.0,39.90981608490649,205.42759704589844,-0.27,4.7,9.16,0.06,13.73,0.08,-0.06,-0.09,0.16,14.9,7.45,29.4,20.78,94,33.23,23.18,1009.59,14.5,641.5,2,268.68,77.33,241.44,1922,0,83,-,18.43,15.29,1681.5,20.78,1.35,1.49,24.85,29.8,-17.19,0,0,-,1,8,39.91,205.43,-5.82,-35.21,15,4.86,-,39,34.2,12.46,8.02,4.08,96.62,35.21,0,0,65.64,0,34.36,1477.85,3.92,1481,46.19,45,14.12,-5.5,-,11.86,8.43,33.5,8.6,328.68,1372.09,959.48,412.61,-11.76,14.08,14.4,19
Fri Nov 04 06:58:59 GMT-03:00 2022,04-Nov-2022 06:59:00.081,-35.21445668921702,-5.8237060575357456,11.63365650177002,8.0,39.59687812774747,207.016357421875,1.37,2.05,9.19,-0.02,13.73,-0.05,0.11,-0.23,0.06,14.9,7.45,29.4,20.78,94,33.23,23.2,1009.72,14.5,635.1,2,268.31,87,244.63,1922,0,82,-,20,16.08,1527,20.78,1.35,1.48,24.67,30.2,-17.19,0,0,-,1,8,39.6,207.02,-5.82,-35.21,14,6.19,-,39,30.4,12.46,8.02,4.05,85.88,35.21,0,0,65.67,0,34.33,1470.82,3.53,1483,41.88,40,13.73,-8.5,-,11.87,8.42,33.54,8.6,328.68,1373.09,960.48,412.61,-12.15,14.08,14.3,18
Fri Nov 04 06:59:00 GMT-03:00 2022,04-Nov-2022 06:59:01.083,-35.21450609446438,-5.823799397222132,10.458422660827637,8.0,39.8059296368099,211.16290283203125,-0.11,4.28,9.62,0.08,13.33,0.21,0.02,-0.1,0.3,14.9,7.45,29.4,20.78,94,33.23,23.21,1009.84,14.5,635.1,2,267.94,83.86,244.64,1922,0,82,-,25.88,15.69,1052,20.78,1.35,1.27,21.14,30.2,-17.19,0,0,-,1,8,39.81,211.16,-5.82,-35.21,17,8.88,-,39,31.54,12.46,8.02,3.47,89.1,35.21,0.01,0.01,65.69,0,34.31,1470.82,3.53,1484,37.65,33,13.73,0,-,11.89,8.41,33.59,8.6,328.68,1374.11,961.49,412.61,-12.28,14.12,14.3,17
Fri Nov 04 06:59:01 GMT-03:00 2022,04-Nov-2022 06:59:02.083,-35.21454665191248,-5.82387787098422,9.235047340393066,12.0,39.78866994313431,213.10919189453125,-1.22,3.62,7.66,-0.12,12.94,0.06,-0.18,0.12,-0.02,14.9,7.45,18.04,20.78,94,33.23,23.21,1009.88,14.5,635.1,1.23,267.6,94.32,244.65,1922,0,82,-,26.27,21.57,973.5,20.78,1.35,1.18,19.61,30.2,-17.19,0,0,-,1,12,39.79,213.11,-5.82,-35.21,15,8.65,-,39,28.04,12.46,8.02,3.22,79.21,35.21,0.01,0.01,65.72,0,34.28,1470.82,3.14,1485,33.25,29,13.73,4.5,-,11.91,8.4,33.64,8.6,328.68,1375.09,962.48,412.61,-11.51,14.12,14.3,18
Fri Nov 04 06:59:02 GMT-03:00 2022,04-Nov-2022 06:59:03.082,-35.214582806770274,-5.823943682142414,8.429865837097168,12.0,40.0851125885928,206.78988647460938,-3,4.77,8.26,0.03,12.94,0.02,-0.22,-0.04,0.03,14.9,7.45,13.26,20.78,94,33.23,23.21,1009.91,14.5,628.7,0.9,267.6,94.32,244.65,1922,0,82,-,26.27,22.35,973.5,20.78,1.35,1.18,19.61,30.2,-17.97,0,0,-,1,12,40.09,206.79,-5.82,-35.21,21,8.65,-,39,28.04,12.46,8.02,3.22,79.21,35.21,0.86,0.09,65.74,0,34.26,1470.82,3.14,1485,30.35,29,13.33,4.5,-,11.91,8.4,33.64,8.6,328.68,1376.09,963.48,412.61,-11.51,14.08,14.3,18
Fri Nov 04 06:59:03 GMT-03:00 2022,04-Nov-2022 06:59:04.082,-35.21461825377523,-5.82401220386954,7.856666088104248,12.0,39.0468279639379,192.31497192382812,-3.28,4.87,8.15,0.04,13.33,-0.05,-0.34,-0.07,-0.08,14.9,7.45,13.26,20.78,94,33.22,23.22,1009.9,14.5,628.7,0.9,267.29,112,247.84,1922,0,82,-,28.24,22.35,929.5,20.78,1.35,1.23,20.47,30.59,-17.97,0,0,-,1,12,39.05,192.31,-5.82,-35.21,21,2.35,-,39,23.62,12.47,8.02,3.36,66.71,35.21,0.86,0.1,65.77,0,34.23,1468.37,3.14,1486,28.28,28,13.33,3,-,11.92,8.39,33.67,8.66,328.69,1377.08,964.47,412.61,-11.13,13.96,14.3,19
Fri Nov 04 06:59:04 GMT-03:00 2022,04-Nov-2022 06:59:05.083,-35.21464359525898,-5.8240784124094525,7.866447448730469,12.0,38.47901256276741,177.99407958984375,-3.07,7.1,8.43,0.18,17.25,0.12,-0.06,0.07,0.1,23.14,11.76,13.57,20.78,94,33.22,23.22,1009.94,14.5,622.3,0.92,266.95,100.46,247.84,1922,0,82,-,42.75,22.75,1031.5,20.78,1.35,1.06,17.73,30.59,-14.84,0,0,-,1,12,38.48,177.99,-5.82,-35.21,20,0.28,-,39,26.33,12.47,8.02,2.91,74.37,35.21,0.85,0.12,65.79,0,34.21,1459.9,7.45,1487,28.32,28,17.25,18.5,-,11.93,8.38,33.7,8.66,328.74,1378.09,965.48,412.61,-11.44,14.04,14.4,19
Fri Nov 04 06:59:05 GMT-03:00 2022,04-Nov-2022 06:59:06.082,-35.21465101568129,-5.824143369047918,7.724045276641846,12.0,37.041200431332115,166.25741577148438,-2.12,5.8,6.61,-0.07,17.25,-0.05,-0.3,-0.05,-0.08,23.14,11.76,13.57,20.78,94,33.21,23.23,1009.92,14.5,622.3,0.92,267.02,301.73,251.03,1922,0,82,3.13,38.43,34.51,1698.5,20.78,1.35,3.19,53.24,30.98,-14.84,0,0,-,1,12,37.04,166.26,-5.82,-35.21,18,1.68,4.19,39,8.77,12.47,8.02,8.74,24.76,35.21,0.8,0.12,65.82,0,34.18,1463.36,7.45,1488,27.81,30,16.86,24,17.57,11.93,8.38,33.69,8.66,328.74,1379.09,966.48,412.61,-6.22,14.08,14.4,29
Fri Nov 04 06:59:06 GMT-03:00 2022,04-Nov-2022 06:59:07.082,-35.21463958615264,-5.824207091307475,7.919134140014648,12.0,36.70876702828443,155.5715789794922,-2.34,5.68,8.07,0.05,15.69,0.02,-0.22,0.03,-0.01,22.75,11.76,13.82,20.78,94,33.21,23.23,1009.92,14.5,613,0.94,267.02,301.73,251.03,1922,0,82,3.13,38.43,30.98,1698.5,20.78,1.35,3.19,53.24,30.98,-15.62,0,0,-,1,12,36.71,155.57,-5.82,-35.21,18,1.68,4.19,39,8.77,12.47,8.02,8.74,24.76,35.21,0.8,0.14,65.84,0,34.16,1463.36,5.88,1488,28.51,30,16.86,24,17.57,11.93,8.38,33.69,8.66,328.74,1380.09,967.48,412.61,-6.22,14.08,14.3,29
Fri Nov 04 06:59:07 GMT-03:00 2022,04-Nov-2022 06:59:08.082,-35.21461700737555,-5.824272627793485,8.32552433013916,12.0,36.26291316574842,143.76211547851562,-2.65,5.23,8.58,0.07,14.12,0,-0.25,-0.04,0,14.9,7.45,14.7,20.78,94,33.21,23.23,1009.93,14.5,613,1,266.94,224.59,251.02,1922,0,82,3.74,39.61,28.24,1355,20.78,1.36,2.55,42.45,30.98,-15.62,-0.78,-2.34,-,1,12,36.26,143.76,-5.82,-35.21,25,3.49,5.01,39,11.78,12.47,8.02,6.97,33.27,35.21,0.73,0.85,65.87,0,34.13,1464.36,5.49,1490,29.97,32,16.08,21,26.32,11.93,8.38,33.69,8.68,328.76,1381.11,968.5,412.61,-10.49,14.08,14.4,28
Fri Nov 04 06:59:08 GMT-03:00 2022,04-Nov-2022 06:59:09.082,-35.21456450638839,-5.824334421506052,9.245969772338867,12.0,36.84415536371109,133.41616821289062,-2.83,5.21,7.89,0.02,12.94,0,-0.21,-0.03,0,14.9,7.45,14.7,20.78,94,33.21,23.24,1009.97,14.5,607.1,1,266.62,105.43,251.02,1922,0,82,7.19,25.49,15.69,1248,20.78,1.36,1.28,21.26,30.98,-18.75,-5.47,-6.25,-,1.01,12,36.84,133.42,-5.82,-35.21,20,4.03,9.64,39,25.09,12.47,8.02,3.49,70.87,35.21,0.7,0.82,65.89,0,34.11,1466.7,3.14,1491,33.29,34,13.33,-1,55,11.94,8.38,33.73,8.69,328.77,1382.09,969.48,412.61,-11.99,14.12,14.3,26
Fri Nov 04 06:59:09 GMT-03:00 2022,04-Nov-2022 06:59:10.083,-35.21447796923842,-5.824394886419245,9.595521926879883,12.0,36.69528619483431,122.01416015625,-2.56,5.68,8.15,0.06,16.08,0,-0.19,0.01,-0.03,14.9,7.45,14.7,20.78,94,33.21,23.25,1010,14.5,607.1,1,266.33,121.4,251.03,1922,0,82,7.19,24.31,15.69,1238.5,20.78,1.36,1.56,26.01,30.98,-17.19,-4.69,-3.91,-,1.01,12,36.7,122.01,-5.82,-35.21,22,0.71,9.64,39,21.79,12.47,8.02,4.27,61.55,35.21,0.05,0.81,65.91,0,34.09,1465.16,5.1,1492,34.54,34,14.9,27,55,11.95,8.37,33.75,8.7,328.78,1383.09,970.48,412.61,-11.16,14.08,14.3,25
Fri Nov 04 06:59:10 GMT-03:00 2022,04-Nov-2022 06:59:11.082,-35.214381172924924,-5.824445427706937,9.661795616149902,12.0,35.748127324110854,110.03526306152344,-1.93,5.22,8.85,0.08,16.08,0,-0.17,-0.03,0.02,22.75,10.98,14.7,20.78,94,33.21,23.26,1010.06,14.5,607.1,1,266.01,108.04,254.21,1922,0,83,7.19,24.71,31.76,1275.5,20.78,1.36,1.39,23.15,31.37,-17.19,-4.69,-3.91,-,1.01,12,35.75,110.04,-5.82,-35.21,24,0.46,9.64,39,24.48,12.47,8.02,3.8,69.16,35.22,0.05,0.81,65.94,0,34.06,1466.52,5.1,1494,34.78,35,14.9,27,55,11.96,8.36,33.78,8.77,328.79,1384.08,971.47,412.61,-11.5,14.08,14.3,24
Fri Nov 04 06:59:11 GMT-03:00 2022,04-Nov-2022 06:59:12.084,-35.21427793727544,-5.8244694264626125,9.8977632522583,8.0,35.98254085706581,103.21668243408203,-0.59,4.79,7.84,-0.05,12.94,-0.01,-0.06,-0.04,0.02,14.9,7.45,14.7,20.78,94,33.21,23.27,1010.04,14.5,602.4,1,265.66,88.1,254.22,1922,0,83,-,24.71,15.69,1280,20.78,1.36,1.17,19.43,31.37,-17.97,-1.56,-2.34,-,1.01,8,35.98,103.22,-5.82,-35.21,27,1.63,-,39,30.02,12.47,8.02,3.19,84.8,35.22,0.81,0.79,65.96,0,34.04,1457.38,3.14,1495,35.63,34,13.33,-1,-,11.98,8.35,33.83,8.77,328.85,1385.1,972.49,412.61,-12.06,14.12,14.4,22
Fri Nov 04 06:59:12 GMT-03:00 2022,04-Nov-2022 06:59:13.082,-35.214175544131116,-5.824487203472319,9.671525955200195,8.0,35.833856984863836,102.5048599243164,-0.05,4.98,7.88,-0.04,12.94,0,-0.04,-0.04,0.04,14.9,7.45,17.23,20.78,94,33.22,23.28,1010.06,14.5,602.4,1.17,265.31,92.12,254.23,1922,0,83,-,20,16.86,1280.5,20.78,1.36,1.18,19.74,31.37,-17.97,0,0,-,1.01,8,35.83,102.5,-5.82,-35.21,25,1.63,-,39,28.71,12.47,8.02,3.24,81.11,35.22,0.05,0.73,65.99,0,34.01,1457.38,3.14,1496,34.82,34,13.33,-11.5,-,11.99,8.34,33.87,8.77,328.85,1386.09,973.47,412.61,-12.03,14.12,14.3,20
Fri Nov 04 06:59:13 GMT-03:00 2022,04-Nov-2022 06:59:14.082,-35.21408233946444,-5.82450354687767,9.331871032714844,8.0,35.62316194540083,102.56665802001953,-0.47,5.37,8.45,0.03,12.94,0.03,-0.04,-0.01,0.06,14.9,7.45,29.4,20.78,94,33.22,23.28,1010.05,14.5,602.4,2,265.31,92.12,254.23,1922,0,83,-,20,15.69,1280.5,20.78,1.36,1.18,19.74,31.37,-17.97,0,0,-,1.01,8,35.62,102.57,-5.82,-35.21,25,1.63,-,39,28.71,12.47,8.02,3.24,81.11,35.22,0,0.65,66.01,0,33.99,1457.38,3.14,1497,33.59,34,13.33,-10.5,-,11.99,8.34,33.87,8.77,328.85,1387.08,974.47,412.61,-12.03,14.12,14.3,20
Fri Nov 04 06:59:14 GMT-03:00 2022,04-Nov-2022 06:59:15.081,-35.21398977890477,-5.824520577501274,8.886314392089844,8.0,35.499844056316974,102.67304229736328,-0.33,5.1,8.29,0,12.94,0.01,-0.05,0,0.02,14.9,7.45,29.4,20.78,94,33.21,23.29,1010.11,14.5,602.4,2,264.96,88.99,254.24,1922,0,83,-,19.22,15.69,1264.5,20.78,1.36,1.14,19.07,31.37,-17.97,0,0,-,1.01,8,35.5,102.67,-5.82,-35.21,26,2.59,-,39,29.72,12.47,8.02,3.13,83.96,35.22,0,0,66.04,0,33.96,1456.51,3.14,1497,31.99,31,13.33,-12,-,12.01,8.33,33.92,8.77,328.85,1388.09,975.48,412.61,-12.11,13.98,14.3,19
Fri Nov 04 06:59:15 GMT-03:00 2022,04-Nov-2022 06:59:16.081,-35.21391080624504,-5.824535642081292,8.63603401184082,8.0,35.370384338021836,102.74917602539062,-0.85,5.36,8.01,-0,13.73,0,-0.09,-0.03,0.02,14.9,7.45,29.4,20.78,94,33.21,23.3,1010.11,14.5,598.5,2,264.65,109.76,254.24,1922,0,83,-,28.24,21.18,948,20.78,1.36,1.29,21.44,31.37,-16.41,0,0,-,1.01,8,35.37,102.75,-5.82,-35.21,26,1.99,-,39,24.1,12.47,8.02,3.52,68.07,35.22,0,0,66.06,0,33.94,1454.84,3.92,1499,31.09,30,13.73,3,-,12.02,8.32,33.95,8.78,328.86,1389.11,976.5,412.61,-11.78,14.06,14.3,19
Fri Nov 04 06:59:16 GMT-03:00 2022,04-Nov-2022 06:59:17.082,-35.21383540725676,-5.82455078263791,8.42730712890625,8.0,35.241526061980956,102.55493927001953,-0.82,5.36,8.39,0.03,13.33,0.02,-0.03,-0.01,0.05,14.9,7.45,13.53,20.78,94,33.2,23.3,1010.12,14.5,598.5,0.92,264.34,111.81,254.25,1922,0,83,-,27.84,22.35,959,20.78,1.36,1.27,21.14,31.37,-17.97,0,0,-,1.01,8,35.24,102.55,-5.82,-35.21,24,2.09,-,39,23.66,12.47,8.02,3.47,66.82,35.22,0.87,0.09,66.09,0,33.91,1453.62,3.14,1500,30.34,29,13.73,3,-,12.03,8.31,33.98,8.79,328.87,1390.08,977.47,412.61,-10.93,13.98,14.4,20
Fri Nov 04 06:59:17 GMT-03:00 2022,04-Nov-2022 06:59:18.081,-35.21376130071805,-5.824565367489559,8.22042179107666,6.0,35.084072460229265,102.83999633789062,0.03,4.98,8.03,-0.03,13.33,-0.01,0.01,-0.01,0,14.9,7.45,13.28,20.78,94,33.2,23.31,1010.11,14.5,598.5,0.9,264.05,115.66,254.26,1922,0,83,-,28.63,22.75,958,20.78,1.36,1.27,21.14,31.37,-17.97,0,0,-,1.01,6,35.08,102.84,-5.82,-35.21,26,1.34,-,39,22.87,12.47,8.02,3.47,64.6,35.22,0.87,0.09,66.11,0,33.89,1452.42,3.14,1501,29.59,29,13.73,2,-,12.04,8.31,34.01,8.8,328.88,1391.08,978.47,412.61,-10.97,13.98,14.2,21
Fri Nov 04 06:59:18 GMT-03:00 2022,04-Nov-2022 06:59:19.082,-35.213691173833624,-5.8245792182914355,7.981377601623535,6.0,34.951802830320275,104.23291778564453,-0.45,5.34,8.43,0.03,13.33,-0.01,-0.02,0,0,14.9,7.45,13.26,20.78,94,33.2,23.31,1010.13,14.5,593.1,0.9,264.05,115.66,254.26,1922,0,83,-,28.63,22.75,958,20.78,1.36,1.27,21.14,31.37,-17.97,0,0,-,1.01,6,34.95,104.23,-5.82,-35.21,27,1.34,-,39,22.87,12.47,8.02,3.47,64.6,35.22,0.86,0.12,66.14,0,33.86,1452.42,3.14,1501,28.73,29,13.73,2,-,12.04,8.31,34.01,8.8,328.88,1392.09,979.48,412.61,-10.97,14.08,14.4,21
Fri Nov 04 06:59:19 GMT-03:00 2022,04-Nov-2022 06:59:20.082,-35.21362249357229,-5.8245994050319405,7.703420162200928,6.0,34.927936378151166,108.50997161865234,0.48,5.33,8.86,0.07,12.94,0.09,0,0.02,0.1,14.9,7.45,13.27,20.78,94,33.19,23.31,1010.1,14.5,593.1,0.9,263.75,116.33,254.26,1922,0,84,-,28.63,22.75,953,20.78,1.36,1.28,21.26,31.37,-17.97,0,0,-,1.01,6,34.93,108.51,-5.82,-35.21,27,1.73,-,39,22.74,12.47,8.02,3.49,64.23,35.22,0.86,0.12,66.16,0,33.84,1450.62,3.14,1502,27.73,27,13.73,2,-,12.05,8.3,34.03,8.81,328.89,1393.1,980.49,412.61,-10.94,14.2,14.3,22
Fri Nov 04 06:59:20 GMT-03:00 2022,04-Nov-2022 06:59:21.082,-35.213559806712944,-5.824618163600269,7.131433963775635,6.0,34.80595752893512,114.57579803466797,0.14,6.25,8.72,0.11,18.82,-0.01,0.09,0,-0.01,23.92,7.45,13.25,20.78,94,33.18,23.31,1010.07,14.5,589.4,0.9,263.43,103.11,254.27,1922,0,84,-,23.53,21.57,1040,20.78,1.36,1.05,17.54,31.37,-18.75,0,0,-,1.01,6,34.81,114.58,-5.82,-35.21,25,1.73,-,39,25.65,12.47,8.02,2.88,72.46,35.22,0.86,0.13,66.18,0,33.82,1449.46,9.02,1503,25.67,26,13.33,2,-,12.06,8.29,34.07,8.82,328.9,1394.09,981.48,412.61,-11.55,14.12,14.4,21
Fri Nov 04 06:59:21 GMT-03:00 2022,04-Nov-2022 06:59:22.081,-35.21350336838088,-5.824652020086694,7.437231063842773,6.0,34.818763613421524,120.43189239501953,0.35,6.19,7.89,0.03,18.82,0.02,-0.01,0.08,-0.02,23.92,12.55,13.25,20.78,94,33.17,23.31,1010.11,14.5,589.4,0.9,263.61,355.06,254.27,1922,0,84,-,44.31,36.08,1645,20.78,1.36,3.49,58.17,31.37,-18.75,0,0,-,1.01,6,34.82,120.43,-5.82,-35.21,27,0.33,-,39,7.45,12.47,8.02,9.55,21.04,35.22,0.86,0.13,66.21,0,33.79,1448.12,9.02,1505,26.77,26,20,21.5,-,12.06,8.29,34.06,8.82,328.91,1395.09,982.48,412.61,-5.53,14.08,14.4,31
Fri Nov 04 06:59:22 GMT-03:00 2022,04-Nov-2022 06:59:23.081,-35.21344724452645,-5.824690392355915,7.962124347686768,6.0,34.815034908822,122.42814636230469,-1.11,6.45,7.83,0.05,20.39,0.02,-0.11,0.07,-0.02,27.84,14.51,14.7,20.78,94,33.17,23.31,1010.05,14.5,580,1,263.61,355.06,254.27,1922,0,84,-,44.31,51.76,1645,20.78,1.36,3.49,58.17,31.37,-14.84,0,4.69,-,1.01,6,34.82,122.43,-5.82,-35.21,27,0.33,-,39,7.45,12.47,8.02,9.55,21.04,35.22,0.15,0.82,66.23,0,33.77,1448.12,10.59,1505,28.66,26,20,21.5,-,12.06,8.29,34.06,8.82,328.91,1396.1,983.49,412.61,-5.53,14.08,14.4,31
Fri Nov 04 06:59:23 GMT-03:00 2022,04-Nov-2022 06:59:24.082,-35.2133788665029,-5.824731855402286,8.674126625061035,6.0,34.92184403364316,117.69331359863281,-1.66,5.97,7.49,0,20,0,-0.16,0.03,-0.03,28.24,14.51,14.7,20.78,94,33.17,23.32,1010.07,14.5,580,1,264.11,511.95,251.09,1922,0,84,7.09,66.67,52.94,1591.5,20.78,1.37,5.03,83.87,30.98,-14.84,1.56,0,-,1.01,6,34.92,117.69,-5.82,-35.21,24,1.34,9.5,39,5.17,12.47,8.02,13.77,14.59,35.22,0.73,0.8,66.26,0,33.74,1449.85,10.2,1506,31.23,30,20.39,18.5,42.53,12.05,8.3,34.04,8.83,328.92,1397.09,984.48,412.61,-6.32,14.08,14.3,37
Fri Nov 04 06:59:24 GMT-03:00 2022,04-Nov-2022 06:59:25.083,-35.21330269820998,-5.8247692603012196,9.309020042419434,6.0,35.17932568924124,114.76371765136719,-1.13,5.55,7.93,0,19.22,0,-0.04,0.01,0,14.9,7.45,14.7,20.78,94,33.17,23.33,1010.07,14.5,578.6,1,264.43,425.97,251.09,1922,0,84,7.09,64.31,45.88,1580,20.78,1.37,4.83,80.52,30.98,-14.84,0.78,1.56,-,1.01,6,35.18,114.76,-5.82,-35.21,25,0.77,9.5,39,6.21,12.47,8.02,13.22,17.54,35.22,0.13,0.78,66.28,0,33.72,1452.13,9.41,1507,33.51,32,20,18.5,42.53,12.04,8.3,34.02,8.84,328.92,1398.08,985.47,412.61,-6.38,14.06,14.4,42
Fri Nov 04 06:59:25 GMT-03:00 2022,04-Nov-2022 06:59:26.080,-35.21322496798147,-5.824804308957839,9.4736909866333,4.0,35.273202470226465,113.23810577392578,-1.37,5.47,8.22,0.03,13.33,0.05,-0.05,-0.01,0.08,14.9,7.45,14.7,20.78,94,33.17,23.34,1010.1,14.5,578.6,1,264.36,230.49,251.09,1922,0,84,5.53,40.39,45.88,1497.5,20.78,1.37,2.79,46.47,30.98,-16.41,2.34,3.12,-,1.02,4,35.27,113.24,-5.82,-35.21,25,0.51,7.42,39,11.48,12.47,8.02,7.63,32.42,35.22,0.09,0.76,66.3,0,33.7,1455.49,3.53,1508,34.11,33,15.29,-2.5,35.26,12.04,8.3,34.02,8.84,328.93,1399.08,986.47,412.61,-9.78,14.12,14.3,39
Fri Nov 04 06:59:26 GMT-03:00 2022,04-Nov-2022 06:59:27.080,-35.21314787489827,-5.824836660059537,9.191326141357422,4.0,35.38710948116856,111.76176452636719,-1.22,5.96,7.81,0.02,13.33,0,-0.03,0.03,0,14.9,9.02,14.7,20.78,94,33.17,23.35,1010.08,14.5,578.6,1,264.51,337.45,251.09,1922,0,84,5.53,65.49,33.33,1364.5,20.78,1.37,4.21,70.17,30.98,-16.41,-2.34,3.12,-,1.02,4,35.39,111.76,-5.82,-35.21,25,1.11,7.42,39,7.84,12.47,8.02,11.52,22.14,35.22,0.09,0.76,66.33,0,33.67,1452.98,3.53,1510,33.09,33,15.29,-2.5,35.26,12.04,8.31,34.01,8.86,328.94,1400.09,987.48,412.61,-6.98,14.12,14.3,42
Fri Nov 04 06:59:27 GMT-03:00 2022,04-Nov-2022 06:59:28.082,-35.21306734884028,-5.824867997649432,9.435510635375977,4.0,35.670795756181285,110.42156219482422,-0.73,5.73,7.9,0.01,18.82,0.01,-0.04,0.02,0.01,24.71,12.55,14.7,20.78,94,33.17,23.36,1010.03,14.5,581.2,1,264.59,304.93,251.08,1922,0,84,3.54,54.51,52.16,1460,20.78,1.37,3.8,63.41,30.98,-14.84,-2.34,-3.91,-,1.02,4,35.67,110.42,-5.82,-35.21,26,0.91,4.75,39,8.67,12.47,8.02,10.41,24.5,35.22,0.75,0.8,66.35,0,33.65,1455.38,9.02,1511,33.97,34,20,17,23.17,12.04,8.31,34,8.87,328.95,1401.09,988.47,412.61,-7.05,14.08,14.4,44
Fri Nov 04 06:59:28 GMT-03:00 2022,04-Nov-2022 06:59:29.082,-35.21298731981535,-5.8248977018191415,9.312142372131348,4.0,35.99226005794328,109.98456573486328,-0.53,5.57,8.57,0.05,14.51,0.04,-0.07,-0.03,0.08,14.9,7.45,14.7,20.78,94,33.17,23.36,1010,14.5,581.2,1,264.26,99.22,251.08,1923,0,84,3.54,25.1,27.06,1279.5,20.78,1.37,1.28,21.26,30.98,-15.62,2.34,1.56,-,1.02,4,35.99,109.98,-5.82,-35.21,27,1.97,4.75,39,26.66,12.47,8.02,3.49,75.3,35.22,0.08,0.82,66.38,0,33.62,1453.98,4.71,1512,33.52,32,16.08,-4.5,23.17,12.05,8.3,34.04,8.9,328.96,1402.08,989.47,412.61,-12.17,14.08,14.4,37
Fri Nov 04 06:59:29 GMT-03:00 2022,04-Nov-2022 06:59:30.082,-35.212914208037944,-5.824923705525137,8.639002799987793,4.0,36.26614151746377,109.5303726196289,-0.06,5.16,9.09,0.08,12.94,0,-0.06,-0.09,0.06,14.9,7.45,14.7,20.78,94,33.17,23.36,1009.92,14.5,581.2,1,263.92,92.13,251.09,1923,0,84,3.54,25.1,15.69,1279.5,20.78,1.38,1.11,18.58,30.98,-17.97,2.34,1.56,-,1.02,4,36.27,109.53,-5.82,-35.21,26,1.97,4.75,39,28.71,12.47,8.02,3.05,81.09,35.22,0.83,0.8,66.4,0,33.6,1450.88,2.75,1513,31.1,32,13.73,-4.5,23.17,12.06,8.29,34.08,8.9,328.98,1403.09,990.48,412.61,-12.17,14.06,14.4,31
Fri Nov 04 06:59:30 GMT-03:00 2022,04-Nov-2022 06:59:31.082,-35.21285174776791,-5.824946138309269,7.4623517990112305,4.0,36.635605741278816,109.21746063232422,-0.22,4.96,8.5,0.02,12.94,0.01,-0.07,-0.05,0.06,14.9,7.45,14.7,20.78,94,33.16,23.37,1009.92,14.5,584.4,1,263.92,92.13,251.09,1923,0,84,3.54,50.2,15.69,961.5,20.78,1.38,1.11,18.58,30.98,-17.19,0,0,-,1.02,4,36.64,109.22,-5.82,-35.21,26,4.1,4.75,39,28.71,12.47,8.02,3.05,81.09,35.22,0.86,0.79,66.42,0,33.58,1450.88,2.75,1513,26.86,27,14.12,1.5,23.17,12.06,8.29,34.08,8.9,328.98,1404.1,991.49,412.61,-12.17,14.06,14.3,31
Fri Nov 04 06:59:31 GMT-03:00 2022,04-Nov-2022 06:59:32.082,-35.21279776044974,-5.824965558289682,6.382017135620117,4.0,36.807279504529824,109.44811248779297,-0.96,4.17,9.09,0.04,13.73,0.03,-0.04,-0.05,0.08,14.9,7.45,13.76,20.78,94,33.14,23.36,1009.89,14.5,584.4,0.94,263.66,134.97,251.1,1923,0,84,-,27.06,22.75,1088.5,20.78,1.38,1.38,22.96,30.98,-17.19,0,0,-,1.02,4,36.81,109.45,-5.82,-35.21,27,4.86,-,39,19.6,12.47,8.02,3.77,55.36,35.22,0.86,0.77,66.45,0,33.55,1450.88,3.92,1515,22.98,22,13.73,8,-,12.07,8.28,34.1,8.92,328.98,1405.08,992.47,412.61,-10.67,14.06,14.3,30
Fri Nov 04 06:59:32 GMT-03:00 2022,04-Nov-2022 06:59:33.081,-35.21275206317026,-5.824982699707191,5.417910575866699,4.0,36.85282270022209,109.96820831298828,-0.77,5.39,8.23,0.02,13.33,0.04,-0.07,0.01,0.05,14.9,7.45,13.53,20.78,94,33.13,23.36,1009.9,14.5,584.4,0.92,263.45,157.3,251.1,1923,0,84,-,28.24,22.35,977,20.78,1.38,1.31,21.81,30.98,-17.97,0,0,-,1.02,4,36.85,109.97,-5.82,-35.21,25,3.98,-,39,16.81,12.47,8.02,3.58,47.5,35.22,0.85,0.77,66.47,0,33.53,1447.25,3.53,1516,19.5,19,13.73,5,-,12.08,8.28,34.11,8.92,329,1406.09,993.48,412.61,-11.29,14.08,14.4,28
Fri Nov 04 06:59:33 GMT-03:00 2022,04-Nov-2022 06:59:34.082,-35.21270731476045,-5.824998887206123,5.058701038360596,4.0,36.810354214250324,109.38179779052734,-0.5,5.66,7.51,-0.03,13.33,-0.03,-0.02,0,-0.02,14.9,7.45,13.74,20.78,94,33.11,23.36,1009.91,14.5,584.5,0.93,263.28,177.56,251.1,1923,0,84,-,28.24,22.75,983,20.78,1.38,1.28,21.26,30.98,-17.97,0,0,-,1.02,4,36.81,109.38,-5.82,-35.21,28,2.5,-,39,14.9,12.47,8.02,3.49,42.08,35.22,0.85,0.77,66.5,0,33.5,1447.25,3.53,1517,18.21,17,13.73,5,-,12.08,8.28,34.12,8.92,329,1407.08,994.47,412.61,-11.01,14.08,14.3,27
Fri Nov 04 06:59:34 GMT-03:00 2022,04-Nov-2022 06:59:35.083,-35.212662840415234,-5.825014742856939,5.102637767791748,4.0,36.82595167010236,109.42225646972656,-0.32,6.27,7.87,0.04,13.33,-0.04,-0.05,0.04,-0.08,14.9,7.45,14.7,20.78,94,33.11,23.36,1009.9,14.5,584,1,263.28,177.56,251.1,1923,0,84,-,50.59,22.75,983,20.78,1.38,1.28,21.26,30.98,-14.84,-1.56,2.34,-,1.02,4,36.83,109.42,-5.83,-35.21,26,2.5,-,38,14.9,12.47,8.02,3.49,42.08,35.22,0.09,0.85,66.52,0,33.48,1447.25,9.41,1517,18.37,17,19.61,21,-,12.08,8.28,34.12,8.92,329,1408.09,995.48,412.61,-11.01,14.12,14.3,27
Fri Nov 04 06:59:35 GMT-03:00 2022,04-Nov-2022 06:59:36.082,-35.21261336580416,-5.825032643907896,5.687163829803467,4.0,36.84074359982533,109.63176727294922,-0.2,6.3,7.44,0.01,19.22,0,-0.02,0.06,-0.03,24.71,12.55,14.7,20.78,94,33.09,23.35,1009.85,14.5,584,1,264.06,656.75,251.1,1923,0,84,3.76,55.69,46.67,1619,20.78,1.38,4.22,70.35,30.98,-14.84,-1.56,-1.56,-,1.02,4,36.84,109.63,-5.83,-35.21,27,1.63,5.04,38,4.03,12.47,8.02,11.55,11.38,35.22,0.09,0.79,66.54,0,33.46,1448.05,9.41,1519,20.47,20,18.43,20,22.17,12.07,8.28,34.1,8.95,329.03,1409.1,996.49,412.61,-3.05,14.08,14.4,39
Fri Nov 04 06:59:36 GMT-03:00 2022,04-Nov-2022 06:59:37.082,-35.212559952202874,-5.825052889032627,6.346083641052246,4.0,37.0422031658423,111.78515625,-0.47,6.63,7.47,0.03,19.22,0,-0.02,0.09,-0.06,29.02,14.9,14.7,20.78,94,33.08,23.35,1009.87,14.5,586.7,1,264.82,645.72,251.1,1923,0,84,3.76,66.27,50.98,1559,20.78,1.38,4.88,81.38,30.98,-14.84,0.78,-0.78,-,1.02,4,37.04,111.79,-5.83,-35.21,26,1.53,5.04,38,4.1,12.47,8.02,13.36,11.57,35.22,0.71,0.77,66.57,0,33.43,1446.99,8.24,1520,22.85,22,20.78,18.5,22.17,12.06,8.29,34.08,8.95,329.03,1410.1,997.49,412.61,-6.46,14.06,14.4,43
Fri Nov 04 06:59:37 GMT-03:00 2022,04-Nov-2022 06:59:38.083,-35.21249962062478,-5.825078324923675,7.300118446350098,3.0,37.08078409748439,112.41822814941406,-1.19,6.27,7.3,0,20.78,0,-0.04,0.06,-0.04,29.41,15.29,14.7,20.78,94,33.07,23.35,1009.83,14.5,586.7,1,265.58,644.14,247.92,1923,0,84,8.14,69.8,56.08,1630,20.78,1.38,5.36,89.3,30.59,-14.84,0,-0.78,-,1.03,3,37.08,112.42,-5.83,-35.21,27,3.15,10.92,38,4.11,12.47,8.02,14.66,11.6,35.22,0.71,0.77,66.59,0,33.41,1449.9,10.98,1521,26.28,26,20.78,18.5,47.69,12.06,8.29,34.06,8.96,329.04,1411.11,998.5,412.61,-5.34,14.06,14.4,48
Fri Nov 04 06:59:38 GMT-03:00 2022,04-Nov-2022 06:59:39.081,-35.21243130251377,-5.825107848778775,8.17658805847168,3.0,37.12684763936516,112.45098114013672,-0.62,6.14,7.54,0,21.96,0,-0.07,0.09,-0.07,30.98,15.29,14.7,20.78,94,33.07,23.35,1009.81,14.5,593,1,265.58,644.14,247.92,1923,0,84,8.14,69.8,56.08,1630,20.78,1.38,5.36,89.3,30.59,-14.84,0,0,-,1.03,3,37.13,112.45,-5.83,-35.21,29,3.15,10.92,38,4.11,12.47,8.02,14.66,11.6,35.22,0.76,0.75,66.61,0,33.39,1447.7,12.16,1521,29.44,26,21.96,18,47.69,12.06,8.29,34.06,8.96,329.04,1412.09,999.48,412.61,-5.34,14.14,14.3,48
Fri Nov 04 06:59:39 GMT-03:00 2022,04-Nov-2022 06:59:40.081,-35.212356490342124,-5.825139587524925,8.97507095336914,3.0,37.203800191816484,112.51261901855469,-0.68,6.14,6.73,-0.06,22.35,0,-0.08,0.09,-0.06,30.98,16.08,14.7,20.78,94,33.06,23.36,1009.8,14.5,593,1,266.24,597.84,247.91,1923,0,84,9.22,74.12,60,1679,20.78,1.39,5.88,97.94,30.59,-14.84,0,-1.56,-,1.03,3,37.2,112.51,-5.83,-35.21,29,1.56,12.36,37,4.42,12.47,8.02,16.08,12.5,35.22,0.73,0.74,66.64,0,33.36,1451.16,12.16,1522,32.31,31,22.75,17,52.44,12.05,8.3,34.04,8.98,329.06,1413.08,1000.47,412.61,-4.89,14.08,14.4,52
Fri Nov 04 06:59:40 GMT-03:00 2022,04-Nov-2022 06:59:41.083,-35.21227607570862,-5.8251735326004965,9.703783988952637,3.0,37.365699150654926,112.41060638427734,-0.92,5.86,7.4,-0.02,21.18,0.01,-0.09,0.05,-0.01,29.8,15.29,14.7,20.78,94,33.07,23.37,1009.74,14.5,602.5,1,266.71,499.54,247.91,1923,0,84,9.22,74.12,60.39,1664,20.78,1.39,5.85,97.58,30.59,-14.84,0,-1.56,-,1.03,3,37.37,112.41,-5.83,-35.21,30,1.69,12.36,37,5.29,12.47,8.02,16.02,14.96,35.22,0.74,0.73,66.66,0,33.34,1452.16,11.37,1524,34.93,34,21.96,17,52.44,12.04,8.3,34.02,8.98,329.06,1414.1,1001.49,412.61,-5.24,14.06,14.3,55
Fri Nov 04 06:59:41 GMT-03:00 2022,04-Nov-2022 06:59:42.082,-35.212190453000055,-5.825209094749284,10.251983642578125,3.0,37.522416903991314,112.04535675048828,-0.81,5.97,7.75,0.01,21.18,0.04,-0.1,0.1,-0.01,29.8,15.29,14.7,20.78,94,33.07,23.38,1009.74,14.5,602.5,1,267.02,419.92,247.9,1923,0,84,10.13,70.98,58.82,1599,20.78,1.39,5.4,89.97,30.59,-14.84,0,-1.56,-,1.03,3,37.52,112.05,-5.83,-35.21,28,1.07,13.59,37,6.3,12.47,8.02,14.77,17.79,35.22,0.69,0.72,66.69,0,33.31,1456.17,11.37,1524,36.91,36,21.18,17,60.51,12.04,8.31,34.01,9,329.06,1415.08,1002.47,412.61,-5.88,14.08,14.3,56
Fri Nov 04 06:59:42 GMT-03:00 2022,04-Nov-2022 06:59:43.081,-35.21210120239049,-5.825245448837035,10.769017219543457,4.0,37.741303630040726,111.70453643798828,-0.24,6.21,7.02,-0.03,21.18,-0.08,-0.08,0.02,-0.11,30.59,15.69,14.7,20.78,94,33.08,23.39,1009.72,14.5,602.5,1,267.29,404.92,244.72,1923,0,84,7.66,70.98,58.43,1622,20.78,1.4,5.51,91.85,30.2,-14.84,0,-1.56,-,1.03,4,37.74,111.7,-5.83,-35.21,29,0.23,10.27,37,6.53,12.47,8.02,15.08,18.45,35.22,0.69,0.72,66.71,0,33.29,1457.28,10.98,1526,38.77,39,21.18,17,45.07,12.03,8.31,34,9,329.08,1416.1,1003.49,412.61,-5.34,14.08,14.3,57
Fri Nov 04 06:59:43 GMT-03:00 2022,04-Nov-2022 06:59:44.082,-35.21200569801965,-5.825283254125413,11.333565711975098,4.0,37.86812715156994,111.18453979492188,-0.65,5.95,6.59,-0.08,21.57,-0.07,0,0.03,-0.1,30.2,15.29,14.7,20.78,94,33.09,23.41,1009.72,14.5,614.1,1,267.5,373.77,244.72,1923,0,84,7.66,71.76,59.22,1615.5,20.78,1.4,5.51,91.85,30.2,-14.84,1.56,0.78,-,1.04,4,37.87,111.18,-5.83,-35.21,30,2.23,10.27,36,7.08,12.47,8.02,15.08,19.99,35.22,0.62,0.7,66.73,0,33.27,1461.84,11.37,1527,40.8,41,21.96,18,45.07,12.03,8.31,33.98,9.02,329.08,1417.09,1004.48,412.61,-5.5,14.06,14.3,58
Fri Nov 04 06:59:44 GMT-03:00 2022,04-Nov-2022 06:59:45.084,-35.21190580377085,-5.825321991781584,11.831727027893066,4.0,38.01276116019189,110.7950210571289,-0.7,5.54,7.29,-0.05,21.18,-0.02,-0.03,0.03,-0.03,29.41,15.29,14.7,20.78,94,33.1,23.43,1009.74,14.5,614.1,1,267.6,316.17,244.72,1923,0,84,7.34,63.92,58.43,1595.5,20.78,1.4,4.9,81.68,30.2,-14.84,0,0.78,-,1.04,4,38.01,110.8,-5.83,-35.21,28,1.2,9.84,36,8.37,12.47,8.02,13.41,23.63,35.22,0.75,0.7,66.76,0,33.24,1462.92,10.98,1528,42.59,42,21.57,-2.5,43.92,12.03,8.31,33.97,9.02,329.1,1418.09,1005.47,412.61,-6.47,14.12,14.4,57
Fri Nov 04 06:59:45 GMT-03:00 2022,04-Nov-2022 06:59:46.083,-35.21180396233619,-5.825360350359907,12.01645278930664,4.0,38.14102946513245,110.32673645019531,-0.35,5,7.9,-0.04,15.69,-0.03,-0.01,0,-0.02,14.9,7.45,14.7,20.78,94,33.1,23.43,1009.67,14.5,614.1,1,267.6,316.17,244.72,1923,0,84,7.34,63.92,29.8,1595.5,20.78,1.4,4.9,81.68,29.8,-14.84,0,0.78,-,1.04,4,38.14,110.33,-5.83,-35.21,29,1.2,9.84,36,8.37,12.47,8.02,13.41,23.63,35.22,0.08,0.69,66.78,0,33.22,1462.92,5.88,1529,43.26,42,19.22,-2.5,43.92,12.03,8.31,33.97,9.05,329.1,1419.08,1006.47,412.61,-6.47,14.08,14.4,57
Fri Nov 04 06:59:46 GMT-03:00 2022,04-Nov-2022 06:59:47.082,-35.21170336493564,-5.8253978345661785,11.891871452331543,3.0,38.14714699442012,110.2075424194336,-0.31,4.9,7.8,-0.05,15.69,-0.05,0,-0.02,-0.03,14.9,7.45,14.7,20.78,94,33.11,23.44,1009.63,14.5,614.1,1,267.32,125.89,241.54,1923,0,84,7.34,30.98,29.8,1471.5,20.78,1.4,2,33.32,29.8,-16.41,4.69,3.12,-,1.04,3,38.15,110.21,-5.83,-35.21,29,1.26,9.84,37,21.01,12.47,8.02,5.47,59.35,35.22,0.78,0.69,66.8,0,33.2,1459.05,5.88,1529,42.81,42,14.51,0,43.92,12.03,8.31,34,9.05,329.13,1420.09,1007.48,412.61,-11.18,13.94,14.3,49
Fri Nov 04 06:59:47 GMT-03:00 2022,04-Nov-2022 06:59:48.085,-35.2116040215491,-5.825435067636823,11.707463264465332,3.0,38.05489520126625,111.0215072631836,1.21,5.38,8.92,0.08,13.33,0.04,0.1,-0.04,0.09,14.9,7.45,14.7,20.78,94,33.12,23.46,1009.64,14.5,622.7,1,266.96,88.15,241.54,1923,0,84,7.34,19.61,15.69,1447.5,20.78,1.4,1.4,23.33,29.8,-16.41,0.78,2.34,-,1.04,3,38.05,111.02,-5.83,-35.21,24,1.81,9.84,37,30.01,12.47,8.02,3.83,84.76,35.22,0.07,0.69,66.83,0,33.17,1459.05,3.53,1531,42.15,41,13.73,-6,43.92,12.05,8.3,34.04,9.07,329.13,1421.09,1008.48,412.61,-11.98,14.12,14.3,41
Fri Nov 04 06:59:48 GMT-03:00 2022,04-Nov-2022 06:59:49.082,-35.211511616310005,-5.8254762407399125,11.204623222351074,3.0,38.22768529159501,116.99779510498047,1.94,6,8.28,0.07,13.33,0,0.05,0,0,14.9,7.45,14.7,20.78,94,33.13,23.47,1009.66,14.5,622.7,1,266.59,81.1,241.55,1923,0,84,-,21.18,17.25,1360.5,20.78,1.4,1.26,20.95,29.8,-17.97,0,0,-,1.04,3,38.23,117,-5.83,-35.21,24,3.15,-,37,32.61,12.47,8.02,3.44,92.12,35.22,0.03,0.62,66.85,0,33.15,1455.25,3.14,1532,40.34,39,15.69,19.5,-,12.07,8.29,34.09,9.07,329.15,1422.1,1009.49,412.61,-12.2,14.08,14.3,34
Fri Nov 04 06:59:49 GMT-03:00 2022,04-Nov-2022 06:59:50.082,-35.211421038983524,-5.825515197353822,11.003918647766113,6.0,38.15806325632339,126.59837341308594,1.73,5.57,8.94,0.1,14.9,0.08,0.19,0,0.09,21.18,10.98,16.65,20.78,94,33.13,23.47,1009.68,14.5,623.5,1.13,266.49,216.63,241.56,1923,0,84,-,21.18,29.02,1360.5,20.78,1.4,3.19,53.24,29.8,-16.41,0,0,-,1.04,6,38.16,126.6,-5.83,-35.21,20,3.15,-,37,12.21,12.47,8.02,8.74,34.49,35.22,0.03,0.62,66.87,0,33.13,1455.25,5.1,1533,39.61,39,15.69,19.5,-,12.07,8.29,34.09,9.07,329.15,1423.09,1010.48,412.61,-8.26,14.08,14.3,36
Fri Nov 04 06:59:50 GMT-03:00 2022,04-Nov-2022 06:59:51.081,-35.21134121472948,-5.825570660899786,10.883597373962402,6.0,38.17238264232969,138.63424682617188,0.79,6.37,8.59,0.1,14.9,-0.02,0.27,0.03,-0.08,21.18,10.98,16.65,20.78,94,33.13,23.48,1009.64,14.5,623.2,1.13,266.49,216.63,241.56,1923,0,84,-,57.65,29.02,1304,20.78,1.4,3.19,53.24,29.8,-14.84,0,0,-,1.04,6,38.17,138.63,-5.83,-35.21,24,0.61,-,37,12.21,12.47,8.02,8.74,34.49,35.22,0.84,0.16,66.9,0,33.1,1455.25,5.1,1533,39.18,39,18.43,18,-,12.07,8.29,34.09,9.1,329.15,1424.08,1011.47,412.61,-8.26,14.08,14.4,36
Fri Nov 04 06:59:51 GMT-03:00 2022,04-Nov-2022 06:59:52.080,-35.21126901018193,-5.825644007783793,11.355573654174805,8.0,38.08558108651974,150.25701904296875,1.21,5.51,8.59,0.06,18.43,0.04,0.13,0,0.06,24.71,12.55,14.24,20.78,94,33.14,23.5,1009.65,14.5,623.2,0.97,266.5,271.16,238.38,1923,0,85,6.24,58.82,48.63,1473,20.78,1.41,4,66.64,29.41,-14.84,-1.56,-2.34,-,1.04,8,38.09,150.26,-5.83,-35.21,21,1.82,8.37,37,9.75,12.47,8.02,10.94,27.55,35.22,0.34,0.41,66.92,0,33.08,1454.52,8.63,1535,40.88,41,18.82,18.5,40.44,12.07,8.29,34.09,9.1,329.18,1425.08,1012.47,412.61,-6.35,14.08,14.3,41
Fri Nov 04 06:59:52 GMT-03:00 2022,04-Nov-2022 06:59:53.080,-35.211222153714644,-5.825740227416897,11.757150650024414,8.0,37.319163279044645,157.0463104248047,0.16,5.05,7.25,-0.09,18.82,-0.04,-0.02,-0.05,0,25.49,12.94,14.7,20.78,94,33.15,23.52,1009.73,14.5,623.2,1,266.54,288.11,238.38,1923,0,85,6.24,60.78,47.84,1522,20.78,1.41,4.47,74.43,29.41,-14.84,3.91,0.78,-,1.04,8,37.32,157.05,-5.83,-35.21,23,2.12,8.37,36,9.18,12.47,8.02,12.22,25.93,35.22,0.79,0.73,66.94,0,33.06,1459.25,8.63,1536,42.33,43,19.22,19.5,40.44,12.06,8.29,34.08,9.1,329.18,1426.09,1013.48,412.61,-6.45,14.08,14.3,44
Fri Nov 04 06:59:53 GMT-03:00 2022,04-Nov-2022 06:59:54.081,-35.211188622255555,-5.82585416741966,12.829866409301758,8.0,37.12455738849612,160.6581573486328,-0.39,5.94,8.58,0.08,18.82,0.06,-0.02,0.04,0.06,25.88,13.33,14.7,20.78,94,33.17,23.54,1009.78,14.5,623.1,1,266.56,276.51,235.2,1923,0,85,10.61,60.78,49.41,1549,20.78,1.41,4.5,74.92,29.02,-14.84,3.91,0.78,-,1.04,8,37.12,160.66,-5.83,-35.21,22,3.67,14.23,36,9.57,12.47,8.02,12.3,27.02,35.22,0.79,0.73,66.97,0,33.03,1464.3,9.02,1537,46.19,46,19.22,19.5,65.4,12.06,8.29,34.07,9.14,329.18,1427.09,1014.48,412.61,-6.68,14.08,14.4,47
Fri Nov 04 06:59:54 GMT-03:00 2022,04-Nov-2022 06:59:55.085,-35.21115288828703,-5.825973088901266,13.461631774902344,8.0,36.88521964119355,162.93096923828125,-0.74,5.56,7.52,-0.03,18.82,0.06,-0.04,0.07,0.04,25.88,13.33,14.7,20.78,94,33.17,23.54,1009.84,14.5,624.6,1,266.56,276.51,235.2,1923,0,85,10.61,62.75,49.41,1549,20.78,1.41,4.5,74.92,29.02,-14.84,-0.78,3.12,-,1.04,8,36.89,162.93,-5.83,-35.21,18,3.67,14.23,36,9.57,12.47,8.02,12.3,27.02,35.22,0.17,0.73,66.99,0,33.01,1458.59,9.02,1537,48.46,46,20,18.5,65.4,12.06,8.29,34.07,9.14,329.22,1428.11,1015.5,412.61,-6.68,14.08,14.5,47
Fri Nov 04 06:59:55 GMT-03:00 2022,04-Nov-2022 06:59:56.081,-35.21111518129575,-5.826100679278973,13.985654830932617,6.0,36.508455135568035,163.0772247314453,-0.33,5.81,7.54,-0.02,19.61,-0.02,-0.01,0.03,-0.04,27.06,13.73,14.7,20.78,94,33.19,23.56,1009.85,14.5,624.6,1,266.58,275.5,232.02,1923,0,85,13.72,64.31,52.55,1571,20.78,1.41,4.79,79.85,28.63,-14.84,2.34,0.78,-,1.05,6,36.51,163.08,-5.83,-35.21,20,1.54,18.4,36,9.6,12.47,8.02,13.11,27.12,35.22,0.74,0.72,67.01,0,32.99,1464.06,9.8,1539,50.35,50,20,18.5,83.38,12.06,8.29,34.07,9.17,329.25,1429.09,1016.48,412.61,-6.31,14,14.4,49
Fri Nov 04 06:59:56 GMT-03:00 2022,04-Nov-2022 06:59:57.082,-35.2110783740321,-5.826231273131631,14.546560287475586,6.0,35.81434332486418,163.19308471679688,-0.59,5.54,7.91,-0,15.29,0.01,-0.03,0.01,0.02,14.9,13.73,14.7,20.78,94,33.21,23.58,1009.83,14.5,624.6,1,266.55,249.59,232.02,1923,0,85,13.72,61.96,51.76,1584,20.78,1.41,4.72,78.64,28.63,-14.84,0.78,2.34,-,1.05,6,35.81,163.19,-5.83,-35.21,18,1.65,18.4,36,10.6,12.47,8.02,12.91,29.94,35.22,0.14,0.71,67.04,0,32.96,1465.19,5.49,1540,52.37,52,18.43,-2.5,83.38,12.06,8.29,34.06,9.17,329.25,1430.09,1017.48,412.61,-6.55,14.08,14.4,50
Fri Nov 04 06:59:57 GMT-03:00 2022,04-Nov-2022 06:59:58.082,-35.21104030080266,-5.826364810195862,14.961664199829102,6.0,35.3661063411433,163.43031311035156,-0.63,5.09,7.5,-0.06,15.29,-0.07,-0.05,-0.04,-0.04,14.9,7.45,14.7,20.78,94,33.24,23.61,1009.91,14.5,624.6,1,266.2,93.88,232.02,1923,0,85,9.49,27.84,29.02,1427,20.78,1.41,1.85,30.76,28.63,-14.84,6.25,4.69,-,1.05,6,35.37,163.43,-5.83,-35.21,18,0.63,12.73,36,28.17,12.47,8.02,5.05,79.59,35.22,0.78,0.71,67.06,0,32.94,1470.98,5.49,1541,53.86,53,13.33,0.5,63.54,12.07,8.28,34.1,9.2,329.25,1431.08,1018.47,412.61,-11.42,14.14,14.4,42
Fri Nov 04 06:59:58 GMT-03:00 2022,04-Nov-2022 06:59:59.082,-35.21100355140889,-5.8264988522257735,15.115707397460938,6.0,34.911127435158356,164.00128173828125,-0.35,5.71,7.82,-0,15.69,0.02,-0.02,0.02,0.02,21.96,11.37,14.7,20.78,94,33.24,23.61,1009.98,14.5,628,1,266.2,93.88,232.02,1923,0,85,9.49,27.84,29.8,1427,20.78,1.41,1.85,30.76,28.63,-17.97,6.25,4.69,-,1.05,6,34.91,164,-5.83,-35.21,18,0.63,12.73,36,28.17,12.47,8.02,5.05,79.59,35.22,0.78,0.71,67.08,0,32.92,1466.12,5.49,1542,54.42,53,13.33,0.5,63.54,12.07,8.28,34.1,9.2,329.28,1432.08,1019.47,412.61,-11.42,14.14,14.3,42
Fri Nov 04 06:59:59 GMT-03:00 2022,04-Nov-2022 07:00:00.083,-35.210965870430684,-5.826636039471241,15.42345142364502,6.0,34.416332423879254,164.9273681640625,-0.02,5.13,8.02,-0.02,14.12,-0.02,0.01,-0.03,0,14.9,7.45,14.7,20.78,94,33.26,23.64,1010.05,14.5,628,1,265.9,114.36,232.03,1923,0,85,3.19,36.47,23.92,1350.5,20.78,1.42,2.29,38.19,28.63,-16.41,6.25,3.91,-,1.05,6,34.42,164.93,-5.83,-35.21,21,0.42,4.28,37,23.13,12.47,8.02,6.27,65.34,35.22,0.8,0.7,67.1,0,32.9,1471.99,4.31,1542,55.52,54,15.29,23,22.58,12.08,8.28,34.13,9.23,329.28,1433.11,1020.49,412.61,-10.25,14.08,14.3,39
Fri Nov 04 07:00:00 GMT-03:00 2022,04-Nov-2022 07:00:01.080,-35.210930977552,-5.826775783043032,15.594985961914062,6.0,33.90346492365224,165.78436279296875,-1.04,5.52,8.92,0.09,12.94,-0.08,-0.07,-0.05,-0.05,14.9,7.45,14.7,20.78,94,33.29,23.66,1010.1,14.5,628.5,1,265.48,58,232.03,1923,0,85,5.82,21.96,16.08,1287,20.78,1.42,1.18,19.74,28.63,-17.97,0,0,-,1.05,6,33.9,165.78,-5.83,-35.21,25,0.52,7.81,37,45.6,12.47,8.02,3.24,128.82,35.22,0.83,0.7,67.13,0,32.87,1472.99,3.14,1543,56.14,55,13.33,1.5,43.22,12.08,8.28,34.13,9.23,329.31,1434.1,1021.49,412.61,-12.17,14.14,14.4,33
Fri Nov 04 07:00:01 GMT-03:00 2022,04-Nov-2022 07:00:02.082,-35.21089724556057,-5.826914603040545,15.612041473388672,6.0,33.444594330469094,166.01895141601562,-0.17,4.67,7.75,-0.07,12.94,-0.07,0,-0.08,-0.02,14.9,7.45,14.7,20.78,94,33.32,23.69,1010.15,14.5,628.5,1,265.07,58.53,232.03,1923,0,85,5.82,19.61,16.08,1303.5,20.78,1.42,1.22,20.28,28.63,-17.97,-3.12,-0.78,-,1.05,6,33.44,166.02,-5.83,-35.21,22,1.14,7.81,37,45.19,12.47,8.02,3.33,127.66,35.22,0.08,0.7,67.15,0,32.85,1472.99,3.14,1544,56.2,55,13.33,-8.5,43.22,12.09,8.27,34.14,9.26,329.31,1435.08,1022.47,412.61,-11.99,14.12,14.3,29
Fri Nov 04 07:00:02 GMT-03:00 2022,04-Nov-2022 07:00:03.081,-35.210863886604926,-5.8270509371445565,15.363286018371582,6.0,32.941940297569154,166.29356384277344,-0.9,4.49,9.74,0.11,12.94,-0.01,-0.03,-0.17,0.08,14.9,7.45,14.7,20.78,94,33.34,23.72,1010.2,14.5,628.5,1,264.66,58.53,232.03,1923,0,85,5.82,19.22,15.69,1310.5,20.78,1.42,1.22,20.28,28.63,-17.97,0,-0.78,-,1.05,6,32.94,166.29,-5.83,-35.21,22,3.2,7.81,37,45.19,12.47,8.02,3.33,127.66,35.22,0.08,0.7,67.17,0,32.83,1467.94,3.14,1546,55.31,53,13.33,-8.5,43.22,12.09,8.27,34.14,9.26,329.34,1436.09,1023.48,412.61,-12.02,14.12,14.3,26
Fri Nov 04 07:00:03 GMT-03:00 2022,04-Nov-2022 07:00:04.082,-35.210835456810955,-5.827179490052663,14.19362735748291,4.0,32.46574454066992,168.7882537841797,-0.06,5.43,7.44,-0.05,13.73,-0.06,0,0,-0.05,14.9,7.45,29.4,20.78,94,33.36,23.74,1010.31,14.5,628,2,264.29,78.43,235.21,1923,0,85,-,19.22,14.9,1793.5,20.78,1.42,1.57,26.19,29.02,-17.97,0,0,-,1.05,4,32.47,168.79,-5.83,-35.21,24,7.31,-,37,33.73,12.47,8.02,4.3,95.27,35.23,0,0,67.2,0,32.8,1467.94,3.92,1547,51.1,48,13.33,-8.5,-,12.11,8.26,34.2,9.29,329.34,1437.08,1024.47,412.61,-11.32,14.06,14.3,25
Fri Nov 04 07:00:04 GMT-03:00 2022,04-Nov-2022 07:00:05.081,-35.2108212722258,-5.827304030996749,13.570505142211914,4.0,31.93842001151778,177.1170654296875,2.15,5.4,8.59,0.07,13.73,0.24,0.17,0.03,0.26,14.9,7.45,29.4,20.78,94,33.38,23.76,1010.39,14.5,628,2,263.92,81.56,235.22,1923,0,85,-,22.75,15.69,1692.5,20.78,1.42,1.48,24.67,29.02,-17.19,0,0,-,1.05,4,31.94,177.12,-5.83,-35.21,23,3.1,-,37,32.43,12.47,8.02,4.05,91.61,35.23,0,0,67.22,0,32.78,1463.19,3.53,1548,48.85,48,14.12,-3,-,12.12,8.25,34.25,9.29,329.37,1438.09,1025.48,412.61,-12.31,14.04,14.3,22
Fri Nov 04 07:00:05 GMT-03:00 2022,04-Nov-2022 07:00:06.082,-35.21082788756806,-5.827427199973691,13.579140663146973,4.0,31.527436195848694,186.72434997558594,2.82,6.08,8.85,0.14,17.65,0.13,0.3,0.05,0.08,23.53,12.16,15.07,20.78,94,33.38,23.76,1010.4,14.5,628,1.03,263.92,81.56,235.22,1923,0,85,-,22.75,38.04,1692.5,20.78,1.42,1.48,24.67,29.02,-14.84,0,0,-,1.05,4,31.53,186.72,-5.83,-35.21,27,3.1,-,37,32.43,12.47,8.02,4.05,91.61,35.23,0.03,0.03,67.24,0,32.76,1463.19,7.84,1549,48.88,48,18.43,27,-,12.12,8.25,34.25,9.32,329.37,1439.09,1026.48,412.61,-12.31,14.08,14.3,22
Fri Nov 04 07:00:06 GMT-03:00 2022,04-Nov-2022 07:00:07.082,-35.21082905462851,-5.8275533225173755,14.163566589355469,6.0,31.39874803137145,191.9497833251953,0.34,5.54,8.37,0.04,17.65,-0.02,0.02,0,-0.01,23.53,12.16,15.07,20.78,94,33.39,23.78,1010.45,14.5,628,1.03,263.81,210.25,235.23,1923,0,85,-,52.16,38.04,1618.5,20.78,1.42,3.82,63.59,29.02,-14.84,0,0,-,1.05,6,31.4,191.95,-5.83,-35.21,23,0.12,-,37,12.58,12.47,8.02,10.44,35.54,35.23,0.82,0.12,67.26,0,32.74,1464.14,7.84,1549,50.99,49,18.43,20,-,12.12,8.25,34.25,9.32,329.4,1440.09,1027.48,412.61,-8.51,14.08,14.3,27
Fri Nov 04 07:00:07 GMT-03:00 2022,04-Nov-2022 07:00:08.082,-35.210865361456705,-5.8276804516816405,14.320846557617188,6.0,31.276484794556303,195.14210510253906,-0.05,5.09,7.02,-0.1,18.04,-0.11,0,-0.04,-0.09,23.92,11.76,13.63,20.78,94,33.42,23.8,1010.46,14.5,623.1,0.93,263.63,173.6,228.87,1923,0,84,9.54,47.45,43.14,1466,20.78,1.42,3.22,53.6,28.24,-14.84,0,0,-,1.05,6,31.28,195.14,-5.83,-35.21,23,0.01,12.79,37,15.24,12.47,8.02,8.8,43.04,35.23,0.82,0.12,67.29,0,32.71,1469.62,7.84,1551,51.56,51,16.86,2,62.14,12.13,8.25,34.25,9.35,329.4,1441.09,1028.47,412.61,-9.22,14.08,14.3,29
Fri Nov 04 07:00:08 GMT-03:00 2022,04-Nov-2022 07:00:09.083,-35.21090313415416,-5.827807742418052,14.578509330749512,6.0,31.410533058400596,197.7063446044922,-0.07,5.37,8.74,0.06,15.29,0.02,0,0,0.04,14.9,7.45,13.58,20.78,94,33.44,23.83,1010.49,14.5,623.1,0.92,263.28,85.1,228.87,1923,0,84,9.54,25.49,27.06,1371.5,20.78,1.42,1.64,27.35,28.24,-15.62,0,0,-,1.05,6,31.41,197.71,-5.83,-35.21,25,0.56,12.79,37,31.08,12.47,8.02,4.49,87.79,35.23,0.87,0.14,67.31,0,32.69,1465.17,5.49,1552,52.48,51,13.73,-1,62.14,12.14,8.24,34.3,9.35,329.43,1442.1,1029.49,412.61,-11.53,14.14,14.3,27
Fri Nov 04 07:00:09 GMT-03:00 2022,04-Nov-2022 07:00:10.083,-35.21094457800766,-5.827931305311332,14.362493515014648,6.0,31.23917288252604,198.03326416015625,-0.62,5.22,8.15,0,12.94,-0.01,-0.04,-0.02,0.01,14.9,7.45,13.59,20.78,94,33.44,23.83,1010.54,14.5,619.1,0.92,262.88,63.12,228.88,1923,0,84,9.54,25.49,15.69,1314.5,20.78,1.42,1.22,20.28,28.24,-17.97,0,0,-,1.05,6,31.24,198.03,-5.83,-35.21,24,0.56,12.79,37,41.91,12.47,8.02,3.33,118.38,35.23,0.87,0.14,67.33,0,32.67,1465.17,3.14,1553,51.7,51,13.73,-1,62.14,12.14,8.23,34.3,9.37,329.43,1443.08,1030.47,412.61,-12.15,14.14,14.4,24
Fri Nov 04 07:00:10 GMT-03:00 2022,04-Nov-2022 07:00:11.083,-35.21098412528999,-5.828049865462925,13.853754997253418,6.0,31.141415292691185,197.55104064941406,-0.77,3.87,8.53,-0.03,12.94,-0.02,-0.05,-0.17,0.07,14.9,7.45,29.4,20.78,94,33.46,23.85,1010.59,14.5,617.1,2,262.88,63.12,228.88,1923,0,84,9.54,19.61,15.69,1314.5,20.78,1.42,1.22,20.28,28.24,-17.97,0,0,-,1.05,6,31.14,197.55,-5.83,-35.21,25,1.7,12.79,37,41.91,12.47,8.02,3.33,118.38,35.23,0.01,0.84,67.35,0,32.65,1460.62,3.14,1553,49.87,50,13.33,-10.5,62.14,12.14,8.23,34.3,9.37,329.46,1444.1,1031.49,412.61,-12.15,14.1,14.3,24
Fri Nov 04 07:00:11 GMT-03:00 2022,04-Nov-2022 07:00:12.081,-35.21101919911403,-5.828161272763702,12.48250961303711,6.0,30.980180614269017,196.05905151367188,-1.97,4.19,9.44,0.08,12.94,0.07,-0.18,-0.13,0.14,14.9,7.45,29.4,20.78,94,33.47,23.87,1010.63,14.5,617.1,2,262.51,79.85,228.88,1923,0,84,-,19.22,14.51,1627.5,20.78,1.42,1.51,25.16,28.24,-17.19,0,0,-,1.06,6,30.98,196.06,-5.83,-35.21,24,6.87,-,37,33.13,12.47,8.02,4.13,93.58,35.23,0,0,67.38,0,32.62,1460.62,3.14,1555,44.94,43,14.12,-7,-,12.16,8.22,34.36,9.4,329.46,1445.09,1032.47,412.61,-11.45,14.08,14.4,23
Fri Nov 04 07:00:12 GMT-03:00 2022,04-Nov-2022 07:00:13.082,-35.211047409128966,-5.828255363411722,10.727744102478027,6.0,30.987730521376236,188.61244201660156,-2.75,4.58,8.6,0.04,13.33,0.05,-0.26,-0.07,0.08,14.9,7.45,29.4,20.78,94,33.47,23.88,1010.64,14.5,617.1,2,262.16,87.9,228.89,1923,0,84,-,19.22,16.08,1518,20.78,1.43,1.43,23.82,28.24,-17.19,0,0,-,1.06,6,30.99,188.61,-5.83,-35.21,23,6.94,-,37,30.09,12.47,8.02,3.91,85,35.23,0,0,67.4,0,32.6,1456.46,3.53,1556,38.62,38,13.73,-8.5,-,12.18,8.21,34.4,9.4,329.48,1446.09,1033.48,412.61,-12.17,14.08,14.3,21
Fri Nov 04 07:00:13 GMT-03:00 2022,04-Nov-2022 07:00:14.081,-35.2110611543053,-5.828346016966217,10.102702140808105,6.0,31.286212124130824,177.90969848632812,-1.51,4.87,8.57,0.03,13.33,0.01,-0.13,-0.06,0.05,14.9,7.45,29.4,20.78,94,33.48,23.89,1010.68,14.5,617.1,2,261.82,92.34,228.9,1923,0,84,-,19.22,15.69,1424.5,20.78,1.43,1.33,22.11,28.24,-17.19,0,0,-,1.06,6,31.29,177.91,-5.83,-35.21,22,3.62,-,37,28.64,12.47,8.02,3.63,80.91,35.23,0,0,67.42,0,32.58,1456.46,3.53,1557,36.37,35,13.73,-10,-,12.19,8.2,34.44,9.4,329.48,1447.08,1034.47,412.61,-12.18,14.06,14.3,19
Fri Nov 04 07:00:14 GMT-03:00 2022,04-Nov-2022 07:00:15.081,-35.21105602276804,-5.8284346366753255,9.794876098632812,6.0,31.20560454235135,171.83387756347656,0.03,6.28,7.54,0.01,16.86,-0.02,0.03,0,-0.01,23.14,12.16,18.6,20.78,94,33.48,23.89,1010.68,14.5,612,1.27,261.82,92.34,228.9,1923,0,84,-,19.22,35.69,1424.5,20.78,1.43,1.33,22.11,28.24,-17.97,0,0,-,1.06,6,31.21,171.83,-5.83,-35.21,21,3.62,-,37,28.64,12.47,8.02,3.63,80.91,35.23,0,0,67.44,0,32.56,1456.46,7.06,1557,35.26,35,13.73,-10,-,12.19,8.2,34.44,9.43,329.48,1448.09,1035.48,412.61,-12.18,14.06,14.4,19
Fri Nov 04 07:00:15 GMT-03:00 2022,04-Nov-2022 07:00:16.082,-35.21104302613252,-5.828525425332472,10.164597511291504,6.0,31.058586877475086,177.7469024658203,1.24,6.3,7.47,0.02,19.61,0,0.14,0.08,-0.05,29.02,14.9,13.66,20.78,94,33.48,23.9,1010.66,14.5,612,0.93,261.99,342.75,235.27,1923,0,84,-,62.35,54.51,1342.5,20.78,1.43,4.54,75.59,29.02,-14.84,0,0,-,1.06,6,31.06,177.75,-5.83,-35.21,22,1.26,-,37,7.72,12.47,8.02,12.41,21.8,35.23,0.87,0.09,67.47,0,32.53,1451.75,9.8,1558,36.59,34,19.61,17,-,12.19,8.2,34.43,9.43,329.51,1449.09,1036.48,412.61,-6.04,14.06,14.3,29
Fri Nov 04 07:00:16 GMT-03:00 2022,04-Nov-2022 07:00:17.081,-35.211040924673426,-5.828622315400715,10.915489196777344,6.0,30.417105476948514,188.3472137451172,1.4,6.46,7.87,0.06,20.78,0,0.14,0.08,-0.05,30.59,15.69,13.85,20.78,94,33.48,23.9,1010.61,14.5,603.6,0.94,262.24,390.07,235.27,1923,0,84,3.68,68.24,58.04,1550.5,20.78,1.43,5.01,83.57,29.02,-14.84,0,0,-,1.06,6,30.42,188.35,-5.83,-35.21,21,1.59,4.94,37,6.78,12.47,8.02,13.72,19.15,35.23,0.82,0.75,67.49,0,32.51,1455.46,10.98,1559,39.3,35,20.78,18,22.67,12.18,8.21,34.42,9.43,329.51,1450.08,1037.47,412.61,-4.58,14.06,14.4,38
Fri Nov 04 07:00:17 GMT-03:00 2022,04-Nov-2022 07:00:18.082,-35.21105790862284,-5.828723909061249,11.69306468963623,6.0,30.36619546890742,197.52244567871094,0.01,6.25,8.35,0.07,20.78,0.06,0.01,0.07,0.03,30.59,15.69,14.7,20.78,94,33.48,23.92,1010.6,14.5,603.6,1,262.57,427.26,235.26,1923,0,84,3.68,71.76,58.04,1658,20.78,1.43,5.65,94.23,29.02,-14.84,1.56,0.78,-,1.06,6,30.37,197.52,-5.83,-35.21,22,1.3,4.94,37,6.19,12.47,8.02,15.47,17.49,35.23,0.71,0.8,67.51,0,32.49,1459.49,11.76,1560,42.1,38,21.96,18,22.67,12.18,8.21,34.4,9.46,329.51,1451.09,1038.48,412.61,-4.81,14.12,14.4,45
Fri Nov 04 07:00:18 GMT-03:00 2022,04-Nov-2022 07:00:19.082,-35.21108983701112,-5.828822995330771,12.120779991149902,6.0,30.19356340721647,200.71005249023438,-0.96,5.62,8.63,0.07,20.78,-0.01,-0.08,0,-0.01,28.24,12.94,14.7,20.78,94,33.49,23.93,1010.59,14.5,603.6,1,262.44,197.65,232.08,1923,0,84,3.68,39.22,53.33,1447,20.78,1.43,2.84,47.33,28.63,-14.84,4.69,0.78,-,1.06,6,30.19,200.71,-5.83,-35.21,21,2.1,4.94,37,13.38,12.47,8.02,7.77,37.8,35.23,0.71,0.8,67.53,0,32.47,1458.79,11.76,1562,43.63,40,21.96,18,22.67,12.18,8.21,34.4,9.46,329.55,1452.1,1039.49,412.61,-9.95,14.12,14.4,41
Fri Nov 04 07:00:19 GMT-03:00 2022,04-Nov-2022 07:00:20.081,-35.21112510850522,-5.828922909673832,11.969148635864258,6.0,30.37133310758624,199.38011169433594,-0.65,5.41,8.48,0.04,15.29,0.02,-0.05,0,0.05,14.9,7.45,14.7,20.78,94,33.5,23.94,1010.59,14.5,600.5,1,262.1,91.83,232.08,1923,0,84,-,39.22,25.88,1335.5,20.78,1.44,1.39,23.15,28.63,-16.41,4.69,5.47,-,1.06,6,30.37,199.38,-5.83,-35.21,19,3.09,-,36,28.8,12.47,8.02,3.8,81.36,35.23,0.08,0.76,67.56,0,32.44,1458.79,5.49,1563,43.09,40,14.9,24,-,12.19,8.2,34.44,9.46,329.55,1453.08,1040.47,412.61,-11.96,14.08,14.3,35
Fri Nov 04 07:00:20 GMT-03:00 2022,04-Nov-2022 07:00:21.083,-35.21115714841559,-5.829014762188401,11.227705955505371,6.0,29.508314392974732,198.6044158935547,-0.43,5.8,8.73,0.08,12.94,0.02,-0.16,0,0.01,14.9,7.45,14.7,20.78,94,33.51,23.96,1010.57,14.5,600.5,1,261.74,79.75,232.09,1923,0,84,-,27.06,16.08,1340.5,20.78,1.44,1.21,20.1,28.63,-17.97,2.34,4.69,-,1.06,6,29.51,198.6,-5.83,-35.21,21,4.09,-,36,33.17,12.47,8.02,3.3,93.69,35.23,0.86,0.75,67.58,0,32.42,1458.79,3.14,1564,40.42,39,13.33,3,-,12.21,8.19,34.49,9.5,329.58,1454.09,1041.48,412.61,-12.11,14.08,14.3,31
Fri Nov 04 07:00:21 GMT-03:00 2022,04-Nov-2022 07:00:22.084,-35.21119150072804,-5.829110467811354,11.109806060791016,6.0,29.5093270115934,199.39381408691406,-1.63,5.96,7.8,0.03,17.65,0.01,-0.15,0.04,-0.01,23.53,12.16,14.7,20.78,94,33.51,23.96,1010.59,14.5,600.5,1,261.74,79.75,232.09,1923,0,84,-,27.06,42.35,1340.5,20.78,1.44,1.21,20.1,28.63,-15.62,2.34,1.56,-,1.06,6,29.51,199.39,-5.83,-35.21,22,4.09,-,36,33.17,12.47,8.02,3.3,93.69,35.23,0.59,0.74,67.6,0,32.4,1453.56,7.84,1565,40,39,18.04,18,-,12.21,8.19,34.49,9.5,329.58,1455.08,1042.47,412.61,-12.11,14.06,14.4,31
Fri Nov 04 07:00:22 GMT-03:00 2022,04-Nov-2022 07:00:23.082,-35.21122509576498,-5.829205527395833,11.330292701721191,6.0,29.537514049187955,199.59002685546875,-0.62,5.43,7.66,-0.03,17.65,-0.03,-0.11,0,-0.03,23.53,12.16,14.7,20.78,94,33.51,23.97,1010.64,14.5,600.5,1,261.81,297.93,232.1,1923,0,84,-,67.06,42.35,1458,20.78,1.44,4.39,73.21,28.63,-15.62,0,-0.78,-,1.06,6,29.54,199.59,-5.83,-35.21,24,0,-,36,8.88,12.47,8.02,12.02,25.08,35.23,0.75,0.74,67.62,0,32.38,1457.78,7.84,1565,40.79,40,20.78,17,-,12.21,8.19,34.49,9.5,329.58,1456.08,1043.47,412.61,-5.82,14.08,14.4,38
Fri Nov 04 07:00:23 GMT-03:00 2022,04-Nov-2022 07:00:24.083,-35.21126119958454,-5.829304988837666,11.66512680053711,6.0,29.677804198003663,199.8008575439453,-1.26,6,7.28,-0.02,20,-0.02,-0.11,0.05,-0.07,26.27,13.33,14.7,21.18,94,33.52,23.99,1010.61,14.5,602.4,1,261.94,327.45,232.1,1923,0,84,7.41,67.84,55.29,1546.5,21.18,1.44,4.95,82.53,28.63,-14.84,3.12,1.56,-,1.07,6,29.68,199.8,-5.83,-35.21,24,1.21,9.93,36,8.08,12.47,8.02,13.55,22.82,35.23,0.74,0.74,67.65,0,32.35,1462.2,10.2,1567,41.99,42,20.39,18,45.74,12.2,8.19,34.48,9.53,329.58,1457.08,1044.47,412.61,-5.51,14.2,14.4,44
Fri Nov 04 07:00:24 GMT-03:00 2022,04-Nov-2022 07:00:25.081,-35.21129861946777,-5.829403360102638,11.952080726623535,6.0,29.76881752184464,200.12013244628906,-0.86,5.06,7.14,-0.09,19.61,0.02,-0.07,0.02,0.01,25.49,12.94,14.7,21.18,94,33.54,24,1010.56,14.5,602.4,1,262,290.23,232.09,1923,0,84,7.41,63.92,54.12,1505.5,21.18,1.44,4.61,76.81,28.63,-14.84,1.56,3.12,-,1.07,6,29.77,200.12,-5.83,-35.21,24,1.01,9.93,36,9.11,12.47,8.02,12.61,25.74,35.23,0.14,0.77,67.67,0,32.33,1461.48,9.8,1568,43.03,43,19.61,18,45.74,12.2,8.2,34.47,9.53,329.61,1458.08,1045.47,412.61,-6.61,14.08,14.3,46
Fri Nov 04 07:00:25 GMT-03:00 2022,04-Nov-2022 07:00:26.083,-35.211338446038205,-5.8295035627847485,12.150158882141113,6.0,29.939358666417302,200.1581573486328,-1.38,5.21,7.96,-0.01,17.25,-0.01,-0.12,-0.02,0,14.9,7.45,14.7,21.18,94,33.55,24.02,1010.59,14.5,602.4,1,261.75,136.68,232.09,1923,0,84,2.59,37.25,41.18,1399,21.18,1.44,2.22,37.03,28.63,-14.84,0.78,3.12,-,1.07,6,29.94,200.16,-5.83,-35.21,23,0.03,3.47,36,19.35,12.47,8.02,6.08,54.66,35.23,0.14,0.77,67.69,0,32.31,1461.48,7.45,1569,43.74,43,14.51,-1.5,17.65,12.21,8.19,34.49,9.53,329.61,1459.09,1046.48,412.61,-10.59,14.08,14.3,41
Fri Nov 04 07:00:26 GMT-03:00 2022,04-Nov-2022 07:00:27.082,-35.211377938967125,-5.829602606978867,11.908405303955078,6.0,30.106777953779172,199.3047332763672,-1.46,5.88,8.78,0.1,13.33,0.01,-0.12,-0.02,0.03,14.9,7.45,14.7,21.18,94,33.55,24.02,1010.53,14.5,607.5,1,261.75,136.68,232.09,1923,0,84,2.59,37.25,16.08,1399,21.18,1.44,2.22,37.03,28.63,-17.97,0.78,4.69,-,1.07,6,30.11,199.3,-5.83,-35.21,23,0.03,3.47,36,19.35,12.47,8.02,6.08,54.66,35.23,0.09,0.76,67.71,0,32.29,1461.48,3.14,1569,42.87,43,14.51,-1.5,17.65,12.21,8.19,34.49,9.57,329.65,1460.11,1047.5,412.61,-10.59,14.12,14.3,41
Fri Nov 04 07:00:27 GMT-03:00 2022,04-Nov-2022 07:00:28.082,-35.21141619352941,-5.829698211712166,11.560676574707031,6.0,30.26654405782989,200.97943115234375,-0.27,4.82,8.08,-0.03,12.94,-0.04,-0.01,-0.06,0,14.9,7.45,15.91,21.18,94,33.56,24.03,1010.56,14.5,607.5,1.08,261.38,75.98,235.28,1923,0,84,2.59,19.22,16.08,1329.5,21.18,1.44,1.24,20.59,29.02,-17.97,0,0,-,1.07,6,30.27,200.98,-5.83,-35.21,22,1.87,3.47,37,34.81,12.47,8.02,3.38,98.33,35.24,0.63,0.75,67.73,0,32.27,1456.08,3.14,1570,41.62,41,13.33,-10.5,17.65,12.23,8.18,34.54,9.57,329.65,1461.09,1048.48,412.61,-12.16,14.08,14.4,35
Fri Nov 04 07:00:28 GMT-03:00 2022,04-Nov-2022 07:00:29.082,-35.211456526823554,-5.829786913791958,10.986685752868652,6.0,30.260865637847,204.2952880859375,-0.29,5.17,8.57,0.03,12.94,0,0,-0.01,0.01,14.9,7.45,29.4,21.18,94,33.56,24.05,1010.5,14.5,608,2,261.01,77.1,235.29,1923,0,84,2.59,18.82,15.69,1330,21.18,1.44,1.2,19.92,29.02,-17.97,0,0,-,1.07,6,30.26,204.3,-5.83,-35.21,22,2.62,3.47,37,34.31,12.47,8.02,3.27,96.91,35.24,0,0.7,67.76,0,32.24,1456.08,3.14,1571,39.55,39,13.33,-10.5,17.65,12.25,8.17,34.59,9.57,329.65,1462.08,1049.47,412.61,-12.11,14.08,14.3,30
Fri Nov 04 07:00:29 GMT-03:00 2022,04-Nov-2022 07:00:30.084,-35.211494860079355,-5.829867140254896,10.397375106811523,6.0,30.307826715025218,207.53506469726562,-0.46,6.22,7.37,-0,18.43,-0.01,-0.03,0.07,-0.06,25.49,7.45,29.4,21.18,94,33.57,24.06,1010.49,14.5,608,2,260.65,81.79,235.3,1923,0,84,-,20,15.69,1312.5,21.18,1.44,1.21,20.1,29.02,-15.62,0,0,-,1.07,6,30.31,207.54,-5.83,-35.21,21,1.55,-,37,32.34,12.47,8.02,3.3,91.35,35.24,0,0,67.78,0,32.22,1456.08,8.63,1572,37.43,38,13.33,-10.5,-,12.26,8.15,34.64,9.6,329.65,1463.09,1050.48,412.61,-12.09,14.06,14.4,27
Fri Nov 04 07:00:30 GMT-03:00 2022,04-Nov-2022 07:00:31.081,-35.21154056509372,-5.829948962287509,10.828030586242676,4.0,30.40321109577927,207.9288330078125,-1.76,5.66,7.56,-0.01,18.43,0,-0.13,0.01,-0.01,25.49,12.94,29.4,21.18,94,33.57,24.07,1010.5,14.5,608,2,260.76,317.72,235.31,1923,0,84,2.6,64.31,51.37,1495,21.18,1.45,4.56,76.08,29.02,-15.62,0,0,-,1.07,4,30.4,207.93,-5.83,-35.21,24,1.57,3.49,36,8.32,12.47,8.02,12.49,23.52,35.24,0,0,67.8,0,32.2,1455.29,8.63,1574,38.98,39,13.33,-10.5,16.6,12.26,8.16,34.63,9.6,329.68,1464.08,1051.47,412.61,-5.26,14.06,14.4,36
Fri Nov 04 07:00:31 GMT-03:00 2022,04-Nov-2022 07:00:32.082,-35.21158701082364,-5.830035449008059,11.260970115661621,4.0,30.378620995212486,205.19442749023438,-1.95,5.78,7.71,0.01,20.78,-0.01,-0.16,0.02,-0.04,29.8,15.29,14.7,21.18,94,33.58,24.08,1010.45,14.5,607.4,1,260.98,369.56,235.3,1923,0,84,8.54,70.2,55.69,1631.5,21.18,1.45,5.45,90.82,29.02,-14.84,0.78,0,-,1.07,4,30.38,205.19,-5.83,-35.21,26,2.02,11.45,36,7.16,12.47,8.02,14.91,20.22,35.24,0.74,0.85,67.82,0,32.18,1459.56,10.2,1575,40.54,41,20,18,50,12.26,8.16,34.62,9.62,329.68,1465.08,1052.47,412.61,-4.85,14.12,14.3,43
Fri Nov 04 07:00:32 GMT-03:00 2022,04-Nov-2022 07:00:33.082,-35.2116241943098,-5.830132454897709,11.66179084777832,4.0,31.04434264074724,201.76043701171875,-0.08,6.02,8.38,0.06,21.57,-0.02,-0.03,0.03,-0.04,30.59,15.69,14.7,21.18,94,33.59,24.1,1010.42,14.5,607.4,1,261.22,379.82,235.3,1923,0,84,8.54,73.33,58.82,1673,21.18,1.45,5.89,98.13,29.02,-14.84,0,-0.78,-,1.08,4,31.04,201.76,-5.83,-35.21,20,1.46,11.45,36,6.96,12.47,8.02,16.11,19.67,35.24,0.59,0.8,67.84,0,32.16,1460.7,11.76,1576,41.98,42,22.75,17,50,12.25,8.16,34.61,9.62,329.7,1466.09,1053.48,412.61,-4.94,14.04,14.4,48
Fri Nov 04 07:00:33 GMT-03:00 2022,04-Nov-2022 07:00:34.083,-35.211666128813306,-5.830235925716069,12.179171562194824,4.0,31.34850333322236,200.46646118164062,-0.21,5.57,7.7,-0.02,23.14,-0.03,-0.05,0.06,-0.08,32.16,16.47,14.7,21.18,94,33.59,24.1,1010.39,14.5,607.4,1,261.53,417.27,235.3,1923,0,84,8.54,73.33,61.18,1849.5,21.18,1.45,6.63,110.43,29.02,-14.06,0,-1.56,-,1.08,4,31.35,200.47,-5.83,-35.21,23,1.46,11.45,36,6.34,12.47,8.02,18.13,17.91,35.24,0.52,0.77,67.87,0,32.13,1460.7,12.94,1577,43.85,42,22.75,17,50,12.25,8.17,34.59,9.64,329.73,1467.1,1054.49,412.61,-4.01,14.04,14.4,54
Fri Nov 04 07:00:34 GMT-03:00 2022,04-Nov-2022 07:00:35.082,-35.2117060219171,-5.830345025693227,12.727598190307617,4.0,31.64752010671672,199.6740264892578,-0.01,5.69,6.73,-0.09,23.14,-0.11,0,0,-0.12,32.16,16.47,14.7,21.18,94,33.6,24.12,1010.31,14.5,616.1,1,261.53,417.27,235.3,1923,0,84,6.14,76.08,61.18,1849.5,21.18,1.45,6.63,110.43,29.02,-14.06,4.69,0.78,-,1.08,4,31.65,199.67,-5.83,-35.21,23,0.15,8.24,36,6.34,12.47,8.02,18.13,17.91,35.24,0.76,0.75,67.89,0,32.11,1461.66,12.94,1577,45.82,44,24.31,16.5,31.72,12.25,8.17,34.59,9.64,329.73,1468.1,1055.48,412.61,-4.01,14.12,14.4,54
Fri Nov 04 07:00:35 GMT-03:00 2022,04-Nov-2022 07:00:36.082,-35.211748838819766,-5.830456175052975,13.199517250061035,4.0,31.90485881436272,200.21359252929688,0.37,5.38,7.47,-0.05,23.92,-0.01,-0.07,0.03,-0.03,31.37,16.08,14.7,21.18,94,33.62,24.14,1010.34,14.5,616.1,1,261.79,392.81,235.3,1923,0,84,11.09,79.61,64.31,1721.5,21.18,1.46,6.53,108.91,29.02,-14.06,0.78,0,-,1.08,4,31.9,200.21,-5.83,-35.21,26,1.18,14.87,36,6.73,12.47,8.02,17.88,19.02,35.24,0.35,0.73,67.91,0,32.09,1466.53,14.12,1579,47.52,47,24.31,15.5,61.49,12.24,8.17,34.58,9.67,329.75,1469.08,1056.47,412.61,-5.14,14.04,14.4,56
Fri Nov 04 07:00:36 GMT-03:00 2022,04-Nov-2022 07:00:37.081,-35.21179420902066,-5.830571337576529,13.537726402282715,4.0,32.2881839683901,201.12554931640625,-0.08,5.88,7.66,-0,22.75,0.06,-0.02,0.03,0.06,30.2,15.29,14.7,21.18,94,33.64,24.16,1010.3,14.5,616.1,1,261.95,340.38,235.29,1923,0,84,11.09,78.04,64.31,1655,21.18,1.46,6.05,100.81,29.02,-14.06,-0.78,0.78,-,1.08,4,32.29,201.13,-5.83,-35.21,23,0.48,14.87,36,7.77,12.47,8.02,16.55,21.95,35.24,0.13,0.72,67.93,0,32.07,1467.55,12.94,1580,48.74,48,23.14,15,61.49,12.24,8.17,34.57,9.67,329.75,1470.08,1057.47,412.61,-5.2,14.06,14.3,58
Fri Nov 04 07:00:37 GMT-03:00 2022,04-Nov-2022 07:00:38.082,-35.211841334270844,-5.830686537428424,13.711100578308105,4.0,32.563506999212805,202.07687377929688,0.65,5.19,8.96,0.07,22.75,0.13,0,0.1,0.09,29.41,14.51,14.7,21.18,94,33.65,24.18,1010.26,14.5,616.1,1,262.02,296.84,235.29,1923,0,84,5.77,72.94,63.14,1585.5,21.18,1.46,5.39,89.78,29.02,-14.06,-1.56,-2.34,-,1.08,4,32.56,202.08,-5.83,-35.21,25,0.26,7.74,36,8.91,12.47,8.02,14.74,25.17,35.24,0.17,0.71,67.95,0,32.05,1472.61,12.94,1581,49.36,49,21.18,17,34.75,12.23,8.17,34.56,9.7,329.75,1471.09,1058.48,412.61,-5.88,14.12,14.3,58
Fri Nov 04 07:00:38 GMT-03:00 2022,04-Nov-2022 07:00:39.081,-35.21189235815112,-5.830803089765676,13.98365306854248,4.0,32.50028755881361,202.8621063232422,-0.02,5.33,7.82,-0.02,17.65,-0.06,0.01,-0.03,-0.04,14.9,7.45,14.7,21.18,94,33.65,24.18,1010.24,14.5,631.5,1,262.02,296.84,235.29,1923,0,84,5.77,72.94,40.78,1585.5,21.18,1.46,5.39,89.78,29.02,-14.84,-1.56,-2.34,-,1.08,4,32.5,202.86,-5.83,-35.21,26,0.26,7.74,36,8.91,12.47,8.02,14.74,25.17,35.24,0.17,0.71,67.98,0,32.02,1468.44,7.84,1581,50.34,49,21.18,17,34.75,12.23,8.17,34.56,9.7,329.78,1472.09,1059.48,412.61,-5.88,14.12,14.4,58
Fri Nov 04 07:00:39 GMT-03:00 2022,04-Nov-2022 07:00:40.083,-35.211943688196705,-5.830920878784281,14.145997047424316,4.0,32.57528544136178,202.4710693359375,-0.91,6.6,8.39,0.1,18.43,0.02,-0.07,0.04,0,24.71,12.55,14.7,21.57,94,33.67,24.2,1010.25,14.5,631.5,1,261.76,132.96,232.11,1923,0,84,2.96,48.63,47.84,1592.5,21.57,1.46,2.46,41.05,28.63,-14.84,6.25,3.12,-,1.08,4,32.58,202.47,-5.83,-35.21,24,0.34,3.97,36,19.89,12.47,8.02,6.74,56.19,35.24,0.8,0.69,68,0,32,1473.6,8.63,1582,50.93,50,18.82,16.5,17.74,12.24,8.17,34.58,9.73,329.78,1473.08,1060.47,412.61,-10.39,14.14,14.4,50
Fri Nov 04 07:00:40 GMT-03:00 2022,04-Nov-2022 07:00:41.082,-35.2119921630222,-5.831042875626305,14.27950668334961,4.0,32.66467854704736,200.36212158203125,-0.36,5.58,7.61,-0.03,17.65,0.02,-0.09,0.04,0,24.31,12.55,14.7,21.57,94,33.69,24.22,1010.2,14.5,635.6,1,261.66,213.05,232.11,1923,0,84,2.96,57.65,44.71,1488,21.57,1.47,4.03,67.12,28.63,-14.84,-2.34,-3.12,-,1.09,4,32.66,200.36,-5.83,-35.21,25,0.93,3.97,36,12.41,12.47,8.02,11.02,35.07,35.24,0.22,0.69,68.02,0,31.98,1469.32,7.84,1583,51.41,50,18.43,19.5,17.74,12.24,8.17,34.58,9.73,329.81,1474.08,1061.46,412.61,-7.8,14.08,14.4,49
Fri Nov 04 07:00:41 GMT-03:00 2022,04-Nov-2022 07:00:42.081,-35.21203748269073,-5.831164367597023,14.408772468566895,4.0,32.77852633646752,198.73353576660156,-0.54,5.56,8.66,0.06,17.65,0.03,0,0.03,0.03,24.71,12.55,14.7,21.57,94,33.71,24.24,1010.17,14.5,635.6,1,261.54,201.26,232.11,1923,0,84,2.85,54.9,44.71,1458,21.57,1.47,3.8,63.41,28.63,-14.84,3.91,0.78,-,1.09,4,32.78,198.73,-5.83,-35.21,25,0.41,3.82,36,13.14,12.47,8.02,10.41,37.12,35.24,0.77,0.68,68.04,0,31.96,1474.56,7.84,1584,51.87,51,18.04,19.5,18.67,12.24,8.17,34.58,9.75,329.84,1475.1,1062.49,412.61,-7.73,14.1,14.4,48
Fri Nov 04 07:00:42 GMT-03:00 2022,04-Nov-2022 07:00:43.082,-35.212078629748056,-5.831289666066994,14.55482292175293,4.0,32.67862589827269,197.5931854248047,-0.46,4.82,6.97,-0.12,17.65,-0.09,-0.05,-0.04,-0.07,24.71,12.55,14.7,21.57,94,33.73,24.27,1010.17,14.5,635.6,1,261.34,157.32,232.11,1923,0,85,3.25,43.53,43.92,1444.5,21.57,1.47,3.03,50.56,28.63,-14.84,0.78,0.78,-,1.09,4,32.68,197.59,-5.83,-35.21,26,0.13,4.36,36,16.81,12.47,8.02,8.3,47.49,35.24,0.77,0.68,68.06,0,31.94,1475.53,7.84,1586,52.4,52,18.04,19.5,21.48,12.25,8.17,34.59,9.75,329.84,1476.09,1063.48,412.61,-8.99,14.1,14.4,45
Fri Nov 04 07:00:43 GMT-03:00 2022,04-Nov-2022 07:00:44.081,-35.21211821756792,-5.831415761056811,14.660615921020508,4.0,32.69544822365497,196.4514923095703,-0.02,5.57,8.47,0.04,13.33,-0.01,0,-0.01,0,14.9,7.45,14.7,21.57,94,33.76,24.29,1010.18,14.5,638.9,1,260.93,59.86,232.12,1923,0,85,3.25,19.61,19.61,1348.5,21.57,1.47,1.18,19.61,28.63,-16.41,0.78,-0.78,-,1.09,4,32.7,196.45,-5.83,-35.21,25,0.4,4.36,36,44.19,12.47,8.02,3.22,124.82,35.24,0.76,0.68,68.08,0,31.92,1475.53,3.53,1587,52.78,52,15.29,0,21.48,12.25,8.16,34.6,9.78,329.87,1477.1,1064.49,412.61,-12.35,14.08,14.3,38
Fri Nov 04 07:00:44 GMT-03:00 2022,04-Nov-2022 07:00:45.082,-35.21215528875572,-5.831541949199399,14.44922161102295,4.0,32.692607563356326,195.23403930664062,-0.63,4.44,8.5,-0.01,12.94,-0.03,-0.08,-0.08,0.02,14.9,7.45,14.7,21.57,94,33.78,24.31,1010.2,14.5,638.9,1,260.53,61.35,232.12,1923,0,85,3.25,18.82,16.08,1291,21.57,1.47,1.21,20.1,28.63,-17.97,-0.78,-2.34,-,1.09,4,32.69,195.23,-5.83,-35.21,26,2.78,4.36,36,43.12,12.47,8.02,3.3,121.8,35.24,0.66,0.67,68.11,0,31.89,1471.12,3.14,1588,52.02,50,13.33,0,21.48,12.25,8.16,34.6,9.78,329.87,1478.09,1065.47,412.61,-12.13,14.08,14.3,32
Fri Nov 04 07:00:45 GMT-03:00 2022,04-Nov-2022 07:00:46.080,-35.21218867877835,-5.831661279052324,13.533536911010742,4.0,32.686594330757494,193.4169158935547,0.15,3.91,8.36,-0.05,12.94,0.07,-0.01,-0.1,0.15,14.9,7.45,14.7,21.57,94,33.78,24.31,1010.22,14.5,638.9,1,260.53,61.35,232.12,1923,0,85,3.25,18.82,15.29,1291,21.57,1.47,1.21,20.1,29.02,-17.97,-0.78,0,-,1.09,4,32.69,193.42,-5.83,-35.21,25,2.78,4.36,36,43.12,12.47,8.02,3.3,121.8,35.24,0.05,0.66,68.13,0,31.87,1471.12,3.14,1589,48.72,50,13.33,-10.5,21.48,12.25,8.16,34.6,9.81,329.87,1479.08,1066.47,412.61,-12.13,14.14,14.3,32
Fri Nov 04 07:00:46 GMT-03:00 2022,04-Nov-2022 07:00:47.082,-35.21221347133008,-5.831769706472626,12.230196952819824,4.0,32.770129614183084,192.29798889160156,-0.43,5.25,7.94,-0.02,12.94,-0.03,-0.01,-0.04,0,14.9,7.45,14.7,21.57,94,33.79,24.33,1010.21,14.5,638.9,1,260.18,81.01,235.3,1923,0,85,-,18.82,15.29,1602.5,21.57,1.47,1.53,25.52,29.02,-17.19,0,0,-,1.09,4,32.77,192.3,-5.83,-35.21,28,5.72,-,36,32.65,12.47,8.02,4.19,92.24,35.24,0,0,68.15,0,31.85,1466.89,3.14,1589,44.03,43,14.12,-7,-,12.27,8.15,34.65,9.81,329.89,1480.08,1067.46,412.61,-11.36,14.14,14.4,30
Fri Nov 04 07:00:47 GMT-03:00 2022,04-Nov-2022 07:00:48.081,-35.21223574660813,-5.8318726406717465,11.61265754699707,4.0,32.828995156694184,192.032470703125,-0.08,5.86,8.22,0.04,13.73,0.03,0,0.08,0,14.9,7.84,29.4,21.57,94,33.79,24.34,1010.23,14.5,638.6,2,260.44,390.26,235.31,1923,0,86,-,59.61,16.86,1598,21.57,1.47,6.34,105.74,29.02,-17.19,0,0,-,1.09,4,32.83,192.03,-5.83,-35.21,27,3.03,-,36,6.78,12.47,8.02,17.36,19.15,35.24,0.85,0.07,68.17,0,31.83,1466.89,3.53,1591,41.81,41,20,15,-,12.26,8.16,34.64,9.84,329.92,1481.08,1068.47,412.61,-4.02,14.14,14.4,40
Fri Nov 04 07:00:48 GMT-03:00 2022,04-Nov-2022 07:00:49.081,-35.212259555665554,-5.831976981599453,11.980938911437988,4.0,32.831658755613915,191.79666137695312,-0.76,6.16,7.61,0.01,19.61,0,-0.02,0.06,-0.02,26.67,13.73,13.81,21.57,94,33.8,24.36,1010.25,14.5,638.6,0.93,260.53,306.26,235.3,1923,0,86,-,63.92,51.37,1571,21.57,1.48,4.75,79.12,29.02,-14.06,0,0,-,1.09,4,32.83,191.8,-5.83,-35.21,24,0.19,-,36,8.64,12.47,8.02,12.99,24.4,35.24,0.84,0.13,68.19,0,31.81,1467.59,9.41,1592,43.13,42,20,18,-,12.26,8.16,34.63,9.84,329.92,1482.11,1069.5,412.61,-6.63,14.12,14.3,43
Fri Nov 04 07:00:49 GMT-03:00 2022,04-Nov-2022 07:00:50.081,-35.212280774474166,-5.8320869225011975,12.476295471191406,4.0,32.86236893654124,192.0205078125,-0.81,5.6,7.16,-0.06,20.39,-0.09,-0.01,-0.05,-0.07,29.02,14.9,13.68,21.57,94,33.82,24.37,1010.24,14.5,638.6,0.93,260.66,325.9,235.3,1923,0,86,8.02,67.45,54.12,1603,21.57,1.48,5.17,86.25,29.02,-14.06,1.56,0,-,1.09,4,32.86,192.02,-5.83,-35.21,25,0.87,10.76,36,8.12,12.47,8.02,14.16,22.93,35.24,0.84,0.13,68.21,0,31.79,1472.06,10.2,1593,44.91,44,21.18,18.5,47.8,12.25,8.16,34.62,9.86,329.92,1483.08,1070.47,412.61,-5.78,14.08,14.3,47
Fri Nov 04 07:00:50 GMT-03:00 2022,04-Nov-2022 07:00:51.082,-35.2123041095437,-5.832200371395196,12.902608871459961,4.0,32.792085187473525,191.31687927246094,-0.7,5.59,8.18,0.02,21.57,0,-0.04,0.05,-0.01,30.2,15.69,14.7,21.57,94,33.82,24.37,1010.24,14.5,633.2,1,260.66,325.9,235.3,1923,0,86,8.02,67.45,58.43,1603,21.57,1.48,5.17,86.25,29.02,-14.06,1.56,3.91,-,1.09,4,32.79,191.32,-5.83,-35.21,25,0.87,10.76,36,8.12,12.47,8.02,14.16,22.93,35.24,0.17,0.81,68.23,0,31.77,1468.44,11.76,1594,46.45,44,21.18,18.5,47.8,12.25,8.16,34.62,9.86,329.94,1484.11,1071.5,412.61,-5.78,14.08,14.4,47
Fri Nov 04 07:00:51 GMT-03:00 2022,04-Nov-2022 07:00:52.082,-35.21232592934749,-5.832322092225283,13.47741413116455,4.0,32.887446082508994,190.110107421875,-0.22,5.31,6.33,-0.15,22.35,-0.23,0.04,-0.14,-0.17,30.98,16.08,14.7,21.57,94,33.83,24.39,1010.13,14.5,633.2,1,260.81,338.55,235.3,1923,0,85,8.78,72.16,62.75,1649,21.57,1.48,5.63,93.86,29.02,-14.06,-0.78,0.78,-,1.1,4,32.89,190.11,-5.83,-35.21,25,0.55,11.78,36,7.81,12.47,8.02,15.41,22.07,35.24,0.09,0.76,68.26,0,31.74,1473.21,12.55,1595,48.52,47,22.75,18,50.87,12.25,8.16,34.61,9.89,329.97,1485.1,1072.49,412.61,-5.2,14.12,14.4,51
Fri Nov 04 07:00:52 GMT-03:00 2022,04-Nov-2022 07:00:53.082,-35.21234718542041,-5.83244554901156,13.877687454223633,4.0,32.986782972074785,188.4970245361328,-0.46,6.17,8.27,0.07,24.71,-0.02,-0.03,0.04,-0.05,31.37,16.08,14.7,21.57,94,33.85,24.41,1010.13,14.5,633.2,1,260.98,344.91,235.3,1923,0,85,8.78,77.65,65.1,1651,21.57,1.48,6.13,102.15,29.02,-14.06,2.34,0.78,-,1.1,4,32.99,188.5,-5.83,-35.21,27,0.48,11.78,36,7.67,12.47,8.02,16.77,21.66,35.24,0.56,0.75,68.28,0,31.72,1474.22,14.51,1595,49.96,49,24.71,15.5,50.87,12.25,8.16,34.6,9.89,329.97,1486.08,1073.47,412.61,-4.66,13.98,14.3,55
Fri Nov 04 07:00:53 GMT-03:00 2022,04-Nov-2022 07:00:54.081,-35.21236596958317,-5.832574846038397,14.310979843139648,4.0,33.14643096734154,187.78558349609375,-0.68,6.09,8.02,0.04,24.71,0.02,-0.05,0.05,0,31.37,16.08,14.7,21.57,94,33.87,24.43,1010.12,14.5,633.2,1,261.22,379.16,235.3,1923,0,85,9.14,80,65.1,1824,21.57,1.49,7.02,117.07,29.02,-14.06,-2.34,0.78,-,1.1,4,33.15,187.79,-5.83,-35.21,24,1.04,12.25,36,6.98,12.47,8.02,19.22,19.71,35.24,0.56,0.75,68.3,0,31.7,1479.38,14.51,1597,51.52,51,24.71,18,47.83,12.24,8.17,34.58,9.91,329.97,1487.08,1074.47,412.61,-3.23,13.98,14.3,60
Fri Nov 04 07:00:54 GMT-03:00 2022,04-Nov-2022 07:00:55.085,-35.2123834086911,-5.832707453934993,14.791815757751465,4.0,33.44209165676478,187.16754150390625,-0.47,5.57,7.56,-0.03,25.88,0,-0.07,0.05,-0.03,30.2,14.51,14.7,21.57,94,33.87,24.43,1010.08,14.5,642.6,1,261.22,379.16,235.3,1923,0,85,9.14,80,63.14,1824,21.57,1.49,7.02,117.07,29.02,-14.06,-2.34,-3.91,-,1.1,4,33.44,187.17,-5.83,-35.21,24,1.04,12.25,36,6.98,12.47,8.02,19.22,19.71,35.24,0.23,0.74,68.32,0,31.68,1475.16,16.08,1597,53.25,51,26.67,18,47.83,12.24,8.17,34.58,9.91,330,1488.09,1075.48,412.61,-3.23,14.02,14.3,60
Fri Nov 04 07:00:55 GMT-03:00 2022,04-Nov-2022 07:00:56.082,-35.212401362141975,-5.83284018654621,15.06391429901123,4.0,33.68086938618466,186.4168243408203,-0.27,6,8.29,0.06,25.88,0.04,-0.01,0.05,0.03,30.2,14.51,14.7,21.57,94,33.89,24.46,1010.08,14.5,642.6,1,261.32,313.69,235.29,1924,0,85,8.54,70.98,63.14,1808.5,21.57,1.49,6.05,100.81,29.02,-14.06,-4.69,-1.56,-,1.1,4,33.68,186.42,-5.83,-35.21,24,0.75,11.45,36,8.43,12.47,8.02,16.55,23.82,35.24,0.1,0.73,68.34,0,31.66,1480.6,16.08,1599,54.23,54,22.75,18.5,45.07,12.24,8.17,34.57,9.94,330.03,1489.08,1076.47,412.61,-5.72,14.08,14.3,60
Fri Nov 04 07:00:56 GMT-03:00 2022,04-Nov-2022 07:00:57.082,-35.21241622909892,-5.8329751894550315,15.322787284851074,4.0,34.02784272091943,185.7720489501953,-0.66,5.65,7.71,-0.01,22.75,-0.03,0,0.03,-0.05,30.2,15.69,14.7,21.57,94,33.91,24.48,1010.04,14.5,652,1,261.4,299.66,235.29,1924,0,85,8.54,74.12,61.18,1740.5,21.57,1.49,6.12,101.96,29.02,-14.06,-3.12,-2.34,-,1.11,4,34.03,185.77,-5.83,-35.21,26,0.23,11.45,36,8.83,12.47,8.02,16.74,24.93,35.24,0.24,0.73,68.36,0,31.64,1476.2,12.55,1600,55.16,54,22.75,17,45.07,12.24,8.17,34.57,9.94,330.03,1490.08,1077.47,412.61,-5.54,14.08,14.4,60
Fri Nov 04 07:00:57 GMT-03:00 2022,04-Nov-2022 07:00:58.083,-35.212428959456,-5.833113256244113,15.533884048461914,4.0,34.44488237005976,184.44837951660156,-0.59,5.96,7.22,-0.03,21.96,-0.04,-0.04,0.04,-0.07,29.8,15.29,14.7,21.57,94,33.94,24.51,1009.95,14.5,652,1,261.43,275.85,235.29,1924,0,85,3.2,71.76,59.61,1671,21.57,1.5,5.63,93.86,29.02,-14.06,-4.69,-2.34,-,1.11,4,34.44,184.45,-5.83,-35.21,27,0.16,4.29,36,9.59,12.47,8.02,15.41,27.09,35.24,0.24,0.73,68.38,0,31.62,1481.73,12.16,1601,55.92,55,21.57,18,18.29,12.23,8.17,34.56,9.97,330.06,1491.08,1078.47,412.61,-5.93,14.08,14.4,60
Fri Nov 04 07:00:58 GMT-03:00 2022,04-Nov-2022 07:00:59.079,-35.21243919354942,-5.8332533182395565,15.703510284423828,4.0,34.92614574350443,182.6063690185547,-0.97,5.49,7.61,-0.03,21.18,-0.02,-0.02,0.04,-0.04,29.8,15.29,14.7,21.57,94,33.94,24.51,1009.91,14.5,652,1,261.43,275.85,235.29,1924,0,85,3.2,71.76,56.86,1671,21.57,1.5,5.63,93.86,29.02,-14.06,-4.69,-6.25,-,1.11,4,34.93,182.61,-5.83,-35.21,25,0.16,4.29,36,9.59,12.47,8.02,15.41,27.09,35.24,0.69,0.73,68.4,0,31.6,1477.22,10.98,1601,56.53,55,21.57,18,18.29,12.23,8.17,34.56,9.97,330.06,1492.08,1079.47,412.61,-5.93,14.16,14.4,60
Fri Nov 04 07:00:59 GMT-03:00 2022,04-Nov-2022 07:01:00.081,-35.212443912485085,-5.833395222956232,15.817339897155762,4.0,35.37332826155656,181.10208129882812,-0.34,5.65,7.69,-0.02,21.18,-0.02,-0.02,0.01,-0.03,29.8,15.29,14.7,21.57,94,33.96,24.53,1009.85,14.5,662.9,1,261.44,267.85,235.29,1924,0,85,3.48,69.02,56.86,1709,21.57,1.5,5.57,92.83,29.02,-14.06,-3.91,-2.34,-,1.11,4,35.37,181.1,-5.83,-35.21,23,0.53,4.67,36,9.87,12.47,8.02,15.24,27.89,35.24,0.13,0.72,68.43,0,31.57,1482.83,10.98,1602,56.94,56,21.57,19.5,19.47,12.23,8.17,34.56,10.01,330.06,1493.09,1080.48,412.61,-5.67,14.08,14.4,60
Fri Nov 04 07:01:00 GMT-03:00 2022,04-Nov-2022 07:01:01.081,-35.212445761368365,-5.833538212499945,15.86996841430664,4.0,35.93720728449451,179.72567749023438,-0.73,6.49,8.31,0.09,21.18,-0.05,0,-0.11,0.01,27.45,14.12,14.7,21.57,94,33.99,24.56,1009.86,14.5,662.9,1,261.27,178.31,235.29,1924,0,85,3.48,46.27,53.73,1791,21.57,1.5,3.78,62.92,29.02,-15.62,-3.91,-2.34,-,1.11,4,35.94,179.73,-5.83,-35.21,24,0.94,4.67,36,14.83,12.47,8.02,10.33,41.9,35.24,0.05,0.71,68.45,0,31.55,1478.2,11.37,1604,57.13,56,16.47,1.5,19.47,12.23,8.17,34.56,10.01,330.09,1494.09,1081.48,412.61,-8.65,14.14,14.4,55
Fri Nov 04 07:01:01 GMT-03:00 2022,04-Nov-2022 07:01:02.082,-35.21244456561053,-5.833678705964608,15.508456230163574,4.0,36.4727884466535,178.50344848632812,-0.55,6.71,8.1,0.09,14.12,0.07,-0.04,0.12,0.01,17.25,9.02,14.7,21.57,94,34.01,24.59,1009.81,14.5,662.9,1,260.92,85.79,235.29,1924,0,85,3.48,24.31,18.82,1825,21.57,1.5,1.82,30.27,29.02,-15.62,1.56,-2.34,-,1.11,4,36.47,178.5,-5.83,-35.21,23,2.13,4.67,36,30.83,12.47,8.02,4.97,87.09,35.24,0.05,0.71,68.47,0,31.53,1478.2,4.31,1605,55.83,55,16.86,28.5,19.47,12.25,8.16,34.61,10.04,330.09,1495.1,1082.49,412.61,-11.82,14.14,14.4,46
Fri Nov 04 07:01:02 GMT-03:00 2022,04-Nov-2022 07:01:03.082,-35.21244015862019,-5.833814251160886,15.169474601745605,6.0,36.897647533752625,177.65492248535156,0.22,5.29,7.19,-0.08,17.25,0.01,-0.01,0.02,0.01,23.92,12.16,14.7,21.96,94,34.01,24.59,1009.79,14.5,662.9,1,260.92,85.79,235.29,1924,0,85,3.48,24.31,32.94,1825,21.96,1.5,1.82,30.27,29.02,-14.84,1.56,5.47,-,1.11,6,36.9,177.65,-5.83,-35.21,22,2.13,4.67,36,30.83,12.47,8.02,4.97,87.09,35.24,0.08,0.71,68.49,0,31.51,1473.59,7.45,1605,54.61,55,16.86,28.5,19.47,12.25,8.16,34.61,10.04,330.12,1496.09,1083.47,412.61,-11.82,14.08,14.4,46
Fri Nov 04 07:01:03 GMT-03:00 2022,04-Nov-2022 07:01:04.082,-35.212432260386244,-5.833946864375908,15.013405799865723,4.0,37.43308550583927,175.5845947265625,1.3,5.09,7.14,-0.09,18.04,-0.09,0.14,-0.04,-0.08,24.31,12.55,14.7,21.96,94,34.04,24.61,1009.7,14.5,665.6,1,260.77,183.49,232.12,1924,0,85,-,41.57,35.69,1862.5,21.96,1.5,3.82,63.59,28.63,-14.06,1.56,0.78,-,1.11,4,37.43,175.58,-5.83,-35.21,24,1.61,-,36,14.41,12.47,8.02,10.44,40.72,35.24,0.48,0.69,68.51,0,31.49,1473.59,7.84,1606,54.05,53,18.43,24,-,12.25,8.16,34.61,10.07,330.12,1497.09,1084.48,412.61,-8.97,14.08,14.4,44
Fri Nov 04 07:01:04 GMT-03:00 2022,04-Nov-2022 07:01:05.081,-35.21241913469799,-5.834080387756518,15.023147583007812,4.0,37.530329934987165,174.6003875732422,0.69,5.73,8.09,0.02,17.65,0.07,0.01,0.05,0.07,23.92,12.16,14.7,23.14,94,34.06,24.63,1009.71,14.5,665.6,1,260.64,196.43,232.12,1924,0,85,-,42.75,34.9,1921.5,23.14,1.51,3.94,65.6,28.63,-14.06,0,-0.78,-,1.12,4,37.53,174.6,-5.83,-35.21,26,1.05,-,36,13.47,12.47,8.02,10.77,38.04,35.24,0.31,0.69,68.53,0,31.47,1469.24,7.84,1607,54.08,53,18.43,24,-,12.25,8.16,34.61,10.07,330.15,1498.09,1085.48,412.61,-8.91,14.1,14.4,42
Fri Nov 04 07:01:05 GMT-03:00 2022,04-Nov-2022 07:01:06.084,-35.21240389851145,-5.834217385181856,15.159174919128418,4.0,37.51341669271542,173.59027099609375,-0.23,5.66,9.16,0.11,17.65,-0.02,-0.01,0.02,-0.03,22.35,12.16,14.7,23.14,94,34.08,24.66,1009.66,14.5,665.6,1,260.51,194.97,232.12,1924,0,85,-,41.18,34.9,1954.5,23.14,1.51,3.91,65.11,28.63,-14.06,1.56,0.78,-,1.12,4,37.51,173.59,-5.83,-35.21,23,0.08,-,36,13.57,12.47,8.02,10.69,38.32,35.24,0.7,0.68,68.55,0,31.45,1474.61,7.84,1608,54.57,54,18.04,24,-,12.25,8.16,34.62,10.1,330.15,1499.09,1086.48,412.61,-9.12,14.1,14.4,41
Fri Nov 04 07:01:06 GMT-03:00 2022,04-Nov-2022 07:01:07.080,-35.21238696121618,-5.834354647409566,15.274921417236328,4.0,37.50450192108968,173.013671875,-0.36,4.97,7.81,-0.04,17.65,0,0,-0.01,0.01,22.35,9.41,14.7,23.14,94,34.1,24.68,1009.67,14.5,665.6,1,260.14,75,232.12,1924,0,85,-,18.43,27.06,1770.5,23.14,1.51,1.53,25.52,28.63,-14.06,-3.12,0.78,-,1.12,4,37.5,173.01,-5.83,-35.21,25,0.57,-,36,35.26,12.47,8.02,4.19,99.61,35.24,0.7,0.68,68.57,0,31.43,1470.21,7.84,1610,54.99,54,18.04,3,-,12.27,8.15,34.67,10.1,330.18,1500.09,1087.47,412.61,-12.43,14.1,14.4,34
Fri Nov 04 07:01:07 GMT-03:00 2022,04-Nov-2022 07:01:08.080,-35.21236884296581,-5.834488828931629,14.97686767578125,4.0,37.48514228103123,172.5463104248047,-0.19,4.67,7.03,-0.13,13.73,-0.1,-0.02,-0.1,-0.04,14.9,7.45,14.7,23.14,94,34.12,24.7,1009.74,14.5,666,1,259.77,73.04,232.13,1924,0,85,-,18.04,14.9,1702,23.14,1.51,1.49,24.85,28.63,-16.41,0,-1.56,-,1.12,4,37.49,172.55,-5.83,-35.21,22,2.99,-,36,36.21,12.47,8.02,4.08,102.3,35.24,0.12,0.67,68.59,0,31.41,1470.21,3.53,1611,53.92,52,14.12,-5.5,-,12.27,8.15,34.67,10.13,330.18,1501.09,1088.48,412.61,-12.27,14.08,14.4,29
Fri Nov 04 07:01:08 GMT-03:00 2022,04-Nov-2022 07:01:09.080,-35.21235005563549,-5.834620674994606,14.58857536315918,4.0,37.36550154632917,172.06924438476562,-0.76,5.28,8.61,0.04,13.73,0,-0.02,-0.05,0.03,14.9,7.45,26.72,23.14,94,34.14,24.73,1009.74,14.5,666,1.82,259.4,77.89,232.13,1924,0,85,-,18.43,14.9,1670,23.14,1.51,1.53,25.52,28.63,-16.41,0,0,-,1.12,4,37.37,172.07,-5.83,-35.21,20,2.92,-,36,33.96,12.48,8.02,4.19,95.93,35.24,0.04,0.66,68.62,0,31.38,1465.82,3.53,1612,52.52,51,14.12,-5.5,-,12.29,8.13,34.72,10.13,330.21,1502.09,1089.48,412.61,-12.12,14.08,14.4,26
Fri Nov 04 07:01:09 GMT-03:00 2022,04-Nov-2022 07:01:10.079,-35.21233069633372,-5.834748061694942,14.128365516662598,4.0,37.17352605026336,170.8918914794922,-0.44,4.84,7.68,-0.06,13.73,0.09,-0.04,-0.01,0.13,14.9,7.45,29.4,23.14,94,34.14,24.73,1009.76,14.5,666,2,259.04,77.9,235.32,1924,0,85,-,18.43,15.29,1661.5,23.14,1.51,1.5,25.03,29.02,-16.41,0,0,-,1.12,4,37.17,170.89,-5.83,-35.21,20,2.92,-,36,33.95,12.48,8.02,4.11,95.91,35.24,0,0.01,68.64,0,31.36,1465.82,3.53,1613,50.86,51,14.12,-5.5,-,12.31,8.12,34.78,10.16,330.21,1503.08,1090.47,412.61,-12.12,14.08,14.4,24
Fri Nov 04 07:01:10 GMT-03:00 2022,04-Nov-2022 07:01:11.080,-35.21230895147917,-5.834871460905861,13.688000679016113,4.0,36.9844629141846,169.22767639160156,-1.55,5.36,9.45,0.13,13.73,0,-0.02,-0.05,0.05,14.9,7.45,29.4,23.14,94,34.16,24.75,1009.73,14.5,664.3,2,259.04,77.9,235.32,1924,0,85,-,18.43,15.29,1661.5,23.14,1.51,1.5,25.03,29.02,-16.41,0,0,-,1.12,4,36.98,169.23,-5.83,-35.21,22,1.86,-,36,33.95,12.48,8.02,4.11,95.91,35.24,0,0,68.66,0,31.34,1461.64,3.53,1613,49.28,49,14.12,-5.5,-,12.31,8.12,34.78,10.16,330.24,1504.1,1091.49,412.61,-12.12,14.06,14.4,24
Fri Nov 04 07:01:11 GMT-03:00 2022,04-Nov-2022 07:01:12.081,-35.21228517398531,-5.834986385524428,12.994649887084961,4.0,36.92490287681128,167.745849609375,-0.76,4.01,8.43,-0.03,13.73,-0.03,-0.05,-0.16,0.06,14.9,7.45,29.4,23.14,94,34.17,24.76,1009.85,14.5,664.3,2,258.69,81.08,235.33,1924,0,84,-,19.61,15.69,1587,23.14,1.51,1.5,25.03,29.02,-16.41,0,0,-,1.12,4,36.92,167.75,-5.83,-35.21,18,4.28,-,36,32.62,12.48,8.02,4.11,92.15,35.24,0,0,68.68,0,31.32,1461.64,3.53,1615,46.78,45,13.73,-7.5,-,12.33,8.11,34.82,10.18,330.24,1505.09,1092.48,412.61,-12.11,14.06,14.4,22
Fri Nov 04 07:01:12 GMT-03:00 2022,04-Nov-2022 07:01:13.080,-35.21226340525175,-5.835088171698853,11.356481552124023,4.0,36.92237193740763,167.54286193847656,-0.24,5.12,8.39,0.01,13.33,0.01,0.01,0,0.03,14.9,7.45,29.4,23.14,94,34.18,24.77,1009.89,14.5,662.2,2,258.33,82.92,235.34,1924,0,84,-,19.22,15.69,1502,23.14,1.51,1.41,23.51,29.02,-16.41,0,0,-,1.12,4,36.92,167.54,-5.84,-35.21,19,7.78,-,36,31.9,12.48,8.01,3.86,90.11,35.24,0,0,68.7,0,31.3,1457.78,3.53,1616,40.88,39,13.73,-8.5,-,12.34,8.1,34.87,10.18,330.26,1506.09,1093.47,412.61,-12.15,14.12,14.4,20
Fri Nov 04 07:01:13 GMT-03:00 2022,04-Nov-2022 07:01:14.082,-35.21224231970489,-5.835184378434384,10.732468605041504,4.0,36.96447367230896,167.4817657470703,-0.12,6.16,7.27,-0.02,13.33,-0.02,0.01,0.06,-0.06,15.69,8.24,29.4,23.14,94,34.18,24.79,1009.93,14.5,662.2,2,258.71,444.66,238.53,1924,0,84,-,67.84,28.24,1965.5,23.14,1.51,6.56,109.27,29.41,-16.41,0,0,-,1.12,4,36.96,167.48,-5.84,-35.21,18,2.88,-,36,5.95,12.48,8.01,17.94,16.8,35.24,0,0,68.72,0,31.28,1457.78,3.53,1617,38.64,38,13.73,-8.5,-,12.34,8.1,34.85,10.21,330.26,1507.09,1094.48,412.61,-2.94,14.12,14.4,35
Fri Nov 04 07:01:14 GMT-03:00 2022,04-Nov-2022 07:01:15.082,-35.21221969420492,-5.835284878678024,11.185178756713867,4.0,37.01850947827565,167.26853942871094,-0.18,5.69,7.71,-0.01,15.29,0.03,-0.04,0.05,0.01,14.9,8.24,14.7,23.14,94,34.18,24.79,1009.91,14.5,654.2,1,258.71,444.66,238.53,1924,0,84,-,67.84,28.24,1965.5,23.14,1.51,6.56,109.27,29.41,-14.06,0,1.56,-,1.12,4,37.02,167.27,-5.84,-35.21,19,2.88,-,36,5.95,12.48,8.01,17.94,16.8,35.24,0.44,0.85,68.74,0,31.26,1454.58,5.1,1617,40.27,38,18.82,21.5,-,12.34,8.1,34.85,10.21,330.29,1508.09,1095.48,412.61,-2.94,14.08,14.4,35
Fri Nov 04 07:01:15 GMT-03:00 2022,04-Nov-2022 07:01:16.083,-35.212196733704715,-5.835385179773774,11.214262008666992,4.0,37.00625137258032,167.34754943847656,0.65,5.05,8.76,0.04,12.94,0.01,0,-0.01,0.04,14.9,7.45,14.7,23.14,94,34.19,24.8,1009.89,14.5,654.2,1,258.39,99.46,235.35,1924,0,84,2.31,23.92,24.71,1527,23.14,1.51,1.43,23.82,29.02,-17.19,2.34,1.56,-,1.12,4,37.01,167.35,-5.84,-35.21,18,1.27,3.1,36,26.59,12.48,8.01,3.91,75.12,35.25,0.81,0.8,68.76,0,31.24,1458.41,3.14,1619,40.37,39,13.33,-2.5,14.46,12.35,8.1,34.89,10.23,330.31,1509.1,1096.49,412.61,-12.58,14.06,14.3,29
Fri Nov 04 07:01:16 GMT-03:00 2022,04-Nov-2022 07:01:17.082,-35.212173876212105,-5.835479211101967,10.76867961883545,4.0,37.126912547796636,167.54652404785156,0.1,4.68,8.05,-0.04,12.94,0.12,0,0.03,0.14,14.9,7.45,14.7,23.14,94,34.19,24.81,1009.9,14.5,652,1,258,65.19,235.35,1924,0,84,2.31,19.22,16.47,1070,23.14,1.52,0.96,16.02,29.02,-18.75,-0.78,-0.78,-,1.12,4,37.13,167.55,-5.84,-35.21,19,2.37,3.1,36,40.57,12.48,8.01,2.63,114.62,35.25,0.75,0.77,68.78,0,31.22,1455.16,2.35,1620,38.77,38,12.55,8,14.46,12.35,8.1,34.89,10.23,330.31,1510.08,1097.47,412.61,-12.84,14.08,14.3,25
Fri Nov 04 07:01:17 GMT-03:00 2022,04-Nov-2022 07:01:18.083,-35.2121541053333,-5.835570576093611,10.246612548828125,4.0,37.27092555496072,167.6068115234375,-0.57,5.13,8.37,0.01,12.55,-0.08,-0.03,-0.03,-0.07,14.9,7.45,14.7,23.14,94,34.19,24.82,1009.9,14.5,652,1,257.62,64.1,235.35,1924,0,84,2.31,20.39,16.08,952.5,23.14,1.52,0.92,15.35,29.02,-18.75,1.56,-0.78,-,1.12,4,37.27,167.61,-5.84,-35.21,19,2.77,3.1,37,41.26,12.48,8.01,2.52,116.55,35.25,0.75,0.77,68.8,0,31.2,1455.16,2.35,1621,36.89,36,12.55,8,14.46,12.35,8.1,34.89,10.25,330.33,1511.11,1098.5,412.61,-12.22,14.08,14.3,22
Fri Nov 04 07:01:18 GMT-03:00 2022,04-Nov-2022 07:01:19.084,-35.21213390287102,-5.835657204689806,9.857527732849121,4.0,37.45155199854958,168.20956420898438,0.5,5.74,6.98,-0.07,20.78,-0.09,-0.01,0,-0.1,27.06,13.73,14.7,23.14,94,34.19,24.82,1009.85,14.5,650.5,1,257.62,64.1,235.35,1924,0,84,2.31,20.39,49.41,952.5,23.14,1.52,0.92,15.35,29.02,-15.62,1.56,3.12,-,1.12,4,37.45,168.21,-5.84,-35.21,20,2.77,3.1,37,41.26,12.48,8.01,2.52,116.55,35.25,0.39,0.75,68.82,0,31.18,1452.17,10.98,1621,35.49,36,12.55,8,14.46,12.35,8.1,34.89,10.25,330.33,1512.11,1099.5,412.61,-12.22,14.12,14.3,22
Fri Nov 04 07:01:19 GMT-03:00 2022,04-Nov-2022 07:01:20.081,-35.21211555826988,-5.835744901076651,9.937856674194336,4.0,37.600872604608675,168.37246704101562,0.27,6.16,7.79,0.02,20,0.03,-0.05,0.07,0,26.67,13.73,14.7,23.14,94,34.19,24.83,1009.85,14.5,650.5,1,257.89,395.79,235.35,1924,0,84,-,60,49.41,1901,23.14,1.52,5.39,89.78,29.02,-14.06,0,-2.34,-,1.13,4,37.6,168.37,-5.84,-35.21,22,0.49,-,36,6.68,12.48,8.01,14.74,18.88,35.25,0.76,0.82,68.84,0,31.16,1452.17,10.2,1622,35.78,35,20.78,21,-,12.35,8.1,34.88,10.27,330.33,1513.09,1100.48,412.61,0.53,14.14,14.4,42
Fri Nov 04 07:01:20 GMT-03:00 2022,04-Nov-2022 07:01:21.082,-35.21209622101526,-5.835835705497466,10.252913475036621,4.0,37.71635693722162,168.328369140625,0,6.43,7.62,0.03,19.61,0,0.02,0.04,0,26.27,13.33,14.7,23.14,94,34.2,24.83,1009.83,14.5,645.2,1,258.17,394.95,235.35,1924,0,84,-,58.04,47.84,1845.5,23.14,1.52,5.23,87.1,29.02,-14.06,0.78,1.56,-,1.13,4,37.72,168.33,-5.84,-35.21,20,0.22,-,36,6.7,12.48,8.01,14.3,18.92,35.24,0.16,0.8,68.86,0,31.14,1452.89,9.8,1623,36.91,36,20.39,21,-,12.34,8.1,34.87,10.27,330.35,1514.08,1101.47,412.61,-7.22,14.14,14.4,44
Fri Nov 04 07:01:21 GMT-03:00 2022,04-Nov-2022 07:01:22.080,-35.21207679732562,-5.835930095393879,10.59321403503418,4.0,37.85110589962902,168.4460906982422,0.47,5.23,9.04,0.08,19.61,-0.07,-0.04,-0.01,-0.07,26.27,13.33,14.7,23.14,94,34.2,24.84,1009.81,14.5,645.2,1,258.23,290,235.35,1924,0,84,3.87,53.73,48.63,1586.5,23.14,1.52,3.95,65.78,29.02,-14.06,1.56,3.12,-,1.13,4,37.85,168.45,-5.84,-35.21,20,0.09,5.2,36,9.12,12.48,8.01,10.8,25.76,35.24,0.14,0.8,68.88,0,31.12,1456.49,9.8,1624,38.14,37,17.25,0.5,23.32,12.34,8.1,34.86,10.29,330.35,1515.08,1102.47,412.61,-8.84,14.08,14.4,42
Fri Nov 04 07:01:22 GMT-03:00 2022,04-Nov-2022 07:01:23.079,-35.21205712182612,-5.836023736774139,10.456745147705078,4.0,38.02695895839407,168.62197875976562,-0.31,4.62,8.09,-0.04,12.94,-0.03,0,-0.03,0,14.9,7.45,14.7,23.14,94,34.2,24.84,1009.8,14.5,644.8,1,258.23,290,235.35,1924,0,84,3.87,53.73,16.47,1586.5,23.14,1.52,3.95,65.78,29.02,-16.41,1.56,3.12,-,1.13,4,38.03,168.62,-5.84,-35.21,22,0.09,5.2,36,9.12,12.48,8.01,10.8,25.76,35.24,0.14,0.76,68.9,0,31.1,1453.53,3.14,1624,37.64,37,17.25,0.5,23.32,12.34,8.1,34.86,10.29,330.37,1516.09,1103.48,412.61,-8.84,14.08,14.3,42
Fri Nov 04 07:01:23 GMT-03:00 2022,04-Nov-2022 07:01:24.080,-35.212039532896014,-5.836109912698737,9.663313865661621,4.0,38.133207638434996,168.8844757080078,-0.28,4.95,9.12,0.07,12.55,0.01,0,-0.08,0.08,14.9,7.45,14.7,23.14,94,34.2,24.85,1009.78,14.5,644.8,1,257.86,75.24,235.35,1924,0,84,3.87,20.39,17.65,1058,23.14,1.52,1.05,17.54,29.02,-18.75,3.12,3.91,-,1.13,4,38.13,168.88,-5.84,-35.21,22,3.64,5.2,37,35.15,12.48,8.01,2.88,99.3,35.25,0.09,0.75,68.93,0,31.07,1453.53,2.75,1626,34.79,34,12.94,4.5,23.32,12.36,8.09,34.91,10.31,330.37,1517.08,1104.47,412.61,-12.75,14.12,14.3,35
Fri Nov 04 07:01:24 GMT-03:00 2022,04-Nov-2022 07:01:25.080,-35.21202415517712,-5.836187333644366,8.609646797180176,4.0,38.28402675621249,168.4336395263672,0.08,4.58,8.54,-0,12.94,0.04,-0.02,-0.11,0.12,14.9,7.45,14.7,23.14,94,34.2,24.86,1009.78,14.5,644.1,1,257.54,95.53,235.36,1924,0,84,3.87,26.67,19.61,955,23.14,1.52,1.23,20.47,29.02,-17.19,5.47,2.34,-,1.13,4,38.28,168.43,-5.84,-35.21,22,3.79,5.2,37,27.69,12.48,8.01,3.36,78.21,35.25,0.84,0.75,68.95,0,31.05,1450.66,3.14,1627,30.99,31,13.73,7.5,23.32,12.37,8.08,34.95,10.31,330.39,1518.08,1105.47,412.61,-11.42,12.9,13.1,31
Fri Nov 04 07:01:25 GMT-03:00 2022,04-Nov-2022 07:01:26.082,-35.21200928870196,-5.836252192104099,7.3304362297058105,4.0,38.377270519335895,166.87863159179688,-1.13,5.36,7.58,-0.04,13.33,0,-0.08,-0.11,0.08,14.9,7.45,14.7,23.14,94,34.19,24.86,1009.85,14.5,644.1,1,257.22,95.11,235.36,1924,0,84,-,25.1,19.61,952.5,23.14,1.52,1.11,18.58,29.02,-17.19,0,0,-,1.13,4,38.38,166.88,-5.84,-35.21,21,3.99,-,37,27.81,12.48,8.01,3.05,78.56,35.25,0.77,0.75,68.97,0,31.03,1450.66,3.53,1628,26.39,27,13.33,15.5,-,12.38,8.07,34.98,10.33,330.39,1519.08,1106.47,412.61,-11.4,13.34,14,29
Fri Nov 04 07:01:26 GMT-03:00 2022,04-Nov-2022 07:01:27.081,-35.21199597530344,-5.836308137159702,6.25523567199707,4.0,38.31601693170362,154.0287322998047,-2.84,6.06,8.02,0.08,13.33,0.09,-0.11,0,0.12,14.9,7.45,14.7,23.14,94,34.17,24.86,1009.8,14.5,644.1,1,256.95,126.02,235.37,1924,0,84,-,30.59,23.14,952,23.14,1.53,1.29,21.44,29.02,-17.19,4.69,0,-,1.13,4,38.32,154.03,-5.84,-35.21,21,4.39,-,37,20.99,12.48,8.01,3.52,59.29,35.25,0.77,0.75,68.99,0,31.01,1448.4,3.53,1630,22.52,22,13.33,15.5,-,12.39,8.07,35,10.33,330.41,1520.09,1107.48,412.61,-10.91,13.34,14,28
Fri Nov 04 07:01:27 GMT-03:00 2022,04-Nov-2022 07:01:28.081,-35.21197153953715,-5.836356043640377,5.953089714050293,4.0,38.16501211947468,128.25526428222656,-3.5,4.63,7.73,-0,15.69,0.08,-0.49,-0.04,0,20.78,10.59,14.7,23.14,94,34.16,24.85,1009.79,14.5,642.6,1,257.04,302.3,235.38,1924,0,84,-,30.59,33.33,1478,23.14,1.53,2.51,41.91,29.02,-17.19,4.69,4.69,-,1.13,4,38.17,128.26,-5.84,-35.21,21,1.52,-,37,8.75,12.48,8.01,6.88,24.72,35.25,0.83,0.74,69.01,0,30.99,1448.4,5.88,1631,21.43,21,13.33,3.5,-,12.39,8.07,35,10.33,330.41,1521.09,1108.48,412.61,-7.48,14.12,14.4,33
Fri Nov 04 07:01:28 GMT-03:00 2022,04-Nov-2022 07:01:29.081,-35.211928394975665,-5.836384950771212,6.121888160705566,4.0,38.050315658173744,100.7025146484375,-3,5.1,7.31,-0.03,16.86,-0.02,-0.34,-0.06,-0.05,23.14,12.16,14.7,23.14,94,34.15,24.85,1009.73,14.5,642.6,1,257.36,416.58,235.37,1924,0,84,-,43.14,34.9,1616,23.14,1.53,3.31,55.12,29.02,-14.84,3.12,-2.34,-,1.13,4,38.05,100.7,-5.84,-35.21,21,0.57,-,37,6.35,12.48,8.01,9.05,17.94,35.25,0.67,0.76,69.03,0,30.97,1450.53,6.27,1632,22.04,22,16.08,22.5,-,12.38,8.08,34.98,10.34,330.43,1522.1,1109.49,412.61,-8.56,14.12,14.4,35
Fri Nov 04 07:01:29 GMT-03:00 2022,04-Nov-2022 07:01:30.085,-35.21187159148827,-5.836395027100627,6.363122940063477,4.0,37.53217078436356,80.6802749633789,-2.15,5.25,7.34,-0.04,15.29,0.03,-0.18,0.02,0,25.49,12.94,14.7,23.14,94,34.15,24.85,1009.75,14.5,642.6,1,257.36,416.58,235.37,1924,0,84,-,43.14,42.75,1616,23.14,1.53,3.31,55.12,29.02,-14.84,3.12,4.69,-,1.13,4,37.53,80.68,-5.84,-35.21,15,0.57,-,37,6.35,12.48,8.01,9.05,17.94,35.25,0.14,0.81,69.05,0,30.95,1448.12,5.49,1633,22.91,22,16.86,6,-,12.38,8.08,34.98,10.34,330.43,1523.08,1110.47,412.61,-8.56,14.22,14.4,35
Fri Nov 04 07:01:30 GMT-03:00 2022,04-Nov-2022 07:01:31.084,-35.211804589020005,-5.836384533920044,7.430447578430176,8.0,37.330741864671424,73.4000015258789,-0.47,6.4,7.73,0.04,15.29,0.03,-0.1,0.03,0.02,25.49,12.94,14.7,23.14,94,34.14,24.85,1009.79,14.5,642.6,1,258.25,703.9,238.55,1924,0,84,-,46.27,42.75,2343,23.14,1.53,5.85,97.58,29.41,-14.06,-0.78,-2.34,-,1.13,8,37.33,73.4,-5.84,-35.21,7,2.09,-,36,3.76,12.48,8.01,16.02,10.61,35.25,0.77,0.77,69.07,0,30.93,1450.54,5.49,1633,26.75,25,19.22,24,-,12.38,8.08,34.96,10.34,330.43,1524.08,1111.47,412.61,-4.87,14.08,14.4,42
Fri Nov 04 07:01:31 GMT-03:00 2022,04-Nov-2022 07:01:32.082,-35.21173323700817,-5.8363635617160945,8.247807502746582,8.0,37.287573118256795,72.05216979980469,-1.04,5.48,7.32,-0.05,18.04,-0.05,-0.07,0.02,-0.06,24.71,12.94,14.7,23.14,94,34.13,24.85,1009.79,14.5,639,1,258.66,459.35,238.55,1924,0,85,11.18,57.25,41.18,1558,23.14,1.53,4.34,72.36,29.41,-14.06,0,-2.34,-,1.14,8,37.29,72.05,-5.84,-35.21,4,2.25,14.99,36,5.76,12.48,8.01,11.88,16.27,35.25,0.79,0.77,69.09,0,30.91,1453.34,8.24,1635,29.69,29,18.82,18.5,68.51,12.37,8.08,34.95,10.34,330.43,1525.1,1112.49,412.61,-9.59,14.16,14.4,40
Fri Nov 04 07:01:32 GMT-03:00 2022,04-Nov-2022 07:01:33.082,-35.21165435389404,-5.836336719478737,9.161018371582031,16.0,37.36497895388731,71.93922424316406,-0.79,5.97,8.09,0.04,18.43,-0.05,-0.06,-0.02,-0.04,25.49,12.94,14.7,23.14,94,34.13,24.86,1009.83,14.5,639,1,258.86,358.99,238.54,1924,0,85,11.18,56.08,47.84,1478.5,23.14,1.53,3.94,65.6,29.41,-14.06,-7.81,-9.38,-,1.14,16,37.36,71.94,-5.84,-35.21,4,2.31,14.99,36,7.37,12.48,8.01,10.77,20.81,35.25,0.73,0.83,69.11,0,30.89,1455.34,8.63,1636,32.98,32,18.04,-2.5,68.51,12.37,8.09,34.93,10.35,330.43,1526.11,1113.5,412.61,-7.81,14.14,14.3,41
Fri Nov 04 07:01:33 GMT-03:00 2022,04-Nov-2022 07:01:34.081,-35.21157917596793,-5.8363119461836135,8.80892562866211,8.0,36.46993763275507,71.62725067138672,0.04,4.36,9.31,0.06,14.9,-0.03,-0.05,-0.13,0.04,14.9,7.45,14.7,23.14,94,34.12,24.87,1009.91,14.5,640.1,1,258.54,100.59,238.54,1924,0,84,4.63,56.08,27.45,1263,23.14,1.53,1.22,20.28,29.41,-14.84,-7.81,-9.38,-,1.14,8,36.47,71.63,-5.84,-35.21,13,0.98,6.21,36,26.29,12.48,8.01,3.33,74.28,35.25,0.73,0.83,69.13,0,30.87,1453.69,5.1,1637,31.71,32,18.04,-2.5,35.03,12.38,8.08,34.97,10.4,330.44,1527.08,1114.47,412.61,-12.32,14.14,14.4,35
Fri Nov 04 07:01:34 GMT-03:00 2022,04-Nov-2022 07:01:35.083,-35.211508205764275,-5.836293961240776,7.560196876525879,6.0,36.35249094380746,75.603515625,0.95,5.07,8.21,0,14.9,-0.05,0.05,-0.03,-0.02,14.9,7.45,14.7,23.14,94,34.12,24.87,1009.93,14.5,640.4,1,258.54,100.59,238.54,1924,0,84,4.63,20.39,27.45,1263,23.14,1.53,1.22,20.28,29.41,-17.97,-2.34,-0.78,-,1.14,6,36.35,75.6,-5.84,-35.21,16,0.98,6.21,36,26.29,12.48,8.01,3.33,74.28,35.25,0.05,0.83,69.15,0,30.85,1448.17,2.75,1637,27.22,32,12.94,-10,35.03,12.38,8.08,34.97,10.4,330.48,1528.08,1115.47,412.61,-12.32,14.12,14.3,35
Fri Nov 04 07:01:35 GMT-03:00 2022,04-Nov-2022 07:01:36.083,-35.211444383720256,-5.836280464944988,6.879507541656494,6.0,35.95848068104162,89.6400146484375,2.45,6.02,8.55,0.11,12.94,0.06,0.29,0,0.04,14.9,7.45,14.78,23.14,94,34.11,24.87,1009.91,14.5,640.4,1.01,258.18,79.45,238.55,1924,0,85,4.63,23.14,17.25,986.5,23.14,1.54,0.96,16.02,29.41,-14.84,0,0,-,1.14,6,35.96,89.64,-5.84,-35.21,18,2.22,6.21,36,33.29,12.48,8.01,2.63,94.05,35.25,0.08,0.82,69.17,0,30.83,1448.17,7.45,1639,24.77,25,13.33,17,35.03,12.4,8.07,35.01,10.4,330.48,1529.11,1116.5,412.61,-12.49,14.12,14.4,29
Fri Nov 04 07:01:36 GMT-03:00 2022,04-Nov-2022 07:01:37.082,-35.21138033341101,-5.836278589687947,7.026645183563232,6.0,36.416158797066224,114.6280288696289,2.99,5.68,7.98,0.06,20.39,0,0.32,0.04,-0.06,27.45,14.12,14.7,23.14,94,34.1,24.87,1009.88,14.5,640.4,1,258.75,544.42,238.56,1924,0,85,4.63,57.25,38.43,1689.5,23.14,1.54,5.15,85.76,29.41,-14.06,1.56,0.78,-,1.14,6,36.42,114.63,-5.84,-35.21,20,0.23,6.21,36,4.86,12.48,8.01,14.08,13.72,35.25,0.51,0.79,69.19,0,30.81,1448.17,10.59,1640,25.3,25,20,21,35.03,12.39,8.07,35,10.4,330.48,1530.09,1117.48,412.61,-0.68,14.08,14.4,45
Fri Nov 04 07:01:37 GMT-03:00 2022,04-Nov-2022 07:01:38.082,-35.211322399188425,-5.836303482475433,7.308917045593262,6.0,36.31717924910792,141.55213928222656,2.93,6.18,8.09,0.09,20.39,0.08,0.34,0.1,-0.02,27.45,14.12,14.7,23.14,94,34.1,24.87,1009.86,14.5,640.4,1,259.5,633.35,238.56,1924,0,85,1.55,63.53,48.24,1919.5,23.14,1.54,5.99,99.77,29.41,-14.06,2.34,0,-,1.14,6,36.32,141.55,-5.84,-35.21,21,0.7,2.08,36,4.18,12.48,8.01,16.38,11.8,35.25,0.77,0.75,69.21,0,30.79,1449.78,10.59,1640,26.31,26,22.35,21,7.72,12.38,8.08,34.98,10.41,330.49,1531.09,1118.48,412.61,-5.12,14.16,14.4,50
Fri Nov 04 07:01:38 GMT-03:00 2022,04-Nov-2022 07:01:39.082,-35.21128077587606,-5.8363643037816315,8.589607238769531,6.0,36.27862643360103,159.0897674560547,0.05,6.93,7.41,0.05,26.27,-0.07,0,0.08,-0.14,32.55,16.86,14.7,23.14,94,34.1,24.87,1009.8,14.5,642.6,1,259.5,633.35,238.56,1924,0,85,1.55,63.53,66.67,1919.5,23.14,1.54,5.99,99.77,29.41,-13.28,2.34,0,-,1.14,6,36.28,159.09,-5.84,-35.21,19,0.7,2.08,36,4.18,12.48,8.01,16.38,11.8,35.25,0.77,0.75,69.23,0,30.77,1449.78,16.47,1642,30.92,26,22.35,21,7.72,12.38,8.08,34.98,10.41,330.49,1532.09,1119.48,412.61,-5.12,14.16,14.4,50
Fri Nov 04 07:01:39 GMT-03:00 2022,04-Nov-2022 07:01:40.082,-35.211258104896906,-5.83644502039632,9.736023902893066,6.0,36.54776956827626,161.44395446777344,-0.7,6.46,7.36,0.01,23.53,0,0,0.05,-0.02,30.2,15.29,14.7,23.14,94,34.09,24.87,1009.8,14.5,642.6,1,260.57,797.11,225.83,1924,0,85,11.25,73.73,60.39,2193,23.14,1.54,7.84,130.59,27.84,-13.28,-3.12,-1.56,-,1.14,6,36.55,161.44,-5.84,-35.21,17,1.08,15.08,36,3.32,12.48,8.01,21.44,9.37,35.25,0.11,0.7,69.25,0,30.75,1451.51,13.33,1642,35.05,32,24.31,19.5,48.98,12.38,8.08,34.96,10.42,330.5,1533.09,1120.48,412.61,-3.69,14.04,14.3,56
Fri Nov 04 07:01:40 GMT-03:00 2022,04-Nov-2022 07:01:41.082,-35.211237354134234,-5.836534555475195,10.09708309173584,6.0,36.990803461819304,161.432373046875,-0.8,6.3,7.25,-0.01,26.67,0.07,-0.05,0.12,0,32.94,16.86,14.7,23.14,94,34.09,24.88,1009.74,14.5,654.5,1,261.26,605.67,225.82,1924,0,85,11.31,77.65,68.63,1919,23.14,1.55,7.33,122.13,27.84,-13.28,-0.78,2.34,-,1.15,6,36.99,161.43,-5.84,-35.21,15,0.05,15.17,36,4.37,12.48,8.01,20.05,12.34,35.25,0.1,0.66,69.27,0,30.73,1453.56,16.86,1644,36.35,35,25.49,18,56.27,12.37,8.08,34.94,10.43,330.51,1534.11,1121.5,412.61,-5.65,14.04,14.3,57
Fri Nov 04 07:01:41 GMT-03:00 2022,04-Nov-2022 07:01:42.082,-35.21120582565561,-5.836628298957815,11.121758460998535,6.0,36.86505315720828,159.95346069335938,-0.79,6.03,7.28,-0.02,25.49,-0.03,-0.04,0.05,-0.07,31.76,16.47,14.7,23.14,94,34.1,24.89,1009.69,14.5,654.5,1,261.97,616.72,225.82,1924,0,85,11.31,81.18,68.63,2112.5,23.14,1.55,8.16,136.01,27.84,-13.28,-5.47,-7.03,-,1.15,6,36.87,159.95,-5.84,-35.21,18,1.65,15.17,36,4.29,12.48,8.01,22.33,12.11,35.25,0.41,0.69,69.29,0,30.71,1457,15.69,1644,40.04,38,26.67,17,56.27,12.36,8.09,34.92,10.43,330.51,1535.09,1122.48,412.61,-3.24,14.04,14.4,62
Fri Nov 04 07:01:42 GMT-03:00 2022,04-Nov-2022 07:01:43.085,-35.21116904918793,-5.836727928647026,11.67126750946045,6.0,37.021501749627596,159.2766571044922,-0.26,6.53,7.99,0.06,25.49,0.03,0.01,0.1,-0.01,31.76,16.47,14.7,23.14,94,34.11,24.91,1009.67,14.5,654.5,1,262.61,579.99,222.64,1924,0,85,11.31,78.04,65.1,2242,23.14,1.56,8.33,138.88,27.45,-13.28,-3.12,-7.03,-,1.15,6,37.02,159.28,-5.84,-35.21,20,1.96,15.17,35,4.56,12.48,8.01,22.8,12.88,35.25,0.41,0.69,69.31,0,30.69,1458.43,15.69,1646,42.02,42,26.67,18,56.27,12.36,8.09,34.9,10.45,330.53,1536.09,1123.48,412.61,-4.05,14.04,14.4,64
Fri Nov 04 07:01:43 GMT-03:00 2022,04-Nov-2022 07:01:44.081,-35.21112886746634,-5.836837044837461,12.516151428222656,6.0,37.18814600326315,159.48036193847656,-0.4,6.29,7.87,0.04,25.88,-0.09,0.01,0.02,-0.12,32.16,16.47,14.7,23.14,94,34.12,24.92,1009.65,14.5,675,1,263.15,534.42,222.63,1924,0,85,13.94,76.47,65.49,2315.5,23.14,1.56,8.49,141.43,27.45,-13.28,-3.91,-3.91,-,1.15,6,37.19,159.48,-5.84,-35.21,20,2.98,18.7,35,4.95,12.48,8.01,23.22,13.98,35.25,0.73,0.68,69.33,0,30.67,1460.97,16.08,1647,45.06,45,26.27,18.5,57.5,12.35,8.1,34.89,10.46,330.54,1537.09,1124.48,412.61,-4.51,13.98,14.4,65
Fri Nov 04 07:01:44 GMT-03:00 2022,04-Nov-2022 07:01:45.082,-35.21108749250345,-5.836949149744076,13.269126892089844,6.0,37.51278167826517,160.0257110595703,-0.3,6.19,7.67,0.02,26.27,-0.02,0,0.06,-0.07,31.76,16.47,14.7,23.14,94,34.13,24.94,1009.6,14.5,675,1,263.54,456.9,222.63,1924,0,85,13.94,70.98,65.1,2337.5,23.14,1.56,7.77,129.56,27.45,-13.28,-1.56,-2.34,-,1.16,6,37.51,160.03,-5.84,-35.21,23,1.94,18.7,35,5.79,12.48,8.01,21.27,16.35,35.24,0.09,0.65,69.35,0,30.65,1464.07,16.08,1648,47.77,47,23.53,19.5,57.5,12.34,8.1,34.87,10.47,330.55,1538.09,1125.47,412.61,-5.64,14.16,14.4,64
Fri Nov 04 07:01:45 GMT-03:00 2022,04-Nov-2022 07:01:46.082,-35.211048697466126,-5.8370634268583155,13.494544982910156,6.0,37.6767939751062,160.73170471191406,-0.22,6.04,7.58,-0,22.35,0,-0.03,0.07,-0.03,30.2,15.69,14.7,23.14,94,34.13,24.94,1009.53,14.5,675,1,263.72,354.16,222.63,1924,0,86,13.94,70.98,57.65,2337.5,23.14,1.56,6.29,104.89,27.45,-13.28,-1.56,0,-,1.16,6,37.68,160.73,-5.84,-35.21,24,1.94,18.7,35,7.47,12.48,8.01,17.22,21.1,35.24,0.13,0.61,69.37,0,30.63,1464.07,12.94,1649,48.58,47,23.53,19.5,57.5,12.34,8.1,34.86,10.47,330.55,1539.11,1126.5,412.61,-7.39,14.16,14.4,60
Fri Nov 04 07:01:46 GMT-03:00 2022,04-Nov-2022 07:01:47.083,-35.21100853477609,-5.837185921122691,14.121686935424805,6.0,37.84058439731548,161.4563446044922,0.12,5.7,7.95,0.01,22.35,-0.02,0,0.06,-0.06,30.2,15.69,14.7,23.14,94,34.15,24.96,1009.51,14.5,696.5,1,263.72,354.16,222.63,1924,0,86,8.99,72.55,57.65,1893,23.14,1.56,6.29,104.89,27.45,-13.28,3.91,0,-,1.16,6,37.84,161.46,-5.84,-35.21,21,0.42,12.05,35,7.47,12.48,8.01,17.22,21.1,35.24,0.7,0.6,69.39,0,30.61,1468.33,12.94,1649,50.84,49,23.53,18,45.33,12.34,8.1,34.86,10.47,330.56,1540.09,1127.48,412.61,-7.39,14.14,14.4,60
Fri Nov 04 07:01:47 GMT-03:00 2022,04-Nov-2022 07:01:48.081,-35.21097317457005,-5.83730985556768,14.309920310974121,6.0,38.19285288344907,161.94613647460938,0.14,6.02,8.34,0.06,23.14,0.05,0.01,0.06,0.03,31.37,16.08,14.7,23.14,94,34.17,24.98,1009.45,14.5,696.5,1,263.87,339.12,219.44,1924,0,86,8.08,74.12,61.57,1836,23.14,1.57,6.28,104.71,27.06,-14.06,-1.56,0,-,1.16,6,38.19,161.95,-5.84,-35.21,21,0.16,10.83,35,7.8,12.48,8.01,17.19,22.03,35.24,0.1,0.62,69.41,0,30.59,1470.54,13.33,1651,51.52,51,23.53,18,42.01,12.34,8.11,34.85,10.49,330.57,1541.09,1128.48,412.61,-5.74,14.12,14.4,60
Fri Nov 04 07:01:48 GMT-03:00 2022,04-Nov-2022 07:01:49.082,-35.21093378674613,-5.837436505937387,14.608748435974121,6.0,38.656052831599254,162.21231079101562,-0.5,6.1,7.42,-0.01,23.14,0.06,0,0.07,0.03,31.37,16.08,14.7,23.14,94,34.19,25,1009.4,14.5,696.5,1,263.98,319.94,219.44,1924,0,86,8.08,74.12,61.18,1814,23.14,1.57,6.17,102.82,27.06,-14.06,-0.78,-1.56,-,1.16,6,38.66,162.21,-5.84,-35.21,22,0.48,10.83,35,8.27,12.48,8.02,16.88,23.35,35.24,0.25,0.62,69.43,0,30.57,1474.51,12.94,1652,52.59,52,23.53,18,42.01,12.33,8.11,34.84,10.5,330.58,1542.11,1129.5,412.61,-5.63,14.14,14.4,60
Fri Nov 04 07:01:49 GMT-03:00 2022,04-Nov-2022 07:01:50.081,-35.210894603263924,-5.837563210730604,14.846080780029297,6.0,39.46728799038578,162.05410766601562,-0.98,6.75,9.4,0.2,23.14,-0.04,-0.01,0.01,-0.05,31.37,16.08,14.7,23.14,94,34.21,25.02,1009.39,14.5,696.5,1,264.07,307.66,219.44,1924,0,86,6.29,74.51,61.96,1778,23.14,1.57,6.05,100.81,27.06,-14.06,-2.34,0,-,1.16,6,39.47,162.05,-5.84,-35.21,22,0.41,8.43,35,8.6,12.48,8.02,16.55,24.29,35.24,0.09,0.63,69.45,0,30.55,1477.69,12.94,1653,53.45,53,23.14,17,33.77,12.33,8.11,34.83,10.54,330.62,1543.09,1130.48,412.61,-5.7,14.04,14.4,60
Fri Nov 04 07:01:50 GMT-03:00 2022,04-Nov-2022 07:01:51.082,-35.2108532055727,-5.837690850988276,14.906379699707031,4.0,40.33579963061611,161.34190368652344,-0.76,4.97,7.64,-0.06,19.22,0.01,-0.03,-0.02,0.03,14.9,7.45,14.7,23.14,94,34.21,25.02,1009.27,14.5,701.9,1,264.07,307.66,219.44,1924,0,86,6.29,74.51,45.49,1778,23.14,1.57,6.05,100.81,27.06,-14.06,-2.34,0,-,1.16,4,40.34,161.34,-5.84,-35.21,23,0.41,8.43,35,8.6,12.48,8.02,16.55,24.29,35.24,0.09,0.63,69.47,0,30.53,1473.58,9.41,1653,53.66,53,23.14,17,33.77,12.33,8.11,34.83,10.54,330.62,1544.09,1131.48,412.61,-5.7,14.04,14.4,60
Fri Nov 04 07:01:51 GMT-03:00 2022,04-Nov-2022 07:01:52.082,-35.21081492526454,-5.837811826187569,14.305115699768066,4.0,40.99393816118426,161.15711975097656,0.27,4.56,8.73,0.02,13.73,-0.03,0.04,-0.12,0.04,14.9,7.45,14.7,23.14,94,34.23,25.04,1009.21,14.5,701.9,1,263.79,122.93,216.26,1924,0,86,6.29,31.76,16.08,1727.5,23.14,1.57,2.46,41.05,26.67,-15.62,5.47,3.91,-,1.17,4,40.99,161.16,-5.84,-35.21,25,2.66,8.43,35,21.52,12.48,8.01,6.74,60.78,35.24,0.82,0.63,69.49,0,30.51,1473.58,3.53,1654,51.5,51,14.51,3,33.77,12.34,8.11,34.85,10.57,330.65,1545.11,1132.5,412.61,-10.85,14.1,14.4,51
Fri Nov 04 07:01:52 GMT-03:00 2022,04-Nov-2022 07:01:53.082,-35.210781347836495,-5.8379220852614315,12.938612937927246,4.0,41.43173995784277,162.18939208984375,0.11,4.27,9.47,0.07,13.73,0.08,-0.08,-0.09,0.16,14.9,7.45,14.7,23.14,94,34.24,25.06,1009.2,14.5,702,1,263.41,75.25,216.26,1924,0,86,6.29,18.43,16.08,1664.5,23.14,1.57,1.45,24.18,26.67,-16.41,0.78,3.12,-,1.17,4,41.43,162.19,-5.84,-35.21,25,4.5,8.43,35,35.15,12.48,8.01,3.97,99.29,35.25,0.07,0.63,69.51,0,30.49,1469.55,3.53,1655,46.58,47,13.73,-2.5,33.77,12.36,8.09,34.9,10.57,330.65,1546.08,1133.47,412.61,-12.29,14.12,14.3,42
Fri Nov 04 07:01:53 GMT-03:00 2022,04-Nov-2022 07:01:54.079,-35.21075156010694,-5.83801976433459,11.205780982971191,4.0,41.794663971927555,162.4311065673828,-0.45,4.93,8.2,-0.01,13.33,-0.02,-0.03,-0.07,0.03,14.9,7.45,29.4,23.14,94,34.25,25.07,1009.17,14.5,702,2,263.05,81.65,216.27,1924,0,86,-,19.61,16.08,1539,23.14,1.57,1.45,24.18,26.67,-16.41,0,0,-,1.17,4,41.79,162.43,-5.84,-35.21,25,6.58,-,35,32.39,12.48,8.01,3.97,91.51,35.25,0.01,0.57,69.53,0,30.47,1469.55,3.53,1656,40.34,40,13.73,-7.5,-,12.37,8.08,34.95,10.6,330.65,1547.09,1134.48,412.61,-12.2,14.12,14.4,35
Fri Nov 04 07:01:54 GMT-03:00 2022,04-Nov-2022 07:01:55.081,-35.21072203803241,-5.838107787091947,10.370378494262695,4.0,42.195529827945876,159.5516815185547,-1.64,6.81,7.48,0.06,13.33,-0.09,-0.12,0,-0.12,14.9,11.76,29.4,23.14,94,34.25,25.08,1009.11,14.5,702,2,263.12,297.97,219.46,1924,0,86,-,59.22,21.18,1536,23.14,1.58,4.51,75.1,27.06,-16.41,0,0,-,1.17,4,42.2,159.55,-5.84,-35.21,27,4.34,-,35,8.88,12.48,8.01,12.33,25.07,35.25,0.01,0.57,69.55,0,30.45,1466.22,3.53,1658,37.33,36,13.73,-7.5,-,12.37,8.08,34.94,10.6,330.68,1548.1,1135.49,412.61,-6.77,14.12,14.4,39
Fri Nov 04 07:01:55 GMT-03:00 2022,04-Nov-2022 07:01:56.081,-35.21068476737725,-5.838192421368869,10.310762405395508,4.0,42.51224504320577,153.1701202392578,-2.3,5.62,7.88,0.03,19.22,-0.01,-0.18,0,-0.02,26.27,13.33,13.67,23.14,94,34.25,25.09,1009.09,14.5,699.5,0.93,263.25,330.27,219.46,1924,0,86,3.76,59.22,49.02,1605,23.14,1.58,4.5,74.92,27.06,-14.06,0,0,-,1.17,4,42.51,153.17,-5.84,-35.21,28,0.12,5.04,36,8.01,12.48,8.01,12.3,22.62,35.25,0.87,0.1,69.57,0,30.43,1466.87,9.41,1659,37.12,37,19.22,18.5,22.35,12.37,8.09,34.93,10.62,330.7,1549.1,1136.49,412.61,-6.75,14.16,14.3,43
Fri Nov 04 07:01:56 GMT-03:00 2022,04-Nov-2022 07:01:57.081,-35.21064053522677,-5.838280710616621,10.982538223266602,4.0,42.52759578773305,140.62901306152344,-3.21,5.67,7.91,0.06,19.22,0.04,-0.27,0.03,0,26.27,13.73,13.67,23.14,94,34.25,25.09,1009.06,14.5,699.5,0.93,263.25,330.27,219.46,1924,0,86,3.76,60,49.02,1605,23.14,1.58,4.5,74.92,27.06,-14.06,0,0,-,1.17,4,42.53,140.63,-5.84,-35.21,29,0.12,5.04,36,8.01,12.48,8.01,12.3,22.62,35.25,0.85,0.17,69.59,0,30.41,1466.87,9.41,1659,39.54,37,19.61,15.5,22.35,12.37,8.09,34.93,10.62,330.7,1550.09,1137.48,412.61,-6.75,14.12,14.3,43
Fri Nov 04 07:01:57 GMT-03:00 2022,04-Nov-2022 07:01:58.081,-35.21057280876703,-5.838358173120229,11.29912281036377,4.0,42.60043229462306,128.35772705078125,-3.12,5.21,6.6,-0.07,19.22,-0.08,-0.3,-0.03,-0.14,26.27,13.73,13.67,23.14,94,34.26,25.1,1009.02,14.5,699.5,0.93,263.42,345.9,222.64,1924,0,86,5.15,61.57,49.02,1652.5,23.14,1.58,4.84,80.65,27.45,-14.06,-0.78,0,-,1.17,4,42.6,128.36,-5.84,-35.21,28,0.54,6.91,35,7.65,12.48,8.01,13.24,21.6,35.25,0.85,0.17,69.61,0,30.39,1470.55,9.41,1661,40.68,39,20.39,16.5,29.78,12.36,8.09,34.92,10.64,330.72,1551.11,1138.49,412.61,-6.52,14.12,14.3,46
Fri Nov 04 07:01:58 GMT-03:00 2022,04-Nov-2022 07:01:59.082,-35.21046916095904,-5.838399389800426,11.538798332214355,4.0,41.73813956813812,115.22115325927734,-2.99,5.5,7.51,0.01,20.78,0,-0.3,0,-0.04,27.45,14.12,14.7,23.14,94,34.26,25.1,1009.04,14.5,690.6,1,263.42,345.9,222.64,1924,0,86,5.15,61.57,54.9,1652.5,23.14,1.58,4.84,80.65,27.45,-14.06,-0.78,1.56,-,1.17,4,41.74,115.22,-5.84,-35.21,27,0.54,6.91,35,7.65,12.48,8.01,13.24,21.6,35.25,0.09,0.8,69.63,0,30.37,1467.49,10.98,1661,41.54,39,20.39,16.5,29.78,12.36,8.09,34.92,10.64,330.72,1552.08,1139.47,412.61,-6.52,14.12,14.4,46
Fri Nov 04 07:01:59 GMT-03:00 2022,04-Nov-2022 07:02:00.081,-35.21036475195625,-5.838447573623267,12.622515678405762,4.0,41.8166315391195,101.39617919921875,-2.84,5.12,7.18,-0.04,20.78,-0.05,-0.27,-0.03,-0.08,27.45,14.12,14.7,23.14,94,34.27,25.12,1009.06,14.5,690.6,1,263.63,370.3,222.64,1924,0,86,9.29,68.24,54.9,1682,23.14,1.59,5.46,91,27.45,-14.06,-0.78,-2.34,-,1.18,4,41.82,101.4,-5.84,-35.21,29,1.46,12.46,35,7.14,12.48,8.01,14.94,20.18,35.25,0.74,0.76,69.65,0,30.35,1471.53,10.98,1663,45.44,43,21.18,16.5,52.74,12.36,8.09,34.91,10.66,330.74,1553.1,1140.49,412.61,-5.78,14.12,14.4,49
Fri Nov 04 07:02:00 GMT-03:00 2022,04-Nov-2022 07:02:01.081,-35.21024888541281,-5.8384697569877435,13.053522109985352,4.0,41.75888979754037,88.11176300048828,-3.53,6.02,8.23,0.11,20.78,0.02,-0.27,0.04,-0.04,27.06,13.73,14.7,23.14,94,34.28,25.13,1009.07,14.5,688,1,263.72,307.75,222.63,1924,0,86,14.38,69.41,56.86,1585.5,23.14,1.59,5,83.39,27.45,-14.06,0.78,-0.78,-,1.18,4,41.76,88.11,-5.84,-35.21,25,0.56,19.28,35,8.59,12.48,8.01,13.69,24.28,35.25,0.77,0.75,69.67,0,30.33,1472.38,10.98,1664,46.99,46,20.39,16.5,86.58,12.35,8.09,34.9,10.66,330.74,1554.09,1141.48,412.61,-6.65,13.98,14.4,50
Fri Nov 04 07:02:01 GMT-03:00 2022,04-Nov-2022 07:02:02.081,-35.210125226299574,-5.838439626428697,13.322572708129883,4.0,41.36594365921558,79.88273620605469,-0.85,5.79,7.97,0.02,20,0,-0.07,0.02,0,26.27,13.33,14.7,23.14,94,34.29,25.15,1009.07,14.5,688,1,263.72,263.73,222.63,1924,0,86,14.38,66.27,55.69,1530,23.14,1.59,4.59,76.44,27.45,-14.06,-1.56,-0.78,-,1.18,4,41.37,79.88,-5.84,-35.21,23,1.01,19.28,35,10.03,12.48,8.01,12.55,28.33,35.25,0.77,0.75,69.68,0,30.32,1476.89,9.8,1665,47.96,48,19.61,17,86.58,12.35,8.09,34.9,10.69,330.77,1555.09,1142.48,412.61,-6.86,13.98,14.4,50
Fri Nov 04 07:02:02 GMT-03:00 2022,04-Nov-2022 07:02:03.082,-35.21000289489159,-5.838415874599172,13.841995239257812,4.0,40.93577304248796,79.87175750732422,-0.11,5.13,7.54,-0.06,14.51,0.02,0,0.01,0.03,14.9,7.45,14.7,23.14,94,34.29,25.15,1009.13,14.5,688,1,263.72,263.73,222.63,1924,0,86,14.38,66.27,25.1,1530,23.14,1.59,4.59,76.44,27.84,-15.62,-1.56,-0.78,-,1.18,4,40.94,79.87,-5.84,-35.21,23,1.01,19.28,35,10.03,12.48,8.01,12.55,28.33,35.25,0.09,0.74,69.7,0,30.3,1473.22,4.31,1665,49.83,48,19.61,17,86.58,12.35,8.09,34.9,10.69,330.77,1556.09,1143.48,412.61,-6.86,14.06,14.3,50
Fri Nov 04 07:02:03 GMT-03:00 2022,04-Nov-2022 07:02:04.082,-35.20987811668618,-5.838393043363309,14.037698745727539,4.0,40.31739464119965,80.66455078125,-0.52,4.07,8.25,-0.05,12.94,-0.06,-0.03,-0.14,0.02,14.9,7.45,14.7,23.14,94,34.31,25.17,1009.23,14.5,686.9,1,263.34,74.31,225.81,1924,0,86,14.38,23.53,15.69,1365,23.14,1.59,1.35,22.48,27.84,-17.19,3.91,2.34,-,1.18,4,40.32,80.66,-5.84,-35.21,27,0.83,19.28,36,35.59,12.48,8.01,3.69,100.54,35.25,0.83,0.74,69.72,0,30.28,1477.8,3.14,1666,50.54,49,13.33,0,86.58,12.35,8.09,34.9,10.72,330.77,1557.1,1144.49,412.61,-12.18,14.08,14.3,42
Fri Nov 04 07:02:04 GMT-03:00 2022,04-Nov-2022 07:02:05.082,-35.209758876321864,-5.838372092002627,13.409384727478027,4.0,39.5499835048538,80.64134216308594,-0.77,3.6,9.18,0.02,13.73,0.03,-0.02,-0.17,0.14,14.9,7.45,14.7,23.14,94,34.33,25.19,1009.33,14.5,686.9,1,262.95,66.68,225.81,1924,0,86,-,19.22,15.69,1335.5,23.14,1.59,1.24,20.59,27.84,-17.19,0,2.34,-,1.18,4,39.55,80.64,-5.84,-35.21,26,2.54,-,36,39.67,12.48,8.01,3.38,112.05,35.25,0.08,0.73,69.74,0,30.26,1473.96,3.53,1667,48.27,48,13.33,-7.5,-,12.36,8.09,34.9,10.72,330.8,1558.1,1145.49,412.61,-12.11,14.08,14.3,35
Fri Nov 04 07:02:05 GMT-03:00 2022,04-Nov-2022 07:02:06.081,-35.20965342494443,-5.83835360770941,11.837855339050293,4.0,38.88430871828492,80.5552749633789,-0.06,2.66,9.96,0.06,13.33,0.05,0,-0.28,0.2,14.9,7.45,29.4,23.14,94,34.34,25.21,1009.47,14.5,686.9,2,262.59,83.78,225.81,1924,0,86,-,19.61,15.69,1603.5,23.14,1.59,1.52,25.34,27.84,-16.41,0,0,-,1.18,4,38.88,80.56,-5.84,-35.21,28,4.27,-,36,31.57,12.48,8.01,4.16,89.18,35.25,0,0.04,69.76,0,30.24,1473.96,3.53,1668,42.62,44,14.12,-7.5,-,12.37,8.08,34.95,10.74,330.8,1559.08,1146.47,412.61,-11.49,14.14,14.4,32
Fri Nov 04 07:02:06 GMT-03:00 2022,04-Nov-2022 07:02:07.083,-35.20957006232594,-5.838338653273866,9.420180320739746,4.0,38.272271641990606,80.42818450927734,-0.28,2.38,10.86,0.14,13.33,0.03,-0.01,-0.29,0.18,14.9,7.45,29.4,23.14,94,34.33,25.21,1009.6,14.5,686.9,2,262.21,73.16,229,1924,0,86,-,19.22,16.08,1317,23.14,1.59,1.22,20.28,28.24,-16.41,0,0,-,1.18,4,38.27,80.43,-5.84,-35.21,26,13.62,-,36,36.15,12.48,8.01,3.33,102.13,35.25,0,0.04,69.78,0,30.22,1470.5,3.53,1670,33.91,29,14.12,-7.5,-,12.37,8.08,34.95,10.74,330.82,1560.08,1147.47,412.61,-12.49,14.14,14.4,27
Fri Nov 04 07:02:07 GMT-03:00 2022,04-Nov-2022 07:02:08.081,-35.20951430599752,-5.838327488355666,6.495809078216553,4.0,37.91762638426569,80.11756896972656,0.07,5.68,9.07,0.1,12.94,0.22,0.01,0.06,0.24,14.9,7.45,29.4,23.14,94,34.31,25.2,1009.67,14.5,684.9,2,261.9,105.33,229,1924,0,86,-,18.82,15.69,1306,23.14,1.59,1.15,19.25,28.24,-17.97,0,0,-,1.18,4,37.92,80.12,-5.84,-35.21,24,13.91,-,36,25.11,12.48,8.01,3.16,70.93,35.25,0,0,69.8,0,30.2,1470.5,3.14,1671,23.38,20,13.33,-10.5,-,12.38,8.08,34.98,10.74,330.82,1561.09,1148.48,412.61,-12.18,14.12,14.3,24
Fri Nov 04 07:02:08 GMT-03:00 2022,04-Nov-2022 07:02:09.081,-35.2094654704016,-5.838318282254712,5.729618072509766,4.0,37.85078956960042,80.02449035644531,-0.29,5.48,7.65,-0.03,13.33,-0.1,-0.05,-0.06,-0.07,18.43,9.41,29.4,23.14,94,34.3,25.2,1009.74,14.5,684.9,2,261.62,123.25,229.01,1924,0,86,-,27.06,18.43,1108.5,23.14,1.59,0.93,15.53,28.24,-14.84,0,0,-,1.18,4,37.85,80.02,-5.84,-35.21,24,6.38,-,36,21.46,12.48,8.01,2.55,60.62,35.25,0.14,0.05,69.82,0,30.18,1470.5,3.53,1672,20.63,17,15.29,13.5,-,12.39,8.07,35,10.76,330.82,1562.1,1149.49,412.61,-12.61,14.08,14.3,21
Fri Nov 04 07:02:09 GMT-03:00 2022,04-Nov-2022 07:02:10.082,-35.2094134761659,-5.838307622077681,6.119820594787598,4.0,37.35478782652373,80.10723114013672,-0.35,6.3,7.53,0.01,18.82,-0.01,-0.04,0.09,-0.08,24.71,12.94,14.06,23.14,94,34.28,25.2,1009.72,14.5,684.9,0.96,262.63,768.77,235.37,1924,0,86,-,59.22,40.78,1889,23.14,1.6,4.94,82.35,29.02,-14.84,0,0,-,1.18,4,37.35,80.11,-5.84,-35.21,23,2.37,-,36,3.44,12.48,8.01,13.52,9.72,35.25,0.14,0.05,69.84,0,30.16,1469.74,8.63,1673,22.03,23,15.29,13.5,-,12.38,8.08,34.98,10.76,330.85,1563.1,1150.49,412.61,-2.69,14.08,14.4,36
Fri Nov 04 07:02:10 GMT-03:00 2022,04-Nov-2022 07:02:11.080,-35.20934445156651,-5.838294170170483,7.620316982269287,4.0,36.94530328212554,80.11652374267578,-0.17,6.47,7.53,0.02,23.14,0.03,-0.03,0.09,-0.01,31.76,12.94,14.7,23.14,94,34.28,25.2,1009.76,14.5,674,1,262.63,768.77,235.37,1924,0,86,-,59.22,40.78,1889,23.14,1.6,4.94,82.35,29.02,-14.06,0,0,-,1.18,4,36.95,80.12,-5.84,-35.21,24,2.37,-,36,3.44,12.48,8.01,13.52,9.72,35.25,0.8,0.86,69.86,0,30.14,1469.74,13.33,1673,27.43,23,22.75,18.5,-,12.38,8.08,34.98,10.76,330.85,1564.1,1151.49,412.61,-2.69,14.06,14.4,36
Fri Nov 04 07:02:11 GMT-03:00 2022,04-Nov-2022 07:02:12.081,-35.209263701744526,-5.838279676814858,9.127636909484863,4.0,36.57241877218,80.1480484008789,-0.47,6.27,6.9,-0.04,23.14,0.04,-0.02,0.14,-0.05,31.76,16.47,14.7,23.14,94,34.28,25.2,1009.8,14.5,674,1,263.63,761.13,235.37,1924,0,85,-,75.29,60.78,1826.5,23.14,1.6,6.62,110.31,29.02,-13.28,0.78,3.12,-,1.19,4,36.57,80.15,-5.84,-35.21,26,4.57,-,36,3.48,12.48,8.01,18.11,9.82,35.25,0.14,0.79,69.88,0,30.12,1472.71,15.69,1675,32.86,32,25.1,18,-,12.37,8.08,34.96,10.79,330.85,1565.1,1152.49,412.61,-5.22,14.1,14.4,42
Fri Nov 04 07:02:12 GMT-03:00 2022,04-Nov-2022 07:02:13.081,-35.2091685144733,-5.838262105502027,10.963275909423828,4.0,36.673841451287075,80.28680419921875,-0.8,6.23,8.04,0.05,25.49,0,0.01,0.1,-0.05,33.33,17.25,14.7,23.14,94,34.28,25.21,1009.79,14.5,673.1,1,264.53,718.04,235.36,1924,0,85,-,76.86,65.88,2266,23.14,1.6,8.69,144.78,29.02,-13.28,0.78,-1.56,-,1.19,4,36.67,80.29,-5.84,-35.21,23,4.14,-,36,3.68,12.48,8.01,23.77,10.41,35.25,0.79,0.76,69.9,0,30.1,1473.04,15.29,1676,39.47,37,26.27,18.5,-,12.37,8.09,34.94,10.79,330.87,1566.09,1153.48,412.61,-1.9,14.08,14.4,53
Fri Nov 04 07:02:13 GMT-03:00 2022,04-Nov-2022 07:02:14.081,-35.20906514352586,-5.83824402852044,11.728813171386719,4.0,36.45520904062227,80.8044204711914,0.18,6.45,7.49,0.02,25.1,-0.02,0.04,0.06,-0.06,32.16,16.47,14.7,23.14,94,34.29,25.22,1009.81,14.5,673.1,1,265.34,667.51,235.36,1924,0,84,21.84,74.9,61.96,2506.5,23.14,1.61,9.34,155.63,29.02,-13.28,0.78,-1.56,-,1.19,4,36.46,80.8,-5.84,-35.21,22,2.53,29.29,35,3.96,12.48,8.01,25.55,11.19,35.25,0.79,0.76,69.92,0,30.08,1476.93,15.29,1677,42.22,42,26.27,18,83.22,12.36,8.09,34.92,10.81,330.87,1567.08,1154.47,412.61,-3.59,14.08,14.4,58
Fri Nov 04 07:02:14 GMT-03:00 2022,04-Nov-2022 07:02:15.081,-35.20895504438314,-5.838225100398279,12.69474983215332,4.0,36.384880059063406,81.33493041992188,-0.14,6.37,8.81,0.12,23.14,-0.06,-0.07,0,-0.06,30.59,15.69,14.7,23.14,94,34.29,25.22,1009.77,14.5,685.7,1,265.34,667.51,235.36,1924,0,84,21.84,74.9,58.43,2506.5,23.14,1.61,9.34,155.63,29.02,-13.28,0.78,-3.12,-,1.19,4,36.38,81.33,-5.84,-35.21,22,2.53,29.29,35,3.96,12.48,8.01,25.55,11.19,35.25,0.75,0.73,69.94,0,30.06,1473.88,13.33,1677,45.7,42,27.06,18,83.22,12.36,8.09,34.92,10.81,330.89,1568.09,1155.48,412.61,-3.59,13.98,14.3,58
Fri Nov 04 07:02:15 GMT-03:00 2022,04-Nov-2022 07:02:16.082,-35.2088355192939,-5.838207350918852,13.365690231323242,4.0,36.431506590002435,81.87169647216797,-0.89,6.06,7.75,0.02,24.71,0,-0.04,0.09,-0.06,31.76,16.08,14.7,23.14,94,34.31,25.24,1009.78,14.5,685.7,1,265.71,450.64,232.18,1924,0,85,13.97,75.29,58.43,2016,23.14,1.61,7.16,119.26,28.63,-13.28,-0.78,0.78,-,1.19,4,36.43,81.87,-5.84,-35.21,23,1.3,18.74,35,5.87,12.48,8.01,19.58,16.58,35.25,0.13,0.7,69.96,0,30.04,1478.23,14.9,1678,48.12,47,24.71,18,66.18,12.36,8.09,34.9,10.83,330.92,1569.1,1156.48,412.61,-6.96,14,14.4,57
Fri Nov 04 07:02:16 GMT-03:00 2022,04-Nov-2022 07:02:17.082,-35.20871179200079,-5.838189547211808,13.883925437927246,4.0,36.703346807329616,81.59918212890625,-0.09,6.83,9.3,0.19,24.71,-0.02,0,0,-0.01,31.37,16.08,14.7,23.14,94,34.32,25.26,1009.69,14.5,696,1,265.98,403.32,232.17,1924,0,85,13.97,78.43,65.49,1936,23.14,1.61,7.17,119.45,28.63,-13.28,-1.56,0,-,1.2,4,36.7,81.6,-5.84,-35.21,22,0.88,18.74,35,6.56,12.48,8.01,19.61,18.53,35.25,0.12,0.69,69.97,0,30.03,1479.24,14.9,1679,49.98,49,25.1,18,66.18,12.35,8.1,34.89,10.83,330.92,1570.11,1157.49,412.61,-5.12,14.08,14.3,58
Fri Nov 04 07:02:17 GMT-03:00 2022,04-Nov-2022 07:02:18.082,-35.20858623575248,-5.838169843887799,14.143135070800781,4.0,37.419359124077445,81.10525512695312,-0.15,5.81,7.94,0.02,24.71,0.03,-0.04,0.1,-0.01,31.37,16.08,14.7,23.14,94,34.34,25.28,1009.64,14.5,696,1,266.21,378.57,228.99,1924,0,85,7.85,80,65.1,1874,23.14,1.62,7.01,116.89,28.24,-13.28,0,-3.12,-,1.2,4,37.42,81.11,-5.84,-35.21,23,0.02,10.52,35,6.99,12.48,8.01,19.19,19.74,35.24,0.34,0.69,69.99,0,30.01,1483.85,14.9,1680,50.92,50,25.49,16.5,39.98,12.35,8.1,34.88,10.86,330.94,1571.1,1158.49,412.61,-4.94,14.06,14.3,60
Fri Nov 04 07:02:18 GMT-03:00 2022,04-Nov-2022 07:02:19.081,-35.208459078929835,-5.8381510390467035,14.154398918151855,4.0,38.36426158825804,81.24282836914062,-0.51,5.76,7.16,-0.05,23.92,0.08,-0.07,0.12,0.01,32.16,16.47,14.7,23.14,94,34.34,25.28,1009.55,14.5,702.3,1,266.21,378.57,228.99,1924,0,85,7.85,80,63.14,1874,23.14,1.62,7.01,116.89,28.24,-13.28,0,-3.12,-,1.2,4,38.36,81.24,-5.84,-35.21,22,0.02,10.52,35,6.99,12.48,8.01,19.19,19.74,35.24,0.34,0.68,70.01,0,29.99,1480.04,14.12,1680,50.96,50,25.49,16.5,39.98,12.35,8.1,34.88,10.86,330.94,1572.11,1159.49,412.61,-4.94,14.06,14.4,60
Fri Nov 04 07:02:19 GMT-03:00 2022,04-Nov-2022 07:02:20.082,-35.20833315325246,-5.838132964485406,14.023356437683105,4.0,39.53083526328499,81.50057220458984,-0.48,6.34,7.68,0.03,23.92,-0.03,-0.07,0.06,-0.08,32.16,16.47,14.7,23.14,94,34.36,25.3,1009.44,14.5,702.3,1,266.35,338.71,228.99,1924,0,85,7.85,75.69,62.75,1827,23.14,1.62,6.4,106.72,28.24,-13.28,3.12,2.34,-,1.2,4,39.53,81.5,-5.84,-35.21,22,0.96,10.52,35,7.81,12.48,8.01,17.52,22.06,35.24,0.56,0.63,70.03,0,29.97,1480.04,14.12,1682,50.48,50,24.31,18,39.98,12.34,8.1,34.87,10.89,330.97,1573.11,1160.5,412.61,-5.48,14.08,14.4,60
Fri Nov 04 07:02:20 GMT-03:00 2022,04-Nov-2022 07:02:21.081,-35.20820587072005,-5.838114662259706,13.874288558959961,4.0,40.676760005448934,81.55899047851562,-0.37,5.75,7.17,-0.05,24.31,-0.16,0,-0.05,-0.14,32.16,16.47,14.7,23.14,94,34.37,25.32,1009.27,14.5,706.5,1,266.51,347.41,228.98,1924,0,85,7.85,75.69,63.14,1868.5,23.14,1.62,6.57,109.46,28.24,-13.28,1.56,0,-,1.2,4,40.68,81.56,-5.84,-35.21,22,0.48,10.52,35,7.61,12.48,8.01,17.97,21.51,35.24,0.74,0.63,70.05,0,29.95,1476.19,14.12,1683,49.95,50,24.71,17,39.98,12.34,8.1,34.86,10.89,330.97,1574.09,1161.47,412.61,-5.01,14.08,14.3,61
Fri Nov 04 07:02:21 GMT-03:00 2022,04-Nov-2022 07:02:22.084,-35.20808067767655,-5.838097035529051,13.822174072265625,4.0,41.61536617095085,81.55406188964844,-0.51,5.8,6.99,-0.06,24.31,0,-0.07,0.06,-0.03,32.16,16.47,14.7,23.14,94,34.39,25.34,1009.15,14.5,706.5,1,266.67,346.25,228.98,1925,0,85,-,75.69,63.14,1861,23.14,1.63,6.55,109.09,28.24,-13.28,0,-1.56,-,1.2,4,41.62,81.55,-5.84,-35.21,23,0.95,-,35,7.64,12.48,8.02,17.91,21.58,35.24,0.69,0.63,70.07,0,29.93,1476.19,14.51,1684,49.76,49,24.71,17,-,12.34,8.11,34.85,10.92,331,1575.11,1162.5,412.61,-5.25,14.08,14.3,61
Fri Nov 04 07:02:22 GMT-03:00 2022,04-Nov-2022 07:02:23.082,-35.20795573843473,-5.83807879331882,13.8698148727417,4.0,42.43773880489401,81.60497283935547,-0.49,6.03,7.53,-0,24.31,-0.06,-0.02,0.02,-0.09,31.76,16.47,14.7,23.14,94,34.4,25.36,1009.06,14.5,706.5,1,266.9,380.15,228.98,1925,0,85,-,74.12,62.35,2047,23.14,1.63,7.04,117.38,28.24,-13.28,-1.56,-1.56,-,1.21,4,42.44,81.6,-5.84,-35.21,23,0.24,-,35,6.96,12.48,8.02,19.27,19.65,35.24,0.69,0.63,70.09,0,29.91,1476.95,14.51,1686,49.93,50,24.71,17,-,12.33,8.11,34.84,10.92,331,1576.1,1163.49,412.61,-4.51,14.08,14.3,63
Fri Nov 04 07:02:23 GMT-03:00 2022,04-Nov-2022 07:02:24.082,-35.20782906487596,-5.838060489185459,14.119747161865234,4.0,42.952069919984986,81.79907989501953,-0.56,6.12,7.4,-0.01,23.53,0,-0.03,0.03,-0.01,30.98,16.08,14.7,23.14,94,34.42,25.38,1009,14.5,711.2,1,267.13,384.34,228.98,1925,0,85,5.12,74.12,60,2207.5,23.14,1.63,7.27,121.09,28.24,-13.28,-1.56,-3.91,-,1.21,4,42.95,81.8,-5.84,-35.21,24,1.07,6.87,34,6.88,12.48,8.02,19.88,19.44,35.24,0.4,0.62,70.11,0,29.89,1481.62,13.73,1687,50.83,51,24.31,19.5,22.15,12.33,8.11,34.82,10.95,331,1577.09,1164.48,412.61,-5.16,14.08,14.3,63
Fri Nov 04 07:02:24 GMT-03:00 2022,04-Nov-2022 07:02:25.082,-35.20769953041377,-5.838042103908723,14.456449508666992,4.0,43.27301078714648,81.87068939208984,-0.63,5.25,8.17,0,20.78,-0.02,-0.02,-0.02,0,21.18,10.98,14.7,23.14,94,34.44,25.4,1008.96,14.5,711.2,1,266.98,190.49,228.98,1925,0,85,5.12,31.76,46.27,2219.5,23.14,1.64,3.67,61.22,28.24,-13.28,1.56,-2.34,-,1.21,4,43.27,81.87,-5.84,-35.21,21,0.17,6.87,34,13.89,12.48,8.02,10.05,39.22,35.24,0.52,0.62,70.13,0,29.87,1477.81,12.16,1688,52.04,51,23.53,20,22.15,12.33,8.11,34.83,10.95,331.03,1578.09,1165.48,412.61,-10.12,14.08,14.4,54
Fri Nov 04 07:02:25 GMT-03:00 2022,04-Nov-2022 07:02:26.083,-35.20756914737305,-5.838023830609997,14.339653015136719,4.0,43.381120585282495,82.06399536132812,-0.88,5.2,8.32,0.02,14.12,-0.09,-0.05,-0.03,-0.07,14.9,7.45,14.7,23.14,94,34.44,25.4,1008.92,14.5,711.2,1,266.98,190.49,228.98,1925,0,85,5.12,31.76,13.73,2219.5,23.14,1.64,3.67,61.22,27.84,-14.84,1.56,2.34,-,1.21,4,43.38,82.06,-5.84,-35.21,27,0.17,6.87,34,13.89,12.48,8.02,10.05,39.22,35.24,0.09,0.58,70.15,0,29.85,1477.81,4.31,1689,51.62,51,15.29,8,22.15,12.33,8.11,34.83,10.98,331.06,1579.1,1166.49,412.61,-10.12,14.14,14.4,54
Fri Nov 04 07:02:26 GMT-03:00 2022,04-Nov-2022 07:02:27.081,-35.20744481745245,-5.83800761039569,13.993685722351074,4.0,43.24395667882496,82.14226531982422,-0.53,5.06,8.22,-0,14.12,0.03,-0.03,-0.04,0.08,14.9,7.45,14.7,23.14,94,34.46,25.42,1008.97,14.5,711.2,1,266.62,86.24,225.8,1925,0,86,5.12,14.9,13.73,2141.5,23.14,1.64,1.66,27.71,27.84,-14.84,0,0,-,1.21,4,43.24,82.14,-5.84,-35.21,28,2.62,6.87,35,30.67,12.48,8.01,4.55,86.64,35.24,0.01,0.55,70.16,0,29.84,1473.9,4.31,1689,50.38,49,14.12,3,22.15,12.34,8.1,34.87,10.98,331.06,1580.11,1167.49,412.61,-12.53,14.12,14.4,44
Fri Nov 04 07:02:27 GMT-03:00 2022,04-Nov-2022 07:02:28.081,-35.20732276616776,-5.8379923234080575,13.632234573364258,4.0,43.03634995185574,82.01811218261719,-0.13,4.76,7.73,-0.06,13.73,-0.02,0.02,-0.05,0.01,14.9,7.45,29.4,23.14,94,34.47,25.43,1009.05,14.5,714.6,2,266.25,79.9,228.98,1925,0,86,-,14.9,12.55,1976.5,23.14,1.64,1.48,24.67,28.24,-16.41,0,0,-,1.21,4,43.04,82.02,-5.84,-35.21,28,2.38,-,35,33.1,12.48,8.01,4.05,93.52,35.25,0.01,0.55,70.18,0,29.82,1473.9,3.53,1691,49.08,48,14.12,2,-,12.36,8.09,34.91,11,331.09,1581.1,1168.49,412.61,-12.68,14.12,14.3,36
Fri Nov 04 07:02:28 GMT-03:00 2022,04-Nov-2022 07:02:29.083,-35.20720373167558,-5.83797723854562,13.316949844360352,4.0,42.6994829932799,81.82073211669922,-0.43,4.9,7.82,-0.05,13.73,-0.04,-0.04,-0.05,-0.01,14.9,7.45,29.4,23.14,94,34.48,25.45,1009.04,14.5,714.6,2,265.88,79.95,228.99,1925,0,86,-,15.29,12.94,1949,23.14,1.64,1.45,24.18,28.24,-16.41,0,0,-,1.21,4,42.7,81.82,-5.84,-35.21,27,2.08,-,35,33.08,12.48,8.01,3.97,93.45,35.25,0,0,70.2,0,29.8,1470.21,3.53,1692,47.94,47,14.12,0.5,-,12.38,8.08,34.96,11,331.09,1582.08,1169.47,412.61,-12.57,14.12,14.4,30
Fri Nov 04 07:02:29 GMT-03:00 2022,04-Nov-2022 07:02:30.083,-35.2070879123554,-5.83796015582669,13.064431190490723,4.0,42.41196131516994,81.60308837890625,-0.03,4.89,8.91,0.05,13.73,0.07,0,0.01,0.09,14.9,7.45,29.4,23.14,94,34.48,25.45,1009.07,14.5,713.5,2,265.88,79.95,228.99,1925,0,85,-,15.29,13.33,1949,23.14,1.64,1.45,24.18,28.24,-16.41,0,0,-,1.21,4,42.41,81.6,-5.84,-35.21,25,2.08,-,35,33.08,12.48,8.01,3.97,93.45,35.25,0,0,70.22,0,29.78,1470.21,3.92,1693,47.03,47,14.12,0.5,-,12.38,8.08,34.96,11.03,331.09,1583.09,1170.48,412.61,-12.57,14.12,14.3,30
Fri Nov 04 07:02:30 GMT-03:00 2022,04-Nov-2022 07:02:31.083,-35.206976089845114,-5.837944443639992,12.573834419250488,4.0,42.31060781903495,81.79650115966797,-0.09,4.68,9.32,-0.01,13.73,0.06,0,-0.05,0.12,14.9,7.45,29.4,23.14,94,34.49,25.47,1009.13,14.5,711.7,2,265.51,83.3,229,1925,0,85,-,16.47,13.33,1895.5,23.14,1.64,1.48,24.67,28.24,-16.41,0,0,-,1.21,4,42.31,81.8,-5.84,-35.21,26,2.03,-,35,31.75,12.48,8.01,4.05,89.7,35.25,0,0,70.24,0,29.76,1466.71,3.92,1693,45.27,45,14.12,-1.5,-,12.39,8.07,35,11.03,331.11,1584.09,1171.48,412.61,-12.5,14.04,14.3,26
Fri Nov 04 07:02:31 GMT-03:00 2022,04-Nov-2022 07:02:32.082,-35.20687539791566,-5.837929537303574,11.254125595092773,4.0,42.22063607032434,81.99970245361328,0,4.85,9.4,0.09,13.73,0.03,-0.01,-0.12,0.12,14.9,7.45,29.4,23.14,94,34.5,25.48,1009.19,14.5,711.7,2,265.16,90.01,229.01,1925,0,85,-,17.65,14.12,1740,23.14,1.64,1.53,25.52,28.24,-16.41,0,0,-,1.21,4,42.22,82,-5.84,-35.21,24,5.27,-,35,29.39,12.48,8.01,4.19,83.01,35.25,0,0,70.26,0,29.74,1466.71,3.53,1695,40.51,40,14.12,-4.5,-,12.4,8.06,35.04,11.05,331.11,1585.09,1172.48,412.61,-12.37,14.06,14.3,23
Fri Nov 04 07:02:32 GMT-03:00 2022,04-Nov-2022 07:02:33.083,-35.20678317040561,-5.837917421705441,10.365666389465332,4.0,42.24050184252204,82.2861328125,-0.41,3.59,9.04,0.01,13.73,-0.01,0.01,-0.19,0.1,14.9,7.45,29.4,23.14,94,34.5,25.49,1009.18,14.5,711.7,2,264.83,97.15,229.02,1925,0,85,-,20.78,15.69,1523.5,23.14,1.64,1.47,24.49,28.24,-16.41,0,0,-,1.21,4,42.24,82.29,-5.84,-35.21,23,4.51,-,36,27.23,12.48,8.01,4.02,76.91,35.25,0,0,70.28,0,29.72,1463.56,3.53,1696,37.32,36,13.33,12,-,12.42,8.05,35.07,11.05,331.14,1586.07,1173.46,412.61,-12.27,14,14.3,21
Fri Nov 04 07:02:33 GMT-03:00 2022,04-Nov-2022 07:02:34.082,-35.20670750497554,-5.837907002780572,8.405924797058105,4.0,42.200739858245946,82.72628021240234,-0.36,3.46,9.76,0.07,13.33,0.07,-0.03,-0.21,0.2,14.9,7.45,23.41,23.14,94,34.49,25.49,1009.25,14.5,709,1.59,264.48,91.56,229.03,1925,0,84,-,20.78,21.18,968,23.14,1.64,1.25,20.77,28.24,-16.41,0,0,-,1.21,4,42.2,82.73,-5.84,-35.21,21,10.32,-,36,28.89,12.48,8.01,3.41,81.6,35.25,0,0,70.3,0,29.7,1463.56,3.14,1697,30.26,27,13.33,12,-,12.43,8.05,35.11,11.07,331.14,1587.09,1174.48,412.61,-12.34,14,14.3,19
Fri Nov 04 07:02:34 GMT-03:00 2022,04-Nov-2022 07:02:35.082,-35.206657043306855,-5.837899800092272,5.814488410949707,4.0,42.16013915494973,82.99409484863281,-0.57,5.73,9.95,0.18,12.94,0.17,-0.04,0.06,0.17,14.9,7.45,13.26,23.14,94,34.49,25.49,1009.28,14.5,706.1,0.9,264.48,91.56,229.03,1925,0,84,-,27.84,21.18,968,23.14,1.64,1.25,20.77,28.24,-17.97,0,0,-,1.21,4,42.16,82.99,-5.84,-35.21,23,10.32,-,36,28.89,12.48,8.01,3.41,81.6,35.25,0.88,0.09,70.32,0,29.68,1461.08,3.14,1697,20.93,27,13.33,5,-,12.43,8.05,35.11,11.07,331.15,1588.11,1175.5,412.61,-12.34,14.12,14.4,19
Fri Nov 04 07:02:35 GMT-03:00 2022,04-Nov-2022 07:02:36.082,-35.20661398743308,-5.837894257317156,4.714642524719238,4.0,42.063927523150134,82.82306671142578,-0.91,5.42,7.81,-0.01,17.65,0,-0.04,0.01,0,25.1,7.45,13.25,23.14,94,34.47,25.48,1009.31,14.5,706.1,0.9,264.14,95.23,235.4,1925,0,84,-,20,16.47,1042,23.14,1.64,0.97,16.2,29.02,-17.97,0,0,-,1.22,4,42.06,82.82,-5.84,-35.21,21,4.93,-,36,27.77,12.48,8.01,2.66,78.46,35.25,0.73,0.11,70.33,0,29.67,1461.08,7.84,1699,16.97,16,12.94,6.5,-,12.44,8.04,35.15,11.07,331.15,1589.09,1176.48,412.61,-11.84,14.08,14.3,19
Fri Nov 04 07:02:36 GMT-03:00 2022,04-Nov-2022 07:02:37.080,-35.20656934690041,-5.837886835698869,4.949001789093018,4.0,42.339567159414514,82.5920639038086,-0.4,6.02,7.63,0,20.78,0,-0.02,0.13,-0.08,27.84,14.51,13.67,23.14,94,34.46,25.47,1009.28,14.5,706.1,0.93,265.06,721.36,235.4,1925,0,84,-,52.55,50.2,1696,23.14,1.64,4.36,72.73,29.02,-14.06,0,0,-,1.22,4,42.34,82.59,-5.84,-35.21,22,0.03,-,36,3.67,12.48,8.01,11.94,10.36,35.25,0.81,0.14,70.35,0,29.65,1462.61,10.98,1700,17.82,17,20,20,-,12.43,8.04,35.13,11.07,331.15,1590.09,1177.48,412.61,-3.41,14.08,14.4,33
Fri Nov 04 07:02:37 GMT-03:00 2022,04-Nov-2022 07:02:38.082,-35.20651540094124,-5.83787828749684,5.843174457550049,4.0,42.277405036721156,82.43627166748047,-0.31,6.62,7.49,0.03,20.78,0.05,0.01,0.12,-0.01,27.84,14.51,13.67,23.14,94,34.44,25.47,1009.21,14.5,706.1,0.93,266.27,874.53,235.4,1925,0,84,4.75,62.75,50.2,1831,23.14,1.64,5.62,93.68,29.02,-14.06,0,0,-,1.22,4,42.28,82.44,-5.84,-35.21,23,2.18,6.37,36,3.02,12.48,8.01,15.38,8.54,35.25,0.8,0.87,70.37,0,29.63,1463.8,10.98,1700,21.04,20,21.57,18.5,24.79,12.43,8.05,35.1,11.1,331.16,1591.08,1178.47,412.61,-5.72,14.06,14.4,40
Fri Nov 04 07:02:38 GMT-03:00 2022,04-Nov-2022 07:02:39.082,-35.20645214539931,-5.837868440975236,6.849482536315918,4.0,42.455206495947344,82.28854370117188,-0.29,6.29,8.15,0.06,21.57,-0.01,-0.1,0.09,-0.09,30.2,15.29,14.7,23.14,94,34.44,25.47,1009.19,14.5,685.5,1,266.27,874.53,235.4,1925,0,84,4.75,62.75,58.43,1831,23.14,1.64,5.62,93.68,29.02,-14.06,0,0,-,1.22,4,42.46,82.29,-5.84,-35.21,24,2.18,6.37,36,3.02,12.48,8.01,15.38,8.54,35.25,0.8,0.87,70.39,0,29.61,1460.96,11.76,1702,24.66,20,21.57,18.5,24.79,12.43,8.05,35.1,11.1,331.18,1592.09,1179.48,412.61,-5.72,14.06,14.3,40
Fri Nov 04 07:02:39 GMT-03:00 2022,04-Nov-2022 07:02:40.081,-35.20638350664513,-5.8378580254463515,7.709749698638916,4.0,42.262615269425204,82.27185821533203,-0.7,6.29,7.41,0.01,20.78,-0.04,-0.05,0.05,-0.08,30.2,15.29,14.7,23.14,94,34.43,25.47,1009.18,14.5,680.1,1,267.09,676.17,235.4,1925,0,84,9.05,69.8,56.47,1561,23.14,1.65,5.11,85.21,29.02,-14.06,0.78,2.34,-,1.22,4,42.26,82.27,-5.84,-35.21,24,1.34,12.14,35,3.91,12.48,8.01,13.99,11.05,35.25,0.13,0.79,70.41,0,29.59,1463.3,10.98,1702,27.76,26,20.78,18.5,55.36,12.42,8.05,35.09,11.1,331.18,1593.09,1180.48,412.61,-7.11,14.08,14.4,42
Fri Nov 04 07:02:40 GMT-03:00 2022,04-Nov-2022 07:02:41.081,-35.206305532805125,-5.837846571856334,8.63978385925293,4.0,42.23561319567091,82.08457946777344,-0.07,5.9,8.37,0.05,17.65,0,-0.04,0.01,0,14.9,7.84,14.7,23.14,94,34.43,25.47,1009.16,14.5,680.1,1,267.62,534.63,235.39,1925,0,84,12.13,68.63,42.35,1641,23.14,1.65,5.26,87.59,29.02,-14.06,-0.78,-1.56,-,1.22,4,42.24,82.08,-5.84,-35.21,25,2.24,16.26,35,4.95,12.48,8.01,14.38,13.98,35.25,0.19,0.76,70.43,0,29.57,1466.01,7.84,1703,31.1,30,20.78,18.5,70.56,12.41,8.05,35.07,11.12,331.18,1594.09,1181.48,412.61,-5.61,14.14,14.4,47
Fri Nov 04 07:02:41 GMT-03:00 2022,04-Nov-2022 07:02:42.081,-35.20622533528166,-5.837834693678979,8.8789644241333,4.0,42.219152480796886,81.96847534179688,-0.32,5.49,8.22,0.02,13.33,0,-0.02,0,0,18.43,10.98,14.7,23.14,94,34.42,25.48,1009.25,14.5,680.1,1,267.49,201.06,235.39,1925,0,84,12.13,36.08,42.35,1445.5,23.14,1.65,2.28,38.01,29.02,-16.41,3.91,4.69,-,1.22,4,42.22,81.97,-5.84,-35.21,25,0.1,16.26,35,13.15,12.48,8.01,6.24,37.16,35.25,0.09,0.75,70.44,0,29.56,1465.7,3.53,1704,31.96,31,14.51,-1.5,70.56,12.42,8.05,35.07,11.12,331.2,1595.09,1182.47,412.61,-10.83,14.12,14.4,41
Fri Nov 04 07:02:42 GMT-03:00 2022,04-Nov-2022 07:02:43.083,-35.206145294551355,-5.837823571699688,8.871123313903809,4.0,42.22155714420315,82.56342315673828,0.09,5.83,7.94,0.05,13.33,-0.01,0,0.01,-0.02,18.43,10.98,14.7,23.14,94,34.42,25.48,1009.21,14.5,680.1,1,267.37,208.61,232.21,1925,0,84,12.13,40,19.61,1311.5,23.14,1.65,2.44,40.75,28.63,-16.41,1.56,4.69,-,1.22,4,42.22,82.56,-5.84,-35.21,24,0.96,16.26,35,12.68,12.48,8.01,6.69,35.82,35.25,0.09,0.75,70.46,0,29.54,1465.7,3.53,1706,31.94,31,14.51,21,70.56,12.42,8.05,35.07,11.14,331.2,1596.1,1183.49,412.61,-10.04,14.12,14.4,38
Fri Nov 04 07:02:43 GMT-03:00 2022,04-Nov-2022 07:02:44.082,-35.2060642299296,-5.837815903409795,9.006596565246582,4.0,42.25796356259082,85.16633605957031,0.19,5.29,8.27,0.01,14.51,-0.05,0.01,-0.01,-0.03,18.82,9.8,14.7,23.14,94,34.42,25.49,1009.21,14.5,676.4,1,267.06,112.57,232.21,1925,0,84,3.39,25.88,26.27,1223.5,23.14,1.65,1.32,21.99,28.63,-15.62,-3.12,0,-,1.22,4,42.26,85.17,-5.84,-35.21,25,0.06,4.54,35,23.5,12.48,8.01,3.61,66.37,35.25,0.65,0.74,70.48,0,29.52,1466.21,4.71,1707,32.42,32,16.08,27.5,26.42,12.42,8.05,35.1,11.14,331.22,1597.08,1184.47,412.61,-11.85,14.08,14.3,33
Fri Nov 04 07:02:44 GMT-03:00 2022,04-Nov-2022 07:02:45.082,-35.20598263695105,-5.837812871200872,8.9752779006958,4.0,42.25019724490269,89.16232299804688,0.63,4.7,8.3,-0.01,13.33,0.01,0.1,-0.02,0.03,19.61,10.2,14.7,23.14,94,34.41,25.49,1009.2,14.5,676.4,1,266.81,137.45,232.21,1925,0,84,3.39,27.06,19.22,1192,23.14,1.65,1.66,27.71,28.63,-17.19,-0.78,-3.91,-,1.22,4,42.25,89.16,-5.84,-35.21,24,1.42,4.54,35,19.24,12.48,8.01,4.55,54.36,35.25,0.68,0.73,70.5,0,29.5,1466.21,3.53,1708,32.31,31,13.33,-3,26.42,12.43,8.05,35.11,11.16,331.22,1598.1,1185.49,412.61,-10.91,14.08,14.4,31
Fri Nov 04 07:02:45 GMT-03:00 2022,04-Nov-2022 07:02:46.082,-35.20592245119361,-5.8378125102441,6.539379119873047,4.0,42.22297205304272,96.54199981689453,-0.16,3.56,9.46,0.04,12.94,0.04,-0.02,-0.19,0.16,14.9,7.45,14.7,23.14,94,34.4,25.49,1009.21,14.5,676.4,1,266.45,89.8,229.03,1925,0,85,3.39,27.06,17.65,1146,23.14,1.65,1.05,17.54,28.24,-17.19,-0.78,0,-,1.22,4,42.22,96.54,-5.84,-35.21,24,8.31,4.54,35,29.45,12.48,8.01,2.88,83.2,35.25,0.07,0.73,70.52,0,29.48,1463.84,3.14,1709,23.54,24,13.33,-3,26.42,12.44,8.04,35.15,11.16,331.24,1599.09,1186.48,412.61,-12.17,14.08,14.4,27
Fri Nov 04 07:02:46 GMT-03:00 2022,04-Nov-2022 07:02:47.082,-35.20587429724078,-5.837819701303191,5.642765045166016,4.0,42.37256567191057,99.2167739868164,-0.71,5.19,8.02,-0.01,12.94,-0.01,-0.03,-0.03,0.01,14.9,7.45,14.7,23.14,94,34.4,25.49,1009.26,14.5,674.1,1,266.45,89.8,229.03,1925,0,85,3.39,25.49,17.65,1146,23.14,1.65,1.05,17.54,28.24,-17.19,3.91,1.56,-,1.22,4,42.37,99.22,-5.84,-35.21,21,8.31,4.54,36,29.45,12.48,8.01,2.88,83.2,35.25,0.81,0.73,70.54,0,29.46,1463.84,3.14,1709,20.31,24,12.94,0,26.42,12.44,8.04,35.15,11.16,331.24,1600.09,1187.48,412.61,-12.17,14.08,14.3,27
Fri Nov 04 07:02:47 GMT-03:00 2022,04-Nov-2022 07:02:48.081,-35.205835248658836,-5.837827279559439,4.623330116271973,4.0,42.3625250941383,100.50609588623047,-0.62,5.33,7.69,-0.03,12.94,-0.02,-0.01,0.02,-0.03,14.9,7.45,14.7,23.14,94,34.38,25.48,1009.21,14.5,674.1,1,266.23,156.28,229.04,1925,0,85,-,44.71,23.14,1018,23.14,1.65,1.42,23.63,28.24,-14.06,0.78,0,-,1.23,4,42.36,100.51,-5.84,-35.21,21,4.31,-,36,16.92,12.48,8.01,3.88,47.81,35.25,0.85,0.73,70.56,0,29.44,1463.84,10.98,1711,16.64,16,20.39,0,-,12.45,8.03,35.16,11.17,331.26,1601.1,1188.49,412.61,-11.23,14.06,14.3,26
Fri Nov 04 07:02:48 GMT-03:00 2022,04-Nov-2022 07:02:49.082,-35.20579267689069,-5.837835787277356,4.768965721130371,4.0,42.345380003575706,102.4217529296875,-0.61,6.74,6.44,-0.04,20.78,0.03,-0.03,0.1,-0.01,25.88,13.33,14.7,23.14,94,34.37,25.47,1009.2,14.5,670.7,1,267.65,974.5,229.04,1925,0,85,-,51.37,49.02,2364.5,23.14,1.66,5.89,98.25,28.24,-13.28,4.69,3.12,-,1.23,4,42.35,102.42,-5.84,-35.21,23,0.36,-,36,2.71,12.48,8.01,16.13,7.67,35.25,0.71,0.72,70.57,0,29.43,1463.21,10.98,1712,17.17,17,20.39,21.5,-,12.44,8.04,35.14,11.17,331.26,1602.09,1189.48,412.61,0.84,14.06,14.3,45
Fri Nov 04 07:02:49 GMT-03:00 2022,04-Nov-2022 07:02:50.083,-35.205738414772064,-5.837847824586841,6.08982515335083,4.0,42.287491749677145,107.24626159667969,0.28,6.62,7.63,0.04,24.31,0,0.07,0.09,-0.06,29.41,14.9,14.7,23.14,94,34.35,25.47,1009.18,14.5,670.7,1,269.31,1099.14,229.04,1925,0,85,5.5,66.67,59.61,2152.5,23.14,1.66,7.06,117.74,28.24,-13.28,-3.12,3.12,-,1.23,4,42.29,107.25,-5.84,-35.21,21,3.83,7.38,36,2.41,12.48,8.01,19.33,6.8,35.25,0.71,0.72,70.59,0,29.41,1465.09,14.12,1713,21.92,21,20.39,21,24.41,12.43,8.04,35.12,11.17,331.26,1603.09,1190.48,412.61,-6.59,14.06,14.3,47
Fri Nov 04 07:02:50 GMT-03:00 2022,04-Nov-2022 07:02:51.081,-35.20567934068975,-5.837872936583116,6.976065635681152,4.0,42.12007518661442,115.47710418701172,0.4,6.29,7.41,0,24.31,-0.02,0.03,0.12,-0.12,30.98,16.08,14.7,23.14,94,34.35,25.47,1009.17,14.5,673,1,269.31,1099.14,229.04,1925,0,85,5.5,66.67,61.18,2152.5,23.14,1.66,7.06,117.74,28.24,-13.28,-3.12,3.12,-,1.23,4,42.12,115.48,-5.84,-35.21,25,3.83,7.38,36,2.41,12.48,8.01,19.33,6.8,35.25,0.17,0.71,70.61,0,29.39,1465.09,14.12,1713,25.11,21,23.14,21,24.41,12.43,8.04,35.12,11.19,331.26,1604.09,1191.48,412.61,-6.59,14.08,14.4,47
Fri Nov 04 07:02:51 GMT-03:00 2022,04-Nov-2022 07:02:52.082,-35.205615441009535,-5.8379133426268,8.104528427124023,4.0,41.97058042832811,126.51478576660156,1.54,6.3,6.91,-0.02,23.14,0.01,0.17,0.09,-0.06,31.37,16.08,14.7,23.14,94,34.35,25.47,1009.13,14.5,673,1,270.51,871.83,225.85,1925,0,85,11.82,68.24,57.65,2061.5,23.14,1.66,6.92,115.37,27.84,-13.28,0,-1.56,-,1.23,4,41.97,126.51,-5.84,-35.21,25,2.89,15.84,35,3.03,12.48,8.01,18.94,8.57,35.25,0.3,0.7,70.63,0,29.37,1465.24,12.55,1714,29.18,28,23.14,21,54.73,12.42,8.05,35.09,11.19,331.27,1605.1,1192.49,412.61,-5.98,14.14,14.4,50
Fri Nov 04 07:02:52 GMT-03:00 2022,04-Nov-2022 07:02:53.081,-35.205555067511696,-5.837971793448326,9.138855934143066,4.0,41.930586245072725,141.28555297851562,1.76,6.3,6.54,-0.05,23.53,0.08,0.23,0.1,0.01,30.59,15.69,14.7,23.14,94,34.34,25.48,1009.16,14.5,680.2,1,271.38,704.62,225.85,1925,0,85,11.82,70.2,58.04,2221,23.14,1.67,7.46,124.32,27.84,-13.28,0,-1.56,-,1.23,4,41.93,141.29,-5.84,-35.21,26,2.82,15.84,35,3.75,12.48,8.01,20.41,10.6,35.25,0.71,0.7,70.65,0,29.35,1468.1,13.73,1715,32.9,32,24.31,20,54.73,12.42,8.05,35.08,11.21,331.29,1606.1,1193.49,412.61,-4.95,14.08,14.4,53
Fri Nov 04 07:02:53 GMT-03:00 2022,04-Nov-2022 07:02:54.082,-35.205497960231824,-5.838043856661319,10.424238204956055,4.0,41.926501241491025,150.5715789794922,-0.3,6.32,7.32,0.04,23.53,0.09,0.03,0.11,0.03,30.59,15.69,14.7,23.14,94,34.34,25.49,1009.16,14.5,680.2,1,272.07,620.77,222.66,1925,0,85,15.28,69.41,58.04,2275,23.14,1.67,7.51,125.17,27.45,-13.28,0,-1.56,-,1.24,4,41.93,150.57,-5.84,-35.21,25,3.1,20.49,35,4.26,12.48,8.01,20.55,12.04,35.25,0.75,0.69,70.67,0,29.33,1469,13.73,1716,37.53,36,24.31,20,64.14,12.41,8.06,35.06,11.21,331.29,1607.09,1194.48,412.61,-5.57,14.02,14.4,55
Fri Nov 04 07:02:54 GMT-03:00 2022,04-Nov-2022 07:02:55.082,-35.2054502909754,-5.838137423679255,11.39924430847168,6.0,41.86118817937641,152.01290893554688,-0.87,6.59,8.19,0.09,22.75,-0.01,-0.07,0.08,-0.07,29.8,15.29,14.7,23.14,94,34.34,25.49,1009.13,14.5,689.1,1,272.07,620.77,222.66,1925,0,85,15.28,69.41,55.29,2275,23.14,1.67,7.51,125.17,27.45,-13.28,0,-1.56,-,1.24,6,41.86,152.01,-5.84,-35.21,26,3.1,20.49,35,4.26,12.48,8.01,20.55,12.04,35.25,0.75,0.69,70.68,0,29.32,1469,13.73,1718,41.04,36,24.31,20,64.14,12.41,8.06,35.06,11.21,331.29,1608.09,1195.48,412.61,-5.57,14.02,14.4,55
Fri Nov 04 07:02:55 GMT-03:00 2022,04-Nov-2022 07:02:56.082,-35.20539801291035,-5.838234532320488,12.278485298156738,6.0,41.79437514198271,151.1799774169922,-0.43,6.61,7.55,0.04,22.35,0,0,0.04,-0.01,30.59,15.69,14.7,23.14,94,34.35,25.5,1009.16,14.5,689.1,1,272.51,489.23,216.3,1925,0,85,17.93,63.92,58.04,2217.5,23.14,1.67,6.66,110.98,26.67,-13.28,0,-3.12,-,1.24,6,41.79,151.18,-5.84,-35.21,29,1.96,24.05,34,5.41,12.48,8.01,18.22,15.27,35.25,0.78,0.68,70.7,0,29.3,1472.84,12.55,1718,44.2,43,22.35,21.5,77.23,12.4,8.06,35.04,11.24,331.29,1609.09,1196.48,412.61,-6.77,14.08,14.4,54
Fri Nov 04 07:02:56 GMT-03:00 2022,04-Nov-2022 07:02:57.081,-35.20533985038046,-5.838336997658924,13.0425443649292,6.0,41.66228039389324,150.7572021484375,-0.66,6.6,8.17,0.08,24.31,-0.01,-0.03,0.12,-0.09,31.37,16.08,14.7,23.14,94,34.36,25.52,1009.11,14.5,698.2,1,272.85,443.76,216.3,1925,0,85,17.93,71.37,62.35,2144.5,23.14,1.68,7.21,120.24,26.67,-13.28,0.78,-1.56,-,1.24,6,41.66,150.76,-5.84,-35.21,28,0.8,24.05,34,5.96,12.48,8.01,19.74,16.84,35.25,0.75,0.67,70.72,0,29.28,1472.41,14.51,1719,46.95,45,24.31,19.5,77.23,12.4,8.06,35.03,11.24,331.33,1610.09,1197.48,412.61,-5.94,14.06,14.4,55
Fri Nov 04 07:02:57 GMT-03:00 2022,04-Nov-2022 07:02:58.081,-35.20527523970411,-5.838445807666365,13.869668006896973,6.0,41.55755270898549,150.64801025390625,-0.39,6.23,7.79,0.03,24.31,0.06,-0.03,0.06,0.04,31.37,16.08,14.7,23.14,94,34.38,25.53,1009.06,14.5,703.3,1,273.16,427.04,216.29,1925,0,85,13.16,69.8,62.35,2197,23.14,1.68,7.27,121.09,26.67,-13.28,-3.12,-3.91,-,1.24,6,41.56,150.65,-5.84,-35.21,25,1.05,17.65,34,6.19,12.48,8.01,19.88,17.5,35.25,0.18,0.65,70.74,0,29.26,1476.68,14.51,1720,49.93,48,23.14,20,57.2,12.4,8.07,35.01,11.27,331.35,1611.1,1198.49,412.61,-5.59,14.08,14.4,57
Fri Nov 04 07:02:58 GMT-03:00 2022,04-Nov-2022 07:02:59.081,-35.20520832201691,-5.83856114657951,14.580020904541016,6.0,41.31464825684968,151.36952209472656,-0.03,6.17,8.08,0.05,23.14,0,0,0.11,-0.06,31.76,16.47,14.7,23.14,94,34.4,25.55,1009.07,14.5,703.3,1,273.46,423.92,216.29,1925,0,86,15.66,69.8,59.61,2195,23.14,1.68,7.69,128.22,26.67,-13.28,-3.12,-3.91,-,1.25,6,41.31,151.37,-5.84,-35.21,23,0.51,21,34,6.24,12.48,8.01,21.05,17.63,35.25,0.18,0.65,70.76,0,29.24,1477.84,13.33,1722,52.49,53,23.14,20,68.13,12.39,8.07,35,11.27,331.35,1612.09,1199.48,412.61,-5.29,14.08,14.4,58
Fri Nov 04 07:02:59 GMT-03:00 2022,04-Nov-2022 07:03:00.082,-35.205139318657764,-5.838684712613517,15.36811351776123,6.0,40.99988861556171,152.3091278076172,-0,5.44,7.76,-0.02,23.14,-0.06,-0.01,0.01,-0.07,31.76,16.47,14.7,23.14,94,34.4,25.55,1009.1,14.5,703.3,1,273.46,423.92,216.29,1925,0,86,15.66,74.51,59.61,2195,23.14,1.68,7.69,128.22,26.67,-13.28,-0.78,-2.34,-,1.25,6,41,152.31,-5.84,-35.21,25,0.51,21,34,6.24,12.48,8.01,21.05,17.63,35.25,0.38,0.64,70.77,0,29.23,1477.84,13.33,1722,55.33,53,25.1,18.5,68.13,12.39,8.07,35,11.3,331.35,1613.09,1200.48,412.61,-5.29,14.06,14.4,58
Fri Nov 04 07:03:00 GMT-03:00 2022,04-Nov-2022 07:03:01.082,-35.205069514888855,-5.838812359240302,16.001008987426758,6.0,40.49471344246891,152.66856384277344,-0.14,5.66,8.17,0.02,19.61,0,0,0.04,-0.01,27.84,14.12,14.7,23.14,94,34.42,25.58,1009.11,14.5,709.7,1,273.51,300.76,216.29,1925,0,86,13.15,75.69,50.98,1753,23.14,1.69,6.03,100.44,26.67,-13.28,0,-2.34,-,1.25,6,40.49,152.67,-5.84,-35.21,22,1.67,17.63,34,8.79,12.48,8.01,16.49,24.84,35.25,0.38,0.64,70.79,0,29.21,1478.9,9.8,1724,57.6,57,25.1,18.5,71.63,12.39,8.07,34.99,11.3,331.38,1614.09,1201.48,412.61,-7.28,14.06,14.4,56
Fri Nov 04 07:03:01 GMT-03:00 2022,04-Nov-2022 07:03:02.080,-35.20499905911916,-5.83894378694855,16.50794792175293,6.0,39.885916591926154,152.7496795654297,-0.45,5.81,7.87,0.01,26.67,0.01,-0.05,0.08,-0.03,30.59,15.69,14.7,23.14,94,34.42,25.58,1009.15,14.5,709.7,1,273.51,300.76,216.29,1925,0,86,13.15,75.69,67.45,1753,23.14,1.69,6.03,100.44,26.67,-13.28,0,1.56,-,1.25,6,39.89,152.75,-5.84,-35.2,23,1.67,17.63,34,8.79,12.48,8.01,16.49,24.84,35.25,0.1,0.63,70.81,0,29.19,1478.9,16.86,1725,59.43,57,25.49,13.5,71.63,12.39,8.07,34.99,11.33,331.38,1615.08,1202.47,412.61,-7.28,14.06,14.4,56
Fri Nov 04 07:03:02 GMT-03:00 2022,04-Nov-2022 07:03:03.080,-35.204926100789436,-5.8390806372226365,17.10875701904297,6.0,39.296291896888185,152.4034423828125,-0.17,5.78,7.94,0.01,26.67,0,-0.01,0.05,-0.03,30.59,15.69,14.7,23.14,94,34.45,25.6,1009.23,14.5,713.2,1,273.58,305.6,216.29,1925,0,86,17.03,79.22,67.45,1647.5,23.14,1.69,6.59,109.76,26.67,-13.28,0.78,0.78,-,1.25,6,39.3,152.4,-5.84,-35.2,22,1.57,22.83,34,8.65,12.48,8.01,18.02,24.45,35.25,0.47,0.63,70.83,0,29.17,1480.03,16.86,1725,61.59,61,23.92,15,98.69,12.38,8.07,34.99,11.33,331.42,1616.09,1203.48,412.61,-4.62,14,14.3,59
Fri Nov 04 07:03:03 GMT-03:00 2022,04-Nov-2022 07:03:04.079,-35.204849519391765,-5.839221641481916,17.69801139831543,6.0,38.72150170894329,152.22434997558594,-0.12,5.53,8.4,0.04,23.14,0,0.01,-0.02,0.02,16.08,8.24,14.7,23.14,94,34.48,25.63,1009.25,14.5,713.2,1,273.33,149.59,216.28,1925,0,86,11.25,47.06,60,1565.5,23.14,1.69,3.45,57.5,26.67,-14.84,-0.78,0.78,-,1.25,6,38.72,152.22,-5.84,-35.2,21,1.41,15.08,34,17.68,12.48,8.01,9.44,49.95,35.25,0.06,0.63,70.85,0,29.15,1485.59,13.33,1727,63.71,63,16.08,-1.5,68.61,12.39,8.07,35,11.37,331.42,1617.08,1204.47,412.61,-8.99,14.12,14.3,53
Fri Nov 04 07:03:04 GMT-03:00 2022,04-Nov-2022 07:03:05.079,-35.20477554250829,-5.839363310557056,17.904277801513672,6.0,38.33578900802054,152.56610107421875,-0.12,5.15,8.22,0,16.08,0.04,-0.03,-0.02,0.08,21.96,11.37,14.7,23.14,94,34.51,25.66,1009.3,14.5,713.2,1,272.97,94.06,216.29,1925,0,86,11.25,29.8,29.02,1422,23.14,1.69,2.24,37.34,26.67,-17.19,3.91,2.34,-,1.26,6,38.34,152.57,-5.84,-35.2,24,0.29,15.08,34,28.12,12.48,8.01,6.13,79.44,35.25,0.79,0.55,70.87,0,29.13,1486.66,3.14,1728,64.46,64,13.33,-1.5,68.61,12.4,8.06,35.03,11.37,331.45,1618.08,1205.47,412.61,-10.74,14.06,14.3,46
Fri Nov 04 07:03:05 GMT-03:00 2022,04-Nov-2022 07:03:06.082,-35.204700991010036,-5.839506752678469,17.941225051879883,6.0,37.972122521710624,152.57571411132812,-0.22,5.96,8.05,0.03,12.94,0,-0.01,0,0.02,17.65,9.02,14.7,23.14,94,34.54,25.69,1009.33,14.5,713.2,1,272.84,205.56,216.29,1925,0,86,3.81,57.65,16.08,1362,23.14,1.7,4.97,82.9,26.67,-17.19,3.12,-0.78,-,1.26,6,37.97,152.58,-5.84,-35.2,23,0.46,5.11,35,12.87,12.48,8.01,13.61,36.35,35.25,0.82,0.55,70.88,0,29.12,1486.66,3.14,1729,64.59,64,18.82,13.5,26.72,12.4,8.06,35.03,11.4,331.49,1619.09,1206.48,412.61,-5.3,14.08,14.3,50
Fri Nov 04 07:03:06 GMT-03:00 2022,04-Nov-2022 07:03:07.082,-35.204625842255695,-5.839653210361339,18.211637496948242,4.0,37.78678269153295,152.67703247070312,-0.82,5.39,8.16,0.01,18.82,0,-0.04,0,0,25.49,13.33,14.7,23.53,94,34.54,25.69,1009.41,14.5,712.7,1,272.84,205.56,216.29,1925,0,86,3.81,57.65,49.8,1362,23.53,1.7,4.97,82.9,26.67,-14.06,3.12,-0.78,-,1.26,4,37.79,152.68,-5.84,-35.2,24,0.46,5.11,35,12.87,12.48,8.01,13.61,36.35,35.25,0.82,0.48,70.9,0,29.1,1482.03,9.02,1729,65.56,64,18.82,13.5,26.72,12.4,8.06,35.03,11.42,331.49,1620.09,1207.48,412.61,-5.3,14.08,14.4,50
Fri Nov 04 07:03:07 GMT-03:00 2022,04-Nov-2022 07:03:08.081,-35.20454993610913,-5.8398031213448585,18.47964096069336,4.0,37.51184317555511,152.64315795898438,-1.03,6.6,8.94,0.15,19.22,-0.02,-0.07,-0.01,-0.01,26.27,13.33,14.7,23.53,94,34.57,25.72,1009.44,14.5,712.7,1,272.66,184.12,216.29,1925,0,86,3.92,59.61,49.41,1560,23.53,1.7,4.46,74.25,26.67,-14.06,1.56,0,-,1.26,4,37.51,152.64,-5.84,-35.2,25,0.56,5.26,35,14.37,12.48,8.01,12.19,40.58,35.25,0.73,0.47,70.92,0,29.08,1485.35,9.41,1730,66.53,65,19.61,19.5,24,12.4,8.06,35.04,11.44,331.5,1621.09,1208.48,412.61,-5.87,14.12,14.4,52
Fri Nov 04 07:03:08 GMT-03:00 2022,04-Nov-2022 07:03:09.082,-35.20447056909814,-5.839954948825766,18.73377799987793,4.0,37.34060583779057,152.52845764160156,-0.67,6.04,8.21,0.05,19.22,0.04,-0.11,0.05,0.02,25.88,13.33,14.7,23.53,94,34.6,25.75,1009.43,14.5,710.8,1,272.49,188.27,216.29,1925,0,86,3.92,60.78,49.41,1597.5,23.53,1.7,4.63,77.11,26.67,-14.06,2.34,1.56,-,1.26,4,37.34,152.53,-5.84,-35.2,20,0.53,5.26,35,14.05,12.48,8.01,12.66,39.68,35.25,0.79,0.46,70.94,0,29.06,1488.71,9.41,1731,67.44,66,19.61,19.5,24,12.4,8.06,35.04,11.46,331.52,1622.09,1209.48,412.61,-6.67,14.12,14.4,53
Fri Nov 04 07:03:09 GMT-03:00 2022,04-Nov-2022 07:03:10.083,-35.20439070291256,-5.840107943177077,18.999774932861328,4.0,37.16107315412812,152.39382934570312,-0.45,5.47,8.35,0.03,19.22,0,-0.07,0,0.01,25.88,13.33,14.7,23.53,94,34.64,25.79,1009.47,14.5,710.8,1,272.31,182.64,216.3,1925,0,86,7.04,60.39,49.41,1590.5,23.53,1.7,4.56,75.96,26.67,-14.06,2.34,0.78,-,1.26,4,37.16,152.39,-5.84,-35.2,26,0.44,9.44,35,14.48,12.48,8.01,12.47,40.91,35.25,0.79,0.45,70.96,0,29.04,1492.09,9.41,1732,68.4,67,19.22,5,42.27,12.41,8.06,35.04,11.48,331.54,1623.1,1210.49,412.61,-6.97,14.08,14.4,52
Fri Nov 04 07:03:10 GMT-03:00 2022,04-Nov-2022 07:03:11.081,-35.20431043486776,-5.840260835950648,18.978811264038086,4.0,37.143052956184086,152.3683624267578,-1.52,5.5,8.23,0.03,13.33,0.01,-0.05,0.01,0.02,14.9,7.45,14.7,23.53,94,34.64,25.79,1009.52,14.5,709.3,1,272.31,182.64,216.3,1925,0,86,7.04,60.39,18.04,1590.5,23.53,1.7,4.56,75.96,27.06,-14.06,2.34,0.78,-,1.26,4,37.14,152.37,-5.84,-35.2,25,0.44,9.44,35,14.48,12.48,8.01,12.47,40.91,35.25,0.79,0.45,70.97,0,29.03,1489.61,3.14,1734,68.32,67,19.22,5,42.27,12.41,8.06,35.04,11.5,331.56,1624.09,1211.48,412.61,-6.97,14.08,14.4,52
Fri Nov 04 07:03:11 GMT-03:00 2022,04-Nov-2022 07:03:12.083,-35.20422991002228,-5.840411029466093,18.74471664428711,4.0,37.21355019506218,151.87759399414062,-0.72,5.27,8.42,0.03,12.94,0.03,-0.06,0.01,0.03,14.9,7.45,14.7,23.53,94,34.67,25.82,1009.52,14.5,708.5,1,271.86,48.77,219.48,1925,0,86,7.04,19.61,15.69,1344.5,23.53,1.7,1.24,20.59,27.06,-17.19,1.56,0.78,-,1.26,4,37.21,151.88,-5.84,-35.2,21,1.32,9.44,35,54.24,12.48,8.01,3.38,153.22,35.25,0.74,0.45,70.99,0,29.01,1487.14,3.14,1734,67.48,67,13.33,-4,42.27,12.41,8.06,35.05,11.52,331.58,1625.09,1212.48,412.61,-12.45,14.08,14.4,43
Fri Nov 04 07:03:12 GMT-03:00 2022,04-Nov-2022 07:03:13.079,-35.20415016364968,-5.8405592836430476,18.49350929260254,4.0,36.80347822626894,151.5996551513672,-0.77,5.41,8,-0,12.94,-0.05,-0.03,-0.01,-0.04,23.14,12.16,29.4,23.53,94,34.7,25.85,1009.54,14.5,708.5,2,271.22,175.32,219.48,1925,0,86,7.04,19.22,28.63,1312.5,23.53,1.71,4.37,72.91,27.06,-17.19,0,0,-,1.26,4,36.8,151.6,-5.84,-35.2,23,1.48,9.44,35,15.09,12.48,8.01,11.97,42.62,35.25,0.02,0.45,71.01,0,28.99,1484.7,3.14,1736,66.58,66,13.33,-10.5,42.27,12.41,8.06,35.06,11.54,331.6,1626.09,1213.48,412.61,-5.7,14.12,14.4,42
Fri Nov 04 07:03:13 GMT-03:00 2022,04-Nov-2022 07:03:14.080,-35.20407041790304,-5.840706915437362,18.326066970825195,4.0,36.84930036515763,152.14669799804688,-0.85,5.63,7.94,0.01,19.22,-0.01,-0.01,0.01,-0.02,27.45,14.12,13.72,23.53,94,34.73,25.88,1009.55,14.5,708.5,0.93,271.22,175.32,219.48,1925,0,86,-,57.65,53.73,1341,23.53,1.71,4.37,72.91,27.06,-14.06,0,0,-,1.26,4,36.85,152.15,-5.84,-35.2,23,1.58,-,35,15.09,12.48,8.01,11.97,42.62,35.25,0.89,0.09,71.03,0,28.97,1482.31,9.41,1736,65.97,65,18.82,15.5,-,12.41,8.06,35.06,11.55,331.62,1627.08,1214.47,412.61,-5.7,14.08,14.3,42
Fri Nov 04 07:03:14 GMT-03:00 2022,04-Nov-2022 07:03:15.082,-35.203988987079434,-5.840859386668471,18.449750900268555,6.0,36.91571709238397,152.52674865722656,-0.34,5.82,8.87,0.09,19.22,-0.04,-0.12,-0.02,-0.03,27.45,14.12,13.72,23.53,94,34.76,25.91,1009.5,14.5,708.5,0.93,271.11,214.3,222.66,1925,0,86,-,70.98,53.73,1592.5,23.53,1.71,5.27,87.77,27.45,-14.06,1.56,0,-,1.27,6,36.92,152.53,-5.84,-35.2,23,0.03,-,35,12.34,12.48,8.01,14.41,34.87,35.25,0.89,0.09,71.04,0,28.96,1485.64,9.41,1738,66.42,66,21.57,15,-,12.41,8.06,35.06,11.55,331.64,1628.09,1215.48,412.61,-4.13,14.08,14.3,49
Fri Nov 04 07:03:15 GMT-03:00 2022,04-Nov-2022 07:03:16.081,-35.203910835866864,-5.841011738563745,18.697792053222656,6.0,37.06126667041188,152.4072723388672,-0.62,5.6,8.32,0.04,21.57,-0.01,-0.07,0.02,-0.01,30.2,15.29,14.7,23.53,94,34.8,25.94,1009.55,14.5,700.7,1,271.02,224.53,222.66,1925,0,86,6.89,70.2,58.04,1680,23.53,1.71,5.6,93.38,27.45,-14.06,2.34,-0.78,-,1.27,6,37.06,152.41,-5.84,-35.2,25,0.58,9.24,35,11.78,12.48,8.01,15.33,33.28,35.25,0.78,0.81,71.06,0,28.94,1491.44,11.37,1739,67.31,67,21.57,15,39.18,12.41,8.06,35.05,11.59,331.64,1629.09,1216.48,412.61,-5.21,14.12,14.3,52
Fri Nov 04 07:03:16 GMT-03:00 2022,04-Nov-2022 07:03:17.081,-35.20383521273468,-5.84115946724703,18.913677215576172,6.0,37.29517803339291,152.20240783691406,-0.85,5.68,8.29,0.04,21.57,0.02,-0.04,0.04,0,29.41,15.29,14.7,23.53,93,34.83,25.97,1009.48,14.5,700.7,1,270.94,232,222.66,1925,0,86,6.89,72.94,58.04,1672.5,23.53,1.71,5.88,97.94,27.45,-13.28,0,1.56,-,1.27,6,37.3,152.2,-5.84,-35.2,27,0.31,9.24,35,11.4,12.48,8.01,16.08,32.21,35.25,0.1,0.76,71.08,0,28.92,1486.54,11.76,1740,68.09,67,23.14,15,39.18,12.41,8.06,35.05,11.59,331.67,1630.1,1217.49,412.61,-5.27,14.04,14.4,55
Fri Nov 04 07:03:17 GMT-03:00 2022,04-Nov-2022 07:03:18.082,-35.203757159137574,-5.841311923051077,18.979887008666992,6.0,37.60090357599594,152.11244201660156,-0.51,5.47,8.47,0.04,21.96,0,-0.07,-0.01,0.02,18.04,7.45,14.7,23.53,93,34.86,26,1009.47,14.5,700.7,1,270.62,112.1,222.66,1925,0,85,6.89,41.96,53.73,1489.5,23.53,1.71,2.84,47.33,27.45,-13.28,0,1.56,-,1.27,6,37.6,152.11,-5.84,-35.2,27,1.09,9.24,35,23.59,12.48,8.01,7.77,66.65,35.25,0.1,0.76,71.1,0,28.9,1486.54,12.16,1741,68.33,67,23.14,15,39.18,12.42,8.05,35.08,11.63,331.67,1631.09,1218.48,412.61,-10.02,14.04,14.3,49
Fri Nov 04 07:03:18 GMT-03:00 2022,04-Nov-2022 07:03:19.083,-35.2036813819605,-5.841459857092464,18.411386489868164,6.0,38.87446628472145,152.0946044921875,-0.6,4.15,8.56,0.06,12.94,-0.01,-0.04,-0.08,0.04,14.9,7.45,14.7,23.53,93,34.86,26,1009.46,14.5,697.4,1,270.62,112.1,222.66,1925,0,85,6.89,41.96,53.73,1489.5,23.53,1.71,2.84,47.33,27.45,-17.19,3.91,3.12,-,1.27,6,38.87,152.09,-5.84,-35.2,24,1.09,9.24,35,23.59,12.48,8.01,7.77,66.65,35.25,0.83,0.74,71.12,0,28.88,1481.77,3.14,1741,66.28,67,13.33,0.5,39.18,12.42,8.05,35.08,11.63,331.71,1632.1,1219.49,412.61,-10.02,14.06,14.3,49
Fri Nov 04 07:03:19 GMT-03:00 2022,04-Nov-2022 07:03:20.080,-35.20360723525328,-5.841604796708622,17.93222427368164,6.0,38.80939274274953,152.11520385742188,-0.39,4.27,9.13,0.04,13.73,0.01,-0.02,-0.09,0.08,14.9,7.45,14.7,23.53,93,34.89,26.03,1009.53,14.5,697.4,1,270.18,47.61,222.66,1925,0,84,-,17.65,16.08,1391.5,23.53,1.72,1.21,20.1,27.45,-16.41,0.78,3.12,-,1.27,6,38.81,152.12,-5.84,-35.2,25,3.28,-,35,55.55,12.48,8.01,3.3,156.93,35.25,0.06,0.74,71.13,0,28.87,1481.77,3.92,1743,64.56,63,14.12,-4.5,-,12.42,8.05,35.08,11.67,331.75,1633.1,1220.49,412.61,-12.37,14.14,14.3,40
Fri Nov 04 07:03:20 GMT-03:00 2022,04-Nov-2022 07:03:21.081,-35.20353567194429,-5.8417414425664775,16.846187591552734,8.0,38.63491369067248,152.4362335205078,-0.8,3.82,8.74,-0.01,13.73,0,-0.04,-0.14,0.09,14.9,7.45,29.4,23.53,93,34.92,26.05,1009.56,14.5,697.4,2,269.77,66.9,222.67,1925,0,84,-,16.08,12.94,1975.5,23.53,1.72,1.59,26.56,27.45,-16.41,0,0,-,1.27,8,38.63,152.44,-5.84,-35.2,21,6.56,-,35,39.54,12.48,8.01,4.36,111.69,35.25,0,0.01,71.15,0,28.85,1477.15,3.53,1743,60.65,58,14.12,0.5,-,12.42,8.05,35.08,11.67,331.75,1634.09,1221.48,412.61,-11.48,14.04,14.3,35
Fri Nov 04 07:03:21 GMT-03:00 2022,04-Nov-2022 07:03:22.081,-35.20346958312274,-5.841864604367492,15.708123207092285,8.0,38.630528377160154,152.34376525878906,-0.32,3.74,9.48,0.03,13.73,0,-0.04,-0.19,0.1,14.9,7.45,29.4,23.53,93,34.93,26.07,1009.62,14.5,695.9,2,269.37,66.5,222.67,1925,0,84,-,15.69,12.94,1882.5,23.53,1.72,1.46,24.3,27.45,-16.41,0,0,-,1.27,8,38.63,152.34,-5.84,-35.2,22,8.65,-,35,39.77,12.48,8.01,3.99,112.36,35.25,0,0,71.17,0,28.83,1477.15,3.53,1744,56.55,52,14.12,-1,-,12.42,8.05,35.08,11.7,331.75,1635.09,1222.48,412.61,-12.55,14.04,14.4,30
Fri Nov 04 07:03:22 GMT-03:00 2022,04-Nov-2022 07:03:23.082,-35.20341436934272,-5.841978217807669,15.199897766113281,8.0,39.14453945942052,152.20388793945312,-0.63,2.63,9.74,0.04,13.73,0.02,-0.04,-0.27,0.17,14.9,7.45,29.4,23.53,93,34.94,26.08,1009.67,14.5,695.9,2,268.98,75.84,225.85,1925,0,84,-,20,15.69,1530.5,23.53,1.72,1.49,24.85,27.84,-16.41,0,0,-,1.27,8,39.14,152.2,-5.84,-35.2,24,17.55,-,35,34.87,12.48,8.01,4.08,98.51,35.25,0,0,71.19,0,28.81,1473.04,3.92,1746,54.72,39,14.12,-1,-,12.44,8.04,35.13,11.7,331.78,1636.09,1223.48,412.61,-12.41,14.04,14.4,26
Fri Nov 04 07:03:23 GMT-03:00 2022,04-Nov-2022 07:03:24.082,-35.203377804731176,-5.842047131042056,9.207277297973633,8.0,38.3851548813678,152.27005004882812,-1.01,2.02,10.41,0.1,13.33,0.04,-0.06,-0.36,0.21,14.9,7.45,29.4,23.53,93,34.93,26.08,1009.7,14.5,694.3,2,268.61,82.54,225.86,1925,0,84,-,19.61,16.47,1300.5,23.53,1.72,1.22,20.28,27.84,-16.41,0,0,-,1.27,8,38.39,152.27,-5.84,-35.2,22,27.72,-,36,32.05,12.48,8.01,3.33,90.52,35.25,0,0,71.2,0,28.8,1473.04,3.53,1747,33.15,27,13.73,-8.5,-,12.45,8.03,35.18,11.7,331.78,1637.09,1224.48,412.61,-12.4,14.12,14.3,23
Fri Nov 04 07:03:24 GMT-03:00 2022,04-Nov-2022 07:03:25.082,-35.2033567941623,-5.842092992404741,5.7274909019470215,8.0,38.50248180637267,152.24290466308594,-0.2,4.93,7.17,-0.1,12.94,0.02,0,-0.06,0.08,14.9,7.45,29.4,23.53,93,34.91,26.08,1009.67,14.5,694.3,2,268.29,110.27,225.87,1925,0,84,-,20.39,15.69,1154,23.53,1.72,1.13,18.76,27.84,-17.19,0,0,-,1.27,8,38.5,152.24,-5.84,-35.2,19,16.15,-,36,23.99,12.48,8.01,3.08,67.76,35.25,0,0,71.22,0,28.78,1473.04,3.14,1748,20.62,17,12.94,-4.5,-,12.46,8.02,35.2,11.7,331.78,1638.11,1225.5,412.61,-12.21,14.08,14.4,21
Fri Nov 04 07:03:25 GMT-03:00 2022,04-Nov-2022 07:03:26.081,-35.2033375451146,-5.8421304010764885,4.601705074310303,8.0,38.4586390605264,152.1278533935547,-1.25,5.74,6.77,-0.07,12.16,-0.09,-0.1,0.01,-0.12,20,10.59,15.81,23.53,93,34.91,26.08,1009.67,14.5,694.3,1.08,268.69,465.7,235.42,1925,0,84,-,20.39,17.65,1154,23.53,1.72,2.99,49.89,29.02,-17.97,0,0,-,1.27,8,38.46,152.13,-5.84,-35.2,19,16.15,-,36,5.68,12.48,8.01,8.19,16.04,35.25,0.02,0.03,71.24,0,28.76,1473.04,2.35,1749,16.57,17,12.94,-4.5,-,12.46,8.03,35.19,11.73,331.78,1639.09,1226.48,412.61,-7.63,14.08,14.3,27
Fri Nov 04 07:03:26 GMT-03:00 2022,04-Nov-2022 07:03:27.082,-35.203316565127416,-5.842163878162025,5.041751384735107,8.0,38.36874222863762,152.21951293945312,-0.34,6.65,6.87,0.02,12.16,0.03,-0.03,0.12,-0.04,20,10.59,15.81,23.53,93,34.89,26.07,1009.69,14.5,694.3,1.08,268.69,465.7,235.42,1925,0,84,-,58.43,17.65,1591.5,23.53,1.72,2.99,49.89,29.02,-13.28,0,0,-,1.27,8,38.37,152.22,-5.84,-35.2,20,0.43,-,36,5.68,12.48,8.01,8.19,16.04,35.25,0.83,0.13,71.26,0,28.74,1468.92,2.35,1749,18.15,17,22.35,18.5,-,12.46,8.03,35.19,11.73,331.81,1640.1,1227.49,412.61,-7.63,14.08,14.4,27
Fri Nov 04 07:03:27 GMT-03:00 2022,04-Nov-2022 07:03:28.079,-35.20329338059511,-5.842208960362405,6.087685585021973,8.0,38.484915639620056,152.2169952392578,-0.53,7.02,7.65,0.07,23.14,0,-0.07,0.12,-0.08,31.37,16.08,13.72,23.53,93,34.88,26.07,1009.67,14.5,683.2,0.93,270.23,1042.28,235.41,1925,0,83,8.06,73.73,59.61,1914.5,23.53,1.72,6.7,111.65,29.02,-13.28,0,1.56,-,1.28,8,38.48,152.22,-5.84,-35.2,22,3.85,10.81,36,2.54,12.48,8.01,18.33,7.17,35.25,0.33,0.13,71.27,0,28.73,1470.79,13.33,1751,21.92,22,24.71,18,40.21,12.45,8.03,35.16,11.73,331.81,1641.09,1228.48,412.61,-3.35,14.12,14.4,39
Fri Nov 04 07:03:28 GMT-03:00 2022,04-Nov-2022 07:03:29.081,-35.20326052347537,-5.842266502621173,7.185971736907959,8.0,38.69220901341649,152.17494201660156,-0.62,4.58,8.51,-0,24.71,-0.03,-0.05,0.1,-0.11,32.55,16.86,14.7,23.53,93,34.87,26.07,1009.63,14.5,683.2,1,271.33,822.53,235.41,1925,0,83,8.06,78.04,66.27,1816,23.53,1.73,6.84,114.03,29.02,-13.28,-3.91,-1.56,-,1.28,8,38.69,152.17,-5.84,-35.2,24,4.08,10.81,35,3.22,12.48,8.01,18.72,9.08,35.25,0.09,0.79,71.29,0,28.71,1473.01,14.9,1752,25.87,26,24.71,17,40.21,12.44,8.04,35.14,11.73,331.81,1642.09,1229.48,412.61,-5.04,14.14,14.3,45
Fri Nov 04 07:03:29 GMT-03:00 2022,04-Nov-2022 07:03:30.080,-35.20322878784325,-5.842324756180304,8.019769668579102,8.0,38.62235831301416,152.11448669433594,-0.47,6.79,7.46,0.04,25.1,-0.02,-0.04,0.11,-0.11,32.55,16.86,14.7,23.53,93,34.87,26.07,1009.59,14.5,673.3,1,272.41,809.38,232.22,1925,0,83,8.06,78.04,65.1,2131,23.53,1.73,7.96,132.6,28.63,-13.28,-3.91,-1.56,-,1.28,8,38.62,152.11,-5.84,-35.2,24,4.08,10.81,35,3.27,12.48,8.01,21.77,9.23,35.25,0.09,0.79,71.31,0,28.69,1473.01,14.51,1753,28.87,26,24.71,17,40.21,12.43,8.04,35.12,11.73,331.81,1643.09,1230.48,412.61,-2.93,14.14,14.3,54
Fri Nov 04 07:03:30 GMT-03:00 2022,04-Nov-2022 07:03:31.079,-35.203190980526834,-5.84239904242051,9.275240898132324,8.0,38.95583880917217,152.0636444091797,-1.12,6.5,7.57,0.03,25.1,0.03,-0.04,0.11,-0.03,32.55,16.86,14.7,23.53,93,34.87,26.07,1009.54,14.5,678.6,1,272.41,809.38,232.22,1925,0,83,12.39,78.04,65.1,2131,23.53,1.73,7.96,132.6,28.63,-13.28,0,-3.12,-,1.28,8,38.96,152.06,-5.84,-35.2,26,2.13,16.61,35,3.27,12.48,8.01,21.77,9.23,35.25,0.1,0.74,71.33,0,28.67,1474.15,14.51,1753,33.39,31,27.06,18,55.51,12.43,8.04,35.12,11.78,331.86,1644.1,1231.49,412.61,-2.93,14.08,14.4,54
Fri Nov 04 07:03:31 GMT-03:00 2022,04-Nov-2022 07:03:32.079,-35.203152340852704,-5.8424816127120085,10.363964080810547,8.0,39.23617754491188,152.06063842773438,-0.09,6.34,6.63,-0.05,27.06,0.04,-0.05,0.09,0,32.55,16.86,14.7,23.53,93,34.87,26.08,1009.49,14.5,678.6,1,273.46,798.58,229.04,1925,0,83,15.98,71.76,64.71,2580,23.53,1.74,9.36,155.99,28.24,-13.28,-0.78,-2.34,-,1.29,8,39.24,152.06,-5.84,-35.2,25,3.61,21.43,35,3.31,12.48,8.01,25.61,9.36,35.25,0.81,0.71,71.34,0,28.66,1473.06,16.86,1755,37.31,37,25.88,21,59.13,12.43,8.05,35.11,11.78,331.86,1645.09,1232.48,412.61,-2.91,14.16,14.4,60
Fri Nov 04 07:03:32 GMT-03:00 2022,04-Nov-2022 07:03:33.079,-35.20310552456982,-5.842572024606456,11.043835639953613,6.0,39.47993015023372,152.00595092773438,-0.21,6.28,7.24,-0.01,21.57,-0.02,-0.03,0.08,-0.07,26.67,13.73,14.7,23.53,93,34.87,26.09,1009.45,14.5,678.6,1,273.9,495.6,229.03,1925,0,83,15.98,65.1,49.02,2164,23.53,1.74,6.93,115.55,28.24,-13.28,1.56,-0.78,-,1.29,6,39.48,152.01,-5.84,-35.2,24,2.69,21.43,35,5.34,12.48,8.01,18.97,15.08,35.25,0.77,0.7,71.36,0,28.64,1476.45,11.76,1756,39.76,40,23.14,21,59.13,12.42,8.05,35.09,11.78,331.86,1646.09,1233.48,412.61,-7.41,14.12,14.3,57
Fri Nov 04 07:03:33 GMT-03:00 2022,04-Nov-2022 07:03:34.079,-35.20306132962519,-5.842660676326037,11.1084566116333,6.0,39.5768858997686,151.9357452392578,-0.61,6.45,7.36,0.01,23.53,-0.01,-0.02,0.06,-0.05,31.76,16.47,14.7,23.53,93,34.88,26.1,1009.39,14.5,678.6,1,274.3,475.11,229.03,1925,0,83,9.6,78.43,61.57,1994,23.53,1.74,7.19,119.75,28.24,-13.28,0.78,-0.78,-,1.29,6,39.58,151.94,-5.84,-35.2,24,1.24,12.87,34,5.57,12.48,8.01,19.66,15.73,35.25,0.77,0.7,71.38,0,28.62,1479.93,13.33,1757,39.99,41,26.27,17,45.96,12.42,8.05,35.08,11.81,331.86,1647.08,1234.47,412.61,-5.74,14.04,14.3,57
Fri Nov 04 07:03:34 GMT-03:00 2022,04-Nov-2022 07:03:35.084,-35.20301521893893,-5.842753256683971,11.611205101013184,8.0,39.67263305533569,151.8826141357422,-0.35,6.29,7.76,0.03,26.67,0.03,0,0.1,-0.02,32.55,16.08,14.7,23.53,93,34.88,26.1,1009.34,14.5,698.8,1,274.3,475.11,229.03,1925,0,83,9.6,78.43,68.63,1994,23.53,1.74,7.19,119.75,28.24,-13.28,0.78,-3.12,-,1.29,8,39.67,151.88,-5.84,-35.2,25,1.24,12.87,34,5.57,12.48,8.01,19.66,15.73,35.25,0.65,0.69,71.4,0,28.6,1475.89,16.86,1757,41.8,41,26.27,17,45.96,12.42,8.05,35.08,11.81,331.89,1648.1,1235.48,412.61,-5.74,14.04,14.3,57
Fri Nov 04 07:03:35 GMT-03:00 2022,04-Nov-2022 07:03:36.079,-35.20296302452382,-5.8428553285210585,12.383014678955078,8.0,39.982339078043275,151.85684204101562,-0.14,5.91,7.5,-0.02,23.53,0.03,0,0.06,0,31.37,16.08,14.7,23.53,93,34.89,26.12,1009.21,14.5,698.8,1,274.74,491.81,229.03,1925,0,84,10.7,76.47,62.35,2068.5,23.53,1.75,7.62,127.06,28.24,-13.28,-2.34,0,-,1.29,8,39.98,151.86,-5.84,-35.2,23,3.2,14.34,34,5.38,12.48,8.01,20.86,15.19,35.25,0.12,0.65,71.41,0,28.59,1479.7,13.73,1758,44.58,45,24.31,18,49.38,12.41,8.06,35.06,11.81,331.89,1649.1,1236.49,412.61,-4.44,14.02,14.3,60
Fri Nov 04 07:03:36 GMT-03:00 2022,04-Nov-2022 07:03:37.080,-35.202901308527956,-5.842962014250529,12.696977615356445,8.0,40.36821536569387,152.04940795898438,-0.36,6.12,7.48,-0,25.1,-0.02,-0.03,0.06,-0.06,32.16,16.86,14.7,23.53,93,34.9,26.13,1009.2,14.5,707.8,1,274.96,387.09,229.02,1925,0,84,10.7,75.69,67.06,1882,23.53,1.75,6.59,109.76,28.24,-13.28,0.78,2.34,-,1.3,8,40.37,152.05,-5.84,-35.2,24,1.42,14.34,34,6.83,12.48,8.01,18.02,19.3,35.25,0.11,0.6,71.43,0,28.57,1483.59,14.9,1759,45.71,46,24.71,17,49.38,12.41,8.06,35.05,11.85,331.93,1650.11,1237.49,412.61,-6.12,13.98,14.3,59
Fri Nov 04 07:03:37 GMT-03:00 2022,04-Nov-2022 07:03:38.080,-35.20284550410012,-5.843073281837583,13.282756805419922,8.0,40.88094127512932,152.20538330078125,-0.63,6.2,8.4,0.08,24.71,0.01,-0.11,0.1,-0.06,29.02,16.86,14.7,23.53,93,34.91,26.15,1009.15,14.5,707.8,1,275.38,483.12,229.02,1925,0,84,5.3,79.22,67.06,2202,23.53,1.75,8.4,140.03,28.24,-13.28,-1.56,0,-,1.3,8,40.88,152.21,-5.84,-35.2,24,1.29,7.1,34,5.47,12.48,8.01,22.99,15.47,35.25,0.26,0.62,71.45,0,28.55,1482.83,16.08,1760,47.82,47,27.06,17,22.97,12.4,8.06,35.03,11.85,331.93,1651.09,1238.48,412.61,-2.75,14.08,14.3,64
Fri Nov 04 07:03:38 GMT-03:00 2022,04-Nov-2022 07:03:39.079,-35.20278517712174,-5.843184036070813,13.510889053344727,6.0,41.59445699118743,150.4563751220703,-2.18,5.65,7.72,0.01,24.71,0.04,-0.16,0.04,0.01,29.02,14.9,14.7,23.53,93,34.93,26.16,1009.11,14.5,707.8,1,275.39,284.44,225.84,1925,0,84,3.12,63.92,60,1787.5,23.53,1.75,5.05,84.24,27.84,-13.28,-3.91,0,-,1.3,6,41.59,150.46,-5.84,-35.2,22,0.18,4.18,34,9.3,12.48,8.01,13.83,26.27,35.25,0.26,0.62,71.46,0,28.54,1486.88,16.08,1762,48.64,48,27.06,17,16.65,12.4,8.06,35.03,11.88,331.93,1652.09,1239.48,412.61,-8.46,14.08,14.3,58
Fri Nov 04 07:03:39 GMT-03:00 2022,04-Nov-2022 07:03:40.079,-35.202717947490385,-5.843287201582002,13.362988471984863,6.0,42.140203243993106,143.3427276611328,-3.17,5.31,7.77,0.02,14.9,0.03,-0.3,0,0,14.9,7.45,14.7,23.53,93,34.94,26.18,1009.04,14.5,715.7,1,275.01,83.17,225.83,1925,0,84,3.12,28.63,26.27,1465,23.53,1.76,1.51,25.16,27.84,-14.06,-3.91,-1.56,-,1.3,6,42.14,143.34,-5.84,-35.2,23,1.64,4.18,34,31.8,12.48,8.01,4.13,89.83,35.25,0.07,0.6,71.48,0,28.52,1483.41,5.88,1763,48.11,47,17.65,-3,16.65,12.41,8.06,35.07,11.88,331.96,1653.09,1240.48,412.61,-12.28,14.1,14.4,47
Fri Nov 04 07:03:40 GMT-03:00 2022,04-Nov-2022 07:03:41.081,-35.20265695294317,-5.843388516044049,13.17892074584961,8.0,42.213678466804254,132.32896423339844,-3.16,5.63,7.7,0.04,18.04,0.06,-0.31,0.02,0,25.88,13.33,14.7,23.53,93,34.95,26.19,1009,14.5,715.7,1,274.95,246.19,225.84,1925,0,84,3.12,60.78,48.24,1497,23.53,1.76,4.37,72.91,27.84,-14.06,0,3.91,-,1.3,8,42.21,132.33,-5.84,-35.2,25,1.11,4.18,34,10.74,12.48,8.01,11.97,30.35,35.25,0.07,0.58,71.5,0,28.5,1483.41,8.24,1764,47.44,47,19.61,19.5,16.65,12.41,8.06,35.06,11.88,331.96,1654.1,1241.49,412.61,-6.64,14.1,14.3,49
Fri Nov 04 07:03:41 GMT-03:00 2022,04-Nov-2022 07:03:42.081,-35.2025695123026,-5.84346339721732,13.853898048400879,8.0,41.9301489575378,120.30965423583984,-3.56,5.88,7.61,0.05,19.22,0.03,-0.31,0.02,-0.02,26.27,13.33,14.7,23.92,93,34.95,26.19,1008.92,14.5,715.7,1,274.95,246.19,225.84,1925,0,84,3.12,60.78,50.2,1497,23.92,1.76,4.37,72.91,27.84,-14.06,0,-0.78,-,1.3,8,41.93,120.31,-5.84,-35.2,25,1.11,4.18,34,10.74,12.48,8.01,11.97,30.35,35.25,0.75,0.57,71.52,0,28.48,1483.41,9.41,1765,49.87,47,19.61,19.5,16.65,12.41,8.06,35.06,11.91,331.96,1655.09,1242.48,412.61,-6.64,14.12,14.4,49
Fri Nov 04 07:03:42 GMT-03:00 2022,04-Nov-2022 07:03:43.081,-35.2024520713645,-5.843523905814475,13.947200775146484,8.0,41.868277916652495,107.00080108642578,-3.62,5.62,7.41,0.03,19.22,0.03,-0.37,0,-0.03,26.27,13.33,14.7,23.92,93,34.96,26.21,1008.9,14.5,715.4,1,274.92,256.88,225.84,1925,0,84,2.08,63.14,50.2,1571.5,23.92,1.76,4.56,76.08,27.84,-14.06,1.56,3.12,-,1.3,8,41.87,107,-5.84,-35.2,28,1.87,2.79,34,10.3,12.48,8.01,12.49,29.09,35.25,0.17,0.57,71.53,0,28.47,1482.58,9.41,1765,50.21,48,20.39,18.5,12.64,12.41,8.06,35.06,11.91,332,1656.1,1243.49,412.61,-6.48,14.08,14.4,50
Fri Nov 04 07:03:43 GMT-03:00 2022,04-Nov-2022 07:03:44.082,-35.20232459289001,-5.843538488393673,13.882317543029785,8.0,42.219672064944916,97.60625457763672,-1.34,5.92,7.91,0.03,20.78,0,-0.14,0.04,-0.02,29.41,14.9,14.7,23.92,93,34.98,26.23,1008.87,14.5,715.4,1,274.96,298.05,229.02,1926,0,85,4.33,69.02,54.51,1629,23.92,1.76,5.41,90.15,28.24,-13.28,3.12,0.78,-,1.31,8,42.22,97.61,-5.84,-35.2,25,1.21,5.8,34,8.87,12.48,8.01,14.8,25.07,35.25,0.78,0.57,71.55,0,28.45,1486.69,10.59,1767,49.98,49,21.57,18.5,25.37,12.41,8.06,35.05,11.91,332,1657.08,1244.47,412.61,-5.44,14.08,14.4,53
Fri Nov 04 07:03:44 GMT-03:00 2022,04-Nov-2022 07:03:45.082,-35.20220187622448,-5.843543529455521,14.314867973327637,6.0,42.23510096492082,94.87244415283203,-0.52,6.09,7.61,0.01,21.57,-0.01,-0.01,0.04,-0.03,30.2,15.69,14.7,23.92,93,34.99,26.25,1008.88,14.5,715.4,1,275.03,307.95,229.02,1926,0,85,4.33,70.98,58.04,1682,23.92,1.76,5.7,95.08,28.24,-13.28,0.78,-1.56,-,1.31,6,42.24,94.87,-5.84,-35.2,24,1.02,5.8,34,8.59,12.48,8.01,15.61,24.26,35.25,0.76,0.57,71.57,0,28.43,1490.97,11.76,1768,51.53,51,22.35,18,25.37,12.41,8.06,35.04,11.96,332,1658.08,1245.47,412.61,-5.29,14.12,14.4,55
Fri Nov 04 07:03:45 GMT-03:00 2022,04-Nov-2022 07:03:46.083,-35.202068373538765,-5.8435503224019705,14.949102401733398,6.0,42.147738769283116,95.37724304199219,-0.17,5.83,7.52,-0.02,22.75,0,-0.04,0.06,-0.03,31.76,16.47,14.7,23.92,93,34.99,26.25,1008.89,14.5,713.6,1,275.14,331.5,229.02,1926,0,85,4.33,70.98,61.18,1814.5,23.92,1.77,6.39,106.53,28.24,-13.28,0.78,-1.56,-,1.31,6,42.15,95.38,-5.84,-35.2,22,1.02,5.8,34,7.98,12.48,8.01,17.49,22.54,35.25,0.76,0.57,71.59,0,28.41,1485.78,12.94,1769,53.82,51,22.35,18,25.37,12.4,8.06,35.04,11.96,332.04,1659.09,1246.48,412.61,-4.5,14.12,14.4,58
Fri Nov 04 07:03:46 GMT-03:00 2022,04-Nov-2022 07:03:47.082,-35.20192929529379,-5.843561162672997,15.663054466247559,6.0,41.93125305374022,95.71733856201172,-0.3,5.72,7.92,0.01,24.31,0,0,0.01,0,31.76,16.47,14.7,23.92,93,35.01,26.27,1008.85,14.5,713.1,1,275.14,331.5,229.02,1926,0,85,12.23,74.9,61.18,1814.5,23.92,1.77,6.39,106.53,28.24,-13.28,3.91,-0.78,-,1.31,6,41.93,95.72,-5.84,-35.2,25,0.18,16.41,34,7.98,12.48,8.01,17.49,22.54,35.25,0.75,0.57,71.6,0,28.4,1490.3,14.51,1769,56.39,54,25.1,17,64.39,12.4,8.06,35.04,11.99,332.07,1660.1,1247.49,412.61,-4.5,14.08,14.3,58
Fri Nov 04 07:03:47 GMT-03:00 2022,04-Nov-2022 07:03:48.081,-35.20178357898723,-5.843572676903267,16.414531707763672,6.0,41.67071284325421,95.58106994628906,-0.28,5.88,7.95,0.04,24.31,0.02,-0.02,0.05,0,31.76,16.47,14.7,23.92,93,35.04,26.29,1008.9,14.5,713.1,1,275.24,326.51,229.02,1926,0,85,16.65,76.08,63.53,1888.5,23.92,1.77,6.67,111.1,28.24,-13.28,-2.34,-3.91,-,1.31,6,41.67,95.58,-5.84,-35.2,26,1.61,22.33,34,8.1,12.48,8.01,18.24,22.88,35.25,0.56,0.58,71.62,0,28.38,1491.37,14.51,1771,59.09,58,24.71,17,84.2,12.4,8.06,35.03,11.99,332.07,1661.09,1248.48,412.61,-4.83,14.06,14.4,60
Fri Nov 04 07:03:48 GMT-03:00 2022,04-Nov-2022 07:03:49.081,-35.201629979391996,-5.843584716436152,17.15674591064453,6.0,41.361664530967644,95.4940185546875,-0.48,5.88,8.14,0.04,24.31,0,-0.03,0.02,0,31.37,16.08,14.7,23.92,93,35.06,26.32,1008.98,14.5,714.5,1,275.28,294.83,229.01,1926,0,85,16.65,74.9,63.14,1856,23.92,1.77,6.47,107.75,28.24,-13.28,-3.91,-0.78,-,1.31,6,41.36,95.49,-5.84,-35.2,27,1.91,22.33,34,8.97,12.48,8.01,17.69,25.34,35.25,0.14,0.58,71.64,0,28.36,1496.46,14.51,1772,61.76,61,23.14,18,84.2,12.4,8.07,35.02,12.02,332.1,1662.09,1249.48,412.61,-5.49,14.12,14.4,60
Fri Nov 04 07:03:49 GMT-03:00 2022,04-Nov-2022 07:03:50.083,-35.201471745480525,-5.843598026781191,17.678939819335938,6.0,41.062201031445866,95.47035217285156,-0.62,5.3,8.3,0.02,20.78,-0.03,0,-0.02,-0.01,14.9,7.45,14.7,23.92,93,35.09,26.34,1009.02,14.5,714.5,1,274.98,124.87,225.83,1926,0,85,16.41,41.96,52.94,1546.5,23.92,1.77,2.88,48,27.84,-13.28,-1.56,-0.78,-,1.31,6,41.06,95.47,-5.84,-35.2,26,1.24,22,34,21.18,12.48,8.01,7.88,59.83,35.25,0.14,0.58,71.65,0,28.35,1497.56,11.76,1773,63.64,63,23.14,0,101.31,12.4,8.06,35.04,12.02,332.1,1663.1,1250.48,412.61,-10.42,14.12,14.4,52
Fri Nov 04 07:03:50 GMT-03:00 2022,04-Nov-2022 07:03:51.082,-35.20131030818966,-5.843612099912,17.762842178344727,4.0,40.720742196954426,95.49507904052734,-0.02,4.93,7.99,-0.03,12.94,0.01,0,-0.02,0.05,14.9,7.45,14.7,23.92,93,35.09,26.34,1009.06,14.5,714.7,1,274.98,124.87,225.83,1926,0,85,16.41,41.96,16.47,1546.5,23.92,1.77,2.88,48,27.84,-16.41,-1.56,1.56,-,1.31,4,40.72,95.5,-5.84,-35.2,26,1.24,22,34,21.18,12.48,8.01,7.88,59.83,35.25,0.08,0.52,71.67,0,28.33,1497.56,3.14,1773,63.95,63,14.9,0,101.31,12.4,8.06,35.04,12.06,332.1,1664.1,1251.49,412.61,-10.42,14.08,14.3,52
Fri Nov 04 07:03:51 GMT-03:00 2022,04-Nov-2022 07:03:52.082,-35.20115043208465,-5.843627084026957,17.718828201293945,4.0,40.33085466950267,95.86021423339844,-0.52,5.31,8.44,0.03,12.94,0.02,-0.04,-0.02,0.06,14.9,7.45,14.7,23.92,93,35.12,26.37,1009.12,14.5,714.7,1,274.53,50.17,225.84,1926,0,85,16.41,18.82,16.47,1348.5,23.92,1.78,1.2,19.92,27.84,-17.19,-0.78,0,-,1.32,4,40.33,95.86,-5.84,-35.2,24,0.95,22,35,52.72,12.48,8.01,3.27,148.91,35.25,0.28,0.21,71.69,0,28.31,1493.15,3.14,1774,63.79,63,13.33,-10,101.31,12.4,8.06,35.04,12.07,332.15,1665.1,1252.49,412.61,-12.47,14.08,14.3,42
Fri Nov 04 07:03:52 GMT-03:00 2022,04-Nov-2022 07:03:53.081,-35.20098998791332,-5.843643152607636,17.614694595336914,4.0,39.88667807151245,95.70137786865234,-0.45,5.03,8.5,0.02,12.94,-0.02,-0.01,-0.06,0.02,14.9,7.45,29.4,23.92,93,35.14,26.4,1009.15,14.5,714,2,274.08,47.72,225.84,1926,0,85,16.41,18.43,15.69,1335.5,23.92,1.78,1.14,18.94,27.84,-17.19,0,0,-,1.32,4,39.89,95.7,-5.84,-35.2,26,1.79,22,35,55.43,12.48,8.01,3.11,156.58,35.25,0,0.01,71.7,0,28.3,1490.95,3.14,1775,63.41,62,13.33,-11.5,101.31,12.41,8.06,35.04,12.09,332.17,1666.1,1253.49,412.61,-12.28,14.08,14.4,35
Fri Nov 04 07:03:53 GMT-03:00 2022,04-Nov-2022 07:03:54.083,-35.200834116563875,-5.843657914542855,17.096630096435547,4.0,39.494596524680595,95.8719253540039,-0.2,4.71,8.86,0.03,12.94,-0.02,-0.04,-0.08,0.03,14.9,7.45,29.4,23.92,93,35.17,26.42,1009.26,14.5,714,2,273.64,53.63,225.84,1926,0,85,-,19.61,15.69,1333,23.92,1.78,1.26,20.95,27.84,-17.19,0,0,-,1.32,4,39.49,95.87,-5.84,-35.2,24,2.41,-,35,49.32,12.48,8.01,3.44,139.31,35.25,0,0.01,71.72,0,28.28,1488.75,3.14,1776,61.55,61,13.33,-10,-,12.41,8.06,35.05,12.11,332.17,1667.1,1254.48,412.61,-12.02,14.14,14.4,31
Fri Nov 04 07:03:54 GMT-03:00 2022,04-Nov-2022 07:03:55.082,-35.20068666707031,-5.843672577789973,16.16815757751465,4.0,39.1050269492111,96.19147491455078,-0.04,4.26,9.67,0.09,13.73,-0.01,-0.01,-0.16,0.08,14.9,7.45,29.4,23.92,93,35.17,26.42,1009.38,14.5,712.5,2,273.64,53.63,225.84,1926,0,85,-,19.61,13.73,1333,23.92,1.78,1.26,20.95,27.84,-15.62,0,0,-,1.32,4,39.11,96.19,-5.84,-35.2,26,2.41,-,35,49.32,12.48,8.01,3.44,139.31,35.25,0,0,71.74,0,28.26,1486.62,3.92,1776,58.21,61,13.33,-10,-,12.41,8.06,35.05,12.12,332.21,1668.1,1255.49,412.61,-12.02,14.14,14.3,31
Fri Nov 04 07:03:55 GMT-03:00 2022,04-Nov-2022 07:03:56.082,-35.20055192724554,-5.84368412240553,14.759145736694336,4.0,38.9947587003286,96.04772186279297,0.22,3.78,8.6,-0.03,13.73,0,-0.01,-0.14,0.1,14.9,7.45,29.4,23.92,93,35.19,26.44,1009.44,14.5,712.5,2,273.23,65.92,229.02,1926,0,85,-,15.69,14.12,1900,23.92,1.78,1.52,25.34,28.24,-16.41,0,0,-,1.32,4,38.99,96.05,-5.84,-35.2,26,5.21,-,36,40.12,12.48,8.01,4.16,113.34,35.25,0,0,71.76,0,28.24,1484.6,3.92,1778,53.13,53,14.12,-1.5,-,12.41,8.06,35.05,12.12,332.21,1669.11,1256.5,412.61,-11.49,14.16,14.4,28
Fri Nov 04 07:03:56 GMT-03:00 2022,04-Nov-2022 07:03:57.081,-35.20042200200459,-5.843694717294209,13.472162246704102,6.0,38.90825460618144,95.85223388671875,-0.44,3.68,9.45,0.05,13.73,0,-0.02,-0.18,0.11,14.9,7.45,29.4,23.92,93,35.2,26.46,1009.58,14.5,710,2,272.83,75.87,229.02,1926,0,85,-,17.65,15.69,1773,23.92,1.78,1.52,25.34,28.24,-16.41,0,0,-,1.32,6,38.91,95.85,-5.84,-35.2,27,4.13,-,36,34.86,12.48,8.01,4.16,98.48,35.25,0,0,71.77,0,28.23,1484.6,3.92,1779,48.5,49,14.12,-4,-,12.42,8.05,35.1,12.15,332.21,1670.08,1257.47,412.61,-12.38,14.12,14.4,25
Fri Nov 04 07:03:57 GMT-03:00 2022,04-Nov-2022 07:03:58.082,-35.200315625160144,-5.843704940807443,11.767248153686523,6.0,38.20773165693138,95.83170318603516,-0.21,2.4,9.8,0.04,13.73,0.01,-0.04,-0.26,0.15,14.9,7.45,29.4,23.92,93,35.21,26.47,1009.73,14.5,710,2,272.45,81.47,229.03,1926,0,84,-,19.22,15.69,1598,23.92,1.78,1.51,25.16,28.24,-16.41,0,0,-,1.32,6,38.21,95.83,-5.84,-35.2,25,5.5,-,36,32.46,12.48,8.01,4.13,91.7,35.25,0,0,71.79,0,28.21,1481.01,3.92,1780,42.36,43,14.12,-7.5,-,12.44,8.04,35.14,12.15,332.24,1671.1,1258.48,412.61,-12.25,14.12,14.4,22
Fri Nov 04 07:03:58 GMT-03:00 2022,04-Nov-2022 07:03:59.080,-35.20022882905596,-5.843712456181772,9.285645484924316,6.0,37.625649797009395,95.87615203857422,-0.75,2.14,10.08,0.06,13.33,0.05,-0.03,-0.36,0.22,14.9,7.45,29.4,23.92,93,35.21,26.47,1009.82,14.5,707.5,2,272.45,81.47,229.03,1926,0,84,-,19.22,16.08,1598,23.92,1.78,1.51,25.16,29.02,-16.41,0,0,-,1.32,6,37.63,95.88,-5.84,-35.2,26,5.5,-,36,32.46,12.48,8.01,4.13,91.7,35.25,0,0,71.81,0,28.19,1481.01,3.14,1782,33.43,43,14.12,-7.5,-,12.44,8.04,35.14,12.15,332.24,1672.09,1259.48,412.61,-12.25,14.12,14.4,22
Fri Nov 04 07:03:59 GMT-03:00 2022,04-Nov-2022 07:04:00.081,-35.20017078919151,-5.843717891205008,6.083998203277588,6.0,37.323162575728254,95.84524536132812,-0.57,5.54,8.32,0.03,12.94,0,-0.02,-0.07,0.07,14.9,7.45,29.4,23.92,93,35.2,26.47,1009.98,14.5,705.2,2,272.04,69.24,235.4,1926,0,84,-,18.43,16.86,1306,23.92,1.78,1.13,18.76,29.02,-17.19,0,0,-,1.32,6,37.32,95.85,-5.84,-35.2,21,7.43,-,36,38.2,12.48,8.01,3.08,107.91,35.25,0,0,71.82,0,28.18,1481.01,3.14,1782,21.9,26,13.33,-12,-,12.44,8.04,35.14,12.18,332.24,1673.09,1260.47,412.61,-12.64,14.12,14.4,20
Fri Nov 04 07:04:00 GMT-03:00 2022,04-Nov-2022 07:04:01.083,-35.20012230164885,-5.843721403189537,4.774111270904541,8.0,37.18340354962803,95.92082977294922,-0.44,5.51,8.28,0.03,12.16,-0.02,-0.01,-0.01,0,16.08,8.63,17.48,23.92,93,35.18,26.46,1009.92,14.5,705.2,1.19,271.69,93.69,235.4,1926,0,84,-,20.78,17.25,979,23.92,1.78,0.92,15.35,29.02,-17.97,0,0,-,1.32,8,37.18,95.92,-5.84,-35.2,23,6.9,-,36,28.23,12.48,8.01,2.52,79.75,35.25,0.02,0.01,71.84,0,28.16,1477.61,2.35,1784,17.19,15,12.55,0.5,-,12.45,8.03,35.17,12.18,332.26,1674.09,1261.48,412.61,-12.64,14.12,14.3,18
Fri Nov 04 07:04:01 GMT-03:00 2022,04-Nov-2022 07:04:02.083,-35.200081205116405,-5.843720317700338,4.858529567718506,8.0,36.76551179361338,95.83959197998047,-0.88,6.18,6.89,-0.04,16.86,-0.01,-0.01,0.04,-0.03,23.53,12.16,13.53,23.92,93,35.16,26.45,1009.93,14.5,705.2,0.92,271.75,304.17,235.41,1926,0,84,-,37.65,41.96,996,23.92,1.78,1.72,28.75,29.02,-14.06,0,0,-,1.32,8,36.77,95.84,-5.84,-35.2,23,2.19,-,36,8.7,12.48,8.01,4.72,24.56,35.25,0.87,0.09,71.86,0,28.14,1477.61,7.06,1784,17.49,15,16.47,3.5,-,12.45,8.03,35.17,12.18,332.26,1675.11,1262.5,412.61,-9.84,14.08,14.3,21
Fri Nov 04 07:04:02 GMT-03:00 2022,04-Nov-2022 07:04:03.082,-35.2000285423326,-5.843721554248746,5.968348979949951,8.0,36.56268979796028,95.82962036132812,-0.53,6.44,7.65,0.03,16.86,0.01,-0.07,0.09,-0.05,23.53,12.16,13.53,23.92,93,35.15,26.45,1009.98,14.5,705.2,0.92,273.22,1005.96,241.77,1926,0,83,-,60.78,41.96,1941.5,23.92,1.78,5.7,95.08,29.8,-14.06,0,0,-,1.32,8,36.56,95.83,-5.84,-35.2,24,4.51,-,36,2.63,12.48,8.01,15.61,7.43,35.25,0.87,0.09,71.87,0,28.13,1479.42,7.06,1786,21.49,22,16.47,21,-,12.44,8.04,35.15,12.18,332.26,1676.09,1263.48,412.61,0.67,14.08,14.3,41
Fri Nov 04 07:04:03 GMT-03:00 2022,04-Nov-2022 07:04:04.081,-35.19996361546369,-5.843727023505616,7.260890007019043,6.0,36.20883463942393,95.58699798583984,-0.95,6.37,7.46,0.02,21.57,0,-0.03,0.07,-0.03,28.24,14.51,13.73,23.92,93,35.14,26.45,1009.98,14.5,686,0.93,274.19,761.46,241.77,1926,0,83,14.17,65.49,53.73,2000,23.92,1.79,6.33,105.56,29.8,-13.28,0,0,-,1.32,6,36.21,95.59,-5.84,-35.2,24,5.51,19.01,36,3.47,12.48,8.01,17.33,9.81,35.25,0.83,0.18,71.89,0,28.11,1480.79,11.76,1787,26.14,27,21.96,20,67.67,12.43,8.04,35.13,12.19,332.27,1677.1,1264.49,412.61,-5.86,14.1,14.4,46
Fri Nov 04 07:04:04 GMT-03:00 2022,04-Nov-2022 07:04:05.082,-35.19988973620283,-5.843730722484145,8.56864070892334,6.0,36.07816029602677,95.36504364013672,-0.43,6.41,7.56,0.02,21.57,-0.03,-0.02,0.04,-0.05,28.63,14.9,14.7,23.92,93,35.13,26.45,1009.99,14.5,686,1,274.81,583.57,241.76,1926,0,83,14.17,66.27,54.51,1876.5,23.92,1.79,5.96,99.28,29.8,-13.28,0.78,2.34,-,1.32,6,36.08,95.37,-5.84,-35.2,26,4.86,19.01,36,4.53,12.48,8.01,16.3,12.8,35.25,0.17,0.82,71.91,0,28.09,1482.45,11.76,1788,30.85,31,22.75,20,67.67,12.43,8.05,35.11,12.23,332.28,1678.09,1265.48,412.61,-6.61,14.12,14.4,48
Fri Nov 04 07:04:05 GMT-03:00 2022,04-Nov-2022 07:04:06.081,-35.19980094449424,-5.843737673639628,9.787684440612793,6.0,35.860170398800825,95.32671356201172,-0.12,6.5,7.83,0.05,22.75,0,-0.11,0.1,-0.07,29.02,14.9,14.7,23.92,93,35.13,26.46,1009.96,14.5,686,1,275.3,519.5,238.58,1926,0,83,15.26,66.27,57.25,1892.5,23.92,1.79,6.09,101.48,29.41,-13.28,0.78,2.34,-,1.33,6,35.86,95.33,-5.84,-35.2,25,4.15,20.47,36,5.09,12.48,8.01,16.66,14.38,35.25,0.17,0.79,71.92,0,28.08,1481.53,12.55,1789,35.24,35,22.75,20,77,12.42,8.05,35.09,12.23,332.31,1679.09,1266.48,412.61,-5.91,14.12,14.4,50
Fri Nov 04 07:04:06 GMT-03:00 2022,04-Nov-2022 07:04:07.082,-35.199704784722,-5.843745521402392,10.664594650268555,6.0,35.87279092876529,95.3484878540039,-0.42,4.89,5.15,-0.26,22.75,-0.12,-0.07,0.02,-0.16,28.63,14.9,14.7,23.92,93,35.13,26.46,1009.99,14.5,673.7,1,275.3,519.5,238.58,1926,0,83,15.26,66.27,57.25,1892.5,23.92,1.79,6.09,101.48,29.41,-13.28,0.78,-1.56,-,1.33,6,35.87,95.35,-5.84,-35.2,25,4.15,20.47,35,5.09,12.48,8.01,16.66,14.38,35.25,0.73,0.75,71.94,0,28.06,1481.53,12.55,1789,38.39,35,21.96,19.5,77,12.42,8.05,35.09,12.23,332.31,1680.1,1267.49,412.61,-5.91,14.06,14.4,50
Fri Nov 04 07:04:07 GMT-03:00 2022,04-Nov-2022 07:04:08.081,-35.19960352861177,-5.843754760568678,11.494487762451172,4.0,35.66742616804785,95.30599212646484,-0.89,6.22,7.21,0.01,23.92,0.01,-0.04,0.06,0,28.63,14.9,14.7,23.92,93,35.14,26.47,1009.99,14.5,673.7,1,275.66,454.88,238.57,1926,0,83,16.17,71.37,59.61,1795.5,23.92,1.79,6.02,100.32,29.41,-13.28,-1.56,0,-,1.33,4,35.67,95.31,-5.84,-35.2,25,2.61,21.69,35,5.81,12.48,8.01,16.47,16.43,35.25,0.09,0.74,71.96,0,28.04,1484.89,14.12,1791,41.38,41,24.31,18,86.02,12.42,8.05,35.08,12.26,332.31,1681.09,1268.48,412.61,-6.1,14.04,14.3,52
Fri Nov 04 07:04:08 GMT-03:00 2022,04-Nov-2022 07:04:09.083,-35.199493885873714,-5.8437645627257355,12.182328224182129,4.0,35.807802524127844,95.35482025146484,-1.62,6.42,7.96,0.07,24.71,0,-0.08,0.06,-0.04,30.98,15.69,14.7,23.92,93,35.15,26.48,1010,14.5,675.3,1,275.94,415.19,238.57,1926,0,83,16.17,77.25,63.92,1792.5,23.92,1.8,6.44,107.26,29.41,-13.28,-2.34,-0.78,-,1.33,4,35.81,95.35,-5.84,-35.2,22,1.62,21.69,35,6.37,12.48,8.01,17.61,18,35.25,0.1,0.73,71.97,0,28.03,1484.54,14.51,1792,43.86,43,25.1,16.5,86.02,12.41,8.06,35.07,12.26,332.34,1682.08,1269.47,412.61,-5.04,14.12,14.4,55
Fri Nov 04 07:04:09 GMT-03:00 2022,04-Nov-2022 07:04:10.083,-35.19937949441125,-5.843775231475087,12.745135307312012,4.0,35.898245867036536,95.320068359375,-0.89,6.19,7.9,0.04,24.71,-0.02,0,0.05,-0.05,30.98,15.69,14.7,23.92,93,35.16,26.5,1009.93,14.5,675.3,1,276.18,399.47,238.57,1926,0,83,10.01,78.82,65.1,1774.5,23.92,1.8,6.49,108.24,29.41,-13.28,0,0.78,-,1.33,4,35.9,95.32,-5.84,-35.2,21,1.14,13.43,35,6.62,12.48,8.01,17.77,18.7,35.25,0.17,0.71,71.99,0,28.01,1488.21,14.51,1793,45.88,45,24.71,16.5,53.88,12.41,8.06,35.06,12.28,332.34,1683.09,1270.48,412.61,-4.94,14.1,14.4,57
Fri Nov 04 07:04:10 GMT-03:00 2022,04-Nov-2022 07:04:11.082,-35.19926018141269,-5.8437853208369,13.235990524291992,4.0,36.065354336943955,94.95235443115234,-0.08,5.91,7.76,0.01,23.92,-0.01,-0.04,0.03,-0.03,30.59,15.69,14.7,23.92,93,35.16,26.5,1009.9,14.5,678.2,1,276.18,399.47,238.57,1926,0,83,10.01,78.82,65.1,1774.5,23.92,1.8,6.49,108.24,29.41,-13.28,0,0.78,-,1.33,4,36.07,94.95,-5.84,-35.2,23,1.14,13.43,35,6.62,12.48,8.01,17.77,18.7,35.25,0.17,0.71,72.01,0,27.99,1485.19,14.12,1794,47.65,45,24.71,16.5,53.88,12.41,8.06,35.06,12.28,332.37,1684.11,1271.5,412.61,-4.94,14.1,14.4,57
Fri Nov 04 07:04:11 GMT-03:00 2022,04-Nov-2022 07:04:12.084,-35.19913539400395,-5.8437959558946355,13.681644439697266,4.0,36.18598830664841,95.32701110839844,-0.48,6.09,7.2,-0.03,23.53,0.01,0,0.06,-0.01,30.59,15.69,14.7,23.92,93,35.17,26.51,1009.85,14.5,678.2,1,276.36,364.53,238.56,1926,0,84,8.76,78.82,65.1,1709.5,23.92,1.8,6.2,103.37,29.41,-13.28,0.78,-0.78,-,1.34,4,36.19,95.33,-5.84,-35.2,21,0.35,11.75,34,7.26,12.48,8.01,16.97,20.5,35.25,0.76,0.7,72.02,0,27.98,1489.1,13.73,1794,49.25,48,24.31,15,48.95,12.41,8.06,35.05,12.31,332.39,1685.11,1272.5,412.61,-5.27,14.06,14.4,58
Fri Nov 04 07:04:12 GMT-03:00 2022,04-Nov-2022 07:04:13.084,-35.19900746911328,-5.843807420677689,14.103911399841309,4.0,36.279821653371016,95.47954559326172,-0.93,5.94,7.98,0.03,21.57,-0.04,0,0.02,-0.06,30.59,15.69,14.7,23.92,93,35.18,26.53,1009.87,14.5,682.5,1,276.45,323.83,238.56,1926,0,84,8.76,76.47,61.18,1681,23.92,1.81,5.88,97.94,29.41,-13.28,-2.34,-3.91,-,1.34,4,36.28,95.48,-5.84,-35.2,23,0.75,11.75,34,8.17,12.48,8.01,16.08,23.07,35.25,0.73,0.69,72.04,0,27.96,1489.88,11.76,1795,50.77,50,22.75,16.5,48.95,12.4,8.06,35.04,12.31,332.39,1686.09,1273.48,412.61,-5.46,14.08,14.3,59
Fri Nov 04 07:04:13 GMT-03:00 2022,04-Nov-2022 07:04:14.082,-35.198876802378216,-5.843820841928259,14.597037315368652,4.0,36.38917207108085,95.19723510742188,-0.33,5.97,8.29,0.05,21.18,-0.01,-0.03,0.02,-0.02,29.41,14.9,14.7,23.92,93,35.2,26.55,1009.87,14.5,682.5,1,276.5,297.92,238.56,1926,0,84,8.39,74.12,61.18,1669.5,23.92,1.81,5.63,93.86,29.41,-13.28,-1.56,-3.12,-,1.34,4,36.39,95.2,-5.84,-35.2,23,0.23,11.25,34,8.88,12.48,8.01,15.41,25.08,35.25,0.51,0.69,72.06,0,27.94,1494.02,11.76,1796,52.55,51,22.35,17,47.99,12.4,8.06,35.03,12.34,332.39,1687.09,1274.48,412.61,-5.69,14.04,14.4,59
Fri Nov 04 07:04:14 GMT-03:00 2022,04-Nov-2022 07:04:15.082,-35.198743403199096,-5.8438347550079435,14.983330726623535,4.0,36.41191474277483,95.36454010009766,-0.96,5.63,7.73,-0.01,21.18,-0.01,-0.02,0.03,-0.03,29.41,14.9,14.7,23.92,93,35.22,26.57,1009.83,14.5,682.5,1,276.46,258.34,235.38,1926,0,84,10.06,69.02,58.43,1617.5,23.92,1.81,4.98,83.02,29.02,-13.28,0,-3.12,-,1.34,4,36.41,95.36,-5.84,-35.2,22,1.45,13.49,34,10.24,12.48,8.01,13.63,28.92,35.25,0.51,0.69,72.07,0,27.93,1494.92,11.76,1798,53.94,54,22.35,17,59.38,12.4,8.07,35.02,12.34,332.42,1688.1,1275.49,412.61,-6.65,14.04,14.4,58
Fri Nov 04 07:04:15 GMT-03:00 2022,04-Nov-2022 07:04:16.081,-35.198606201206566,-5.843849627078102,15.359890937805176,4.0,36.43617492731805,95.61946868896484,-0.61,5.72,8.03,0.02,17.65,-0.06,-0.04,-0.04,-0.03,14.9,7.45,14.7,23.92,93,35.24,26.59,1009.81,14.5,686.4,1,276.16,125.13,235.38,1926,0,84,5.73,37.25,43.92,1463,23.92,1.81,2.55,42.58,29.02,-13.28,0,-0.78,-,1.34,4,36.44,95.62,-5.84,-35.2,25,1.06,7.69,34,21.14,12.48,8.01,6.99,59.71,35.25,0.35,0.68,72.09,0,27.91,1499.37,7.84,1799,55.3,55,20.78,18.5,37.43,12.41,8.06,35.04,12.37,332.42,1689.1,1276.48,412.61,-10.35,14.08,14.4,50
Fri Nov 04 07:04:16 GMT-03:00 2022,04-Nov-2022 07:04:17.081,-35.19846930789675,-5.843864370368118,15.219389915466309,4.0,36.553385963168175,95.59547424316406,-0.77,5.09,8.05,-0.01,13.73,0.04,-0.04,0,0.06,14.9,7.45,14.7,23.92,93,35.26,26.61,1009.86,14.5,686.4,1,275.72,57.47,235.38,1926,0,84,5.73,20,18.82,1338,23.92,1.81,1.2,19.92,29.02,-15.62,2.34,6.25,-,1.34,4,36.55,95.6,-5.84,-35.2,27,1.3,7.69,34,46.02,12.48,8.01,3.27,130,35.25,0.19,0.67,72.11,0,27.89,1495.72,3.92,1800,54.79,54,14.51,1.5,37.43,12.41,8.06,35.05,12.37,332.45,1690.09,1277.48,412.61,-12.35,14.08,14.3,41
Fri Nov 04 07:04:17 GMT-03:00 2022,04-Nov-2022 07:04:18.082,-35.198337016339934,-5.843876822211622,14.726021766662598,4.0,36.82253599827778,95.00865936279297,-0.42,4.51,8.95,0.03,12.94,-0.03,-0.06,-0.11,0.04,14.9,7.45,14.7,23.92,93,35.26,26.61,1009.83,14.5,686.4,1,275.72,57.47,235.38,1926,0,84,5.73,20,15.69,1338,23.92,1.81,1.2,19.92,29.02,-17.19,2.34,1.56,-,1.34,4,36.82,95.01,-5.84,-35.2,26,1.3,7.69,34,46.02,12.48,8.01,3.27,130,35.25,0.83,0.66,72.12,0,27.88,1495.72,3.14,1801,53.01,54,13.33,1.5,37.43,12.41,8.06,35.05,12.4,332.45,1691.09,1278.48,412.61,-12.35,14.08,14.3,41
Fri Nov 04 07:04:18 GMT-03:00 2022,04-Nov-2022 07:04:19.082,-35.19821490468109,-5.843887935277524,13.586597442626953,4.0,36.890386002903746,94.50633239746094,-0.92,4.19,8.75,0.01,12.94,0,-0.06,-0.13,0.09,14.9,7.45,14.7,23.92,93,35.27,26.63,1009.85,14.5,686.1,1,275.29,57.1,235.38,1926,0,84,5.73,17.65,15.69,1303,23.92,1.81,1.17,19.43,29.02,-16.41,2.34,3.12,-,1.34,4,36.89,94.51,-5.84,-35.2,27,4.01,7.69,35,46.32,12.48,8.01,3.19,130.84,35.25,0.06,0.65,72.14,0,27.86,1492.11,3.14,1801,48.91,49,14.12,-5.5,37.43,12.41,8.06,35.05,12.4,332.48,1692.11,1279.49,412.61,-12.21,14.12,14.4,35
Fri Nov 04 07:04:19 GMT-03:00 2022,04-Nov-2022 07:04:20.081,-35.19810866054884,-5.8438945980274415,11.817298889160156,3.0,37.23167542507036,92.75275421142578,-1.05,3.66,8.6,-0.03,13.73,0.02,-0.09,-0.15,0.12,14.9,7.45,14.7,23.92,93,35.27,26.64,1009.88,14.5,686.1,1,274.89,79.3,238.56,1926,0,84,-,19.22,16.08,1592.5,23.92,1.81,1.47,24.49,29.41,-16.41,0,0,-,1.34,3,37.23,92.75,-5.84,-35.2,23,7.91,-,35,33.35,12.48,8.01,4.02,94.21,35.25,0.02,0.64,72.16,0,27.84,1492.11,3.92,1803,42.54,41,14.12,-7.5,-,12.42,8.05,35.09,12.43,332.48,1693.09,1280.48,412.61,-11.53,14.08,14.3,31
Fri Nov 04 07:04:20 GMT-03:00 2022,04-Nov-2022 07:04:21.081,-35.198020917499406,-5.843899276100463,9.816691398620605,3.0,37.31371633325193,92.88587188720703,-0.02,3.6,9.63,0.06,13.33,0,-0.05,-0.18,0.1,14.9,7.45,29.4,23.92,93,35.27,26.64,1009.91,14.5,686.1,2,274.51,84.41,238.57,1926,0,84,-,19.22,16.08,1397,23.92,1.81,1.31,21.81,29.41,-17.19,0,0,-,1.34,3,37.31,92.89,-5.84,-35.2,23,8.54,-,35,31.34,12.48,8.01,3.58,88.52,35.25,0,0.01,72.17,0,27.83,1489.06,3.14,1804,35.34,34,13.73,-10,-,12.44,8.04,35.13,12.43,332.51,1694.1,1281.49,412.61,-12.33,14.08,14.3,27
Fri Nov 04 07:04:21 GMT-03:00 2022,04-Nov-2022 07:04:22.084,-35.19795141136397,-5.843905294227739,7.676555633544922,3.0,37.32001755318024,93.63186645507812,-0.85,2.88,9.48,0.03,13.33,0,-0.03,-0.26,0.13,14.9,7.45,29.4,23.92,93,35.27,26.64,1009.94,14.5,686.1,2,274.16,95.53,238.58,1926,0,84,-,19.22,16.08,1328.5,23.92,1.81,1.23,20.47,29.41,-17.19,0,0,-,1.34,3,37.32,93.63,-5.84,-35.2,23,7.34,-,36,27.69,12.48,8.01,3.36,78.21,35.25,0,0.01,72.19,0,27.81,1489.06,3.14,1805,27.64,28,13.33,-11.5,-,12.45,8.03,35.16,12.44,332.51,1695.07,1282.46,412.61,-12.18,14.1,14.3,24
Fri Nov 04 07:04:22 GMT-03:00 2022,04-Nov-2022 07:04:23.081,-35.19790661597517,-5.843909180498347,4.991717338562012,3.0,37.28685293591584,93.51024627685547,-0.54,4.46,8.66,0.01,12.16,0,-0.03,-0.14,0.09,14.9,7.45,29.4,23.92,93,35.27,26.64,1010.06,14.5,683.6,2,274.16,95.53,238.58,1926,0,84,-,19.22,17.25,1328.5,23.92,1.81,1.23,20.47,29.41,-17.19,0,0,-,1.34,3,37.29,93.51,-5.84,-35.2,23,7.34,-,36,27.69,12.48,8.01,3.36,78.21,35.25,0,0,72.21,0,27.79,1486.97,2.35,1805,17.97,28,13.33,-11.5,-,12.45,8.03,35.16,12.44,332.52,1696.1,1283.48,412.61,-12.18,14.1,14.3,24
Fri Nov 04 07:04:23 GMT-03:00 2022,04-Nov-2022 07:04:24.081,-35.19787831753187,-5.843911844689553,3.178757905960083,3.0,37.326452963224995,94.54762268066406,-0.86,5.56,7.73,-0.01,13.73,0,-0.05,0.01,0,14.9,7.45,14.02,23.92,93,35.24,26.63,1010,14.5,683.6,0.95,273.78,84.24,244.95,1926,0,84,-,26.27,25.88,916,23.92,1.82,0.89,14.86,30.2,-16.41,0,0,-,1.34,3,37.33,94.55,-5.84,-35.2,23,6.97,-,36,31.4,12.48,8.01,2.44,88.7,35.25,0.04,0.05,72.22,0,27.78,1486.97,3.92,1806,11.44,11,14.12,0,-,12.46,8.02,35.2,12.44,332.52,1697.09,1284.48,412.61,-12.73,14.08,14.3,21
Fri Nov 04 07:04:24 GMT-03:00 2022,04-Nov-2022 07:04:25.083,-35.197852260467776,-5.843914616062108,2.9041717052459717,3.0,37.31293979349731,95.7924575805664,-1.42,4.53,8.46,0,14.12,0,-0.09,-0.09,0.05,14.9,7.45,13.33,23.92,93,35.22,26.62,1010.01,14.5,681.2,0.91,273.78,-,244.96,1926,0,84,-,34.9,31.37,948,23.92,1.82,1.54,25.7,30.2,-15.62,0,0,-,1.35,3,37.31,95.79,-5.84,-35.2,23,1.44,-,36,7.13,12.48,8.01,4.22,20.15,35.25,0.88,0.09,72.24,0,27.76,1486.97,4.31,1807,10.46,10,14.51,9,-,12.46,8.03,35.19,12.44,332.52,1698.09,1285.48,412.61,-10.04,12.82,13,23
Fri Nov 04 07:04:25 GMT-03:00 2022,04-Nov-2022 07:04:26.082,-35.19783435428872,-5.8439142788861105,1.9817616939544678,3.0,37.28883031408959,88.84251403808594,-1.34,5.38,8.38,0.04,14.51,-0.01,-0.12,-0.01,0,14.9,7.45,13.39,23.92,93,35.19,26.61,1009.98,14.5,681.2,0.91,273.78,-,244.96,1926,0,84,-,40.39,31.37,959.5,23.92,1.82,1.82,30.39,30.2,-15.62,0,0,-,1.35,3,37.29,88.84,-5.84,-35.2,26,2.46,-,36,5.48,12.48,8.01,4.99,15.49,35.25,0.87,0.11,72.25,0,27.75,1486.69,4.31,1808,7.13,8,14.9,3.5,-,12.45,8.03,35.18,12.46,332.54,1699.11,1286.49,412.61,-9.41,12.76,12.9,26
Fri Nov 04 07:04:26 GMT-03:00 2022,04-Nov-2022 07:04:27.082,-35.197821978660954,-5.843907161542756,1.545858383178711,3.0,37.44757237376555,70.75711059570312,-1.02,5.35,8.21,0.02,14.51,-0.02,-0.08,-0.02,0,14.9,7.45,13.39,23.92,93,35.16,26.59,1009.95,14.5,681.2,0.91,273.78,-,251.32,1926,0,84,-,47.84,34.12,859,23.92,1.82,1.81,30.09,30.98,-15.62,0,0,-,1.35,3,37.45,70.76,-5.84,-35.2,28,2.13,-,36,4.43,12.48,8.01,4.94,12.52,35.25,0.87,0.11,72.26,0,27.74,1485.14,4.31,1810,5.57,5,14.9,3.5,-,12.45,8.03,35.16,12.46,332.54,1700.09,1287.48,412.61,-9.52,12.76,12.9,28
Fri Nov 04 07:04:27 GMT-03:00 2022,04-Nov-2022 07:04:28.082,-35.197808233482775,-5.843907145162293,1.46126389503479,6.0,37.33136746791767,49.17494201660156,-1.81,6.34,7.46,0.03,20,0,-0.14,0.1,-0.07,27.06,13.73,14.49,23.92,93,35.14,26.58,1009.91,14.5,673.8,0.99,273.78,-,251.31,1926,0,84,1.45,60,52.16,1615.5,23.92,1.82,4.67,77.78,30.98,-14.06,0,0,-,1.35,6,37.33,49.17,-5.84,-35.2,27,1.43,1.95,36,1.07,12.48,8.01,12.77,3.03,35.25,0.88,0.91,72.23,0,27.77,1485.7,10.2,1811,5.26,7,20.39,3.5,8.59,12.44,8.04,35.14,12.46,332.54,1701.09,1288.48,412.61,-0.11,14.14,14.4,45
Fri Nov 04 07:04:28 GMT-03:00 2022,04-Nov-2022 07:04:29.082,-35.19779998266765,-5.843886751658121,2.365006923675537,6.0,37.520919226482576,15.726094245910645,-2.43,5.76,7.64,0.02,18.43,0,-0.22,0.01,-0.02,27.06,13.73,14.7,23.92,93,35.11,26.56,1009.96,14.5,673.8,1,273.78,-,251.31,1926,0,84,1.45,55.29,44.31,1627,23.92,1.82,4.27,71.2,30.98,-14.06,0,1.56,-,1.35,6,37.52,15.73,-5.84,-35.2,29,4.74,1.95,36,1.64,12.48,8.01,11.69,4.63,35.25,0.73,0.83,72.24,0,27.76,1486.5,8.24,1812,8.51,10,19.22,20,8.59,12.43,8.04,35.11,12.46,332.54,1702.09,1289.48,412.61,-7.5,14.14,14.4,46
Fri Nov 04 07:04:29 GMT-03:00 2022,04-Nov-2022 07:04:30.081,-35.19778944655024,-5.843872802480883,2.4468834400177,6.0,37.05829469001617,332.3387451171875,-3.89,5.32,7.55,0.03,19.22,0.06,-0.38,-0.03,0.01,28.24,14.51,14.7,23.92,93,35.11,26.56,1009.94,14.5,673.8,1,273.78,-,251.31,1926,0,84,1.45,55.29,45.1,1627,23.92,1.82,4.27,71.2,30.98,-14.06,0,1.56,-,1.35,6,37.06,332.34,-5.84,-35.2,25,4.74,1.95,36,1.64,12.48,8.01,11.69,4.63,35.25,0.09,0.79,72.26,0,27.74,1486.5,9.41,1813,8.81,10,19.61,21,8.59,12.43,8.04,35.11,12.46,332.54,1703.09,1290.48,412.61,-7.5,14.16,14.4,46
Fri Nov 04 07:04:30 GMT-03:00 2022,04-Nov-2022 07:04:31.079,-35.1978053777355,-5.843847137263937,3.624241352081299,6.0,36.87988536193703,286.7396240234375,-1.88,6.6,7.64,0.06,19.22,0,-0.19,0.09,-0.07,28.24,14.51,14.7,23.92,93,35.09,26.56,1009.93,14.5,673.8,1,273.78,-,251.3,1926,0,84,1.45,59.61,45.1,1849,23.92,1.82,5.13,85.58,30.98,-13.28,2.34,0,-,1.35,6,36.88,286.74,-5.84,-35.2,25,7.19,1.95,35,1.95,12.48,8.01,14.05,5.5,35.25,0.77,0.75,72.27,0,27.73,1487.07,9.41,1813,13.05,16,20.78,20,8.59,12.42,8.05,35.09,12.46,332.55,1704.09,1291.48,412.61,-6.14,14.2,14.5,48
Fri Nov 04 07:04:30 GMT-03:00 2022,04-Nov-2022 07:04:32.080,-35.1978053777355,-5.843847137263937,3.624241352081299,6.0,36.87988536193703,286.7396240234375,-0.08,6.59,7.71,0.05,19.61,-0.02,-0.02,0.09,-0.1,28.63,14.9,14.7,23.92,93,35.08,26.55,1009.96,14.5,663.6,1,274.88,823.47,248.11,1926,0,84,7.5,64.31,53.33,1706,23.92,1.83,4.98,83.02,30.59,-13.28,0,1.56,-,1.35,6,36.88,286.74,-5.84,-35.2,25,6.95,10.05,35,3.21,12.48,8.01,13.63,9.07,35.25,0.17,0.75,72.29,0,27.71,1487.99,9.8,1815,13.05,20,20.78,19.5,41.95,12.42,8.05,35.07,12.47,332.55,1705.07,1292.46,412.61,-7.39,14.2,14.5,48
Fri Nov 04 07:04:32 GMT-03:00 2022,04-Nov-2022 07:04:33.079,-35.19793472864859,-5.843836325993145,6.713345050811768,8.0,36.52225929413723,272.64459228515625,0.71,6.22,7.23,-0.01,20.78,-0.04,0.04,0.09,-0.12,29.8,15.29,14.7,23.92,93,35.07,26.55,1009.94,14.5,663.6,1,275.78,728.85,248.11,1926,0,84,7.5,67.06,55.29,1788,23.92,1.83,5.51,91.85,30.59,-13.28,-3.12,-4.69,-,1.35,8,36.52,272.64,-5.84,-35.2,24,6.75,10.05,35,3.63,12.48,8.01,15.08,10.25,35.25,0.35,0.73,72.31,0,27.69,1489.3,10.98,1816,24.17,25,21.57,19.5,41.95,12.41,8.06,35.06,12.48,332.56,1706.1,1293.49,412.61,-5.97,14.14,14.4,51
Fri Nov 04 07:04:33 GMT-03:00 2022,04-Nov-2022 07:04:34.083,-35.19800990451731,-5.843832467878994,7.785824775695801,8.0,36.752720799986825,277.0617370605469,0.34,5.87,7.99,0.02,20.39,0.02,0.04,0.05,0,26.67,13.73,14.7,23.92,93,35.06,26.55,1009.92,14.5,664.1,1,276.2,486.42,248.11,1926,0,84,14.17,67.06,54.12,1667,23.92,1.83,4.6,76.63,30.59,-13.28,-3.12,-4.69,-,1.36,8,36.75,277.06,-5.84,-35.2,26,1.97,19,35,5.44,12.48,8.01,12.58,15.36,35.25,0.35,0.73,72.32,0,27.68,1490.46,10.98,1817,28.03,30,21.57,19.5,81.17,12.4,8.06,35.04,12.49,332.57,1707.09,1294.48,412.61,-7.71,14.14,14.4,50
Fri Nov 04 07:04:34 GMT-03:00 2022,04-Nov-2022 07:04:35.084,-35.198096304570996,-5.843823707886735,8.581192016601562,8.0,36.95082641621633,279.79534912109375,-0.43,4.51,8.55,0.02,20.39,0,-0.01,-0.06,0.04,26.67,13.73,14.7,23.92,93,35.06,26.55,1009.96,14.5,665.5,1,276.2,486.42,248.11,1926,0,84,14.17,53.73,54.12,1667,23.92,1.83,4.6,76.63,30.59,-14.84,-0.78,1.56,-,1.36,8,36.95,279.8,-5.84,-35.2,24,1.97,19,35,5.44,12.48,8.01,12.58,15.36,35.25,0.08,0.71,72.34,0,27.66,1490.46,3.14,1817,30.89,30,15.29,-2.5,81.17,12.4,8.06,35.04,12.49,332.57,1708.09,1295.48,412.61,-7.71,14.12,14.4,50
Fri Nov 04 07:04:35 GMT-03:00 2022,04-Nov-2022 07:04:36.083,-35.19817343153598,-5.843806712590839,8.054842948913574,6.0,36.67750881299897,283.4054870605469,-0.38,5.75,8.33,0.04,12.55,0.02,0.01,-0.04,0.07,14.9,7.45,14.7,23.92,93,35.06,26.55,1009.95,14.5,665.5,1,275.84,97.31,241.74,1926,0,84,14.17,20.39,19.61,1157.5,23.92,1.83,1.1,18.4,29.8,-18.75,4.69,5.47,-,1.36,6,36.68,283.41,-5.84,-35.2,23,2.89,19,35,27.18,12.48,8.01,3.02,76.78,35.25,0.06,0.7,72.36,0,27.64,1489,2.35,1819,29,28,12.94,-7.5,81.17,12.42,8.05,35.07,12.54,332.62,1709.09,1296.48,412.61,-12.76,14.16,14.4,40
Fri Nov 04 07:04:36 GMT-03:00 2022,04-Nov-2022 07:04:37.082,-35.19824135263172,-5.8437877725291365,7.536592483520508,6.0,36.259525662987365,286.03546142578125,-2.59,5.49,8.61,0.09,12.16,-0.14,-0.17,-0.15,-0.08,14.9,7.45,14.7,23.92,93,35.05,26.55,1009.99,14.5,665.5,1,275.45,78.37,241.75,1926,0,84,14.17,18.43,15.69,997,23.92,1.83,0.83,13.83,29.8,-18.75,7.03,7.81,-,1.36,6,36.26,286.04,-5.84,-35.2,23,2,19,35,33.75,12.48,8.01,2.27,95.34,35.25,0.08,0.7,72.37,0,27.63,1484.33,2.35,1820,27.13,27,12.55,8,81.17,12.43,8.04,35.12,12.54,332.62,1710.11,1297.5,412.61,-12.61,14.08,14.4,33
Fri Nov 04 07:04:37 GMT-03:00 2022,04-Nov-2022 07:04:38.083,-35.198306206122325,-5.843769269752116,7.277912139892578,6.0,36.01238524855174,282.9545593261719,-1.96,3.97,6.74,-0.17,12.16,0.07,-0.27,-0.12,0.12,14.9,7.45,14.7,23.92,93,35.04,26.55,1009.99,14.5,665.5,1,275.06,82.34,241.76,1926,0,84,-,19.61,15.69,930,23.92,1.83,0.84,14.01,29.8,-18.75,9.38,10.16,-,1.36,6,36.01,282.95,-5.84,-35.2,25,2.13,-,36,32.12,12.48,8.01,2.3,90.74,35.25,0.28,0.69,72.39,0,27.61,1484.33,2.35,1820,26.2,25,12.55,7.5,-,12.45,8.04,35.16,12.54,332.62,1711.09,1298.48,412.61,-12.28,14.16,14.4,29
Fri Nov 04 07:04:38 GMT-03:00 2022,04-Nov-2022 07:04:39.081,-35.198374406931386,-5.843758776697288,6.962778091430664,6.0,35.92865630279958,276.50946044921875,-1.81,6.55,9.74,0.22,12.16,0.07,-0.11,-0.06,0.12,14.9,7.45,14.7,23.92,93,35.04,26.55,1010.04,14.5,665,1,275.06,82.34,241.76,1926,0,84,-,19.61,16.47,930,23.92,1.83,0.84,14.01,29.8,-18.75,9.38,10.16,-,1.36,6,35.93,276.51,-5.84,-35.2,25,2.13,-,36,32.12,12.48,8.01,2.3,90.74,35.25,0.28,0.69,72.4,0,27.6,1484.33,2.35,1822,25.07,25,12.55,7.5,-,12.45,8.04,35.16,12.54,332.62,1712.09,1299.48,412.61,-12.28,14.16,14.4,29
Fri Nov 04 07:04:39 GMT-03:00 2022,04-Nov-2022 07:04:40.081,-35.198434218901966,-5.843751344613791,6.2248215675354,6.0,35.73202762359827,273.3749694824219,-0.78,3.67,10.85,0.04,13.33,0.02,-0.02,-0.23,0.15,14.9,7.45,14.7,23.92,93,35.03,26.55,1010.07,14.5,665,1,274.48,149.2,241.77,1926,0,84,-,21.57,19.61,926,23.92,1.83,1.3,21.62,29.8,-17.97,3.91,3.91,-,1.36,6,35.73,273.37,-5.84,-35.2,23,2.07,-,36,17.73,12.48,8.01,3.55,50.08,35.25,0.83,0.69,72.42,0,27.58,1482.92,2.75,1823,22.41,23,12.94,3.5,-,12.46,8.03,35.19,12.55,332.63,1713.11,1300.49,412.61,-10.84,14.12,14.4,26
Fri Nov 04 07:04:40 GMT-03:00 2022,04-Nov-2022 07:04:41.082,-35.19847503559605,-5.843745815478803,4.453882217407227,6.0,35.57878386016381,279.74945068359375,1.32,6.05,7.72,-0.02,13.33,0.04,0.07,-0.24,0.17,14.9,7.45,14.7,23.92,93,34.99,26.54,1010.13,14.5,663.9,1,274.27,169.42,241.78,1926,0,84,-,28.63,22.35,901.5,23.92,1.83,1.22,20.28,29.8,-17.19,-1.56,1.56,-,1.36,6,35.58,279.75,-5.84,-35.2,25,9.41,-,36,15.61,12.48,8.01,3.33,44.1,35.25,0.79,0.7,72.44,0,27.56,1482.42,3.14,1824,16.03,13,13.73,5,-,12.46,8.03,35.2,12.55,332.64,1714.1,1301.49,412.61,-11.02,12.98,13.3,25
Fri Nov 04 07:04:41 GMT-03:00 2022,04-Nov-2022 07:04:42.081,-35.1985128278998,-5.843738942223008,3.770986318588257,6.0,35.408855753904426,302.9315490722656,0.7,6.61,8.79,0.14,13.73,0.07,0.12,-0.15,0.17,14.9,7.45,14.7,23.92,93,34.99,26.54,1010.09,14.5,663.9,1,274.27,169.42,241.78,1926,0,85,-,28.63,27.45,901.5,23.92,1.83,1.22,20.28,30.59,-16.41,-1.56,-1.56,-,1.36,6,35.41,302.93,-5.84,-35.2,27,9.41,-,36,15.61,12.48,8.01,3.33,44.1,35.25,0.71,0.7,72.45,0,27.55,1482.42,3.92,1825,13.58,13,14.12,18.5,-,12.46,8.03,35.2,12.55,332.64,1715.1,1302.49,412.61,-11.02,13.26,13.6,25
Fri Nov 04 07:04:42 GMT-03:00 2022,04-Nov-2022 07:04:43.081,-35.19853642398053,-5.843723068234289,2.802621364593506,8.0,35.68530355801177,335.7048034667969,2.01,5.9,8.9,0.12,13.73,0.02,0.2,-0.05,0.05,14.9,7.45,14.7,23.92,93,34.97,26.52,1010.09,14.5,663.9,1,274.27,-,248.14,1926,0,85,-,43.14,27.45,1046,23.92,1.83,1.95,32.47,30.59,-14.84,4.69,2.34,-,1.36,8,35.69,335.7,-5.84,-35.2,25,2.58,-,36,6.67,12.48,8.01,5.33,18.85,35.25,0.77,0.7,72.47,0,27.53,1481.78,3.92,1825,10.09,11,15.69,18.5,-,12.46,8.03,35.19,12.56,332.64,1716.09,1303.48,412.61,-8.78,14.18,14.5,28
Fri Nov 04 07:04:43 GMT-03:00 2022,04-Nov-2022 07:04:44.081,-35.19854493487453,-5.843684304934395,2.8986079692840576,8.0,35.63538954385017,9.829345703125,1.66,6.49,6.65,-0.03,16.47,0.07,0.26,-0.04,0.09,21.96,11.37,14.7,23.92,93,34.95,26.51,1010.1,14.5,663.9,1,274.27,-,238.59,1926,0,85,1.18,48.63,40,1334,23.92,1.84,3.02,50.37,29.41,-14.06,-1.56,0.78,-,1.36,8,35.64,9.83,-5.84,-35.2,27,1.91,1.58,36,3.64,12.48,8.01,8.27,10.28,35.25,0.08,0.7,72.48,0,27.52,1482.32,6.67,1827,10.43,12,17.25,15,8.46,12.45,8.03,35.17,12.56,332.64,1717.09,1304.48,412.61,-6.85,14.06,14.3,34
Fri Nov 04 07:04:44 GMT-03:00 2022,04-Nov-2022 07:04:45.083,-35.19852250577416,-5.843647382136968,3.6751818656921387,8.0,35.53168903171593,48.820281982421875,1.8,6.44,9.2,0.17,19.22,0.04,0.39,-0.04,0,24.71,12.94,14.7,23.92,93,34.93,26.5,1010.05,14.5,659.4,1,274.27,-,238.59,1926,0,85,1.18,63.92,48.24,1634,23.92,1.84,5.12,85.4,29.41,-14.06,2.34,0,-,1.36,8,35.53,48.82,-5.84,-35.2,24,3.57,1.58,36,2.34,12.48,8.01,14.02,6.62,35.25,0.78,0.7,72.5,0,27.5,1483.03,9.41,1828,13.23,14,21.18,20,8.46,12.44,8.04,35.15,12.57,332.65,1718.1,1305.49,412.61,-4.33,14.08,14.3,43
Fri Nov 04 07:04:45 GMT-03:00 2022,04-Nov-2022 07:04:46.083,-35.19847900029411,-5.843625461149433,4.112656116485596,8.0,35.61319134463654,84.33650207519531,-1.77,5.44,8.57,0.06,20.39,0.05,0.18,0.1,0,26.67,14.12,14.7,23.92,93,34.91,26.5,1010.03,14.5,659.4,1,275.87,1079.2,225.86,1926,0,85,4.92,63.92,52.16,1918,23.92,1.84,5.71,95.2,27.84,-13.28,2.34,0,-,1.36,8,35.61,84.34,-5.84,-35.2,26,3.19,6.6,36,2.45,12.48,8.01,15.63,6.92,35.25,0.78,0.7,72.52,0,27.48,1483.72,10.59,1829,14.81,18,21.18,20,24.51,12.44,8.04,35.13,12.57,332.65,1719.11,1306.49,412.61,-5.24,14.08,14.3,48
Fri Nov 04 07:04:47 GMT-03:00 2022,04-Nov-2022 07:04:47.082,-35.198425307053604,-5.843628348083893,5.126218318939209,8.0,35.19194434495229,97.64837646484375,-1.17,7.51,7.32,0.09,20.39,-0.01,0.13,0.1,-0.09,26.67,14.12,14.7,23.92,93,34.91,26.5,1010.05,14.5,658.5,1,275.87,1079.2,225.86,1926,0,85,4.92,65.88,52.16,1918,23.92,1.84,5.71,95.2,27.84,-13.28,-4.69,-0.78,-,1.36,8,35.19,97.65,-5.84,-35.2,27,3.19,6.6,36,2.45,12.48,8.01,15.63,6.92,35.25,0.19,0.69,72.53,0,27.47,1483.72,12.16,1829,18.45,18,22.75,21,24.51,12.44,8.04,35.13,12.57,332.65,1720.1,1307.49,412.61,-5.24,14.08,14.3,48
Fri Nov 04 07:04:48 GMT-03:00 2022,04-Nov-2022 07:04:48.082,-35.198362855429494,-5.843642311085565,6.7143473625183105,8.0,35.220269263975176,97.4842300415039,-1.85,6.38,7.01,-0,22.35,0.11,-0.25,0,0.1,28.24,14.51,14.7,23.92,93,34.9,26.5,1009.99,14.5,658.5,1,277.06,872.13,216.31,1926,0,85,10.04,65.1,54.9,1987.5,23.92,1.84,5.94,98.92,26.67,-13.28,-1.56,-3.91,-,1.37,8,35.22,97.48,-5.84,-35.2,26,5.55,13.46,36,3.03,12.48,8.01,16.24,8.57,35.25,0.71,0.69,72.55,0,27.45,1484.56,11.37,1831,24.17,24,21.96,21,48.22,12.43,8.05,35.11,12.58,332.66,1721.1,1308.49,412.61,-6.31,14.02,14.4,50
Fri Nov 04 07:04:49 GMT-03:00 2022,04-Nov-2022 07:04:49.086,-35.19828651797395,-5.8436524126976295,7.732382774353027,8.0,35.59870357942009,97.4197006225586,-1.41,7.92,6.64,0.07,21.18,0.08,-0.21,0.17,-0.05,28.63,14.9,14.7,23.92,93,34.89,26.5,1009.92,14.5,662.9,1,277.74,617.45,216.31,1926,0,85,10.04,67.84,54.9,1833.5,23.92,1.85,5.6,93.38,26.67,-13.28,-2.34,-0.78,-,1.37,8,35.6,97.42,-5.84,-35.2,27,2.83,13.46,35,4.28,12.48,8.01,15.33,12.1,35.25,0.34,0.69,72.56,0,27.44,1485.95,11.37,1832,27.84,27,20.78,19.5,48.22,12.42,8.05,35.09,12.59,332.67,1722.09,1309.48,412.61,-7.04,14.06,14.3,50
Fri Nov 04 07:04:50 GMT-03:00 2022,04-Nov-2022 07:04:50.082,-35.198210474613894,-5.843660378150348,8.441306114196777,6.0,35.68563519267112,97.61228942871094,-2.26,5.42,5.6,-0.16,20.39,-0.14,-0.17,0.06,-0.27,28.24,14.51,14.7,23.92,93,34.89,26.5,1009.93,14.5,662.9,1,278.2,505.88,213.12,1926,0,85,9.44,64.71,53.73,1781.5,23.92,1.85,5.16,86.07,26.27,-13.28,1.56,-0.78,-,1.37,6,35.69,97.61,-5.84,-35.2,26,2.16,12.66,35,5.23,12.48,8.01,14.13,14.77,35.25,0.34,0.69,72.58,0,27.42,1487.26,10.59,1833,30.39,30,20.78,19.5,50.62,12.42,8.05,35.08,12.6,332.68,1723.1,1310.49,412.61,-7.07,14.06,14.3,50
Fri Nov 04 07:04:51 GMT-03:00 2022,04-Nov-2022 07:04:51.081,-35.19812600790633,-5.843673231555819,9.027488708496094,6.0,35.74650274653458,97.2306900024414,0.31,5.14,7.66,-0.05,18.04,-0.13,-0.14,-0.06,-0.12,23.14,12.16,14.7,23.92,93,34.89,26.5,1009.92,14.5,666.6,1,278.2,505.88,213.12,1926,0,85,9.44,64.71,53.73,1781.5,23.92,1.85,5.16,86.07,26.27,-13.28,1.56,0,-,1.37,6,35.75,97.23,-5.84,-35.2,24,2.16,12.66,35,5.23,12.48,8.01,14.13,14.77,35.25,0.78,0.68,72.6,0,27.4,1487.26,8.24,1833,32.5,30,20.78,20,50.62,12.42,8.05,35.08,12.6,332.68,1724.1,1311.49,412.61,-7.07,14.02,14.3,50
Fri Nov 04 07:04:52 GMT-03:00 2022,04-Nov-2022 07:04:52.080,-35.19803832530562,-5.843685975821625,9.44946002960205,6.0,35.820426225257705,96.12893676757812,1.41,5.09,5.29,-0.23,13.73,0.11,-0.28,0.35,-0.25,23.14,12.16,14.7,23.92,93,34.89,26.51,1009.89,14.5,666.6,1,278.15,253.26,213.12,1926,0,85,8.13,41.57,45.49,1550.5,23.92,1.85,2.87,47.88,26.27,-14.84,0.78,2.34,-,1.37,6,35.82,96.13,-5.84,-35.2,26,1.5,10.9,35,10.44,12.48,8.01,7.86,29.5,35.25,0.07,0.68,72.61,0,27.39,1488.46,3.92,1834,34.02,34,15.29,0.5,50.07,12.42,8.05,35.07,12.61,332.69,1725.09,1312.47,412.61,-10.25,14.1,14.4,44
Fri Nov 04 07:04:53 GMT-03:00 2022,04-Nov-2022 07:04:53.081,-35.19795513093156,-5.843695665262901,9.009620666503906,6.0,35.765196494540575,95.80522918701172,-2.58,7.15,7.5,0.1,12.94,0.22,-0.25,0.01,0.23,14.9,7.45,14.7,23.92,93,34.89,26.51,1009.85,14.5,667.7,1,277.78,95.53,213.12,1926,0,85,8.13,21.18,19.61,1368.5,23.92,1.85,1.23,20.47,26.27,-17.19,5.47,6.25,-,1.37,6,35.77,95.81,-5.84,-35.2,24,1.02,10.9,35,27.69,12.48,8.01,3.36,78.21,35.25,0.1,0.67,72.63,0,27.37,1487.39,3.14,1836,32.43,33,13.33,-1,50.07,12.43,8.05,35.1,12.62,332.7,1726.09,1313.48,412.61,-12.41,14.08,14.3,37
Fri Nov 04 07:04:54 GMT-03:00 2022,04-Nov-2022 07:04:54.082,-35.19787730276464,-5.843704993223879,8.56225299835205,6.0,35.9001290119288,96.82818603515625,0.46,5.14,8.01,-0.02,12.94,-0.02,-0.22,-0.09,0,14.9,7.45,14.7,23.92,93,34.88,26.51,1009.86,14.5,667.7,1,277.41,90.22,213.13,1926,0,85,8.13,19.22,16.08,1242.5,23.92,1.85,1.13,18.76,26.27,-17.97,3.12,2.34,-,1.37,6,35.9,96.83,-5.84,-35.2,19,2.43,10.9,35,29.32,12.48,8.01,3.08,82.81,35.25,0.81,0.67,72.64,0,27.36,1486.99,3.14,1837,30.82,30,13.33,-9,50.07,12.44,8.04,35.14,12.62,332.7,1727.09,1314.48,412.61,-12.33,14.06,14.3,31
Fri Nov 04 07:04:55 GMT-03:00 2022,04-Nov-2022 07:04:55.081,-35.19780990159455,-5.843714528379866,7.4627203941345215,6.0,36.02884509237963,97.437744140625,-2.79,4.19,8.97,0.06,12.94,0,-0.14,-0.37,0.15,14.9,7.45,29.4,23.92,93,34.88,26.51,1009.91,14.5,667.7,2,277.41,90.22,213.13,1926,0,85,8.13,19.22,15.29,1242.5,23.92,1.85,1.13,18.76,26.67,-17.97,3.12,2.34,-,1.37,6,36.03,97.44,-5.84,-35.2,23,2.43,10.9,35,29.32,12.48,8.01,3.08,82.81,35.25,0.81,0.67,72.66,0,27.34,1486.99,2.75,1838,26.87,30,13.33,-9,50.07,12.44,8.04,35.14,12.62,332.7,1728.11,1315.5,412.61,-12.33,14.06,14.3,31
Fri Nov 04 07:04:56 GMT-03:00 2022,04-Nov-2022 07:04:56.083,-35.1977590423343,-5.843717156150632,5.690217018127441,6.0,36.199480453051095,90.65008544921875,-1.81,4.81,8.28,0,12.94,0.04,-0.28,0.08,-0.04,14.9,7.45,29.4,23.92,93,34.87,26.51,1009.95,14.5,667.3,2,277.04,91.19,216.31,1926,0,85,-,18.43,15.69,1212,23.92,1.85,1.03,17.24,26.67,-17.97,0,0,-,1.37,6,36.2,90.65,-5.84,-35.2,25,4.87,-,36,29.01,12.48,8.01,2.83,81.94,35.25,0,0.01,72.68,0,27.32,1485.5,3.14,1838,20.48,22,13.33,-13.5,-,12.45,8.03,35.17,12.63,332.72,1729.09,1316.48,412.61,-12.31,14.06,14.3,27
Fri Nov 04 07:04:57 GMT-03:00 2022,04-Nov-2022 07:04:57.083,-35.19771806471675,-5.843704117888936,4.604698657989502,6.0,36.24476697952405,69.74695587158203,-2.03,6.82,8.78,0.16,13.73,0.1,-0.3,-0.08,0.12,18.04,9.41,18.28,23.92,93,34.85,26.5,1009.94,14.5,667.3,1.24,276.76,138.85,216.32,1926,0,85,-,24.31,30.2,964.5,23.92,1.85,1.15,19.25,26.67,-15.62,0,0,-,1.37,6,36.24,69.75,-5.84,-35.2,23,3.48,-,36,19.05,12.48,8.01,3.16,53.81,35.25,0.01,0.01,72.69,0,27.31,1484.82,5.49,1840,16.58,17,14.51,17,-,12.46,8.03,35.19,12.64,332.72,1730.1,1317.48,412.61,-11.98,14.04,14.3,24
Fri Nov 04 07:04:58 GMT-03:00 2022,04-Nov-2022 07:04:58.083,-35.19768710642404,-5.8436781772238815,4.248046875,4.0,36.59817060348129,47.63766098022461,-3.94,4.73,9.37,0.15,16.86,0.03,-0.27,-0.06,0.05,23.92,12.16,13.39,23.92,93,34.83,26.49,1009.96,14.5,667.3,0.91,276.59,191.06,216.32,1926,0,85,-,30.98,45.88,1076,23.92,1.85,1.23,20.47,26.67,-14.84,0,0,-,1.37,4,36.6,47.64,-5.84,-35.2,28,1.58,-,36,13.84,12.48,8.01,3.36,39.11,35.25,0.9,0.08,72.71,0,27.29,1484.75,7.06,1840,15.29,15,14.51,12.5,-,12.46,8.03,35.19,12.64,332.72,1731.1,1318.49,412.61,-11.13,14.04,14.2,24
Fri Nov 04 07:04:59 GMT-03:00 2022,04-Nov-2022 07:04:59.082,-35.19765137895718,-5.8436564091665275,4.17332649230957,6.0,36.4757144844609,26.336111068725586,0.47,6.73,7.55,0.04,16.86,0.05,-0.25,0.19,-0.04,23.92,12.16,13.39,23.92,93,34.82,26.49,1009.94,14.5,667.3,0.91,277.54,751.41,225.87,1926,0,86,-,56.47,45.88,1596,23.92,1.86,4.26,71.02,27.84,-14.84,3.91,0,-,1.37,6,36.48,26.34,-5.84,-35.2,26,0.71,-,35,3.52,12.48,8.01,11.66,9.94,35.25,0.9,0.08,72.72,0,27.28,1485.16,7.06,1842,15.02,16,14.51,21,-,12.45,8.03,35.17,12.65,332.73,1732.09,1319.48,412.61,-4.01,14.04,14.2,36
Fri Nov 04 07:05:00 GMT-03:00 2022,04-Nov-2022 07:05:00.081,-35.19763964305427,-5.843610620439569,4.556705951690674,6.0,36.18946068771871,8.66159439086914,-0.4,5.78,8.89,0.09,18.82,-0.03,-0.09,0.07,-0.09,23.92,12.55,14.7,23.92,93,34.8,26.48,1009.86,14.5,661.3,1,278.87,943.09,225.86,1926,0,86,-,62.75,46.67,1673.5,23.92,1.86,5.7,95.08,27.84,-14.06,1.56,1.56,-,1.38,6,36.19,8.66,-5.84,-35.2,28,0.98,-,35,2.8,12.48,8.01,15.61,7.92,35.25,0.78,0.83,72.74,0,27.26,1484.6,9.02,1843,16.4,16,18.82,21,-,12.44,8.04,35.15,12.65,332.74,1733.09,1320.48,412.61,-5.06,13.98,14.3,43
Fri Nov 04 07:05:01 GMT-03:00 2022,04-Nov-2022 07:05:01.083,-35.197638369018094,-5.843562571753507,5.340548038482666,6.0,36.39612917193697,4.296202659606934,-0.46,5.76,9.89,0.18,22.75,-0.01,0.07,0.07,-0.06,28.63,13.33,14.7,23.92,93,34.78,26.47,1009.86,14.5,661.3,1,280.46,1075.4,225.86,1926,0,86,-,67.84,57.25,1980.5,23.92,1.86,6.51,108.42,27.84,-13.28,-0.78,3.12,-,1.38,6,36.4,4.3,-5.84,-35.2,27,2.6,-,35,2.46,12.48,8.01,17.8,6.95,35.25,0.12,0.79,72.75,0,27.25,1485.57,12.94,1844,19.23,19,20.78,20,-,12.44,8.04,35.13,12.66,332.74,1734.09,1321.48,412.61,-4.24,14.04,14.3,49
Fri Nov 04 07:05:02 GMT-03:00 2022,04-Nov-2022 07:05:02.082,-35.19763195447979,-5.843506440016747,6.275723934173584,6.0,36.4080443817414,7.676480293273926,1,5.07,7.66,-0.05,21.96,-0.09,0.15,-0.06,-0.06,26.27,13.33,14.7,23.92,93,34.78,26.47,1009.91,14.5,661.3,1,280.46,1075.4,225.86,1926,0,86,-,67.84,54.9,1980.5,23.92,1.86,6.51,108.42,27.84,-13.28,-0.78,-2.34,-,1.38,6,36.41,7.68,-5.84,-35.2,26,2.6,-,35,2.46,12.48,8.01,17.8,6.95,35.25,0.5,0.77,72.77,0,27.23,1485.57,12.16,1845,22.59,19,22.75,20,-,12.44,8.04,35.13,12.66,332.74,1735.09,1322.48,412.61,-4.24,14.02,14.3,49
Fri Nov 04 07:05:03 GMT-03:00 2022,04-Nov-2022 07:05:03.081,-35.19762717860014,-5.843449330161602,6.738057613372803,6.0,36.56508188753,12.399116516113281,0.7,6.3,7.93,0.05,21.96,-0.13,-0.09,0.07,-0.24,26.27,13.33,14.7,23.92,93,34.77,26.47,1009.81,14.5,661.3,1,281.38,744.32,225.86,1926,0,86,-,68.24,54.9,1772.5,23.92,1.86,5.35,89.11,27.84,-13.28,2.34,-2.34,-,1.38,6,36.57,12.4,-5.84,-35.2,23,2.41,-,35,3.55,12.48,8.01,14.63,10.04,35.25,0.5,0.77,72.79,0,27.21,1486.32,12.16,1845,24.26,25,22.75,16.5,-,12.43,8.04,35.11,12.67,332.75,1736.09,1323.48,412.61,-7.37,14.02,14.3,49
Fri Nov 04 07:05:04 GMT-03:00 2022,04-Nov-2022 07:05:04.082,-35.197612056826046,-5.843384868682425,7.257031440734863,6.0,36.90681156884289,17.117229461669922,-0.95,4.27,8.51,-0.01,20.39,0.05,-0.02,0.15,-0.04,27.84,14.12,14.7,23.92,93,34.77,26.47,1009.71,14.5,662.5,1,281.38,744.32,225.86,1926,0,86,-,68.24,58.04,1772.5,23.92,1.86,5.35,89.11,27.84,-13.28,2.34,0,-,1.38,6,36.91,17.12,-5.84,-35.2,25,2.41,-,35,3.55,12.48,8.01,14.63,10.04,35.25,0.81,0.75,72.8,0,27.2,1486.32,10.59,1845,26.13,25,21.57,16.5,-,12.43,8.04,35.11,12.67,332.75,1737.11,1324.5,412.61,-7.37,13.98,14.3,49
Fri Nov 04 07:05:05 GMT-03:00 2022,04-Nov-2022 07:05:05.081,-35.19759012486066,-5.8433206916317255,7.3614630699157715,6.0,37.40434216466508,17.736236572265625,0.95,5.91,8.01,0.03,20.39,0.01,-0.04,0.07,-0.02,27.84,14.12,14.7,23.92,93,34.77,26.47,1009.63,14.5,662.5,1,281.84,511.94,222.67,1926,0,85,1.2,68.24,58.04,1505.5,23.92,1.87,4.84,80.65,27.45,-13.28,2.34,0,-,1.38,6,37.4,17.74,-5.84,-35.2,23,0.13,1.61,35,5.17,12.48,8.01,13.24,14.59,35.25,0.81,0.75,72.82,0,27.18,1486.83,10.59,1847,26.5,26,21.57,16.5,7.63,12.42,8.05,35.1,12.68,332.76,1738.1,1325.48,412.61,-7.29,13.98,14.3,49
Fri Nov 04 07:05:06 GMT-03:00 2022,04-Nov-2022 07:05:06.081,-35.19757231738037,-5.843255727522846,7.332730770111084,6.0,38.08009483629963,14.564478874206543,1.43,6.87,6.88,0.01,20.39,0.16,0.12,0.11,0.13,27.84,14.12,14.7,23.92,93,34.77,26.47,1009.59,14.5,662.5,1,281.84,511.94,222.67,1926,0,85,1.2,70.98,58.04,1505.5,23.92,1.87,4.84,80.65,27.45,-14.06,-1.56,0,-,1.38,6,38.08,14.56,-5.84,-35.2,25,0.13,1.61,35,5.17,12.48,8.01,13.24,14.59,35.25,0.09,0.75,72.83,0,27.17,1486.83,10.59,1847,26.4,26,20,17,7.63,12.42,8.05,35.1,12.68,332.76,1739.09,1326.48,412.61,-7.29,14.04,14.3,49
Fri Nov 04 07:05:07 GMT-03:00 2022,04-Nov-2022 07:05:07.081,-35.19755198632644,-5.843192403131399,6.625161170959473,8.0,37.908525672035324,11.650569915771484,-2.05,3.12,9.43,0.05,14.51,0.1,-0.21,-0.16,0.18,14.9,7.45,14.7,23.92,93,34.77,26.47,1009.52,14.5,665.5,1,281.84,511.94,222.67,1926,0,85,1.2,70.98,28.63,1505.5,23.92,1.87,4.84,80.65,27.45,-14.06,-1.56,0,-,1.38,8,37.91,11.65,-5.84,-35.2,23,0.13,1.61,35,5.17,12.48,8.01,13.24,14.59,35.25,0.09,0.75,72.85,0,27.15,1486.83,5.49,1850,23.85,26,20,17,7.63,12.42,8.05,35.1,12.68,332.76,1740.08,1327.47,412.61,-7.29,14.04,14.3,49
Fri Nov 04 07:05:08 GMT-03:00 2022,04-Nov-2022 07:05:08.080,-35.19753820561857,-5.843132221818106,6.081569671630859,8.0,37.70086764930637,9.656012535095215,-1.33,4.7,8.88,0.04,14.51,-0.1,-0.12,-0.13,-0.03,14.9,7.45,14.7,23.92,93,34.75,26.47,1009.53,14.5,665.5,1,281.48,100.01,222.67,1926,0,85,1.2,19.22,28.63,1171.5,23.92,1.87,0.98,16.39,27.45,-18.75,0.78,3.12,-,1.38,8,37.7,9.66,-5.84,-35.2,26,2.85,1.61,35,26.45,12.48,8.01,2.69,74.71,35.25,0.07,0.74,72.86,0,27.14,1485.04,5.49,1850,21.89,21,12.94,5,7.63,12.43,8.04,35.13,12.7,332.78,1741.1,1328.49,412.61,-12.78,14.08,14.3,39
Fri Nov 04 07:05:09 GMT-03:00 2022,04-Nov-2022 07:05:09.080,-35.19753127513605,-5.843086766222814,4.896849155426025,8.0,37.95794838086683,4.745466232299805,-1.2,5.87,8.42,0.07,12.55,-0.14,-0.13,-0.13,-0.09,14.9,7.45,14.7,23.92,93,34.75,26.47,1009.86,14.5,665.9,1,281.48,100.01,222.67,1926,0,85,1.2,19.22,16.47,1171.5,23.92,1.87,0.98,16.39,27.45,-18.75,0.78,3.12,-,1.38,8,37.96,4.75,-5.84,-35.2,23,2.85,1.61,35,26.45,12.48,8.01,2.69,74.71,35.25,0.07,0.74,72.88,0,27.12,1485.04,2.75,1850,17.63,21,12.94,5,7.63,12.43,8.04,35.13,12.7,332.78,1742.08,1329.47,412.61,-12.78,14.08,14.3,39
Fri Nov 04 07:05:10 GMT-03:00 2022,04-Nov-2022 07:05:10.081,-35.19753241254562,-5.8430515386979245,4.120144367218018,8.0,38.21813562532355,345.01434326171875,-2.83,4.07,7.93,-0.03,12.55,-0.04,-0.27,-0.14,0,14.9,7.45,14.7,23.92,93,34.73,26.46,1009.52,14.5,665.9,1,281.19,135.33,225.85,1926,0,86,-,21.18,16.47,1064.5,23.92,1.87,1.07,17.91,27.84,-18.75,8.59,3.12,-,1.38,8,38.22,345.01,-5.84,-35.2,20,4.63,-,36,19.54,12.48,8.01,2.94,55.21,35.25,0.07,0.74,72.89,0,27.11,1484.26,2.75,1852,14.83,13,12.94,11,-,12.44,8.04,35.14,12.7,332.79,1743.09,1330.48,412.61,-12.08,14.08,14.3,34
Fri Nov 04 07:05:11 GMT-03:00 2022,04-Nov-2022 07:05:11.081,-35.19754030540619,-5.84302107564308,3.273526668548584,8.0,38.83365274040076,312.8583984375,-3.11,4.88,8.05,0.02,12.55,0.02,-0.3,-0.05,0.02,14.9,7.45,14.7,23.92,93,34.73,26.46,1009.57,14.5,665.1,1,281.19,135.33,225.85,1926,0,86,-,21.18,16.47,1064.5,23.92,1.87,1.07,17.91,27.84,-17.97,8.59,7.03,-,1.38,8,38.83,312.86,-5.84,-35.2,19,4.63,-,36,19.54,12.48,8.01,2.94,55.21,35.25,0.82,0.74,72.91,0,27.09,1484.26,2.75,1852,11.78,13,12.94,11,-,12.44,8.04,35.14,12.7,332.79,1744.08,1331.47,412.61,-12.08,14,14.3,34
Fri Nov 04 07:05:12 GMT-03:00 2022,04-Nov-2022 07:05:12.080,-35.19756960048299,-5.842996041634213,3.439936637878418,8.0,38.85426835632163,286.5280456542969,-0.83,4.25,8.74,0.01,12.55,0.03,-0.1,0.02,0.03,14.9,7.45,14.7,23.92,93,34.71,26.45,1009.55,14.5,665.1,1,281.19,-,232.22,1926,0,86,-,22.75,17.25,957,23.92,1.87,1.03,17.24,28.63,-17.97,1.56,7.03,-,1.38,8,38.85,286.53,-5.84,-35.2,15,0.78,-,36,12.57,12.48,8.01,2.83,35.51,35.25,0.82,0.74,72.93,0,27.07,1483.3,2.75,1855,12.38,11,12.94,11,-,12.44,8.04,35.14,12.71,332.79,1745.09,1332.47,412.61,-11.93,14,14.3,30
Fri Nov 04 07:05:13 GMT-03:00 2022,04-Nov-2022 07:05:13.081,-35.197614125444645,-5.8429944164258005,2.9215872287750244,12.0,38.5479929606557,272.6692199707031,-0.58,4.41,8.48,-0.01,12.55,-0.02,0.04,-0.16,0.07,14.9,7.45,14.7,23.92,93,34.71,26.45,1009.6,14.5,664.1,1,281.19,-,232.22,1926,0,86,-,22.75,17.25,957,23.92,1.87,1.03,17.24,28.63,-16.41,1.56,0,-,1.38,12,38.55,272.67,-5.84,-35.2,12,0.78,-,35,12.57,12.48,8.01,2.83,35.51,35.25,0.79,0.73,72.94,0,27.06,1483.3,3.53,1855,10.52,11,14.12,10.5,-,12.44,8.04,35.14,12.71,332.79,1746.08,1333.47,412.61,-11.93,13.98,14.3,30
Fri Nov 04 07:05:14 GMT-03:00 2022,04-Nov-2022 07:05:14.081,-35.19765373919556,-5.843002671179606,2.164652109146118,12.0,38.21869792735876,268.8924255371094,-0.33,3.46,9.51,0.04,13.73,0.03,-0.03,-0.21,0.15,14.9,7.45,14.7,23.92,93,34.68,26.43,1009.61,14.5,664.1,1,281.19,-,241.76,1926,0,86,-,42.35,28.24,973,23.92,1.87,1.78,29.72,29.8,-16.41,0.78,0,-,1.39,12,38.22,268.89,-5.84,-35.2,13,8.52,-,35,6.17,12.48,8.01,4.88,17.42,35.25,0.79,0.73,72.95,0,27.05,1482.88,3.53,1857,7.79,2,14.12,10.5,-,12.44,8.04,35.13,12.72,332.8,1747.09,1334.48,412.61,-9.58,13.98,14.3,31
Fri Nov 04 07:05:15 GMT-03:00 2022,04-Nov-2022 07:05:15.080,-35.19767546676013,-5.843011922682184,1.0327062606811523,12.0,38.55637046876761,268.8853454589844,-0.44,5.61,7.97,0.01,12.94,0,-0.03,0.01,0,14.9,7.45,14.7,23.92,93,34.68,26.43,1009.6,14.5,662.6,1,281.19,-,241.76,1926,0,86,-,42.35,25.88,973,23.92,1.87,1.78,29.72,29.8,-15.62,0.78,1.56,-,1.39,12,38.56,268.89,-5.84,-35.2,11,8.52,-,35,6.17,12.48,8.01,4.88,17.42,35.25,0.1,0.73,72.91,0,27.09,1482.88,3.14,1857,3.72,2,14.51,-1.5,-,12.44,8.04,35.13,12.72,332.8,1748.09,1335.48,412.61,-9.58,13.04,13.5,31
Fri Nov 04 07:05:16 GMT-03:00 2022,04-Nov-2022 07:05:16.079,-35.197682788951155,-5.843015703812499,0.9681265354156494,12.0,38.5102144061148,268.9992370605469,-0.32,4.69,8.4,-0.01,12.94,0,-0.01,-0.07,0.06,14.9,7.45,14.7,23.92,93,34.68,26.41,1009.6,14.5,662.6,1,281.19,-,264.03,1926,0,86,-,39.22,25.88,836.5,23.92,1.87,1.4,23.33,32.55,-15.62,3.12,0.78,-,1.39,12,38.51,269,-5.84,-35.2,11,3.72,-,36,1.43,12.48,8.01,3.83,4.04,35.25,0.8,0.73,72.87,0,27.13,1482.88,3.14,1858,3.49,0,16.47,12.5,-,12.43,8.05,35.11,12.72,332.8,1749.08,1335.75,413.33,-10.7,14.08,13.5,29
Fri Nov 04 07:05:17 GMT-03:00 2022,04-Nov-2022 07:05:17.080,-35.197682788951155,-5.843015703812499,0.19775733351707458,12.0,38.67869066210968,268.79302978515625,-0.57,4.7,8.42,-0,16.47,-0.01,-0.02,-0.09,0.04,18.82,9.02,14.7,23.92,93,34.68,26.41,1009.6,14.5,661.3,1,281.19,-,264.03,1926,0,86,-,39.22,36.08,836.5,23.92,1.87,1.4,23.33,32.55,-14.84,3.12,0.78,-,1.39,12,38.68,268.79,-5.84,-35.2,11,3.72,-,36,1.43,12.48,8.01,3.83,4.04,35.25,0.8,0.73,72.82,0,27.18,1482.88,6.67,1858,0.71,0,16.47,12.5,-,12.43,8.05,35.11,12.72,332.8,1750.08,1335.75,414.33,-10.7,14.08,14.4,29
Fri Nov 04 07:05:18 GMT-03:00 2022,04-Nov-2022 07:05:18.080,-35.197682788951155,-5.843015703812499,0.0023825298994779587,12.0,38.63655381881559,267.8711853027344,-0.04,5.26,8.38,0.02,16.47,-0.05,0.03,-0.05,-0.01,18.82,9.02,14.7,23.92,93,34.65,26.4,1009.58,14.5,661.3,1,281.19,-,257.66,1926,0,86,0.88,42.35,36.08,958,23.92,1.87,1.91,31.8,31.76,-14.84,-3.91,0.78,-,1.39,12,38.64,267.87,-5.84,-35.2,10,3.29,1.18,36,0,12.48,8.01,5.22,0,35.25,0.8,0.73,72.78,0,27.22,1483.19,6.67,1860,0.01,4,13.73,15.5,8.79,12.43,8.05,35.11,12.72,332.8,1751.08,1336.37,414.71,-8.46,14,14.4,32
