GPS Time, Device Time, Longitude, Latitude,GPS Speed (Meters/second), Horizontal Dilution of Precision, Altitude, Bearing, G(x), G(y), G(z), G(calibrated), Absolute Throttle Position B(%),Acceleration Sensor(Total)(g),Acceleration Sensor(X axis)(g),Acceleration Sensor(Y axis)(g),Acceleration Sensor(Z axis)(g),Accelerator PedalPosition D(%),Accelerator PedalPosition E(%),Air Fuel Ratio(Commanded)(:1),Alcohol Fuel Percentage(%),Android device Battery Level(%),Average trip speed(whilst stopped or moving)(km/h),Barometer (on Android device)(mb),Barometric pressure (from vehicle)(psi),Catalyst Temperature (Bank 1 Sensor 1)(°C),Commanded Equivalence Ratio(lambda),Distance to empty (Estimated)(km),Distance travelled since codes cleared(km),Distance travelled with MIL/CEL lit(km),Engine Coolant Temperature(°C),Engine kW (At the wheels)(kW),Engine Load(%),Engine Load(Absolute)(%),Engine RPM(rpm),Ethanol Fuel %(%),Fuel cost (trip)(cost),Fuel flow rate/hour(l/hr),Fuel Level (From Engine ECU)(%),Fuel Trim Bank 1 Long Term(%),Fuel Trim Bank 1 Short Term(%),Fuel trim Bank 1 Sensor 1(%),Fuel trim Bank 1 Sensor 2(%),Fuel used (trip)(l),GPS Accuracy(m),GPS Altitude(m),GPS Bearing(°),GPS Latitude(°),GPS Longitude(°),GPS Satellites,GPS vs OBD Speed difference(km/h),Horsepower (At the wheels)(hp),Intake Air Temperature(°C),Kilometers Per Litre(Instant)(kpl),Kilometers Per Litre(Long Term Average)(kpl),Litres Per 100 Kilometer(Long Term Average)(l/100km),Mass Air Flow Rate(g/s),Miles Per Gallon(Instant)(mpg),Miles Per Gallon(Long Term Average)(mpg),O2 Bank 1 Sensor 1 Voltage(V),O2 Bank 1 Sensor 2 Voltage(V),Relative Throttle Position(%),Run time since engine start(s),Speed (GPS)(km/h),Speed (OBD)(km/h),Throttle Position(Manifold)(%),Timing Advance(°),Torque(Nm),Trip average KPL(kpl),Trip average Litres/100 KM(l/100km),Trip average MPG(mpg),Trip Distance(km),Trip Time(Since journey start)(s),Trip time(whilst moving)(s),Trip time(whilst stationary)(s),Turbo Boost & Vacuum Gauge(psi),Voltage (Control Module)(V),Voltage (OBD Adapter)(V),Volumetric Efficiency (Calculated)(%)
Mon Sep 26 06:36:24 GMT-03:00 2022,26-Sep-2022 06:36:24.424,-35.2207336610153,-5.820106445028792,0.0,8.0,42.55596177627559,282.4593811035156,-0.3,5.32,8.19,-0.01,13.33,0,0,0,0,14.9,7.45,14.7,19.61,95,5.15,1011.72,14.65,492,1,157.92,220,0,46,-,32.16,27.84,780.5,19.61,0.91,1.28,50.59,-6.25,-5.47,-5.47,-,0.02,8,42.56,282.46,-5.82,-35.22,16,0,-,28,0,4.87,20.55,3.49,0,13.74,0.7,0.85,3.14,162,0,0,13.73,5,-,4.87,20.55,13.74,0.04,30.29,19.78,10.51,-10.44,14.34,14.6,31
Mon Sep 26 06:36:25 GMT-03:00 2022,26-Sep-2022 06:36:25.416,-35.2207336610153,-5.820106445028792,0.0,8.0,42.71808871283459,282.4593811035156,-0.28,5.71,7.94,-0.01,13.33,0,0,0.05,-0.03,14.9,7.45,14.7,19.61,95,4.9,1011.71,14.65,492,1,158.75,220,0,46,-,33.73,28.63,793.5,19.61,0.94,1.3,50.98,-6.25,-2.34,-5.47,-,0.02,8,42.72,282.46,-5.82,-35.22,15,0,-,28,0,4.85,20.6,3.55,0,13.71,0.7,0.85,3.53,163,0,0,13.73,2,-,4.85,20.6,13.71,0.04,31.43,19.78,11.65,-10.36,14.34,14.6,30
Mon Sep 26 06:36:26 GMT-03:00 2022,26-Sep-2022 06:36:26.418,-35.2207336610153,-5.820106445028792,0.0,8.0,42.58963472423519,282.4593811035156,-0.36,6.1,7.73,0,16.47,0,0,0.06,-0.06,23.14,11.76,14.7,19.61,95,4.9,1011.69,14.65,494,1,158.37,220,0,46,-,33.73,41.18,1179.5,19.61,0.98,2.23,50.98,-5.47,-2.34,-1.56,-,0.02,8,42.59,282.46,-5.82,-35.22,16,0,-,28,0,4.84,20.65,6.11,0,13.68,0.08,0.83,6.27,164,0,0,13.73,2,-,4.84,20.65,13.68,0.04,32.41,19.78,12.63,-7.39,14.32,14.5,35
Mon Sep 26 06:36:27 GMT-03:00 2022,26-Sep-2022 06:36:27.418,-35.220765124353,-5.820121776189714,1.0980850458145142,8.0,42.5233393431907,276.5332336425781,0.5,5.17,8.23,-0.01,14.12,0.04,0.11,0,0.03,14.9,7.45,14.7,19.61,95,4.86,1011.72,14.65,494,1,154.36,220,0,46,1.38,38.04,28.63,1179.5,19.61,1,1.29,49.8,-4.69,-4.69,-2.34,-,0.02,8,42.52,276.53,-5.82,-35.22,18,4,1.86,28,3.11,4.76,20.99,3.52,8.78,13.46,0.09,0.83,4.31,165,3.95,4,14.9,2,11.21,4.76,20.99,13.46,0.04,33.4,20.77,12.63,-11.83,14.34,14.6,31
Mon Sep 26 06:36:28 GMT-03:00 2022,26-Sep-2022 06:36:28.419,-35.220776646101896,-5.8201235488671745,1.2814767360687256,8.0,42.84733745094491,276.2139892578125,0.33,4.62,8.96,0.03,12.94,0.12,0.08,-0.11,0.19,14.9,7.45,14.7,19.61,95,4.91,1011.71,14.65,496.5,1,154.36,220,0,46,1.25,29.8,28.63,941.5,19.61,1,1.29,49.8,-5.47,-3.12,-3.91,-,0.02,8,42.85,276.21,-5.82,-35.22,20,2.05,1.67,28,3.11,4.76,20.99,3.52,8.78,13.46,0.83,0.82,3.14,165,4.61,6,13.33,0.5,12.63,4.76,20.99,13.46,0.04,34.39,21.76,12.63,-11.83,14.28,14.5,31
Mon Sep 26 06:36:29 GMT-03:00 2022,26-Sep-2022 06:36:29.420,-35.22078932127712,-5.82012310992987,0.7276434898376465,8.0,43.018705672416466,276.92083740234375,-0.4,5.59,8.35,0.02,12.94,0.02,0.02,0.04,0,14.9,7.45,14.7,19.61,95,4.88,1011.74,14.65,497.6,1,150.66,220,0,46,1.25,34.9,23.92,882.5,19.61,1.04,1.74,49.41,-5.47,-3.91,-3.12,-,0.02,8,43.02,276.92,-5.82,-35.22,22,1.38,1.67,28,3.44,4.71,21.25,4.77,9.72,13.3,0.08,0.81,3.14,166,2.62,4,14.12,2,12.63,4.71,21.25,13.3,0.04,35.42,22.79,12.63,-9.87,14.48,14.6,31
Mon Sep 26 06:36:30 GMT-03:00 2022,26-Sep-2022 06:36:30.420,-35.220799069935595,-5.82011954100437,0.3714548647403717,8.0,42.757796422715636,280.03521728515625,-0.22,4.56,8.65,-0,13.73,0.01,0.02,-0.06,0.04,14.9,7.45,14.7,19.61,95,4.76,1011.73,14.65,497.6,1,148.84,220,0,46,1.25,37.25,31.37,837,19.61,1.07,1.55,49.41,-5.47,0,-3.12,-,0.02,8,42.76,280.04,-5.82,-35.22,23,0.66,1.67,28,2.58,4.62,21.65,4.24,7.29,13.05,0.08,0.81,3.92,168,1.34,2,14.51,8,12.63,4.62,21.65,13.05,0.04,36.39,23.77,12.63,-10.12,13.76,14.6,31
Mon Sep 26 06:36:31 GMT-03:00 2022,26-Sep-2022 06:36:31.418,-35.220799069935595,-5.82011954100437,0.0,8.0,42.31814686334697,280.03521728515625,0.07,6.01,7.83,0,14.12,0,0.03,0.06,-0.04,14.9,7.45,14.7,19.61,95,4.58,1011.74,14.65,498.7,1,143.72,220,0,47,-,39.61,35.69,838.5,19.61,1.11,1.67,48.63,-5.47,-0.78,0.78,-,0.02,8,42.32,280.04,-5.82,-35.22,21,0,-,28,1.19,4.48,22.32,4.58,3.38,12.66,0.17,0.81,4.31,169,0,0,14.51,8,-,4.48,22.32,12.66,0.04,37.39,24.64,12.75,-9.49,13.76,14.2,32
Mon Sep 26 06:36:32 GMT-03:00 2022,26-Sep-2022 06:36:32.417,-35.220799069935595,-5.82011954100437,0.0,8.0,42.255832429769974,280.03521728515625,0.33,6.54,7.59,0.02,14.12,0,0.05,0.09,-0.07,20,10.2,14.7,19.61,95,4.41,1011.73,14.65,498.7,1,139.46,220,0,47,-,39.61,33.73,838.5,19.61,1.16,3.1,48.63,-5.47,-0.78,-1.56,-,0.02,8,42.26,280.04,-5.82,-35.22,21,0,-,28,0,4.47,22.36,8.49,0,12.64,0.79,0.81,3.53,170,0,0,14.51,3.5,-,4.47,22.36,12.64,0.04,38.39,24.64,13.76,-5.1,14.36,14.5,40
Mon Sep 26 06:36:33 GMT-03:00 2022,26-Sep-2022 06:36:33.420,-35.220799069935595,-5.82011954100437,0.0,8.0,42.240497219488724,280.03521728515625,0.52,6.23,7.14,-0.04,16.47,0,0.06,0.11,-0.08,17.25,9.02,14.7,19.61,95,4.41,1011.7,14.65,501.6,1,139.46,220,0,47,-,53.33,41.18,838.5,19.61,1.16,3.1,45.88,-3.91,-2.34,-3.12,-,0.02,8,42.24,280.04,-5.82,-35.22,23,0,-,28,0,4.47,22.36,8.49,0,12.64,0.73,0.8,6.67,171,0,0,17.25,17,-,4.47,22.36,12.64,0.04,39.42,24.64,14.78,-5.1,14.28,14.6,40
Mon Sep 26 06:36:34 GMT-03:00 2022,26-Sep-2022 06:36:34.420,-35.22081146313248,-5.82010964900444,0.6305902600288391,8.0,42.072633184529984,304.0479431152344,0.49,6.09,7.27,-0.03,17.25,0,0.08,0.1,-0.09,27.06,9.02,14.7,19.61,95,4.36,1011.71,14.65,503.9,1,131.35,220,0,47,0.84,43.53,41.18,1025.5,19.61,1.2,2.3,45.88,-3.91,0,-1.56,-,0.02,8,42.07,304.05,-5.82,-35.22,23,3,1.12,28,0,4.46,22.4,6.3,0,12.61,0.81,0.8,7.06,171,2.27,3,16.86,14,7.81,4.46,22.4,12.61,0.04,40.39,25.52,14.87,-7.56,14.36,14.6,42
Mon Sep 26 06:36:35 GMT-03:00 2022,26-Sep-2022 06:36:35.420,-35.22081463675803,-5.820100268482365,0.9163594841957092,8.0,42.09886077625634,341.58154296875,1.55,6.4,6.23,-0.08,20.39,-0.06,0.07,0.1,-0.17,31.37,14.12,14.7,19.61,95,4.34,1011.72,14.65,503.9,1,128.87,220,0,47,0.33,54.12,44.71,1360,19.61,1.28,3.75,45.1,-3.12,0.78,1.56,-,0.02,8,42.1,341.58,-5.82,-35.22,22,0.7,0.44,28,0.8,4.33,23.07,10.27,2.26,12.24,0.14,0.8,9.02,172,3.3,4,18.82,18,2.3,4.33,23.07,12.24,0.04,41.42,26.55,14.87,-5.2,14.4,14.5,47
Mon Sep 26 06:36:36 GMT-03:00 2022,26-Sep-2022 06:36:36.420,-35.220817565200015,-5.820092971769058,0.34026017785072327,6.0,42.31505898407494,352.8053894042969,0.17,7.31,8.11,0.11,20.39,0.11,0.04,0.2,-0.01,31.37,16.08,14.7,19.61,95,4.47,1011.69,14.65,503.9,1,122.92,220,0,47,2.7,62.35,54.9,1684,19.61,1.39,5.28,44.31,-3.12,-0.78,1.56,-,0.02,6,42.32,352.81,-5.82,-35.22,24,6.78,3.62,28,0.76,4.21,23.75,14.44,2.14,11.89,0.14,0.8,9.02,174,1.22,8,21.18,17,15.29,4.21,23.75,11.89,0.04,42.4,27.53,14.87,-4.63,14.4,14.5,52
Mon Sep 26 06:36:37 GMT-03:00 2022,26-Sep-2022 06:36:37.419,-35.22081743069894,-5.820089155023658,1.3043934106826782,6.0,42.404579636396676,8.672059059143066,-0.64,6.16,9.6,0.16,20.39,-0.02,-0.02,-0.05,0,30.98,15.69,14.7,19.61,95,4.71,1011.72,14.65,514,1,119.42,220,0,47,4.5,67.84,59.61,1480,19.61,1.49,5.19,44.31,-3.12,-0.78,1.56,-,0.03,6,42.4,8.67,-5.82,-35.22,24,7.3,6.04,28,1.54,4.12,24.26,14.19,4.36,11.64,0.14,0.81,10.59,175,4.7,12,21.18,17,29.07,4.12,24.26,11.64,0.05,43.38,28.51,14.87,-6.7,14.34,14.5,53
Mon Sep 26 06:36:38 GMT-03:00 2022,26-Sep-2022 06:36:38.418,-35.220812349837026,-5.820075398453099,2.1074352264404297,6.0,41.89750753626404,24.957122802734375,0.74,7.6,6.86,0.04,20.78,-0.08,0,0.04,-0.14,29.02,14.9,14.7,19.61,95,4.71,1011.67,14.65,521.1,1,119.42,220,0,47,4.5,67.84,54.51,1480,19.61,1.49,5.19,43.92,-3.12,-3.91,0,-,0.03,6,41.9,24.96,-5.82,-35.22,26,7.3,6.04,28,1.54,4.12,24.26,14.19,4.36,11.64,0.08,0.82,10.59,176,7.59,12,21.18,17,29.07,4.12,24.26,11.64,0.05,44.41,29.54,14.87,-6.7,14.4,14.5,53
Mon Sep 26 06:36:39 GMT-03:00 2022,26-Sep-2022 06:36:39.418,-35.22080084658515,-5.820055645176937,3.4755966663360596,6.0,41.739754328552515,21.6379337310791,-1.36,4.9,7.29,-0.1,19.22,0.19,0.16,0.18,0.09,21.18,10.59,14.7,19.61,95,5.09,1011.63,14.65,521.1,1,115.86,220,0,47,7.16,62.35,44.71,1748,19.61,1.61,5.66,43.92,-3.12,5.47,3.91,-,0.03,6,41.74,21.64,-5.82,-35.22,22,9.41,9.6,28,2.12,4.06,24.65,15.49,5.99,11.46,0.8,0.82,9.41,176,12.51,17,21.18,19.5,39.1,4.06,24.65,11.46,0.05,45.32,30.45,14.87,-4.78,14.34,14.5,56
Mon Sep 26 06:36:40 GMT-03:00 2022,26-Sep-2022 06:36:40.418,-35.22078683910373,-5.8200189572135566,5.026303291320801,8.0,41.524658011987114,17.43019676208496,-1.7,5.6,7.45,-0.04,13.33,-0.03,-0.14,0.03,-0.08,19.61,10.59,14.7,19.61,95,5.52,1011.55,14.65,531.6,1,114.05,220,0,47,3.59,32.16,44.71,1530,19.61,1.65,2.43,43.92,-5.47,3.12,2.34,-,0.03,8,41.52,17.43,-5.82,-35.22,22,6.49,4.81,28,6.98,4.15,24.1,6.66,19.73,11.72,0.5,0.81,2.75,177,18.09,19,13.73,-4,22.4,4.15,24.1,11.72,0.06,46.42,31.55,14.87,-11.06,14.34,14.6,48
Mon Sep 26 06:36:41 GMT-03:00 2022,26-Sep-2022 06:36:41.418,-35.220768643267206,-5.819970619536984,4.813518047332764,8.0,41.13354640886435,17.414875030517578,-0.16,3.84,7.96,-0.1,13.33,-0.01,0.15,0.02,-0.04,19.61,10.2,14.7,19.61,95,5.82,1011.6,14.65,531.6,1,116.62,220,0,48,3.59,20,17.65,1307,19.61,1.68,1.38,43.92,-5.47,0.78,-0.78,-,0.03,8,41.13,17.41,-5.82,-35.22,19,1.33,4.81,28,13.79,4.44,22.52,3.77,38.95,12.54,0.89,0.81,2.75,178,17.33,16,13.33,30,22.4,4.44,22.52,12.54,0.06,47.42,32.55,14.87,-12.32,14.36,14.6,40
Mon Sep 26 06:36:42 GMT-03:00 2022,26-Sep-2022 06:36:42.418,-35.22074985309822,-5.819923645325076,4.085415363311768,8.0,40.57629932914394,23.578710556030273,-0.28,6.08,8.21,0.04,13.33,0.05,-0.05,0.08,0,18.04,9.02,14.7,19.61,95,6.06,1011.6,14.65,533.1,1,124.83,220,0,48,3.59,22.75,21.18,1070,19.61,1.7,1.29,43.92,-5.47,-3.91,-0.78,-,0.03,8,40.58,23.58,-5.82,-35.22,18,0.71,4.81,28,12.44,4.68,21.39,3.52,35.13,13.21,0.89,0.81,3.53,180,14.71,14,13.33,5,22.4,4.68,21.39,13.21,0.07,48.38,33.51,14.87,-12.11,14.36,14.6,34
Mon Sep 26 06:36:43 GMT-03:00 2022,26-Sep-2022 06:36:43.420,-35.22073121933797,-5.819885457521658,3.5909876823425293,8.0,40.26677582672137,24.05837631225586,-0.3,5.01,8.3,-0.01,12.94,0.02,0.14,0,0.03,14.9,7.84,14.7,19.61,95,6.06,1011.54,14.65,533.1,1,132.62,220,0,48,3.59,22.75,20,1070,19.61,1.73,1.07,44.31,-7.03,-3.91,-3.91,-,0.03,8,40.27,24.06,-5.82,-35.22,19,0.71,4.81,28,13.03,4.91,20.35,2.94,36.81,13.88,0.88,0.94,2.75,181,12.93,14,12.94,5,22.4,4.91,20.35,13.88,0.07,49.42,34.55,14.87,-12.06,14.36,14.6,30
Mon Sep 26 06:36:44 GMT-03:00 2022,26-Sep-2022 06:36:44.419,-35.220713624532586,-5.819847867086915,3.3625118732452393,8.0,40.188598873200455,24.721708297729492,-0.12,6.67,7.98,0.06,18.43,0,0.21,0.02,-0.03,25.88,13.33,14.7,19.61,95,6.17,1011.56,14.65,535,1,132.62,220,0,48,-,23.53,42.35,899.5,19.61,1.73,1.07,44.31,-3.12,-7.03,-7.03,-,0.03,8,40.19,24.72,-5.82,-35.22,21,2.93,-,28,13.03,4.91,20.35,2.94,36.81,13.88,0.87,0.95,8.24,181,12.11,10,13.73,21,-,4.91,20.35,13.88,0.07,50.39,35.52,14.87,-12.06,14.34,14.6,30
Mon Sep 26 06:36:45 GMT-03:00 2022,26-Sep-2022 06:36:45.418,-35.220696594932285,-5.819813306072964,2.791501522064209,8.0,39.73890028037098,28.797744750976562,1.93,4.99,9.61,0.12,16.47,0.06,0.2,0,0.05,20.78,10.98,14.7,19.61,95,6.3,1011.48,14.65,535,1,139.39,220,0,48,1.09,43.14,32.94,1668.5,19.61,1.79,3.82,44.31,-3.91,-2.34,-0.78,-,0.03,8,39.74,28.8,-5.82,-35.22,19,1.11,1.46,28,2.62,4.85,20.61,10.44,7.4,13.7,0.08,0.86,6.27,182,10.05,11,17.65,23,6.25,4.85,20.61,13.7,0.08,51.41,36.54,14.87,-3.7,14.26,14.5,41
Mon Sep 26 06:36:46 GMT-03:00 2022,26-Sep-2022 06:36:46.420,-35.220680956867,-5.819786357826809,2.617792844772339,8.0,39.36964662937535,59.10395431518555,-0.2,4.44,7.99,-0.07,18.82,-0.05,-0.02,-0.06,-0.02,20.78,10.98,14.7,19.61,95,6.45,1011.5,14.65,539.2,1,137.58,220,0,48,1.12,31.76,32.94,1413.5,19.61,1.83,2.25,44.31,-4.69,-0.78,-1.56,-,0.03,8,39.37,59.1,-5.82,-35.22,20,1.95,1.5,28,4.89,4.85,20.61,6.16,13.8,13.71,0.86,0.82,8.63,183,9.42,12,14.9,23,7.56,4.85,20.61,13.71,0.08,52.4,37.53,14.87,-11.17,14.3,14.5,36
Mon Sep 26 06:36:47 GMT-03:00 2022,26-Sep-2022 06:36:47.421,-35.2206592287677,-5.81977433423112,2.3389241695404053,8.0,39.37681063066856,95.84181213378906,-0.56,7.15,6.77,0,18.82,0.04,0.11,0.18,-0.1,25.49,13.33,14.7,19.61,95,6.56,1011.46,14.65,539.2,1,137.61,220,0,48,1.12,59.22,48.24,1611,19.61,1.94,4.75,44.31,-4.69,-1.56,-3.12,-,0.03,8,39.38,95.84,-5.82,-35.22,22,2.58,1.5,28,2.53,4.79,20.87,12.99,7.14,13.53,0.83,0.82,8.63,185,8.42,11,20,18.5,7.56,4.79,20.87,13.53,0.08,53.43,38.56,14.87,-5.98,14.2,14.5,42
Mon Sep 26 06:36:48 GMT-03:00 2022,26-Sep-2022 06:36:48.418,-35.220635854835514,-5.819778527743411,2.7693023681640625,6.0,38.93088833546498,111.6426010131836,0.72,5.84,8.1,0.02,20.39,0.02,-0.02,0.2,-0.14,29.02,14.9,14.7,19.61,95,6.78,1011.4,14.65,543.2,1,135.87,220,0,48,5.84,68.63,56.47,1614,19.61,2.04,5.63,44.31,-3.12,-2.34,-3.12,-,0.04,6,38.93,111.64,-5.82,-35.22,23,5.03,7.84,28,1.95,4.72,21.2,15.41,5.52,13.33,0.83,0.79,9.8,186,9.97,15,22.35,17,34.58,4.72,21.2,13.33,0.09,54.42,39.56,14.87,-5.63,14.3,14.6,47
Mon Sep 26 06:36:49 GMT-03:00 2022,26-Sep-2022 06:36:49.418,-35.22060600240481,-5.819789581662095,4.0643181800842285,6.0,38.368276990081576,109.66056060791016,-0.88,7.47,7.44,0.08,22.75,-0.15,-0.12,0,-0.2,30.2,15.29,14.7,19.61,95,7.1,1011.43,14.65,543.2,1,132.62,220,0,48,9.25,68.24,61.18,1874.5,19.61,2.17,6.76,43.92,-3.12,-2.34,-0.78,-,0.04,6,38.37,109.66,-5.82,-35.22,22,5.37,12.4,28,2.22,4.66,21.48,18.49,6.27,13.15,0.17,0.78,12.94,187,14.63,20,22.35,17,47.11,4.66,21.48,13.15,0.09,55.42,40.55,14.87,-3.84,14.3,14.5,53
Mon Sep 26 06:36:50 GMT-03:00 2022,26-Sep-2022 06:36:50.421,-35.22056205621616,-5.819803064359959,5.459485054016113,6.0,37.765341269290765,106.90673065185547,-0.47,4.86,6.98,-0.13,21.96,-0.06,-0.04,0,-0.08,27.84,14.12,14.7,19.61,95,7.1,1011.43,14.65,555.7,1,130.87,220,0,48,9.25,68.24,56.47,1874.5,19.61,2.27,6.16,43.92,-3.12,3.91,2.34,-,0.04,6,37.77,106.91,-5.82,-35.22,21,5.37,12.4,27,3.25,4.62,21.64,16.86,9.17,13.05,0.79,0.77,12.16,188,19.65,20,23.53,18.5,47.11,4.62,21.64,13.05,0.09,56.35,41.48,14.87,-6.19,14.26,14.6,54
Mon Sep 26 06:36:51 GMT-03:00 2022,26-Sep-2022 06:36:51.418,-35.2205068356045,-5.819820556255206,6.715883731842041,6.0,38.27800606366672,107.9529037475586,-2.09,6.95,5.78,-0.06,19.61,0,-0.11,0.15,-0.13,24.71,12.55,14.7,19.61,95,7.5,1011.38,14.65,555.7,1,130.87,220,0,48,8.51,57.65,47.45,1987.5,19.61,2.27,6.16,43.92,-3.12,3.12,4.69,-,0.04,6,38.28,107.95,-5.82,-35.22,15,4.35,11.42,27,3.25,4.62,21.64,16.86,9.17,13.05,0.11,0.76,9.8,189,24.18,24,20.78,21,40.91,4.62,21.64,13.05,0.1,57.4,42.53,14.87,-6.19,14.32,14.5,54
Mon Sep 26 06:36:52 GMT-03:00 2022,26-Sep-2022 06:36:52.420,-35.220442326656446,-5.819842540091694,7.286739826202393,8.0,38.163448591442446,110.83155822753906,-1.35,7.44,8.77,0.18,15.69,0.06,-0.06,0.03,0.04,20.39,12.55,14.7,19.61,95,7.93,1011.36,14.65,567.3,1,129.9,220,0,49,8.51,47.84,47.45,1753.5,19.61,2.35,4.38,43.92,-3.91,0.78,-0.78,-,0.04,8,38.16,110.83,-5.82,-35.22,14,1.82,11.42,27,5.48,4.64,21.54,11.99,15.47,13.11,0.5,0.75,5.49,189,26.23,26,16.86,22.5,40.91,4.64,21.54,13.11,0.11,58.33,43.46,14.87,-8.98,14.34,14.5,50
Mon Sep 26 06:36:53 GMT-03:00 2022,26-Sep-2022 06:36:53.418,-35.22037164913262,-5.819868093546676,7.6210618019104,8.0,37.82050731322145,110.8680191040039,-1.22,4.87,8.7,0.02,15.69,0.31,-0.03,0.17,0.26,20.39,10.2,14.7,19.61,95,8.36,1011.32,14.65,569.6,1,130.47,220,0,49,3.82,27.45,27.84,1466.5,19.61,2.39,2.03,43.92,-4.69,0,-0.78,-,0.04,8,37.82,110.87,-5.82,-35.22,15,0.44,5.13,27,12.82,4.83,20.7,5.55,36.21,13.65,0.88,0.75,5.49,190,27.44,27,14.51,26,24.9,4.83,20.7,13.65,0.11,59.42,44.55,14.87,-11.67,14.26,14.6,43
Mon Sep 26 06:36:54 GMT-03:00 2022,26-Sep-2022 06:36:54.418,-35.22030313947108,-5.819891398781649,7.675830364227295,8.0,38.14854689739811,110.43199920654297,-3.46,4.28,7.46,-0.06,14.51,0.01,0.04,-0.04,0.04,21.96,11.37,14.7,19.61,95,8.76,1011.42,14.65,569.6,1,135.82,220,0,49,3.82,31.76,26.67,1330.5,19.61,2.43,2.24,43.92,-4.69,-3.91,-5.47,-,0.04,8,38.15,110.43,-5.82,-35.22,17,1.63,5.13,27,12.05,5,20.02,6.13,34.04,14.11,0.75,0.9,4.71,192,27.63,26,15.29,24.5,24.9,5,20.02,14.11,0.15,60.4,45.53,14.87,-10.72,14.36,14.6,39
Mon Sep 26 06:36:55 GMT-03:00 2022,26-Sep-2022 06:36:55.417,-35.22023948167052,-5.8199166761105126,7.241109371185303,8.0,38.36030627986171,111.018310546875,-2.03,6.05,5.03,-0.17,14.9,0.19,-0.01,0.3,0,21.18,10.98,14.7,19.61,95,9.09,1011.35,14.65,569.6,1,140.43,220,0,50,3.82,29.41,25.49,1468.5,19.61,2.47,2.2,43.92,-4.69,-3.91,-3.12,-,0.04,8,38.36,111.02,-5.82,-35.22,19,2.07,5.13,28,11.82,5.15,19.43,6.02,33.38,14.54,0.09,0.9,5.1,193,26.07,24,15.29,22.5,24.9,5.15,19.43,14.54,0.15,61.4,46.53,14.87,-10.4,14.34,14.6,36
Mon Sep 26 06:36:56 GMT-03:00 2022,26-Sep-2022 06:36:56.418,-35.22017680404263,-5.819938207215845,7.114006042480469,8.0,38.45540504500546,110.60319519042969,0.79,3.6,8.27,-0.08,14.51,0,0.02,-0.01,0,17.65,7.45,14.7,19.61,95,9.4,1011.31,14.65,572.2,1,145.99,220,0,50,-,18.82,26.67,1195,19.61,2.49,0.95,44.31,-4.69,-3.91,-3.12,-,0.04,8,38.46,110.6,-5.82,-35.22,20,1.61,-,28,25.16,5.58,17.91,2.61,71.07,15.77,0.09,0.87,4.31,194,25.61,24,15.29,22.5,-,5.58,17.91,15.77,0.15,62.41,47.54,14.87,-12.97,14.34,14.5,30
Mon Sep 26 06:36:57 GMT-03:00 2022,26-Sep-2022 06:36:57.417,-35.22011294477543,-5.819955590574181,6.856975078582764,8.0,38.225519398087094,109.9678726196289,-1.53,6.59,9.36,0.18,14.12,-0.01,0.07,0.06,-0.07,14.9,7.45,14.7,19.61,95,9.4,1011.36,14.65,572.9,1,158.32,220,0,50,-,18.82,30.59,885,19.61,2.52,1.32,44.31,-5.47,-6.25,-7.03,-,0.04,8,38.23,109.97,-5.82,-35.22,20,1.61,-,28,18.19,5.85,17.09,3.61,51.39,16.53,0.88,0.85,5.49,195,24.69,24,12.94,-1,-,5.85,17.09,16.53,0.15,63.42,48.55,14.87,-11.8,14.28,14.5,27
Mon Sep 26 06:36:58 GMT-03:00 2022,26-Sep-2022 06:36:58.419,-35.22005352252927,-5.81997331396197,6.077413558959961,8.0,37.84353497416166,109.7980728149414,-0.87,3.33,11.84,0.25,13.73,-0.07,-0.08,-0.17,0,14.9,7.45,14.7,19.61,95,9.62,1011.27,14.65,572.9,1,158.32,220,0,50,-,32.16,27.84,885,19.61,2.52,1.32,44.31,-5.47,-9.38,-7.81,-,0.04,8,37.84,109.8,-5.82,-35.22,18,4.69,-,28,18.19,5.85,17.09,3.61,51.39,16.53,0.2,0.88,3.53,195,21.88,20,13.73,3,-,5.85,17.09,16.53,0.16,64.42,49.55,14.87,-11.8,14.28,14.4,27
Mon Sep 26 06:36:59 GMT-03:00 2022,26-Sep-2022 06:36:59.418,-35.22000390100703,-5.819989187055171,4.345640182495117,8.0,37.941131938997884,110.30188751220703,-1.27,6.73,9.65,0.2,13.73,0.12,0.11,0.08,0.09,14.9,7.45,14.7,19.61,95,9.71,1011.41,14.65,573.6,1,168.87,220,0,50,-,32.16,27.84,890.5,19.61,2.55,1.5,45.1,-5.47,-3.91,-3.91,-,0.04,8,37.94,110.3,-5.82,-35.22,18,7.88,-,28,13.31,6.01,16.65,4.11,37.61,16.97,0.09,0.87,3.53,196,15.64,14,14.12,3.5,-,6.01,16.65,16.97,0.2,65.39,50.52,14.87,-10.27,14.3,14.5,28
Mon Sep 26 06:37:00 GMT-03:00 2022,26-Sep-2022 06:37:00.418,-35.21996920122262,-5.820000149045832,3.8862929344177246,6.0,37.87350236016385,109.7607650756836,-0.56,5.56,8.42,0.03,14.12,-0.16,-0.13,-0.16,-0.11,16.86,7.45,14.7,19.61,95,9.76,1011.39,14.65,573.6,1,173.36,220,0,50,-,32.94,27.84,938,19.61,2.57,1.59,45.1,-5.47,-0.78,-2.34,-,0.04,6,37.87,109.76,-5.82,-35.22,21,1.99,-,28,8.79,6.06,16.49,4.36,24.82,17.13,0.76,0.85,3.92,197,13.99,12,14.12,7.5,-,6.06,16.49,17.13,0.2,66.42,51.55,14.87,-10.03,14.34,14.6,29
Mon Sep 26 06:37:01 GMT-03:00 2022,26-Sep-2022 06:37:01.417,-35.219938887012205,-5.820010262466397,3.6675193309783936,6.0,37.617657481452746,109.91337585449219,-1.73,6.08,7.51,-0,14.12,-0.05,-0.11,-0.01,-0.07,16.86,8.63,14.7,19.61,95,9.8,1011.38,14.65,574,1,179.56,220,0,51,-,47.06,31.37,1107,19.61,2.63,2.97,46.27,-3.91,-5.47,-3.12,-,0.05,6,37.62,109.91,-5.82,-35.22,22,1.2,-,28,4.04,6.02,16.6,8.13,11.41,17.01,0.09,0.83,3.92,198,13.2,12,16.47,18.5,-,6.02,16.6,17.01,0.2,67.41,52.54,14.87,-6.47,14.34,14.5,35
Mon Sep 26 06:37:02 GMT-03:00 2022,26-Sep-2022 06:37:02.417,-35.21991358160213,-5.8200185259805455,3.557215452194214,6.0,37.47651622846726,112.0186996459961,-0.87,3.06,8.29,0.02,15.29,0,-0.17,-0.04,0,14.9,7.45,14.7,19.61,95,9.85,1011.42,14.65,574,1,179.87,220,0,51,-,36.08,34.12,1087.5,19.61,2.67,1.87,46.67,-3.91,-6.25,-3.12,-,0.05,6,37.48,112.02,-5.82,-35.22,20,0.81,-,28,6.4,6.03,16.58,5.13,18.08,17.03,0.09,0.83,5.49,200,12.81,12,14.51,0.5,-,6.03,16.58,17.03,0.21,68.39,53.52,14.87,-10.28,14.34,14.5,34
Mon Sep 26 06:37:03 GMT-03:00 2022,26-Sep-2022 06:37:03.418,-35.219885622201566,-5.820029208426092,3.375892400741577,6.0,37.290505452673415,111.81997680664062,-0.28,7.15,7.74,0.07,13.73,-0.05,-0.05,0,-0.05,14.9,7.45,14.7,19.61,95,9.85,1011.46,14.65,574.3,1,180.09,220,0,51,-,55.29,28.63,1140.5,19.61,2.73,3.55,46.67,-4.69,-5.47,-7.03,-,0.05,6,37.29,111.82,-5.82,-35.22,19,2.15,-,28,3.38,5.98,16.73,9.72,9.54,16.89,0.76,0.81,3.53,201,12.15,10,14.51,18.5,-,5.98,16.73,16.89,0.21,69.32,54.45,14.87,-6.22,14.36,14.5,40
Mon Sep 26 06:37:04 GMT-03:00 2022,26-Sep-2022 06:37:04.418,-35.219857896442534,-5.820037881252683,3.231773853302002,6.0,37.128596981071844,110.80240631103516,0.45,7.6,8.74,0.18,20.39,0.02,-0.03,0.1,-0.04,27.06,13.33,14.7,19.61,95,9.93,1011.43,14.65,574.3,1,180.07,220,0,51,5.19,55.29,48.63,1964.5,19.61,2.83,5.26,47.06,-3.12,-5.47,-7.03,-,0.05,6,37.13,110.8,-5.82,-35.22,22,2.37,6.96,28,1.9,5.9,16.94,14.38,5.38,16.67,0.07,0.8,10.59,202,11.63,14,19.61,18.5,25.22,5.9,16.94,16.67,0.21,70.41,55.54,14.87,-2.76,14.32,14.6,50
Mon Sep 26 06:37:05 GMT-03:00 2022,26-Sep-2022 06:37:05.418,-35.21982767065763,-5.8200496507366735,3.8435256481170654,6.0,37.215149888891204,110.85189056396484,-0.15,6.56,6.41,-0.07,21.96,-0.06,0.01,0.12,-0.19,28.24,14.51,14.7,19.61,95,9.93,1011.37,14.65,577.7,1,180.07,220,0,51,5.19,51.76,53.73,1964.5,19.61,2.83,5.26,47.06,-3.12,-0.78,0.78,-,0.05,6,37.22,110.85,-5.82,-35.22,18,2.37,6.96,28,1.9,5.9,16.94,14.38,5.38,16.67,0.08,0.76,11.76,202,13.84,14,22.35,21.5,25.22,5.9,16.94,16.67,0.21,71.23,56.36,14.87,-2.76,14.34,14.6,50
Mon Sep 26 06:37:06 GMT-03:00 2022,26-Sep-2022 06:37:06.422,-35.21979620421524,-5.820062615728507,4.773526668548584,6.0,36.815826554347524,111.39662170410156,-0.72,5.93,6.34,-0.11,21.57,0.18,0.03,0.21,0.05,28.24,14.51,14.7,19.61,95,10.07,1011.34,14.65,584,1,177.76,220,0,51,5.91,60.39,53.73,2096,19.61,2.96,6.51,47.06,-3.12,3.12,0.78,-,0.05,6,36.82,111.4,-5.82,-35.22,23,4.16,7.93,27,2.15,5.83,17.14,17.8,6.08,16.48,0.79,0.74,11.76,203,17.18,18,21.96,21.5,26.93,5.83,17.14,16.48,0.22,72.39,57.52,14.87,-6.1,14.38,14.5,52
Mon Sep 26 06:37:07 GMT-03:00 2022,26-Sep-2022 06:37:07.418,-35.219754822653,-5.8200787538457,5.411785125732422,6.0,36.758386258507464,111.02433013916016,2.18,5.76,6.48,-0.09,21.57,-0.08,0.25,0.04,-0.18,28.24,14.51,14.7,19.61,95,10.29,1011.3,14.65,584,1,175.66,220,0,51,8.64,62.75,54.51,1827,19.61,3.07,5.84,47.06,-3.12,1.56,-0.78,-,0.05,6,36.76,111.02,-5.82,-35.22,25,2.52,11.59,27,3.08,5.78,17.29,15.99,8.7,16.33,0.79,0.74,11.76,204,19.48,22,21.57,19.5,45.17,5.78,17.29,16.33,0.22,73.43,58.56,14.87,-7.48,14.4,14.5,51
Mon Sep 26 06:37:08 GMT-03:00 2022,26-Sep-2022 06:37:08.419,-35.21969689876265,-5.820099561445269,6.482804775238037,6.0,36.68469460223995,109.80342102050781,-1.29,7.77,6.59,0.04,20.39,-0.17,0.18,0.1,-0.35,27.06,13.73,14.7,19.61,95,10.54,1011.31,14.65,584,1,174.16,220,0,51,6.56,63.14,56.47,1547.5,19.61,3.17,4.98,47.06,-3.12,-1.56,-3.12,-,0.05,6,36.68,109.8,-5.82,-35.22,26,1.66,8.8,27,4.42,5.76,17.37,13.63,12.48,16.27,0.57,0.73,10.59,206,23.34,25,19.22,18,40.48,5.76,17.37,16.27,0.23,74.42,59.55,14.87,-7.64,14.4,14.5,50
Mon Sep 26 06:37:09 GMT-03:00 2022,26-Sep-2022 06:37:09.421,-35.21963424875146,-5.820121448266231,7.087960720062256,6.0,37.02161903931003,109.9859390258789,-1,7.31,6.08,-0.03,18.82,0.02,0.04,0.09,-0.04,23.92,11.76,14.7,19.61,95,10.83,1011.3,14.65,593.9,1,171.98,220,0,51,4.39,50.98,50.59,1454,19.61,3.24,3.54,46.67,-3.12,-1.56,-3.12,-,0.06,6,37.02,109.99,-5.82,-35.22,24,1.48,5.89,27,7.06,5.78,17.3,9.69,19.94,16.33,0.57,0.73,9.02,207,25.52,27,19.22,18,28.85,5.78,17.3,16.33,0.24,75.43,60.56,14.87,-8.76,14.4,14.5,47
Mon Sep 26 06:37:10 GMT-03:00 2022,26-Sep-2022 06:37:10.422,-35.21956915682739,-5.820147409007711,7.400418758392334,6.0,37.14736872574427,110.47335815429688,-0.48,4.7,5.82,-0.24,16.08,-0.38,-0.1,-0.05,-0.5,20.78,10.98,14.7,19.61,95,11.08,1011.28,14.65,597.2,1,172.66,220,0,51,4.39,50.98,38.43,1318.5,19.61,3.3,3.18,46.67,-3.91,-1.56,0.78,-,0.06,6,37.15,110.47,-5.82,-35.22,26,0.64,5.89,27,8.5,5.83,17.16,8.69,24.02,16.46,0.21,0.72,6.27,208,26.64,26,17.65,19.5,28.85,5.83,17.16,16.46,0.25,76.43,61.56,14.87,-9.03,14.3,14.5,45
Mon Sep 26 06:37:11 GMT-03:00 2022,26-Sep-2022 06:37:11.422,-35.21950579508828,-5.820171154701345,7.3786396980285645,6.0,37.239755548186835,110.37564849853516,-1.55,6.01,4.81,-0.2,20,-0.21,-0.13,0.07,-0.35,25.88,13.33,14.7,19.61,95,11.08,1011.22,14.65,597.2,1,172.66,220,0,51,4.39,49.41,57.25,1318.5,19.61,3.3,3.18,46.67,-3.12,0,-0.78,-,0.06,6,37.24,110.38,-5.82,-35.22,24,0.64,5.89,27,8.5,5.83,17.16,8.69,24.02,16.46,0.28,0.71,9.8,208,26.56,26,19.22,18,28.85,5.83,17.16,16.46,0.25,77.4,62.53,14.87,-9.03,14.3,14.5,45
Mon Sep 26 06:37:12 GMT-03:00 2022,26-Sep-2022 06:37:12.422,-35.21944099804268,-5.820195784135375,7.635734558105469,6.0,37.49658508478242,110.26943969726562,-1.63,4.32,8.66,-0,15.69,0.41,0.14,0.27,0.3,19.22,9.8,14.7,19.61,95,11.35,1011.25,14.65,601.7,1,174.06,220,0,52,2.32,65.49,57.25,1492.5,19.61,3.4,4.94,46.67,-3.12,-5.47,-2.34,-,0.06,6,37.5,110.27,-5.82,-35.22,27,0.44,3.12,27,5.26,5.82,17.19,13.52,14.86,16.44,0.08,0.71,5.49,209,27.49,27,20,-1,14.87,5.82,17.19,16.44,0.26,78.39,63.53,14.87,-5.01,14.34,14.5,50
Mon Sep 26 06:37:13 GMT-03:00 2022,26-Sep-2022 06:37:13.422,-35.21937382629925,-5.820219959347146,7.763059139251709,6.0,37.52777839190893,110.2828369140625,0.42,4.35,5.53,-0.28,15.69,0,0.07,-0.09,-0.28,19.22,9.8,14.7,19.61,95,11.61,1011.24,14.65,601.7,1,173.77,220,0,52,2.32,37.25,36.08,1345,19.61,3.43,2.2,46.67,-3.91,2.34,3.91,-,0.06,6,37.53,110.28,-5.82,-35.22,26,0.95,3.12,27,12.27,5.93,16.88,6.02,34.67,16.74,0.1,0.71,5.49,210,27.95,27,18.04,19.5,14.87,5.93,16.88,16.74,0.27,79.34,64.47,14.87,-10.86,14.28,14.5,44
Mon Sep 26 06:37:14 GMT-03:00 2022,26-Sep-2022 06:37:14.422,-35.21930874437075,-5.8202459189632165,7.541217803955078,6.0,37.32317144001141,110.84695434570312,-0.91,5.3,8.02,-0.02,17.65,-0.1,-0.16,0.03,-0.18,23.92,12.16,14.7,19.61,95,11.84,1011.25,14.65,603,1,178.47,220,0,53,2.32,53.33,46.27,1693,19.61,3.54,4.63,47.06,-3.91,2.34,1.56,-,0.06,6,37.32,110.85,-5.82,-35.22,28,1.15,3.12,27,5.84,5.92,16.88,12.66,16.48,16.74,0.45,0.7,7.84,212,27.15,26,19.61,21,14.87,5.92,16.88,16.74,0.27,80.39,65.52,14.87,-5.8,14.3,14.5,48
Mon Sep 26 06:37:15 GMT-03:00 2022,26-Sep-2022 06:37:15.418,-35.21924633451708,-5.820271490426963,7.5110764503479,6.0,37.61837812818436,110.91004943847656,-1.39,6.81,6.5,-0.03,18.04,-0.02,-0.1,0.15,-0.18,21.57,11.37,14.7,19.61,95,12.08,1011.23,14.65,603,1,178.43,220,0,53,2.83,43.53,41.57,1532,19.61,3.59,3.31,47.06,-3.12,-3.91,-4.69,-,0.06,6,37.62,110.91,-5.82,-35.22,25,0.04,3.79,27,7.86,5.96,16.79,9.05,22.21,16.82,0.8,0.7,8.63,213,27.04,27,16.47,-1,17.63,5.96,16.79,16.82,0.28,81.42,66.55,14.87,-9.62,14.32,14.6,44
Mon Sep 26 06:37:16 GMT-03:00 2022,26-Sep-2022 06:37:16.418,-35.21918190195601,-5.820296735231855,7.401086330413818,4.0,38.07133386286046,111.39921569824219,-0.2,4.5,9.73,0.09,13.73,0.04,0.11,0.05,0.01,14.9,7.45,14.7,19.61,95,12.28,1011.26,14.65,606.2,1,179.37,220,0,53,2.83,24.71,25.49,988.5,19.61,3.61,1.07,47.06,-5.47,-7.03,-7.03,-,0.06,4,38.07,111.4,-5.82,-35.22,24,1.64,3.79,27,25.13,6.26,15.97,2.94,70.98,17.68,0.84,0.7,3.92,214,26.64,25,14.12,13.5,17.63,6.26,15.97,17.68,0.28,82.4,67.53,14.87,-12.84,14.34,14.6,36
Mon Sep 26 06:37:17 GMT-03:00 2022,26-Sep-2022 06:37:17.418,-35.21912107379643,-5.820320747011249,7.073427677154541,4.0,37.99247907570473,111.35014343261719,-0.28,3.82,8.82,-0.02,13.73,-0.15,0.17,-0.15,0.05,14.9,7.45,14.7,19.61,95,12.46,1011.25,14.65,606.2,1,188.54,220,0,53,2.83,30.2,27.45,975,19.61,3.62,1.48,47.06,-5.47,-9.38,-9.38,-,0.06,4,37.99,111.35,-5.82,-35.22,23,2.64,3.79,27,16.89,6.43,15.56,4.05,47.71,18.15,0.77,0.7,3.53,214,25.46,24,13.73,8,17.63,6.43,15.56,18.15,0.29,83.39,68.53,14.87,-10.8,14.3,14.5,34
Mon Sep 26 06:37:18 GMT-03:00 2022,26-Sep-2022 06:37:18.421,-35.2190673836891,-5.820343981210349,6.301289081573486,4.0,37.985571389387744,112.3404312133789,-1.02,3.63,8.95,-0.01,13.73,0.08,-0.1,-0.14,0.15,14.9,7.45,14.7,19.61,95,12.59,1011.27,14.65,606.7,1,193.54,220,0,53,2.83,31.76,27.45,934.5,19.61,3.64,1.49,47.06,-5.47,-7.03,-6.25,-,0.06,4,37.99,112.34,-5.82,-35.22,25,4.46,3.79,28,16.1,6.57,15.21,4.08,45.47,18.57,0.08,0.76,3.53,215,22.68,21,14.12,4.5,17.63,6.57,15.21,18.57,0.29,84.39,69.52,14.87,-10.72,14.26,14.6,32
Mon Sep 26 06:37:19 GMT-03:00 2022,26-Sep-2022 06:37:19.421,-35.219028246480875,-5.8203600566291325,4.588007926940918,4.0,37.76480920277964,111.97064971923828,-0.5,3.32,9.59,0.03,13.33,0.04,-0.04,-0.11,0.11,14.9,7.45,14.7,19.61,95,12.58,1011.29,14.65,606.7,1,199.67,220,0,54,-,31.76,26.67,916.5,19.61,3.67,1.5,47.45,-5.47,-3.12,-3.12,-,0.06,4,37.76,111.97,-5.82,-35.22,26,4.52,-,28,13.98,6.69,14.95,4.11,39.49,18.89,0.1,0.8,3.53,216,16.52,12,14.12,1.5,-,6.69,14.95,18.89,0.3,85.41,70.54,14.87,-10.5,14.3,14.5,31
Mon Sep 26 06:37:20 GMT-03:00 2022,26-Sep-2022 06:37:20.427,-35.21900275745068,-5.820369465107231,2.907550573348999,4.0,37.692899620385035,111.05281829833984,-1,5.91,8.12,0.03,13.73,0.03,-0.07,0.03,0,14.9,7.45,14.7,19.61,95,12.51,1011.29,14.65,606.7,1,203.08,220,0,54,-,31.76,30.2,949,19.61,3.69,1.44,47.45,-5.47,-0.78,0,-,0.06,4,37.69,111.05,-5.82,-35.22,24,8.52,-,28,8.33,6.71,14.9,3.94,23.54,18.96,0.11,0.81,3.92,217,10.47,8,14.12,11,-,6.71,14.9,18.96,0.3,86.43,71.56,14.87,-10.59,14.3,14.5,30
Mon Sep 26 06:37:21 GMT-03:00 2022,26-Sep-2022 06:37:21.421,-35.218997867039114,-5.820371040025877,0.47835272550582886,4.0,37.728101227705714,111.06584930419922,-0.9,5.51,8.05,-0,12.94,0,-0.06,0.02,-0.02,14.9,7.45,14.7,19.61,95,12.33,1011.26,14.65,606.5,1,218.98,220,0,54,-,32.94,27.45,810.5,19.61,3.71,1.31,50.98,-6.25,1.56,1.56,-,0.06,4,37.73,111.07,-5.82,-35.22,25,10.47,-,28,6.11,6.7,14.92,3.58,17.27,18.93,0.82,0.81,3.14,218,1.72,0,13.33,3,-,6.7,14.92,18.93,0.3,87.43,71.78,15.65,-11.09,14.16,14.4,28
Mon Sep 26 06:37:22 GMT-03:00 2022,26-Sep-2022 06:37:22.421,-35.218997867039114,-5.820371040025877,0.0,4.0,37.61507589041098,111.06584930419922,-0.96,5.52,8.07,-0,12.94,0,-0.06,0.02,-0.02,14.9,7.45,14.7,19.61,95,12.16,1011.26,14.65,606.5,1,218.7,220,0,54,-,32.16,27.45,764,19.61,3.73,1.21,50.98,-6.25,-1.56,-1.56,-,0.06,4,37.62,111.07,-5.82,-35.22,25,1.72,-,28,0,6.7,14.93,3.3,0,18.92,0.81,0.81,3.14,219,0,0,13.33,4.5,-,6.7,14.93,18.92,0.3,88.43,71.78,16.65,-10.81,14.32,14.6,28
Mon Sep 26 06:37:23 GMT-03:00 2022,26-Sep-2022 06:37:23.420,-35.218997867039114,-5.820371040025877,0.0,4.0,37.50923681139832,111.06584930419922,-0.99,5.54,8.11,0,13.33,0,-0.06,0.02,-0.01,14.9,7.45,14.7,19.61,95,11.99,1011.29,14.65,606.2,1,231.99,220,0,54,-,31.76,26.67,759.5,19.61,3.76,1.21,54.12,-6.25,-4.69,-2.34,-,0.06,4,37.51,111.07,-5.82,-35.22,25,0,-,28,0,6.69,14.94,3.3,0,18.91,0.17,0.81,3.14,220,0,0,13.33,7.5,-,6.69,14.94,18.91,0.3,89.42,71.78,17.64,-10.57,14.36,14.5,28
Mon Sep 26 06:37:24 GMT-03:00 2022,26-Sep-2022 06:37:24.422,-35.218997867039114,-5.820371040025877,0.0,4.0,37.444753772310925,111.06584930419922,-0.97,5.73,7.78,-0.01,13.33,0,-0.06,0.04,-0.04,14.9,7.45,14.7,19.61,95,11.82,1011.29,14.65,606.2,1,231.84,220,0,54,-,32.55,27.84,744.5,19.61,3.77,1.24,54.12,-6.25,-0.78,0.78,-,0.07,4,37.44,111.07,-5.82,-35.22,26,0,-,28,0,6.69,14.95,3.38,0,18.9,0.09,0.8,3.53,221,0,0,13.33,4.5,-,6.69,14.95,18.9,0.3,90.4,71.78,18.63,-10.45,14.34,14.5,28
Mon Sep 26 06:37:25 GMT-03:00 2022,26-Sep-2022 06:37:25.422,-35.218997867039114,-5.820371040025877,0.0,4.0,37.31652109716879,111.06584930419922,-1,5.83,7.91,0,13.33,0,-0.07,0.05,-0.03,14.9,7.45,14.7,19.61,95,11.66,1011.27,14.65,605.5,1,231.68,220,0,54,-,36.08,28.63,798,19.61,3.8,1.42,54.12,-5.47,3.12,3.12,-,0.07,4,37.32,111.07,-5.82,-35.22,26,0,-,28,0,6.68,14.96,3.88,0,18.88,0.14,0.8,3.53,222,0,0,13.73,-3,-,6.68,14.96,18.88,0.3,91.43,71.78,19.65,-9.73,14.28,14.4,29
Mon Sep 26 06:37:26 GMT-03:00 2022,26-Sep-2022 06:37:26.420,-35.21898934288851,-5.820372556959366,0.5716290473937988,4.0,37.142872437437035,109.3034896850586,-0.45,5.85,7.52,-0.03,13.73,-0.01,-0.03,0.04,-0.06,23.53,12.16,14.7,19.61,95,11.55,1011.3,14.65,605.5,1,228.17,220,0,54,1.3,49.8,49.02,1269,19.61,3.87,3.14,53.33,-5.47,0.78,3.12,-,0.07,4,37.14,109.3,-5.82,-35.22,25,1.94,1.75,28,0,6.68,14.97,8.58,0,18.87,0.14,0.8,3.92,224,2.06,4,13.73,18,9.81,6.68,14.97,18.87,0.3,92.35,71.95,20.4,-4.51,14.28,14.4,39
Mon Sep 26 06:37:27 GMT-03:00 2022,26-Sep-2022 06:37:27.419,-35.21898009304815,-5.820372414406508,1.059917688369751,4.0,37.045565015973786,100.89198303222656,-1.26,7.03,7.26,0.04,17.65,0,-0.05,0.17,-0.1,27.06,14.12,14.7,19.61,95,11.47,1011.34,14.65,605.2,1,228.02,220,0,54,0.53,52.16,46.67,1413,19.61,3.93,3.63,53.33,-3.91,-1.56,1.56,-,0.07,4,37.05,100.89,-5.82,-35.22,26,1.18,0.71,28,1.1,6.6,15.14,9.94,3.11,18.66,0.17,0.88,7.84,225,3.82,5,18.43,18,3.55,6.6,15.14,18.66,0.3,93.41,73.01,20.4,-7.26,14.3,14.5,42
Mon Sep 26 06:37:28 GMT-03:00 2022,26-Sep-2022 06:37:28.421,-35.218971941989686,-5.82037335701044,1.1575164794921875,4.0,37.09647219105912,88.34955596923828,-1.34,7.14,6.23,-0.03,19.61,-0.04,-0.1,0.17,-0.22,32.16,16.47,14.7,19.61,95,11.47,1011.29,14.65,605.2,1,220.48,220,0,55,0.53,52.16,54.12,1758.5,19.61,4.05,6.2,52.16,-3.12,-1.56,-2.34,-,0.07,4,37.1,88.35,-5.82,-35.22,27,1.18,0.71,28,0.81,6.53,15.32,16.97,2.28,18.44,0.73,0.84,9.8,226,4.17,5,18.43,18,3.55,6.53,15.32,18.44,0.3,94.41,74.01,20.4,-3.32,14.34,14.6,50
Mon Sep 26 06:37:29 GMT-03:00 2022,26-Sep-2022 06:37:29.420,-35.21896089891854,-5.820371558870166,1.8575811386108398,6.0,37.40878104924497,70.67267608642578,-0.89,6.46,7.44,0.01,21.96,0.04,-0.07,0.2,-0.11,30.98,16.47,14.7,19.61,95,11.41,1011.23,14.65,607,1,220.48,220,0,55,1.25,69.8,64.31,1758.5,19.61,4.05,6.2,52.16,-3.12,3.91,0,-,0.07,6,37.41,70.67,-5.82,-35.22,28,2.83,1.68,28,0.81,6.53,15.32,16.97,2.28,18.44,0.75,0.82,11.76,227,6.69,7,23.14,15.5,6.81,6.53,15.32,18.44,0.3,95.39,74.99,20.4,-3.32,14.34,14.5,50
Mon Sep 26 06:37:30 GMT-03:00 2022,26-Sep-2022 06:37:30.417,-35.218947198892565,-5.820362571481461,2.6876015663146973,6.0,37.42010358107307,52.61946105957031,-1.19,7.28,7.11,0.03,25.88,0,-0.09,0.16,-0.13,34.51,17.65,14.7,19.61,95,11.42,1011.19,14.65,607,1,217.9,220,0,55,5.27,71.76,68.63,1497.5,19.61,4.15,5.38,52.16,-3.12,-2.34,0,-,0.07,6,37.42,52.62,-5.82,-35.22,30,5.31,7.07,28,1.3,6.46,15.48,14.72,3.68,18.25,0.06,0.81,15.69,227,9.68,12,23.53,7.5,33.6,6.46,15.48,18.25,0.31,96.43,76.03,20.4,-6.75,14.3,14.5,51
Mon Sep 26 06:37:31 GMT-03:00 2022,26-Sep-2022 06:37:31.417,-35.218924512938045,-5.820340562590603,3.9538729190826416,6.0,37.27673294152205,35.578407287597656,-0.15,7.41,6.95,0.03,25.88,-0.01,-0.01,0.16,-0.16,34.51,17.65,14.7,19.61,95,11.46,1011.16,14.5,607,1,209.12,220,0,55,4.56,78.04,68.63,2207,19.61,4.31,8.95,50.59,-3.12,0,3.12,-,0.07,6,37.28,35.58,-5.82,-35.22,29,0.77,6.12,28,1.34,6.39,15.64,24.49,3.79,18.06,0.11,0.77,15.69,228,14.23,15,27.45,16.5,19.73,6.39,15.64,18.06,0.31,97.27,76.87,20.4,0.78,14.34,14.6,64
Mon Sep 26 06:37:32 GMT-03:00 2022,26-Sep-2022 06:37:32.417,-35.21889847103545,-5.82030515568275,5.108536720275879,6.0,36.84460365026979,30.11275291442871,-0.81,6.26,7.39,-0.01,25.1,0.03,-0.04,0.14,-0.07,29.8,15.29,14.7,19.61,95,11.59,1011.14,14.5,621.2,1,205.36,220,0,55,10.15,78.04,58.82,2343,19.61,4.51,7.57,50.2,-3.12,0,3.12,-,0.08,6,36.84,30.11,-5.82,-35.22,30,3.61,13.61,28,1.98,6.34,15.78,20.72,5.6,17.9,0.11,0.77,15.29,230,18.39,22,27.45,16.5,41.37,6.34,15.78,17.9,0.32,98.39,77.99,20.4,-5.65,14.34,14.6,63
Mon Sep 26 06:37:33 GMT-03:00 2022,26-Sep-2022 06:37:33.419,-35.218873689291236,-5.820262694005692,5.874971866607666,6.0,36.35867484461571,26.28516387939453,-1.06,5.83,7.15,-0.06,20.39,-0.01,0,0.1,-0.1,27.06,13.33,14.7,19.61,95,11.59,1011.08,14.5,634.1,1,205.36,220,0,55,10.15,52.94,58.82,2343,19.61,4.51,7.57,50.2,-3.12,3.12,4.69,-,0.08,6,36.36,26.29,-5.82,-35.22,30,3.61,13.61,27,1.98,6.34,15.78,20.72,5.6,17.9,0.08,0.75,10.59,230,21.15,22,19.61,23,41.37,6.34,15.78,17.9,0.32,99.39,78.99,20.4,-5.65,14.34,14.5,63
Mon Sep 26 06:37:34 GMT-03:00 2022,26-Sep-2022 06:37:34.417,-35.21884472785263,-5.820207757647606,6.534717559814453,6.0,35.91985346174165,23.501422882080078,-0.49,6.32,8.05,0.04,20.39,-0.05,-0.06,0.03,-0.09,27.06,13.33,14.7,19.61,95,11.75,1011.08,14.65,640,1,201.95,220,0,55,3.45,41.96,42.35,1861,19.61,4.61,4,49.8,-3.91,0,-1.56,-,0.08,6,35.92,23.5,-5.82,-35.22,28,0.48,4.63,27,5.5,6.33,15.81,10.94,15.54,17.87,0.85,0.75,5.1,231,23.52,24,16.86,24,17.73,6.33,15.81,17.87,0.33,100.41,80.01,20.4,-10.11,14.34,14.5,55
Mon Sep 26 06:37:35 GMT-03:00 2022,26-Sep-2022 06:37:35.418,-35.218819963330105,-5.820148933019862,6.762369155883789,6.0,36.153008792162886,20.71019172668457,0.44,5.42,7.98,-0.02,14.9,-0.02,0.04,-0.05,0,19.22,9.8,14.7,19.61,95,11.89,1011.03,14.65,640,1,201.62,220,0,55,3.45,23.92,23.14,1537.5,19.61,4.64,1.86,49.8,-6.25,-5.47,-6.25,-,0.08,6,36.15,20.71,-5.82,-35.22,27,1.34,4.63,27,12.93,6.41,15.61,5.08,36.52,18.1,0.79,0.77,5.1,233,24.34,23,14.12,1.5,17.73,6.41,15.61,18.1,0.33,101.34,80.94,20.4,-12.08,14.26,14.6,45
Mon Sep 26 06:37:36 GMT-03:00 2022,26-Sep-2022 06:37:36.417,-35.21879690325276,-5.820089295469421,6.414083957672119,6.0,36.12603824379146,20.7208309173584,-0.16,5.23,8.47,0.01,12.55,0,0.01,0.04,-0.02,14.9,7.45,14.7,19.61,95,12,1011.03,14.5,640,1,204.25,220,0,56,3.45,21.96,17.25,920.5,19.61,4.66,1.13,49.8,-6.25,-8.59,-9.38,-,0.08,6,36.13,20.72,-5.82,-35.22,23,2.09,4.63,28,20.43,6.58,15.2,3.08,57.72,18.59,0.89,0.81,2.75,234,23.09,21,12.94,9.5,17.73,6.58,15.2,18.59,0.34,102.42,82.02,20.4,-12.77,14.2,14.6,37
Mon Sep 26 06:37:37 GMT-03:00 2022,26-Sep-2022 06:37:37.419,-35.21877703626145,-5.820037655338917,5.882874011993408,6.0,35.905253453415725,19.679054260253906,-0.38,4.92,8.61,0.01,12.55,0.01,0,-0.03,0.03,14.9,7.45,14.7,19.61,95,12.06,1011.02,14.5,641.4,1,208.11,220,0,56,-,23.53,18.82,905,19.61,4.68,1.06,49.41,-7.03,-8.59,-9.38,-,0.08,6,35.91,19.68,-5.82,-35.22,24,4.18,-,28,19.75,6.74,14.83,2.91,55.78,19.04,0.89,0.81,2.75,235,21.18,17,12.94,9.5,-,6.74,14.83,19.04,0.34,103.43,83.03,20.4,-11.52,14.2,14.4,33
Mon Sep 26 06:37:38 GMT-03:00 2022,26-Sep-2022 06:37:38.418,-35.21876171701865,-5.819992462260724,5.144254207611084,6.0,36.37030901638996,19.482051849365234,-0.72,4.79,8.5,-0,13.33,0,0,-0.04,0.02,14.9,7.45,14.7,19.61,95,12.06,1011.01,14.5,641.5,1,213.19,220,0,56,-,23.53,25.88,872,19.61,4.7,1.22,49.41,-6.25,-12.5,-12.5,-,0.08,6,36.37,19.48,-5.82,-35.22,25,4.18,-,28,13.97,6.83,14.64,3.33,39.46,19.29,0.73,0.92,3.14,236,18.52,17,13.73,9,-,6.83,14.64,19.29,0.34,104.42,84.02,20.4,-11.03,14.1,14.5,30
Mon Sep 26 06:37:39 GMT-03:00 2022,26-Sep-2022 06:37:39.419,-35.21875041779846,-5.819962396388828,3.7088232040405273,6.0,36.53123952040941,19.841026306152344,-0.23,4.82,8.73,0.01,13.73,0.02,0,-0.05,0.05,14.9,7.45,14.7,19.61,95,12.05,1011.02,14.5,641.5,1,213.19,220,0,56,-,29.8,28.24,872,19.61,4.7,1.22,49.41,-5.47,-9.38,-8.59,-,0.08,6,36.53,19.84,-5.82,-35.22,22,7.52,-,28,13.97,6.83,14.64,3.33,39.46,19.29,0.06,0.88,3.53,236,13.35,11,14.12,11,-,6.83,14.64,19.29,0.35,105.41,85.01,20.4,-11.03,13.64,13.5,30
Mon Sep 26 06:37:40 GMT-03:00 2022,26-Sep-2022 06:37:40.417,-35.21874457844889,-5.819942571642654,2.1516716480255127,6.0,36.6156326529962,18.910892486572266,-0.41,5.28,8.24,-0,14.51,-0.01,0,0,-0.01,14.9,7.45,14.7,19.61,95,11.96,1011.01,14.5,641.1,1,217.66,220,0,56,-,37.65,28.24,893.5,19.61,4.74,1.78,49.8,-4.69,-5.47,-4.69,-,0.08,6,36.62,18.91,-5.82,-35.22,23,8.35,-,28,6.19,6.82,14.66,4.86,17.49,19.27,0.06,0.85,4.71,237,7.75,5,14.51,9,-,6.82,14.66,19.27,0.35,106.41,86.01,20.4,-9.25,14.34,14.5,32
Mon Sep 26 06:37:41 GMT-03:00 2022,26-Sep-2022 06:37:41.418,-35.21874201909242,-5.819930941878033,1.2253761291503906,6.0,36.74968153441844,18.109542846679688,-0.3,5.58,8.27,0.02,14.51,0.01,0,0.02,0,14.9,7.45,14.7,19.61,95,11.83,1010.98,14.5,641.1,1,220.84,220,0,57,-,41.57,36.86,802.5,19.61,4.77,1.61,50.59,-4.69,0,0.78,-,0.08,6,36.75,18.11,-5.82,-35.22,24,4.41,-,28,3.1,6.78,14.76,4.41,8.76,19.14,0.16,0.83,4.71,239,4.41,0,14.12,3,-,6.78,14.76,19.14,0.35,107.4,86.61,20.8,-9.85,14.32,14.5,32
Mon Sep 26 06:37:42 GMT-03:00 2022,26-Sep-2022 06:37:42.418,-35.218738679070064,-5.819919825633462,0.6440476179122925,6.0,36.922515011458444,17.601886749267578,-0.21,5.92,7.91,0,13.73,0,0,0.06,-0.04,14.9,7.45,14.7,19.61,95,11.69,1010.97,14.5,640.7,1,219.42,220,0,57,-,40,34.51,798.5,19.61,4.8,1.55,50.59,-5.47,1.56,0.78,-,0.08,6,36.92,17.6,-5.82,-35.22,25,2.32,-,28,0,6.77,14.76,4.24,0,19.13,0.16,0.83,3.92,240,2.32,0,14.12,3.5,-,6.77,14.76,19.13,0.35,108.39,86.61,21.78,-9.52,14.28,14.6,32
Mon Sep 26 06:37:43 GMT-03:00 2022,26-Sep-2022 06:37:43.418,-35.218737356359455,-5.819916729809178,0.3463134169578552,6.0,37.05008884369811,17.444902420043945,-0.2,6,7.76,-0,13.73,0,0.01,0.06,-0.04,14.9,7.45,14.7,19.61,95,11.56,1010.98,14.5,640.7,1,219.3,220,0,57,-,40.39,34.12,781,19.61,4.83,1.55,50.59,-5.47,1.56,-0.78,-,0.08,6,37.05,17.44,-5.82,-35.22,23,1.25,-,28,0,6.77,14.77,4.24,0,19.12,0.79,0.81,3.92,241,1.25,0,14.12,3.5,-,6.77,14.77,19.12,0.35,109.39,86.61,22.78,-9.5,14.28,14.6,32
Mon Sep 26 06:37:44 GMT-03:00 2022,26-Sep-2022 06:37:44.417,-35.218737356359455,-5.819916729809178,0.0,6.0,37.19313850316994,17.444902420043945,-0.26,5.89,7.87,0,13.73,0,0,0.06,-0.04,14.9,7.45,14.7,19.61,95,11.56,1011.01,14.5,640,1,219.18,220,0,57,-,40.39,34.12,781,19.61,4.86,1.55,50.59,-5.47,-0.78,0,-,0.08,6,37.19,17.44,-5.82,-35.22,25,1.25,-,28,0,6.77,14.78,4.24,0,19.11,0.09,0.81,3.92,242,0,0,14.12,3.5,-,6.77,14.78,19.11,0.35,110.29,86.61,23.68,-9.38,14.36,14.5,33
Mon Sep 26 06:37:45 GMT-03:00 2022,26-Sep-2022 06:37:45.418,-35.218737356359455,-5.819916729809178,0.0,6.0,37.44568821474811,17.444902420043945,-0.17,5.94,7.86,0,12.94,0,0,0.06,-0.03,14.9,7.45,14.7,19.61,95,11.43,1010.99,14.5,640,1,219.18,220,0,57,-,38.43,27.45,798.5,19.61,4.86,1.55,48.63,-5.47,3.12,3.91,-,0.08,6,37.45,17.44,-5.82,-35.22,24,0,-,28,0,6.77,14.78,4.24,0,19.11,0.67,0.8,3.14,243,0,0,13.73,-2.5,-,6.77,14.78,19.11,0.35,111.39,86.61,24.78,-9.38,14.36,14.6,33
Mon Sep 26 06:37:46 GMT-03:00 2022,26-Sep-2022 06:37:46.418,-35.218737356359455,-5.819916729809178,0.0,6.0,37.36097635534196,17.444902420043945,-0.16,5.94,7.86,0,12.94,0,0.01,0.06,-0.04,14.9,7.45,14.7,19.61,95,11.3,1010.98,14.5,639.2,1,210.57,220,0,57,-,31.76,27.45,754,19.61,4.88,1.18,48.63,-6.25,1.56,0.78,-,0.08,6,37.36,17.44,-5.82,-35.22,23,0,-,28,0,6.76,14.79,3.22,0,19.1,0.86,0.79,3.14,243,0,0,13.33,5,-,6.76,14.79,19.1,0.35,112.42,86.61,25.81,-10.7,14.34,14.6,31
Mon Sep 26 06:37:47 GMT-03:00 2022,26-Sep-2022 06:37:47.418,-35.218737356359455,-5.819916729809178,0.0,6.0,37.199482273680175,17.444902420043945,-0.21,5.91,7.84,-0,12.94,0,0.01,0.06,-0.04,14.9,7.45,14.7,19.61,95,11.18,1010.96,14.5,638.8,1,207.07,220,0,57,-,32.55,26.67,745,19.61,4.9,1.22,47.84,-6.25,-2.34,-3.12,-,0.08,6,37.2,17.44,-5.82,-35.22,22,0,-,28,0,6.76,14.8,3.33,0,19.09,0.74,0.78,3.14,244,0,0,13.33,5,-,6.76,14.8,19.09,0.35,113.42,86.61,26.81,-10.34,14.42,14.6,30
Mon Sep 26 06:37:48 GMT-03:00 2022,26-Sep-2022 06:37:48.418,-35.218737356359455,-5.819916729809178,0.0,6.0,37.00997769226765,17.444902420043945,-0.22,5.95,7.82,-0,12.94,0,0.01,0.06,-0.04,14.9,7.45,14.7,19.61,95,11.05,1011.01,14.5,638.8,1,206.96,220,0,57,-,32.94,27.84,755.5,19.61,4.92,1.25,47.84,-6.25,-0.78,0.78,-,0.08,6,37.01,17.44,-5.82,-35.22,25,0,-,28,0,6.76,14.8,3.41,0,19.08,0.09,0.77,3.14,246,0,0,13.33,3.5,-,6.76,14.8,19.08,0.35,114.42,86.61,27.81,-10.19,14.38,14.6,30
Mon Sep 26 06:37:49 GMT-03:00 2022,26-Sep-2022 06:37:49.417,-35.218737356359455,-5.819916729809178,0.0,6.0,36.67330094227888,17.444902420043945,-0.25,5.89,7.94,0.01,12.94,0,0,0.06,-0.03,14.9,7.45,14.7,19.61,95,10.94,1010.97,14.5,638.8,1,205.15,220,0,57,-,31.76,27.06,799,19.61,4.95,1.27,47.45,-6.25,3.12,3.91,-,0.09,6,36.67,17.44,-5.82,-35.22,27,0,-,29,0,6.75,14.81,3.47,0,19.07,0.17,0.77,3.14,247,0,0,13.73,3,-,6.75,14.81,19.07,0.35,115.41,86.61,28.8,-10.17,14.36,14.5,30
Mon Sep 26 06:37:50 GMT-03:00 2022,26-Sep-2022 06:37:50.417,-35.218737356359455,-5.819916729809178,0.0,6.0,36.929908191381294,17.444902420043945,-0.29,5.98,7.91,0.01,13.33,0,0,0.06,-0.03,14.9,7.45,14.7,19.61,95,10.82,1010.97,14.5,637.7,1,205.05,220,0,58,-,31.76,29.02,776.5,19.61,4.98,1.55,47.45,-5.47,3.12,3.91,-,0.09,6,36.93,17.44,-5.82,-35.22,26,0,-,29,0,6.75,14.82,4.24,0,19.06,0.17,0.77,3.53,248,0,0,13.73,3,-,6.75,14.82,19.06,0.35,116.4,86.61,29.8,-9.48,14.36,14.6,31
Mon Sep 26 06:37:51 GMT-03:00 2022,26-Sep-2022 06:37:51.417,-35.218737356359455,-5.819916729809178,0.0,6.0,37.00679230929484,17.444902420043945,-0.21,5.92,7.88,0,13.73,0,0.01,0.06,-0.04,14.9,7.45,14.7,19.61,95,10.82,1011.03,14.5,636.9,1,205.05,220,0,58,-,37.65,33.33,776.5,19.61,4.98,1.55,47.45,-5.47,4.69,2.34,-,0.09,6,37.01,17.44,-5.82,-35.22,25,0,-,29,0,6.75,14.82,4.24,0,19.06,0.82,0.77,3.92,248,0,0,14.12,6.5,-,6.75,14.82,19.06,0.35,117.41,86.61,30.8,-9.48,13.42,13.8,31
Mon Sep 26 06:37:52 GMT-03:00 2022,26-Sep-2022 06:37:52.418,-35.218737356359455,-5.819916729809178,0.0,6.0,37.180279783733134,17.444902420043945,-0.33,6.09,7.72,0,13.73,0,0,0.07,-0.06,14.9,7.84,14.7,19.61,95,10.71,1010.97,14.5,636.9,1,203.25,220,0,58,-,40.78,34.9,736,19.61,5.01,1.52,47.06,-5.47,-0.78,-2.34,-,0.09,6,37.18,17.44,-5.82,-35.22,28,0,-,29,0,6.74,14.83,4.16,0,19.05,0.74,0.76,3.92,249,0,0,14.12,10.5,-,6.74,14.83,19.05,0.35,118.39,86.61,31.79,-9.43,14.3,14.6,32
Mon Sep 26 06:37:53 GMT-03:00 2022,26-Sep-2022 06:37:53.417,-35.218737356359455,-5.819916729809178,0.0,4.0,37.283510157091506,17.444902420043945,-0.15,6.63,7.1,-0.01,16.86,0,0.01,0.13,-0.12,28.63,14.51,14.7,19.61,95,10.59,1010.96,14.5,635.2,1,203.15,220,0,58,-,52.94,34.9,767.5,19.61,5.04,1.93,47.06,-3.91,0,-1.56,-,0.09,4,37.28,17.44,-5.82,-35.22,26,0,-,29,0,6.74,14.83,5.27,0,19.04,0.81,0.75,7.06,250,0,0,17.25,15.5,-,6.74,14.83,19.04,0.35,119.4,86.61,32.79,-7.73,14.36,14.6,35
Mon Sep 26 06:37:54 GMT-03:00 2022,26-Sep-2022 06:37:54.416,-35.218728736713416,-5.819909334966377,0.5405175685882568,4.0,37.16007210091894,22.168832778930664,-0.54,7.02,7.43,0.04,16.86,0.06,0,0.19,-0.07,28.63,14.51,14.7,19.61,95,10.59,1010.99,14.5,635.2,1,203.15,220,0,58,-,52.94,44.71,767.5,19.61,5.04,1.93,47.06,-3.91,0,-1.56,-,0.09,4,37.16,22.17,-5.82,-35.22,25,0,-,29,0,6.74,14.83,5.27,0,19.04,0.81,0.75,7.06,251,1.95,0,17.25,15.5,-,6.74,14.83,19.04,0.35,119.91,86.61,33.3,-7.73,14.36,14.6,35
Mon Sep 26 06:37:55 GMT-03:00 2022,26-Sep-2022 06:37:55.417,-35.21872369438477,-5.819896593189457,1.5715314149856567,4.0,37.12305697654478,22.237693786621094,0.26,7.07,7.15,0.02,21.18,0,-0.02,0.19,-0.15,30.98,14.51,14.7,19.61,95,10.56,1010.96,14.5,633.7,1,199.66,220,0,58,2.56,61.96,44.71,1617.5,19.61,5.22,5.11,46.27,-3.12,2.34,3.91,-,0.09,4,37.12,22.24,-5.82,-35.22,25,1.34,3.43,28,0,6.74,14.84,13.97,0,19.03,0.17,0.75,10.98,251,5.66,7,20.78,19.5,15.1,6.74,14.84,19.03,0.35,121.41,87.28,34.13,2.72,14.34,14.5,55
Mon Sep 26 06:37:56 GMT-03:00 2022,26-Sep-2022 06:37:56.418,-35.21871544345162,-5.819874306848314,2.739846706390381,4.0,37.2438740986316,22.303207397460938,-0.33,7.02,6.74,-0.01,21.18,-0.01,0,0.09,-0.09,30.98,16.08,14.7,19.61,95,10.56,1010.96,14.5,633.7,1,199.66,220,0,58,2.56,61.96,56.86,1617.5,19.61,5.22,5.11,45.49,-3.12,2.34,3.91,-,0.09,4,37.24,22.3,-5.82,-35.22,26,1.34,3.43,28,0,6.74,14.84,13.97,0,19.03,0.17,0.75,10.98,254,9.86,7,20.78,19.5,15.1,6.74,14.84,19.03,0.35,122.39,88.26,34.13,2.72,14.34,14.5,55
Mon Sep 26 06:37:57 GMT-03:00 2022,26-Sep-2022 06:37:57.418,-35.21870192595384,-5.819840071659665,4.112695217132568,4.0,37.300076606811764,21.442556381225586,-0.55,7.68,7.48,0.09,21.57,0.09,-0.02,0.24,-0.08,30.98,16.08,14.7,19.61,95,10.61,1010.97,14.5,635.2,1,196.18,220,0,58,8.84,68.24,57.25,1508,19.61,5.36,5.27,45.49,-3.12,0,1.56,-,0.09,4,37.3,21.44,-5.82,-35.22,24,6.14,11.85,28,1.33,6.68,14.96,14.41,3.75,18.88,0.09,0.74,11.37,254,14.81,16,21.18,17,55.97,6.68,14.96,18.88,0.36,123.29,89.16,34.13,-6.1,14.42,14.7,56
Mon Sep 26 06:37:58 GMT-03:00 2022,26-Sep-2022 06:37:58.418,-35.218686834514166,-5.8197966524036575,5.032705307006836,4.0,37.9301922095471,20.35279655456543,0.22,5.79,5.42,-0.19,21.57,-0.06,0,0.11,-0.18,30.98,16.08,14.7,19.61,95,10.73,1010.92,14.5,635.2,1,194.55,220,0,58,7.96,66.27,57.25,1977,19.61,5.56,6.69,45.49,-3.12,3.12,1.56,-,0.1,4,37.93,20.35,-5.82,-35.22,26,3.88,10.68,28,2.39,6.64,15.06,18.3,6.76,18.75,0.09,0.74,11.37,255,18.12,22,21.18,17,38.46,6.64,15.06,18.75,0.36,124.41,90.28,34.13,-3.06,14.42,14.7,61
Mon Sep 26 06:37:59 GMT-03:00 2022,26-Sep-2022 06:37:59.419,-35.21866641398802,-5.81974244424359,6.320389270782471,4.0,38.21400310831567,20.481966018676758,-0.7,6.41,8.21,0.06,21.57,0.12,-0.12,0.16,0.01,29.41,14.9,14.7,19.61,95,10.73,1010.89,14.5,639.7,1,194.55,220,0,58,7.96,66.27,54.9,1977,19.61,5.56,6.69,45.49,-3.12,3.12,1.56,-,0.1,4,38.21,20.48,-5.82,-35.22,25,3.88,10.68,28,2.39,6.64,15.06,18.3,6.76,18.75,0.68,0.73,12.16,255,22.75,22,22.35,19.5,38.46,6.64,15.06,18.75,0.36,125.39,91.26,34.13,-3.06,14.26,14.7,61
Mon Sep 26 06:38:00 GMT-03:00 2022,26-Sep-2022 06:38:00.418,-35.21864653753982,-5.819687348797815,7.138944625854492,4.0,38.01974433435128,20.548416137695312,-1.01,5.7,8.97,0.09,21.18,0.13,0,0.37,-0.17,30.2,15.29,14.7,19.61,95,10.91,1010.86,14.5,643.7,1,191.61,220,0,58,15.99,63.92,54.9,1972,19.61,5.7,6.33,45.1,-3.12,3.91,2.34,-,0.1,4,38.02,20.55,-5.82,-35.22,24,6.25,21.45,28,3.47,6.61,15.14,17.33,9.81,18.66,0.82,0.73,11.37,257,25.7,29,21.96,20,77.45,6.61,15.14,18.66,0.37,126.43,92.3,34.13,-6.24,14.3,14.6,60
Mon Sep 26 06:38:01 GMT-03:00 2022,26-Sep-2022 06:38:01.418,-35.218624420800154,-5.819627428567452,8.930747985839844,6.0,38.12069967867527,20.024742126464844,0,6.34,8.61,0.09,21.18,0.03,0.03,0.1,0.03,30.2,15.29,14.7,19.61,95,11.11,1010.82,14.5,643.7,1,190.69,220,0,58,5.93,67.06,56.08,1839,19.61,5.81,6.41,45.1,-3.12,2.34,1.56,-,0.1,6,38.12,20.02,-5.82,-35.22,23,1.15,7.96,28,4.52,6.59,15.18,17.55,12.77,18.6,0.81,0.73,11.37,258,32.15,31,23.14,18.5,30.8,6.59,15.18,18.6,0.38,127.4,93.27,34.13,-6.11,14.3,14.6,59
Mon Sep 26 06:38:02 GMT-03:00 2022,26-Sep-2022 06:38:02.417,-35.218598752847285,-5.819554443148103,9.41077709197998,6.0,37.80118326217062,19.111492156982422,-2.03,6.69,7.98,0.08,22.75,-0.12,-0.13,-0.01,-0.16,29.41,15.29,14.7,19.61,95,11.34,1010.86,14.5,647.6,1,190.09,220,0,58,11.04,67.45,60.39,1802,19.61,5.95,6.06,45.1,-3.12,3.91,1.56,-,0.1,6,37.8,19.11,-5.82,-35.22,26,1.12,14.8,28,5.12,6.57,15.22,16.58,14.45,18.56,0.81,0.73,12.55,260,33.88,35,22.35,18.5,58.5,6.57,15.22,18.56,0.38,128.4,94.27,34.13,-6,14.3,14.6,58
Mon Sep 26 06:38:03 GMT-03:00 2022,26-Sep-2022 06:38:03.417,-35.2185686359859,-5.819467460953982,9.964861869812012,6.0,37.888742866434654,19.527292251586914,-0.6,7.57,7.6,0.09,21.57,0.14,0.03,0.23,-0.06,24.31,12.55,14.7,19.61,95,11.34,1010.85,14.5,647.6,1,189.67,220,0,59,11.04,67.45,58.04,1667,19.61,6.05,4.84,45.1,-3.12,3.91,0,-,0.1,6,37.89,19.53,-5.82,-35.22,25,1.12,14.8,28,7.23,6.58,15.2,13.24,20.43,18.58,0.78,0.74,11.76,261,35.87,35,22.35,18.5,58.5,6.58,15.2,18.58,0.38,129.41,95.28,34.13,-7.57,14.3,14.5,55
Mon Sep 26 06:38:04 GMT-03:00 2022,26-Sep-2022 06:38:04.417,-35.21853437506994,-5.81937859569614,10.365570068359375,6.0,38.119352267400814,20.08949089050293,-0.17,5.86,7.1,-0.06,18.43,0,-0.01,0.07,-0.07,24.31,12.55,14.7,19.61,95,11.59,1010.82,14.5,654,1,189.67,220,0,59,6.3,58.04,46.67,1667,19.61,6.05,4.84,45.1,-3.12,0.78,2.34,-,0.1,6,38.12,20.09,-5.82,-35.22,24,1.13,8.45,28,7.23,6.58,15.2,13.24,20.43,18.58,0.09,0.75,8.63,262,37.32,37,19.22,20,36.11,6.58,15.2,18.58,0.39,130.41,96.28,34.13,-7.57,14.3,14.6,55
Mon Sep 26 06:38:05 GMT-03:00 2022,26-Sep-2022 06:38:05.418,-35.21850125576989,-5.819288757019176,10.665887832641602,6.0,37.99188353672845,20.075231552124023,-0.74,5.64,7.14,-0.07,18.43,0,0.02,0,-0.01,24.31,12.55,14.7,19.61,95,11.85,1010.81,14.5,655.7,1,189.86,220,0,59,3.79,52.94,46.67,1590.5,19.61,6.12,4.14,45.1,-3.12,0,-3.12,-,0.11,6,37.99,20.08,-5.82,-35.22,22,0.68,5.09,28,8.94,6.6,15.15,11.33,25.24,18.65,0.67,0.76,7.84,262,38.4,38,18.43,19.5,22.78,6.6,15.15,18.65,0.41,131.43,97.29,34.13,-8.09,14.3,14.5,52
Mon Sep 26 06:38:06 GMT-03:00 2022,26-Sep-2022 06:38:06.417,-35.21846570164029,-5.819193454080948,10.908692359924316,6.0,37.83522866850179,19.688640594482422,-0.74,6.36,8.04,0.05,18.04,-0.03,-0.21,-0.01,-0.07,24.71,12.55,14.7,19.61,95,12.1,1010.8,14.5,655.7,1,190.52,220,0,59,2.82,54.12,46.27,1480.5,19.61,6.21,4,45.1,-3.91,-2.34,-3.12,-,0.11,6,37.84,19.69,-5.82,-35.22,26,0.27,3.78,28,9.5,6.63,15.09,10.94,26.85,18.72,0.8,0.76,7.84,264,39.27,39,18.04,19.5,18.19,6.63,15.09,18.72,0.42,132.35,98.22,34.13,-8.02,14.3,14.6,50
Mon Sep 26 06:38:07 GMT-03:00 2022,26-Sep-2022 06:38:07.420,-35.21842979344555,-5.819096839189282,11.108179092407227,6.0,38.03572399183195,19.627338409423828,-0.94,3.93,7.49,-0.13,16.86,-0.09,0.02,0.01,-0.12,21.57,10.98,14.7,19.61,95,12.37,1010.81,14.5,655.7,1,192.99,220,0,60,3.38,39.22,39.61,1373.5,19.61,6.27,2.55,45.49,-3.91,-5.47,-3.12,-,0.11,6,38.04,19.63,-5.82,-35.22,27,0.01,4.53,28,15.27,6.71,14.9,6.99,43.13,18.96,0.8,0.76,7.45,265,39.99,40,18.04,19.5,23.51,6.71,14.9,18.96,0.43,133.4,99.27,34.13,-10.05,14.3,14.6,45
Mon Sep 26 06:38:08 GMT-03:00 2022,26-Sep-2022 06:38:08.417,-35.21839336645967,-5.818999637465697,11.220187187194824,6.0,38.11050112480067,19.27191734313965,0.69,4.97,8.89,0.04,14.9,0.01,-0.13,0.11,-0.08,20.78,10.59,14.7,19.61,95,12.37,1010.79,14.5,656.8,1,192.99,220,0,60,3.38,39.22,27.84,1373.5,19.61,6.27,2.55,45.49,-4.69,-5.47,-4.69,-,0.11,6,38.11,19.27,-5.82,-35.22,27,0.01,4.53,28,15.27,6.71,14.9,6.99,43.13,18.96,0.2,0.76,4.71,266,40.39,40,15.29,21.5,23.51,6.71,14.9,18.96,0.43,134.43,100.29,34.13,-10.05,14.28,14.6,45
Mon Sep 26 06:38:09 GMT-03:00 2022,26-Sep-2022 06:38:09.418,-35.21835795441924,-5.818903759474894,11.036982536315918,4.0,38.271740202741185,19.106632232666016,0.17,2.28,8.74,-0.08,14.12,0.01,0.04,-0.3,0.04,20.78,10.59,14.7,19.61,95,12.62,1010.8,14.5,656.6,1,195.38,220,0,60,3.38,33.73,27.84,1623.5,19.61,6.33,2.73,45.49,-4.69,-5.47,-4.69,-,0.11,4,38.27,19.11,-5.82,-35.22,28,0.73,4.53,28,14.65,6.79,14.74,7.47,41.39,19.17,0.09,0.77,3.92,266,39.73,39,15.29,23,23.51,6.79,14.74,19.17,0.44,135.4,101.27,34.13,-9.37,14.28,14.6,42
Mon Sep 26 06:38:10 GMT-03:00 2022,26-Sep-2022 06:38:10.418,-35.218325058621325,-5.818811126150123,10.847262382507324,4.0,38.14827789240546,19.22360610961914,0.46,6.33,8.74,0.1,14.12,-0.02,-0.01,-0.09,0.02,14.9,7.45,14.7,19.61,95,12.82,1010.86,14.5,656.6,1,197.56,220,0,60,3.38,23.53,25.49,1212.5,19.61,6.36,1.32,45.49,-6.25,-7.03,-7.81,-,0.11,4,38.15,19.22,-5.82,-35.22,28,4.05,4.53,28,29.56,7,14.29,3.61,83.5,19.77,0.81,0.79,3.92,267,39.05,35,13.33,3,23.51,7,14.29,19.77,0.45,136.24,102.11,34.13,-12.41,14.34,14.6,35
Mon Sep 26 06:38:11 GMT-03:00 2022,26-Sep-2022 06:38:11.417,-35.21829510002936,-5.818727063536884,9.737256050109863,4.0,38.16767144405053,19.330259323120117,-0.2,5.27,7.49,-0.07,12.55,0.11,-0.03,0.09,0.07,14.9,7.45,14.7,19.61,95,13,1010.83,14.5,656.6,1,203.76,220,0,60,-,54.12,16.86,936.5,19.61,6.38,1.18,45.49,-6.25,-6.25,-4.69,-,0.11,4,38.17,19.33,-5.82,-35.22,28,3.05,-,28,29.56,7.21,13.87,3.24,83.5,20.36,0.06,0.8,2.35,269,35.05,32,19.61,3,-,7.21,13.87,20.36,0.46,137.39,103.26,34.13,-11.98,14.28,14.6,31
Mon Sep 26 06:38:12 GMT-03:00 2022,26-Sep-2022 06:38:12.417,-35.21826414040796,-5.818642001280136,9.622382164001465,4.0,38.233533277229554,19.504467010498047,-1.27,5.32,6.22,-0.16,18.04,0.12,0.01,0.1,0.08,22.35,11.37,14.7,19.61,95,13,1010.83,14.5,655.5,1,211.65,220,0,60,-,54.12,41.57,1696.5,19.61,6.45,3.51,45.88,-3.12,-6.25,-4.69,-,0.11,4,38.23,19.5,-5.82,-35.22,28,3.05,-,28,9.11,7.22,13.84,9.61,25.74,20.41,0.06,0.8,9.41,270,34.64,32,19.61,3,-,7.22,13.84,20.41,0.46,138.42,104.29,34.13,-4.83,14.28,14.6,39
Mon Sep 26 06:38:13 GMT-03:00 2022,26-Sep-2022 06:38:13.419,-35.21823491081525,-5.818558796121642,9.604910850524902,6.0,38.095398278272015,19.521705627441406,-0.91,6.51,6.05,-0.09,19.22,-0.08,-0.06,0.12,-0.22,26.27,13.73,14.7,19.61,95,13.19,1010.83,14.5,654.6,1,211.65,220,0,60,5.22,39.61,46.67,1696.5,19.61,6.45,3.51,45.88,-3.91,-2.34,-3.91,-,0.11,6,38.1,19.52,-5.82,-35.22,28,0.64,7,28,9.11,7.22,13.84,9.61,25.74,20.41,0.55,0.78,9.41,271,34.58,34,16.86,24,29.39,7.22,13.84,20.41,0.46,139.42,105.29,34.13,-4.83,14.36,14.6,39
Mon Sep 26 06:38:14 GMT-03:00 2022,26-Sep-2022 06:38:14.417,-35.2182056284403,-5.818471997611061,9.91352653503418,6.0,37.9457984253155,19.268051147460938,-1.26,6.23,7.15,-0.03,18.82,0.09,0.02,0.11,0.03,26.27,13.33,14.7,19.61,95,13.4,1010.88,14.5,654.6,1,212.16,220,0,60,6.63,57.65,46.67,1667.5,19.61,6.55,4.82,45.88,-3.91,0.78,-0.78,-,0.11,6,37.95,19.27,-5.82,-35.22,30,1.42,8.89,28,7.05,7.22,13.84,13.19,19.92,20.41,0.8,0.76,9.02,271,35.69,36,19.22,20,37.97,7.22,13.84,20.41,0.47,140.41,106.28,34.13,-7.17,14.34,14.6,42
Mon Sep 26 06:38:15 GMT-03:00 2022,26-Sep-2022 06:38:15.418,-35.2181759062217,-5.818381368378591,10.419327735900879,6.0,37.40563015753704,18.638202667236328,-0.74,5.48,6.84,-0.11,18.82,-0.1,-0.04,0.01,-0.14,25.88,13.33,14.7,19.61,95,13.62,1010.9,14.5,654.2,1,212.12,221,0,60,7.45,58.43,49.41,1547,19.61,6.63,4.5,45.88,-3.91,2.34,3.91,-,0.11,6,37.41,18.64,-5.82,-35.22,28,0.49,9.99,27,8.01,7.23,13.83,12.3,22.62,20.43,0.28,0.75,9.02,272,37.51,38,19.22,19.5,45.99,7.23,13.83,20.43,0.47,141.39,107.26,34.13,-7.55,14.36,14.6,43
Mon Sep 26 06:38:16 GMT-03:00 2022,26-Sep-2022 06:38:16.417,-35.2181422514814,-5.818287358672133,11.134116172790527,6.0,37.27867126850445,19.545869827270508,-1.54,6.09,7.87,0.02,18.82,-0.07,0.05,0.04,-0.12,25.88,13.33,14.7,19.61,95,13.86,1010.96,14.5,654.2,1,212.32,221,0,60,11.67,56.86,49.8,1553,19.61,6.71,4.39,45.88,-3.91,0.78,2.34,-,0.12,6,37.28,19.55,-5.82,-35.22,25,0.92,15.64,27,8.65,7.24,13.81,12.02,24.44,20.46,0.16,0.74,9.02,273,40.08,41,18.82,19.5,71.73,7.24,13.81,20.46,0.49,142.39,108.26,34.13,-7.2,14.36,14.6,45
Mon Sep 26 06:38:17 GMT-03:00 2022,26-Sep-2022 06:38:17.418,-35.218108701781986,-5.818192273084674,11.523526191711426,6.0,37.08750865212375,19.71995735168457,-0.32,5.26,8.37,0.01,18.04,0,0,0,0,23.92,12.55,14.7,19.61,95,14.12,1011.02,14.5,654.6,1,212.7,221,0,60,10.91,52.94,45.88,1482.5,19.61,6.79,3.9,45.88,-3.91,0,2.34,-,0.12,6,37.09,19.72,-5.82,-35.22,28,2.52,14.63,27,10.52,7.27,13.75,10.66,29.73,20.54,0.16,0.74,7.84,275,41.48,44,17.65,18.5,70.27,7.27,13.75,20.54,0.5,143.42,109.28,34.13,-8.05,14.34,14.5,44
Mon Sep 26 06:38:18 GMT-03:00 2022,26-Sep-2022 06:38:18.419,-35.2180721435794,-5.818089413839436,12.003501892089844,6.0,37.36277888367301,19.245580673217773,0.29,5.95,8.84,0.08,16.86,-0.1,-0.16,-0.04,-0.12,21.96,11.37,14.7,19.61,95,14.12,1011.02,14.5,654.6,1,213.55,221,0,61,10.91,52.94,37.25,1391.5,19.61,6.85,2.85,45.88,-3.91,0,1.56,-,0.12,6,37.36,19.25,-5.82,-35.22,27,2.52,14.63,27,15.43,7.34,13.62,7.8,43.6,20.75,0.12,0.73,6.67,276,43.21,44,17.65,18.5,70.27,7.34,13.62,20.75,0.5,144.42,110.29,34.13,-9.56,14.34,14.5,42
Mon Sep 26 06:38:19 GMT-03:00 2022,26-Sep-2022 06:38:19.419,-35.218035472122224,-5.817980307003919,12.278007507324219,6.0,37.15415315407224,18.15102195739746,-1.17,5.54,8.07,0,15.69,0,-0.08,0.02,-0.02,21.96,11.37,14.7,19.61,95,14.4,1011.08,14.5,654.7,1,213.55,221,0,61,7.78,40.78,34.12,1391.5,19.61,6.85,2.85,45.88,-3.91,-0.78,0,-,0.12,6,37.15,18.15,-5.82,-35.22,29,2.79,10.44,27,15.43,7.34,13.62,7.8,43.6,20.75,0.1,0.73,5.88,277,44.2,46,16.08,21,53.41,7.34,13.62,20.75,0.51,145.42,111.28,34.13,-9.56,14.34,14.6,42
Mon Sep 26 06:38:20 GMT-03:00 2022,26-Sep-2022 06:38:20.417,-35.21799945726832,-5.817865618785656,12.707752227783203,6.0,37.15460248104749,18.955257415771484,-1.05,6.13,9.11,0.12,15.69,0,-0.04,-0.01,0.01,21.96,11.37,14.7,19.61,95,14.68,1011.11,14.5,654.7,1,215.65,221,0,61,4.67,39.22,34.12,1356.5,19.61,6.9,2.64,45.88,-4.69,-1.56,-3.12,-,0.12,6,37.15,18.96,-5.82,-35.22,27,2.8,6.26,27,17.43,7.43,13.46,7.22,49.25,20.99,0.64,0.72,5.88,277,45.75,47,16.08,21,32.85,7.43,13.46,20.99,0.53,146.4,112.27,34.13,-9.63,14.26,14.5,40
Mon Sep 26 06:38:21 GMT-03:00 2022,26-Sep-2022 06:38:21.417,-35.21795998772386,-5.8177459019955755,13.457539558410645,6.0,36.89845667144798,18.504316329956055,-0.05,4.93,8.06,-0.04,13.33,-0.03,0.02,-0.03,-0.02,21.96,11.37,14.7,19.61,95,14.97,1011.13,14.5,654.2,1,220.09,221,0,61,4.21,38.04,34.12,1303,19.61,6.95,2.55,46.27,-4.69,1.56,-0.78,-,0.12,6,36.9,18.5,-5.82,-35.22,28,0.45,5.64,27,18.4,7.53,13.29,6.99,51.97,21.26,0.83,0.71,3.53,278,48.45,48,15.29,3,30.84,7.53,13.29,21.26,0.54,147.41,113.28,34.13,-9.66,14.32,14.6,38
Mon Sep 26 06:38:22 GMT-03:00 2022,26-Sep-2022 06:38:22.418,-35.217918661634734,-5.817625364152837,13.453510284423828,6.0,36.93154417536826,19.00932502746582,-0.04,5.64,7.59,-0.04,13.33,0.09,0,0.1,0.04,18.04,9.41,14.7,19.61,95,15.24,1011.12,14.5,654.2,1,222.89,221,0,61,4.21,35.69,18.43,1302,19.61,7.01,2.87,46.27,-4.69,-5.47,-6.25,-,0.12,6,36.93,19.01,-5.82,-35.22,26,1.43,5.64,28,16.71,7.6,13.15,7.86,47.2,21.48,0.34,0.71,3.53,280,48.43,47,15.69,21,30.84,7.6,13.15,21.48,0.54,148.41,114.28,34.13,-8.83,14.34,14.6,38
Mon Sep 26 06:38:23 GMT-03:00 2022,26-Sep-2022 06:38:23.417,-35.21787764795315,-5.817512516345344,13.271387100219727,6.0,36.99861335973014,18.84981346130371,-0.17,5.83,7.58,-0.03,14.9,-0.06,0,0,-0.07,19.61,10.2,14.7,19.61,95,15.5,1011.12,14.5,653.9,1,225.22,221,0,61,4.21,29.41,27.84,1273,19.61,7.04,1.83,46.27,-4.69,-0.78,-6.25,-,0.12,6,37,18.85,-5.82,-35.22,25,0.78,5.64,28,25.62,7.76,12.89,5.02,72.37,21.91,0.34,0.71,4.71,281,47.78,47,14.12,24,30.84,7.76,12.89,21.91,0.56,149.32,115.18,34.13,-10.87,14.34,14.6,34
Mon Sep 26 06:38:24 GMT-03:00 2022,26-Sep-2022 06:38:24.418,-35.21783808778947,-5.817400231680334,13.272314071655273,6.0,37.14893664954405,19.356290817260742,-0.96,8.48,4.95,0,14.9,0.24,0.37,0.04,0.2,21.96,11.37,14.7,19.61,95,15.77,1011.14,14.5,653.9,1,231.69,221,0,62,-,50.98,25.1,1283.5,19.61,7.11,3.68,46.67,-5.47,-3.12,0,-,0.12,6,37.15,19.36,-5.82,-35.22,27,0.78,-,28,12.76,7.8,12.82,10.08,36.04,22.03,0.23,0.71,3.53,282,47.78,47,14.12,24,-,7.8,12.82,22.03,0.56,150.39,116.26,34.13,-7.04,14.34,14.6,38
Mon Sep 26 06:38:25 GMT-03:00 2022,26-Sep-2022 06:38:25.417,-35.21779890066711,-5.817289026730307,13.048251152038574,6.0,37.78226150311884,19.372968673706055,-0.09,5.05,8.07,-0.03,17.65,0.39,0.08,0.26,0.28,22.75,11.76,14.7,19.61,95,15.77,1011.12,14.65,652.5,1,231.69,221,0,62,-,50.98,47.84,1283.5,19.61,7.11,3.68,46.67,-3.91,-3.12,-1.56,-,0.12,6,37.78,19.37,-5.82,-35.22,27,0.78,-,28,12.76,7.8,12.82,10.08,36.04,22.03,0.08,0.71,7.84,283,46.97,47,17.65,17,-,7.8,12.82,22.03,0.56,151.33,117.2,34.13,-7.04,14.3,14.6,38
Mon Sep 26 06:38:26 GMT-03:00 2022,26-Sep-2022 06:38:26.421,-35.21775886587753,-5.817173122100032,13.041107177734375,6.0,37.69344361707939,19.40863609313965,-0.18,5.61,7.32,-0.06,20,-0.1,0,0.01,-0.13,29.02,14.9,14.7,19.61,95,16.02,1011.11,14.65,651.5,1,232.94,221,0,62,-,63.14,55.69,1420.5,19.61,7.2,4.46,46.67,-3.91,-1.56,-3.12,-,0.12,6,37.69,19.41,-5.82,-35.22,24,0.97,-,27,10.55,7.82,12.78,12.19,29.8,22.1,0.73,0.7,9.8,283,46.95,46,19.61,18,-,7.82,12.78,22.1,0.61,152.42,118.28,34.13,-5.69,14.36,14.5,44
Mon Sep 26 06:38:27 GMT-03:00 2022,26-Sep-2022 06:38:27.418,-35.21771648423857,-5.817057868511716,13.381174087524414,6.0,37.97635482519024,20.04628562927246,0.21,5.92,7.72,-0.01,20.78,0,0.05,0.06,-0.05,29.8,14.9,14.7,19.61,95,16.28,1011.1,14.65,651.5,1,233.63,221,0,62,9.77,64.31,55.69,1565,19.61,7.29,5.04,46.67,-3.91,3.12,3.91,-,0.13,6,37.98,20.05,-5.82,-35.22,23,1.05,13.11,27,9.12,7.83,12.77,13.8,25.76,22.13,0.18,0.7,10.59,284,48.17,48,20.78,18,59.64,7.83,12.77,22.13,0.61,153.39,119.25,34.13,-5.52,14.34,14.6,48
Mon Sep 26 06:38:28 GMT-03:00 2022,26-Sep-2022 06:38:28.417,-35.217675292607716,-5.816943755539539,13.621603965759277,6.0,37.82304763026402,19.827835083007812,0.17,6.84,7.76,0.05,20.78,-0.06,0.01,0.03,-0.1,29.8,15.29,14.7,19.61,95,16.54,1011.1,14.65,651.3,1,233.95,221,0,62,4.49,65.88,56.08,1638,19.61,7.39,5.35,46.67,-3.12,3.12,4.69,-,0.13,6,37.82,19.83,-5.82,-35.22,24,0.04,6.03,27,8.98,7.84,12.75,14.63,25.36,22.15,0.15,0.7,10.59,285,49.04,49,21.18,18.5,26.2,7.84,12.75,22.15,0.63,154.41,120.28,34.13,-5.86,14.4,14.6,51
Mon Sep 26 06:38:29 GMT-03:00 2022,26-Sep-2022 06:38:29.418,-35.21763161094776,-5.816822092137669,14.059237480163574,6.0,38.161151232271756,19.834392547607422,-0.43,5.56,7.28,-0.07,20.78,-0.06,-0.01,0.02,-0.1,29.8,15.29,14.7,19.61,95,16.82,1011.06,14.65,651.3,1,234.23,221,0,62,9.32,71.37,56.86,1641.5,19.61,7.49,5.87,46.67,-3.12,3.91,5.47,-,0.13,6,38.16,19.83,-5.82,-35.22,24,0.39,12.5,27,8.35,7.85,12.74,16.05,23.6,22.17,0.28,0.7,10.98,287,50.61,51,22.75,16.5,54.23,7.85,12.74,22.17,0.63,155.41,121.28,34.13,-5.44,14.24,14.6,54
Mon Sep 26 06:38:30 GMT-03:00 2022,26-Sep-2022 06:38:30.418,-35.217586658588296,-5.81669994554148,14.402303695678711,6.0,38.35875958475853,20.074195861816406,-0.33,5.68,7.57,-0.04,22.75,0.02,0,0.08,-0.03,30.2,15.69,14.7,19.61,95,17.1,1010.99,14.65,651.3,1,234.35,221,0,62,5,70.2,62.35,1639,19.61,7.61,5.75,46.67,-3.12,3.91,3.12,-,0.13,6,38.36,20.07,-5.82,-35.22,25,0.15,6.7,27,8.87,7.85,12.73,15.74,25.04,22.19,0.47,0.7,12.55,288,51.85,52,21.96,17,29.12,7.85,12.73,22.19,0.66,156.42,122.29,34.13,-5.64,14.3,14.5,56
Mon Sep 26 06:38:31 GMT-03:00 2022,26-Sep-2022 06:38:31.417,-35.21754202115667,-5.816575041660467,14.75515365600586,6.0,38.45272149439833,19.630096435546875,-0.99,5.57,7.44,-0.05,20.78,-0.04,-0.06,0.02,-0.08,27.84,14.12,14.7,19.61,95,17.1,1011,14.5,654.5,1,234.6,221,0,62,5,70.2,57.65,1585.5,19.61,7.72,5.26,46.67,-3.12,3.91,3.12,-,0.13,6,38.45,19.63,-5.82,-35.22,25,0.15,6.7,27,9.89,7.87,12.7,14.38,27.95,22.23,0.47,0.7,10.98,289,53.12,52,21.96,17,29.12,7.87,12.7,22.23,0.66,157.41,123.28,34.13,-6.26,14.3,14.5,56
Mon Sep 26 06:38:32 GMT-03:00 2022,26-Sep-2022 06:38:32.417,-35.21749583051667,-5.816447990837261,14.995991706848145,6.0,38.403672531612806,19.742399215698242,0.16,5.53,7.97,-0.01,20.39,0.06,0.01,0.05,0.03,27.06,13.73,14.7,19.61,95,17.39,1011,14.5,656.6,1,234.6,221,0,62,4.43,66.67,57.25,1585.5,19.61,7.72,5.26,46.67,-3.12,5.47,3.12,-,0.13,6,38.4,19.74,-5.82,-35.22,21,0.12,5.95,27,9.89,7.87,12.7,14.38,27.95,22.23,0.77,0.7,10.59,290,53.99,53,20.78,17,26.71,7.87,12.7,22.23,0.69,158.42,124.29,34.13,-6.26,14.26,14.6,56
Mon Sep 26 06:38:33 GMT-03:00 2022,26-Sep-2022 06:38:33.418,-35.21744989002444,-5.816322579134552,15.153983116149902,4.0,38.408146516751756,19.91503143310547,-0.01,5.55,8.28,0.01,16.08,0.01,0.03,0.02,0,16.08,8.24,14.7,19.61,95,17.68,1011.02,14.5,656.6,1,235.08,221,0,62,5.32,66.27,38.04,1572,19.61,7.81,5.2,46.67,-3.91,3.91,1.56,-,0.13,4,38.41,19.92,-5.82,-35.22,23,0.01,7.13,27,10.2,7.89,12.67,14.22,28.81,22.29,0.79,0.71,7.45,290,54.55,54,19.61,0,32.3,7.89,12.67,22.29,0.69,159.39,125.26,34.13,-6.07,14.34,14.5,56
Mon Sep 26 06:38:34 GMT-03:00 2022,26-Sep-2022 06:38:34.417,-35.21740317134741,-5.816195930815278,15.134968757629395,4.0,38.50678609770526,20.158557891845703,-0.34,5.54,7.55,-0.05,15.29,0.04,0,0.1,-0.02,21.18,10.98,14.7,19.61,95,17.95,1011.01,14.5,658.8,1,235.63,221,0,63,5.32,36.86,38.04,1394.5,19.61,7.86,2.57,46.67,-4.69,7.03,7.81,-,0.14,4,38.51,20.16,-5.82,-35.22,23,1.55,7.13,27,21.05,7.99,12.51,7.02,59.46,22.58,0.19,0.71,5.49,291,54.49,53,16.08,21.5,32.3,7.99,12.51,22.58,0.72,160.42,126.29,34.13,-10.31,14.3,14.6,49
Mon Sep 26 06:38:35 GMT-03:00 2022,26-Sep-2022 06:38:35.418,-35.2173563425077,-5.816070015942594,14.895439147949219,4.0,38.87327655054667,20.404420852661133,-0.39,5.41,8.57,0.03,15.29,0.03,0,0.01,0.02,21.18,10.98,14.7,19.61,95,18.22,1010.9,14.5,658.8,1,238.73,221,0,63,5.32,30.59,29.8,1249,19.61,7.9,1.91,46.67,-4.69,0.78,0,-,0.14,4,38.87,20.4,-5.82,-35.22,21,1.62,7.13,27,27.78,8.15,12.27,5.22,78.48,23.02,0.87,0.72,5.49,293,53.62,52,13.33,-2.5,32.3,8.15,12.27,23.02,0.72,161.42,127.28,34.13,-10.99,14.34,14.6,43
Mon Sep 26 06:38:36 GMT-03:00 2022,26-Sep-2022 06:38:36.417,-35.217311452672405,-5.8159459319683515,14.6270170211792,4.0,39.16616383757448,20.172861099243164,0.02,4.9,7.69,-0.07,12.94,0.05,-0.02,-0.03,0.07,14.9,7.45,14.7,19.61,95,18.46,1010.94,14.5,659.1,1,243.35,221,0,63,-,17.65,15.69,1309,19.61,7.92,1.18,46.67,-6.25,-3.12,0,-,0.14,4,39.17,20.17,-5.82,-35.22,21,2.66,-,27,43.91,8.15,12.26,3.24,124.05,23.03,0.87,0.72,2.75,294,52.66,50,13.33,-7.5,-,8.15,12.26,23.03,0.75,162.35,128.22,34.13,-12.07,14.3,14.6,36
Mon Sep 26 06:38:37 GMT-03:00 2022,26-Sep-2022 06:38:37.417,-35.21726639039695,-5.815823845239376,14.198110580444336,4.0,38.82750830528723,20.3468074798584,-0.19,4.49,8.92,0.02,12.94,0.01,0.01,-0.08,0.06,14.9,7.45,18.63,19.61,95,18.69,1010.95,14.5,659.1,1.27,243.54,221,0,63,-,18.04,15.69,1311,19.61,7.94,1.21,46.67,-6.25,-3.12,0,-,0.14,4,38.83,20.35,-5.82,-35.22,27,3.11,-,27,41.46,8.16,12.25,3.3,117.11,23.05,0.86,0.93,3.14,295,51.11,48,13.33,-7.5,-,8.16,12.25,23.05,0.75,163.41,129.28,34.13,-12.13,14.3,14.6,31
Mon Sep 26 06:38:38 GMT-03:00 2022,26-Sep-2022 06:38:38.417,-35.21722274852784,-5.815706202973211,13.713339805603027,6.0,38.48462208890224,20.132863998413086,-0.62,3.96,8.48,-0.05,13.73,0.01,-0.07,-0.09,0.05,14.9,7.45,29.4,19.61,95,18.69,1011.08,14.5,658.5,2,243.54,221,0,63,-,18.04,15.69,1311,19.61,7.94,1.21,46.67,-6.25,0,0,-,0.14,6,38.48,20.13,-5.82,-35.22,27,3.11,-,28,41.46,8.16,12.25,3.3,117.11,23.05,0.01,0.89,3.53,295,49.37,48,13.73,-8.5,-,8.16,12.25,23.05,0.78,164.37,130.23,34.13,-12.13,14.4,14.6,31
Mon Sep 26 06:38:39 GMT-03:00 2022,26-Sep-2022 06:38:39.418,-35.21718402266916,-5.815599400341379,12.708812713623047,6.0,38.167037693193166,19.890151977539062,-0.61,4.2,8.79,-0.01,13.33,0,-0.03,-0.11,0.05,14.9,7.45,29.4,19.61,95,18.87,1011.13,14.5,657.6,2,245.77,221,0,63,-,18.43,15.69,1612.5,19.61,7.97,1.49,47.06,-5.47,0,0,-,0.14,6,38.17,19.89,-5.82,-35.22,27,6.37,-,28,32.19,8.34,11.98,4.08,90.93,23.57,0,0.01,3.53,296,45.75,43,13.73,-7,-,8.34,11.98,23.57,0.78,165.39,131.26,34.13,-11.57,14.3,14.6,28
Mon Sep 26 06:38:40 GMT-03:00 2022,26-Sep-2022 06:38:40.418,-35.21714393834198,-5.815491167647214,12.133467674255371,6.0,38.04579151394834,19.70222282409668,-0.19,4.41,9.39,0.06,13.33,0,-0.01,-0.14,0.07,14.9,7.45,29.4,19.61,95,19.02,1011.22,14.5,657.6,2,251.3,221,0,63,-,18.43,16.08,1476.5,19.61,8,1.37,47.06,-6.25,0,0,-,0.14,6,38.05,19.7,-5.82,-35.22,25,5.68,-,28,31.46,8.52,11.74,3.74,88.87,24.06,0,0.01,3.14,297,43.68,38,13.73,-9,-,8.52,11.74,24.06,0.81,166.4,132.27,34.13,-12.32,14.36,14.5,25
Mon Sep 26 06:38:41 GMT-03:00 2022,26-Sep-2022 06:38:41.420,-35.21711002248714,-5.815393676291769,10.909039497375488,6.0,37.64639342623813,19.601594924926758,-0.68,3.83,9.09,0.04,13.33,0.04,-0.02,-0.14,0.11,14.9,7.45,29.4,19.61,95,19.1,1011.27,14.5,657.6,2,258.71,221,0,63,-,18.43,16.08,1338.5,19.61,8.02,1.23,47.45,-6.25,0,0,-,0.14,6,37.65,19.6,-5.82,-35.22,25,8.27,-,28,30.95,8.69,11.51,3.36,87.42,24.54,0,0.01,3.14,299,39.27,31,13.33,-11.5,-,8.69,11.51,24.54,0.81,167.39,133.25,34.13,-12.36,14.28,14.5,22
Mon Sep 26 06:38:42 GMT-03:00 2022,26-Sep-2022 06:38:42.418,-35.21707743707643,-5.815302890808707,10.198314666748047,6.0,37.7210001313659,19.650585174560547,-0.6,3.72,9.53,0.04,12.94,0.05,-0.06,-0.17,0.14,14.9,7.45,29.4,19.61,95,19.12,1011.34,14.5,655.7,2,266.01,221,0,63,-,18.43,15.69,1160,19.61,8.05,1.07,47.84,-7.03,0,0,-,0.14,6,37.72,19.65,-5.82,-35.22,23,15.71,-,28,28.85,8.84,11.31,2.94,81.5,24.97,0,0.01,2.75,300,36.71,21,13.33,-11.5,-,8.84,11.31,24.97,0.81,168.4,134.27,34.13,-12.43,14.28,14.5,20
Mon Sep 26 06:38:43 GMT-03:00 2022,26-Sep-2022 06:38:43.420,-35.21704783195942,-5.8152221567989555,8.881341934204102,6.0,37.78558552212967,19.9068546295166,-0.53,3.77,9.31,0.02,13.33,0.02,-0.02,-0.15,0.1,14.9,7.45,22.74,19.61,95,19.12,1011.39,14.5,654.2,1.55,270.62,221,0,63,-,18.04,25.49,1160,19.61,8.07,1.38,47.84,-5.47,0,0,-,0.14,6,37.79,19.91,-5.82,-35.22,22,15.71,-,28,15.24,8.89,11.25,3.77,43.05,25.1,0,0.01,3.14,301,31.97,21,15.29,27.5,-,8.89,11.25,25.1,0.84,169.43,135.3,34.13,-11.44,14.26,14.5,20
Mon Sep 26 06:38:44 GMT-03:00 2022,26-Sep-2022 06:38:44.420,-35.2170257877579,-5.815154554115684,8.516203880310059,6.0,37.45988016866706,19.32657814025879,-0.47,4.04,9.11,0.01,14.51,0.03,-0.01,-0.12,0.1,14.9,7.45,13.35,19.61,95,19.08,1011.42,14.5,654.2,0.91,270.62,221,0,63,-,30.98,33.33,915,19.61,8.07,1.38,47.84,-5.47,0,0,-,0.14,6,37.46,19.33,-5.82,-35.22,22,17.97,-,28,15.24,8.89,11.25,3.77,43.05,25.1,0.88,0.07,3.92,301,30.66,14,13.73,4.5,-,8.89,11.25,25.1,0.84,170.39,136.26,34.13,-11.44,14.3,14.5,20
Mon Sep 26 06:38:45 GMT-03:00 2022,26-Sep-2022 06:38:45.420,-35.217010247459484,-5.815102929207252,6.257669925689697,6.0,37.641866995611174,18.19449234008789,-0.56,4.37,8.55,-0.02,14.51,-0.01,-0.02,-0.09,0.02,14.9,7.45,13.42,19.61,95,18.99,1011.39,14.65,649.7,0.91,280.99,221,0,63,-,42.35,33.33,927.5,19.61,8.11,1.91,49.41,-5.47,0,0,-,0.14,6,37.64,18.19,-5.82,-35.22,19,24.66,-,28,7.34,8.87,11.27,5.22,20.73,25.07,0.86,0.1,4.31,302,22.53,6,14.9,2,-,8.87,11.27,25.07,0.84,171.41,137.28,34.13,-9.12,14.3,14.5,24
Mon Sep 26 06:38:46 GMT-03:00 2022,26-Sep-2022 06:38:46.420,-35.217007958817064,-5.815085686489494,4.447795867919922,8.0,37.24420760253265,18.046236038208008,-0.63,4.95,8.59,0.01,14.51,0.01,-0.02,-0.04,0.03,14.9,7.45,13.37,19.61,95,18.85,1011.42,14.65,649.7,0.91,280.63,221,0,63,-,41.57,35.29,834,19.61,8.14,1.82,49.41,-5.47,0,0,-,0.14,8,37.24,18.05,-5.82,-35.22,21,16.01,-,28,3.3,8.83,11.32,4.97,9.33,24.95,0.87,0.11,3.53,303,16.01,0,14.12,-1.5,-,8.83,11.32,24.95,0.84,172.4,137.76,34.63,-9.59,14.28,14.5,27
Mon Sep 26 06:38:47 GMT-03:00 2022,26-Sep-2022 06:38:47.420,-35.217008171362096,-5.815071300290779,3.267982244491577,8.0,35.21998072234397,12.035158157348633,-0.51,5.44,8.3,0.01,13.33,0.01,-0.02,0.01,0,14.9,7.45,13.37,19.61,95,18.71,1011.42,14.65,649.7,0.91,303.73,221,0,63,-,39.61,33.33,751,19.61,8.17,1.44,53.73,-5.47,0,0,-,0.14,8,35.22,12.04,-5.82,-35.22,19,11.76,-,28,0,8.83,11.32,3.94,0,24.94,0.88,0.12,3.53,305,11.76,0,13.73,0.5,-,8.83,11.32,24.94,0.84,173.38,137.76,35.62,-10.19,14.3,14.5,28
Mon Sep 26 06:38:48 GMT-03:00 2022,26-Sep-2022 06:38:48.419,-35.217016439622896,-5.815067697341306,1.6187529563903809,8.0,35.63792341294546,7.551277160644531,-0.38,5.38,8.25,0,13.73,0,0,0,0,14.9,7.45,13.31,19.61,95,18.58,1011.42,14.65,644.8,0.91,301.41,221,0,63,-,38.82,32.55,767,19.61,8.2,1.45,53.33,-6.25,0,0,-,0.14,8,35.64,7.55,-5.82,-35.22,19,5.83,-,28,0,8.83,11.33,3.97,0,24.94,0.88,0.12,3.53,306,5.83,0,13.73,0.5,-,8.83,11.33,24.94,0.84,174.42,137.76,36.65,-9.66,14.3,14.5,29
Mon Sep 26 06:38:49 GMT-03:00 2022,26-Sep-2022 06:38:49.419,-35.217016439622896,-5.815067697341306,0.0,8.0,36.35544795126374,7.551277160644531,-0.45,5.37,8.28,0,13.73,0,-0.01,0,0,14.9,7.45,13.46,19.61,95,18.45,1011.38,14.65,641.9,0.92,301.31,221,0,63,-,38.82,32.94,767.5,19.61,8.22,1.46,53.33,-5.47,0,0,-,0.14,8,36.36,7.55,-5.82,-35.22,17,0,-,28,0,8.82,11.33,3.99,0,24.93,0.86,0.12,3.53,307,0,0,14.12,2,-,8.82,11.33,24.93,0.84,175.37,137.76,37.61,-9.74,14.28,14.5,30
Mon Sep 26 06:38:50 GMT-03:00 2022,26-Sep-2022 06:38:50.419,-35.217016439622896,-5.815067697341306,0.0,8.0,36.32839434255424,7.551277160644531,-0.42,5.37,8.23,0,12.94,0,0,0.01,0,14.9,7.45,13.71,19.61,95,18.45,1011.4,14.65,641.9,0.93,301.31,221,0,63,-,38.82,26.27,767.5,19.61,8.22,1.46,52.16,-6.25,0,0,-,0.14,8,36.33,7.55,-5.82,-35.22,18,0,-,28,0,8.82,11.33,3.99,0,24.93,0.86,0.12,3.14,308,0,0,13.33,-4,-,8.82,11.33,24.93,0.84,176.42,137.76,38.65,-9.74,14.3,14.5,30
Mon Sep 26 06:38:51 GMT-03:00 2022,26-Sep-2022 06:38:51.421,-35.217016439622896,-5.815067697341306,0.0,8.0,36.45566007952121,7.551277160644531,-0.5,5.34,8.17,-0.01,12.94,0,-0.01,0,-0.01,14.9,7.45,14.6,19.61,95,18.32,1011.4,14.65,637.4,0.99,294.56,221,0,63,-,31.37,26.27,757.5,19.61,8.25,1.17,52.16,-7.03,0,0,-,0.14,8,36.46,7.55,-5.82,-35.22,19,0,-,28,0,8.82,11.34,3.19,0,24.92,0.84,0.13,3.14,308,0,0,13.33,4.5,-,8.82,11.34,24.92,0.84,177.3,137.76,39.54,-10.73,14.34,14.5,29
Mon Sep 26 06:38:52 GMT-03:00 2022,26-Sep-2022 06:38:52.419,-35.217016439622896,-5.815067697341306,0.0,8.0,36.44592798751886,7.551277160644531,-0.46,5.58,8.07,-0,12.94,0,0,0.02,-0.02,14.9,7.45,14.7,19.61,95,18.19,1011.37,14.65,635.1,1,294.46,221,0,63,-,32.16,26.67,746,19.61,8.27,1.18,52.16,-7.03,0.78,1.56,-,0.14,8,36.45,7.55,-5.82,-35.22,16,0,-,28,0,8.82,11.34,3.22,0,24.91,0.08,0.2,3.14,309,0,0,13.33,5,-,8.82,11.34,24.91,0.84,178.41,137.76,40.65,-10.64,14.38,14.6,29
Mon Sep 26 06:38:53 GMT-03:00 2022,26-Sep-2022 06:38:53.420,-35.217016439622896,-5.815067697341306,0.0,8.0,36.53354447205401,7.551277160644531,-0.49,5.59,8.17,0.01,12.94,0.01,-0.01,0.02,-0.01,14.9,7.45,14.7,19.61,95,18.06,1011.42,14.65,635.1,1,294.36,221,0,63,-,31.76,26.67,753,19.61,8.29,1.17,52.16,-7.03,3.91,4.69,-,0.14,8,36.53,7.55,-5.82,-35.22,22,0,-,28,0,8.82,11.34,3.19,0,24.9,0.1,0.76,3.14,311,0,0,13.33,4.5,-,8.82,11.34,24.9,0.84,179.39,137.76,41.62,-10.62,14.34,14.6,28
Mon Sep 26 06:38:54 GMT-03:00 2022,26-Sep-2022 06:38:54.419,-35.21703963948155,-5.815127199083244,0.3423272371292114,6.0,36.611157467911504,12.289090156555176,-0.51,5.31,8.34,0.01,12.94,0.01,-0.02,0,0,14.9,7.45,14.7,19.61,95,17.94,1011.44,14.65,635.1,1,292.05,221,0,63,-,31.37,26.27,771,19.61,8.31,1.18,51.76,-6.25,6.25,6.25,-,0.14,6,36.61,12.29,-5.82,-35.22,22,1.23,-,29,0,8.81,11.35,3.22,0,24.89,0.82,0.76,3.14,312,1.23,0,13.33,4.5,-,8.81,11.35,24.89,0.84,180.42,137.76,42.65,-10.62,14.34,14.5,28
Mon Sep 26 06:38:55 GMT-03:00 2022,26-Sep-2022 06:38:55.421,-35.217040431572165,-5.815129593113745,0.3732798993587494,6.0,36.56595827373572,12.737571716308594,-0.42,5.28,8.33,0,12.94,0,-0.01,0,0,14.9,7.45,14.7,19.61,95,17.82,1011.38,14.65,631.7,1,291.95,221,0,63,-,34.12,26.27,806.5,19.61,8.34,1.37,51.76,-7.03,3.12,6.25,-,0.14,6,36.57,12.74,-5.82,-35.22,22,1.34,-,29,0,8.81,11.35,3.74,0,24.89,0.82,0.76,3.14,313,1.34,0,13.33,4.5,-,8.81,11.35,24.89,0.84,181.4,137.76,43.64,-10.06,14.34,14.5,29
Mon Sep 26 06:38:56 GMT-03:00 2022,26-Sep-2022 06:38:56.419,-35.217040428303505,-5.815134127804332,0.2820243239402771,6.0,36.53079535111214,14.964524269104004,-0.4,5.54,8.11,-0,13.73,0,-0.01,0.02,-0.01,14.9,7.45,14.7,19.61,95,17.69,1011.4,14.65,631.7,1,294.07,221,0,63,-,39.61,30.98,771.5,19.61,8.36,1.52,52.16,-6.25,3.12,2.34,-,0.14,6,36.53,14.96,-5.82,-35.22,20,1.02,-,29,0,8.81,11.35,4.16,0,24.88,0.79,0.75,3.92,314,1.02,0,13.73,-1.5,-,8.81,11.35,24.88,0.84,182.36,137.76,44.6,-9.77,14.36,14.5,30
Mon Sep 26 06:38:57 GMT-03:00 2022,26-Sep-2022 06:38:57.422,-35.217040428303505,-5.815134127804332,0.0,6.0,36.45068455895508,14.964524269104004,-0.56,5.34,8.17,-0.01,13.73,0,-0.02,0,-0.01,14.9,7.45,14.7,19.61,95,17.69,1011.42,14.65,627.9,1,294.07,221,0,63,-,39.61,30.98,771.5,19.61,8.36,1.52,52.16,-5.47,-0.78,1.56,-,0.14,6,36.45,14.96,-5.82,-35.22,21,1.02,-,29,0,8.81,11.35,4.16,0,24.88,0.14,0.75,3.92,314,0,0,14.12,3,-,8.81,11.35,24.88,0.84,183.38,137.76,45.62,-9.77,14.3,14.5,30
Mon Sep 26 06:38:58 GMT-03:00 2022,26-Sep-2022 06:38:58.420,-35.217040428303505,-5.815134127804332,0.0,6.0,36.40323966836777,14.964524269104004,-0.51,5.41,8.25,0,13.73,0,-0.01,0.01,0,14.9,7.45,14.7,19.61,95,17.57,1011.43,14.65,627.9,1,293.97,221,0,63,-,39.61,32.94,787.5,19.61,8.41,1.49,52.16,-5.47,4.69,4.69,-,0.14,6,36.4,14.96,-5.82,-35.22,22,0,-,29,0,8.8,11.36,4.08,0,24.87,0.84,0.75,3.92,316,0,0,14.12,3,-,8.8,11.36,24.87,0.84,184.42,137.76,46.65,-9.64,14.3,14.5,31
Mon Sep 26 06:38:59 GMT-03:00 2022,26-Sep-2022 06:38:59.420,-35.217040428303505,-5.815134127804332,0.0,6.0,36.28412581503685,14.964524269104004,-0.49,5.36,8.15,-0.01,13.73,0,-0.01,0,-0.01,14.9,7.45,14.7,19.61,95,17.57,1011.44,14.65,625.4,1,296.09,221,0,63,-,39.61,32.94,780,19.61,8.44,1.47,52.55,-5.47,4.69,4.69,-,0.15,6,36.28,14.96,-5.82,-35.22,22,0,-,29,0,8.8,11.36,4.02,0,24.86,0.84,0.75,3.92,317,0,0,14.12,3,-,8.8,11.36,24.86,0.84,185.42,137.76,47.66,-9.82,14.3,14.5,31
Mon Sep 26 06:39:00 GMT-03:00 2022,26-Sep-2022 06:39:00.420,-35.217040428303505,-5.815134127804332,0.0,6.0,36.25776360187385,14.964524269104004,-0.53,5.33,8.16,-0.01,13.73,0,-0.01,0,0,14.9,7.45,14.7,19.61,95,17.46,1011.4,14.65,623.6,1,296.09,221,0,63,-,39.22,32.94,780,19.61,8.44,1.47,52.55,-5.47,0,-0.78,-,0.15,6,36.26,14.96,-5.82,-35.22,20,0,-,29,0,8.8,11.36,4.02,0,24.86,0.83,0.88,3.53,318,0,0,14.12,3.5,-,8.8,11.36,24.86,0.84,186.39,137.76,48.63,-9.82,14.34,14.5,31
Mon Sep 26 06:39:01 GMT-03:00 2022,26-Sep-2022 06:39:01.421,-35.217040428303505,-5.815134127804332,0.0,6.0,36.1968474931315,14.964524269104004,-0.33,5.36,8.2,-0,13.73,0,0,0,0,14.9,7.45,14.7,19.61,95,17.34,1011.39,14.65,623.6,1,295.99,221,0,63,-,39.22,32.94,770,19.61,8.46,1.45,52.55,-5.47,-3.91,-4.69,-,0.15,6,36.2,14.96,-5.82,-35.22,21,0,-,29,0,8.8,11.37,3.97,0,24.85,0.74,0.88,3.53,318,0,0,13.73,3.5,-,8.8,11.37,24.85,0.84,187.43,137.76,49.67,-9.83,14.16,14.3,31
Mon Sep 26 06:39:02 GMT-03:00 2022,26-Sep-2022 06:39:02.427,-35.217040428303505,-5.815134127804332,0.05013984814286232,6.0,36.23348027171537,19.5365047454834,-0.5,5.46,8.28,0.01,13.73,0,0,0.01,0,14.9,7.45,14.7,19.61,95,17.23,1011.4,14.65,621.3,1,295.9,221,0,64,-,40,32.94,748,19.61,8.49,1.45,52.55,-5.47,-3.12,-2.34,-,0.15,6,36.23,19.54,-5.82,-35.22,20,0,-,29,0,8.8,11.37,3.97,0,24.85,0.09,0.87,3.53,319,0.18,0,14.12,3.5,-,8.8,11.37,24.85,0.84,188.41,137.76,50.64,-9.77,14.36,14.5,32
Mon Sep 26 06:39:03 GMT-03:00 2022,26-Sep-2022 06:39:03.420,-35.217040428303505,-5.815134127804332,0.06459582597017288,6.0,36.28882137111595,19.538034439086914,-0.5,5.43,8.26,0.01,13.73,0,-0.01,0.01,0,14.9,7.45,14.7,19.61,95,17.11,1011.42,14.65,621.3,1,295.8,221,0,64,-,39.22,32.94,785.5,19.61,8.52,1.47,52.55,-6.25,0.78,0.78,-,0.15,6,36.29,19.54,-5.82,-35.22,20,0.23,-,29,0,8.79,11.37,4.02,0,24.84,0.78,0.85,3.53,320,0.23,0,13.33,-1,-,8.79,11.37,24.84,0.84,189.33,137.76,51.57,-9.56,14.4,14.5,32
Mon Sep 26 06:39:04 GMT-03:00 2022,26-Sep-2022 06:39:04.420,-35.217040428303505,-5.815134127804332,0.04586894437670708,6.0,36.29684252936574,19.5391845703125,-0.49,5.45,8.29,0.01,12.94,0,-0.01,0.01,0,14.9,7.45,14.7,19.61,95,17,1011.4,14.65,620.2,1,295.71,221,0,64,-,30.59,26.67,771.5,19.61,8.54,1.1,52.55,-6.25,-2.34,-3.12,-,0.15,6,36.3,19.54,-5.82,-35.22,19,0.17,-,29,0,8.79,11.38,3.02,0,24.83,0.84,0.83,3.14,322,0.17,0,13.33,6,-,8.79,11.38,24.83,0.84,190.4,137.76,52.63,-11.01,14.22,14.5,30
Mon Sep 26 06:39:05 GMT-03:00 2022,26-Sep-2022 06:39:05.422,-35.217040428303505,-5.815134127804332,0.04364369064569473,6.0,36.37018422827775,19.538822174072266,-0.55,5.89,7.9,0,12.94,0,0,0.05,-0.04,14.9,7.45,14.7,19.61,95,16.89,1011.4,14.65,620.2,1,300.03,221,0,64,-,32.16,26.27,752.5,19.61,8.56,1.14,53.33,-7.03,-5.47,-3.12,-,0.15,6,36.37,19.54,-5.82,-35.22,20,0.16,-,29,0,8.79,11.38,3.13,0,24.82,0.84,0.83,3.14,323,0.16,0,13.33,5,-,8.79,11.38,24.82,0.84,191.39,137.76,53.63,-10.81,14.3,14.6,29
Mon Sep 26 06:39:06 GMT-03:00 2022,26-Sep-2022 06:39:06.419,-35.217040428303505,-5.815134127804332,0.11546611785888672,6.0,36.38639286231504,19.528711318969727,-0.21,5.96,7.97,0.01,12.94,0.01,-0.01,0.07,-0.03,16.86,8.63,14.7,19.61,95,16.79,1011.42,14.65,618.7,1,299.94,221,0,64,0.35,32.16,27.06,779.5,19.61,8.58,1.18,53.33,-7.03,-5.47,-3.91,-,0.15,6,36.39,19.53,-5.82,-35.22,20,1.58,0.46,29,0,8.78,11.38,3.24,0,24.81,0.31,0.82,3.14,324,0.42,2,13.33,5,4.23,8.78,11.38,24.81,0.84,192.42,137.81,54.61,-10.57,14.3,14.5,29
Mon Sep 26 06:39:07 GMT-03:00 2022,26-Sep-2022 06:39:07.419,-35.21705311580393,-5.81515187355295,0.3390061557292938,6.0,36.277820951235825,19.516643524169922,-0.52,6.41,7.6,0.01,13.73,0.03,-0.02,0.12,-0.05,23.53,12.16,14.7,19.61,95,16.79,1011.4,14.65,618.7,1,293.23,221,0,64,0.35,31.76,36.86,1289,19.61,8.63,2.49,52.16,-6.25,-0.78,0,-,0.15,6,36.28,19.52,-5.82,-35.22,22,1.58,0.46,29,0.8,8.73,11.45,6.8,2.27,24.67,0.09,0.84,3.92,325,1.22,2,13.33,7.5,4.23,8.73,11.45,24.67,0.84,193.41,138.8,54.61,-6.39,14.28,14.6,35
Mon Sep 26 06:39:08 GMT-03:00 2022,26-Sep-2022 06:39:08.420,-35.217049269027335,-5.815141507146244,1.785398006439209,6.0,36.328238198716505,19.385915756225586,-0.43,6.28,7.62,0,16.08,0,0,0.08,-0.06,25.1,12.94,14.7,19.61,95,16.72,1011.39,14.65,616.5,1,293.23,221,0,64,1.57,41.96,35.29,1289,19.61,8.63,2.49,52.16,-4.69,3.12,4.69,-,0.15,6,36.33,19.39,-5.82,-35.22,22,3.78,2.11,29,0.8,8.73,11.45,6.8,2.27,24.67,0.1,0.83,6.27,325,6.43,5,16.47,19.5,11.63,8.73,11.45,24.67,0.84,194.41,139.8,54.61,-6.39,14.36,14.6,35
Mon Sep 26 06:39:09 GMT-03:00 2022,26-Sep-2022 06:39:09.420,-35.21704194725063,-5.815127492587545,2.393756628036499,6.0,36.50947538517384,19.038558959960938,-0.56,6.81,7.48,0.03,18.04,0.02,-0.02,0.12,-0.06,27.45,14.12,14.7,19.61,95,16.67,1011.43,14.65,615,1,289.32,221,0,64,3.1,40.78,35.29,1556,19.61,8.69,3.1,51.76,-3.91,-0.78,-2.34,-,0.15,6,36.51,19.04,-5.82,-35.22,22,2.57,4.16,29,1.62,8.69,11.51,8.47,4.56,24.54,0.69,0.81,8.24,326,8.62,9,17.25,23,19.02,8.69,11.51,24.54,0.84,195.41,140.8,54.61,-8.43,14.3,14.6,37
Mon Sep 26 06:39:10 GMT-03:00 2022,26-Sep-2022 06:39:10.423,-35.21703146384787,-5.815103642839387,3.259357452392578,4.0,36.34766038820844,18.85693359375,-0.47,5.56,7.91,-0.02,18.04,0.01,-0.05,0.07,-0.03,27.45,14.12,14.7,19.61,95,16.65,1011.41,14.65,615,1,287.81,221,0,64,7.17,55.69,43.53,1936,19.61,8.78,5.19,51.76,-3.91,-0.78,-3.12,-,0.15,4,36.35,18.86,-5.82,-35.22,27,2.27,9.61,29,1.74,8.64,11.57,14.19,4.9,24.42,0.82,0.8,6.27,327,11.73,14,18.82,18.5,35.35,8.64,11.57,24.42,0.84,196.4,141.79,54.61,-6.02,14.34,14.5,42
Mon Sep 26 06:39:11 GMT-03:00 2022,26-Sep-2022 06:39:11.442,-35.21701759945177,-5.81506877214431,4.41915225982666,4.0,36.295831611522125,19.156705856323242,-0.39,6.16,7.91,0.02,16.08,0.02,0,0.08,-0.03,14.9,7.84,14.7,19.61,95,16.65,1011.44,14.65,615,1,282,221,0,64,2.84,30.2,32.16,1545.5,19.61,8.82,2.21,50.98,-3.91,-8.59,-7.03,-,0.15,4,36.3,19.16,-5.82,-35.22,19,0.09,3.8,29,6.33,8.63,11.59,6.05,17.89,24.37,0.06,0.87,6.27,329,15.91,16,19.61,22.5,17.52,8.63,11.59,24.37,0.86,197.38,142.77,54.61,-11.69,14.26,14.6,37
Mon Sep 26 06:39:12 GMT-03:00 2022,26-Sep-2022 06:39:12.421,-35.217003806637734,-5.815028497249628,4.803054332733154,4.0,36.39685801097959,19.66939353942871,-0.28,6.21,7.1,-0.04,20,0.01,-0.01,0.09,-0.05,26.67,13.73,14.7,19.61,95,16.66,1011.4,14.65,614.5,1,281.53,221,0,64,4.46,54.51,49.8,1988,19.61,8.94,5.38,50.98,-3.91,-8.59,-7.03,-,0.15,4,36.4,19.67,-5.82,-35.22,23,1.71,5.97,29,2.97,8.59,11.64,14.72,8.4,24.27,0.06,0.87,10.2,330,17.29,19,19.61,22.5,21.4,8.59,11.64,24.27,0.86,198.4,143.79,54.61,-5.64,14.26,14.6,43
Mon Sep 26 06:39:13 GMT-03:00 2022,26-Sep-2022 06:39:13.420,-35.21698763847481,-5.814987162041334,5.210507869720459,4.0,36.698410978189074,19.94932746887207,-0.33,5.58,8.41,0.03,16.86,0.01,-0.02,0.03,-0.01,14.9,7.45,14.7,19.61,95,16.69,1011.4,14.65,616.5,1,280.37,221,0,64,4.46,35.69,38.43,1685,19.61,8.99,2.74,50.98,-3.91,-6.25,-3.91,-,0.15,4,36.7,19.95,-5.81,-35.22,22,2.24,5.97,28,6.94,8.58,11.65,7.49,19.61,24.24,0.14,0.8,8.63,331,18.76,21,19.61,18.5,21.4,8.58,11.65,24.24,0.86,199.41,144.8,54.61,-11.1,14.32,14.5,38
Mon Sep 26 06:39:14 GMT-03:00 2022,26-Sep-2022 06:39:14.420,-35.21697011822879,-5.814937798169396,5.7379560470581055,6.0,36.957808198420345,20.101593017578125,-0.34,5.52,8.05,-0.01,14.9,0.02,0.01,0.05,0,22.35,11.37,14.7,19.61,95,16.69,1011.44,14.65,616.5,1,280.37,221,0,64,4.46,35.69,30.2,1685,19.61,8.99,2.74,50.98,-4.69,-7.81,-10.16,-,0.15,6,36.96,20.1,-5.81,-35.22,23,2.24,5.97,28,6.94,8.58,11.65,7.49,19.61,24.24,0.86,0.78,5.1,332,20.66,21,15.29,3.5,21.4,8.58,11.65,24.24,0.86,200.4,145.79,54.61,-11.1,14.28,14.5,38
Mon Sep 26 06:39:15 GMT-03:00 2022,26-Sep-2022 06:39:15.420,-35.21695242694859,-5.814889623666179,5.949889659881592,6.0,36.8545241122932,20.174943923950195,-0.62,5.29,8.36,0.01,13.33,0.03,0,0.02,0.01,14.9,7.45,14.7,19.61,95,16.72,1011.45,14.65,618.3,1,277.87,221,0,64,2.01,35.29,24.31,1400.5,19.61,9.04,2.51,50.59,-4.69,-9.38,-7.81,-,0.16,6,36.85,20.17,-5.81,-35.22,21,0.34,2.7,28,8.38,8.58,11.65,6.86,23.66,24.24,0.07,0.77,3.14,332,21.42,21,14.51,1.5,13.73,8.58,11.65,24.24,0.87,201.39,146.78,54.61,-10.81,14.28,14.6,35
Mon Sep 26 06:39:16 GMT-03:00 2022,26-Sep-2022 06:39:16.420,-35.21693486650131,-5.814841049962966,5.72814416885376,6.0,36.75660195710693,19.852676391601562,-0.47,5.6,8.43,0.03,13.33,0,-0.01,0,-0.01,14.9,7.45,14.7,19.61,95,16.74,1011.4,14.65,618.6,1,277.83,221,0,64,2.01,21.18,24.31,1122.5,19.61,9.06,1.07,50.59,-7.03,-10.16,-10.94,-,0.16,6,36.76,19.85,-5.81,-35.22,22,0.62,2.7,29,19.54,8.65,11.56,2.94,55.21,24.43,0.84,0.77,3.14,333,20.62,20,12.55,6.5,13.73,8.65,11.56,24.43,0.87,202.42,147.81,54.61,-12.67,14.3,14.5,30
Mon Sep 26 06:39:17 GMT-03:00 2022,26-Sep-2022 06:39:17.421,-35.21691663621752,-5.814796588199945,5.540786266326904,6.0,37.603403981985785,19.639577865600586,-0.23,6.12,7.47,-0.02,12.16,0.02,-0.01,0.06,-0.02,14.9,10.59,14.7,19.61,95,16.75,1011.43,14.65,618.6,1,280.02,221,0,64,2.01,44.31,18.82,1026,19.61,9.12,3.75,50.59,-3.91,-8.59,-7.81,-,0.16,6,37.6,19.64,-5.81,-35.22,22,0.95,2.7,29,5.33,8.63,11.59,10.27,15.05,24.37,0.05,0.77,2.35,335,19.95,19,17.65,19.5,13.73,8.63,11.59,24.37,0.88,203.26,148.65,54.61,-5.99,14.3,14.5,37
Mon Sep 26 06:39:18 GMT-03:00 2022,26-Sep-2022 06:39:18.419,-35.216898420938065,-5.814748434912139,5.576788902282715,6.0,37.62993303567218,19.507932662963867,-0.52,6.27,7.36,-0.02,17.25,0,0.02,0.08,-0.06,23.53,12.16,14.7,19.61,95,16.78,1011.45,14.65,618.6,1,279.36,221,0,65,3.74,49.8,38.82,1761,19.61,9.2,4.24,50.59,-3.91,-0.78,-7.81,-,0.16,6,37.63,19.51,-5.81,-35.22,21,0.92,5.01,28,4.48,8.6,11.62,11.61,12.65,24.3,0.05,0.77,7.45,336,20.08,21,19.22,18.5,20.27,8.6,11.62,24.3,0.88,204.39,149.78,54.61,-3.94,14.3,14.6,46
Mon Sep 26 06:39:19 GMT-03:00 2022,26-Sep-2022 06:39:19.420,-35.2168787811951,-5.814696275221858,6.0339741706848145,6.0,37.41177983950896,19.380529403686523,0.11,6.14,7.7,0,19.22,0.04,-0.01,0.12,-0.03,27.06,13.73,14.7,19.61,95,16.82,1011.43,14.65,619.5,1,278.55,221,0,65,6.19,49.8,51.37,1602.5,19.61,9.28,4.28,50.59,-3.91,-0.78,1.56,-,0.16,6,37.41,19.38,-5.81,-35.22,23,2.28,8.3,28,4.9,8.58,11.65,11.72,13.85,24.24,0.05,0.4,9.41,337,21.72,24,19.22,18.5,36.9,8.58,11.65,24.24,0.89,205.43,150.82,54.61,-8.37,14.26,14.6,45
Mon Sep 26 06:39:20 GMT-03:00 2022,26-Sep-2022 06:39:20.420,-35.21685761684045,-5.814638940936234,6.679242134094238,6.0,37.42575275427279,19.17368507385254,0.6,5.5,8.46,0.03,14.51,0.02,-0.03,0.01,0.01,14.9,7.45,14.7,19.61,95,16.82,1011.4,14.65,620.9,1,278.55,221,0,65,6.19,53.33,24.71,1602.5,19.61,9.28,4.28,50.2,-3.91,8.59,10.16,-,0.16,6,37.43,19.17,-5.81,-35.22,21,2.28,8.3,28,4.9,8.58,11.65,11.72,13.85,24.24,0.09,0.1,4.71,338,24.05,24,17.65,-1.5,36.9,8.58,11.65,24.24,0.89,206.41,151.8,54.61,-8.37,14.3,14.5,45
Mon Sep 26 06:39:21 GMT-03:00 2022,26-Sep-2022 06:39:21.419,-35.216835928463226,-5.814578631139422,6.946561336517334,6.0,37.42948744332776,19.36033821105957,-0.23,4.97,8.57,0.01,12.55,0,0.11,0,0,14.9,7.45,14.7,19.61,95,16.86,1011.41,14.65,620.9,1,275.67,221,0,65,6.19,21.18,16.08,1386.5,19.61,9.31,1.29,50.2,-7.03,5.47,5.47,-,0.16,6,37.43,19.36,-5.81,-35.22,22,0.05,8.3,28,18.66,8.64,11.57,3.52,52.7,24.41,0.89,0.12,2.75,338,25.01,24,13.33,1.5,36.9,8.64,11.57,24.41,0.9,207.4,152.8,54.61,-12.58,14.36,14.6,37
Mon Sep 26 06:39:22 GMT-03:00 2022,26-Sep-2022 06:39:22.422,-35.21681390650511,-5.814520796095065,6.641000270843506,4.0,37.281382235611545,19.664024353027344,0.12,5.39,8.43,0.02,12.55,0,0.05,0.02,-0.02,14.9,7.45,14.7,19.61,95,16.89,1011.4,14.65,621.5,1,277.62,221,0,65,6.19,20.39,18.04,915,19.61,9.32,0.96,50.2,-7.03,2.34,1.56,-,0.16,4,37.28,19.66,-5.81,-35.22,22,3.01,8.3,29,24.97,8.74,11.44,2.63,70.53,24.69,0.89,0.12,2.35,339,23.91,22,12.94,20,36.9,8.74,11.44,24.69,0.9,208.43,153.82,54.61,-12.86,14.32,14.6,31
Mon Sep 26 06:39:23 GMT-03:00 2022,26-Sep-2022 06:39:23.421,-35.21679460215854,-5.814469164694935,6.271764278411865,4.0,37.58527917379403,19.80514907836914,0.7,5.23,6.51,-0.15,12.55,-0.03,0.02,0.02,-0.06,14.9,7.45,14.7,19.61,95,16.92,1011.39,14.65,621.5,1,280.76,221,0,65,-,36.47,18.04,1075,19.61,9.37,2.58,50.2,-7.03,-2.34,0.78,-,0.16,4,37.59,19.81,-5.81,-35.22,21,1.58,-,29,8.54,8.74,11.44,7.05,24.12,24.68,0.06,0.14,2.35,340,22.58,21,17.25,22.5,-,8.74,11.44,24.68,0.91,209.43,154.82,54.61,-7.36,14.3,14.6,35
Mon Sep 26 06:39:24 GMT-03:00 2022,26-Sep-2022 06:39:24.418,-35.21677619014415,-5.8144168221509895,6.073721408843994,4.0,37.610807496080135,19.343299865722656,0.1,6.76,6.71,-0.03,16.86,-0.12,0.03,-0.06,-0.11,23.92,12.16,14.7,19.61,95,16.95,1011.45,14.65,621.2,1,280.72,221,0,65,1.76,56.47,38.04,1867,19.61,9.49,5.45,50.2,-3.91,3.91,0.78,-,0.16,4,37.61,19.34,-5.81,-35.22,20,0.13,2.36,29,3.85,8.71,11.48,14.91,10.89,24.6,0.06,0.14,7.06,342,21.87,22,21.57,20,9.01,8.71,11.48,24.6,0.91,210.4,155.8,54.61,-1.52,14.28,14.5,49
Mon Sep 26 06:39:25 GMT-03:00 2022,26-Sep-2022 06:39:25.418,-35.21675575792672,-5.814360492342508,6.744647979736328,4.0,37.60635776320451,19.300464630126953,-0.73,6.67,6.98,-0.02,21.18,0.02,0.05,0.12,-0.06,27.84,14.51,14.7,19.61,95,16.99,1011.4,14.65,621.2,1,279.79,221,0,65,7.17,63.14,53.33,1769,19.61,9.59,5.48,50.2,-3.12,2.34,2.34,-,0.17,4,37.61,19.3,-5.81,-35.22,18,0.72,9.61,29,4.02,8.68,11.52,14.99,11.34,24.52,0.78,0.16,11.37,343,24.28,25,21.57,20,38.7,8.68,11.52,24.52,0.92,211.41,156.8,54.61,-7.05,14.28,14.6,49
Mon Sep 26 06:39:26 GMT-03:00 2022,26-Sep-2022 06:39:26.420,-35.21673373151453,-5.814297864414082,7.448524475097656,4.0,37.35839538690721,19.524749755859375,-0.34,6.11,8.1,0.03,20.78,0,0,0.11,-0.08,27.45,14.12,14.7,19.61,95,16.99,1011.34,14.65,623.8,1,276.72,221,0,66,7.17,63.14,58.82,1769,19.61,9.68,5,49.8,-3.12,2.34,3.12,-,0.17,4,37.36,19.52,-5.81,-35.22,25,0.72,9.61,28,5,8.66,11.55,13.69,14.11,24.46,0.65,0.17,10.98,344,26.81,25,20.78,18,38.7,8.66,11.55,24.46,0.92,212.39,157.78,54.61,-7.35,14.26,14.5,49
Mon Sep 26 06:39:27 GMT-03:00 2022,26-Sep-2022 06:39:27.418,-35.2167108071943,-5.814230987109788,7.986044406890869,4.0,37.183160366218786,19.63420295715332,-0.23,5.67,7.71,-0.03,17.25,0.06,0.05,0.13,-0.02,21.96,11.37,14.7,19.61,95,17.05,1011.34,14.65,626.5,1,276.72,221,0,66,5.05,65.1,42.35,1534.5,19.61,9.68,5,49.8,-3.91,0,3.12,-,0.17,4,37.18,19.63,-5.81,-35.22,22,0.19,6.77,28,5,8.66,11.55,13.69,14.11,24.46,0.08,0.17,7.06,344,28.75,27,18.82,18,31.43,8.66,11.55,24.46,0.93,213.4,158.79,54.61,-7.35,14.22,14.4,49
Mon Sep 26 06:39:28 GMT-03:00 2022,26-Sep-2022 06:39:28.418,-35.216687649807554,-5.814165521566573,8.117485046386719,4.0,36.709389954682486,19.685091018676758,-0.18,5.47,8.63,0.04,14.9,0,-0.04,0,0,17.65,8.24,14.7,19.61,95,17.12,1011.32,14.65,626.5,1,276.04,221,0,66,2.38,43.14,42.35,1422,19.61,9.75,2.99,49.8,-3.91,5.47,4.69,-,0.17,4,36.71,19.69,-5.81,-35.22,23,1.22,3.19,28,9.02,8.66,11.54,8.19,25.48,24.47,0.81,0.17,5.1,345,29.22,28,15.69,21,15.97,8.66,11.54,24.47,0.94,214.39,159.78,54.61,-9.61,14.34,14.6,46
Mon Sep 26 06:39:29 GMT-03:00 2022,26-Sep-2022 06:39:29.418,-35.21666277873121,-5.814101142204991,7.919081687927246,4.0,36.87623713998375,19.732288360595703,-0.52,5.51,7.9,-0.02,14.9,-0.02,0.02,0.02,-0.04,17.65,8.24,14.7,19.61,95,17.17,1011.32,14.65,626.5,1,273.93,221,0,66,2.38,23.53,28.63,939,19.61,9.76,0.95,49.41,-3.91,0,-0.78,-,0.17,4,36.88,19.73,-5.81,-35.22,22,1.51,3.19,28,29.35,8.78,11.39,2.61,82.92,24.81,0.89,0.17,5.1,347,28.51,27,16.08,18.5,15.97,8.78,11.39,24.81,0.95,215.42,160.81,54.61,-12.92,14.34,14.6,37
Mon Sep 26 06:39:30 GMT-03:00 2022,26-Sep-2022 06:39:30.419,-35.21664023794795,-5.814040233057297,7.5185933113098145,4.0,36.874968174792905,19.98929214477539,-0.37,6.35,7.86,0.03,18.04,-0.14,-0.02,-0.01,-0.16,23.53,12.16,14.7,19.61,95,17.22,1011.32,14.65,628.4,1,277.71,221,0,66,2.38,49.41,43.14,1681.5,19.61,9.84,4.09,49.41,-3.91,1.56,-0.78,-,0.17,4,36.87,19.99,-5.81,-35.22,23,1.07,3.19,28,6.6,8.77,11.4,11.19,18.65,24.77,0.89,0.17,7.84,348,27.07,26,18.43,21.5,15.97,8.77,11.4,24.77,0.95,216.29,161.68,54.61,-3.41,14.34,14.6,47
Mon Sep 26 06:39:31 GMT-03:00 2022,26-Sep-2022 06:39:31.417,-35.21661664433302,-5.813978854683379,7.498289108276367,4.0,36.94131532312945,20.27385139465332,0.25,5.59,8.05,-0,14.51,0.06,-0.02,0.05,0.04,16.08,8.63,14.7,19.61,95,17.27,1011.33,14.65,628.4,1,277.32,221,0,66,-,23.92,26.27,1348,19.61,9.86,1.35,49.41,-3.91,0,3.91,-,0.17,4,36.94,20.27,-5.81,-35.22,23,0.99,-,28,19.28,8.83,11.33,3.69,54.46,24.94,0.28,0.19,5.49,349,26.99,26,18.43,21.5,-,8.83,11.33,24.94,0.96,217.39,162.78,54.61,-12.58,14.34,14.5,39
Mon Sep 26 06:39:32 GMT-03:00 2022,26-Sep-2022 06:39:32.417,-35.216593282152246,-5.813918032932168,7.499690532684326,4.0,37.055747131857636,20.401947021484375,-0.01,6.11,7.96,0.02,16.08,0.02,0.01,0.06,-0.01,22.35,11.76,14.7,19.61,95,17.27,1011.28,14.65,629.6,1,277.32,221,0,66,-,23.92,31.76,1348,19.61,9.86,1.35,49.41,-4.69,0,-0.78,-,0.17,4,37.06,20.4,-5.81,-35.22,20,0.99,-,28,19.28,8.83,11.33,3.69,54.46,24.94,0.89,0.19,5.88,350,27,26,15.29,24.5,-,8.83,11.33,24.94,0.96,218.37,163.76,54.61,-12.58,14.3,14.6,39
Mon Sep 26 06:39:33 GMT-03:00 2022,26-Sep-2022 06:39:33.417,-35.21656847419981,-5.813855427189711,7.453248977661133,4.0,37.23503139086663,20.365642547607422,-0.62,6.16,7.98,0.03,17.25,0,-0.07,0.04,-0.02,20.39,10.59,14.7,19.61,95,17.32,1011.26,14.65,630.3,1,279.21,221,0,66,-,45.1,39.61,1709.5,19.61,9.94,3.86,49.41,-3.91,3.12,4.69,-,0.17,4,37.24,20.37,-5.81,-35.22,25,1,-,28,6.74,8.82,11.34,10.55,19.05,24.91,0.16,0.22,7.06,350,26.83,26,18.04,22.5,-,8.82,11.34,24.91,0.97,219.42,164.81,54.61,-7.27,14.28,14.5,42
Mon Sep 26 06:39:34 GMT-03:00 2022,26-Sep-2022 06:39:34.417,-35.21654309144099,-5.813791235500881,7.674257278442383,4.0,37.47640147303571,19.53545379638672,-0.54,5.73,8.4,0.04,12.94,0.02,-0.05,0.01,0,17.25,7.45,14.7,19.61,95,17.38,1011.26,14.65,630.3,1,278.84,221,0,66,2.86,32.94,18.04,1459,19.61,9.98,2.33,49.41,-4.69,-0.78,-1.56,-,0.17,4,37.48,19.54,-5.81,-35.22,25,0.17,3.84,28,11.15,8.83,11.32,6.38,31.5,24.94,0.87,0.62,3.53,351,27.63,27,14.51,6.5,18.73,8.83,11.32,24.94,0.97,220.42,165.81,54.61,-11.13,14.34,14.5,37
Mon Sep 26 06:39:35 GMT-03:00 2022,26-Sep-2022 06:39:35.419,-35.216519059522895,-5.813726632904681,7.701487064361572,4.0,37.63640626851711,19.099103927612305,-0.07,5.34,8.09,-0.01,12.94,0.03,0,0.01,0.02,17.25,7.45,14.7,19.61,95,17.42,1011.27,14.65,630.9,1,277.04,221,0,66,2.86,21.18,18.04,1170.5,19.61,10,1.22,49.02,-6.25,-5.47,-5.47,-,0.17,4,37.64,19.1,-5.81,-35.22,24,1.73,3.84,28,22.19,8.91,11.23,3.33,62.67,25.16,0.88,0.71,3.14,352,27.73,26,13.33,12,18.73,8.91,11.23,25.16,0.98,221.4,166.8,54.61,-12.5,14.3,14.5,31
Mon Sep 26 06:39:36 GMT-03:00 2022,26-Sep-2022 06:39:36.418,-35.2164936097575,-5.813661576795453,7.494557857513428,4.0,37.800928452064745,19.571142196655273,-0.37,5.49,8.04,-0.01,12.94,0.01,0.01,0.02,0,14.9,7.45,14.7,19.61,95,17.47,1011.28,14.65,630.9,1,279.39,221,0,66,2.86,20.78,17.65,1071,19.61,10.02,1.13,49.02,-7.03,-7.81,-9.38,-,0.17,4,37.8,19.57,-5.81,-35.22,23,0.98,3.84,28,23.1,8.98,11.13,3.08,65.25,25.38,0.63,0.88,3.14,353,26.98,26,13.33,28.5,18.73,8.98,11.13,25.38,0.98,222.34,167.73,54.61,-12.17,14.26,14.5,28
Mon Sep 26 06:39:37 GMT-03:00 2022,26-Sep-2022 06:39:37.417,-35.21647084501054,-5.81360242149219,7.148852825164795,4.0,37.64357699392735,20.01361656188965,-0.43,4.79,8.1,-0.04,12.94,-0.01,-0.01,-0.04,0,14.9,7.45,14.7,19.61,95,17.51,1011.27,14.65,630.3,1,284.14,221,0,66,-,23.92,18.82,971.5,19.61,10.04,1.09,49.41,-7.03,-5.47,-5.47,-,0.17,4,37.64,20.01,-5.81,-35.22,23,1.74,-,29,23.79,9.07,11.03,2.99,67.21,25.61,0.08,0.87,2.75,355,25.74,24,13.33,6.5,-,9.07,11.03,25.61,0.99,223.42,168.82,54.61,-12.02,14.3,14.5,25
Mon Sep 26 06:39:38 GMT-03:00 2022,26-Sep-2022 06:39:38.418,-35.21645007138309,-5.813546427515712,6.785904884338379,4.0,37.6058362526228,20.05246353149414,-0.19,5.58,8.31,0.02,12.94,0,-0.01,0.01,0,14.9,7.45,14.7,19.61,95,17.53,1011.25,14.65,630.3,1,286.74,221,0,66,-,27.06,20.39,960,19.61,10.07,1.31,49.41,-6.25,-2.34,-1.56,-,0.17,4,37.61,20.05,-5.81,-35.22,23,3.43,-,29,18.34,9.12,10.97,3.58,51.82,25.76,0.09,0.85,2.75,356,24.43,21,13.73,0.5,-,9.12,10.97,25.76,1,224.34,169.73,54.61,-11.16,14.28,14.5,25
Mon Sep 26 06:39:39 GMT-03:00 2022,26-Sep-2022 06:39:39.417,-35.21643063984745,-5.8134962876222,6.069709777832031,4.0,37.60936513002406,20.01046371459961,-0.27,5.65,8.52,0.04,12.94,0,0,0.01,-0.01,19.22,7.45,14.7,19.61,95,17.54,1011.29,14.65,630.3,1,288.36,221,0,66,-,33.33,24.71,971,19.61,10.09,1.61,49.41,-5.47,0.78,1.56,-,0.17,4,37.61,20.01,-5.81,-35.22,23,1.85,-,29,13.03,9.14,10.94,4.41,36.81,25.82,0.15,0.83,3.14,357,21.85,20,14.12,2,-,9.14,10.94,25.82,1,225.41,170.8,54.61,-10.3,13.86,14.2,26
Mon Sep 26 06:39:40 GMT-03:00 2022,26-Sep-2022 06:39:40.417,-35.21641125807436,-5.813445594738317,5.813857078552246,4.0,37.70609997479926,20.037721633911133,-0.12,5.67,7.88,-0.01,12.94,-0.02,0.01,0,-0.03,19.22,9.8,14.7,19.61,95,17.55,1011.24,14.65,630.3,1,291.33,221,0,66,-,34.51,25.88,1424,19.61,10.13,2.33,49.8,-5.47,-3.91,1.56,-,0.17,4,37.71,20.04,-5.81,-35.22,23,0.93,-,29,8.58,9.14,10.94,6.38,24.23,25.81,0.15,0.83,3.14,358,20.93,20,16.08,23,-,9.14,10.94,25.81,1,226.39,171.78,54.61,-8.43,13.86,14.2,30
Mon Sep 26 06:39:41 GMT-03:00 2022,26-Sep-2022 06:39:41.417,-35.21639180217217,-5.813396896113075,5.717512130737305,4.0,37.74791481641729,20.07969093322754,-0.59,6.27,7.32,-0.02,15.69,0.02,0,0.07,-0.02,21.57,10.98,14.7,19.61,95,17.57,1011.28,14.65,628.1,1,291.23,221,0,66,-,54.12,30.98,1582.5,19.61,10.21,4.43,49.8,-3.91,0,-5.47,-,0.18,4,37.75,20.08,-5.81,-35.22,22,0.58,-,29,4.52,9.11,10.97,12.11,12.77,25.74,0.1,0.81,5.88,359,20.58,20,19.61,21,-,9.11,10.97,25.74,1.01,227.42,172.81,54.61,-6.6,14.34,14.5,36
Mon Sep 26 06:39:42 GMT-03:00 2022,26-Sep-2022 06:39:42.418,-35.21637312542682,-5.813348314644262,5.844468116760254,4.0,37.72705060540526,20.09817123413086,-0.26,5.55,7.67,-0.04,19.61,0.07,-0.02,0.12,0,22.35,11.37,14.7,19.61,95,17.57,1011.3,14.65,628.1,1,290.43,221,0,66,-,54.12,46.67,1663.5,19.61,10.29,3.9,49.8,-3.12,0,2.34,-,0.18,4,37.73,20.1,-5.81,-35.22,23,0.58,-,29,5.13,9.09,11,10.66,14.5,25.68,0.09,0.82,9.41,360,21.04,20,19.61,21,-,9.09,11,25.68,1.01,228.39,173.78,54.61,-8.27,14.3,14.6,38
Mon Sep 26 06:39:43 GMT-03:00 2022,26-Sep-2022 06:39:43.417,-35.216354582196765,-5.813294942441006,6.374356269836426,4.0,37.77777459587969,20.00648307800293,-0.79,5.35,8.66,0.04,14.9,0,-0.01,0.04,-0.02,16.86,8.63,14.7,19.61,95,17.6,1011.27,14.65,626.6,1,290.43,221,0,66,6.22,46.67,26.67,1663.5,19.61,10.29,3.9,49.8,-3.91,0.78,-0.78,-,0.18,4,37.78,20.01,-5.81,-35.22,24,1.96,8.34,28,5.13,9.09,11,10.66,14.5,25.68,0.75,0.78,5.1,360,22.95,23,16.86,6,35.69,9.09,11,25.68,1.02,229.31,174.7,54.61,-8.27,14.3,14.6,38
Mon Sep 26 06:39:44 GMT-03:00 2022,26-Sep-2022 06:39:44.418,-35.216333469987106,-5.813239716138074,6.643825531005859,4.0,37.77083460577681,19.85024070739746,-0.75,5.56,8.59,0.04,14.12,-0.07,0,0,-0.09,20.78,8.63,14.7,19.61,95,17.63,1011.25,14.65,626.6,1,289.75,221,0,66,6.22,23.92,26.67,1414.5,19.61,10.32,1.58,49.8,-4.69,-6.25,-7.03,-,0.18,4,37.77,19.85,-5.81,-35.22,26,0.92,8.34,28,14.53,9.12,10.97,4.33,41.06,25.76,0.67,0.76,4.31,361,23.92,23,13.73,29,35.69,9.12,10.97,25.76,1.02,230.42,175.81,54.61,-12.19,14.4,14.6,32
Mon Sep 26 06:39:45 GMT-03:00 2022,26-Sep-2022 06:39:45.420,-35.21631365956994,-5.813183523066162,6.683783054351807,4.0,37.73202664178759,19.91714859008789,-0.6,5.55,8.15,0,14.12,0,0,0.04,-0.02,20.78,10.59,14.7,19.61,95,17.65,1011.28,14.65,626.6,1,290.68,221,0,66,6.22,27.06,22.35,1429,19.61,10.35,1.86,49.8,-4.69,-3.12,-2.34,-,0.18,4,37.73,19.92,-5.81,-35.22,24,1.06,8.34,28,12.39,9.14,10.94,5.08,35,25.81,0.06,0.75,4.31,362,24.06,23,14.51,26,35.69,9.14,10.94,25.81,1.02,231.42,176.81,54.61,-11.26,14.4,14.6,30
Mon Sep 26 06:39:46 GMT-03:00 2022,26-Sep-2022 06:39:46.420,-35.21629287055623,-5.813127215095684,6.786384105682373,4.0,37.64648797889833,20.047710418701172,-0.02,6.46,7.99,0.05,14.12,0.03,0.06,0.12,-0.04,20.78,10.59,14.7,19.61,95,17.69,1011.32,14.65,626.6,1,291.24,221,0,67,2.21,57.25,23.14,1496,19.61,10.44,4.54,49.8,-3.12,3.12,4.69,-,0.18,4,37.65,20.05,-5.81,-35.22,22,0.43,2.96,28,5.07,9.12,10.97,12.41,14.33,25.75,0.09,0.64,4.31,364,24.43,24,20.39,21,14.1,9.12,10.97,25.75,1.03,232.37,177.76,54.61,-6.46,14.32,14.6,36
Mon Sep 26 06:39:47 GMT-03:00 2022,26-Sep-2022 06:39:47.420,-35.21626895239713,-5.813066781304459,7.08672571182251,4.0,37.56072647922797,22.5472469329834,-1.02,6.08,6.86,-0.06,20.78,0,0.04,0.2,-0.16,28.24,14.51,14.7,19.61,95,17.74,1011.31,14.65,626.5,1,290.55,221,0,67,2.21,64.31,54.9,1821,19.61,10.53,5.45,49.8,-3.12,3.12,0.78,-,0.18,4,37.56,22.55,-5.81,-35.22,22,2.49,2.96,28,4.4,9.09,11,14.91,12.44,25.68,0.66,0.64,10.98,365,25.51,28,20.39,19.5,14.1,9.09,11,25.68,1.04,233.4,178.8,54.61,-5.25,14.26,14.6,43
Mon Sep 26 06:39:48 GMT-03:00 2022,26-Sep-2022 06:39:48.420,-35.216236794699675,-5.812997855007401,8.150424003601074,4.0,37.931837311456846,25.800708770751953,-0.84,6.07,8.22,0.04,18.04,0.05,-0.1,0.03,0.02,17.25,9.02,14.7,19.61,95,17.81,1011.31,14.65,626.5,1,287.47,221,0,67,8.85,31.76,41.57,1627.5,19.61,10.58,2.47,49.41,-3.12,6.25,0.78,-,0.18,4,37.93,25.8,-5.81,-35.22,25,0.66,11.86,28,11.32,9.1,10.99,6.77,31.97,25.71,0.58,0.56,8.24,366,29.34,30,14.51,4.5,51.9,9.1,10.99,25.71,1.04,234.43,179.82,54.61,-11.14,14.3,14.6,38
Mon Sep 26 06:39:49 GMT-03:00 2022,26-Sep-2022 06:39:49.420,-35.216203790828004,-5.812929227827157,8.549996376037598,4.0,37.74865033430649,24.3826961517334,-1.2,5.31,8.44,0.02,13.33,-0.01,-0.04,0.02,-0.04,14.9,7.45,14.7,19.61,95,17.81,1011.33,14.65,628.7,1,287.84,221,0,67,8.85,31.76,17.25,1126.5,19.61,10.6,1.11,49.41,-5.47,6.25,4.69,-,0.18,4,37.75,24.38,-5.81,-35.22,27,0.66,11.86,28,26.91,9.2,10.87,3.05,76.03,25.98,0.58,0.47,3.14,367,30.78,30,14.51,4.5,51.9,9.2,10.87,25.98,1.04,235.4,180.79,54.61,-12.88,14.3,14.5,31
Mon Sep 26 06:39:50 GMT-03:00 2022,26-Sep-2022 06:39:50.420,-35.21617291969866,-5.812858100338448,8.666706085205078,4.0,37.69050253323376,23.170751571655273,-0.8,3.41,7.9,-0.12,12.55,0.13,0,0.06,0.11,14.9,7.45,14.7,19.61,95,17.87,1011.37,14.65,629,1,287.84,221,0,67,8.85,19.61,16.08,1126.5,19.61,10.6,1.11,49.41,-7.03,0.78,0,-,0.18,4,37.69,23.17,-5.81,-35.22,27,0.78,11.86,28,26.91,9.2,10.87,3.05,76.03,25.98,0.88,0.25,2.75,368,31.2,30,12.94,12.5,51.9,9.2,10.87,25.98,1.05,236.39,181.78,54.61,-12.88,14.3,14.5,31
Mon Sep 26 06:39:51 GMT-03:00 2022,26-Sep-2022 06:39:51.419,-35.21614126668051,-5.812785604713238,8.593059539794922,4.0,37.49372528884081,22.650615692138672,-0.79,5.34,7.59,-0.05,12.94,-0.04,-0.07,-0.1,0,14.9,7.45,14.7,19.61,95,17.93,1011.36,14.65,629,1,290.79,221,0,67,8.85,20,21.57,1008,19.61,10.62,1,49.41,-6.25,-2.34,-3.12,-,0.18,4,37.49,22.65,-5.81,-35.22,26,1.2,11.86,28,29.96,9.3,10.75,2.74,84.63,26.28,0.83,0.18,3.14,368,30.94,30,13.33,8,51.9,9.3,10.75,26.28,1.06,237.4,182.79,54.61,-12.35,14.34,14.6,27
Mon Sep 26 06:39:52 GMT-03:00 2022,26-Sep-2022 06:39:52.417,-35.216112825494335,-5.8127147595037405,8.436309814453125,4.0,37.23949075435063,21.476654052734375,-0.69,5.1,8.23,-0.01,13.73,-0.01,-0.03,-0.01,0,14.9,7.45,14.7,19.61,95,18.04,1011.37,14.65,628.7,1,298.09,221,0,67,-,29.8,26.67,980,19.61,10.66,1.49,49.8,-5.47,-3.12,-2.34,-,0.18,4,37.24,21.48,-5.81,-35.22,27,2.37,-,29,19.45,9.4,10.63,4.08,54.94,26.56,0.1,0.17,3.53,370,30.37,28,13.73,7.5,-,9.4,10.63,26.56,1.07,238.4,183.79,54.61,-10.51,14.16,14.6,27
Mon Sep 26 06:39:53 GMT-03:00 2022,26-Sep-2022 06:39:53.416,-35.216086048717074,-5.812646824802022,8.116439819335938,4.0,37.10410064847507,20.38779067993164,-0.05,4.35,8.72,-0.01,13.33,-0.03,0.01,-0.09,0.01,14.9,7.45,14.7,19.61,95,18.08,1011.44,14.65,628.7,1,299.75,221,0,67,-,29.41,25.49,1007,19.61,10.68,1.41,49.8,-5.47,2.34,2.34,-,0.18,4,37.1,20.39,-5.81,-35.22,26,3.22,-,29,19.85,9.46,10.57,3.86,56.07,26.72,0.16,0.18,3.53,371,29.22,26,13.73,7.5,-,9.46,10.57,26.72,1.08,239.4,184.79,54.61,-10.92,14.26,14.5,27
Mon Sep 26 06:39:54 GMT-03:00 2022,26-Sep-2022 06:39:54.417,-35.21606315344817,-5.812585446348903,7.213951587677002,4.0,36.98120429035561,20.270845413208008,-0.05,5,9.33,0.08,13.33,0.07,0.02,-0.02,0.1,14.9,7.45,14.7,19.61,95,18.11,1011.47,14.65,628.7,1,301.45,221,0,67,-,29.41,23.92,961.5,19.61,10.7,1.41,49.8,-5.47,3.12,2.34,-,0.18,4,36.98,20.27,-5.81,-35.22,26,1.97,-,29,18.43,9.5,10.52,3.86,52.06,26.84,0.16,0.18,3.53,372,25.97,24,13.73,7.5,-,9.5,10.52,26.84,1.09,240.36,185.75,54.61,-11.02,14.26,14.5,26
Mon Sep 26 06:39:55 GMT-03:00 2022,26-Sep-2022 06:39:55.418,-35.21604265139487,-5.812532113921628,6.551013946533203,4.0,36.69242316655771,20.21239471435547,-0.11,4.58,8.61,-0.01,13.33,0.11,0,-0.02,0.14,14.9,7.45,14.7,19.61,95,18.11,1011.49,14.65,627.5,1,301.45,221,0,67,-,29.41,23.53,961.5,19.61,10.7,1.41,49.8,-5.47,3.12,3.12,-,0.18,4,36.69,20.21,-5.81,-35.22,28,1.97,-,29,18.43,9.5,10.52,3.86,52.06,26.84,0.85,0.19,3.14,373,23.58,24,13.73,5,-,9.5,10.52,26.84,1.11,241.37,186.76,54.61,-11.02,14.3,14.5,26
Mon Sep 26 06:39:56 GMT-03:00 2022,26-Sep-2022 06:39:56.420,-35.21602625365208,-5.812486695008722,5.513484001159668,4.0,36.53433691386627,20.143054962158203,-0.38,5.04,8.38,-0,13.33,0,0,-0.02,0.01,14.9,7.45,14.7,19.61,95,18.11,1011.5,14.65,627.5,1,305.3,221,0,67,-,29.8,26.27,933.5,19.61,10.74,1.38,50.2,-6.25,-2.34,-3.12,-,0.19,4,36.53,20.14,-5.81,-35.22,27,6.58,-,29,17.42,9.54,10.48,3.77,49.21,26.96,0.78,0.19,3.53,373,19.85,17,13.73,6,-,9.54,10.48,26.96,1.11,242.4,187.79,54.61,-10.94,14.3,14.5,26
Mon Sep 26 06:39:57 GMT-03:00 2022,26-Sep-2022 06:39:57.420,-35.21601331264118,-5.812452908680605,4.057153224945068,4.0,36.600284472343006,20.032960891723633,-0.56,4.83,8.84,0.03,13.33,-0.01,-0.03,-0.03,0,14.9,7.45,14.7,19.61,95,18.08,1011.49,14.65,626.1,1,306.59,221,0,67,-,32.16,26.27,919,19.61,10.76,1.43,50.2,-6.25,-1.56,-0.78,-,0.19,4,36.6,20.03,-5.81,-35.22,27,1.61,-,29,11.9,9.56,10.47,3.91,33.61,26.99,0.08,0.19,3.14,374,14.61,13,13.73,1.5,-,9.56,10.47,26.99,1.11,243.41,188.8,54.61,-10.69,14.28,14.6,26
Mon Sep 26 06:39:58 GMT-03:00 2022,26-Sep-2022 06:39:58.418,-35.21600135850896,-5.8124217799734215,3.476022243499756,6.0,36.53835484462959,19.911375045776367,-0.8,5.16,8.15,-0.02,13.33,0.01,-0.03,0,0,14.9,7.45,14.7,19.61,95,18.05,1011.51,14.65,626.1,1,309.37,221,0,68,-,27.84,23.14,956.5,19.61,10.79,1.35,50.59,-6.25,2.34,-0.78,-,0.19,6,36.54,19.91,-5.81,-35.22,26,1.51,-,29,9.64,9.56,10.46,3.69,27.23,26.99,0.08,0.19,3.14,375,12.51,11,13.73,6.5,-,9.56,10.46,26.99,1.11,244.31,189.7,54.61,-10.85,14.28,14.6,26
Mon Sep 26 06:39:59 GMT-03:00 2022,26-Sep-2022 06:39:59.420,-35.21599064741082,-5.812392782845949,3.212357521057129,6.0,36.23740185467463,19.84067726135254,-0.62,4.65,8.38,-0.02,13.33,-0.02,-0.03,-0.06,0.01,14.9,7.45,14.7,19.61,95,18.05,1011.49,14.65,625,1,309.37,221,0,68,-,27.84,24.71,956.5,19.61,10.79,1.35,50.59,-6.25,2.34,2.34,-,0.19,6,36.24,19.84,-5.81,-35.22,20,1.51,-,29,9.64,9.56,10.46,3.69,27.23,26.99,0.8,0.2,3.53,377,11.56,11,13.73,6.5,-,9.56,10.46,26.99,1.11,245.41,190.8,54.61,-10.85,14.28,14.5,26
Mon Sep 26 06:40:00 GMT-03:00 2022,26-Sep-2022 06:40:00.417,-35.215981489081905,-5.812367755118516,2.74963116645813,6.0,36.33918258088439,19.895084381103516,-0.81,4.69,8.56,-0,13.33,-0.01,-0.03,-0.07,0.02,14.9,7.45,14.7,19.61,95,18,1011.49,14.65,623.9,1,311.78,221,0,68,-,31.37,24.71,905.5,19.61,10.83,1.41,50.98,-5.47,-1.56,-2.34,-,0.19,6,36.34,19.9,-5.81,-35.22,25,2.56,-,29,7.8,9.55,10.47,3.86,22.03,26.97,0.7,0.21,3.53,377,9.9,9,14.12,12.5,-,9.55,10.47,26.97,1.12,246.42,191.81,54.61,-10.83,14.3,14.5,26
Mon Sep 26 06:40:01 GMT-03:00 2022,26-Sep-2022 06:40:01.417,-35.21597585327544,-5.812349981098008,2.274366617202759,6.0,36.06696185797803,20.072357177734375,-0.56,4.31,8.79,-0,13.73,0,-0.02,-0.1,0.05,14.9,7.45,14.7,19.61,95,17.94,1011.53,14.65,623.9,1,316.29,221,0,68,-,34.51,28.24,889.5,19.61,10.86,1.47,51.76,-5.47,2.34,3.12,-,0.19,6,36.07,20.07,-5.81,-35.22,20,3.19,-,29,6.13,9.53,10.49,4.02,17.3,26.92,0.09,0.22,3.53,379,8.19,5,14.12,6,-,9.53,10.49,26.92,1.12,247.41,192.8,54.61,-10.45,14.22,14.5,26
Mon Sep 26 06:40:02 GMT-03:00 2022,26-Sep-2022 06:40:02.417,-35.215972361767626,-5.812341512029753,0.7564883828163147,6.0,35.99588655353996,20.165620803833008,-0.62,5.67,7.93,-0.01,13.33,0,-0.03,0.03,-0.02,14.9,7.45,14.7,19.61,95,17.85,1011.48,14.65,623.9,1,315.72,221,0,68,-,32.16,28.63,803,19.61,10.88,1.26,51.76,-5.47,5.47,3.12,-,0.19,6,36,20.17,-5.81,-35.22,22,2.72,-,29,3.98,9.5,10.52,3.44,11.23,26.84,0.09,0.22,3.53,380,2.72,0,13.33,3.5,-,9.5,10.52,26.84,1.12,248.41,193.57,54.83,-10.99,14.22,14.4,26
Mon Sep 26 06:40:03 GMT-03:00 2022,26-Sep-2022 06:40:03.417,-35.215972361767626,-5.812341512029753,0.22329668700695038,6.0,35.201956316491206,20.153608322143555,-0.82,5.42,8.15,-0,12.94,0,-0.05,0.01,-0.01,14.9,7.45,14.7,19.61,95,17.76,1011.54,14.65,622.4,1,329.12,221,0,68,-,31.37,25.88,759.5,19.61,10.9,1.13,54.12,-6.25,5.47,5.47,-,0.19,6,35.2,20.15,-5.81,-35.22,22,0.8,-,29,0,9.5,10.53,3.08,0,26.84,0.85,0.22,2.75,381,0.8,0,13.33,3.5,-,9.5,10.53,26.84,1.12,249.39,193.57,55.82,-11.02,13.84,14.1,25
Mon Sep 26 06:40:04 GMT-03:00 2022,26-Sep-2022 06:40:04.416,-35.215972361767626,-5.812341512029753,0.03797607123851776,6.0,35.20966914280587,20.167043685913086,-0.64,5.43,8.17,-0,12.94,0,-0.03,0.01,-0.01,14.9,7.45,14.7,19.61,95,17.76,1011.54,14.65,622.4,1,329.12,221,0,68,-,31.37,25.49,759.5,19.61,10.9,1.13,54.12,-6.25,3.12,2.34,-,0.19,6,35.21,20.17,-5.81,-35.22,21,0.8,-,29,0,9.5,10.53,3.08,0,26.84,0.85,0.22,3.14,382,0.14,0,13.33,5,-,9.5,10.53,26.84,1.12,250.39,193.57,56.82,-11.02,14.28,14.5,25
Mon Sep 26 06:40:05 GMT-03:00 2022,26-Sep-2022 06:40:05.418,-35.215972361767626,-5.812341512029753,0.021867267787456512,6.0,35.14225773400033,20.173564910888672,-0.7,5.38,8.15,-0,13.33,0,-0.03,0,-0.01,14.9,7.45,14.7,19.61,94,17.67,1011.54,14.65,621.2,1,329.04,221,0,68,-,33.73,30.59,769,19.61,10.93,1.29,54.12,-6.25,0,-0.78,-,0.19,6,35.14,20.17,-5.81,-35.22,22,0.14,-,29,0,9.5,10.53,3.52,0,26.83,0.47,0.23,3.53,383,0.08,0,13.73,-1,-,9.5,10.53,26.83,1.12,251.42,193.57,57.85,-10.26,14.36,14.5,26
Mon Sep 26 06:40:06 GMT-03:00 2022,26-Sep-2022 06:40:06.417,-35.215972361767626,-5.812341512029753,0.0735493078827858,6.0,35.0655910443225,20.188220977783203,-0.75,5.4,8.16,-0,13.33,0,-0.04,0.01,-0.01,14.9,7.45,14.7,19.61,94,17.59,1011.51,14.65,620.2,1,321.81,221,0,68,-,39.61,30.59,781,19.61,10.95,1.49,52.94,-5.47,4.69,5.47,-,0.19,6,35.07,20.19,-5.81,-35.22,21,0.26,-,29,0,9.5,10.53,4.08,0,26.82,0.11,0.24,3.92,383,0.26,0,14.12,3.5,-,9.5,10.53,26.82,1.12,252.39,193.57,58.82,-9.63,14.36,14.5,28
Mon Sep 26 06:40:07 GMT-03:00 2022,26-Sep-2022 06:40:07.418,-35.215972361767626,-5.812341512029753,0.03507699444890022,6.0,35.18605612062252,20.187427520751953,-0.74,5.41,8.07,-0.01,13.73,0,-0.04,0.01,-0.02,14.9,7.45,14.7,19.61,94,17.5,1011.52,14.65,620.2,1,319.36,221,0,68,-,39.22,32.94,806,19.61,10.99,1.49,52.55,-5.47,7.03,7.03,-,0.19,6,35.19,20.19,-5.81,-35.22,22,0.13,-,29,0,9.49,10.53,4.08,0,26.82,0.84,0.25,3.92,384,0.13,0,14.12,3,-,9.49,10.53,26.82,1.12,253.41,193.57,59.84,-9.71,14.28,14.5,30
Mon Sep 26 06:40:08 GMT-03:00 2022,26-Sep-2022 06:40:08.417,-35.215972361767626,-5.812341512029753,0.0259916502982378,6.0,35.25158165036489,20.189807891845703,-0.67,5.45,8.25,0.01,13.73,0,-0.03,0.01,0,14.9,7.45,14.7,19.61,94,17.42,1011.53,14.65,620.2,1,319.28,221,0,68,-,39.22,32.16,791.5,19.61,11.01,1.49,52.55,-5.47,3.91,3.12,-,0.19,6,35.25,20.19,-5.81,-35.22,22,0.09,-,29,0,9.49,10.54,4.08,0,26.81,0.86,0.25,3.92,386,0.09,0,14.12,3,-,9.49,10.54,26.81,1.12,254.42,193.57,60.85,-9.86,14.26,14.5,30
Mon Sep 26 06:40:09 GMT-03:00 2022,26-Sep-2022 06:40:09.419,-35.215972361767626,-5.812341512029753,0.016641324386000633,6.0,35.33255330568792,20.195663452148438,-0.57,5.48,8.23,0.01,13.73,0.01,-0.02,0.01,0,14.9,7.45,14.7,19.61,94,17.33,1011.53,14.65,619,1,321.59,221,0,68,-,38.43,32.94,789.5,19.61,11.04,1.42,52.94,-5.47,0,3.12,-,0.19,6,35.33,20.2,-5.81,-35.22,23,0.06,-,29,0,9.49,10.54,3.88,0,26.81,0.86,0.25,3.53,387,0.06,0,14.12,5,-,9.49,10.54,26.81,1.12,255.25,193.57,61.68,-10.01,14.26,14.5,31
Mon Sep 26 06:40:10 GMT-03:00 2022,26-Sep-2022 06:40:10.417,-35.215972361767626,-5.812341512029753,0.017197376117110252,8.0,35.28671137739732,20.201332092285156,-0.76,5.41,8.12,-0,13.73,0,-0.04,0.01,-0.01,14.9,7.45,14.7,19.61,94,17.33,1011.51,14.65,618.6,1,319.14,221,0,68,-,38.43,32.55,789.5,19.61,11.07,1.47,52.55,-5.47,0,-1.56,-,0.19,8,35.29,20.2,-5.81,-35.22,23,0.06,-,29,0,9.49,10.54,4.02,0,26.8,0.84,0.26,3.53,388,0.06,0,13.73,5,-,9.49,10.54,26.8,1.12,256.41,193.57,62.84,-9.83,14.34,14.5,31
Mon Sep 26 06:40:11 GMT-03:00 2022,26-Sep-2022 06:40:11.420,-35.215972361767626,-5.812341512029753,0.015894602984189987,8.0,35.29754157879479,20.201019287109375,-0.66,5.45,8.2,0,13.33,0,-0.03,0.01,0,14.9,7.45,14.7,19.61,94,17.25,1011.51,14.65,618.6,1,319.14,221,0,68,-,39.22,32.55,799.5,19.61,11.07,1.47,52.55,-5.47,-4.69,-5.47,-,0.19,8,35.3,20.2,-5.81,-35.22,20,0.06,-,29,0,9.49,10.54,4.02,0,26.8,0.75,0.86,3.53,388,0.06,0,14.12,3.5,-,9.49,10.54,26.8,1.12,257.43,193.57,63.86,-9.83,14.3,14.6,31
Mon Sep 26 06:40:12 GMT-03:00 2022,26-Sep-2022 06:40:12.418,-35.215972361767626,-5.812341512029753,0.025140879675745964,8.0,35.35997780286969,20.210050582885742,-0.62,5.68,8,-0,12.94,0,-0.02,0.04,-0.03,14.9,7.45,14.7,19.61,94,17.17,1011.47,14.65,617.6,1,319.06,221,0,68,-,39.22,27.45,763.5,19.61,11.1,1.4,52.55,-6.25,-3.12,-2.34,-,0.19,8,35.36,20.21,-5.81,-35.22,22,0.06,-,29,0,9.48,10.54,3.83,0,26.79,0.09,0.86,2.75,389,0.09,0,13.73,1.5,-,9.48,10.54,26.79,1.12,258.43,193.57,64.86,-10.12,14.3,14.5,31
Mon Sep 26 06:40:13 GMT-03:00 2022,26-Sep-2022 06:40:13.417,-35.215972361767626,-5.812341512029753,0.11576224863529205,6.0,35.63966956560889,20.259613037109375,-0.74,5.19,8.36,0,12.94,0,-0.04,-0.01,0,14.9,7.45,14.7,19.61,94,17.09,1011.53,14.65,617.2,1,316.61,221,0,68,-,29.8,27.45,804.5,19.61,11.11,1.09,52.16,-7.03,0,0.78,-,0.19,6,35.64,20.26,-5.81,-35.22,21,0.09,-,29,0,9.48,10.55,2.97,0,26.79,0.34,0.83,2.75,390,0.42,0,13.33,5,-,9.48,10.55,26.79,1.12,259.42,193.57,65.85,-10.97,14.34,14.5,29
Mon Sep 26 06:40:14 GMT-03:00 2022,26-Sep-2022 06:40:14.416,-35.215972361767626,-5.812341512029753,0.1524985134601593,6.0,35.567586106870266,20.266508102416992,-0.61,5.49,8.19,0,12.94,0,-0.03,0.01,0,14.9,7.45,14.7,19.61,94,17.01,1011.48,14.65,617.2,1,314.16,221,0,68,-,30.2,25.49,767.5,19.61,11.14,1.09,51.76,-7.03,3.91,3.91,-,0.19,6,35.57,20.27,-5.81,-35.22,21,0.55,-,29,0,9.48,10.55,2.97,0,26.78,0.79,0.82,3.14,392,0.55,0,13.33,6,-,9.48,10.55,26.78,1.12,260.41,193.57,66.84,-11.16,14.34,14.5,28
Mon Sep 26 06:40:15 GMT-03:00 2022,26-Sep-2022 06:40:15.417,-35.215972361767626,-5.812341512029753,0.09459319710731506,6.0,35.347032445039,20.276567459106445,-0.76,5.42,8.21,0,12.94,0,-0.04,0.01,0,14.9,7.45,14.7,19.61,94,16.93,1011.53,14.65,617.2,1,314.09,221,0,68,-,30.2,25.1,771.5,19.61,11.16,1.1,51.76,-7.03,0.78,3.91,-,0.19,6,35.35,20.28,-5.81,-35.22,21,0.34,-,29,0,9.48,10.55,3.02,0,26.78,0.79,0.82,3.14,393,0.34,0,13.33,5,-,9.48,10.55,26.78,1.12,261.41,193.57,67.84,-10.93,14.26,14.6,27
Mon Sep 26 06:40:16 GMT-03:00 2022,26-Sep-2022 06:40:16.417,-35.215972361767626,-5.812341512029753,0.02404860220849514,6.0,35.36273576957232,20.279552459716797,-0.61,5.39,8.22,0,12.94,0,-0.02,0.01,0,14.9,7.45,14.7,19.61,94,16.85,1011.52,14.65,616.4,1,316.4,221,0,69,-,30.98,25.49,757.5,19.61,11.18,1.09,52.16,-7.03,-2.34,0,-,0.19,6,35.36,20.28,-5.81,-35.22,23,0.09,-,29,0,9.48,10.55,2.99,0,26.77,0.83,0.81,3.14,394,0.09,0,13.33,5,-,9.48,10.55,26.77,1.12,262.36,193.57,68.79,-10.98,14.26,14.5,26
Mon Sep 26 06:40:17 GMT-03:00 2022,26-Sep-2022 06:40:17.417,-35.215972361767626,-5.812341512029753,0.0,6.0,35.33338100562299,20.282367706298828,-0.48,5.4,8.14,-0.01,12.94,0,-0.01,0.01,-0.01,14.9,7.45,14.7,19.61,94,16.85,1011.5,14.65,616.4,1,318.71,221,0,69,-,30.98,25.49,757.5,19.61,11.2,1.15,52.55,-6.25,-2.34,-3.12,-,0.19,6,35.33,20.28,-5.81,-35.22,23,0.09,-,29,0,9.47,10.55,3.16,0,26.76,0.71,0.81,3.14,395,0,0,13.33,5,-,9.47,10.55,26.76,1.12,263.42,193.57,69.85,-10.7,14.34,14.6,26
Mon Sep 26 06:40:18 GMT-03:00 2022,26-Sep-2022 06:40:18.417,-35.215972361767626,-5.812341512029753,0.0,6.0,35.26977159957449,20.290483474731445,-0.77,5.4,8.24,0,13.33,0,-0.04,0.01,0,14.9,7.45,14.7,19.61,94,16.77,1011.5,14.65,615.5,1,318.71,221,0,69,-,31.76,27.84,758,19.61,11.2,1.15,52.55,-7.03,-0.78,0,-,0.19,6,35.27,20.29,-5.81,-35.22,27,0,-,29,0,9.47,10.55,3.16,0,26.76,0.09,0.8,3.53,395,0,0,13.33,5,-,9.47,10.55,26.76,1.12,264.41,193.57,70.84,-10.7,14.34,14.6,26
Mon Sep 26 06:40:19 GMT-03:00 2022,26-Sep-2022 06:40:19.418,-35.215972361767626,-5.812341512029753,0.0,6.0,35.24228589694774,20.28634262084961,-0.64,5.58,8.02,-0,13.73,0,-0.03,0.02,-0.02,14.9,7.45,14.7,19.61,94,16.7,1011.52,14.65,615.5,1,318.63,221,0,69,-,34.12,32.16,771,19.61,11.22,1.27,52.55,-5.47,2.34,3.12,-,0.19,6,35.24,20.29,-5.81,-35.22,28,0,-,29,0,9.47,10.56,3.47,0,26.76,0.17,0.82,3.92,396,0,0,13.73,5,-,9.47,10.56,26.76,1.12,265.4,193.57,71.83,-10.32,14.08,13.9,27
Mon Sep 26 06:40:20 GMT-03:00 2022,26-Sep-2022 06:40:20.417,-35.215972361767626,-5.812341512029753,0.03561782464385033,6.0,35.19742118358193,20.288475036621094,-0.61,5.54,8.18,0.01,13.33,0,-0.04,0,0,14.9,7.45,14.7,19.61,94,16.62,1011.49,14.65,614.2,1,318.56,221,0,69,-,39.22,32.16,807,19.61,11.25,1.5,52.55,-5.47,4.69,2.34,-,0.19,6,35.2,20.29,-5.81,-35.22,31,0.13,-,29,0,9.47,10.56,4.11,0,26.75,0.82,0.82,3.53,397,0.13,0,14.12,3.5,-,9.47,10.56,26.75,1.12,266.41,193.57,72.84,-9.6,13.84,14.3,29
Mon Sep 26 06:40:21 GMT-03:00 2022,26-Sep-2022 06:40:21.418,-35.215972361767626,-5.812341512029753,0.05307382345199585,6.0,35.19816333139136,20.28827476501465,-0.73,5.43,8.26,0.01,13.33,0.01,-0.04,0.01,0,14.9,7.45,14.7,19.61,94,16.54,1011.52,14.65,614.2,1,318.49,221,0,69,-,40,32.94,770.5,19.61,11.28,1.45,52.55,-5.47,-1.56,-2.34,-,0.19,6,35.2,20.29,-5.81,-35.22,28,0.19,-,29,0,9.47,10.56,3.97,0,26.75,0.77,0.81,3.53,399,0.19,0,13.73,3,-,9.47,10.56,26.75,1.12,267.39,193.57,73.82,-9.99,14.34,14.3,29
Mon Sep 26 06:40:22 GMT-03:00 2022,26-Sep-2022 06:40:22.417,-35.215972361767626,-5.812341512029753,0.035681530833244324,6.0,35.232948593485446,20.2899227142334,-0.54,5.38,8.2,-0,13.33,0,-0.03,0.01,-0.01,14.9,7.45,14.7,19.61,94,16.47,1011.5,14.65,613.5,1,318.43,221,0,69,-,39.61,32.55,762.5,19.61,11.3,1.42,52.55,-5.47,-5.47,-2.34,-,0.19,6,35.23,20.29,-5.81,-35.22,28,0.13,-,29,0,9.47,10.56,3.88,0,26.74,0.77,0.81,3.53,400,0.13,0,13.73,3.5,-,9.47,10.56,26.74,1.12,268.33,193.57,74.76,-9.88,14.34,14.5,30
Mon Sep 26 06:40:23 GMT-03:00 2022,26-Sep-2022 06:40:23.418,-35.215972361767626,-5.812341512029753,0.013394835405051708,6.0,35.24234697891301,20.295625686645508,-0.71,5.88,7.83,-0,13.73,0,-0.04,0.05,-0.04,14.9,7.45,14.7,19.61,94,16.39,1011.55,14.65,613.5,1,315.98,221,0,69,-,40.78,32.94,754,19.61,11.33,1.44,52.16,-5.47,-1.56,-5.47,-,0.2,6,35.24,20.3,-5.81,-35.22,28,0.05,-,29,0,9.46,10.57,3.94,0,26.73,0.68,0.81,3.53,401,0.05,0,13.73,3.5,-,9.46,10.57,26.73,1.12,269.36,193.57,75.79,-9.76,14.34,14.6,31
Mon Sep 26 06:40:24 GMT-03:00 2022,26-Sep-2022 06:40:24.420,-35.215972361767626,-5.812341512029753,0.12523671984672546,6.0,35.26310131181077,20.304275512695312,-0.59,5.87,7.72,-0.01,13.73,0,-0.02,0.06,-0.04,14.9,7.45,14.7,19.61,94,16.39,1011.51,14.65,612.6,1,315.98,221,0,69,-,40.78,34.12,754,19.61,11.33,1.44,52.16,-5.47,-1.56,-0.78,-,0.2,6,35.26,20.3,-5.81,-35.22,27,0.05,-,29,0,9.46,10.57,3.94,0,26.73,0.09,0.84,3.53,402,0.45,0,13.73,3,-,9.46,10.57,26.73,1.12,270.34,193.57,76.77,-9.76,14.4,14.6,31
Mon Sep 26 06:40:25 GMT-03:00 2022,26-Sep-2022 06:40:25.417,-35.215957633710104,-5.8123142417042395,0.5837157964706421,6.0,35.19140070225441,20.32297134399414,-0.67,5.64,7.83,-0.02,13.33,-0.01,-0.03,0.03,-0.04,14.9,7.45,14.7,19.61,94,16.33,1011.48,14.65,612.2,1,313.54,221,0,69,0.32,43.14,32.94,769.5,19.61,11.36,1.5,51.76,-5.47,-2.34,-3.12,-,0.2,6,35.19,20.32,-5.81,-35.22,28,1.55,0.43,29,0,9.46,10.57,4.11,0,26.73,0.86,0.83,3.53,402,2.1,2,14.12,0.5,4.02,9.46,10.57,26.73,1.12,271.42,194.41,77.01,-9.49,14.32,14.6,32
Mon Sep 26 06:40:26 GMT-03:00 2022,26-Sep-2022 06:40:26.417,-35.215956090721264,-5.812304098647841,1.1055859327316284,6.0,35.13460623013295,20.42145347595215,-0.61,6.43,7.15,-0.02,16.47,-0.01,-0.01,0.1,-0.11,26.27,7.45,14.7,19.61,94,16.27,1011.52,14.65,612.2,1,313.47,221,0,69,0.81,52.55,32.94,851,19.61,11.42,3.4,51.76,-3.91,-6.25,-7.03,-,0.2,6,35.13,20.42,-5.81,-35.22,27,1.9,1.09,29,0.59,9.42,10.61,9.3,1.66,26.62,0.5,0.88,6.67,403,3.98,4,16.47,0.5,9.08,9.42,10.61,26.62,1.12,272.39,195.38,77.01,-3.21,14.4,14.6,43
Mon Sep 26 06:40:27 GMT-03:00 2022,26-Sep-2022 06:40:27.417,-35.21595115094983,-5.812287903303028,1.7993861436843872,6.0,35.05486942374577,20.749223709106445,-0.84,6.31,7.56,0,16.47,0,-0.05,0.1,-0.07,26.27,13.33,14.7,19.61,94,16.24,1011.5,14.65,611.2,1,307.42,221,0,69,2.92,47.06,40.78,1546,19.61,11.49,3.36,50.98,-3.91,0.78,-1.56,-,0.2,6,35.05,20.75,-5.81,-35.22,29,1.52,3.91,29,1.19,9.38,10.66,9.19,3.36,26.51,0.8,0.82,6.67,404,6.48,8,18.04,22.5,18.02,9.38,10.66,26.51,1.12,273.43,196.42,77.01,-4.43,14.4,14.5,50
Mon Sep 26 06:40:28 GMT-03:00 2022,26-Sep-2022 06:40:28.417,-35.215941507031815,-5.812262043928989,2.9279539585113525,6.0,34.97607397068596,20.606487274169922,-0.66,6.08,7.7,-0,17.65,0.01,-0.04,0.09,-0.05,25.1,12.94,14.7,19.61,94,16.22,1011.51,14.65,611.2,1,306.21,221,0,69,5.92,45.88,39.22,1813,19.61,11.55,3.84,50.98,-3.91,-8.59,-1.56,-,0.2,6,34.98,20.61,-5.81,-35.22,25,2.46,7.93,29,2.08,9.35,10.69,10.52,5.88,26.42,0.8,0.82,7.84,406,10.54,13,16.86,22.5,31.16,9.35,10.69,26.42,1.13,274.41,197.41,77.01,-8.21,14.34,14.5,48
Mon Sep 26 06:40:29 GMT-03:00 2022,26-Sep-2022 06:40:29.418,-35.21592863172744,-5.812229635944192,3.9332263469696045,4.0,34.74981280064667,20.468812942504883,-0.98,5.72,8.84,0.08,15.29,0.07,-0.06,0.04,0.05,14.9,7.45,14.7,19.61,94,16.22,1011.55,14.65,611.5,1,300.45,221,0,69,4.1,27.84,27.84,1444.5,19.61,11.59,1.89,50.2,-3.91,-10.94,-8.59,-,0.2,4,34.75,20.47,-5.81,-35.22,28,1.84,5.5,29,6.89,9.34,10.7,5.16,19.47,26.39,0.28,0.8,5.88,407,14.16,16,16.86,22.5,27.12,9.34,10.7,26.39,1.13,275.41,198.4,77.01,-11.96,14.34,14.6,41
Mon Sep 26 06:40:30 GMT-03:00 2022,26-Sep-2022 06:40:30.417,-35.21591344150096,-5.812189601276868,4.709763526916504,4.0,34.67302424260519,20.79549789428711,-0.66,6.01,8.04,0.02,12.55,0,0.04,0.05,-0.05,23.92,12.16,14.7,19.61,94,16.22,1011.52,14.65,611.5,1,300.45,221,0,69,4.1,27.84,30.59,1444.5,19.61,11.59,1.89,50.2,-5.47,-10.94,-10.94,-,0.2,4,34.67,20.8,-5.81,-35.22,26,1.84,5.5,29,6.89,9.34,10.7,5.16,19.47,26.39,0.08,0.79,2.35,408,16.96,16,13.73,0.5,27.12,9.34,10.7,26.39,1.13,276.41,199.4,77.01,-11.96,14.36,14.6,41
Mon Sep 26 06:40:31 GMT-03:00 2022,26-Sep-2022 06:40:31.418,-35.21589785895712,-5.8121482297604645,4.939371109008789,6.0,34.72116276238538,21.073638916015625,-0.63,6.14,8.02,0.03,16.86,0.03,-0.03,0.08,-0.02,23.92,12.55,14.7,19.61,94,16.23,1011.51,14.65,612,1,300.1,221,0,69,3.08,38.82,35.69,1605,19.61,11.66,2.97,50.2,-3.91,-3.12,-2.34,-,0.2,6,34.72,21.07,-5.81,-35.22,25,1.04,4.13,29,5.38,9.32,10.72,8.13,15.21,26.34,0.09,0.8,7.06,408,17.78,18,17.25,24,18.3,9.32,10.72,26.34,1.14,277.39,200.38,77.01,-9.32,14.42,14.5,40
Mon Sep 26 06:40:32 GMT-03:00 2022,26-Sep-2022 06:40:32.417,-35.21587799743695,-5.81210340147248,5.5012407302856445,6.0,34.5369059204259,21.09483528137207,-0.36,5.54,8.14,0,15.29,0.05,-0.05,0.06,0.01,16.86,8.63,14.7,19.61,94,16.25,1011.52,14.65,612,1,299.54,221,0,69,4.02,41.57,26.27,1636.5,19.61,11.71,3.26,50.2,-3.91,-5.47,-6.25,-,0.2,6,34.54,21.09,-5.81,-35.22,25,2.22,5.39,29,5.53,9.31,10.74,8.91,15.61,26.29,0.82,0.79,5.1,409,19.8,20,15.69,23,23.45,9.31,10.74,26.29,1.14,278.4,201.4,77.01,-9.4,14.3,14.6,39
Mon Sep 26 06:40:33 GMT-03:00 2022,26-Sep-2022 06:40:33.418,-35.21585723331128,-5.8120522054402635,6.124859809875488,6.0,34.37467563694371,21.044513702392578,-0.18,5.28,8.69,0.03,13.33,0.03,0.01,0,0.04,16.86,8.63,14.7,19.61,94,16.27,1011.59,14.65,612.7,1,299,221,0,69,4.18,25.1,26.27,1311.5,19.61,11.74,1.43,50.2,-7.03,-10.16,-10.94,-,0.2,6,34.37,21.04,-5.81,-35.22,26,0.05,5.61,29,14,9.33,10.72,3.91,39.54,26.35,0.81,0.78,3.14,410,22.05,22,12.94,-1,30.46,9.33,10.72,26.35,1.15,279.41,202.4,77.01,-12.39,14.34,14.6,33
Mon Sep 26 06:40:34 GMT-03:00 2022,26-Sep-2022 06:40:34.417,-35.21583735970162,-5.812001726511422,6.314382076263428,6.0,34.17987108876713,20.964900970458984,-0.12,6.06,7.22,-0.04,13.33,0.04,0.02,0.11,-0.03,14.9,7.45,14.7,19.61,94,16.3,1011.63,14.65,612.7,1,299.66,221,0,69,4.18,30.2,25.1,934.5,19.61,11.77,1.43,50.2,-7.03,-10.16,-9.38,-,0.2,6,34.18,20.96,-5.81,-35.22,25,0.73,5.61,29,15.4,9.35,10.69,3.91,43.49,26.42,0.07,0.78,3.14,412,22.73,22,13.73,3.5,30.46,9.35,10.69,26.42,1.16,280.4,203.39,77.01,-11.83,13.14,14.6,29
Mon Sep 26 06:40:35 GMT-03:00 2022,26-Sep-2022 06:40:35.417,-35.21581658443444,-5.811948839630404,6.366059303283691,6.0,34.0109801659544,20.882884979248047,0.73,4.48,9.08,0.03,13.33,0.03,0.1,-0.08,0.08,14.9,7.45,14.7,19.61,94,16.32,1011.64,14.65,612.6,1,300.51,221,0,69,4.18,34.51,26.27,915.5,19.61,11.79,1.45,50.2,-6.25,-6.25,-9.38,-,0.2,6,34.01,20.88,-5.81,-35.22,22,0.92,5.61,29,15.16,9.38,10.66,3.97,42.83,26.5,0.07,0.77,3.53,413,22.92,22,13.73,0,30.46,9.38,10.66,26.5,1.16,281.36,204.35,77.01,-10.63,13.14,13.4,29
Mon Sep 26 06:40:36 GMT-03:00 2022,26-Sep-2022 06:40:36.417,-35.21579599777882,-5.81189644526255,6.264620304107666,6.0,33.85362373896216,20.935983657836914,-0.61,5.03,8.55,0.01,13.33,-0.01,0.11,-0.05,0,14.9,7.45,14.7,19.61,94,16.33,1011.65,14.65,612.6,1,301.32,221,0,69,-,31.37,26.67,943,19.61,11.82,1.42,50.2,-5.47,-6.25,-4.69,-,0.2,6,33.85,20.94,-5.81,-35.22,24,3.55,-,29,15.51,9.41,10.63,3.88,43.83,26.57,0.07,0.77,3.53,414,22.55,19,13.73,0,-,9.41,10.63,26.57,1.17,282.43,205.42,77.01,-10.64,14.26,14.4,28
Mon Sep 26 06:40:37 GMT-03:00 2022,26-Sep-2022 06:40:37.420,-35.21577843775584,-5.811851799303119,5.576599597930908,6.0,33.73082268441953,22.799062728881836,2.22,5.16,8.76,0.06,13.33,0.06,0.25,-0.01,0.04,14.9,7.45,14.7,19.61,94,16.33,1011.63,14.65,612,1,301.32,221,0,69,-,31.37,25.49,943,19.61,11.82,1.42,50.2,-6.25,-1.56,-0.78,-,0.2,6,33.73,22.8,-5.81,-35.22,23,3.55,-,29,15.51,9.41,10.63,3.88,43.83,26.57,0.1,0.76,3.53,414,20.08,19,13.73,4.5,-,9.41,10.63,26.57,1.17,283.43,206.42,77.01,-10.64,14.4,14.5,28
Mon Sep 26 06:40:38 GMT-03:00 2022,26-Sep-2022 06:40:38.417,-35.21576104598343,-5.811811170116411,4.786426067352295,6.0,33.74313956152214,39.027740478515625,2.32,5.38,9.64,0.15,16.08,0.01,0.27,-0.05,0,22.35,7.45,14.7,19.61,94,16.33,1011.66,14.65,611.5,1,304.54,221,0,69,-,31.37,25.49,984.5,19.61,11.85,1.41,50.59,-5.47,2.34,-0.78,-,0.2,6,33.74,39.03,-5.81,-35.22,23,3.08,-,29,13.47,9.42,10.61,3.86,38.05,26.62,0.82,0.76,4.31,415,17.23,17,13.73,3.5,-,9.42,10.61,26.62,1.17,284.4,207.4,77.01,-10.78,14.3,14.5,28
Mon Sep 26 06:40:39 GMT-03:00 2022,26-Sep-2022 06:40:39.417,-35.215734715002725,-5.8117797512203015,4.551084995269775,6.0,33.58624319363555,68.57757568359375,2.69,4.99,6.89,-0.09,16.08,-0.09,0.3,-0.03,-0.14,22.35,11.37,14.7,19.61,94,16.34,1011.64,14.65,611.5,1,305.11,221,0,69,-,45.88,36.08,1465.5,19.61,11.91,3.39,50.59,-3.91,-0.78,0.78,-,0.21,6,33.59,68.58,-5.81,-35.22,23,0.62,-,29,5.02,9.4,10.63,9.27,14.17,26.57,0.08,0.75,4.31,416,16.38,17,17.65,21.5,-,9.4,10.63,26.57,1.18,285.39,208.39,77.01,-5.74,14.38,14.5,36
Mon Sep 26 06:40:40 GMT-03:00 2022,26-Sep-2022 06:40:40.420,-35.215690894480254,-5.8117638058786865,5.157033920288086,6.0,33.49578305683556,96.70348358154297,0.96,5.81,7.21,-0.05,19.61,-0.13,0.09,0.03,-0.2,25.49,13.33,14.7,19.61,94,16.35,1011.66,14.65,611.5,1,297.41,221,0,69,5.4,56.86,47.84,1964,19.61,12.01,5.41,49.41,-3.12,0,-1.56,-,0.21,6,33.5,96.7,-5.81,-35.22,27,1.43,7.24,29,3.14,9.38,10.66,14.8,8.88,26.49,0.73,0.74,9.8,418,18.57,20,20.78,21,26.26,9.38,10.66,26.49,1.18,286.38,209.38,77.01,-5.09,14.4,14.5,43
Mon Sep 26 06:40:41 GMT-03:00 2022,26-Sep-2022 06:40:41.420,-35.21563378668421,-5.811770424458143,6.15532922744751,6.0,33.126763704046354,110.33189392089844,0.13,6.34,7.71,0.02,20.39,0.01,0.04,0.1,-0.05,27.06,14.12,14.7,19.61,94,16.39,1011.65,14.65,611.1,1,296.57,221,0,69,10.51,64.31,54.51,1604,19.61,12.11,4.93,49.41,-3.12,-10.16,-1.56,-,0.21,6,33.13,110.33,-5.81,-35.22,28,2.84,14.09,28,4.06,9.36,10.69,13.49,11.46,26.43,0.73,0.74,10.59,419,22.16,25,20.78,21,62.56,9.36,10.69,26.43,1.19,287.41,210.41,77.01,-8.15,14.4,14.5,43
Mon Sep 26 06:40:42 GMT-03:00 2022,26-Sep-2022 06:40:42.418,-35.2155673473135,-5.81179761753806,7.466729164123535,6.0,33.099346176625744,113.621826171875,0.38,6.81,7.72,0.05,19.61,0.01,0.01,0.12,-0.08,27.45,14.12,14.7,19.61,94,16.44,1011.66,14.65,613.1,1,288.81,221,0,69,8.1,64.31,54.12,1566.5,19.61,12.2,4.67,48.24,-3.12,-10.16,-7.81,-,0.21,6,33.1,113.62,-5.81,-35.22,24,1.12,10.86,28,5.36,9.34,10.71,12.77,15.13,26.38,0.1,0.73,9.8,420,26.88,28,20,18.5,49.39,9.34,10.71,26.38,1.2,288.41,211.4,77.01,-7.14,14.42,14.5,45
Mon Sep 26 06:40:43 GMT-03:00 2022,26-Sep-2022 06:40:43.417,-35.215497799719806,-5.811829029926771,8.533702850341797,6.0,33.41775346788402,113.2492904663086,0.1,5.42,6.47,-0.14,19.22,-0.13,0.04,0.01,-0.18,27.45,14.12,14.7,19.61,94,16.44,1011.67,14.65,613.1,1,288.81,221,0,69,8.1,63.92,54.12,1566.5,19.61,12.2,4.67,48.24,-3.12,-7.03,-8.59,-,0.21,6,33.42,113.25,-5.81,-35.22,21,1.12,10.86,28,5.36,9.34,10.71,12.77,15.13,26.38,0.5,0.73,9.41,420,30.72,28,19.61,18.5,49.39,9.34,10.71,26.38,1.2,289.42,212.41,77.01,-7.14,14.34,14.5,45
Mon Sep 26 06:40:44 GMT-03:00 2022,26-Sep-2022 06:40:44.417,-35.215421400080295,-5.811862270270094,9.269782066345215,6.0,33.64232781752833,113.04585266113281,-0.75,5.04,7.73,-0.06,17.65,-0.03,0.08,0,-0.04,24.31,12.55,14.7,19.61,94,16.5,1011.64,14.65,617.9,1,288.28,221,0,69,10.92,61.18,45.49,1550,19.61,12.29,4.47,48.24,-3.91,-3.12,-4.69,-,0.21,6,33.64,113.05,-5.81,-35.22,22,1.28,14.65,28,6.26,9.33,10.72,12.24,17.68,26.34,0.28,0.73,7.45,421,33.37,32,18.82,18.5,67.29,9.33,10.72,26.34,1.21,290.39,213.38,77.01,-7.28,14.34,14.5,46
Mon Sep 26 06:40:45 GMT-03:00 2022,26-Sep-2022 06:40:45.417,-35.21534290239164,-5.811896622479831,9.490889549255371,6.0,33.96358079840092,112.802490234375,0.75,5.29,8.14,-0.01,18.43,0,0.1,0,-0.01,25.1,12.55,14.7,19.61,94,16.58,1011.68,14.65,617.9,1,287.88,221,0,69,6.48,56.86,45.49,1540.5,19.61,12.36,4.11,48.24,-3.91,-3.12,-4.69,-,0.21,6,33.96,112.8,-5.81,-35.22,23,0.17,8.69,28,7.79,9.32,10.73,11.24,22.01,26.32,0.69,0.74,8.24,422,34.17,34,18.82,19.5,40.19,9.32,10.73,26.32,1.21,291.43,214.42,77.01,-7.81,14.42,14.5,46
Mon Sep 26 06:40:46 GMT-03:00 2022,26-Sep-2022 06:40:46.417,-35.215263831815555,-5.81193329932281,9.827046394348145,6.0,34.33679302194618,112.77316284179688,0.51,5.89,7.36,-0.04,18.43,0.03,-0.11,0.07,-0.01,25.1,12.94,14.7,19.61,94,16.66,1011.7,14.65,621.6,1,285.34,221,0,70,7.22,55.29,49.02,1553,19.61,12.44,3.97,47.84,-3.91,-0.78,-3.91,-,0.21,6,34.34,112.77,-5.81,-35.22,19,0.62,9.68,28,8.57,9.32,10.73,10.86,24.2,26.32,0.79,0.74,8.24,423,35.38,36,18.04,20,44.4,9.32,10.73,26.32,1.22,292.37,215.36,77.01,-8,14.42,14.6,46
Mon Sep 26 06:40:47 GMT-03:00 2022,26-Sep-2022 06:40:47.418,-35.21518440557337,-5.8119683163747915,9.983792304992676,6.0,34.47429208708432,112.95885467529297,0.26,5.59,8.56,0.04,16.47,0.04,0.05,0.02,0.02,22.75,11.76,14.7,19.61,94,16.75,1011.65,14.65,621.6,1,285.25,221,0,70,6.42,42.75,38.43,1444,19.61,12.49,2.75,47.84,-3.91,-1.56,-3.91,-,0.22,6,34.47,112.96,-5.81,-35.22,20,2.06,8.61,28,13.1,9.33,10.72,7.52,37,26.36,0.79,0.74,6.67,425,35.94,38,16.86,21,42.48,9.33,10.72,26.36,1.23,293.41,216.41,77.01,-10.08,14.34,14.6,42
Mon Sep 26 06:40:48 GMT-03:00 2022,26-Sep-2022 06:40:48.420,-35.21510271118043,-5.812002452303517,10.260686874389648,6.0,34.58975715958534,112.84780883789062,-0.84,5.21,7.73,-0.05,17.25,0,0.1,0,0,24.71,12.94,14.7,19.61,94,16.84,1011.76,14.65,623.1,1,285.73,221,0,70,3.97,50.59,43.14,1722.5,19.61,12.56,3.88,47.84,-3.91,0,-3.12,-,0.22,6,34.59,112.85,-5.81,-35.22,18,2.06,5.32,28,9.78,9.33,10.71,10.63,27.63,26.37,0.77,0.74,6.67,426,36.94,39,18.43,21,22.01,9.33,10.71,26.37,1.24,294.39,217.39,77.01,-7.71,14.34,14.6,43
Mon Sep 26 06:40:49 GMT-03:00 2022,26-Sep-2022 06:40:49.418,-35.215013177648196,-5.812037185738749,10.656437873840332,6.0,34.77865807088464,112.22914123535156,0.06,5.58,7.58,-0.04,20,-0.04,0.03,0.02,-0.07,25.49,12.94,14.7,19.61,94,16.84,1011.77,14.65,623.1,1,285.79,221,0,70,3.97,50.59,51.37,1502,19.61,12.65,4.65,47.84,-3.12,0,-1.56,-,0.22,6,34.78,112.23,-5.81,-35.22,18,2.06,5.32,28,8.39,9.33,10.72,12.72,23.7,26.35,0.76,0.74,9.8,427,38.36,39,18.43,21,22.01,9.33,10.72,26.35,1.24,295.39,218.38,77.01,-7.68,14.32,14.6,44
Mon Sep 26 06:40:50 GMT-03:00 2022,26-Sep-2022 06:40:50.421,-35.214919391645786,-5.812071020807013,11.16354751586914,6.0,34.20130335514126,111.9478530883789,-0.15,5.36,7.84,-0.03,19.22,0.08,-0.09,0.17,-0.03,24.71,12.55,14.7,19.61,94,16.94,1011.76,14.65,626.5,1,285.79,221,0,70,7.31,64.71,54.51,1502,19.61,12.65,4.65,47.84,-3.91,-3.12,-4.69,-,0.22,6,34.2,111.95,-5.81,-35.21,22,2.64,9.8,28,8.39,9.33,10.72,12.72,23.7,26.35,0.62,0.73,9.41,427,40.19,41,19.61,14,46.47,9.33,10.72,26.35,1.25,296.39,219.38,77.01,-7.68,14.28,14.6,44
Mon Sep 26 06:40:51 GMT-03:00 2022,26-Sep-2022 06:40:51.417,-35.21482021237532,-5.812107364058804,11.484837532043457,6.0,33.670430214151885,111.4119873046875,-0.62,5.66,8.12,0.01,18.43,0.01,-0.03,0.03,-0.01,24.71,12.55,14.7,19.61,94,17.04,1011.73,14.65,628.7,1,285.67,221,0,71,3.41,62.35,54.51,1482,19.61,12.74,4.21,47.84,-3.91,-3.12,0,-,0.22,6,33.67,111.41,-5.81,-35.21,24,0.65,4.57,28,9.74,9.33,10.72,11.52,27.51,26.36,0.1,0.73,8.24,428,41.35,42,18.82,14,21.98,9.33,10.72,26.36,1.25,297.4,220.4,77.01,-7.42,14.3,14.6,45
Mon Sep 26 06:40:52 GMT-03:00 2022,26-Sep-2022 06:40:52.417,-35.214721155512606,-5.812143669354949,11.533562660217285,6.0,33.2108303038303,111.1788330078125,0.75,5.17,7.46,-0.07,18.43,0.15,0.02,0.13,0.09,23.92,12.16,14.7,19.61,94,17.15,1011.74,14.65,628.7,1,285.72,221,0,71,4.24,59.61,51.37,1427.5,19.61,12.81,3.95,47.84,-3.91,-2.34,-3.91,-,0.22,6,33.21,111.18,-5.81,-35.21,25,1.48,5.69,28,10.64,9.34,10.71,10.8,30.06,26.37,0.7,0.73,8.24,429,41.52,43,18.04,15,28.38,9.34,10.71,26.37,1.26,298.42,221.42,77.01,-7.78,14.3,14.5,46
Mon Sep 26 06:40:53 GMT-03:00 2022,26-Sep-2022 06:40:53.418,-35.21460842982452,-5.812184399162865,12.31001091003418,6.0,32.98985070610094,111.1757583618164,1.16,6.1,7.77,0.01,17.65,0.01,0.15,0.08,-0.05,23.92,12.16,14.7,19.61,94,17.26,1011.67,14.65,628.7,1,283.54,221,0,71,4.01,56.86,48.63,1413.5,19.61,12.88,3.69,47.45,-3.91,0,-1.56,-,0.22,6,32.99,111.18,-5.81,-35.21,23,0.32,5.37,28,11.64,9.35,10.7,10.11,32.87,26.4,0.76,0.73,7.84,431,44.32,44,18.04,15,27.07,9.35,10.7,26.4,1.27,299.39,222.39,77.01,-7.97,14.36,14.5,46
Mon Sep 26 06:40:54 GMT-03:00 2022,26-Sep-2022 06:40:54.417,-35.214507386551205,-5.812222701985185,11.924741744995117,6.0,32.990359431168756,111.27445220947266,1.2,5.88,7.83,0,17.65,-0.09,0.06,-0.02,-0.1,23.92,12.16,14.7,19.61,94,17.36,1011.72,14.65,631.5,1,283.83,221,0,71,4.01,51.37,46.67,1394.5,19.61,12.95,3.46,47.45,-3.91,0,-1.56,-,0.22,6,32.99,111.27,-5.81,-35.21,21,1.07,5.37,28,12.71,9.36,10.68,9.47,35.91,26.44,0.76,0.73,7.45,432,42.93,44,18.04,15,27.07,9.36,10.68,26.44,1.28,300.36,223.35,77.01,-8.33,14.36,14.5,45
Mon Sep 26 06:40:55 GMT-03:00 2022,26-Sep-2022 06:40:55.417,-35.21440247450435,-5.812261333460594,12.117937088012695,6.0,32.89332968545214,111.362548828125,-0.06,5.2,7.19,-0.1,14.12,-0.09,0.02,-0.01,-0.11,19.22,9.8,14.7,19.61,94,17.36,1011.72,14.65,632.6,1,283.83,221,0,71,4.01,51.37,28.24,1394.5,19.61,12.95,3.46,47.45,-4.69,0.78,0,-,0.22,6,32.89,111.36,-5.81,-35.21,22,1.07,5.37,28,12.71,9.36,10.68,9.47,35.91,26.44,0.82,0.73,4.31,432,43.62,44,16.08,18.5,27.07,9.36,10.68,26.44,1.28,301.41,224.4,77.01,-8.33,14.3,14.6,45
Mon Sep 26 06:40:56 GMT-03:00 2022,26-Sep-2022 06:40:56.417,-35.21429764232745,-5.812298367255132,12.092967987060547,6.0,32.86852266488326,111.10664367675781,-0.63,6.05,8.35,0.05,14.12,0.01,0.09,0.01,0,19.22,9.8,14.7,19.61,94,17.47,1011.73,14.65,632.9,1,284.24,221,0,71,4.01,26.67,28.24,1248.5,19.61,12.98,1.47,47.45,-5.47,-4.69,-5.47,-,0.22,6,32.87,111.11,-5.81,-35.21,21,0.38,5.37,28,29.95,9.44,10.59,4.02,84.6,26.67,0.81,0.73,3.53,433,43.53,44,13.33,27,27.07,9.44,10.59,26.67,1.29,302.39,225.38,77.01,-11.93,14.4,14.6,38
Mon Sep 26 06:40:57 GMT-03:00 2022,26-Sep-2022 06:40:57.417,-35.21419043900393,-5.812338194876225,12.448994636535645,6.0,33.187658652182705,111.42422485351562,-0.68,5.6,7.12,-0.08,13.33,-0.07,-0.03,0.03,-0.11,20.39,10.59,14.7,19.61,94,17.57,1011.72,14.65,632.9,1,286.77,221,0,71,-,28.24,21.96,1204,19.61,13.01,1.55,47.45,-4.69,-3.12,-2.34,-,0.22,6,33.19,111.42,-5.81,-35.21,20,1.82,-,28,28.39,9.52,10.5,4.24,80.21,26.89,0.09,0.73,4.31,434,44.82,43,14.51,23,-,9.52,10.5,26.89,1.32,303.4,226.4,77.01,-11.45,14.3,14.6,34
Mon Sep 26 06:40:58 GMT-03:00 2022,26-Sep-2022 06:40:58.417,-35.214090555022324,-5.812376315223425,11.996329307556152,6.0,33.17570472458477,111.14543151855469,-0.79,6.71,8.56,0.11,14.12,0.03,-0.01,0.08,-0.01,21.18,10.98,14.7,19.61,94,17.68,1011.78,14.65,632.9,1,289.09,221,0,72,-,33.33,26.27,1257,19.61,13.05,1.92,47.45,-4.69,2.34,-2.34,-,0.23,6,33.18,111.15,-5.81,-35.21,22,0.19,-,28,22.45,9.57,10.45,5.24,63.43,27.04,0.09,0.73,4.31,436,43.19,43,14.9,22.5,-,9.57,10.45,27.04,1.32,304.39,227.38,77.01,-10.54,14.3,14.6,32
Mon Sep 26 06:40:59 GMT-03:00 2022,26-Sep-2022 06:40:59.420,-35.213989564477934,-5.8124139109398865,11.997903823852539,6.0,33.1555573775655,110.96614074707031,0.76,4.79,8.46,-0.01,14.51,0,0.1,-0.05,0.01,20.39,10.59,14.7,19.61,94,17.78,1011.76,14.65,632.8,1,290.67,221,0,72,4.43,28.63,27.06,1282.5,19.61,13.08,1.61,47.45,-4.69,1.56,3.91,-,0.23,6,33.16,110.97,-5.81,-35.21,21,0.81,5.94,28,26.68,9.64,10.37,4.41,75.37,27.23,0.12,0.73,4.31,437,43.19,44,13.73,24.5,32.98,9.64,10.37,27.23,1.32,305.41,228.41,77.01,-11.34,14.34,14.5,30
Mon Sep 26 06:41:00 GMT-03:00 2022,26-Sep-2022 06:41:00.419,-35.2138855635801,-5.812451703622833,12.275749206542969,6.0,32.92496082349121,110.73577117919922,0.75,5.6,7.63,-0.04,12.94,0.06,0.14,0.05,0.03,17.25,9.02,14.7,19.61,94,17.78,1011.79,14.65,632.8,1,292.75,221,0,72,4.43,28.63,16.86,1326.5,19.61,13.1,1.14,47.45,-5.47,1.56,0.78,-,0.23,6,32.92,110.74,-5.81,-35.21,22,0.81,5.94,28,38.46,9.64,10.37,3.13,108.66,27.24,0.83,0.75,3.14,438,44.19,44,13.73,24.5,32.98,9.64,10.37,27.24,1.32,306.4,229.4,77.01,-12.35,14.36,14.5,26
Mon Sep 26 06:41:01 GMT-03:00 2022,26-Sep-2022 06:41:01.421,-35.213780171787604,-5.812488573712527,12.16569709777832,6.0,33.2537544424119,109.8782958984375,1.18,4.78,8.02,-0.04,12.94,-0.04,0.15,-0.05,-0.02,18.43,9.8,14.7,19.61,94,17.88,1011.77,14.65,632.1,1,292.75,222,0,72,4.43,18.04,15.69,1326.5,19.61,13.1,1.14,47.45,-6.25,-3.12,-3.91,-,0.23,6,33.25,109.88,-5.81,-35.21,21,1.19,5.94,29,38.46,9.64,10.37,3.13,108.66,27.24,0.29,0.77,3.14,439,43.8,43,13.33,0,32.98,9.64,10.37,27.24,1.33,307.41,230.4,77.01,-12.35,14.4,14.6,26
Mon Sep 26 06:41:02 GMT-03:00 2022,26-Sep-2022 06:41:02.420,-35.21367877755826,-5.812523998731001,11.751842498779297,6.0,33.24347630034368,110.69442749023438,1.13,5.72,8.91,0.08,12.94,0.01,0.05,0.1,-0.06,17.25,9.02,14.7,19.61,94,17.97,1011.71,14.65,632.1,1,295.9,222,0,72,4.43,18.82,15.69,1298.5,19.61,13.14,1.22,47.45,-6.25,-2.34,-3.12,-,0.23,6,33.24,110.69,-5.81,-35.21,19,2.8,5.94,29,33.69,9.84,10.16,3.33,95.17,27.79,0.82,0.78,3.14,440,42.31,41,13.33,0,32.98,9.84,10.16,27.79,1.37,308.4,231.4,77.01,-12.22,14.34,14.5,22
Mon Sep 26 06:41:03 GMT-03:00 2022,26-Sep-2022 06:41:03.422,-35.21358705182744,-5.812557537348639,11.392148971557617,6.0,33.453453942955214,110.78472137451172,-1.02,4.24,8.63,-0.02,12.94,-0.01,-0.07,-0.1,0.03,16.08,7.45,14.7,19.61,94,18.06,1011.8,14.65,632.1,1,295.9,222,0,72,-,18.43,16.08,1334.5,19.61,13.14,1.22,47.45,-6.25,-4.69,-5.47,-,0.23,6,33.45,110.78,-5.81,-35.21,22,2.31,-,29,33.69,9.84,10.16,3.33,95.17,27.79,0.69,0.79,3.14,441,41.01,40,13.33,-6,-,9.84,10.16,27.79,1.37,309.42,232.41,77.01,-12.22,14.34,14.6,22
Mon Sep 26 06:41:04 GMT-03:00 2022,26-Sep-2022 06:41:04.420,-35.21349278796064,-5.812591923014184,10.93260669708252,6.0,33.52396732812939,110.66227722167969,0.92,5.41,8.67,0.04,13.33,0.09,0.22,0.04,0.06,14.9,7.45,14.7,19.61,94,18.13,1011.77,14.65,630.3,1,298.77,222,0,72,-,18.43,24.31,1314,19.61,13.16,1.2,47.45,-6.25,-2.34,-1.56,-,0.23,6,33.52,110.66,-5.81,-35.21,25,4.01,-,29,33.47,9.93,10.07,3.27,94.55,28.05,0.1,0.81,3.53,441,39.36,37,13.33,-10,-,9.93,10.07,28.05,1.37,310.41,233.41,77.01,-12.33,14.32,14.5,20
Mon Sep 26 06:41:05 GMT-03:00 2022,26-Sep-2022 06:41:05.420,-35.21340156528097,-5.812626526431474,10.500144958496094,6.0,33.35020899055996,110.3349609375,-1.17,5.95,9.29,0.13,13.73,0.13,-0.08,0.06,0.1,14.9,7.45,14.77,19.61,94,18.2,1011.75,14.65,630.3,1,301.6,222,0,72,-,31.76,24.31,1066,19.61,13.19,1.51,47.45,-5.47,0,0,-,0.23,6,33.35,110.33,-5.81,-35.21,25,3.36,-,29,24.51,9.99,10.01,4.13,69.25,28.22,0.5,0.81,3.53,442,37.8,36,13.73,5,-,9.99,10.01,28.22,1.37,311.41,234.41,77.01,-11.67,14.32,14.5,20
Mon Sep 26 06:41:06 GMT-03:00 2022,26-Sep-2022 06:41:06.421,-35.21331370380103,-5.812658451031414,10.20399284362793,6.0,33.49501500215613,109.8472671508789,0.07,4.3,7.98,-0.08,13.73,0.01,-0.03,0,0.01,14.9,7.45,14.77,19.61,94,18.26,1011.73,14.65,628.3,1,303.34,222,0,72,-,27.45,22.75,1118,19.61,13.22,1.5,47.45,-6.25,-3.91,-4.69,-,0.23,6,33.5,109.85,-5.81,-35.21,24,2.73,-,29,23.97,10.04,9.96,4.11,67.7,28.37,0.73,0.83,3.53,443,36.73,34,13.73,8,-,10.04,9.96,28.37,1.38,312.41,235.4,77.01,-11,14.3,14.5,21
Mon Sep 26 06:41:07 GMT-03:00 2022,26-Sep-2022 06:41:07.422,-35.21323050009168,-5.812688217644983,9.862826347351074,6.0,33.42916947083319,109.92293548583984,-0.57,5.85,7.29,-0.05,13.33,-0.04,-0.02,0.05,-0.1,14.9,7.45,14.7,19.61,94,18.32,1011.73,14.65,628.3,1,304.99,222,0,72,-,28.63,23.53,1031.5,19.61,13.24,1.41,47.45,-6.25,-0.78,-4.69,-,0.23,6,33.43,109.92,-5.81,-35.21,21,3.51,-,29,24.1,10.1,9.9,3.86,68.08,28.52,0.73,0.83,3.53,445,35.51,32,13.73,9,-,10.1,9.9,28.52,1.39,313.4,236.39,77.01,-11.38,14.3,14.5,21
Mon Sep 26 06:41:08 GMT-03:00 2022,26-Sep-2022 06:41:08.420,-35.2131485551466,-5.812717660065672,9.584667205810547,6.0,33.090381968544946,110.39118957519531,-0.91,6.24,9.5,0.16,13.33,0,0.04,0.03,-0.01,14.9,7.45,14.7,19.61,94,18.36,1011.68,14.65,627.2,1,306.65,222,0,72,-,28.24,23.14,985.5,19.61,13.27,1.37,47.45,-6.25,-3.91,0,-,0.23,6,33.09,110.39,-5.81,-35.21,24,5.5,-,29,23.41,10.15,9.85,3.74,66.13,28.67,0.28,0.83,3.53,446,34.5,29,13.73,9,-,10.15,9.85,28.67,1.42,314.42,237.41,77.01,-11.22,14.3,14.5,22
Mon Sep 26 06:41:09 GMT-03:00 2022,26-Sep-2022 06:41:09.419,-35.21307685849933,-5.812742019711626,8.622448921203613,6.0,33.13796353420541,110.02825164794922,0.39,4.51,8.69,-0,12.94,0,0.07,-0.08,0.04,14.9,7.45,14.7,19.61,94,18.36,1011.69,14.65,627.2,1,308.22,222,0,72,-,28.24,22.35,1017,19.61,13.29,1.07,47.45,-6.25,-3.91,-4.69,-,0.23,6,33.14,110.03,-5.81,-35.21,23,7.04,-,29,26.99,10.21,9.79,2.94,76.24,28.85,0.8,0.82,3.14,447,31.04,24,13.73,8,-,10.21,9.79,28.85,1.42,315.43,238.42,77.01,-11.83,14.36,14.5,21
Mon Sep 26 06:41:10 GMT-03:00 2022,26-Sep-2022 06:41:10.417,-35.21301601302048,-5.812762675949426,6.995160102844238,6.0,32.87895332994446,109.63936614990234,-0.55,3.47,9.49,0.03,12.55,-0.1,0.01,-0.14,-0.04,14.9,7.45,14.7,19.61,94,18.38,1011.75,14.65,625.1,1,308.22,222,0,72,-,23.92,17.65,1017,19.61,13.29,1.07,47.45,-7.03,-3.91,-3.12,-,0.23,6,32.88,109.64,-5.81,-35.21,22,7.04,-,29,26.99,10.21,9.79,2.94,76.24,28.85,0.09,0.81,2.75,448,25.18,24,12.94,8,-,10.21,9.79,28.85,1.42,316.41,239.41,77.01,-11.83,14.32,14.5,21
Mon Sep 26 06:41:11 GMT-03:00 2022,26-Sep-2022 06:41:11.417,-35.212974287845554,-5.812775887320215,4.887585639953613,6.0,32.86617538000086,110.14290618896484,0.32,5.96,7.51,-0.03,12.94,-0.02,0.06,0.06,-0.07,14.9,7.45,14.7,19.61,94,18.36,1011.75,14.65,624,1,310.2,222,0,72,-,21.96,17.65,924,19.61,13.31,0.99,47.45,-7.03,-0.78,0.78,-,0.23,6,32.87,110.14,-5.81,-35.21,22,11.18,-,29,24.14,10.27,9.74,2.72,68.2,29,0.1,0.81,3.14,448,17.6,14,12.94,24,-,10.27,9.74,29,1.42,317.39,240.38,77.01,-12.12,14.34,14.6,20
Mon Sep 26 06:41:12 GMT-03:00 2022,26-Sep-2022 06:41:12.417,-35.21293526830471,-5.812788247307884,4.202334403991699,6.0,33.03477097920771,113.98719024658203,0.19,5.26,8.81,0.04,13.33,0,0,0.04,-0.03,14.9,7.45,14.7,19.61,94,18.33,1011.74,14.65,624,1,316.98,222,0,72,-,29.41,21.57,953.5,19.61,13.34,1.4,48.24,-6.25,3.91,3.91,-,0.23,6,33.03,113.99,-5.81,-35.21,21,5.13,-,29,10,10.27,9.74,3.83,28.25,29,0.1,0.82,3.53,449,15.13,10,13.73,5,-,10.27,9.74,29,1.42,318.4,241.4,77.01,-10.73,14.3,14.6,22
Mon Sep 26 06:41:13 GMT-03:00 2022,26-Sep-2022 06:41:13.417,-35.212918522786296,-5.812796707544056,3.0855212211608887,6.0,33.74257403703079,115.752197265625,-0.59,5.62,8.29,0.02,13.33,0.02,-0.02,0.03,0,14.9,7.45,14.7,19.61,94,18.3,1011.7,14.65,624,1,316.95,222,0,72,-,31.76,25.49,919,19.61,13.37,1.4,48.24,-5.47,3.91,3.12,-,0.23,6,33.74,115.75,-5.81,-35.21,23,2.11,-,29,7.14,10.25,9.75,3.83,20.18,28.97,0.83,0.81,3.53,451,11.11,9,13.73,4.5,-,10.25,9.75,28.97,1.42,319.35,242.35,77.01,-10.85,14.34,14.5,23
Mon Sep 26 06:41:14 GMT-03:00 2022,26-Sep-2022 06:41:14.417,-35.21289462693833,-5.812807260933731,2.634276866912842,6.0,33.765644936737736,114.61530303955078,-0.09,5.19,8.19,-0.01,13.33,0,0,0,0,14.9,7.45,14.7,19.61,94,18.25,1011.69,14.65,621.7,1,311.43,222,0,72,-,32.94,27.06,895.5,19.61,13.39,1.43,47.45,-5.47,0,-0.78,-,0.23,6,33.77,114.62,-5.81,-35.21,24,2.48,-,29,6.3,10.24,9.77,3.91,17.79,28.93,0.79,0.81,3.53,452,9.48,7,13.73,10.5,-,10.24,9.77,28.93,1.42,320.4,243.39,77.01,-10.62,14.28,14.5,24
Mon Sep 26 06:41:15 GMT-03:00 2022,26-Sep-2022 06:41:15.417,-35.21287400962023,-5.812814678326329,2.0799849033355713,6.0,33.698066467124164,112.5342788696289,0.17,4.93,8.7,0.02,13.73,0.01,0.04,-0.03,0.04,14.9,7.45,14.7,19.61,94,18.2,1011.73,14.65,620.4,1,310.97,222,0,72,-,32.94,28.63,877.5,19.61,13.42,1.47,47.45,-5.47,0,-0.78,-,0.23,6,33.7,112.53,-5.81,-35.21,20,4.49,-,29,4.76,10.22,9.79,4.02,13.46,28.87,0.79,0.81,3.53,453,7.49,3,13.73,10.5,-,10.22,9.79,28.87,1.42,321.39,244.39,77.01,-10.4,14.28,14.5,25
Mon Sep 26 06:41:16 GMT-03:00 2022,26-Sep-2022 06:41:16.417,-35.21286164202698,-5.812818140950525,1.2388970851898193,6.0,33.69884015525406,111.68264770507812,0.13,5.44,8.23,0,12.94,0,0.04,0.02,0,14.9,7.45,14.7,19.61,94,18.2,1011.72,14.65,620.4,1,310.97,222,0,72,-,35.29,27.45,877.5,19.61,13.42,1.47,47.45,-6.25,-0.78,0,-,0.23,6,33.7,111.68,-5.81,-35.21,20,4.49,-,29,4.76,10.22,9.79,4.02,13.46,28.87,0.09,0.8,3.14,454,4.46,3,13.73,2,-,10.22,9.79,28.87,1.42,322.27,245.27,77.01,-10.4,14.32,14.5,25
Mon Sep 26 06:41:17 GMT-03:00 2022,26-Sep-2022 06:41:17.417,-35.21285715548396,-5.812821417488648,0.5737491250038147,6.0,33.51783729118829,111.45687866210938,0.18,5.79,8,0,12.94,0,0.05,0.05,-0.02,14.9,7.45,14.7,19.61,94,18.13,1011.71,14.65,618.3,1,310.34,222,0,72,-,31.76,25.49,758.5,19.61,13.44,1.14,47.45,-7.03,2.34,2.34,-,0.23,6,33.52,111.46,-5.81,-35.21,23,4.46,-,29,2.62,10.19,9.81,3.13,7.41,28.79,0.83,0.8,3.14,454,2.07,0,13.33,7.5,-,10.19,9.81,28.79,1.42,323.42,245.56,77.85,-11.27,14.28,14.5,24
Mon Sep 26 06:41:18 GMT-03:00 2022,26-Sep-2022 06:41:18.419,-35.21285715548396,-5.812821417488648,0.1016797423362732,6.0,33.45291623282805,111.43428802490234,0.1,5.81,7.83,-0.01,14.12,0,0.04,0.05,-0.04,14.9,7.45,14.7,19.61,94,18.06,1011.69,14.65,618.3,1,309.47,222,0,72,-,33.33,25.49,755,19.61,13.47,1.27,47.45,-6.25,-1.56,-1.56,-,0.23,6,33.45,111.43,-5.81,-35.21,23,2.07,-,29,0,10.19,9.81,3.47,0,28.78,0.75,0.79,3.14,455,0.37,0,13.73,2,-,10.19,9.81,28.78,1.42,324.39,245.56,78.82,-10.32,14.36,14.5,25
Mon Sep 26 06:41:19 GMT-03:00 2022,26-Sep-2022 06:41:19.418,-35.21285715548396,-5.812821417488648,0.08725147694349289,6.0,33.485528925074824,111.37989807128906,0.01,5.78,7.84,-0.01,13.73,0,0.03,0.04,-0.04,14.9,7.45,14.7,19.61,94,17.99,1011.71,14.65,616.5,1,309.42,222,0,72,-,40,30.98,788.5,19.61,13.49,1.53,47.45,-5.47,1.56,2.34,-,0.23,6,33.49,111.38,-5.81,-35.21,23,0.31,-,29,0,10.19,9.82,4.19,0,28.78,0.07,0.79,3.92,456,0.31,0,14.12,3,-,10.19,9.82,28.78,1.42,325.39,245.56,79.82,-9.4,14.16,14.4,28
Mon Sep 26 06:41:20 GMT-03:00 2022,26-Sep-2022 06:41:20.417,-35.21285715548396,-5.812821417488648,0.0184305589646101,6.0,33.501171787407536,111.32334899902344,0.06,5.83,7.88,-0,13.73,0,0.03,0.04,-0.04,14.9,7.45,14.7,19.61,94,17.93,1011.7,14.65,616.5,1,304.25,222,0,72,-,39.22,32.55,811.5,19.61,13.52,1.5,46.67,-5.47,5.47,6.25,-,0.23,6,33.5,111.32,-5.81,-35.21,24,0.07,-,29,0,10.18,9.82,4.11,0,28.77,0.63,0.79,3.92,457,0.07,0,14.12,3.5,-,10.18,9.82,28.77,1.42,326.42,245.56,80.86,-9.72,14.28,14.4,29
Mon Sep 26 06:41:21 GMT-03:00 2022,26-Sep-2022 06:41:21.417,-35.21285715548396,-5.812821417488648,0.0,6.0,33.431280300967096,111.3192138671875,0.11,5.85,7.88,-0,13.73,0,0.04,0.05,-0.04,14.9,7.45,14.7,19.61,94,17.86,1011.73,14.65,615.5,1,299.08,222,0,72,-,39.22,32.16,811,19.61,13.55,1.49,45.88,-5.47,3.91,6.25,-,0.23,6,33.43,111.32,-5.81,-35.21,23,0,-,29,0,10.18,9.82,4.08,0,28.77,0.63,0.81,3.92,459,0,0,14.12,3.5,-,10.18,9.82,28.77,1.42,327.36,245.56,81.79,-9.89,14.28,14.5,30
Mon Sep 26 06:41:22 GMT-03:00 2022,26-Sep-2022 06:41:22.416,-35.21285715548396,-5.812821417488648,0.0,6.0,33.51030218286396,111.30632781982422,0.16,5.83,7.98,0.01,13.73,0,0.05,0.05,-0.03,14.9,7.45,14.7,19.61,94,17.79,1011.73,14.65,615.5,1,299.03,222,0,72,-,39.22,32.16,780.5,19.61,13.58,1.48,45.88,-5.47,3.91,3.12,-,0.23,6,33.51,111.31,-5.81,-35.21,24,0,-,29,0,10.18,9.82,4.05,0,28.76,0.85,0.81,3.53,460,0,0,14.12,3.5,-,10.18,9.82,28.76,1.42,328.41,245.56,82.85,-9.92,14.26,14.6,30
Mon Sep 26 06:41:23 GMT-03:00 2022,26-Sep-2022 06:41:23.416,-35.21285715548396,-5.812821417488648,0.0,6.0,33.61288986184888,111.27352905273438,0.19,5.83,7.99,0.01,13.73,0,0.05,0.05,-0.02,14.9,7.45,14.7,19.61,94,17.79,1011.75,14.65,614,1,299.03,222,0,72,-,39.61,32.16,780.5,19.61,13.58,1.48,45.49,-5.47,0,-0.78,-,0.23,6,33.61,111.27,-5.81,-35.21,23,0,-,29,0,10.18,9.82,4.05,0,28.76,0.79,0.81,3.53,461,0,0,14.12,4.5,-,10.18,9.82,28.76,1.42,329.41,245.56,83.85,-9.92,14.28,14.5,30
Mon Sep 26 06:41:24 GMT-03:00 2022,26-Sep-2022 06:41:24.416,-35.21285715548396,-5.812821417488648,0.009748807176947594,6.0,33.63460569517547,111.26520538330078,0.24,5.87,7.89,0,12.94,0,0.05,0.04,-0.03,14.9,7.45,14.7,19.61,94,17.73,1011.71,14.65,613.4,1,296.42,222,0,72,-,39.61,32.16,772.5,19.61,13.61,1.46,45.49,-6.25,-1.56,0,-,0.23,6,33.63,111.27,-5.81,-35.21,21,0,-,29,0,10.18,9.82,3.99,0,28.76,0.09,0.82,2.75,461,0.04,0,14.12,3,-,10.18,9.82,28.76,1.42,330.39,245.56,84.82,-9.81,14.3,14.5,31
Mon Sep 26 06:41:25 GMT-03:00 2022,26-Sep-2022 06:41:25.416,-35.21285715548396,-5.812821417488648,0.01930604688823223,6.0,33.75009793365058,111.2551040649414,0.2,5.83,7.9,-0,12.94,0,0.05,0.05,-0.03,14.9,7.45,14.7,19.61,94,17.66,1011.74,14.65,613.4,1,296.37,222,0,72,-,30.2,25.88,769,19.61,13.63,1.1,45.49,-7.03,1.56,1.56,-,0.24,6,33.75,111.26,-5.81,-35.21,23,0.07,-,29,0,10.18,9.83,3.02,0,28.75,0.82,0.85,3.14,462,0.07,0,13.33,6,-,10.18,9.83,28.75,1.42,331.4,245.56,85.84,-10.95,14.4,14.5,29
Mon Sep 26 06:41:26 GMT-03:00 2022,26-Sep-2022 06:41:26.417,-35.21285715548396,-5.812821417488648,0.023468099534511566,6.0,33.77207725254045,111.2409896850586,0.16,5.82,7.91,-0,12.94,0,0.04,0.05,-0.03,14.9,7.45,14.7,19.61,94,17.6,1011.73,14.65,613.4,1,296.32,222,0,72,-,30.98,25.1,757,19.61,13.65,1.14,45.49,-7.03,-3.12,1.56,-,0.24,6,33.77,111.24,-5.81,-35.21,21,0.08,-,30,0,10.18,9.83,3.11,0,28.75,0.82,0.85,3.14,464,0.08,0,13.33,6.5,-,10.18,9.83,28.75,1.42,332.42,245.56,86.85,-10.82,14.32,14.5,28
Mon Sep 26 06:41:27 GMT-03:00 2022,26-Sep-2022 06:41:27.417,-35.21285715548396,-5.812821417488648,0.02363835833966732,6.0,33.771846981373514,111.22631072998047,0.09,5.82,7.82,-0.01,12.94,0,0.04,0.05,-0.04,14.9,7.45,14.7,19.61,94,17.53,1011.71,14.65,612.3,1,296.27,222,0,72,-,30.98,25.49,762,19.61,13.67,1.11,45.49,-7.03,0,-3.91,-,0.24,6,33.77,111.23,-5.81,-35.21,23,0.09,-,30,0,10.17,9.83,3.05,0,28.74,0.62,0.83,3.14,465,0.09,0,13.33,6,-,10.17,9.83,28.74,1.42,333.33,245.56,87.77,-10.82,14.32,14.5,28
Mon Sep 26 06:41:28 GMT-03:00 2022,26-Sep-2022 06:41:28.417,-35.21285715548396,-5.812821417488648,0.022715942934155464,6.0,33.803296902111974,111.22354125976562,0.21,5.83,7.98,0.01,12.94,0,0.05,0.05,-0.03,14.9,7.45,14.7,19.61,94,17.53,1011.72,14.65,611.6,1,296.27,222,0,72,-,30.98,25.1,762,19.61,13.67,1.11,45.49,-7.03,0,1.56,-,0.24,6,33.8,111.22,-5.81,-35.21,23,0.09,-,30,0,10.17,9.83,3.05,0,28.74,0.09,0.82,3.14,466,0.08,0,13.33,6,-,10.17,9.83,28.74,1.42,334.4,245.56,88.84,-10.82,14.34,14.5,28
Mon Sep 26 06:41:29 GMT-03:00 2022,26-Sep-2022 06:41:29.417,-35.21285715548396,-5.812821417488648,0.027845554053783417,6.0,33.837793173295665,111.21233367919922,0.04,5.82,7.89,-0,12.94,0,0.03,0.05,-0.04,14.9,7.45,14.7,19.61,94,17.47,1011.75,14.65,611.6,1,296.21,222,0,73,-,30.98,25.1,772.5,19.61,13.7,1.15,45.49,-6.25,3.91,4.69,-,0.24,6,33.84,111.21,-5.81,-35.21,23,0.08,-,30,0,10.17,9.83,3.16,0,28.74,0.14,0.81,3.14,466,0.1,0,13.33,3.5,-,10.17,9.83,28.74,1.42,335.32,245.56,89.76,-10.71,14.34,14.5,27
Mon Sep 26 06:41:30 GMT-03:00 2022,26-Sep-2022 06:41:30.417,-35.21285715548396,-5.812821417488648,0.021158495917916298,6.0,33.870993333506455,111.20235443115234,0.1,6.27,7.55,-0,12.94,0.01,0.04,0.08,-0.05,21.96,11.37,14.7,19.61,94,17.41,1011.75,14.65,610.4,1,296.16,222,0,73,-,30.2,41.96,803.5,19.61,13.72,1.15,45.49,-7.03,3.91,3.12,-,0.24,6,33.87,111.2,-5.81,-35.21,23,0.1,-,30,0,10.17,9.83,3.16,0,28.73,0.82,0.81,3.14,467,0.08,0,13.33,3,-,10.17,9.83,28.73,1.42,336.43,245.56,90.86,-10.77,14.34,14.5,27
Mon Sep 26 06:41:31 GMT-03:00 2022,26-Sep-2022 06:41:31.418,-35.21285715548396,-5.812821417488648,0.07767679542303085,4.0,33.75838773087822,111.04228210449219,0.11,6.58,6.86,-0.03,12.94,-0.03,0.04,0.13,-0.14,21.96,11.37,14.7,19.61,94,17.35,1011.69,14.65,610.4,1,293.56,222,0,73,-,50.2,41.96,1536.5,19.61,13.78,3.61,45.1,-3.91,3.12,4.69,-,0.24,4,33.76,111.04,-5.81,-35.21,24,0.28,-,30,0,10.17,9.83,9.88,0,28.73,0.09,0.81,3.14,468,0.28,0,17.65,18.5,-,10.17,9.83,28.73,1.42,337.17,245.56,91.61,-2.97,14.36,14.5,40
Mon Sep 26 06:41:32 GMT-03:00 2022,26-Sep-2022 06:41:32.417,-35.21283674780878,-5.812836120849622,0.8784034252166748,4.0,33.77692482774833,110.03269958496094,0.45,6.72,7.64,0.04,17.65,0.01,0.08,0.14,-0.1,27.84,14.51,14.7,19.61,94,17.31,1011.67,14.65,609.2,1,290.96,222,0,73,4.12,54.51,45.1,1587.5,19.61,13.87,4.11,44.71,-3.91,-0.78,4.69,-,0.24,4,33.78,110.03,-5.81,-35.21,23,3.84,5.52,29,0,10.17,9.84,11.24,0,28.72,0.1,0.81,7.45,470,3.16,7,18.82,18.5,24.78,10.17,9.84,28.72,1.42,338.43,245.92,92.51,-7.7,14.3,14.6,42
Mon Sep 26 06:41:33 GMT-03:00 2022,26-Sep-2022 06:41:33.420,-35.212818147291586,-5.812841970537487,2.142143487930298,4.0,33.88889599410295,109.03181457519531,0.84,7.15,7.6,0.06,19.22,0.06,0.11,0.18,-0.06,29.8,15.69,14.7,19.61,94,17.29,1011.62,14.65,609.2,1,290.91,222,0,73,3.99,69.02,50.2,1896.5,19.61,13.98,5.91,44.71,-3.91,1.56,1.56,-,0.24,4,33.89,109.03,-5.81,-35.21,25,3.29,5.35,29,1.19,10.14,9.87,16.16,3.35,28.63,0.1,0.79,9.41,471,7.71,11,18.82,18.5,20.08,10.14,9.87,28.63,1.43,339.39,246.88,92.51,-5.02,14.3,14.6,48
Mon Sep 26 06:41:34 GMT-03:00 2022,26-Sep-2022 06:41:34.422,-35.21278758682991,-5.8128519109694174,3.8731613159179688,4.0,33.87343793572678,108.19158172607422,-0.24,6.06,7.34,-0.03,20.78,-0.08,-0.03,0.06,-0.15,25.49,13.33,14.7,19.61,94,17.28,1011.62,14.65,610,1,284.9,222,0,73,9.87,69.02,60,1549.5,19.61,14.07,5.02,43.92,-3.12,1.56,0,-,0.24,4,33.87,108.19,-5.81,-35.21,26,3.06,13.24,29,2.19,10.11,9.89,13.74,6.19,28.55,0.77,0.78,10.98,472,13.94,17,23.14,16.5,60.85,10.11,9.89,28.55,1.43,340.43,247.91,92.51,-7.79,14.34,14.6,47
Mon Sep 26 06:41:35 GMT-03:00 2022,26-Sep-2022 06:41:35.417,-35.21275591761748,-5.812859585128583,4.5206475257873535,4.0,34.0058868843022,106.7132797241211,0.94,7.22,6.79,0.01,25.1,0.01,0.12,0.19,-0.15,32.16,16.47,14.7,19.61,94,17.28,1011.6,14.65,610,1,284.9,222,0,73,9.87,70.2,66.27,1549.5,19.61,14.07,5.02,43.92,-3.12,4.69,6.25,-,0.24,4,34.01,106.71,-5.81,-35.21,27,3.06,13.24,29,2.19,10.11,9.89,13.74,6.19,28.55,0.29,0.77,14.51,472,16.27,17,22.75,17,60.85,10.11,9.89,28.55,1.43,341.42,248.91,92.51,-7.79,14.28,14.6,47
Mon Sep 26 06:41:36 GMT-03:00 2022,26-Sep-2022 06:41:36.418,-35.212710978992,-5.812869941764775,5.517960548400879,4.0,34.07144424014824,104.27765655517578,-0.23,6.83,6.99,-0.01,22.35,0.07,0.2,0.15,-0.04,26.27,13.33,14.7,19.61,94,17.3,1011.58,14.65,620.2,1,281.56,222,0,73,9.25,74.51,66.27,2163,19.61,14.24,8.03,43.53,-3.12,-0.78,3.12,-,0.25,4,34.07,104.28,-5.81,-35.21,25,5.73,12.4,28,2.12,10.08,9.92,21.97,5.98,28.47,0.38,0.79,12.55,473,19.86,22,24.71,18.5,40.82,10.08,9.92,28.47,1.44,342.4,249.89,92.51,-1.23,14.28,14.6,58
Mon Sep 26 06:41:37 GMT-03:00 2022,26-Sep-2022 06:41:37.417,-35.21265349644685,-5.812882362048679,6.538493633270264,4.0,34.34742351866237,103.61605834960938,0,5.07,8.51,0.01,20.78,0.01,0.03,-0.02,0.02,26.27,13.33,14.7,19.61,94,17.33,1011.54,14.65,620.2,1,280.77,222,0,73,7.18,59.61,54.12,1919.5,19.61,14.33,5.52,43.53,-3.12,6.25,3.12,-,0.25,4,34.35,103.62,-5.81,-35.21,27,1.46,9.62,28,3.98,10.06,9.94,15.11,11.25,28.41,0.81,0.79,10.98,474,23.54,25,20.78,21,35.7,10.06,9.94,28.41,1.44,343.42,250.9,92.51,-8.06,14.3,14.6,55
Mon Sep 26 06:41:38 GMT-03:00 2022,26-Sep-2022 06:41:38.417,-35.21258846903378,-5.812898150957489,7.482449054718018,4.0,34.391671828798856,104.41374206542969,1.19,10.54,6.03,0.24,20.78,-0.05,0.28,-0.2,0,28.24,14.51,14.7,19.61,94,17.37,1011.57,14.65,620.2,1,280.17,222,0,73,10.92,65.49,54.51,1802.5,19.61,14.45,5.79,43.53,-3.12,3.91,1.56,-,0.25,4,34.39,104.41,-5.81,-35.21,27,2.06,14.64,28,4.32,10.04,9.96,15.83,12.21,28.35,0.8,0.77,10.98,475,26.94,29,21.57,19.5,57.83,10.04,9.96,28.35,1.45,344.38,251.87,92.51,-6.87,14.4,14.6,54
Mon Sep 26 06:41:39 GMT-03:00 2022,26-Sep-2022 06:41:39.417,-35.2125196533428,-5.812917310753545,8.196463584899902,4.0,34.47283740454743,106.040771484375,0.05,6.88,9.57,0.2,20.39,0.2,0.03,0.16,0.13,28.63,14.12,14.7,19.61,94,17.42,1011.51,14.65,630.7,1,279.61,222,0,73,4.87,60.39,52.94,1783,19.61,14.56,5.22,43.53,-3.12,3.91,1.56,-,0.25,4,34.47,106.04,-5.81,-35.21,25,1.49,6.53,28,5.56,10.02,9.98,14.27,15.71,28.31,0.8,0.77,10.59,477,29.51,31,21.57,19.5,26.07,10.02,9.98,28.31,1.46,345.41,252.9,92.51,-7.18,14.4,14.6,53
Mon Sep 26 06:41:40 GMT-03:00 2022,26-Sep-2022 06:41:40.417,-35.212444256850226,-5.812940714851819,8.811149597167969,4.0,34.4816064587832,107.14624786376953,-0.09,5.7,7.45,-0.05,20,0.17,0,0.14,0.11,27.06,13.73,14.7,19.61,94,17.42,1011.49,14.65,635.2,1,279.17,222,0,73,4.87,60.39,52.16,1728.5,19.61,14.65,4.98,43.53,-3.12,2.34,0,-,0.25,4,34.48,107.15,-5.81,-35.21,26,1.49,6.53,28,6.22,10.01,9.99,13.63,17.58,28.27,0.71,0.77,10.2,478,31.72,31,20.78,20,26.07,10.01,9.99,28.27,1.46,346.42,253.9,92.51,-7.44,14.34,14.5,52
Mon Sep 26 06:41:41 GMT-03:00 2022,26-Sep-2022 06:41:41.420,-35.21236381866447,-5.812964983412908,9.43923568725586,4.0,34.50429780304358,107.65618896484375,-0.67,4.86,7.43,-0.09,15.69,-0.09,-0.03,-0.04,-0.08,19.22,9.8,14.7,19.61,94,17.48,1011.49,14.65,638.1,1,279.17,222,0,73,10.06,58.04,30.2,1728.5,19.61,14.65,4.98,43.53,-3.91,-0.78,0.78,-,0.25,4,34.5,107.66,-5.81,-35.21,26,2.28,13.49,28,6.22,10.01,9.99,13.63,17.58,28.27,0.16,0.76,5.49,478,33.98,34,18.04,21.5,55.59,10.01,9.99,28.27,1.46,347.4,254.89,92.51,-7.44,14.34,14.5,52
Mon Sep 26 06:41:42 GMT-03:00 2022,26-Sep-2022 06:41:42.419,-35.21228234449307,-5.8129910208047875,9.680612564086914,4.0,34.47493437013121,107.50004577636719,1.46,4.88,6.12,-0.19,13.73,0.04,0,0.05,0.01,20.78,9.8,14.7,19.61,94,17.54,1011.52,14.65,638.1,1,278.79,222,0,74,5.8,26.27,30.2,1565,19.61,14.69,1.91,43.53,-4.69,0.78,0,-,0.25,4,34.47,107.5,-5.81,-35.21,25,1.15,7.77,28,17.82,10.03,9.97,5.22,50.34,28.35,0.8,0.76,3.92,479,34.85,36,14.51,28.5,35.36,10.03,9.97,28.35,1.46,348.32,255.8,92.51,-11.8,14.34,14.6,44
Mon Sep 26 06:41:43 GMT-03:00 2022,26-Sep-2022 06:41:43.419,-35.212198829922585,-5.813017530631133,9.957502365112305,4.0,34.379394006069106,107.6766357421875,0.14,5.92,6.63,-0.1,13.73,-0.09,0.04,0.06,-0.16,20.78,11.37,14.7,19.61,94,17.6,1011.54,14.65,639.6,1,279.56,222,0,74,5.8,25.88,20.39,1715.5,19.61,14.73,2.19,43.53,-3.91,0.78,1.56,-,0.25,4,34.38,107.68,-5.81,-35.21,24,0.85,7.77,28,16.44,10.06,9.94,5.99,46.45,28.41,0.14,0.76,3.92,480,35.85,35,15.69,28.5,35.36,10.06,9.94,28.41,1.47,349.39,256.88,92.51,-11.04,14.34,14.5,39
Mon Sep 26 06:41:44 GMT-03:00 2022,26-Sep-2022 06:41:44.418,-35.21211230965759,-5.813047365855737,10.045427322387695,4.0,34.05577494983449,108.36028289794922,-0.46,4.7,7.71,-0.08,15.29,0,0.05,0,0,21.96,11.37,14.7,19.61,94,17.66,1011.62,14.65,639.6,1,280.18,222,0,75,5.8,31.76,24.71,1420.5,19.61,14.77,2.31,43.53,-3.91,-3.12,1.56,-,0.25,4,34.06,108.36,-5.81,-35.21,25,1.16,7.77,28,15.13,10.07,9.93,6.33,42.74,28.46,0.14,0.76,5.49,482,36.16,35,15.29,24,35.36,10.07,9.93,28.46,1.49,350.43,257.92,92.51,-11.17,14.34,14.5,35
Mon Sep 26 06:41:45 GMT-03:00 2022,26-Sep-2022 06:41:45.418,-35.21203037728576,-5.813074853040601,9.751771926879883,4.0,34.15324027120834,109.44493103027344,-0.37,6.45,8.25,0.07,14.9,0.06,0,0.11,0,21.57,10.98,14.7,19.61,94,17.66,1011.61,14.65,639.7,1,280.67,222,0,75,5.8,31.76,25.1,1431.5,19.61,14.82,1.89,43.53,-4.69,-3.12,-4.69,-,0.26,4,34.15,109.44,-5.81,-35.21,24,1.16,7.77,28,18.56,10.1,9.9,5.16,52.43,28.54,0.4,0.76,4.71,483,35.11,35,15.29,24,35.36,10.1,9.9,28.54,1.49,351.41,258.9,92.51,-11.22,14.28,14.6,32
Mon Sep 26 06:41:46 GMT-03:00 2022,26-Sep-2022 06:41:46.418,-35.2119468801208,-5.813106300717168,10.136847496032715,4.0,33.98533686580262,110.09519958496094,0.1,4.4,8.11,-0.06,13.73,0.25,0.01,0.25,0.12,20.39,10.59,14.7,19.61,94,17.72,1011.61,14.65,639.7,1,280.67,222,0,75,2.84,27.06,17.25,1431.5,19.61,14.82,1.89,43.53,-4.69,-1.56,-3.12,-,0.26,4,33.99,110.1,-5.81,-35.21,24,0.89,3.8,28,18.56,10.1,9.9,5.16,52.43,28.54,0.78,0.76,3.53,483,36.49,36,14.51,27,18.92,10.1,9.9,28.54,1.51,352.41,259.9,92.51,-11.22,14.34,14.5,32
Mon Sep 26 06:41:47 GMT-03:00 2022,26-Sep-2022 06:41:47.418,-35.211859176283006,-5.813138036663861,10.20749282836914,4.0,33.793467814152464,110.204345703125,0.94,4.65,8.64,0,12.94,0,0.12,-0.06,0.03,14.9,7.45,14.7,19.61,94,17.79,1011.61,14.65,639.3,1,281.49,222,0,75,2.84,19.22,17.25,1371.5,19.61,14.84,1.3,43.53,-5.47,-3.91,-3.12,-,0.26,4,33.79,110.2,-5.81,-35.21,25,0.49,3.8,29,27.75,10.16,9.84,3.55,78.38,28.71,0.08,0.76,3.14,484,36.75,36,13.73,7.5,18.92,10.16,9.84,28.71,1.51,353.42,260.91,92.51,-12.31,14.3,14.5,28
Mon Sep 26 06:41:48 GMT-03:00 2022,26-Sep-2022 06:41:48.419,-35.21177714765523,-5.813167745549572,9.78827953338623,4.0,33.81643481665511,109.05847930908203,1.09,3.69,8.81,-0.02,12.94,0.37,0.02,0.36,0.19,14.9,7.45,23.46,19.61,94,17.85,1011.66,14.65,639.3,1.6,283.18,222,0,75,2.84,18.43,16.08,1314.5,19.61,14.86,1.2,43.53,-6.25,-3.12,0,-,0.26,4,33.82,109.06,-5.81,-35.21,25,0.24,3.8,29,30.12,10.23,9.77,3.27,85.09,28.91,0.08,0.76,4.71,485,35.24,35,13.33,-10,18.92,10.23,9.77,28.91,1.53,354.42,261.91,92.51,-12.39,14.22,14.5,25
Mon Sep 26 06:41:49 GMT-03:00 2022,26-Sep-2022 06:41:49.417,-35.211695871065025,-5.813194939871802,9.783641815185547,4.0,33.87400260750667,109.63288116455078,1.05,6.68,8.73,0.12,14.9,0.12,0.13,0.14,0.04,14.9,7.45,23.46,19.61,94,17.9,1011.7,14.65,639.3,1.6,285.09,222,0,75,-,29.02,21.96,934,19.61,14.89,1.3,43.53,-6.25,0,0,-,0.26,4,33.87,109.63,-5.81,-35.21,24,1.22,-,29,26.98,10.29,9.72,3.55,76.2,29.07,0.83,0.76,4.71,487,35.22,34,13.33,3.5,-,10.29,9.72,29.07,1.53,355.42,262.9,92.51,-12.09,14.3,14.5,23
Mon Sep 26 06:41:50 GMT-03:00 2022,26-Sep-2022 06:41:50.417,-35.21161854477099,-5.81322154805246,9.313896179199219,4.0,33.84427968698921,110.12641143798828,0.46,5.65,8.54,0.04,14.9,0.21,0.23,0.09,0.17,14.9,7.45,23.46,19.61,94,17.9,1011.75,14.65,639.3,1.6,285.09,222,0,75,-,29.02,21.96,934,19.61,14.89,1.3,43.53,-6.25,0,0,-,0.26,4,33.84,110.13,-5.81,-35.21,26,1.22,-,29,26.98,10.29,9.72,3.55,76.2,29.07,0.83,0.76,4.71,487,33.53,34,13.33,3.5,-,10.29,9.72,29.07,1.55,355.76,263.25,92.51,-12.09,14.3,14.5,23
Mon Sep 26 06:41:51 GMT-03:00 2022,26-Sep-2022 06:41:51.417,-35.21154485487789,-5.813248623942472,8.599878311157227,4.0,33.78439360739839,110.43633270263672,0.83,3.72,8.68,-0.04,14.9,-0.03,0.11,-0.16,0.04,14.9,7.45,23.46,19.61,94,17.9,1011.76,14.65,639.3,1.6,285.09,222,0,75,-,29.02,21.96,934,19.61,14.89,1.3,43.53,-6.25,0,0,-,0.26,4,33.78,110.44,-5.81,-35.21,26,1.22,-,29,26.98,10.29,9.72,3.55,76.2,29.07,0.83,0.76,4.71,487,30.96,34,13.33,3.5,-,10.29,9.72,29.07,1.55,356.76,264.25,92.51,-12.09,14.3,14.5,23
Mon Sep 26 06:41:52 GMT-03:00 2022,26-Sep-2022 06:41:52.416,-35.21147933441358,-5.813274084720494,7.865675449371338,4.0,34.11396899098499,110.22531127929688,-0.35,4.73,8.03,-0.05,14.9,0.06,0.01,-0.09,0.12,14.9,7.45,23.46,19.61,94,17.9,1011.75,14.65,639.3,1.6,285.09,222,0,75,-,29.02,21.96,934,19.61,14.89,1.3,43.53,-6.25,0,0,-,0.26,4,34.11,110.23,-5.81,-35.21,26,1.22,-,29,26.98,10.29,9.72,3.55,76.2,29.07,0.83,0.76,4.71,487,28.32,34,13.33,3.5,-,10.29,9.72,29.07,1.57,357.74,265.23,92.51,-12.09,14.3,14.5,23
Mon Sep 26 06:41:53 GMT-03:00 2022,26-Sep-2022 06:41:53.416,-35.211422795890904,-5.813294394192808,6.742671489715576,4.0,34.23393047290159,110.46609497070312,0.73,6.47,8.95,0.13,14.9,-0.03,0,-0.06,0,14.9,7.45,23.46,19.61,94,17.9,1011.74,14.65,639.3,1.6,285.09,222,0,75,-,29.02,21.96,934,19.61,14.89,1.3,43.53,-6.25,0,0,-,0.26,4,34.23,110.47,-5.81,-35.21,27,1.22,-,29,26.98,10.29,9.72,3.55,76.2,29.07,0.83,0.76,4.71,487,24.27,34,13.33,3.5,-,10.29,9.72,29.07,1.57,358.75,266.24,92.51,-12.09,14.3,14.5,23
Mon Sep 26 06:41:54 GMT-03:00 2022,26-Sep-2022 06:41:54.419,-35.21137315623168,-5.813313881096217,5.690519332885742,4.0,34.15044147757818,110.48851013183594,0.67,5.63,9.17,0.1,14.9,0.09,0.1,0.03,0.09,14.9,7.45,23.46,19.61,94,17.9,1011.72,14.65,639.3,1.6,285.09,222,0,75,-,29.02,21.96,934,19.61,14.89,1.3,43.53,-7.03,0,0,-,0.26,4,34.15,110.49,-5.81,-35.21,26,1.22,-,29,26.98,10.29,9.72,3.55,76.2,29.07,0.83,0.76,4.71,487,20.49,34,13.33,3.5,-,10.29,9.72,29.07,1.57,359.75,267.24,92.51,-12.09,14.3,14.5,23
Mon Sep 26 06:41:55 GMT-03:00 2022,26-Sep-2022 06:41:55.420,-35.211324873486085,-5.8133316789382885,5.521671772003174,4.0,34.27595391391516,110.54857635498047,0.12,5.23,7.11,-0.1,14.9,-0.01,0.02,0,-0.01,14.9,7.45,23.46,19.61,94,17.9,1011.73,14.65,639.3,1.6,285.09,222,0,75,-,29.02,21.96,934,19.61,14.89,1.3,43.53,-7.03,0,0,-,0.26,4,34.28,110.55,-5.81,-35.21,25,1.22,-,29,26.98,10.29,9.72,3.55,76.2,29.07,0.83,0.76,4.71,487,19.88,34,13.33,3.5,-,10.29,9.72,29.07,1.59,360.75,268.24,92.51,-12.09,14.3,14.5,23
Mon Sep 26 06:41:56 GMT-03:00 2022,26-Sep-2022 06:41:56.417,-35.211280322227175,-5.813349379400173,5.169240951538086,4.0,34.292807405144735,110.78467559814453,0.03,5.11,8.32,-0.01,14.9,0,0.03,-0.01,0,14.9,7.45,23.46,19.61,94,17.9,1011.78,14.65,630.6,1.6,285.09,222,0,75,-,29.02,21.96,934,19.61,14.89,1.3,44.71,-7.03,0,0,-,0.26,4,34.29,110.78,-5.81,-35.21,26,1.22,-,29,26.98,10.29,9.72,3.55,76.2,29.07,0.83,0.76,4.71,487,18.61,34,13.33,3.5,-,10.29,9.72,29.07,1.59,362.14,269.63,92.51,-12.09,14.3,14.5,23
Mon Sep 26 06:41:57 GMT-03:00 2022,26-Sep-2022 06:41:57.417,-35.21123672886531,-5.813366184217429,4.881490230560303,4.0,34.27699369440725,110.79661560058594,-0.01,6.22,8.29,0.05,14.9,0.03,0.08,0.05,0,14.9,7.45,23.46,19.61,94,17.9,1011.76,14.65,630.6,1.6,285.09,222,0,75,-,29.02,21.96,934,19.61,14.89,1.3,44.71,-7.03,0,0,-,0.26,4,34.28,110.8,-5.81,-35.21,28,1.22,-,29,26.98,10.29,9.72,3.55,76.2,29.07,0.83,0.76,4.71,487,17.57,34,13.33,3.5,-,10.29,9.72,29.07,1.59,362.76,270.24,92.51,-12.09,14.3,14.5,23
Mon Sep 26 06:41:58 GMT-03:00 2022,26-Sep-2022 06:41:58.418,-35.21119634130441,-5.813380672205485,4.640276908874512,4.0,34.297988945182944,109.87562561035156,0.68,5.93,7.61,-0.02,14.9,-0.01,0.1,0.06,-0.06,14.9,7.45,23.46,19.61,94,17.9,1011.73,14.65,630.6,1.6,285.09,222,0,75,-,29.02,21.96,934,19.61,14.89,1.3,44.71,-7.03,0,0,-,0.26,4,34.3,109.88,-5.81,-35.21,28,1.22,-,29,26.98,10.29,9.72,3.55,76.2,29.07,0.83,0.76,4.71,487,16.7,34,13.33,3.5,-,10.29,9.72,29.07,1.59,363.76,271.25,92.51,-12.09,14.3,14.5,23
Mon Sep 26 06:41:59 GMT-03:00 2022,26-Sep-2022 06:41:59.417,-35.21115242288137,-5.813396599303336,4.831192493438721,4.0,34.15175388725219,109.99919128417969,-0.35,6.01,8.23,0.04,14.9,0.02,0.09,0.07,-0.02,14.9,7.45,23.46,19.61,94,17.9,1011.74,14.65,630.6,1.6,285.09,222,0,75,-,29.02,21.96,934,19.61,14.89,1.3,44.71,-7.03,0,0,-,0.26,4,34.15,110,-5.81,-35.21,28,1.22,-,29,26.98,10.29,9.72,3.55,76.2,29.07,0.83,0.76,4.71,487,17.39,34,13.33,3.5,-,10.29,9.72,29.07,1.61,364.75,272.23,92.51,-12.09,14.3,14.5,23
Mon Sep 26 06:42:00 GMT-03:00 2022,26-Sep-2022 06:42:00.418,-35.21110760297912,-5.813412868811899,5.199184894561768,4.0,34.15714174140301,110.03742218017578,1.97,6.25,8.28,0.07,14.9,0.07,0.23,0.09,0,14.9,7.45,23.46,19.61,94,17.9,1011.74,14.65,630.6,1.6,285.09,222,0,75,2.05,29.02,21.96,934,19.61,14.89,1.3,44.71,-7.03,0,0,-,0.26,4,34.16,110.04,-5.81,-35.21,27,1.22,2.74,29,26.98,10.29,9.72,3.55,76.2,29.07,0.83,0.76,4.71,487,18.72,34,13.33,3.5,-,10.29,9.72,29.07,1.61,365.75,273.24,92.51,-12.09,14.3,14.5,23
Mon Sep 26 06:42:01 GMT-03:00 2022,26-Sep-2022 06:42:01.417,-35.21105904964527,-5.813429044208216,5.477661609649658,4.0,34.248407487558175,109.29753112792969,0.53,6.71,8.36,0.09,14.9,0.11,0,0.04,0.1,14.9,7.45,14.7,19.61,94,17.9,1011.73,14.65,630.6,1,285.09,222,0,75,2.11,29.02,21.96,934,19.61,14.89,1.3,44.71,-7.03,0,0,-,0.26,4,34.25,109.3,-5.81,-35.21,27,1.22,2.83,29,26.98,10.29,9.72,3.55,76.2,29.07,0.83,0.76,4.71,487,19.72,34,13.33,3.5,-,10.29,9.72,29.07,1.61,367.17,274.66,92.51,-12.09,14.3,14.5,23
Mon Sep 26 06:42:02 GMT-03:00 2022,26-Sep-2022 06:42:02.420,-35.211009599413565,-5.81344626876528,5.7031168937683105,4.0,34.23103378029807,109.67620849609375,0.22,6.05,8.58,0.07,14.9,0.02,0.06,0.02,0.01,14.9,7.45,14.7,19.61,94,17.9,1011.77,14.65,630.6,1,285.09,222,0,75,2.11,29.02,21.96,934,19.61,14.89,1.3,44.71,-7.03,0,0,-,0.26,4,34.23,109.68,-5.81,-35.21,26,1.22,2.83,29,26.98,10.29,9.72,3.55,76.2,29.07,0.83,0.76,4.71,487,20.53,34,13.33,3.5,-,10.29,9.72,29.07,1.61,367.75,275.24,92.51,-12.09,14.3,14.5,23
Mon Sep 26 06:42:03 GMT-03:00 2022,26-Sep-2022 06:42:03.421,-35.21096322282778,-5.813464121972508,5.715642929077148,4.0,34.09684388132781,110.37987518310547,0.63,6,7.76,-0,13.33,0,0.09,0.07,-0.05,14.9,7.45,14.7,19.61,94,17.9,1011.7,14.65,630.6,1,285.09,222,0,75,0.96,29.02,21.96,934,19.61,14.89,1.3,44.71,-7.03,0,0,-,0.26,4,34.1,110.38,-5.81,-35.21,26,1.22,1.28,29,26.98,10.29,9.72,3.55,76.2,29.07,0.83,0.76,3.53,487,20.58,34,13.33,3.5,-,10.29,9.72,29.07,1.61,368.75,276.24,92.51,-12.09,14.3,14.5,23
Mon Sep 26 06:42:04 GMT-03:00 2022,26-Sep-2022 06:42:04.420,-35.210917818702534,-5.813482562549488,5.503732681274414,4.0,33.94788863328389,110.43256378173828,0.54,5.65,7.59,-0.04,13.33,-0.01,0.01,0.04,-0.04,14.9,7.45,14.7,19.61,94,17.9,1011.68,14.65,630.6,1,285.09,222,0,75,0.96,29.02,25.1,934,19.61,14.89,1.3,44.71,-7.03,0,0,-,0.26,4,33.95,110.43,-5.81,-35.21,24,1.22,1.28,29,26.98,10.29,9.72,3.55,76.2,29.07,0.83,0.76,3.53,502,19.81,34,13.33,3.5,-,10.29,9.72,29.07,1.61,369.88,277.37,92.51,-12.09,14.3,14.5,23
Mon Sep 26 06:42:05 GMT-03:00 2022,26-Sep-2022 06:42:05.422,-35.21087357268448,-5.813500480248967,5.217490196228027,4.0,33.92255096308789,110.65383911132812,-0.47,5.56,8.33,-0,13.33,0,0,0,0,14.9,7.45,14.7,19.61,94,17.9,1011.71,14.65,630.6,1,285.09,222,0,75,0.96,29.02,25.1,934,19.61,14.89,1.3,44.71,-7.03,0,0,-,0.26,4,33.92,110.65,-5.81,-35.21,27,1.22,1.28,29,26.98,10.29,9.72,3.55,76.2,29.07,0.83,0.76,3.53,502,18.78,34,13.33,3.5,-,10.29,9.72,29.07,1.61,370.76,278.25,92.51,-12.09,14.3,14.5,23
Mon Sep 26 06:42:06 GMT-03:00 2022,26-Sep-2022 06:42:06.422,-35.21083097124921,-5.813516029816371,4.926190376281738,4.0,33.9338688667426,110.97833251953125,-0.75,5.24,7.51,-0.07,13.33,-0.04,-0.03,-0.03,-0.03,14.9,7.45,14.7,19.61,94,17.9,1011.69,14.65,630.6,1,285.09,222,0,75,-,29.02,25.1,934,19.61,14.89,1.3,44.71,-7.03,0,0,-,0.26,4,33.93,110.98,-5.81,-35.21,26,1.22,-,29,26.98,10.29,9.72,3.55,76.2,29.07,0.83,0.76,3.53,502,17.73,34,13.33,3.5,-,10.29,9.72,29.07,1.61,371.77,279.26,92.51,-12.09,14.3,14.5,23
Mon Sep 26 06:42:07 GMT-03:00 2022,26-Sep-2022 06:42:07.417,-35.21079063266046,-5.81353129536821,4.620076656341553,4.0,33.79436363811933,110.59396362304688,-0.99,4.83,8.23,-0.02,13.33,-0.02,-0.06,-0.04,0,14.9,7.45,14.7,19.61,94,17.9,1011.75,14.65,630.6,1,285.09,222,0,75,-,29.02,25.1,934,19.61,14.89,1.3,44.71,-7.03,0,0,-,0.26,4,33.79,110.59,-5.81,-35.21,26,1.22,-,29,26.98,10.29,9.72,3.55,76.2,29.07,0.83,0.76,3.53,502,16.63,34,13.33,3.5,-,10.29,9.72,29.07,1.61,372.76,280.24,92.51,-12.09,14.3,14.5,23
Mon Sep 26 06:42:08 GMT-03:00 2022,26-Sep-2022 06:42:08.417,-35.21075492014252,-5.813541793162929,4.104005813598633,4.0,33.78749637800347,104.1474609375,-1.57,5.43,8.01,-0,13.33,0,-0.09,0,-0.01,14.9,7.45,14.7,19.61,94,17.9,1011.7,14.65,630.6,1,285.09,222,0,75,-,29.02,25.1,934,19.61,14.89,1.3,44.71,-7.03,0,0,-,0.26,4,33.79,104.15,-5.81,-35.21,26,1.22,-,29,26.98,10.29,9.72,3.55,76.2,29.07,0.83,0.76,3.53,502,14.77,34,13.33,3.5,-,10.29,9.72,29.07,1.61,373.75,281.23,92.51,-12.09,14.3,14.5,23
Mon Sep 26 06:42:09 GMT-03:00 2022,26-Sep-2022 06:42:09.419,-35.210721201143656,-5.813549655903624,3.8204572200775146,4.0,33.604086821377315,84.22232818603516,-2.49,5.84,8.1,0.05,13.33,0.04,-0.22,0.05,-0.01,14.9,7.45,14.7,19.61,94,17.9,1011.7,14.65,630.6,1,285.09,222,0,75,-,29.02,25.1,934,19.61,14.89,1.3,44.71,-7.03,0,0,-,0.26,4,33.6,84.22,-5.81,-35.21,27,1.22,-,29,26.98,10.29,9.72,3.55,76.2,29.07,0.83,0.76,3.53,502,13.75,34,13.33,3.5,-,10.29,9.72,29.07,1.61,374.76,282.24,92.51,-12.09,14.3,14.5,23
Mon Sep 26 06:42:10 GMT-03:00 2022,26-Sep-2022 06:42:10.420,-35.21068449229642,-5.813545029631843,3.923001766204834,4.0,33.614477427564076,56.08049011230469,-1.97,6.6,7.42,0.03,13.33,0.03,-0.14,0.11,-0.05,14.9,7.45,14.7,19.61,94,17.9,1011.71,14.65,630.6,1,285.09,222,0,75,0.56,29.02,25.1,934,19.61,14.89,1.3,44.71,-7.03,0,0,-,0.26,4,33.61,56.08,-5.81,-35.21,28,1.22,0.75,29,26.98,10.29,9.72,3.55,76.2,29.07,0.83,0.76,3.53,502,14.12,34,13.33,3.5,-,10.29,9.72,29.07,1.61,376.37,283.86,92.51,-12.09,14.3,14.5,23
Mon Sep 26 06:42:11 GMT-03:00 2022,26-Sep-2022 06:42:11.420,-35.210667637055636,-5.813489299343573,4.33645486831665,4.0,34.65803582476487,27.96074676513672,-0.98,6.99,6.76,-0.01,13.33,0,-0.06,0.17,-0.15,14.9,7.45,14.7,19.61,94,17.9,1011.72,14.65,630.6,1,285.09,222,0,75,0.56,29.02,25.1,934,19.61,14.89,1.3,44.71,-7.03,0,0,-,0.26,4,34.66,27.96,-5.81,-35.21,27,1.22,0.75,29,26.98,10.29,9.72,3.55,76.2,29.07,0.83,0.76,3.53,502,15.61,34,13.33,3.5,-,10.29,9.72,29.07,1.61,376.76,284.24,92.51,-12.09,14.3,14.5,23
Mon Sep 26 06:42:12 GMT-03:00 2022,26-Sep-2022 06:42:12.417,-35.210644357084774,-5.8134456831723975,5.526788711547852,4.0,34.571457503681145,15.712189674377441,-0.24,7.15,7.45,0.05,13.33,0.04,-0.02,0.18,-0.08,14.9,7.45,14.7,19.61,94,17.9,1011.63,14.65,630.6,1,285.09,222,0,75,6.29,29.02,25.1,934,19.61,14.89,1.3,44.71,-7.03,0,0,-,0.26,4,34.57,15.71,-5.81,-35.21,29,1.22,8.43,29,26.98,10.29,9.72,3.55,76.2,29.07,0.83,0.76,3.53,502,19.9,34,13.33,3.5,-,10.29,9.72,29.07,1.61,377.74,285.23,92.51,-12.09,14.3,14.5,23
Mon Sep 26 06:42:13 GMT-03:00 2022,26-Sep-2022 06:42:13.417,-35.21062850417653,-5.813386821582879,6.632183074951172,4.0,34.57873120106889,13.808246612548828,-0.02,7.18,8.14,0.1,13.33,0.1,0.03,0.19,-0.01,14.9,7.45,14.7,19.61,94,17.9,1011.65,14.65,630.6,1,285.09,222,0,75,10.21,29.02,25.1,934,19.61,14.89,1.3,44.71,-7.03,0,0,-,0.26,4,34.58,13.81,-5.81,-35.21,26,1.22,13.7,29,26.98,10.29,9.72,3.55,76.2,29.07,0.83,0.76,3.53,502,23.88,34,13.33,3.5,-,10.29,9.72,29.07,1.61,378.74,286.23,92.51,-12.09,14.3,14.5,23
Mon Sep 26 06:42:14 GMT-03:00 2022,26-Sep-2022 06:42:14.416,-35.21061217405445,-5.813320168220737,7.795620918273926,4.0,34.63377966607764,14.70290756225586,-0.13,6.59,7.45,0.01,13.33,-0.04,0.04,0.07,-0.11,14.9,7.45,14.7,19.61,94,17.9,1011.61,14.65,630.6,1,285.09,222,0,75,12.67,29.02,25.1,934,19.61,14.89,1.3,44.71,-7.03,0,0,-,0.26,4,34.63,14.7,-5.81,-35.21,26,1.22,16.99,29,26.98,10.29,9.72,3.55,76.2,29.07,0.83,0.76,3.53,502,28.06,34,13.33,3.5,-,10.29,9.72,29.07,1.61,379.75,287.23,92.51,-12.09,14.3,14.5,23
Mon Sep 26 06:42:15 GMT-03:00 2022,26-Sep-2022 06:42:15.416,-35.21058991892873,-5.813250751102896,8.192451477050781,4.0,34.32771295076349,15.549015998840332,0.18,6.71,7.78,0.05,13.33,0.04,0.05,0.14,-0.05,14.9,7.45,14.7,19.61,94,17.9,1011.61,14.65,630.6,1,285.09,222,0,75,12.67,29.02,25.1,934,19.61,14.89,1.3,47.06,-7.03,0,0,-,0.26,4,34.33,15.55,-5.81,-35.21,25,1.22,16.99,29,26.98,10.29,9.72,3.55,76.2,29.07,0.83,0.76,3.53,502,29.49,34,13.33,3.5,-,10.29,9.72,29.07,1.61,380.99,288.48,92.51,-12.09,14.3,14.5,23
Mon Sep 26 06:42:16 GMT-03:00 2022,26-Sep-2022 06:42:16.418,-35.21056683937711,-5.813169437128737,9.545698165893555,4.0,34.507698975154625,15.774222373962402,0.14,6.19,7.69,0,13.33,0.02,0.09,0.09,-0.03,14.9,7.45,14.7,19.61,94,17.95,1011.57,14.65,630.6,1,285.09,222,0,75,7.6,73.33,25.1,2119,19.61,14.89,1.3,47.06,-7.03,2.34,0.78,-,0.26,4,34.51,15.77,-5.81,-35.21,26,2.51,10.2,28,3.78,10.27,9.74,21.33,10.69,29.01,0.75,0.74,3.53,502,34.36,32,25.1,18.5,34.27,10.27,9.74,29.01,1.63,382.09,289.58,92.51,6.96,14.28,14.5,54
Mon Sep 26 06:42:17 GMT-03:00 2022,26-Sep-2022 06:42:17.417,-35.21053982482316,-5.813086781802002,9.722217559814453,4.0,34.974294550560096,15.957160949707031,0,6.4,7.51,0,13.33,0,0.03,0.11,-0.07,14.9,7.45,14.7,19.61,94,17.95,1011.49,14.65,630.6,1,285.09,222,0,75,7.6,73.33,25.1,2119,19.61,14.89,1.3,47.06,-7.03,2.34,0.78,-,0.26,4,34.97,15.96,-5.81,-35.21,24,2.51,10.2,28,3.78,10.27,9.74,21.33,10.69,29.01,0.75,0.74,3.53,502,35,32,25.1,18.5,34.27,10.27,9.74,29.01,1.63,382.74,290.23,92.51,6.96,14.28,14.5,54
Mon Sep 26 06:42:18 GMT-03:00 2022,26-Sep-2022 06:42:18.418,-35.21051288935201,-5.812998137987857,10.366592407226562,4.0,35.06850321431572,16.03430938720703,-0.14,6.28,7.74,0.01,13.33,-0.01,-0.04,0.08,-0.08,14.9,7.45,14.7,19.61,94,17.95,1011.51,14.65,630.6,1,285.09,222,0,75,7.6,73.33,25.1,2119,19.61,14.89,1.3,47.06,-7.03,2.34,0.78,-,0.26,4,35.07,16.03,-5.81,-35.21,23,2.51,10.2,28,3.78,10.27,9.74,21.33,10.69,29.01,0.75,0.74,3.53,502,37.32,32,25.1,18.5,34.27,10.27,9.74,29.01,1.63,383.76,291.25,92.51,6.96,14.28,14.5,54
Mon Sep 26 06:42:19 GMT-03:00 2022,26-Sep-2022 06:42:19.417,-35.210484360017766,-5.812907745171162,10.614331245422363,6.0,34.94411765788823,16.16901206970215,-0.13,6.49,7.65,0.02,13.33,0.02,0.01,0.12,-0.06,14.9,7.45,14.7,19.61,94,17.95,1011.47,14.65,630.6,1,285.09,222,0,75,7.6,73.33,25.1,2119,19.61,14.89,1.3,47.06,-7.03,2.34,0.78,-,0.26,6,34.94,16.17,-5.81,-35.21,24,2.51,10.2,28,3.78,10.27,9.74,21.33,10.69,29.01,0.75,0.74,3.53,502,38.21,32,25.1,18.5,34.27,10.27,9.74,29.01,1.63,385.22,292.71,92.51,6.96,14.28,14.5,54
Mon Sep 26 06:42:20 GMT-03:00 2022,26-Sep-2022 06:42:20.417,-35.210454982695715,-5.8128160590005,10.86999797821045,6.0,34.948612049129046,16.492660522460938,-0.4,5.89,7.43,-0.04,13.33,-0.04,-0.02,0.04,-0.08,14.9,7.45,14.7,19.61,94,17.95,1011.39,14.65,630.6,1,285.09,222,0,77,7.6,73.33,25.1,2119,19.61,14.89,1.3,47.06,-3.12,2.34,0.78,-,0.26,6,34.95,16.49,-5.81,-35.21,22,2.51,10.2,28,3.78,10.27,9.74,21.33,10.69,29.01,0.75,0.74,3.53,502,39.13,32,25.1,18.5,34.27,10.27,9.74,29.01,1.63,386.3,293.79,92.51,6.96,14.28,14.5,54
Mon Sep 26 06:42:21 GMT-03:00 2022,26-Sep-2022 06:42:21.417,-35.210419530075065,-5.812725851540823,10.850992202758789,6.0,35.43510186005221,16.398040771484375,0.1,5.94,8.35,0.04,13.33,0.04,0.04,0.06,0,14.9,7.45,14.7,19.61,94,17.95,1011.36,14.65,630.6,1,285.09,222,0,77,7.6,73.33,25.1,2119,19.61,14.89,1.3,47.06,-3.12,2.34,0.78,-,0.26,6,35.44,16.4,-5.81,-35.21,22,2.51,10.2,28,3.78,10.27,9.74,21.33,10.69,29.01,0.75,0.74,3.53,502,39.06,32,25.1,18.5,34.27,10.27,9.74,29.01,1.63,386.76,294.25,92.51,6.96,14.28,14.5,54
Mon Sep 26 06:42:22 GMT-03:00 2022,26-Sep-2022 06:42:22.417,-35.210388962644465,-5.8126363639573535,10.860151290893555,6.0,35.89569935072489,16.898527145385742,-0.04,5.69,8.05,0,13.33,0.03,0.05,0.06,0,14.9,7.45,14.7,19.61,94,17.95,1011.28,14.65,630.6,1,285.09,222,0,77,-,73.33,25.1,2119,19.61,14.89,1.3,47.06,-3.12,2.34,0.78,-,0.26,6,35.9,16.9,-5.81,-35.21,20,2.51,-,28,3.78,10.27,9.74,21.33,10.69,29.01,0.75,0.74,3.53,502,39.1,32,25.1,18.5,34.27,10.27,9.74,29.01,1.63,387.76,295.25,92.51,6.96,14.28,14.5,54
Mon Sep 26 06:42:23 GMT-03:00 2022,26-Sep-2022 06:42:23.417,-35.21036101548972,-5.81254604018702,10.69284439086914,6.0,35.860114311855064,17.095781326293945,0,4.87,8.35,-0.02,13.33,-0.01,0.03,-0.04,0,14.9,7.45,14.7,19.61,94,17.95,1011.25,14.65,660.9,1,285.09,222,0,77,-,73.33,25.1,2119,19.61,14.89,1.3,47.06,-3.12,2.34,0.78,-,0.26,6,35.86,17.1,-5.81,-35.21,22,2.51,-,28,3.78,10.27,9.74,21.33,10.69,29.01,0.75,0.74,3.53,502,38.49,32,25.1,18.5,34.27,10.27,9.74,29.01,1.63,388.75,296.24,92.51,6.96,14.28,14.5,54
Mon Sep 26 06:42:24 GMT-03:00 2022,26-Sep-2022 06:42:24.417,-35.21033326862344,-5.812458193607209,10.267507553100586,6.0,35.78752342068416,17.06270980834961,0.25,5.32,8.35,0.01,13.33,0.1,0.04,0.05,0.09,14.9,7.45,14.7,19.61,94,17.95,1011.25,14.65,660.9,1,285.09,222,0,77,-,73.33,25.1,2119,19.61,14.89,1.3,47.06,-3.12,2.34,0.78,-,0.26,6,35.79,17.06,-5.81,-35.21,24,2.51,-,28,3.78,10.27,9.74,21.33,10.69,29.01,0.75,0.74,3.53,502,36.96,32,25.1,18.5,34.27,10.27,9.74,29.01,1.63,389.75,297.23,92.51,6.96,14.28,14.5,54
Mon Sep 26 06:42:25 GMT-03:00 2022,26-Sep-2022 06:42:25.419,-35.21030890928855,-5.812375055372876,9.935370445251465,6.0,36.07693436108331,17.264833450317383,0.41,5.17,9.11,0.07,13.33,0.06,0.07,-0.01,0.08,14.9,7.45,14.7,19.61,94,17.95,1011.26,14.65,660.9,1,285.09,222,0,77,-,73.33,25.1,2119,19.61,14.89,1.3,47.06,-3.12,2.34,0.78,-,0.26,6,36.08,17.26,-5.81,-35.21,25,2.51,-,28,3.78,10.27,9.74,21.33,10.69,29.01,0.75,0.74,3.53,502,35.77,32,25.1,18.5,34.27,10.27,9.74,29.01,1.63,390.76,298.24,92.51,6.96,14.28,14.5,54
Mon Sep 26 06:42:26 GMT-03:00 2022,26-Sep-2022 06:42:26.417,-35.21028331535713,-5.812300318943863,9.281698226928711,6.0,36.32855020197588,17.005971908569336,0.15,4.19,8.59,-0.03,13.33,-0.06,0.01,-0.11,-0.01,14.9,7.45,14.7,19.61,94,17.95,1011.3,14.65,660.9,1,285.09,222,0,77,-,73.33,25.1,2119,19.61,14.89,1.3,47.06,-3.12,2.34,0.78,-,0.26,6,36.33,17.01,-5.81,-35.21,26,2.51,-,28,3.78,10.27,9.74,21.33,10.69,29.01,0.75,0.74,3.53,502,33.41,32,25.1,18.5,34.27,10.27,9.74,29.01,1.63,391.75,299.24,92.51,6.96,14.28,14.5,54
Mon Sep 26 06:42:27 GMT-03:00 2022,26-Sep-2022 06:42:27.416,-35.21026334192479,-5.81223654515958,7.527357578277588,6.0,36.329528383430016,16.72688865661621,0.21,4.4,8.98,0.02,13.33,0.02,0.05,-0.09,0.07,14.9,7.45,14.7,19.61,94,17.95,1011.31,14.65,660.9,1,285.09,222,0,77,-,73.33,25.1,2119,19.61,14.89,1.3,47.06,-3.12,2.34,0.78,-,0.26,6,36.33,16.73,-5.81,-35.21,25,2.51,-,28,3.78,10.27,9.74,21.33,10.69,29.01,0.75,0.74,3.53,502,27.1,32,25.1,18.5,34.27,10.27,9.74,29.01,1.63,392.75,300.24,92.51,6.96,14.28,14.5,54
Mon Sep 26 06:42:28 GMT-03:00 2022,26-Sep-2022 06:42:28.416,-35.21024699008583,-5.812184389533578,6.149860382080078,6.0,36.59006567407554,16.773338317871094,-0.23,3.81,9.01,-0.01,13.33,0.04,0.01,-0.14,0.12,14.9,7.45,14.7,19.61,94,17.95,1011.32,14.65,660.9,1,285.09,222,0,77,-,73.33,25.1,2119,19.61,14.89,1.3,47.06,-3.12,2.34,0.78,-,0.26,6,36.59,16.77,-5.81,-35.21,23,2.51,-,28,3.78,10.27,9.74,21.33,10.69,29.01,0.75,0.74,3.53,502,22.14,32,25.1,18.5,34.27,10.27,9.74,29.01,1.63,393.76,301.25,92.51,6.96,14.28,14.5,54
Mon Sep 26 06:42:29 GMT-03:00 2022,26-Sep-2022 06:42:29.417,-35.21023419436696,-5.812147481584361,4.1601738929748535,6.0,36.555353034767144,17.01462745666504,-0.37,4.18,8.91,0,13.73,0,0,-0.11,0.06,14.9,7.45,14.7,19.61,94,17.95,1011.32,14.65,660.9,1,285.09,222,0,77,-,73.33,25.1,2119,19.61,14.89,1.3,47.06,-3.12,2.34,0.78,-,0.26,6,36.56,17.01,-5.81,-35.21,23,2.51,-,28,3.78,10.27,9.74,21.33,10.69,29.01,0.75,0.74,3.92,502,14.98,32,25.1,18.5,34.27,10.27,9.74,29.01,1.63,395.18,302.67,92.51,6.96,14.28,14.5,54
Mon Sep 26 06:42:30 GMT-03:00 2022,26-Sep-2022 06:42:30.420,-35.210225340035464,-5.812124218574821,2.3918793201446533,6.0,36.49051905655527,17.331218719482422,-0.16,4.2,8.76,-0.01,13.73,0.01,0.02,-0.09,0.06,14.9,7.45,14.7,19.61,94,17.95,1011.29,14.65,660.9,1,285.09,222,0,77,-,73.33,29.41,2119,19.61,14.89,1.3,47.06,-3.12,2.34,0.78,-,0.26,6,36.49,17.33,-5.81,-35.21,23,2.51,-,28,3.78,10.27,9.74,21.33,10.69,29.01,0.75,0.74,3.92,528,8.61,32,25.1,18.5,34.27,10.27,9.74,29.01,1.63,396.29,303.78,92.51,6.96,14.28,14.5,54
Mon Sep 26 06:42:31 GMT-03:00 2022,26-Sep-2022 06:42:31.418,-35.210222238114405,-5.812115098265716,0.7796149253845215,6.0,36.48857560003321,17.535306930541992,-0.13,5.95,7.8,-0,13.73,0,0.01,0.06,-0.04,14.9,7.45,14.7,19.61,94,17.95,1011.33,14.65,660.9,1,285.09,222,0,77,-,73.33,29.41,2119,19.61,14.89,1.3,47.06,-3.12,2.34,0.78,-,0.26,6,36.49,17.54,-5.81,-35.21,24,2.51,-,28,3.78,10.27,9.74,21.33,10.69,29.01,0.75,0.74,3.92,528,2.81,32,25.1,18.5,34.27,10.27,9.74,29.01,1.63,396.75,303.78,92.97,6.96,14.28,14.5,54
Mon Sep 26 06:42:32 GMT-03:00 2022,26-Sep-2022 06:42:32.417,-35.210222238114405,-5.812115098265716,0.19102472066879272,6.0,36.081608549504764,17.501928329467773,-0.08,5.69,8.11,0.01,13.73,0,0.02,0.03,-0.02,14.9,7.45,14.7,19.61,94,17.95,1011.33,14.65,660.9,1,285.09,222,0,77,-,73.33,29.41,2119,19.61,14.89,1.3,47.06,-3.12,2.34,0.78,-,0.26,6,36.08,17.5,-5.81,-35.21,24,2.51,-,28,3.78,10.27,9.74,21.33,10.69,29.01,0.75,0.74,3.92,528,0.69,32,25.1,18.5,34.27,10.27,9.74,29.01,1.63,397.76,303.78,93.98,6.96,14.28,14.5,54
Mon Sep 26 06:42:33 GMT-03:00 2022,26-Sep-2022 06:42:33.416,-35.210222238114405,-5.812115098265716,0.0615854412317276,6.0,36.19467741119801,17.4830379486084,-0.1,5.69,8.04,0,13.73,0,0.02,0.04,-0.02,14.9,7.45,14.7,19.61,94,17.95,1011.32,14.65,660.9,1,285.09,222,0,77,-,73.33,29.41,2119,19.61,14.89,1.3,47.06,-3.12,2.34,0.78,-,0.26,6,36.19,17.48,-5.81,-35.21,24,2.51,-,28,3.78,10.27,9.74,21.33,10.69,29.01,0.75,0.74,3.92,528,0.22,32,25.1,18.5,34.27,10.27,9.74,29.01,1.63,398.75,303.78,94.97,6.96,14.28,14.5,54
Mon Sep 26 06:42:34 GMT-03:00 2022,26-Sep-2022 06:42:34.416,-35.210222238114405,-5.812115098265716,0.00629121158272028,6.0,36.23063407184592,17.468807220458984,-0.07,5.77,7.99,0,13.73,0,0.02,0.04,-0.02,14.9,7.45,14.7,19.61,94,17.95,1011.34,14.65,660.9,1,285.09,222,0,77,-,73.33,29.41,2119,19.61,14.89,1.3,47.06,-3.12,2.34,0.78,-,0.26,6,36.23,17.47,-5.81,-35.21,26,2.51,-,28,3.78,10.27,9.74,21.33,10.69,29.01,0.75,0.74,3.92,528,0.02,32,25.1,18.5,34.27,10.27,9.74,29.01,1.63,399.75,303.78,95.98,6.96,14.28,14.5,54
Mon Sep 26 06:42:35 GMT-03:00 2022,26-Sep-2022 06:42:35.417,-35.210222238114405,-5.812115098265716,0.009346745908260345,6.0,36.34274067541261,17.468717575073242,-0.15,5.72,8.09,0.01,13.73,0,0.01,0.04,-0.01,14.9,7.45,14.7,19.61,94,17.95,1011.32,14.65,660.9,1,285.09,222,0,77,-,73.33,29.41,2119,19.61,14.89,1.3,47.06,-3.12,2.34,0.78,-,0.26,6,36.34,17.47,-5.81,-35.21,25,2.51,-,28,3.78,10.27,9.74,21.33,10.69,29.01,0.75,0.74,3.92,528,0.03,32,25.1,18.5,34.27,10.27,9.74,29.01,1.63,400.74,303.78,96.96,6.96,14.28,14.5,54
Mon Sep 26 06:42:36 GMT-03:00 2022,26-Sep-2022 06:42:36.416,-35.210222238114405,-5.812115098265716,0.020331643521785736,6.0,36.44404100961925,17.4652156829834,-0.24,5.62,7.98,-0.01,13.73,0,0,0.03,-0.03,14.9,7.45,14.7,19.61,94,17.95,1011.33,14.65,660.9,1,285.09,222,0,77,0,73.33,29.41,2119,19.61,14.89,1.3,47.06,-3.12,2.34,0.78,-,0.26,6,36.44,17.47,-5.81,-35.21,22,2.51,0,28,3.78,10.27,9.74,21.33,10.69,29.01,0.75,0.74,3.92,528,0.07,32,25.1,18.5,34.27,10.27,9.74,29.01,1.63,402.4,303.78,98.63,6.96,14.28,14.5,54
Mon Sep 26 06:42:37 GMT-03:00 2022,26-Sep-2022 06:42:37.418,-35.210222238114405,-5.812115098265716,0.03067309409379959,6.0,36.552425600582644,17.45219612121582,-0.08,5.7,8.05,0,13.73,0,0.02,0.04,-0.02,14.9,7.45,14.7,19.61,94,17.95,1011.31,14.65,660.9,1,285.09,222,0,77,0,73.33,29.41,2119,19.61,14.89,1.3,47.06,-3.12,2.34,0.78,-,0.26,6,36.55,17.45,-5.81,-35.21,23,2.51,0,28,3.78,10.27,9.74,21.33,10.69,29.01,0.75,0.74,3.92,528,0.11,32,25.1,18.5,34.27,10.27,9.74,29.01,1.63,402.75,303.78,98.97,6.96,14.28,14.5,54
Mon Sep 26 06:42:38 GMT-03:00 2022,26-Sep-2022 06:42:38.419,-35.210222238114405,-5.812115098265716,0.022377068176865578,6.0,36.600838881236854,17.448434829711914,-0.17,5.72,8.04,0,13.73,0,0.01,0.04,-0.02,14.9,7.45,14.7,19.61,94,17.95,1011.3,14.65,660.9,1,285.09,222,0,77,0,73.33,29.41,2119,19.61,14.89,1.3,47.06,-3.12,2.34,0.78,-,0.26,6,36.6,17.45,-5.81,-35.21,22,2.51,0,28,3.78,10.27,9.74,21.33,10.69,29.01,0.75,0.74,3.92,528,0.08,32,25.1,18.5,34.27,10.27,9.74,29.01,1.63,403.76,303.78,99.98,6.96,14.28,14.5,54
Mon Sep 26 06:42:39 GMT-03:00 2022,26-Sep-2022 06:42:39.419,-35.210222238114405,-5.812115098265716,0.01514246966689825,6.0,36.69876441212518,17.442840576171875,-0.19,5.71,8.04,0,13.73,0,0.01,0.04,-0.02,14.9,7.45,14.7,19.61,94,17.95,1011.28,14.65,660.9,1,285.09,222,0,77,0,73.33,29.41,2119,19.61,14.89,1.3,47.06,-3.12,2.34,0.78,-,0.26,6,36.7,17.44,-5.81,-35.21,23,2.51,0,28,3.78,10.27,9.74,21.33,10.69,29.01,0.75,0.74,3.92,528,0.05,32,25.1,18.5,34.27,10.27,9.74,29.01,1.63,404.76,303.78,100.98,6.96,14.28,14.5,54
Mon Sep 26 06:42:40 GMT-03:00 2022,26-Sep-2022 06:42:40.419,-35.210222238114405,-5.812115098265716,0.012230544351041317,6.0,36.7918445055591,17.43321990966797,-0.24,5.72,8.04,0,13.73,0,0,0.04,-0.02,14.9,7.45,14.7,19.61,94,17.95,1011.29,14.65,660.9,1,285.09,222,0,77,-,73.33,29.41,2119,19.61,14.89,1.3,47.06,-3.12,2.34,0.78,-,0.26,6,36.79,17.43,-5.81,-35.21,23,2.51,-,28,3.78,10.27,9.74,21.33,10.69,29.01,0.75,0.74,3.92,528,0.04,32,25.1,18.5,34.27,10.27,9.74,29.01,1.63,405.76,303.78,101.98,6.96,14.28,14.5,54
Mon Sep 26 06:42:41 GMT-03:00 2022,26-Sep-2022 06:42:41.419,-35.210222238114405,-5.812115098265716,0.01268194243311882,6.0,36.836525433244105,17.41326141357422,-0.17,5.67,8.06,0,13.73,0,0.01,0.03,-0.02,14.9,7.45,14.7,19.61,94,17.95,1011.3,14.65,660.9,1,285.09,222,0,78,-,73.33,29.41,2119,19.61,14.89,1.3,48.63,-3.12,2.34,0.78,-,0.26,6,36.84,17.41,-5.81,-35.21,25,2.51,-,28,3.78,10.27,9.74,21.33,10.69,29.01,0.75,0.74,3.92,528,0.05,32,25.1,18.5,34.27,10.27,9.74,29.01,1.63,407.13,303.78,103.36,6.96,14.28,14.5,54
Mon Sep 26 06:42:42 GMT-03:00 2022,26-Sep-2022 06:42:42.418,-35.210222238114405,-5.812115098265716,0.01266524288803339,6.0,36.887251328361295,17.400285720825195,-0.05,5.73,8.08,0.01,13.73,0,0.02,0.04,-0.02,14.9,7.45,14.7,19.61,94,17.89,1011.32,14.65,660.9,1,285.09,222,0,78,-,30.59,29.41,759.5,19.61,14.89,1.3,48.63,-3.12,-2.34,-0.78,-,0.26,6,36.89,17.4,-5.81,-35.21,25,0.05,-,30,0.04,10.23,9.77,2.91,0.12,28.91,0.09,0.84,3.92,528,0.05,0,13.33,4.5,-,10.23,9.77,28.91,1.63,408.16,303.78,104.38,-13.35,14.22,14.5,42
Mon Sep 26 06:42:43 GMT-03:00 2022,26-Sep-2022 06:42:43.416,-35.210222238114405,-5.812115098265716,0.011932013556361198,6.0,36.91645718551135,17.39501953125,-0.18,5.99,7.82,0,13.73,0,0.01,0.07,-0.04,14.9,7.45,14.7,19.61,94,17.89,1011.33,14.65,660.9,1,285.09,222,0,78,-,30.59,29.41,759.5,19.61,14.89,1.3,48.63,-3.12,-2.34,-0.78,-,0.26,6,36.92,17.4,-5.81,-35.21,25,0.05,-,30,0.04,10.23,9.77,2.91,0.12,28.91,0.09,0.84,3.92,528,0.04,0,13.33,4.5,-,10.23,9.77,28.91,1.63,408.76,303.78,104.98,-13.35,14.22,14.5,42
Mon Sep 26 06:42:44 GMT-03:00 2022,26-Sep-2022 06:42:44.416,-35.210222238114405,-5.812115098265716,0.08362878113985062,6.0,36.87795713824089,17.41098403930664,-0.1,6.58,7.47,0.01,13.73,0,0.01,0.13,-0.1,14.9,7.45,14.7,19.61,94,17.89,1011.32,14.65,660.9,1,285.09,222,0,78,-,30.59,29.41,759.5,19.61,14.89,1.3,48.63,-3.12,-2.34,-0.78,-,0.26,6,36.88,17.41,-5.81,-35.21,24,0.05,-,30,0.04,10.23,9.77,2.91,0.12,28.91,0.09,0.84,3.92,528,0.3,0,13.33,4.5,-,10.23,9.77,28.91,1.63,409.76,303.78,105.99,-13.35,14.22,14.5,42
Mon Sep 26 06:42:45 GMT-03:00 2022,26-Sep-2022 06:42:45.417,-35.2102004293364,-5.812083185294656,0.5124289393424988,6.0,36.87439203711239,17.526958465576172,0.13,6.78,7.36,0.02,13.73,0.02,0.04,0.15,-0.09,14.9,7.45,14.7,19.61,94,17.89,1011.31,14.65,660.9,1,285.09,222,0,78,-,30.59,29.41,759.5,19.61,14.89,1.3,48.63,-3.12,-2.34,-0.78,-,0.26,6,36.87,17.53,-5.81,-35.21,24,0.05,-,30,0.04,10.23,9.77,2.91,0.12,28.91,0.09,0.84,3.92,528,1.84,0,13.33,4.5,-,10.23,9.77,28.91,1.63,411.22,303.78,107.45,-13.35,14.22,14.5,42
Mon Sep 26 06:42:46 GMT-03:00 2022,26-Sep-2022 06:42:46.418,-35.21019573352025,-5.81206761340533,1.1790744066238403,6.0,36.87289151919442,17.82515525817871,-0.03,6.7,7.23,0,13.73,0,-0.02,0.16,-0.14,14.9,7.45,14.7,19.61,94,17.89,1011.32,14.65,660.9,1,285.09,222,0,78,-,30.59,29.41,759.5,19.61,14.89,1.3,48.63,-3.12,-2.34,-0.78,-,0.26,6,36.87,17.83,-5.81,-35.21,21,0.05,-,30,0.04,10.23,9.77,2.91,0.12,28.91,0.09,0.84,3.92,528,4.24,0,13.33,4.5,-,10.23,9.77,28.91,1.63,412.32,303.78,108.54,-13.35,14.22,14.5,42
Mon Sep 26 06:42:47 GMT-03:00 2022,26-Sep-2022 06:42:47.417,-35.21018610030439,-5.812041538902166,2.8506834506988525,4.0,36.7126114801932,17.686233520507812,-0.34,6.46,7.01,-0.03,13.73,-0.02,0,0.11,-0.12,14.9,7.45,14.7,19.61,94,17.89,1011.25,14.65,660.9,1,285.09,222,0,78,-,30.59,29.41,759.5,19.61,14.89,1.3,48.63,-3.12,-2.34,-0.78,-,0.26,4,36.71,17.69,-5.81,-35.21,22,0.05,-,30,0.04,10.23,9.77,2.91,0.12,28.91,0.09,0.84,3.92,528,10.26,0,13.33,4.5,-,10.23,9.77,28.91,1.63,412.75,304.2,108.54,-13.35,14.22,14.5,42
Mon Sep 26 06:42:48 GMT-03:00 2022,26-Sep-2022 06:42:48.417,-35.210173206711694,-5.812002231983472,4.398719310760498,4.0,36.56022282531587,17.52163314819336,-0.35,6.19,7.83,0.02,13.73,0,0,0.1,-0.06,14.9,7.45,14.7,19.61,94,17.89,1011.29,14.65,660.9,1,285.09,222,0,78,9.47,30.59,29.41,759.5,19.61,14.89,1.3,48.63,-3.12,-2.34,-0.78,-,0.26,4,36.56,17.52,-5.81,-35.21,23,0.05,12.7,30,0.04,10.23,9.77,2.91,0.12,28.91,0.09,0.84,3.92,528,15.84,0,13.33,4.5,-,10.23,9.77,28.91,1.63,413.75,305.21,108.54,-13.35,14.22,14.5,42
Mon Sep 26 06:42:49 GMT-03:00 2022,26-Sep-2022 06:42:49.417,-35.21015754373402,-5.81195337893402,5.469198226928711,4.0,36.29014897742485,16.238000869750977,-0.27,6.39,7.98,0.04,13.73,0.04,0,0.11,-0.03,14.9,7.45,14.7,19.61,94,17.89,1011.28,14.65,643.1,1,285.09,222,0,78,9.47,30.59,29.41,759.5,19.61,14.89,1.3,48.63,-3.12,-2.34,-0.78,-,0.26,4,36.29,16.24,-5.81,-35.21,21,0.05,12.7,30,0.04,10.23,9.77,2.91,0.12,28.91,0.09,0.84,3.92,528,19.69,0,13.33,4.5,-,10.23,9.77,28.91,1.63,414.75,306.21,108.54,-13.35,14.22,14.5,42
Mon Sep 26 06:42:50 GMT-03:00 2022,26-Sep-2022 06:42:50.417,-35.21013897045143,-5.811897820414477,6.4866414070129395,4.0,36.37121171960317,16.253971099853516,-0.19,6.22,7.44,-0.01,13.73,0.01,0.01,0.1,-0.06,14.9,7.45,14.7,19.61,94,17.89,1011.29,14.65,643.1,1,285.09,222,0,78,9.52,30.59,29.41,759.5,19.61,14.89,1.3,48.63,-3.12,-2.34,-0.78,-,0.26,4,36.37,16.25,-5.81,-35.21,24,0.05,12.77,30,0.04,10.23,9.77,2.91,0.12,28.91,0.09,0.84,3.92,528,23.35,0,13.33,4.5,-,10.23,9.77,28.91,1.63,415.74,307.2,108.54,-13.35,14.22,14.5,42
Mon Sep 26 06:42:51 GMT-03:00 2022,26-Sep-2022 06:42:51.417,-35.21011743463784,-5.811836867009481,7.256829261779785,4.0,36.332176920424644,16.505285263061523,-0.28,6.23,6.98,-0.05,20.78,-0.04,0,0.09,-0.13,27.45,14.12,14.7,19.61,94,17.89,1011.28,14.65,643.1,1,285.09,222,0,78,7.79,30.59,52.94,759.5,19.61,14.89,1.3,48.63,-3.12,-2.34,-0.78,-,0.26,4,36.33,16.51,-5.81,-35.21,22,0.05,10.44,30,0.04,10.23,9.77,2.91,0.12,28.91,0.09,0.84,10.59,549,26.12,0,13.33,4.5,-,10.23,9.77,28.91,1.63,417.42,308.88,108.54,-13.35,14.22,14.5,42
Mon Sep 26 06:42:52 GMT-03:00 2022,26-Sep-2022 06:42:52.417,-35.21009325314692,-5.811767336406335,8.101421356201172,4.0,36.325447083168676,16.692989349365234,-0.02,5.75,8.06,0.01,14.51,-0.02,0,0.04,-0.06,22.35,11.76,14.7,19.61,94,17.93,1011.27,14.65,647.5,1,285.09,222,0,78,7.79,48.63,25.49,1722.5,19.61,14.89,1.3,47.06,-3.91,-3.12,-4.69,-,0.26,4,36.33,16.69,-5.81,-35.21,24,3.88,10.44,29,6.5,10.22,9.78,10.99,18.37,28.87,0.82,0.76,4.71,549,29.17,30,16.47,-1.5,-,10.22,9.78,28.87,1.63,418.42,309.88,108.54,-0.91,14.2,14.5,55
Mon Sep 26 06:42:53 GMT-03:00 2022,26-Sep-2022 06:42:53.417,-35.21007204060134,-5.811694616611137,8.427210807800293,4.0,36.38900465241212,16.905391693115234,-0.15,5.51,7.53,-0.05,16.47,-0.04,0.01,0.02,-0.07,24.71,12.55,14.7,19.61,94,17.97,1011.25,14.65,647.5,1,307.84,222,0,78,6.83,36.86,39.61,1469,19.61,14.93,0.04,47.06,-3.91,-8.59,-5.47,-,0.26,4,36.39,16.91,-5.81,-35.21,25,0.83,9.16,29,11.03,10.22,9.78,7.44,31.17,28.88,0.07,0.76,6.67,550,30.34,30,16.86,22.5,44.42,10.22,9.78,28.88,1.64,419.4,310.86,108.54,-10.56,14.28,14.4,48
Mon Sep 26 06:42:54 GMT-03:00 2022,26-Sep-2022 06:42:54.418,-35.21004856123753,-5.811619487242984,8.657735824584961,4.0,36.472159656662605,17.14033317565918,-0.24,6.13,7.48,-0.02,19.61,-0.02,0.06,0.09,-0.11,27.06,12.55,14.7,19.61,94,18.01,1011.29,14.65,648.9,1,305.35,222,0,79,2.87,49.8,39.61,1592.5,19.61,15.01,3.98,46.67,-3.12,0,1.56,-,0.26,4,36.47,17.14,-5.81,-35.21,22,0.17,3.85,29,7.54,10.21,9.79,10.88,21.31,28.86,0.08,0.75,9.8,551,31.17,31,19.22,21,17.22,10.21,9.79,28.86,1.65,420.37,311.83,108.54,-7.64,14.2,14.4,48
Mon Sep 26 06:42:55 GMT-03:00 2022,26-Sep-2022 06:42:55.418,-35.210023400859754,-5.81154317263335,8.990117073059082,4.0,36.62662173056179,17.1201114654541,0.37,5.72,7.97,-0,16.86,0,0.07,0.04,-0.03,27.06,14.12,14.7,19.61,94,18.06,1011.26,14.65,648.9,1,305.09,222,0,79,3.4,57.65,47.45,1832,19.61,15.09,5.17,46.67,-3.12,-0.78,-3.12,-,0.26,4,36.63,17.12,-5.81,-35.21,24,0.36,4.56,29,5.99,10.2,9.8,14.16,16.92,28.82,0.75,0.74,7.06,552,32.36,32,18.43,19.5,17.73,10.2,9.8,28.82,1.65,421.41,312.87,108.54,-6.23,14.2,14.5,50
Mon Sep 26 06:42:56 GMT-03:00 2022,26-Sep-2022 06:42:56.417,-35.209997128225716,-5.811460381923129,9.603636741638184,4.0,36.20222345989267,16.869047164916992,0.05,5.86,8.38,0.04,16.86,0,0.03,0.04,-0.02,20.39,10.59,14.7,19.61,94,18.12,1011.3,14.65,650.5,1,304.66,222,0,79,9.78,38.04,41.57,1421,19.61,15.13,2.4,46.67,-4.69,-2.34,-3.91,-,0.26,4,36.2,16.87,-5.81,-35.21,17,0.43,13.11,29,13.31,10.21,9.79,6.58,37.59,28.84,0.81,0.73,7.06,553,34.57,35,14.9,23,65.71,10.21,9.79,28.84,1.66,422.43,313.88,108.54,-11.25,14.24,14.5,43
Mon Sep 26 06:42:57 GMT-03:00 2022,26-Sep-2022 06:42:57.418,-35.209970549344916,-5.811377177915705,9.727334976196289,4.0,35.70669661698757,16.822162628173828,0.23,6.29,7.51,-0,14.12,0,0.05,0.1,-0.07,20,10.59,14.7,19.61,94,18.17,1011.3,14.65,650.5,1,304.97,222,0,79,9.78,55.69,23.14,1395.5,19.61,15.22,4.27,46.67,-4.69,-4.69,-3.91,-,0.26,4,35.71,16.82,-5.81,-35.21,22,0.02,13.11,29,8.19,10.2,9.8,11.69,23.14,28.83,0.06,0.73,4.31,555,35.02,35,18.82,18,65.71,10.2,9.8,28.83,1.66,423.42,314.87,108.54,-6.86,14.2,14.5,46
Mon Sep 26 06:42:58 GMT-03:00 2022,26-Sep-2022 06:42:58.419,-35.2099393562972,-5.8112914814462435,9.92971420288086,4.0,36.18090081303101,16.72182846069336,-0.06,6.61,8.42,0.09,18.82,0,0.03,0.08,-0.06,26.67,13.73,14.7,19.61,94,18.23,1011.28,14.65,650.5,1,304.77,222,0,79,9.78,59.61,50.2,1528.5,19.61,15.28,4.38,46.67,-3.12,1.56,2.34,-,0.26,4,36.18,16.72,-5.81,-35.21,22,0.25,13.11,29,7.99,10.2,9.81,11.99,22.56,28.8,0.14,0.69,9.02,556,35.75,36,19.22,19.5,65.71,10.2,9.81,28.8,1.67,424.41,315.87,108.54,-6.52,14.16,14.5,48
Mon Sep 26 06:42:59 GMT-03:00 2022,26-Sep-2022 06:42:59.419,-35.209908775495144,-5.811203523745293,10.313897132873535,4.0,36.30542903193768,16.646984100341797,0.61,6.16,8.72,0.09,18.43,0.09,0.09,0.08,0.04,25.49,12.94,14.7,19.61,94,18.3,1011.25,14.65,650.5,1,304.55,222,0,80,6.29,60.78,49.02,1536,19.61,15.35,4,46.67,-3.12,-3.12,2.34,-,0.26,4,36.31,16.65,-5.81,-35.21,26,0.87,8.43,29,9,10.19,9.81,10.94,25.43,28.79,0.14,0.69,8.63,557,37.13,38,19.61,18.5,39.1,10.19,9.81,28.79,1.68,425.42,316.88,108.54,-7.88,14.2,14.5,47
Mon Sep 26 06:43:00 GMT-03:00 2022,26-Sep-2022 06:43:00.419,-35.20987758781709,-5.8111117214773484,10.721405029296875,4.0,36.39379429674737,16.60689926147461,-0.36,5.67,8.27,0.02,18.43,-0.03,-0.02,0.03,-0.07,18.04,9.41,14.7,19.61,94,18.37,1011.23,14.65,651.6,1,304.43,222,0,80,3.98,43.53,49.02,1465.5,19.61,15.4,2.86,46.67,-3.12,-0.78,0,-,0.27,4,36.39,16.61,-5.81,-35.21,23,0.4,5.34,29,13.28,10.2,9.8,7.83,37.51,28.82,0.11,0.69,9.02,558,38.6,39,15.69,-3,25.95,10.2,9.8,28.82,1.69,426.43,317.88,108.54,-9.82,14.22,14.4,44
Mon Sep 26 06:43:01 GMT-03:00 2022,26-Sep-2022 06:43:01.420,-35.20984501919159,-5.811018252713749,10.849387168884277,4.0,36.414078430207354,16.811338424682617,-0.41,6.04,8.4,0.05,15.69,0.05,-0.01,0.07,0.01,22.75,11.76,14.7,19.61,94,18.43,1011.29,14.65,651.6,1,304.74,222,0,80,3.98,51.37,39.61,1665,19.61,15.47,3.91,46.67,-4.69,-1.56,0,-,0.27,4,36.41,16.81,-5.81,-35.21,26,1.06,5.34,29,9.98,10.2,9.8,10.69,28.2,28.82,0.11,0.69,5.88,559,39.06,38,18.04,20,25.95,10.2,9.8,28.82,1.71,427.42,318.88,108.54,-7.75,14.22,14.4,44
Mon Sep 26 06:43:02 GMT-03:00 2022,26-Sep-2022 06:43:02.420,-35.20981340267909,-5.810929293860096,10.82596492767334,4.0,36.348790590792184,17.291248321533203,-0.3,5.89,7.96,0.01,16.47,0,-0.04,0.04,-0.03,20.39,10.59,14.7,19.61,94,18.49,1011.27,14.5,652.1,1,304.72,222,0,80,3.98,41.96,34.9,1565.5,19.61,15.51,3.27,46.67,-3.91,-1.56,-3.12,-,0.27,4,36.35,17.29,-5.81,-35.21,29,0.97,5.34,29,11.63,10.21,9.8,8.94,32.85,28.83,0.55,0.69,6.67,560,38.97,38,16.86,23,25.95,10.21,9.8,28.83,1.71,428.29,319.74,108.54,-9.42,14.26,14.4,42
Mon Sep 26 06:43:03 GMT-03:00 2022,26-Sep-2022 06:43:03.419,-35.20978063290006,-5.8108402253792,10.847029685974121,4.0,36.53004205366773,17.623388290405273,0,5.61,7.55,-0.04,18.04,-0.04,0.03,0.03,-0.07,24.31,12.55,14.7,19.61,94,18.56,1011.25,14.5,652.1,1,304.86,222,0,80,3.98,50.98,43.14,1717.5,19.61,15.58,4.23,46.67,-3.91,1.56,0.78,-,0.27,4,36.53,17.62,-5.81,-35.21,27,1.05,5.34,29,8.98,10.2,9.8,11.58,25.36,28.82,0.77,0.68,8.24,561,39.05,38,18.82,21,25.95,10.2,9.8,28.82,1.73,429.35,320.8,108.54,-7.5,14.26,14.5,43
Mon Sep 26 06:43:04 GMT-03:00 2022,26-Sep-2022 06:43:04.420,-35.20974980520663,-5.8107463101373895,10.879413604736328,4.0,36.68619374227335,16.766202926635742,-0.74,5.9,6.94,-0.07,18.04,-0.03,0.03,0.06,-0.09,25.88,13.33,14.7,19.61,94,18.62,1011.27,14.65,653.1,1,304.74,222,0,80,3.89,60.39,48.24,1477.5,19.61,15.66,4.44,46.67,-3.12,1.56,0.78,-,0.27,4,36.69,16.77,-5.81,-35.21,28,0.17,5.22,29,8.55,10.2,9.81,12.16,24.15,28.81,0.77,0.68,8.24,562,39.17,39,18.82,21,25.14,10.2,9.81,28.81,1.73,430.33,321.78,108.54,-7.95,14.26,14.5,44
Mon Sep 26 06:43:05 GMT-03:00 2022,26-Sep-2022 06:43:05.420,-35.20971822528593,-5.810653185020621,11.122608184814453,4.0,36.9131119191566,18.534189224243164,-0.1,6.21,7.48,-0.01,19.61,0,0.02,0.09,-0.08,27.45,14.12,14.7,19.61,94,18.7,1011.19,14.65,653.1,1,304.57,222,0,80,7.1,60.39,51.37,1565.5,19.61,15.75,4.71,46.67,-3.12,0,-2.34,-,0.27,4,36.91,18.53,-5.81,-35.21,28,0.96,9.53,29,8.29,10.19,9.81,12.88,23.4,28.79,0.63,0.68,9.41,563,40.04,41,19.61,18.5,43.33,10.19,9.81,28.79,1.75,431.41,322.86,108.54,-6.4,14.14,14.4,47
Mon Sep 26 06:43:06 GMT-03:00 2022,26-Sep-2022 06:43:06.420,-35.20968088070704,-5.810556436365113,11.360994338989258,4.0,37.033603293789184,18.592161178588867,-0.48,6.44,7.75,0.03,19.61,0.02,0.03,0.11,-0.04,27.45,14.12,14.7,19.61,94,18.7,1011.2,14.65,654.3,1,304.39,222,0,80,7.1,61.96,51.76,1565.5,19.61,15.83,4.7,46.67,-3.12,3.91,2.34,-,0.27,4,37.03,18.59,-5.81,-35.21,25,0.96,9.53,29,8.72,10.19,9.82,12.86,24.64,28.78,0.73,0.68,9.41,564,40.9,41,20,18.5,43.33,10.19,9.82,28.78,1.75,432.4,323.86,108.54,-6.88,14.28,14.4,48
Mon Sep 26 06:43:07 GMT-03:00 2022,26-Sep-2022 06:43:07.419,-35.20964661547787,-5.810454192962013,12.005756378173828,4.0,37.12077629088071,18.3895206451416,-0.85,5.82,7.77,-0.01,19.22,0,-0.05,0.05,-0.05,27.45,14.12,14.7,19.61,94,18.85,1011.22,14.65,654.3,1,304.25,222,0,80,4.23,60.78,51.76,1554,19.61,15.89,4.35,46.67,-3.12,-0.78,3.12,-,0.27,4,37.12,18.39,-5.81,-35.21,26,0.22,5.68,29,9.65,10.18,9.82,11.91,27.26,28.77,0.18,0.68,9.41,565,43.22,43,18.82,19.5,25.84,10.18,9.82,28.77,1.78,433.41,324.86,108.54,-7.44,14.22,14.4,48
Mon Sep 26 06:43:08 GMT-03:00 2022,26-Sep-2022 06:43:08.420,-35.20960997813962,-5.8103480678654815,12.285215377807617,4.0,37.39858730764655,18.113313674926758,-0.29,6,7.74,-0,18.04,-0.02,0.06,0.05,-0.07,24.31,12.16,14.7,19.61,94,18.93,1011.21,14.65,654.3,1,304.2,222,0,81,7.75,46.67,47.45,1461,19.61,15.94,2.89,46.67,-3.12,-4.69,-2.34,-,0.27,4,37.4,18.11,-5.81,-35.21,22,0.77,10.4,29,14.87,10.2,9.8,7.91,42.02,28.81,0.5,0.68,8.24,566,44.23,45,18.82,19.5,50.67,10.2,9.8,28.81,1.78,434.42,325.88,108.54,-9.83,14.22,14.4,44
Mon Sep 26 06:43:09 GMT-03:00 2022,26-Sep-2022 06:43:09.419,-35.209574177666326,-5.810239968537468,12.509648323059082,4.0,37.43901583498039,17.92925262451172,0.48,6.12,8,0.03,14.9,0.02,0.08,0.08,-0.02,21.96,11.37,14.7,19.61,94,18.93,1011.17,14.65,656.5,1,304.65,222,0,81,7.75,46.67,31.37,1339.5,19.61,15.98,2.05,46.67,-3.91,-4.69,-6.25,-,0.28,4,37.44,17.93,-5.81,-35.21,22,0.77,10.4,29,21.95,10.24,9.77,5.61,62,28.92,0.77,0.68,5.1,567,45.03,45,16.47,21,50.67,10.24,9.77,28.92,1.8,435.42,326.88,108.54,-11.02,14.18,14.5,39
Mon Sep 26 06:43:10 GMT-03:00 2022,26-Sep-2022 06:43:10.420,-35.20953842079883,-5.81013113047808,12.566024780273438,4.0,37.36434617972098,18.089405059814453,-0.45,6.49,8.95,0.13,17.65,-0.08,0,0.01,-0.11,25.1,12.94,14.7,19.61,94,19.02,1011.18,14.65,656.5,1,304.65,222,0,81,7.75,48.63,47.06,1339.5,19.61,15.98,2.05,46.67,-3.12,-8.59,-7.81,-,0.28,4,37.36,18.09,-5.81,-35.21,25,0.03,10.4,29,21.95,10.24,9.77,5.61,62,28.92,0.06,0.67,7.84,567,45.24,45,17.65,18.5,50.67,10.24,9.77,28.92,1.8,436.4,327.86,108.54,-11.02,14.16,14.4,39
Mon Sep 26 06:43:11 GMT-03:00 2022,26-Sep-2022 06:43:11.421,-35.209501723845754,-5.810021569169661,12.804567337036133,4.0,37.36894582722447,18.44213104248047,-0.66,5.12,6.58,-0.12,16.86,-0.11,-0.01,0,-0.14,14.9,12.94,14.7,19.61,94,19.1,1011.14,14.65,656.9,1,305.77,222,0,81,7.75,56.08,47.06,1453,19.61,16.05,3.67,46.67,-3.12,-0.78,0.78,-,0.28,4,37.37,18.44,-5.81,-35.21,23,0.24,10.4,29,12.25,10.24,9.76,10.05,34.61,28.94,0.12,0.67,6.67,568,46.1,45,18.04,19.5,50.67,10.24,9.76,28.94,1.83,437.4,328.85,108.54,-7.55,14.14,14.5,41
Mon Sep 26 06:43:12 GMT-03:00 2022,26-Sep-2022 06:43:12.421,-35.20946114445406,-5.809912872195511,12.93411636352539,4.0,37.84605509239885,18.17690086364746,-0.61,5.63,8.26,0.02,16.86,0.05,0,0.04,0.03,14.9,7.45,14.7,19.61,94,19.18,1011.16,14.65,656.9,1,305.96,222,0,81,3.69,24.71,35.29,1335.5,19.61,16.08,1.56,46.67,-3.12,-3.12,-4.69,-,0.28,4,37.85,18.18,-5.81,-35.21,23,0.56,4.95,29,28.84,10.3,9.71,4.27,81.46,29.11,0.85,0.67,6.67,569,46.56,46,13.33,0,26.4,10.3,9.71,29.11,1.83,438.42,329.87,108.54,-11.87,14.22,14.5,36
Mon Sep 26 06:43:13 GMT-03:00 2022,26-Sep-2022 06:43:13.420,-35.20942227366457,-5.809802696220406,12.8062162399292,4.0,38.0206689565495,18.50804328918457,-0.28,5.23,8.03,-0.03,12.94,-0.02,0,0,-0.02,14.9,7.45,14.7,19.61,94,19.26,1011.13,14.65,656.9,1,307.73,222,0,81,3.69,18.82,15.69,1336,19.61,16.1,1.21,46.67,-6.25,0,0,-,0.28,4,38.02,18.51,-5.81,-35.21,24,2.1,4.95,29,38.14,10.31,9.7,3.3,107.74,29.11,0.05,0.67,3.14,571,46.1,44,13.33,-11.5,26.4,10.31,9.7,29.11,1.85,439.42,330.88,108.54,-12.31,14.22,14.4,31
Mon Sep 26 06:43:14 GMT-03:00 2022,26-Sep-2022 06:43:14.419,-35.209384060957326,-5.8096979942693565,12.509666442871094,4.0,38.06511499238176,18.6645450592041,-0.37,5.69,8.74,0.06,12.94,0.06,-0.01,0.02,0.05,14.9,7.45,29.4,19.61,94,19.33,1011.12,14.65,656.9,2,307.83,222,0,81,3.69,20,15.29,1325.5,19.61,16.13,1.23,46.67,-6.25,0,0,-,0.28,4,38.07,18.66,-5.81,-35.21,24,3.03,4.95,29,35.83,10.31,9.7,3.36,101.22,29.12,0.05,0.67,3.14,572,45.03,42,13.33,-11.5,26.4,10.31,9.7,29.12,1.85,440.4,331.86,108.54,-12.27,14.22,14.4,27
Mon Sep 26 06:43:15 GMT-03:00 2022,26-Sep-2022 06:43:15.420,-35.2093485431462,-5.809596653395049,12.086156845092773,4.0,37.90528393765365,18.719778060913086,-0.28,6.12,7.96,0.02,20.39,0.02,0,0.08,-0.03,27.06,14.12,22.25,19.61,94,19.33,1011.17,14.65,656.1,1.51,307.93,222,0,81,3.69,20,58.04,1421.5,19.61,16.21,4.84,46.67,-3.91,0,0,-,0.28,4,37.91,18.72,-5.81,-35.21,20,3.03,4.95,29,8.68,10.3,9.7,13.24,24.52,29.11,0.01,0.01,10.59,573,43.51,42,13.33,-10,26.4,10.3,9.7,29.11,1.88,441.33,332.79,108.54,-5.2,14.12,14.4,36
Mon Sep 26 06:43:16 GMT-03:00 2022,26-Sep-2022 06:43:16.419,-35.209312271274996,-5.809492454658781,12.177434921264648,4.0,38.04953920417881,18.707231521606445,-0.39,5.75,7.92,-0,20,-0.01,-0.01,0.07,-0.07,26.67,13.73,13.69,19.61,94,19.41,1011.19,14.65,656.1,0.93,307.93,222,0,81,-,70.59,54.51,1421.5,19.61,16.21,4.84,47.06,-3.12,0,0,-,0.28,4,38.05,18.71,-5.81,-35.21,25,1.51,-,29,8.68,10.3,9.7,13.24,24.52,29.11,0.87,0.19,10.2,574,43.84,42,20.78,15.5,-,10.3,9.7,29.11,1.88,442.39,333.85,108.54,-5.2,14.2,14.5,36
Mon Sep 26 06:43:17 GMT-03:00 2022,26-Sep-2022 06:43:17.422,-35.209272691162106,-5.809387068088239,12.487689018249512,4.0,37.75587232146491,18.665822982788086,-0.12,5.69,8.11,0.01,16.86,0,0.01,0.02,-0.02,14.9,13.73,14.7,19.61,94,19.49,1011.21,14.65,652.5,1,310.36,222,0,81,13.35,63.92,54.51,1551.5,19.61,16.3,4.74,47.06,-3.12,3.12,1.56,-,0.28,4,37.76,18.67,-5.81,-35.21,26,1.16,17.91,29,8.86,10.3,9.71,12.97,25.03,29.1,0.76,0.82,8.24,574,44.96,45,19.22,18,82.19,10.3,9.71,29.1,1.9,443.35,334.8,108.54,-6.01,14.26,14.4,42
Mon Sep 26 06:43:18 GMT-03:00 2022,26-Sep-2022 06:43:18.420,-35.209232382082476,-5.809277037609002,12.915650367736816,4.0,37.343413519277696,18.838180541992188,-0.43,4.75,7.06,-0.13,16.86,-0.13,-0.01,-0.04,-0.13,14.9,7.45,14.7,19.61,94,19.57,1011.22,14.65,651.9,1,310.22,222,0,81,7.71,28.24,35.69,1380,19.61,16.34,1.78,47.06,-5.47,-0.78,-1.56,-,0.28,4,37.34,18.84,-5.81,-35.21,22,0.5,10.34,29,25.23,10.35,9.66,4.88,71.27,29.23,0.85,0.79,8.24,575,46.5,47,13.33,-1,53.35,10.35,9.66,29.23,1.9,444.39,335.84,108.54,-11.67,14.22,14.5,36
Mon Sep 26 06:43:19 GMT-03:00 2022,26-Sep-2022 06:43:19.421,-35.20919122624152,-5.809163959954826,13.151250839233398,4.0,37.05079241030381,19.09099769592285,-0.16,5.44,8.21,-0.04,12.94,-0.04,0.01,-0.02,-0.03,14.9,7.45,14.7,19.61,94,19.65,1011.28,14.65,651.9,1,311.63,222,0,81,7.71,18.43,15.29,1340.5,19.61,16.36,1.18,47.06,-5.47,-4.69,0,-,0.28,4,37.05,19.09,-5.81,-35.21,23,1.34,10.34,29,39.69,10.35,9.66,3.24,112.12,29.24,0.06,0.76,3.14,577,47.34,46,13.33,-11.5,53.35,10.35,9.66,29.24,1.93,445.42,336.88,108.54,-12.43,14.22,14.5,31
Mon Sep 26 06:43:20 GMT-03:00 2022,26-Sep-2022 06:43:20.420,-35.209152631887214,-5.809052767195982,13.03715991973877,4.0,37.03274033815993,19.0737361907959,-0.17,6.25,8.72,0.09,12.94,0.08,0.03,0.02,0.07,14.9,7.45,27.37,19.61,94,19.74,1011.31,14.65,651.9,1.86,311.73,222,0,81,7.71,20.39,15.29,1324,19.61,16.38,1.26,47.06,-6.25,0,0,-,0.28,4,37.03,19.07,-5.81,-35.21,25,0.93,10.34,29,36.59,10.35,9.66,3.44,103.36,29.25,0.06,0.76,3.14,578,46.93,46,13.33,-10,53.35,10.35,9.66,29.25,1.93,446.42,337.87,108.54,-12.22,14.18,14.5,27
Mon Sep 26 06:43:21 GMT-03:00 2022,26-Sep-2022 06:43:21.417,-35.20911406975647,-5.8089426069165135,12.962079048156738,4.0,36.95819754405589,19.026643753051758,-0.11,5.86,9.18,0.11,12.94,0.11,0.02,0.05,0.09,14.9,7.45,29.4,19.61,94,19.74,1011.4,14.65,650.9,2,311.83,222,0,81,7.71,20.39,16.08,1342,19.61,16.41,1.24,47.06,-6.25,0,0,-,0.28,4,36.96,19.03,-5.81,-35.21,23,0.93,10.34,29,37.24,10.36,9.66,3.38,105.19,29.26,0,0.24,3.14,579,46.66,46,13.33,-10,53.35,10.36,9.66,29.26,1.95,447.42,338.88,108.54,-12.23,14.18,14.5,25
Mon Sep 26 06:43:22 GMT-03:00 2022,26-Sep-2022 06:43:22.417,-35.20907594398468,-5.808831568124699,12.896516799926758,4.0,37.17690148212676,18.918832778930664,-0.25,5.74,8.32,0.03,12.94,0,0.01,0,0,14.9,7.45,29.4,19.61,94,19.82,1011.43,14.65,650,2,311.83,222,0,81,-,18.82,15.69,1342,19.61,16.41,1.24,47.06,-6.25,0,0,-,0.28,4,37.18,18.92,-5.81,-35.21,21,0.66,-,30,37.24,10.36,9.66,3.38,105.19,29.26,0,0.01,3.14,580,46.43,46,13.33,-10.5,-,10.36,9.66,29.26,1.95,448.41,339.86,108.54,-12.23,14.26,14.5,25
Mon Sep 26 06:43:23 GMT-03:00 2022,26-Sep-2022 06:43:23.417,-35.20903269256917,-5.808721609089068,12.984389305114746,4.0,36.83967249101884,18.950727462768555,-0.25,4.73,7.22,-0.12,12.94,-0.11,0,-0.05,-0.1,14.9,7.45,29.4,19.61,94,19.9,1011.47,14.65,650,2,311.92,222,0,81,-,18.82,15.69,1340.5,19.61,16.43,1.22,47.06,-6.25,0,0,-,0.28,4,36.84,18.95,-5.81,-35.21,22,0.43,-,30,37.8,10.36,9.65,3.33,106.77,29.27,0,0,3.14,580,46.74,46,13.33,-10.5,-,10.36,9.65,29.27,1.98,449.43,340.88,108.54,-12.29,14.22,14.5,22
Mon Sep 26 06:43:24 GMT-03:00 2022,26-Sep-2022 06:43:24.418,-35.20898916707596,-5.808611637750537,12.934700965881348,4.0,36.537757785515865,18.993621826171875,-0.04,5.57,8.63,0.04,12.94,-0.06,0,-0.03,-0.05,14.9,7.84,29.4,19.61,94,19.98,1011.5,14.65,647.9,2,314.62,222,0,82,-,18.82,15.69,1342.5,19.61,16.45,1.22,47.45,-6.25,0,0,-,0.28,4,36.54,18.99,-5.81,-35.21,20,1.74,-,30,37.8,10.36,9.65,3.33,106.77,29.27,0,0,3.14,581,46.56,45,13.33,-10.5,-,10.36,9.65,29.27,1.98,450.43,341.88,108.54,-12.29,14.22,14.5,21
Mon Sep 26 06:43:25 GMT-03:00 2022,26-Sep-2022 06:43:25.417,-35.20894887116447,-5.808503189355315,12.688630104064941,4.0,36.09132119652862,19.167659759521484,-1.15,5.93,8.26,0.04,12.94,0.02,0.13,0.06,-0.02,14.9,7.84,13.84,19.61,94,20.05,1011.61,14.65,647.9,0.94,314.72,222,0,82,-,35.29,17.25,1356.5,19.61,16.48,1.33,47.45,-3.91,0,0,-,0.28,4,36.09,19.17,-5.81,-35.21,23,0.68,-,30,33.92,10.44,9.58,3.63,95.82,29.48,0.18,0.05,5.49,582,45.68,45,15.69,21.5,-,10.44,9.58,29.48,2.01,451.4,342.86,108.54,-12.08,14.22,14.5,20
Mon Sep 26 06:43:26 GMT-03:00 2022,26-Sep-2022 06:43:26.419,-35.208909390253716,-5.8083971922418245,12.706561088562012,4.0,35.7737401017882,18.862579345703125,0.44,5.72,7.55,-0.04,15.29,0.04,0.1,0.1,-0.01,22.35,11.37,13.84,19.61,94,20.13,1011.53,14.65,647.9,0.94,316.92,222,0,81,-,35.29,30.59,1354,19.61,16.52,2.29,47.45,-4.69,0,0,-,0.28,4,35.77,18.86,-5.81,-35.21,21,0.74,-,30,19.64,10.46,9.56,6.27,55.47,29.56,0.87,0.1,5.49,584,45.74,45,15.29,22.5,-,10.46,9.56,29.56,2.01,452.34,343.8,108.54,-10.26,14.22,14.4,22
Mon Sep 26 06:43:27 GMT-03:00 2022,26-Sep-2022 06:43:27.417,-35.20886753642981,-5.8082851346379964,13.05302619934082,4.0,35.604320936010076,19.16755485534668,-0.75,5.91,8.16,0.03,14.51,0.09,0.04,0.06,0.06,21.57,10.98,13.51,19.61,94,20.21,1011.57,14.65,643.3,0.92,317.78,222,0,81,4.42,31.37,27.06,1284,19.61,16.56,1.93,47.45,-4.69,0,0,-,0.29,4,35.6,19.17,-5.81,-35.21,25,0.01,5.93,30,23.36,10.5,9.52,5.27,66,29.67,0.87,0.1,4.71,585,46.99,47,15.29,22.5,32.89,10.5,9.52,29.67,2.03,453.39,344.84,108.54,-10.95,14.22,14.4,23
Mon Sep 26 06:43:28 GMT-03:00 2022,26-Sep-2022 06:43:28.417,-35.208827651837744,-5.808171442564835,13.289828300476074,4.0,35.497426117121385,19.640600204467773,-0.37,5.7,8.38,0.03,14.51,0,-0.01,0.03,-0.04,21.57,10.98,13.44,19.61,94,20.29,1011.64,14.65,640.3,0.91,318.97,222,0,81,4.92,30.98,25.49,1237,19.61,16.59,1.85,47.45,-4.69,0,0,-,0.29,4,35.5,19.64,-5.81,-35.21,25,0.16,6.6,30,25.47,10.55,9.48,5.05,71.94,29.8,0.87,0.12,4.31,586,47.84,48,14.9,23,37.98,10.55,9.48,29.8,2.03,454.36,345.81,108.54,-10.91,14.22,14.4,23
Mon Sep 26 06:43:29 GMT-03:00 2022,26-Sep-2022 06:43:29.417,-35.2087830107053,-5.808056179058122,13.453252792358398,4.0,34.94105193074106,19.588523864746094,-0.31,5.41,8.69,0.04,13.33,-0.03,0,0.02,-0.06,20,10.2,13.4,19.61,94,20.29,1011.73,14.65,640.3,0.91,320.36,223,0,81,4.92,30.98,21.57,1237,19.61,16.61,1.33,47.45,-5.47,0,0,-,0.29,4,34.94,19.59,-5.81,-35.21,21,0.16,6.6,30,36.18,10.55,9.48,3.63,102.21,29.81,0.87,0.13,3.53,587,48.43,48,14.12,24,37.98,10.55,9.48,29.81,2.06,455.41,346.87,108.54,-11.86,14.2,14.4,22
Mon Sep 26 06:43:30 GMT-03:00 2022,26-Sep-2022 06:43:30.416,-35.20874057013979,-5.807936714021251,13.716596603393555,4.0,35.002207346076844,19.579608917236328,-0.39,5.46,8.13,-0,13.73,-0.02,-0.02,0.01,-0.04,20,10.59,14.51,19.61,94,20.38,1011.72,14.65,635.4,0.99,320.36,223,0,81,4.44,23.92,21.57,1208,19.61,16.61,1.33,47.45,-5.47,0,0,-,0.29,4,35,19.58,-5.81,-35.21,25,0.57,5.95,30,36.18,10.55,9.48,3.63,102.21,29.81,0.88,0.92,3.53,587,49.38,49,13.73,28.5,35.07,10.55,9.48,29.81,2.06,456.23,347.68,108.54,-11.86,14.16,14.4,22
Mon Sep 26 06:43:31 GMT-03:00 2022,26-Sep-2022 06:43:31.417,-35.20869732183273,-5.807818458296369,13.825325965881348,4.0,34.901326029016516,19.656381607055664,-0.89,5.68,8.84,0.07,13.73,0.09,0.04,0.08,0.04,20,10.59,14.7,19.61,94,20.47,1011.79,14.65,632.1,1,320.46,223,0,81,4.09,35.69,21.57,1244.5,19.61,16.66,2.23,47.45,-3.91,0,-2.34,-,0.29,4,34.9,19.66,-5.81,-35.21,25,0.23,5.49,30,21.94,10.59,9.45,6.11,61.99,29.91,0.81,0.87,4.31,588,49.77,50,15.29,12,31.42,10.59,9.45,29.91,2.09,457.4,348.86,108.54,-9.85,14.2,14.4,25
Mon Sep 26 06:43:32 GMT-03:00 2022,26-Sep-2022 06:43:32.417,-35.208653736412245,-5.807700213583499,13.960977554321289,4.0,34.679691441062126,19.828632354736328,-0.42,5.41,8.28,0.01,13.73,-0.02,-0.01,-0.02,-0.01,14.9,7.45,14.7,19.61,94,20.56,1011.84,14.65,632.1,1,321.5,223,0,81,4.09,20.78,23.14,1313,19.61,16.68,1.21,47.45,-6.25,-6.25,-7.03,-,0.29,4,34.68,19.83,-5.81,-35.21,22,0.26,5.49,30,41.46,10.59,9.44,3.3,117.11,29.91,0.77,0.83,4.31,589,50.26,50,13.33,-1,31.42,10.59,9.44,29.91,2.09,458.42,349.87,108.54,-12.13,14.16,14.4,23
Mon Sep 26 06:43:33 GMT-03:00 2022,26-Sep-2022 06:43:33.417,-35.20860975281464,-5.807585704012352,13.828185081481934,4.0,34.31246574431859,19.698223114013672,-0.72,5.08,7.83,-0.05,12.94,-0.05,-0.04,-0.02,-0.05,14.9,7.45,14.7,19.61,94,20.65,1011.92,14.65,632.1,1,324.26,223,0,81,4.09,18.82,15.69,1334.5,19.61,16.71,1.22,47.84,-6.25,0,0,-,0.29,4,34.31,19.7,-5.81,-35.21,23,0.78,5.49,30,41.08,10.59,9.44,3.33,116.06,29.92,0.01,0.82,3.14,591,49.78,49,13.33,-10.5,31.42,10.59,9.44,29.92,2.11,459.42,350.88,108.54,-12.24,14.22,14.4,21
Mon Sep 26 06:43:34 GMT-03:00 2022,26-Sep-2022 06:43:34.417,-35.20856722881913,-5.807470130842385,13.847321510314941,4.0,33.804705779848966,19.6185359954834,-0.4,4.84,7.86,-0.06,12.94,-0.1,0.01,-0.03,-0.09,14.9,7.45,29.4,19.61,94,20.73,1011.95,14.65,628.4,2,324.36,223,0,81,-,19.22,15.69,1353.5,19.61,16.73,1.27,47.84,-6.25,0,0,-,0.29,4,33.8,19.62,-5.81,-35.21,24,0.85,-,30,38.64,10.6,9.44,3.47,109.15,29.93,0.01,0.82,3.14,592,49.85,49,13.33,-10.5,-,10.6,9.44,29.93,2.11,460.42,351.87,108.54,-12.18,14.22,14.5,20
Mon Sep 26 06:43:35 GMT-03:00 2022,26-Sep-2022 06:43:35.417,-35.20852583112965,-5.807356685359399,13.510263442993164,4.0,33.59212565069876,19.546316146850586,-0.68,5.39,8.37,0.02,12.94,0,0.09,0,-0.01,14.9,7.45,29.4,19.61,94,20.73,1011.95,14.65,626.5,2,327.11,223,0,81,-,19.22,15.69,1340.5,19.61,16.75,1.25,48.24,-6.25,0,0,-,0.29,4,33.59,19.55,-5.81,-35.21,22,0.85,-,30,39.32,10.6,9.43,3.41,111.07,29.94,0,0.01,3.14,593,48.64,49,13.33,-10.5,-,10.6,9.43,29.94,2.14,461.41,352.87,108.54,-12.26,14.26,14.5,19
Mon Sep 26 06:43:36 GMT-03:00 2022,26-Sep-2022 06:43:36.418,-35.2084851272228,-5.80724414063812,13.367594718933105,4.0,33.310001058399955,19.516193389892578,0.22,5.27,8.54,0.02,12.94,0.04,0.03,0.01,0.04,14.9,7.45,29.4,19.61,94,20.81,1012.04,14.65,626.5,2,327.11,223,0,81,-,19.22,16.47,1340.5,19.61,16.75,1.25,48.24,-6.25,0,0,-,0.29,4,33.31,19.52,-5.81,-35.21,23,0.64,-,30,39.32,10.6,9.43,3.41,111.07,29.94,0,0,3.14,594,48.12,48,13.33,-10.5,-,10.6,9.43,29.94,2.14,462.43,353.88,108.54,-12.26,14.26,14.4,19
Mon Sep 26 06:43:37 GMT-03:00 2022,26-Sep-2022 06:43:37.418,-35.20844470550683,-5.807132971541905,13.239809036254883,4.0,33.07969809025732,19.580440521240234,-0.01,5.17,7.93,-0.04,12.94,-0.02,0.04,-0.02,-0.01,14.9,7.45,29.4,19.61,94,20.89,1012.04,14.65,626.5,2,327.21,223,0,81,-,19.22,16.47,1360,19.61,16.78,1.24,48.24,-6.25,0,0,-,0.29,4,33.08,19.58,-5.81,-35.21,23,1.12,-,30,38.86,10.6,9.43,3.38,109.77,29.95,0,0,3.14,594,47.66,47,13.33,-10,-,10.6,9.43,29.95,2.17,463.24,354.7,108.54,-12.25,14.22,14.5,18
Mon Sep 26 06:43:37 GMT-03:00 2022,26-Sep-2022 06:43:38.417,-35.20840466038342,-5.807023356196861,12.943511962890625,4.0,33.011722194454634,19.74462890625,0.16,5.63,8.24,0.01,12.94,0.01,0.04,0.03,0,14.9,7.45,29.4,19.61,94,20.96,1012.1,14.65,622.3,2,327.31,223,0,81,-,18.82,15.69,1354.5,19.61,16.81,1.24,48.24,-6.25,0,0,-,0.29,4,33.01,19.74,-5.81,-35.21,20,0.6,-,30,38.05,10.61,9.43,3.38,107.48,29.96,0,0,3.14,596,46.6,46,13.33,-10,-,10.61,9.43,29.96,2.17,464.42,355.87,108.54,-12.29,14.22,14.5,18
Mon Sep 26 06:43:38 GMT-03:00 2022,26-Sep-2022 06:43:39.417,-35.208364281527125,-5.80691414963024,12.895185470581055,6.0,32.667774480930774,19.885406494140625,-0.47,5.42,8.43,0.02,12.94,0,0.03,-0.03,0.01,14.9,7.45,29.4,19.61,94,20.96,1012.18,14.65,619.7,2,327.31,223,0,81,-,18.82,17.25,1354.5,19.61,16.81,1.24,48.24,-5.47,0,0,-,0.29,6,32.67,19.89,-5.81,-35.21,20,0.6,-,30,38.05,10.61,9.43,3.38,107.48,29.96,0,0,3.14,597,46.42,46,13.33,-10.5,-,10.61,9.43,29.96,2.19,465.43,356.88,108.54,-12.29,14.22,14.4,18
Mon Sep 26 06:43:39 GMT-03:00 2022,26-Sep-2022 06:43:40.418,-35.208324660367964,-5.806805061678367,12.87221908569336,6.0,32.45521384000927,19.76813507080078,0.4,5.05,7.87,-0.05,12.94,-0.04,0.07,-0.02,-0.04,14.9,7.45,29.4,19.61,94,21.04,1012.28,14.65,617.1,2,327.41,223,0,81,-,20.78,17.25,1355,19.61,16.84,1.28,48.24,-5.47,0,0,-,0.29,6,32.46,19.77,-5.81,-35.21,19,0.34,-,30,36.06,10.61,9.43,3.49,101.88,29.97,0,0,3.14,597,46.34,46,13.33,-10,-,10.61,9.43,29.97,2.19,466.4,357.86,108.54,-12.2,14.22,14.4,17
Mon Sep 26 06:43:40 GMT-03:00 2022,26-Sep-2022 06:43:41.418,-35.20828400468884,-5.8066955110723315,13.034690856933594,6.0,31.59382646833747,19.739700317382812,-0.07,6.41,8.17,0.06,12.94,0,-0.01,0.07,-0.04,14.9,7.45,29.4,19.61,94,21.12,1012.34,14.65,617.1,2,327.5,223,0,81,4.36,19.22,16.08,1357.5,19.61,16.87,1.26,48.24,-5.47,0,0,-,0.29,6,31.59,19.74,-5.81,-35.21,20,0.08,5.85,30,36.59,10.61,9.42,3.44,103.36,29.98,0,0,3.14,599,46.92,47,13.33,-10,30.68,10.61,9.42,29.98,2.22,467.33,358.78,108.54,-12.24,14.24,14.5,17
Mon Sep 26 06:43:41 GMT-03:00 2022,26-Sep-2022 06:43:42.419,-35.20824085165504,-5.806586235059233,13.259374618530273,6.0,30.431544880218006,19.879688262939453,-0.88,5.52,8.81,0.06,12.94,-0.01,0.06,-0.02,0,14.9,7.45,29.4,19.61,94,21.19,1012.48,14.65,617.1,2,327.6,223,0,81,4.49,18.82,15.69,1354.5,19.61,16.89,1.25,48.24,-5.47,0,0,-,0.29,6,30.43,19.88,-5.81,-35.21,21,0.27,6.02,30,37.71,10.62,9.42,3.41,106.53,29.99,0,0,3.14,600,47.73,48,13.33,-10,31.65,10.62,9.42,29.99,2.22,468.42,359.88,108.54,-12.26,14.22,14.5,17
Mon Sep 26 06:43:42 GMT-03:00 2022,26-Sep-2022 06:43:43.417,-35.208197849411874,-5.806472985313632,13.519754409790039,6.0,29.733496946216782,20.015487670898438,-0.24,5.11,7.49,-0.08,12.94,0.01,0,0,0,14.9,7.45,29.4,19.61,94,21.19,1012.54,14.65,612.9,2,330.36,223,0,81,4.49,18.82,15.69,1346.5,19.61,16.91,1.25,48.63,-6.25,0,0,-,0.29,6,29.73,20.02,-5.81,-35.21,23,0.27,6.02,30,38.52,10.62,9.42,3.41,108.8,29.99,0,0,3.14,601,48.67,48,13.33,-10,31.65,10.62,9.42,29.99,2.25,469.38,360.83,108.54,-12.26,14.22,14.4,17
Mon Sep 26 06:43:43 GMT-03:00 2022,26-Sep-2022 06:43:44.417,-35.208155383890706,-5.80635678027025,13.796098709106445,6.0,29.26713271949133,20.146465301513672,-0.52,5.07,8.15,-0.02,12.94,0.02,-0.04,0,0.01,14.9,7.45,29.4,19.61,94,21.28,1012.68,14.65,610.4,2,330.36,223,0,81,4.02,19.22,16.08,1346.5,19.61,16.91,1.25,48.63,-6.25,0,0,-,0.29,6,29.27,20.15,-5.81,-35.21,21,0.33,5.39,30,38.52,10.62,9.42,3.41,108.8,29.99,0,0,3.14,602,49.67,49,13.33,-10.5,28.48,10.62,9.42,29.99,2.25,470.41,361.86,108.54,-12.26,14.22,14.4,17
Mon Sep 26 06:43:44 GMT-03:00 2022,26-Sep-2022 06:43:45.417,-35.208113459793395,-5.806234608746277,14.213052749633789,6.0,28.777301278116983,20.247346878051758,-0.93,5.43,8.13,-0,12.94,-0.04,-0.07,-0.02,-0.04,14.9,7.45,29.4,19.61,94,21.36,1012.77,14.65,610.4,2,330.46,223,0,81,9.29,18.82,16.08,1336,19.61,16.94,1.24,48.63,-6.25,0,0,-,0.29,6,28.78,20.25,-5.81,-35.21,15,1.33,12.46,30,39.67,10.62,9.41,3.38,112.05,30,0,0,3.14,602,51.17,51,13.33,-10.5,66.4,10.62,9.41,30,2.27,471.4,362.85,108.54,-12.27,14.2,14.4,17
Mon Sep 26 06:43:45 GMT-03:00 2022,26-Sep-2022 06:43:46.417,-35.2080713021744,-5.806110888315688,14.373780250549316,6.0,28.075776622541166,20.05068588256836,-0.4,5.57,8.28,0.02,13.73,0,-0.02,-0.03,0.01,14.9,7.45,29.4,19.61,94,21.45,1012.88,14.65,605.6,2,330.56,223,0,81,5,18.04,15.69,1440.5,19.61,16.96,1.31,48.63,-5.47,0,0,-,0.29,6,28.08,20.05,-5.81,-35.21,20,0.25,6.7,30,38.98,10.62,9.41,3.58,110.11,30.01,0,0,3.53,603,51.75,52,13.73,-7.5,33.13,10.62,9.41,30.01,2.27,472.4,363.86,108.54,-12.1,14.16,14.4,17
Mon Sep 26 06:43:46 GMT-03:00 2022,26-Sep-2022 06:43:47.419,-35.20802655024299,-5.805986933337212,14.485432624816895,6.0,27.300089529889657,19.818559646606445,-0.63,4.73,7.56,-0.09,13.73,-0.01,-0.03,0,-0.02,14.9,7.45,29.4,19.61,94,21.54,1013.04,14.65,605.6,2,330.65,223,0,81,4.42,18.82,16.08,1635.5,19.61,16.99,1.52,48.63,-5.47,0,0,-,0.29,6,27.3,19.82,-5.81,-35.21,20,0.85,5.92,30,34.2,10.69,9.35,4.16,96.62,30.21,0,0,3.53,604,52.15,53,14.12,-6,25.79,10.69,9.35,30.21,2.3,473.41,364.87,108.54,-11.91,14.22,14.4,17
Mon Sep 26 06:43:47 GMT-03:00 2022,26-Sep-2022 06:43:48.417,-35.20797995489892,-5.805866076539471,14.489961624145508,6.0,26.15174974434857,19.693729400634766,-0.61,5.51,8.64,0.04,13.73,-0.04,-0.04,-0.03,-0.02,14.9,7.45,29.4,19.61,94,21.63,1013.16,14.65,602.2,2,332.79,223,0,80,4.42,18.43,15.69,1636,19.61,17.03,1.52,48.63,-5.47,0,0,-,0.29,6,26.15,19.69,-5.81,-35.21,20,0.16,5.92,30,34.86,10.76,9.29,4.16,98.48,30.41,0,0,3.53,606,52.16,52,14.12,-6,25.79,10.76,9.29,30.41,2.3,474.42,365.88,108.54,-12.23,14.22,14.4,17
Mon Sep 26 06:43:48 GMT-03:00 2022,26-Sep-2022 06:43:49.417,-35.20792927065179,-5.805738057939502,14.689130783081055,6.0,25.178854553259367,19.624183654785156,-0.68,5.58,9.52,0.12,13.73,0.08,-0.08,0.04,0.05,14.9,7.45,29.4,19.61,94,21.72,1013.28,14.65,602.2,2,334.98,223,0,80,4.42,19.61,16.47,1654.5,19.61,17.05,1.52,48.63,-5.47,0,0,-,0.29,6,25.18,19.62,-5.81,-35.21,23,0.88,5.92,30,34.2,10.83,9.23,4.16,96.62,30.6,0,0,3.53,607,52.88,52,14.12,-5.5,25.79,10.83,9.23,30.6,2.33,475.43,366.88,108.54,-12.23,14.22,14.4,17
Mon Sep 26 06:43:49 GMT-03:00 2022,26-Sep-2022 06:43:50.418,-35.207882260171516,-5.805612140366993,14.703253746032715,6.0,23.9385587930045,19.578319549560547,-0.67,5.85,9.12,0.1,13.33,0,0.05,0.03,-0.01,16.86,8.63,29.4,19.61,94,21.72,1013.39,14.65,596,2,334.98,223,0,80,4.42,19.61,17.25,1654.5,19.61,17.05,1.52,48.63,-5.47,0,0,-,0.29,6,23.94,19.58,-5.81,-35.21,22,0.88,5.92,30,34.2,10.83,9.23,4.16,96.62,30.6,0,0,3.53,607,52.93,52,13.73,-7,25.79,10.83,9.23,30.6,2.33,476.42,367.87,108.54,-12.23,14.22,14.4,17
Mon Sep 26 06:43:50 GMT-03:00 2022,26-Sep-2022 06:43:51.417,-35.20783532761034,-5.805482909678472,14.802462577819824,6.0,23.05321872857509,19.604055404663086,0.14,6,8.38,0.05,13.33,0.07,-0.01,0.02,0.06,16.86,8.63,14.47,19.61,94,21.81,1013.45,14.65,592.7,0.98,339.81,223,0,80,-,18.43,17.25,1494,19.61,17.08,1.4,49.02,-5.47,0,0,-,0.29,6,23.05,19.6,-5.81,-35.21,23,0.93,-,30,37.15,10.83,9.23,3.83,104.94,30.61,0.05,0.03,3.53,608,53.29,52,13.73,7.5,-,10.83,9.23,30.61,2.36,477.42,368.88,108.54,-12.45,14.22,14.4,16
Mon Sep 26 06:43:51 GMT-03:00 2022,26-Sep-2022 06:43:52.417,-35.20779052056785,-5.805353092964274,14.804776191711426,6.0,22.723752018014476,19.982440948486328,0.03,5.44,8.32,0.01,13.33,0.01,0.02,0.01,0,20,10.59,13.41,19.61,94,21.9,1013.5,14.65,592.7,0.91,339.91,223,0,80,4.38,26.67,18.04,1402,19.61,17.12,1.83,49.02,-4.69,0,0,-,0.3,6,22.72,19.98,-5.81,-35.21,21,0.3,5.88,30,28.34,10.88,9.19,5.02,80.07,30.75,0.83,0.09,3.53,610,53.3,53,14.9,26,29.86,10.88,9.19,30.75,2.36,478.42,369.88,108.54,-11.46,14.22,14.4,17
Mon Sep 26 06:43:52 GMT-03:00 2022,26-Sep-2022 06:43:53.417,-35.207742239066306,-5.805223197454959,15.053346633911133,6.0,21.94517266952653,20.37769317626953,0.04,5.37,8.15,-0.01,14.51,-0.07,0.02,-0.01,-0.08,21.57,11.37,13.41,19.61,94,21.99,1013.54,14.65,592.7,0.91,341.49,223,0,80,5.15,29.8,25.1,1339.5,19.61,17.16,1.97,49.02,-4.69,0,0,-,0.3,6,21.95,20.38,-5.81,-35.21,23,0.19,6.9,30,26.96,10.93,9.15,5.38,76.14,30.88,0.85,0.09,4.71,611,54.19,54,14.51,25.5,36.7,10.93,9.15,30.88,2.39,479.42,370.88,108.54,-11.01,14.2,14.4,19
Mon Sep 26 06:43:53 GMT-03:00 2022,26-Sep-2022 06:43:54.417,-35.20769302818997,-5.805094750677335,15.203631401062012,6.0,21.458355739523412,20.583826065063477,-0.48,5.56,8.18,0.01,13.73,0.04,-0.01,0.05,0.01,17.65,9.02,13.42,19.61,94,22.08,1013.62,14.65,585.2,0.91,342.94,223,0,80,5.15,18.82,19.22,1314.5,19.61,17.18,1.14,49.02,-4.69,0,0,-,0.3,6,21.46,20.58,-5.81,-35.21,25,0.73,6.9,30,47.21,10.93,9.15,3.13,133.35,30.89,0.85,0.11,3.53,612,54.73,54,14.51,31.5,36.7,10.93,9.15,30.89,2.39,480.33,371.79,108.54,-12.43,14.2,14.4,18
Mon Sep 26 06:43:54 GMT-03:00 2022,26-Sep-2022 06:43:55.418,-35.207645294337524,-5.804967898401408,15.227890014648438,6.0,21.207837753439627,20.263582229614258,-0.52,5.3,8.25,-0,14.51,-0.01,-0.01,0.03,-0.04,21.96,11.37,13.33,19.61,94,22.08,1013.61,14.65,581.5,0.91,342.94,223,0,80,5.15,18.82,25.88,1314.5,19.61,17.18,1.14,49.02,-4.69,0,0,-,0.3,6,21.21,20.26,-5.8,-35.21,21,0.73,6.9,30,47.21,10.93,9.15,3.13,133.35,30.89,0.86,0.12,4.71,613,54.82,54,13.73,31.5,36.7,10.93,9.15,30.89,2.42,481.4,372.86,108.54,-12.43,14.2,14.5,18
Mon Sep 26 06:43:55 GMT-03:00 2022,26-Sep-2022 06:43:56.419,-35.20759642754191,-5.804836441029026,15.25865650177002,6.0,20.709753646523087,20.008493423461914,-0.7,4.92,8.4,-0.01,12.94,-0.03,-0.01,0,-0.04,14.9,7.45,13.45,19.61,94,22.17,1013.64,14.65,581.5,0.92,343.04,223,0,80,5.15,30.2,17.25,1298.5,19.61,17.21,1.85,49.02,-4.69,0,0,-,0.3,6,20.71,20.01,-5.8,-35.21,22,0.82,6.9,29,29.26,10.99,9.1,5.05,82.65,31.04,0.85,0.12,2.75,613,54.93,54,14.51,-4.5,36.7,10.99,9.1,31.04,2.42,482.26,373.71,108.54,-11,14.2,14.4,20
Mon Sep 26 06:43:56 GMT-03:00 2022,26-Sep-2022 06:43:57.417,-35.20754665297201,-5.804705371754027,15.270096778869629,6.0,20.424661473346333,19.96857261657715,-0.61,5.58,8.54,0.04,12.94,0.02,-0.01,0,0.03,14.9,7.45,13.45,19.61,94,22.26,1013.66,14.65,574.3,0.92,344.68,223,0,80,-,18.82,17.25,1311,19.61,17.24,1.18,49.02,-6.25,0,0,-,0.3,6,20.42,19.97,-5.8,-35.21,23,1.97,-,30,45.89,10.99,9.1,3.22,129.62,31.04,0.82,0.12,2.75,614,54.97,53,13.33,-11.5,-,10.99,9.1,31.04,2.45,483.4,374.86,108.54,-12.3,14.2,14.4,19
Mon Sep 26 06:43:57 GMT-03:00 2022,26-Sep-2022 06:43:58.417,-35.20750044981339,-5.804577062765654,14.810531616210938,6.0,20.121399308309023,19.885311126708984,-0.54,4.84,8.04,-0.04,12.94,-0.02,0,0,-0.03,14.9,7.45,26.42,19.61,94,22.34,1013.67,14.65,574.3,1.8,344.78,223,0,80,-,18.82,16.08,1310.5,19.61,17.26,1.21,49.02,-6.25,0,0,-,0.3,6,20.12,19.89,-5.8,-35.21,21,2.32,-,30,43.94,10.99,9.1,3.3,124.14,31.05,0,0.12,3.14,616,53.32,51,13.33,-11.5,-,10.99,9.1,31.05,2.45,484.4,375.85,108.54,-12.26,14.2,14.4,18
Mon Sep 26 06:43:58 GMT-03:00 2022,26-Sep-2022 06:43:59.416,-35.20745499027838,-5.804453843288534,14.252259254455566,4.0,19.91658211912159,19.86661148071289,-0.26,5.23,8.3,-0,12.94,0,0.03,0.02,-0.01,14.9,7.45,29.4,19.61,94,22.42,1013.7,14.65,574.3,2,347.64,223,0,80,-,19.22,15.69,1329.5,19.61,17.29,1.25,49.41,-6.25,0,0,-,0.3,4,19.92,19.87,-5.8,-35.21,22,2.31,-,30,40.92,11,9.09,3.41,115.6,31.06,0,0.04,3.14,617,51.31,49,13.33,-10.5,-,11,9.09,31.06,2.48,485.42,376.87,108.54,-12.18,14.2,14.4,18
Mon Sep 26 06:43:59 GMT-03:00 2022,26-Sep-2022 06:44:00.417,-35.20741076160121,-5.804336195332734,14.01764965057373,4.0,19.758236177317404,20.33379554748535,-0.09,5.27,8.34,0,12.94,0.03,-0.04,0.03,0.01,14.9,7.45,29.4,19.61,94,22.42,1013.66,14.65,569.2,2,347.64,223,0,80,-,19.22,16.08,1329.5,19.61,17.29,1.25,49.41,-6.25,0,0,-,0.3,4,19.76,20.33,-5.8,-35.21,23,2.31,-,30,40.92,11,9.09,3.41,115.6,31.06,0,0,3.14,618,50.46,49,13.33,-10.5,-,11,9.09,31.06,2.48,486.39,377.85,108.54,-12.18,14.18,14.4,18
Mon Sep 26 06:44:00 GMT-03:00 2022,26-Sep-2022 06:44:01.416,-35.20736842368331,-5.804222811450818,13.472759246826172,4.0,19.701994136567695,20.780370712280273,-0.33,5.1,8.33,-0.01,12.94,-0.01,0.02,0.01,-0.02,14.9,7.45,29.4,19.61,94,22.48,1013.7,14.65,566.5,2,347.74,223,0,80,-,18.82,15.69,1339,19.61,17.31,1.23,49.41,-6.25,0,0,-,0.3,4,19.7,20.78,-5.8,-35.21,19,3.46,-,30,39.9,11,9.09,3.36,112.72,31.07,0,0,3.14,618,48.5,47,13.33,-10.5,-,11,9.09,31.07,2.51,487.39,378.84,108.54,-12.25,14.22,14.4,17
Mon Sep 26 06:44:01 GMT-03:00 2022,26-Sep-2022 06:44:02.421,-35.207326184050736,-5.804114064700541,13.022430419921875,4.0,19.353540397330864,20.48770523071289,-0.4,5.45,7.76,-0.03,13.33,-0.03,0,0,-0.05,14.9,7.45,29.4,19.61,94,22.55,1013.71,14.65,566.5,2,347.83,223,0,80,-,18.82,15.69,1358,19.61,17.33,1.25,49.41,-5.47,0,0,-,0.3,4,19.35,20.49,-5.8,-35.21,20,3.5,-,30,37.71,11,9.09,3.41,106.53,31.08,0,0,3.14,619,46.88,45,13.33,-10.5,-,11,9.09,31.08,2.51,488.42,379.88,108.54,-12.23,14.26,14.4,17
Mon Sep 26 06:44:02 GMT-03:00 2022,26-Sep-2022 06:44:03.420,-35.20728480200296,-5.804007966086508,12.541069030761719,6.0,18.985857264803617,20.468841552734375,-0.3,5.53,7.59,-0.05,13.33,0,0.01,0,0,14.9,7.45,23.42,19.61,94,22.61,1013.66,14.65,561.2,1.59,350.69,223,0,80,-,20.39,16.47,1366,19.61,17.36,1.28,49.8,-4.69,0,0,-,0.3,6,18.99,20.47,-5.8,-35.21,19,1.15,-,30,35.28,11.07,9.03,3.49,99.66,31.27,0,0,4.31,620,45.15,44,13.33,-10,-,11.07,9.03,31.27,2.54,489.42,380.87,108.54,-12.21,14.18,14.5,17
Mon Sep 26 06:44:03 GMT-03:00 2022,26-Sep-2022 06:44:04.417,-35.20724433276287,-5.803904245945497,12.167342185974121,6.0,18.638212507577837,20.59266471862793,-0.06,5.79,9.62,0.14,14.51,0.1,0.01,0.06,0.07,20.78,10.59,23.42,19.61,94,22.66,1013.64,14.65,561.2,1.59,352.87,223,0,79,-,28.63,25.49,1292,19.61,17.4,2.09,49.8,-4.69,0,0,-,0.3,6,18.64,20.59,-5.8,-35.21,21,2.8,-,30,21.05,11.1,9.01,5.72,59.46,31.35,0,0,4.31,622,43.8,41,13.33,6,-,11.1,9.01,31.35,2.54,490.4,381.85,108.54,-10.67,14.22,14.5,19
Mon Sep 26 06:44:04 GMT-03:00 2022,26-Sep-2022 06:44:05.416,-35.20720652548837,-5.803803087382964,11.786498069763184,6.0,18.59069394862467,20.636089324951172,-0.5,5.37,7.8,-0.04,13.33,-0.01,0,0.02,-0.03,18.43,9.41,13.38,19.61,94,22.71,1013.67,14.65,557.2,0.91,353.76,223,0,79,-,20,17.65,1264,19.61,17.42,1.24,49.8,-5.47,0,0,-,0.3,6,18.59,20.64,-5.8,-35.21,20,1.43,-,30,33.19,11.16,8.96,3.38,93.76,31.53,0.87,0.1,3.14,623,42.43,41,13.33,30,-,11.16,8.96,31.53,2.56,491.42,382.87,108.54,-12.17,14.22,14.5,18
Mon Sep 26 06:44:05 GMT-03:00 2022,26-Sep-2022 06:44:06.417,-35.20717072742683,-5.803706659712983,11.346863746643066,6.0,18.36346478672242,20.65685272216797,-0.49,5.93,8.26,0.04,13.33,0.05,-0.03,0.03,0.03,14.9,7.45,13.28,19.61,94,22.76,1013.63,14.65,557.2,0.9,355.73,223,0,79,-,19.22,17.25,1324.5,19.61,17.44,1.18,49.8,-6.25,0,0,-,0.3,6,18.36,20.66,-5.8,-35.21,18,1.85,-,30,34.62,11.23,8.91,3.24,97.81,31.71,0.87,0.1,3.14,624,40.85,39,13.33,30,-,11.23,8.91,31.71,2.56,492.39,383.84,108.54,-12.22,14.22,14.5,18
Mon Sep 26 06:44:06 GMT-03:00 2022,26-Sep-2022 06:44:07.416,-35.20713634425072,-5.803611145490013,10.982748985290527,6.0,18.257348978595616,20.318870544433594,-0.84,5.05,8.32,-0.01,12.16,0.02,0.02,0,0.01,14.9,7.45,13.26,19.61,94,22.8,1013.65,14.65,552.6,0.9,357.81,223,0,79,-,19.61,16.08,954,19.61,17.46,0.9,49.8,-7.03,0,0,-,0.3,6,18.26,20.32,-5.8,-35.21,22,2.54,-,30,43.2,11.23,8.91,2.47,122.04,31.72,0.86,0.12,2.35,625,39.54,37,13.33,-4,-,11.23,8.91,31.72,2.56,493.35,384.81,108.54,-12.88,14.2,14.4,16
Mon Sep 26 06:44:07 GMT-03:00 2022,26-Sep-2022 06:44:08.416,-35.2071059358912,-5.8035242870636,10.617169380187988,6.0,18.125128924039025,20.41863250732422,-0.13,5.4,8.47,0.02,12.16,0.01,0,0,0.02,14.9,7.45,13.25,19.61,94,22.8,1013.62,14.65,552.6,0.9,357.81,223,0,79,-,19.61,15.69,954,19.61,17.46,0.9,49.8,-7.81,0,0,-,0.3,6,18.13,20.42,-5.8,-35.21,22,2.54,-,30,43.2,11.23,8.91,2.47,122.04,31.72,0.87,0.11,2.35,625,38.22,37,12.55,5,-,11.23,8.91,31.72,2.59,494.4,385.86,108.54,-12.88,14.2,14.4,16
Mon Sep 26 06:44:08 GMT-03:00 2022,26-Sep-2022 06:44:09.417,-35.207074893605885,-5.8034438772974015,9.519495010375977,6.0,18.16705273172247,20.42896270751953,-0.59,5.47,7.86,-0.02,12.16,0.03,-0.01,0.03,0.01,14.9,7.45,13.24,19.61,94,22.82,1013.55,14.65,548.1,0.9,357.91,223,0,79,-,19.61,15.69,936,19.61,17.48,0.88,49.8,-7.81,0,0,-,0.3,6,18.17,20.43,-5.8,-35.21,18,1.27,-,30,42.01,11.23,8.9,2.41,118.67,31.73,0.87,0.12,2.35,626,34.27,33,12.55,5,-,11.23,8.9,31.73,2.59,495.36,386.81,108.54,-12.25,14.2,14.4,16
Mon Sep 26 06:44:09 GMT-03:00 2022,26-Sep-2022 06:44:10.417,-35.20704464161978,-5.80336828246249,9.115796089172363,6.0,18.124945727672802,20.560699462890625,-0.7,6.08,7.76,0.01,18.04,0.02,0,0.1,-0.03,22.75,11.76,13.24,19.61,94,22.85,1013.58,14.65,548.1,0.9,358.01,223,0,79,-,56.47,38.43,1714.5,19.61,17.59,5.22,49.8,-7.81,2.34,0,-,0.3,6,18.12,20.56,-5.8,-35.21,18,0.82,-,30,6.33,11.22,8.91,14.27,17.87,31.69,0.87,0.12,2.35,628,32.82,32,20.39,21,-,11.22,8.91,31.69,2.59,496.39,387.84,108.54,-0.17,14.16,14.4,37
Mon Sep 26 06:44:10 GMT-03:00 2022,26-Sep-2022 06:44:11.416,-35.207016651088416,-5.8032896774913825,9.223864555358887,6.0,18.360271745100917,20.598642349243164,-0.66,6.71,7.5,0.03,20.78,0.05,-0.02,0.08,0,27.84,14.12,14.55,19.61,94,22.88,1013.54,14.65,539.1,0.99,357.58,223,0,79,3.14,65.49,50.2,1966.5,19.61,17.69,5.83,49.8,-3.12,2.34,3.12,-,0.31,6,18.36,20.6,-5.8,-35.21,17,0.21,4.21,30,5.49,11.2,8.93,15.94,15.52,31.64,0.79,0.14,10.98,629,33.21,33,20.39,21,15.24,11.2,8.93,31.64,2.62,497.4,388.86,108.54,-5.82,14.16,14.5,42
Mon Sep 26 06:44:11 GMT-03:00 2022,26-Sep-2022 06:44:12.417,-35.20698547312441,-5.803206118898557,9.679062843322754,6.0,18.062043770099137,20.701858520507812,-0,6.08,7.51,-0.02,21.96,0,0.04,0.1,-0.07,30.2,15.69,14.7,19.61,94,22.91,1013.51,14.65,539.1,1,357.07,223,0,79,6.9,72.94,58.43,1743.5,19.61,17.81,6.1,49.8,-3.12,3.91,2.34,-,0.31,6,18.06,20.7,-5.8,-35.21,18,0.16,9.25,30,5.41,11.19,8.94,16.69,15.28,31.6,0.77,0.15,12.16,630,34.84,35,22.35,20,37.79,11.19,8.94,31.6,2.62,498.42,389.88,108.54,-6.59,14.14,14.4,45
Mon Sep 26 06:44:12 GMT-03:00 2022,26-Sep-2022 06:44:13.416,-35.206954514782,-5.803120251163112,10.085867881774902,6.0,17.651395673896328,20.757944107055664,-0.09,6.2,8.05,0.03,21.57,0,-0.03,0.13,-0.09,31.37,16.08,14.7,19.61,94,22.91,1013.48,14.65,533.4,1,357.07,223,0,79,6.9,72.94,58.82,1743.5,19.61,17.81,6.1,49.8,-3.12,2.34,2.34,-,0.31,6,17.65,20.76,-5.8,-35.21,22,0.16,9.25,29,5.41,11.19,8.94,16.69,15.28,31.6,0.77,0.16,11.76,631,36.31,35,21.96,17,37.79,11.19,8.94,31.6,2.62,499.41,390.87,108.54,-6.59,14.2,14.4,45
Mon Sep 26 06:44:13 GMT-03:00 2022,26-Sep-2022 06:44:14.417,-35.20692305733574,-5.803030995857661,10.489602088928223,6.0,17.811849667462557,20.65507698059082,-0.55,6.26,7.44,-0.01,21.57,0,-0.02,0.1,-0.07,31.37,16.08,14.7,19.61,94,22.95,1013.42,14.65,533.4,1,356.57,223,0,79,6.31,70.2,58.82,1698,19.61,17.93,5.79,49.8,-3.12,3.12,3.91,-,0.31,6,17.81,20.66,-5.8,-35.21,22,0.69,8.46,29,6.05,11.17,8.95,15.83,17.09,31.56,0.16,0.25,11.76,631,37.76,37,21.96,18,35.48,11.17,8.95,31.56,2.65,500.41,391.86,108.54,-6.06,14.22,14.5,49
Mon Sep 26 06:44:14 GMT-03:00 2022,26-Sep-2022 06:44:15.416,-35.206889408462246,-5.80293713145743,10.965309143066406,6.0,17.929655192605416,20.611732482910156,-0.26,6.74,7.33,0.01,24.71,-0.01,0,0.13,-0.13,28.24,14.51,14.7,19.61,94,22.99,1013.41,14.65,543.6,1,356.12,223,0,79,6.31,70.59,58.82,1716,19.61,18.02,5.92,49.8,-3.12,5.47,2.34,-,0.31,6,17.93,20.61,-5.8,-35.21,22,1.24,8.46,29,6.25,11.16,8.96,16.19,17.66,31.52,0.75,0.75,14.9,632,39.48,39,23.14,19.5,35.48,11.16,8.96,31.52,2.65,501.43,392.88,108.54,-5.63,14.22,14.5,52
Mon Sep 26 06:44:15 GMT-03:00 2022,26-Sep-2022 06:44:16.418,-35.206853558050106,-5.802838271469906,11.73729419708252,6.0,18.10871627647956,20.786596298217773,-0.54,6.14,7.22,-0.03,20.39,-0.01,0.04,0.07,-0.07,27.84,14.51,14.7,19.61,94,23.04,1013.32,14.65,543.6,1,352.89,223,0,80,10.31,67.06,63.92,1996,19.61,18.16,6.8,49.41,-3.12,-1.56,2.34,-,0.31,6,18.11,20.79,-5.8,-35.21,21,0.25,13.83,29,5.73,11.14,8.97,18.61,16.2,31.48,0.09,0.81,10.59,633,42.25,42,21.57,20,49.33,11.14,8.97,31.48,2.65,502.39,393.85,108.54,-4.39,14.22,14.5,56
Mon Sep 26 06:44:16 GMT-03:00 2022,26-Sep-2022 06:44:17.418,-35.206817493935574,-5.802736662490944,11.981527328491211,6.0,18.205349579069935,20.941247940063477,-0.8,6.19,7.85,0.02,20.39,0.02,-0.04,0.09,-0.04,27.84,14.12,14.7,19.61,94,23.1,1013.29,14.65,558.7,1,352.42,223,0,80,4.23,65.88,52.55,1784.5,19.61,18.24,5.54,49.41,-3.12,-0.78,1.56,-,0.31,6,18.21,20.94,-5.8,-35.21,23,0.13,5.68,29,7.58,11.13,8.98,15.16,21.41,31.45,0.09,0.8,10.59,634,43.13,43,21.18,18.5,22.66,11.13,8.98,31.45,2.69,503.4,394.85,108.54,-7.46,14.14,14.5,54
Mon Sep 26 06:44:17 GMT-03:00 2022,26-Sep-2022 06:44:18.417,-35.20678131079023,-5.802631762461065,12.231736183166504,6.0,18.571530853946676,21.08061408996582,-0.14,6.53,9.06,0.14,21.57,-0.04,0.01,0.06,-0.09,31.37,16.08,14.7,19.61,94,23.15,1013.24,14.65,558.7,1,349.32,223,0,80,4.28,74.9,61.18,1665.5,19.61,18.36,6.08,49.02,-3.12,0,3.12,-,0.32,6,18.57,21.08,-5.8,-35.21,22,0.03,5.74,28,7.07,11.12,8.99,16.63,19.99,31.42,0.12,0.77,11.76,636,44.03,44,23.14,15.5,24.55,11.12,8.99,31.42,2.69,504.38,395.83,108.54,-5.83,14.12,14.5,55
Mon Sep 26 06:44:18 GMT-03:00 2022,26-Sep-2022 06:44:19.419,-35.20674542485968,-5.802521829956063,12.607559204101562,6.0,19.251856523630384,21.00542640686035,-0.48,6.35,7.97,0.04,22.75,0.03,-0.05,0.07,-0.01,30.59,15.69,14.7,19.61,94,23.21,1013.25,14.65,558.7,1,348.97,223,0,80,4.42,75.29,63.14,1648.5,19.61,18.47,6,49.02,-3.12,2.34,3.91,-,0.32,6,19.25,21.01,-5.8,-35.21,21,0.39,5.92,28,7.34,11.11,9,16.41,20.72,31.39,0.16,0.77,12.55,637,45.39,45,22.75,15.5,25.58,11.11,9,31.39,2.71,505.4,396.86,108.54,-5.36,14.16,14.4,57
Mon Sep 26 06:44:19 GMT-03:00 2022,26-Sep-2022 06:44:20.416,-35.20670531916115,-5.802412971230844,12.764315605163574,6.0,19.427151926886413,21.101219177246094,-0.18,6.44,7.92,0.04,21.96,-0.07,-0.05,0.02,-0.12,29.02,14.9,14.7,19.61,94,23.27,1013.19,14.65,572,1,348.65,223,0,80,4.42,70.98,61.18,1582,19.61,18.56,5.44,49.02,-3.12,0.78,1.56,-,0.32,6,19.43,21.1,-5.8,-35.21,18,0.05,5.92,28,8.27,11.11,9,14.88,23.38,31.37,0.1,0.76,12.16,638,45.95,46,21.18,17,25.58,11.11,9,31.37,2.71,506.4,397.86,108.54,-6.14,14.26,14.4,57
Mon Sep 26 06:44:20 GMT-03:00 2022,26-Sep-2022 06:44:21.417,-35.20666473726804,-5.802303535459707,12.899870872497559,6.0,19.645443375261415,21.106281280517578,-0.5,6.55,8.36,0.08,20.39,0.08,-0.01,0.12,0,28.24,14.51,14.7,19.61,94,23.34,1013.1,14.65,572,1,348.41,223,0,81,4.79,68.63,58.04,1565,19.61,18.65,5.22,49.02,-3.12,2.34,1.56,-,0.32,6,19.65,21.11,-5.8,-35.21,18,0.56,6.42,28,8.82,11.1,9.01,14.27,24.92,31.35,0.1,0.76,10.59,639,46.44,47,21.18,17,29.2,11.1,9.01,31.35,2.74,507.4,398.85,108.54,-6.14,14.26,14.5,57
Mon Sep 26 06:44:21 GMT-03:00 2022,26-Sep-2022 06:44:22.421,-35.20662514645234,-5.802190487167996,13.166197776794434,6.0,19.70824753334658,21.151979446411133,0.11,5.65,8.04,-0,18.82,-0.01,0.06,0.04,-0.05,26.27,13.33,14.7,19.61,94,23.4,1013.12,14.65,581.5,1,348.22,223,0,81,4.79,68.63,50.59,1536,19.61,18.72,4.41,49.02,-3.12,2.34,3.91,-,0.32,6,19.71,21.15,-5.8,-35.21,18,0.4,6.42,28,10.65,11.1,9.01,12.08,30.07,31.35,0.17,0.75,9.02,640,47.4,47,20.39,18,29.2,11.1,9.01,31.35,2.74,508.37,399.83,108.54,-7.37,14.26,14.4,55
Mon Sep 26 06:44:22 GMT-03:00 2022,26-Sep-2022 06:44:23.421,-35.20658450228645,-5.802077808769377,13.17572021484375,6.0,19.694059618990206,20.96014976501465,-0.43,6.43,9.01,0.13,14.9,-0.01,0,-0.04,0,14.9,7.45,14.7,19.61,94,23.4,1013.09,14.65,581.5,1,348.22,223,0,81,4.79,56.47,24.71,1536,19.61,18.72,4.41,49.02,-3.91,-1.56,1.56,-,0.32,6,19.69,20.96,-5.8,-35.21,19,0.4,6.42,29,10.65,11.1,9.01,12.08,30.07,31.35,0.13,0.75,5.1,641,47.43,47,17.25,-1.5,29.2,11.1,9.01,31.35,2.76,509.43,400.88,108.54,-7.37,14.2,14.5,55
Mon Sep 26 06:44:23 GMT-03:00 2022,26-Sep-2022 06:44:24.420,-35.20654372828868,-5.801968474782009,12.832569122314453,6.0,20.14094883471586,20.909072875976562,-0.21,5.41,8.3,-0.01,13.33,0.01,0.05,0.01,0,14.9,7.45,14.7,19.61,94,23.46,1013.06,14.65,585.6,1,348.18,223,0,81,4.79,21.96,15.69,1526.5,19.61,18.76,1.57,49.02,-5.47,-2.34,-3.12,-,0.32,6,20.14,20.91,-5.8,-35.21,18,1.43,6.42,29,29.91,11.15,8.97,4.3,84.48,31.49,0.84,0.74,3.53,641,46.2,46,13.73,3,29.2,11.15,8.97,31.49,2.76,510.37,401.83,108.54,-12,14.26,14.4,46
Mon Sep 26 06:44:24 GMT-03:00 2022,26-Sep-2022 06:44:25.420,-35.20650313419899,-5.801864377961202,12.26037311553955,6.0,20.561229037702322,21.07200050354004,0.16,6.01,8.15,0.03,14.51,0.07,0.04,0.12,0,22.35,11.37,14.7,19.61,94,23.52,1013.06,14.65,585.6,1,349.76,223,0,81,-,20.39,34.9,1524.5,19.61,18.78,1.41,49.02,-4.69,-7.03,-7.81,-,0.32,6,20.56,21.07,-5.8,-35.21,17,2.2,-,29,32.61,11.21,8.92,3.86,92.11,31.65,0.32,0.74,4.71,643,44.14,44,15.69,29,-,11.21,8.92,31.65,2.79,511.38,402.84,108.54,-12.26,14.22,14.4,38
Mon Sep 26 06:44:25 GMT-03:00 2022,26-Sep-2022 06:44:26.421,-35.20646399155276,-5.801763433683703,11.995870590209961,6.0,20.75704278754056,20.469919204711914,0.5,6.76,8,0.07,17.65,0.03,0.15,0.05,0,23.14,11.76,14.7,19.61,94,23.57,1012.99,14.65,585.6,1,351.56,223,0,81,-,55.29,40.78,1536,19.61,18.84,4.28,49.02,-3.12,-1.56,-0.78,-,0.32,6,20.76,20.47,-5.8,-35.21,16,1.14,-,29,10.27,11.2,8.93,11.72,29.02,31.65,0.07,0.75,8.24,643,43.19,43,18.82,20,-,11.2,8.93,31.65,2.79,512.4,403.86,108.54,-7.37,14.2,14.4,41
Mon Sep 26 06:44:26 GMT-03:00 2022,26-Sep-2022 06:44:27.420,-35.20642677531125,-5.801665303354814,11.73998737335205,6.0,21.545380017284568,21.377016067504883,-0.46,5.57,7.23,-0.07,21.96,-0.02,0,0.06,-0.08,32.16,16.47,14.7,19.61,94,23.62,1012.88,14.65,589.5,1,351.48,223,0,81,-,66.67,59.61,1632,19.61,18.93,5.36,49.02,-3.12,5.47,3.12,-,0.33,6,21.55,21.38,-5.8,-35.21,17,1.19,-,29,8.03,11.19,8.93,14.66,22.67,31.62,0.81,0.76,12.16,644,42.26,42,21.57,18,-,11.19,8.93,31.62,2.79,513.42,404.87,108.54,-5.62,14.16,14.5,46
Mon Sep 26 06:44:27 GMT-03:00 2022,26-Sep-2022 06:44:28.419,-35.20638622825959,-5.801568431915666,11.638792037963867,6.0,21.431628192888397,21.154281616210938,0.61,6.18,6.89,-0.06,24.71,0,0.09,0.11,-0.09,32.16,14.9,14.7,19.61,94,23.66,1012.8,14.65,589.5,1,351.21,223,0,81,-,69.41,62.75,1688.5,19.61,19.03,6.09,49.02,-3.12,3.12,3.91,-,0.33,6,21.43,21.15,-5.8,-35.21,15,0.26,-,29,6.9,11.18,8.94,16.66,19.49,31.59,0.18,0.75,14.9,645,41.9,42,23.53,19.5,-,11.18,8.94,31.59,2.82,514.4,405.86,108.54,-4.99,14.16,14.4,51
Mon Sep 26 06:44:28 GMT-03:00 2022,26-Sep-2022 06:44:29.419,-35.206348506834644,-5.801465600972549,12.034303665161133,6.0,21.81118946399157,20.90578269958496,0.34,6.34,7.63,0.01,21.18,0,0.03,0.07,-0.04,27.84,14.51,14.7,19.61,94,23.72,1012.69,14.65,600.5,1,348.05,223,0,82,2.24,69.41,62.75,2183.5,19.61,19.17,7.49,48.63,-3.12,-0.78,-2.34,-,0.33,6,21.81,20.91,-5.8,-35.21,17,1.1,3,28,5.61,11.17,8.95,20.49,15.84,31.55,0.68,0.73,11.37,646,43.32,43,23.14,20,9.8,11.17,8.95,31.55,2.82,515.41,406.87,108.54,-3.17,14.22,14.5,57
Mon Sep 26 06:44:29 GMT-03:00 2022,26-Sep-2022 06:44:30.419,-35.20631095604435,-5.801361046534889,12.303637504577637,6.0,21.831459773085367,20.847900390625,-0.35,6.46,7.58,0.01,21.18,-0.01,0.07,0.08,-0.07,27.84,14.51,14.7,19.61,94,23.77,1012.66,14.65,600.5,1,347.59,223,0,82,4.11,60,51.76,1938.5,19.61,19.26,5.67,48.63,-3.12,0,-1.56,-,0.33,6,21.83,20.85,-5.8,-35.21,17,0.29,5.51,28,7.58,11.16,8.96,15.52,21.42,31.52,0.67,0.71,11.37,647,44.29,44,20.78,21,20.24,11.16,8.96,31.52,2.85,516.41,407.87,108.54,-7.95,14.18,14.4,54
Mon Sep 26 06:44:30 GMT-03:00 2022,26-Sep-2022 06:44:31.419,-35.20627638191158,-5.801256598854714,12.435715675354004,6.0,22.25057596014587,21.091623306274414,0.08,6.65,8.04,0.06,20.39,0,0.02,0.05,-0.04,28.63,14.51,14.7,19.61,94,23.82,1012.56,14.65,610,1,344.5,223,0,82,4.26,61.96,51.76,1823,19.61,19.37,5.54,48.24,-3.12,1.56,0.78,-,0.33,6,22.25,21.09,-5.8,-35.21,20,0.23,5.71,28,7.94,11.15,8.97,15.16,22.43,31.5,0.77,0.7,10.59,649,44.77,45,20.78,20,22.32,11.15,8.97,31.5,2.85,517.41,408.86,108.54,-7.27,14.26,14.4,53
Mon Sep 26 06:44:31 GMT-03:00 2022,26-Sep-2022 06:44:32.421,-35.20623807780039,-5.801152480666682,12.642633438110352,6.0,22.29371321226401,21.35468864440918,-0.14,6.13,7.7,0,20.39,0.02,0.05,0.1,-0.04,27.84,14.51,14.7,19.61,94,23.88,1012.58,14.65,610,1,344.24,223,0,82,4.35,65.88,51.37,1820,19.61,19.48,5.89,48.24,-3.12,3.91,0.78,-,0.34,6,22.29,21.35,-5.8,-35.21,21,0.49,5.84,28,7.63,11.14,8.98,16.13,21.56,31.47,0.77,0.7,10.59,650,45.51,46,22.75,18.5,22.83,11.14,8.98,31.47,2.87,518.41,409.86,108.54,-6.3,14.12,14.4,54
Mon Sep 26 06:44:32 GMT-03:00 2022,26-Sep-2022 06:44:33.421,-35.20619583411742,-5.80104802690157,13.03914737701416,6.0,22.639435891517625,21.151710510253906,0.36,5.86,7.87,-0,23.14,-0.02,0.03,0.06,-0.08,30.2,15.69,14.7,19.61,94,23.95,1012.53,14.65,610,1,343.95,223,0,82,4.35,69.41,60,1901.5,19.61,19.59,6.68,48.24,-3.12,2.34,0.78,-,0.34,6,22.64,21.15,-5.8,-35.21,20,1.06,5.84,28,6.89,11.13,8.98,18.27,19.46,31.44,0.78,0.69,12.94,651,46.94,48,22.75,19.5,22.83,11.13,8.98,31.44,2.87,519.4,410.85,108.54,-5.18,14.16,14.4,57
Mon Sep 26 06:44:33 GMT-03:00 2022,26-Sep-2022 06:44:34.423,-35.20615277820615,-5.800936484861741,13.573795318603516,6.0,22.885235999589703,20.963815689086914,-0.31,6.07,7.75,0,20.39,0,0.01,0.05,-0.05,26.27,13.73,14.7,19.61,94,24.01,1012.52,14.65,610,1,343.61,223,0,83,7.28,58.43,50.59,1902.5,19.61,19.69,5.44,48.24,-3.12,0.78,0.78,-,0.34,6,22.89,20.96,-5.8,-35.21,20,0.13,9.76,28,8.83,11.12,8.99,14.88,24.93,31.43,0.78,0.69,10.59,652,48.87,49,22.75,19.5,36.54,11.12,8.99,31.43,2.9,520.43,411.88,108.54,-7.27,14.16,14.4,55
Mon Sep 26 06:44:34 GMT-03:00 2022,26-Sep-2022 06:44:35.419,-35.20610281646996,-5.800820383233533,13.769266128540039,6.0,22.695595887260016,21.13603401184082,0.16,5.56,7.19,-0.08,20.39,-0.01,0,0.07,-0.06,26.27,13.73,14.7,19.61,94,24.01,1012.5,14.65,622.4,1,343.42,223,0,83,7.28,58.43,50.2,1902.5,19.61,19.78,5.4,48.24,-3.12,0.78,-0.78,-,0.34,6,22.7,21.14,-5.8,-35.21,22,0.13,9.76,28,9.08,11.12,8.99,14.77,25.64,31.41,0.65,0.68,10.59,653,49.57,49,20.78,21,36.54,11.12,8.99,31.41,2.9,521.28,412.73,108.54,-7.33,14.14,14.4,54
Mon Sep 26 06:44:35 GMT-03:00 2022,26-Sep-2022 06:44:36.416,-35.20605454998821,-5.800700250934309,14.371315002441406,6.0,23.079962682703925,21.030759811401367,-0.42,5.88,8.22,0.03,19.22,0.1,0.02,0.11,0.04,24.71,12.55,14.7,19.61,94,24.08,1012.55,14.65,622.4,1,343.42,223,0,83,8.89,58.82,46.67,1854.5,19.61,19.78,5.4,47.84,-3.12,-2.34,-3.12,-,0.34,6,23.08,21.03,-5.8,-35.21,21,1.43,11.93,28,9.08,11.12,8.99,14.77,25.64,31.41,0.29,0.67,9.02,654,51.74,51,20,21,45.79,11.12,8.99,31.41,2.93,522.4,413.85,108.54,-7.33,14.16,14.4,54
Mon Sep 26 06:44:36 GMT-03:00 2022,26-Sep-2022 06:44:37.418,-35.20600559214147,-5.8005767835809765,14.655442237854004,6.0,22.998064735246377,20.851318359375,0.15,5.95,8.3,0.04,17.25,0.04,0.04,0.06,0,22.75,11.76,14.7,19.61,94,24.16,1012.57,14.65,627.5,1,340.47,223,0,84,8.89,54.51,42.75,1706.5,19.61,19.87,4.44,47.84,-3.12,-1.56,-3.12,-,0.34,6,23,20.85,-5.8,-35.21,18,1.26,11.93,28,11.48,11.12,8.99,12.16,32.42,31.41,0.63,0.65,7.84,654,52.76,53,18.82,21,45.79,11.12,8.99,31.41,2.93,523.41,414.87,108.54,-8.46,14.22,14.5,51
Mon Sep 26 06:44:37 GMT-03:00 2022,26-Sep-2022 06:44:38.416,-35.20595855905425,-5.800449275321141,15.17308235168457,6.0,23.338136601855414,20.72504234313965,0.88,5.54,7.49,-0.05,13.33,0.01,0.05,0.03,0,14.9,7.45,14.7,19.61,94,24.23,1012.58,14.65,627.5,1,340.5,223,0,84,8.22,43.92,22.75,1380,19.61,19.92,2.74,47.84,-3.91,-2.34,-3.12,-,0.34,6,23.34,20.73,-5.8,-35.21,19,1.24,11.02,28,19.36,11.14,8.98,7.49,54.69,31.47,0.83,0.64,4.31,655,54.62,54,15.29,-1.5,56.85,11.14,8.98,31.47,2.96,524.41,415.86,108.54,-10.51,14.2,14.4,45
Mon Sep 26 06:44:38 GMT-03:00 2022,26-Sep-2022 06:44:39.419,-35.20591133124581,-5.800318619830682,15.193203926086426,6.0,23.568412639947248,21.09416961669922,-0.83,5.09,7.47,-0.08,12.94,0.03,-0.01,0,0.04,14.9,7.45,14.7,19.61,94,24.31,1012.64,14.65,627.5,1,341.15,223,0,84,8.22,20.78,15.69,1277.5,19.61,19.94,1.11,47.84,-6.25,-6.25,-6.25,-,0.34,6,23.57,21.09,-5.8,-35.21,22,0.62,11.02,28,48.44,11.14,8.97,3.05,136.85,31.48,0.86,0.63,3.14,656,54.7,54,13.33,0.5,56.85,11.14,8.97,31.48,2.96,525.41,416.87,108.54,-12.56,14.22,14.4,37
Mon Sep 26 06:44:39 GMT-03:00 2022,26-Sep-2022 06:44:40.420,-35.20586297009665,-5.800192704435487,14.828475952148438,6.0,23.858290051999827,21.76521110534668,-0,5.66,8.4,0.03,12.94,0,0.02,0,0,14.9,7.45,29.4,19.61,94,24.38,1012.66,14.65,628.4,2,341.24,223,0,84,8.22,18.82,15.69,1298.5,19.61,19.96,1.18,47.84,-6.25,0,0,-,0.34,6,23.86,21.77,-5.8,-35.21,21,0.38,11.02,29,45.89,11.15,8.97,3.22,129.62,31.49,0.03,0.68,3.14,657,53.38,53,13.33,-11.5,56.85,11.15,8.97,31.49,2.99,526.42,417.88,108.54,-12.27,14.22,14.4,32
Mon Sep 26 06:44:40 GMT-03:00 2022,26-Sep-2022 06:44:41.418,-35.20581521460542,-5.8000709470681935,14.642263412475586,6.0,24.152107176978692,22.297147750854492,1.14,4.37,7.19,-0.14,12.94,-0.13,-0.01,-0.07,-0.12,14.9,7.45,29.4,19.61,94,24.45,1012.67,14.65,628.4,2,341.33,223,0,84,-,19.61,16.47,1299,19.61,19.98,1.2,47.84,-6.25,0,0,-,0.34,6,24.15,22.3,-5.8,-35.21,18,0.71,-,29,44.35,11.15,8.97,3.27,125.28,31.5,0,0.01,3.14,658,52.71,52,13.33,-10.5,-,11.15,8.97,31.5,2.99,527.41,418.87,108.54,-12.27,14.26,14.4,28
Mon Sep 26 06:44:41 GMT-03:00 2022,26-Sep-2022 06:44:42.421,-35.20576958257567,-5.7999512589199576,14.12991714477539,6.0,24.245409033363178,22.834056854248047,0.12,5.59,9.41,0.11,12.94,0.07,0.01,0.03,0.05,14.9,7.45,29.4,19.61,94,24.52,1012.68,14.65,628.4,2,341.41,223,0,84,-,18.82,15.69,1339.5,19.61,20,1.22,47.84,-6.25,0,0,-,0.34,6,24.25,22.83,-5.8,-35.21,18,0.87,-,29,42.73,11.15,8.97,3.33,120.7,31.51,0,0,3.14,660,50.87,50,13.33,-10.5,-,11.15,8.97,31.51,3.02,528.39,419.85,108.54,-12.22,14.2,14.4,25
Mon Sep 26 06:44:42 GMT-03:00 2022,26-Sep-2022 06:44:43.420,-35.20572282187419,-5.79983518826148,13.60886001586914,6.0,24.04480429581675,22.31284523010254,-0.21,5.2,8.62,0.02,12.94,0.03,0.01,-0.02,0.05,14.9,7.45,29.4,19.61,94,24.58,1012.74,14.65,627.6,2,341.5,223,0,84,-,19.22,15.69,1340,19.61,20.03,1.25,47.84,-6.25,0,0,-,0.35,6,24.04,22.31,-5.8,-35.21,21,1.99,-,29,40.12,11.16,8.96,3.41,113.33,31.51,0,0,3.14,661,48.99,47,13.33,-10.5,-,11.16,8.96,31.51,3.02,529.41,420.86,108.54,-12.24,14.2,14.4,23
Mon Sep 26 06:44:43 GMT-03:00 2022,26-Sep-2022 06:44:44.419,-35.20567878079718,-5.799724022908263,12.930401802062988,6.0,23.842722631962005,21.579734802246094,0.19,4.55,8.91,0.02,12.94,0.03,0.03,-0.05,0.06,14.9,7.45,29.4,19.61,94,24.62,1012.83,14.65,626.6,2,341.59,223,0,84,-,18.82,15.69,1387.5,19.61,20.05,1.25,47.84,-6.25,0,0,-,0.35,6,23.84,21.58,-5.8,-35.21,20,2.55,-,29,37.71,11.16,8.96,3.41,106.53,31.52,0,0,3.14,662,46.55,44,13.33,-10.5,-,11.16,8.96,31.52,3.04,530.4,421.86,108.54,-12.24,14.22,14.4,21
Mon Sep 26 06:44:44 GMT-03:00 2022,26-Sep-2022 06:44:45.421,-35.20564076332115,-5.799618763226149,12.080376625061035,6.0,24.027697200131655,21.17561912536621,-0.7,4.76,9.18,0.05,13.33,0,-0.06,-0.05,0.02,14.9,7.45,29.4,19.61,94,24.62,1012.82,14.65,626.6,2,341.59,223,0,84,-,18.82,16.08,1387.5,19.61,20.05,1.25,48.24,-5.47,0,0,-,0.35,6,24.03,21.18,-5.8,-35.21,21,2.55,-,29,37.71,11.16,8.96,3.41,106.53,31.52,0,0,3.53,663,43.49,44,13.73,-8.5,-,11.16,8.96,31.52,3.04,531.42,422.88,108.54,-12.24,14.22,14.4,21
Mon Sep 26 06:44:45 GMT-03:00 2022,26-Sep-2022 06:44:46.418,-35.205604917968074,-5.799521734533055,10.8338623046875,6.0,23.791300100054972,20.642230987548828,-0.16,4.21,9.13,0.02,13.33,0.03,0.02,-0.12,0.1,14.9,7.45,29.4,19.61,94,24.66,1012.86,14.65,624.2,2,344.48,223,0,84,-,19.61,16.08,1532.5,19.61,20.08,1.47,48.24,-5.47,0,0,-,0.35,6,23.79,20.64,-5.8,-35.21,22,4.49,-,29,29.95,11.21,8.92,4.02,84.6,31.66,0,0,3.14,663,39,39,13.73,-8.5,-,11.21,8.92,31.66,3.04,532.4,423.85,108.54,-11.91,14.2,14.4,20
Mon Sep 26 06:44:46 GMT-03:00 2022,26-Sep-2022 06:44:47.420,-35.20557599362706,-5.79944355218884,9.088991165161133,6.0,23.739303119001452,20.484586715698242,-0.09,5.36,8.6,0.03,12.94,-0.02,0.03,-0.04,0,14.9,7.45,29.4,19.61,94,24.68,1012.88,14.65,624.2,2,345.95,224,0,84,-,19.22,16.08,1364.5,19.61,20.1,1.3,48.24,-6.25,0,0,-,0.35,6,23.74,20.48,-5.8,-35.21,19,0.72,-,29,30.06,11.25,8.89,3.55,84.91,31.79,0,0,3.14,664,32.72,32,13.33,-11.5,-,11.25,8.89,31.79,3.08,533.41,424.86,108.54,-12.46,14.18,14.4,19
Mon Sep 26 06:44:47 GMT-03:00 2022,26-Sep-2022 06:44:48.421,-35.2055504599584,-5.7993713259636905,8.177546501159668,6.0,23.357884006388865,20.593427658081055,-0.57,5.28,8.34,0.01,12.94,-0.01,-0.03,0,-0.02,14.9,7.45,29.4,19.61,94,24.69,1012.92,14.65,621.3,2,350.25,224,0,84,-,19.22,15.69,1297.5,19.61,20.12,1.21,48.63,-5.47,0,0,-,0.35,6,23.36,20.59,-5.8,-35.21,18,0.44,-,29,26.53,11.29,8.86,3.3,74.95,31.9,0,0,3.14,665,29.44,29,13.33,-10.5,-,11.29,8.86,31.9,3.08,534.34,425.79,108.54,-12.36,14.16,14.4,18
Mon Sep 26 06:44:48 GMT-03:00 2022,26-Sep-2022 06:44:49.419,-35.205526227226784,-5.799298726457445,7.8477654457092285,6.0,23.553001219529264,21.046733856201172,-0.42,5.72,7.93,-0.01,12.94,-0.01,-0.02,0.05,-0.05,14.9,7.45,29.4,19.61,94,24.7,1012.94,14.65,621.3,2,351.45,224,0,84,-,35.29,17.25,952,19.61,20.15,1.51,48.63,-5.47,0,0,-,0.35,6,23.55,21.05,-5.8,-35.21,19,0.25,-,29,19.21,11.31,8.84,4.13,54.27,31.96,0.8,0,3.14,667,28.25,28,18.43,-6,-,11.31,8.84,31.96,3.08,535.41,426.86,108.54,-11.64,14.16,14.4,18
Mon Sep 26 06:44:49 GMT-03:00 2022,26-Sep-2022 06:44:50.420,-35.20549872382373,-5.799232529188384,7.723541736602783,6.0,23.624729524050952,21.035490036010742,-0.57,5.66,7.06,-0.08,17.25,-0.03,0,0.06,-0.08,24.71,12.55,13.82,19.61,94,24.71,1012.92,14.65,618.2,0.94,352.07,224,0,84,2.91,59.22,43.92,1701,19.61,20.24,5.12,48.63,-3.12,0,0,-,0.35,6,23.62,21.04,-5.8,-35.21,18,1.2,3.91,29,5.46,11.3,8.85,14.02,15.44,31.91,0.8,0.05,7.45,668,27.8,29,18.43,-6,16.36,11.3,8.85,31.91,3.1,536.33,427.79,108.54,-0.71,14.16,14.5,37
Mon Sep 26 06:44:50 GMT-03:00 2022,26-Sep-2022 06:44:51.420,-35.205470426066874,-5.799159334132076,8.162124633789062,6.0,23.671154212956885,20.998245239257812,0.07,5.85,8.16,0.02,18.04,0.06,0,0.08,0.01,21.18,10.98,13.69,19.61,94,24.72,1012.95,14.65,618.2,0.93,351.61,224,0,84,2.8,46.27,39.61,1660,19.61,20.3,3.1,48.63,-3.12,0,0,-,0.35,6,23.67,21,-5.8,-35.21,18,0.62,3.76,29,9.37,11.29,8.85,8.47,26.46,31.9,0.82,0.12,8.24,669,29.38,30,20.78,20,16.11,11.29,8.85,31.9,3.1,537.43,428.88,108.54,-9.94,14.22,14.4,36
Mon Sep 26 06:44:51 GMT-03:00 2022,26-Sep-2022 06:44:52.436,-35.20544172375872,-5.79908459066782,8.499099731445312,6.0,24.058642440068276,20.832622528076172,-0.33,5.83,7.39,-0.04,20.39,0.06,0.01,0.08,0,25.1,12.94,13.68,19.61,94,24.72,1012.96,14.65,605.8,0.93,351.61,224,0,84,2.8,46.27,51.37,1660,19.61,20.3,3.1,48.63,-3.12,0,0,-,0.35,6,24.06,20.83,-5.8,-35.21,17,0.62,3.76,29,9.37,11.29,8.85,8.47,26.46,31.9,0.74,0.14,10.2,670,30.6,30,20,20,16.11,11.29,8.85,31.9,3.1,538.43,429.88,108.54,-9.94,14.16,14.3,36
Mon Sep 26 06:44:52 GMT-03:00 2022,26-Sep-2022 06:44:53.422,-35.20540835016284,-5.799005149151001,9.041895866394043,6.0,23.78961014979802,20.728626251220703,-0.53,5.69,8.37,0.03,14.51,0.01,0.04,0.03,0,14.9,7.45,14.7,19.61,94,24.74,1012.92,14.65,600,1,351.46,224,0,84,8.35,52.94,27.45,1711.5,19.61,20.39,4.33,48.63,-3.91,0,-1.56,-,0.35,6,23.79,20.73,-5.8,-35.21,18,2.4,11.2,29,6.92,11.28,8.86,11.86,19.55,31.87,0.69,0.83,5.88,670,32.55,33,17.65,1.5,46.58,11.28,8.86,31.87,3.13,539.41,430.86,108.54,-7.89,14.22,14.4,38
Mon Sep 26 06:44:53 GMT-03:00 2022,26-Sep-2022 06:44:54.422,-35.205376633711474,-5.798923229202301,9.126405715942383,6.0,23.565961005913753,20.711008071899414,-0.58,5.75,7.97,0,12.55,-0.02,0,0.02,-0.05,14.9,7.45,14.7,19.61,94,24.76,1012.95,14.65,600,1,351.12,224,0,84,8.35,25.49,16.08,1434.5,19.61,20.42,1.75,48.63,-5.47,-5.47,-6.25,-,0.35,6,23.57,20.71,-5.8,-35.21,20,0.45,11.2,29,18.81,11.3,8.85,4.8,53.14,31.92,0.71,0.8,2.35,671,32.86,33,13.33,0.5,46.58,11.3,8.85,31.92,3.13,540.41,431.87,108.54,-11.99,14.18,14.5,33
Mon Sep 26 06:44:54 GMT-03:00 2022,26-Sep-2022 06:44:55.424,-35.20534782772287,-5.798843858337948,9.130340576171875,6.0,23.452683476062596,20.622283935546875,-0.42,5.36,7.56,-0.06,12.16,0.05,0,0.04,0.03,14.9,7.45,14.7,19.61,94,24.78,1013,14.65,598,1,351.7,224,0,84,8.35,20.39,16.08,957.5,19.61,20.43,0.92,48.63,-7.81,-8.59,-9.38,-,0.35,6,23.45,20.62,-5.8,-35.21,20,0.13,11.2,29,35.83,11.3,8.85,2.52,101.22,31.93,0.74,0.76,2.35,672,32.87,33,12.55,13.5,46.58,11.3,8.85,31.93,3.13,541.43,432.89,108.54,-12.99,14.2,14.4,27
Mon Sep 26 06:44:55 GMT-03:00 2022,26-Sep-2022 06:44:56.422,-35.2053195466883,-5.798764807795667,9.116003036499023,6.0,23.270456375622217,20.932971954345703,-0.81,4.85,9.64,0.1,12.55,0.1,0,0,0.12,14.9,7.45,14.7,19.61,94,24.8,1013,14.65,598,1,351.79,224,0,84,-,21.96,17.25,932.5,19.61,20.45,0.97,48.63,-7.03,-8.59,-7.81,-,0.35,6,23.27,20.93,-5.8,-35.21,20,0.13,-,29,33.95,11.36,8.8,2.66,95.89,32.09,0.08,0.75,2.35,673,32.82,33,12.94,12,-,11.36,8.8,32.09,3.16,542.42,433.88,108.54,-12.02,14.26,14.4,25
Mon Sep 26 06:44:56 GMT-03:00 2022,26-Sep-2022 06:44:57.424,-35.205291115503975,-5.798685814134211,8.616985321044922,6.0,23.336567090943436,20.905426025390625,-0.39,4.07,8.44,-0.05,12.55,-0.07,0.01,-0.09,-0.03,14.9,7.45,14.7,19.61,94,24.82,1013.03,14.65,596.1,1,353.54,224,0,84,-,21.18,17.25,945,19.61,20.47,0.95,48.63,-7.03,-5.47,-4.69,-,0.35,6,23.34,20.91,-5.8,-35.21,20,1.02,-,29,34.6,11.42,8.76,2.61,97.73,32.25,0.08,0.75,2.75,674,31.02,30,12.94,9,-,11.42,8.76,32.25,3.16,543.43,434.89,108.54,-12,14.22,14.3,23
Mon Sep 26 06:44:57 GMT-03:00 2022,26-Sep-2022 06:44:58.421,-35.20526527647124,-5.798617990776797,7.536070346832275,6.0,23.487442878581778,20.838180541992188,-0.22,5.58,8.14,0,12.55,-0.01,0,0.04,-0.05,14.9,7.45,14.7,19.61,94,24.82,1013.05,14.65,596.1,1,358.2,224,0,84,-,20.78,17.25,972,19.61,20.49,0.96,49.02,-7.03,-1.56,-4.69,-,0.35,6,23.49,20.84,-5.8,-35.21,17,2.13,-,29,31.21,11.47,8.72,2.63,88.17,32.39,0.08,0.75,2.75,676,27.13,25,12.94,9,-,11.47,8.72,32.39,3.16,544.43,435.88,108.54,-12.02,14.22,14.3,21
Mon Sep 26 06:44:58 GMT-03:00 2022,26-Sep-2022 06:44:59.421,-35.20524258359161,-5.798560780711721,6.68776273727417,6.0,22.897736234099987,20.82198715209961,-0.5,5.58,7.8,-0.02,12.55,-0.01,0,0,-0.02,14.9,7.45,14.7,19.61,94,24.82,1013.02,14.65,594.6,1,359.73,224,0,84,-,19.61,16.47,1021.5,19.61,20.5,0.92,49.02,-7.03,0.78,-0.78,-,0.35,6,22.9,20.82,-5.8,-35.21,15,0.08,-,29,27.14,11.5,8.69,2.52,76.68,32.5,0.11,0.77,2.75,677,24.08,24,12.94,12,-,11.5,8.69,32.5,3.18,545.4,436.85,108.54,-12.2,14.26,14.4,20
Mon Sep 26 06:44:59 GMT-03:00 2022,26-Sep-2022 06:45:00.418,-35.205218968264646,-5.798498417630655,6.839404582977295,6.0,23.075260574694656,20.833986282348633,-0.64,5.6,8.3,0.02,12.55,0.04,0,0.02,0.03,14.9,7.45,14.7,19.61,94,24.81,1013.05,14.65,594.6,1,360.94,224,0,84,-,20.39,16.08,964.5,19.61,20.52,0.94,49.02,-7.03,0.78,1.56,-,0.35,6,23.08,20.83,-5.8,-35.21,19,0.62,-,29,25.45,11.54,8.67,2.58,71.9,32.6,0.08,0.79,2.35,678,24.62,24,12.94,12,-,11.54,8.67,32.6,3.18,546.4,437.86,108.54,-12.26,14.22,14.4,19
Mon Sep 26 06:45:00 GMT-03:00 2022,26-Sep-2022 06:45:01.424,-35.20519638528817,-5.798437359732459,6.776993274688721,6.0,23.306594872076627,20.962949752807617,-0.08,6.16,8.11,0.04,12.55,0,0.01,-0.02,0.01,14.9,7.45,14.7,19.61,94,24.81,1013.07,14.65,592.4,1,362.02,224,0,84,-,20.39,16.47,969,19.61,20.53,0.92,49.02,-7.03,3.91,4.69,-,0.35,6,23.31,20.96,-5.8,-35.21,17,1.4,-,30,26.06,11.57,8.64,2.52,73.61,32.7,0.77,0.78,2.35,679,24.4,23,12.94,7.5,-,11.57,8.64,32.7,3.18,547.37,438.83,108.54,-12.17,14.26,14.4,18
Mon Sep 26 06:45:01 GMT-03:00 2022,26-Sep-2022 06:45:02.419,-35.20517494884968,-5.7983785266904215,6.666512489318848,6.0,22.908167419397753,21.091684341430664,-0.14,5.32,8.37,0.01,12.55,-0.05,-0.03,-0.01,-0.06,14.9,7.45,14.7,19.61,94,24.81,1013.1,14.65,592.4,1,362.02,224,0,84,-,20.39,16.47,969,19.61,20.53,0.92,49.41,-7.03,1.56,0.78,-,0.35,6,22.91,21.09,-5.8,-35.21,16,1.4,-,30,26.06,11.57,8.64,2.52,73.61,32.7,0.85,0.77,2.35,680,24,23,12.55,7.5,-,11.57,8.64,32.7,3.18,548.39,439.85,108.54,-12.17,14.2,14.4,18
Mon Sep 26 06:45:02 GMT-03:00 2022,26-Sep-2022 06:45:03.420,-35.205152700464886,-5.79832221492685,6.463824272155762,6.0,22.769498524660406,20.872926712036133,-0.28,4.72,7.59,-0.09,12.55,-0.03,0.06,0,-0.04,14.9,7.45,14.7,19.61,94,24.8,1013.11,14.65,589.8,1,366.04,224,0,84,-,20.39,16.47,930.5,19.61,20.55,0.91,49.41,-7.03,-1.56,-2.34,-,0.35,6,22.77,20.87,-5.8,-35.21,20,1,-,30,25.27,11.61,8.61,2.49,71.4,32.79,0.79,0.77,2.35,680,23.27,23,12.55,8,-,11.61,8.61,32.79,3.22,549.23,440.69,108.54,-12.21,14.2,14.4,18
Mon Sep 26 06:45:03 GMT-03:00 2022,26-Sep-2022 06:45:04.418,-35.20513430358339,-5.798270593632418,5.932806968688965,6.0,22.58853568164345,20.820960998535156,-0.31,4.46,9.27,0.05,12.55,0.01,-0.02,-0.14,0.08,14.9,7.45,14.7,19.61,94,24.79,1013.11,14.65,588.2,1,370.01,224,0,84,-,20.78,16.86,946.5,19.61,20.57,0.93,49.8,-7.03,-2.34,-1.56,-,0.35,6,22.59,20.82,-5.8,-35.21,18,1.36,-,30,24.68,11.64,8.59,2.55,69.72,32.88,0.09,0.76,2.75,681,21.36,20,12.94,6.5,-,11.64,8.59,32.88,3.22,550.41,441.87,108.54,-12.05,14.26,14.4,18
Mon Sep 26 06:45:04 GMT-03:00 2022,26-Sep-2022 06:45:05.418,-35.20511685517105,-5.798227078792882,4.9766740798950195,6.0,22.54777348861979,19.617429733276367,-0.66,5.13,8.75,0.03,12.94,0.02,-0.03,-0.02,0.03,14.9,7.45,14.7,19.61,94,24.77,1013.15,14.65,588.2,1,371.03,224,0,84,-,23.14,18.43,963,19.61,20.59,1.05,49.8,-7.03,0.78,1.56,-,0.35,6,22.55,19.62,-5.8,-35.21,16,1.92,-,30,19,11.66,8.58,2.88,53.68,32.93,0.1,0.76,2.75,683,17.92,16,13.33,19.5,-,11.66,8.58,32.93,3.22,551.39,442.85,108.54,-11.76,13.32,14.4,18
Mon Sep 26 06:45:05 GMT-03:00 2022,26-Sep-2022 06:45:06.420,-35.20509613104007,-5.798194990361817,4.360450267791748,6.0,21.878261523070847,18.979686737060547,-0.62,5.29,8.29,0,13.33,-0.02,-0.01,-0.01,-0.01,14.9,7.45,14.7,19.61,94,24.74,1013.1,14.65,588.2,1,374.52,224,0,84,-,29.02,23.92,942.5,19.61,20.61,1.29,50.2,-5.47,3.91,3.91,-,0.36,6,21.88,18.98,-5.8,-35.21,17,2.7,-,30,12.44,11.66,8.58,3.52,35.13,32.94,0.82,0.76,3.14,684,15.7,13,13.73,15.5,-,11.66,8.58,32.94,3.22,552.4,443.86,108.54,-11.18,13.54,13.2,19
Mon Sep 26 06:45:06 GMT-03:00 2022,26-Sep-2022 06:45:07.421,-35.20508136549381,-5.798163486838204,3.6432812213897705,6.0,21.6730737709107,19.130773544311523,-0.21,5.33,8.48,0.02,14.12,0,0,0,0,14.9,7.45,14.7,19.61,93,24.71,1013.14,14.65,584.9,1,374.58,224,0,84,-,35.69,29.02,953.5,19.61,20.64,1.6,50.2,-5.47,-0.78,3.91,-,0.36,6,21.67,19.13,-5.8,-35.21,18,2.12,-,30,8.12,11.65,8.58,4.38,22.94,32.91,0.82,0.76,4.31,685,13.12,11,14.51,7.5,-,11.65,8.58,32.91,3.22,553.42,444.88,108.54,-10.24,13.54,14,22
Mon Sep 26 06:45:07 GMT-03:00 2022,26-Sep-2022 06:45:08.417,-35.2050705168484,-5.798135818839186,3.224724531173706,6.0,21.645151157299154,19.28003692626953,-0.42,5.29,8.46,0.02,14.12,0.02,0,0,0.02,14.9,7.45,14.7,19.61,93,24.67,1013.12,14.65,584.9,1,377.23,224,0,84,-,40.78,30.98,904.5,19.61,20.67,1.75,50.59,-4.69,0.78,-1.56,-,0.36,6,21.65,19.28,-5.8,-35.21,16,2.61,-,30,6.27,11.64,8.59,4.8,17.71,32.88,0.77,0.75,4.31,686,11.61,9,14.51,7.5,-,11.64,8.59,32.88,3.23,554.42,445.88,108.54,-9.87,14.16,14.5,24
Mon Sep 26 06:45:08 GMT-03:00 2022,26-Sep-2022 06:45:09.418,-35.20506041943166,-5.798111987020843,2.729844808578491,6.0,21.644661037303347,19.391599655151367,-0.42,5.13,8.44,0.01,14.12,0,-0.01,0,0,14.9,7.45,14.7,19.61,93,24.67,1013.14,14.65,580.7,1,377.23,224,0,84,-,40.78,33.33,904.5,19.61,20.67,1.75,50.59,-4.69,0.78,1.56,-,0.36,6,21.64,19.39,-5.8,-35.21,19,2.61,-,30,6.27,11.64,8.59,4.8,17.71,32.88,0.1,0.75,4.31,687,9.83,9,14.51,5,-,11.64,8.59,32.88,3.25,555.4,446.85,108.54,-9.87,14.16,14.4,24
Mon Sep 26 06:45:09 GMT-03:00 2022,26-Sep-2022 06:45:10.421,-35.20505254256713,-5.798090743988773,2.2593398094177246,6.0,21.74298508672386,19.522279739379883,-0.35,5.53,7.96,-0.01,13.33,0,-0.01,0.02,-0.02,14.9,7.45,14.7,19.61,93,24.63,1013.12,14.65,578.9,1,376.81,224,0,84,-,41.57,29.02,935.5,19.61,20.71,1.79,50.59,-4.69,3.91,1.56,-,0.36,6,21.74,19.52,-5.8,-35.21,19,2.83,-,29,5.02,11.62,8.6,4.91,14.17,32.83,0.82,0.77,3.53,687,8.13,7,14.51,2,-,11.62,8.6,32.83,3.25,556.4,447.85,108.54,-9.49,14.14,14.4,27
Mon Sep 26 06:45:10 GMT-03:00 2022,26-Sep-2022 06:45:11.418,-35.20504517273402,-5.798069166049178,2.1225712299346924,6.0,21.67683388243381,19.654386520385742,-0.38,5.53,8.27,0.01,13.33,0.02,0,0.03,0,14.9,7.45,14.7,19.61,93,24.59,1013.17,14.65,578.9,1,376.29,224,0,84,-,33.73,29.02,895,19.61,20.73,1.35,50.59,-5.47,-1.56,-2.34,-,0.36,6,21.68,19.65,-5.8,-35.21,19,2.13,-,29,5.19,11.61,8.62,3.69,14.66,32.79,0.84,0.79,3.53,688,7.64,6,13.73,7.5,-,11.61,8.62,32.79,3.25,557.35,448.81,108.54,-10.92,14.2,14.5,26
Mon Sep 26 06:45:11 GMT-03:00 2022,26-Sep-2022 06:45:12.419,-35.20503936024271,-5.79805431030239,1.8158451318740845,6.0,21.628894732709963,19.74612808227539,-0.22,5.48,8.15,-0,13.33,0,0,0.02,-0.02,14.9,7.45,14.7,19.61,93,24.54,1013.15,14.65,578.9,1,378.71,224,0,84,-,34.51,27.06,885.5,19.61,20.77,1.42,50.98,-5.47,-1.56,-2.34,-,0.36,6,21.63,19.75,-5.8,-35.21,17,1.54,-,29,4.23,11.59,8.63,3.88,11.95,32.74,0.84,0.79,3.53,690,6.54,5,13.73,7.5,-,11.59,8.63,32.74,3.26,558.41,449.87,108.54,-10.55,14.2,14.5,27
Mon Sep 26 06:45:12 GMT-03:00 2022,26-Sep-2022 06:45:13.417,-35.20503285732489,-5.798043561325315,1.5842890739440918,6.0,21.483568241290797,19.84490966796875,-0.46,5.08,8.55,0.01,13.33,0.01,-0.01,-0.02,0.02,14.9,7.45,14.7,19.61,93,24.54,1013.15,14.65,576.2,1,378.71,224,0,84,-,34.51,27.45,885.5,19.61,20.77,1.42,50.98,-5.47,-4.69,-3.91,-,0.36,6,21.48,19.84,-5.8,-35.21,20,1.54,-,30,4.23,11.59,8.63,3.88,11.95,32.74,0.09,0.86,3.53,690,5.7,5,13.73,3.5,-,11.59,8.63,32.74,3.26,559.4,450.85,108.54,-10.55,14.26,14.4,27
Mon Sep 26 06:45:13 GMT-03:00 2022,26-Sep-2022 06:45:14.417,-35.20502848923327,-5.798033355245242,1.1455364227294922,6.0,21.502661735875872,19.935409545898438,-0.47,5.1,8.45,0,12.94,0.01,0,-0.02,0.02,14.9,7.45,14.7,19.61,93,24.49,1013.14,14.65,575.2,1,378.13,224,0,84,-,34.12,27.45,877,19.61,20.8,1.38,50.98,-5.47,0.78,0.78,-,0.36,6,21.5,19.94,-5.8,-35.21,19,1.12,-,30,3.63,11.57,8.64,3.77,10.25,32.68,0.77,0.83,3.14,691,4.12,3,13.73,2,-,11.57,8.64,32.68,3.26,560.39,451.85,108.54,-10.61,14.28,14.3,27
Mon Sep 26 06:45:14 GMT-03:00 2022,26-Sep-2022 06:45:15.417,-35.205026963762705,-5.7980287249640075,0.4483602046966553,6.0,21.441942698239778,19.96774673461914,-0.39,5.7,8.05,0,12.94,0,-0.02,0.04,-0.02,14.9,7.45,14.7,19.61,93,24.43,1013.18,14.65,575.2,1,383.32,224,0,84,-,30.98,24.71,767.5,19.61,20.83,1.09,51.76,-5.47,-3.91,-3.91,-,0.36,6,21.44,19.97,-5.8,-35.21,20,1.61,-,30,2.75,11.55,8.66,2.99,7.76,32.62,0.79,0.83,3.14,693,1.61,0,13.33,6,-,11.55,8.66,32.62,3.26,561.4,452.51,108.9,-11.41,14.24,14.3,25
Mon Sep 26 06:45:15 GMT-03:00 2022,26-Sep-2022 06:45:16.417,-35.205026963762705,-5.7980287249640075,0.14632990956306458,6.0,21.435127285833943,19.966089248657227,-0.4,5.62,7.98,-0.01,12.94,0,-0.01,0.03,-0.02,14.9,7.45,14.7,19.61,93,24.37,1013.16,14.65,574.5,1,382.62,224,0,84,-,30.98,24.71,763.5,19.61,20.85,1.09,51.76,-6.25,-3.91,-3.91,-,0.36,6,21.44,19.97,-5.8,-35.21,19,0.53,-,30,0,11.55,8.66,2.97,0,32.62,0.79,0.81,3.14,694,0.53,0,13.33,5,-,11.55,8.66,32.62,3.26,562.24,452.51,109.74,-10.97,14.24,14.5,25
Mon Sep 26 06:45:16 GMT-03:00 2022,26-Sep-2022 06:45:17.417,-35.205026963762705,-5.7980287249640075,0.2272193431854248,8.0,21.403448941390288,19.954530715942383,-0.38,5.68,8.06,0,12.94,0,-0.01,0.04,-0.02,14.9,7.45,14.7,19.61,93,24.31,1013.18,14.65,574.5,1,382.58,224,0,85,-,30.98,24.71,797,19.61,20.87,1.15,51.76,-6.25,0,-3.12,-,0.36,8,21.4,19.95,-5.8,-35.21,20,0.82,-,30,0,11.55,8.66,3.16,0,32.62,0.09,0.8,3.14,695,0.82,0,13.33,5,-,11.55,8.66,32.62,3.26,563.42,452.51,110.91,-10.72,14.26,14.5,25
Mon Sep 26 06:45:17 GMT-03:00 2022,26-Sep-2022 06:45:18.417,-35.205026963762705,-5.7980287249640075,0.054885126650333405,6.0,21.47846212788639,19.94545555114746,-0.37,5.75,8.1,0.01,12.94,0,-0.01,0.03,-0.03,14.9,7.45,14.7,19.61,93,24.31,1013.12,14.65,573.3,1,382.58,224,0,85,-,30.98,24.31,797,19.61,20.87,1.15,51.76,-6.25,0,0.78,-,0.36,6,21.48,19.95,-5.8,-35.21,17,0.82,-,30,0,11.55,8.66,3.16,0,32.62,0.09,0.8,3.14,695,0.2,0,13.33,3,-,11.55,8.66,32.62,3.26,564.39,452.51,111.89,-10.72,14.28,14.5,25
Mon Sep 26 06:45:18 GMT-03:00 2022,26-Sep-2022 06:45:19.420,-35.205026963762705,-5.7980287249640075,0.039953600615262985,6.0,21.4924800094285,19.941604614257812,-0.32,5.75,8,0,12.94,0.01,0,0.04,-0.01,14.9,7.45,14.7,19.61,93,24.26,1013.16,14.65,572.6,1,373.84,224,0,85,-,30.2,24.71,799.5,19.61,20.89,1.09,50.59,-6.25,3.91,3.91,-,0.36,6,21.49,19.94,-5.8,-35.21,17,0.2,-,30,0,11.55,8.66,2.99,0,32.61,0.68,0.79,3.14,696,0.14,0,13.33,5,-,11.55,8.66,32.61,3.26,565.4,452.51,112.9,-11.09,14.26,14.4,25
Mon Sep 26 06:45:19 GMT-03:00 2022,26-Sep-2022 06:45:20.417,-35.205026963762705,-5.7980287249640075,0.03379977121949196,6.0,21.45830466851475,19.93425941467285,-0.33,5.72,8.06,0.01,13.33,0.01,0,0.04,-0.01,14.9,7.45,14.7,19.61,93,24.2,1013.14,14.65,572.6,1,373.8,224,0,85,-,33.33,24.71,816,19.61,20.91,1.31,50.59,-6.25,1.56,0.78,-,0.36,6,21.46,19.93,-5.8,-35.21,17,0.14,-,30,0,11.54,8.66,3.58,0,32.61,0.81,0.8,3.14,697,0.12,0,13.73,-4,-,11.54,8.66,32.61,3.26,566.42,452.51,113.91,-10.4,13.9,13.9,26
Mon Sep 26 06:45:20 GMT-03:00 2022,26-Sep-2022 06:45:21.417,-35.205026963762705,-5.7980287249640075,0.06573580950498581,6.0,21.766148267774806,19.9278564453125,-0.37,5.71,8.11,0.01,13.33,0.01,0,0.04,-0.01,14.9,7.45,14.7,19.61,93,24.14,1013.15,14.65,571.4,1,373.75,224,0,85,-,38.43,28.63,816.5,19.61,20.94,1.44,50.59,-5.47,-2.34,-0.78,-,0.36,6,21.77,19.93,-5.8,-35.21,16,0.24,-,30,0,11.54,8.66,3.94,0,32.61,0.29,0.8,3.53,698,0.24,0,13.73,3,-,11.54,8.66,32.61,3.26,567.42,452.51,114.91,-10.06,13.02,13.2,27
Mon Sep 26 06:45:21 GMT-03:00 2022,26-Sep-2022 06:45:22.418,-35.205026963762705,-5.7980287249640075,0.055736176669597626,6.0,21.838499962107363,19.91788101196289,-0.41,5.68,7.99,-0,13.33,0,0,0.04,-0.02,14.9,7.45,14.7,19.61,93,24.08,1013.14,14.65,571.4,1,373.71,224,0,85,-,39.61,30.59,761,19.61,20.96,1.37,50.59,-5.47,2.34,3.12,-,0.36,6,21.84,19.92,-5.8,-35.21,18,0.2,-,30,0,11.54,8.66,3.74,0,32.6,0.74,0.79,3.53,700,0.2,0,13.73,7.5,-,11.54,8.66,32.6,3.26,568.35,452.51,115.85,-10.3,13.58,13.8,28
Mon Sep 26 06:45:22 GMT-03:00 2022,26-Sep-2022 06:45:23.417,-35.205026963762705,-5.7980287249640075,0.0,6.0,21.789183641093476,19.91714096069336,-0.49,5.68,7.81,-0.02,13.33,-0.01,-0.01,0.03,-0.04,14.9,7.45,14.7,19.61,93,24.03,1013.15,14.65,571.4,1,373.67,224,0,85,-,40.78,32.55,794,19.61,20.99,1.49,50.59,-5.47,0.78,0,-,0.36,6,21.79,19.92,-5.8,-35.21,18,0,-,30,0,11.54,8.67,4.08,0,32.6,0.78,0.78,3.53,701,0,0,13.73,1.5,-,11.54,8.67,32.6,3.26,569.42,452.51,116.91,-9.56,14.16,13.8,29
Mon Sep 26 06:45:23 GMT-03:00 2022,26-Sep-2022 06:45:24.417,-35.205026963762705,-5.7980287249640075,0.0,6.0,21.84705892935896,19.91150665283203,-0.48,5.61,8.05,-0,13.33,0,0,0.02,-0.01,14.9,7.45,14.7,19.61,93,23.97,1013.12,14.65,570.5,1,370.73,224,0,85,-,40,31.76,743.5,19.61,21.02,1.37,50.2,-5.47,0.78,0,-,0.36,6,21.85,19.91,-5.8,-35.21,17,0,-,30,0,11.54,8.67,3.74,0,32.6,0.78,0.78,3.53,702,0,0,13.73,1.5,-,11.54,8.67,32.6,3.26,570.4,452.51,117.89,-10.18,14.16,14.3,30
Mon Sep 26 06:45:24 GMT-03:00 2022,26-Sep-2022 06:45:25.417,-35.205026963762705,-5.7980287249640075,0.0,6.0,21.90117297519711,19.91877555847168,-0.35,5.76,7.84,-0.01,13.33,0,0,0.04,-0.02,14.9,7.45,14.7,19.61,93,23.92,1013.16,14.65,569.9,1,370.69,224,0,85,-,40,31.37,788,19.61,21.04,1.37,50.2,-5.47,-1.56,-0.78,-,0.36,6,21.9,19.92,-5.8,-35.21,18,0,-,30,0,11.54,8.67,3.74,0,32.59,0.1,0.77,3.53,703,0,0,13.73,3.5,-,11.54,8.67,32.59,3.26,571.4,452.51,118.9,-9.87,14.28,14.5,30
Mon Sep 26 06:45:25 GMT-03:00 2022,26-Sep-2022 06:45:26.417,-35.205026963762705,-5.7980287249640075,0.009835761040449142,6.0,21.786804324828708,19.918628692626953,-0.36,5.72,7.93,-0.01,12.94,0,-0.01,0.04,-0.02,14.9,7.45,14.7,19.61,93,23.92,1013.12,14.65,569.9,1,370.69,224,0,85,-,38.82,25.1,788,19.61,21.04,1.37,50.2,-5.47,1.56,1.56,-,0.36,6,21.79,19.92,-5.8,-35.21,21,0,-,30,0,11.54,8.67,3.74,0,32.59,0.76,0.77,2.75,704,0.04,0,13.73,3,-,11.54,8.67,32.59,3.26,572.41,452.51,119.9,-9.87,14.34,14.4,30
Mon Sep 26 06:45:26 GMT-03:00 2022,26-Sep-2022 06:45:27.418,-35.205026963762705,-5.7980287249640075,0.009731372818350792,6.0,21.766732412112567,19.931137084960938,-0.49,5.71,8.04,0,12.94,0,0,0.03,-0.02,14.9,7.45,14.7,19.61,93,23.86,1013.13,14.65,569.2,1,370.65,224,0,85,-,29.8,23.92,793.5,19.61,21.06,1.01,50.2,-7.03,0,-0.78,-,0.36,6,21.77,19.93,-5.8,-35.21,22,0.04,-,30,0,11.54,8.67,2.77,0,32.59,0.83,0.77,2.75,704,0.04,0,12.94,6,-,11.54,8.67,32.59,3.26,573.4,452.51,120.89,-11.31,14.22,14.5,28
Mon Sep 26 06:45:27 GMT-03:00 2022,26-Sep-2022 06:45:28.418,-35.205026963762705,-5.7980287249640075,0.13110506534576416,6.0,21.812313239113333,19.917613983154297,-0.43,5.65,8.04,0,12.94,0,0,0.03,-0.03,14.9,7.45,14.7,19.61,93,23.81,1013.16,14.65,569,1,370.61,224,0,85,-,30.2,23.92,749.5,19.61,21.08,1.02,50.2,-6.25,-3.91,-4.69,-,0.36,6,21.81,19.92,-5.8,-35.21,19,0.47,-,30,0,11.53,8.67,2.8,0,32.58,0.7,0.8,2.75,705,0.47,0,13.33,5,-,11.53,8.67,32.58,3.26,574.41,452.51,121.9,-11.3,14.22,14.5,27
Mon Sep 26 06:45:28 GMT-03:00 2022,26-Sep-2022 06:45:29.417,-35.205026963762705,-5.7980287249640075,0.023376036435365677,6.0,21.80849624342146,19.911619186401367,-0.37,5.66,8.04,0,12.94,0,-0.01,0.03,-0.03,14.9,7.45,14.7,19.61,93,23.75,1013.17,14.65,569,1,370.57,224,0,85,-,30.98,24.31,755.5,19.61,21.1,1.07,50.2,-7.03,-1.56,-1.56,-,0.36,6,21.81,19.91,-5.8,-35.21,20,0.08,-,30,0,11.53,8.67,2.94,0,32.58,0.09,0.85,2.75,707,0.08,0,13.33,3.5,-,11.53,8.67,32.58,3.26,575.25,452.51,122.75,-10.92,14.26,14.5,26
Mon Sep 26 06:45:29 GMT-03:00 2022,26-Sep-2022 06:45:30.416,-35.205026963762705,-5.7980287249640075,0.02235816791653633,6.0,21.875058816644508,19.911252975463867,-0.34,5.68,8.08,0,12.94,0,0,0.03,-0.02,14.9,7.45,14.7,19.61,93,23.7,1013.18,14.65,569,1,370.53,224,0,85,-,30.2,23.92,763,19.61,21.12,1.05,50.2,-7.03,1.56,-1.56,-,0.36,6,21.88,19.91,-5.8,-35.21,21,0.08,-,30,0,11.53,8.67,2.88,0,32.58,0.09,0.85,2.75,708,0.08,0,13.33,5,-,11.53,8.67,32.58,3.26,576.42,452.51,123.92,-11.03,14.34,14.5,26
Mon Sep 26 06:45:30 GMT-03:00 2022,26-Sep-2022 06:45:31.418,-35.205026963762705,-5.7980287249640075,0.02851632423698902,6.0,21.915863946430196,19.906591415405273,-0.46,5.66,7.99,-0,12.94,0,0,0.03,-0.02,14.9,7.45,14.7,19.61,93,23.64,1013.14,14.65,568.3,1,370.49,224,0,85,-,30.2,23.92,778.5,19.61,21.14,1.07,50.2,-6.25,1.56,1.56,-,0.36,6,21.92,19.91,-5.8,-35.21,20,0.1,-,30,0,11.53,8.67,2.94,0,32.57,0.61,0.83,2.75,709,0.1,0,13.33,5,-,11.53,8.67,32.57,3.26,577.4,452.51,124.89,-10.99,14.34,14.5,25
Mon Sep 26 06:45:31 GMT-03:00 2022,26-Sep-2022 06:45:32.425,-35.205026963762705,-5.7980287249640075,0.031375668942928314,6.0,21.97844010152271,19.899002075195312,-0.37,5.68,7.97,-0,12.94,0,0,0.04,-0.02,14.9,7.45,14.7,19.61,93,23.64,1013.1,14.65,567.7,1,370.49,224,0,85,-,30.2,24.31,778.5,19.61,21.14,1.07,49.8,-6.25,-1.56,-2.34,-,0.36,6,21.98,19.9,-5.8,-35.21,22,0.1,-,30,0,11.53,8.67,2.94,0,32.57,0.8,0.82,3.14,710,0.11,0,13.33,4.5,-,11.53,8.67,32.57,3.26,578.41,452.51,125.91,-10.99,14.3,14.5,25
Mon Sep 26 06:45:32 GMT-03:00 2022,26-Sep-2022 06:45:33.418,-35.205026963762705,-5.7980287249640075,0.0347968153655529,6.0,22.00090958451293,19.890411376953125,-0.3,5.69,8.03,0,12.94,0,0,0.04,-0.02,14.9,7.45,14.7,19.61,93,23.59,1013.15,14.65,567.7,1,367.55,224,0,85,-,30.59,25.49,768,19.61,21.16,1.05,49.8,-6.25,-2.34,-2.34,-,0.36,6,22,19.89,-5.8,-35.21,22,0.11,-,30,0,11.53,8.67,2.88,0,32.57,0.1,0.81,2.75,710,0.13,0,13.33,7.5,-,11.53,8.67,32.57,3.26,579.42,452.51,126.91,-11.14,14.26,14.5,25
Mon Sep 26 06:45:33 GMT-03:00 2022,26-Sep-2022 06:45:34.418,-35.205026963762705,-5.7980287249640075,0.0388169065117836,4.0,22.03771994364905,19.88376235961914,-0.31,5.69,8.02,0,13.73,0.01,0,0.04,-0.01,14.9,7.45,14.7,19.61,93,23.53,1013.12,14.65,566.9,1,367.51,224,0,85,-,32.94,25.49,781,19.61,21.19,1.22,49.8,-6.25,0.78,1.56,-,0.37,4,22.04,19.88,-5.8,-35.21,23,0.13,-,30,0,11.53,8.67,3.33,0,32.57,0.09,0.8,3.53,711,0.14,0,13.73,-1,-,11.53,8.67,32.57,3.26,580.42,452.51,127.92,-10.53,14.34,14.4,25
Mon Sep 26 06:45:34 GMT-03:00 2022,26-Sep-2022 06:45:35.417,-35.205026963762705,-5.7980287249640075,0.05169675871729851,4.0,22.111639285547092,19.874622344970703,-0.28,5.62,8.02,-0,13.73,0,-0.02,0.03,-0.02,14.9,7.45,14.7,19.61,93,23.48,1013.13,14.65,566.9,1,367.47,224,0,85,-,39.22,30.59,795.5,19.61,21.21,1.43,49.8,-6.25,5.47,5.47,-,0.37,4,22.11,19.87,-5.8,-35.21,20,0.19,-,30,0,11.53,8.67,3.91,0,32.56,0.78,0.79,3.53,712,0.19,0,13.73,3.5,-,11.53,8.67,32.56,3.26,581.42,452.51,128.91,-9.9,14.22,14.4,27
Mon Sep 26 06:45:35 GMT-03:00 2022,26-Sep-2022 06:45:36.416,-35.205026963762705,-5.7980287249640075,0.041996803134679794,4.0,22.142864577135246,19.86764144897461,-0.3,5.7,8.01,-0,13.33,0.01,-0.01,0.04,-0.01,14.9,7.45,14.7,19.61,93,23.42,1013.16,14.65,566.2,1,367.43,224,0,85,-,39.22,30.98,787,19.61,21.24,1.4,49.8,-5.47,1.56,5.47,-,0.37,4,22.14,19.87,-5.8,-35.21,21,0.15,-,30,0,11.53,8.68,3.83,0,32.56,0.78,0.79,3.53,714,0.15,0,13.73,3.5,-,11.53,8.68,32.56,3.26,582.41,452.51,129.9,-10.08,14.22,14.4,28
Mon Sep 26 06:45:36 GMT-03:00 2022,26-Sep-2022 06:45:37.417,-35.205026963762705,-5.7980287249640075,0.04221544414758682,4.0,22.222042880552593,19.854509353637695,-0.35,5.7,8.09,0.01,13.33,0,-0.02,0.03,-0.02,14.9,7.45,14.7,19.61,93,23.37,1013.13,14.65,566.2,1,367.39,224,0,85,-,39.22,31.37,780,19.61,21.27,1.39,49.8,-5.47,-2.34,0.78,-,0.37,4,22.22,19.85,-5.8,-35.21,23,0.15,-,30,0,11.52,8.68,3.8,0,32.56,0.82,0.79,3.53,715,0.15,0,13.73,3.5,-,11.52,8.68,32.56,3.26,583.43,452.51,130.92,-10.06,14.3,14.5,29
Mon Sep 26 06:45:37 GMT-03:00 2022,26-Sep-2022 06:45:38.418,-35.205026963762705,-5.7980287249640075,0.036290086805820465,4.0,22.24362651470916,19.84674644470215,-0.54,5.66,7.99,-0,13.33,0,0,0.03,-0.01,14.9,7.45,14.7,19.61,93,23.37,1013.14,14.65,565.5,1,370.24,224,0,85,-,39.22,31.76,747,19.61,21.29,1.37,50.2,-5.47,-2.34,-2.34,-,0.37,4,22.24,19.85,-5.8,-35.21,22,0.15,-,30,0,11.52,8.68,3.74,0,32.55,0.76,0.79,3.53,716,0.13,0,13.73,3.5,-,11.52,8.68,32.55,3.26,584.43,452.51,131.92,-10.1,14.22,14.6,29
Mon Sep 26 06:45:38 GMT-03:00 2022,26-Sep-2022 06:45:39.416,-35.205026963762705,-5.7980287249640075,0.032205771654844284,4.0,22.291077886157733,19.845924377441406,-0.34,5.65,8.09,0,13.33,0,-0.01,0.03,-0.02,14.9,7.45,14.7,19.61,93,23.32,1013.17,14.65,565.3,1,370.24,224,0,85,-,40,31.37,747,19.61,21.29,1.37,50.2,-5.47,-3.12,-1.56,-,0.37,4,22.29,19.85,-5.8,-35.21,20,0.13,-,30,0,11.52,8.68,3.74,0,32.55,0.11,0.81,3.53,716,0.12,0,13.73,4.5,-,11.52,8.68,32.55,3.26,585.41,452.51,132.9,-10.1,14.22,14.4,29
Mon Sep 26 06:45:39 GMT-03:00 2022,26-Sep-2022 06:45:40.418,-35.205026963762705,-5.7980287249640075,0.035801518708467484,4.0,22.338512158803436,19.83631706237793,-0.34,5.69,8.03,0,13.33,0,0,0.03,-0.03,14.9,7.45,14.7,19.61,93,23.27,1013.16,14.65,565.3,1,370.2,224,0,85,-,39.22,30.98,769,19.61,21.32,1.36,50.2,-5.47,1.56,1.56,-,0.37,4,22.34,19.84,-5.8,-35.21,22,0.13,-,30,0,11.52,8.68,3.72,0,32.55,0.75,0.82,3.53,717,0.13,0,13.73,4.5,-,11.52,8.68,32.55,3.26,586.4,452.51,133.89,-9.92,14.22,14.4,30
Mon Sep 26 06:45:40 GMT-03:00 2022,26-Sep-2022 06:45:41.417,-35.205026963762705,-5.7980287249640075,0.0465577095746994,4.0,22.423408836958,19.8233642578125,-0.41,5.7,7.99,-0,13.33,0,0,0.04,-0.02,14.9,7.45,14.7,19.61,93,23.21,1013.12,14.65,564.7,1,370.16,224,0,85,-,39.22,30.98,799.5,19.61,21.35,1.41,50.2,-6.25,-2.34,-2.34,-,0.37,4,22.42,19.82,-5.8,-35.21,23,0.17,-,30,0,11.52,8.68,3.86,0,32.55,0.79,0.81,2.75,718,0.17,0,13.33,-3,-,11.52,8.68,32.55,3.26,587.41,452.51,134.91,-9.88,14.34,14.5,30
Mon Sep 26 06:45:41 GMT-03:00 2022,26-Sep-2022 06:45:42.420,-35.205026963762705,-5.7980287249640075,0.04181180149316788,6.0,22.48025705489149,19.808265686035156,-0.51,5.64,7.93,-0.01,12.55,0,0,0.04,-0.03,14.9,7.45,14.7,19.61,93,23.16,1013.12,14.65,564.7,1,370.12,224,0,85,-,30.59,24.31,748,19.61,21.36,1.05,50.2,-6.25,-5.47,-6.25,-,0.37,6,22.48,19.81,-5.8,-35.21,22,0.15,-,30,0,11.52,8.68,2.86,0,32.54,0.77,0.81,2.75,720,0.15,0,12.94,6,-,11.52,8.68,32.54,3.26,588.41,452.51,135.9,-11.25,14.22,14.5,29
Mon Sep 26 06:45:42 GMT-03:00 2022,26-Sep-2022 06:45:43.417,-35.205026963762705,-5.7980287249640075,0.055821776390075684,6.0,22.54460479762226,19.809459686279297,-0.53,5.72,8.12,0.01,12.94,0,0,0.03,-0.02,14.9,7.45,14.7,19.61,93,23.11,1013.15,14.65,564.6,1,370.08,224,0,85,-,30.98,24.71,747.5,19.61,21.39,1.05,50.2,-7.03,-3.91,-6.25,-,0.37,6,22.54,19.81,-5.8,-35.21,22,0.2,-,30,0,11.52,8.68,2.88,0,32.54,0.77,0.81,2.75,721,0.2,0,12.94,6,-,11.52,8.68,32.54,3.26,589.36,452.51,136.85,-10.99,14.22,14.5,28
Mon Sep 26 06:45:43 GMT-03:00 2022,26-Sep-2022 06:45:44.419,-35.205026963762705,-5.7980287249640075,0.054354872554540634,6.0,22.571700728679406,19.813512802124023,-0.36,5.69,8.1,0.01,12.94,0,-0.01,0.03,-0.02,14.9,7.45,14.7,19.61,93,23.06,1013.14,14.65,564.6,1,370.04,224,0,85,-,30.59,24.71,769,19.61,21.4,1.05,50.2,-7.03,-3.91,-3.12,-,0.37,6,22.57,19.81,-5.8,-35.21,21,0.2,-,30,0,11.52,8.68,2.86,0,32.53,0.08,0.81,2.75,722,0.2,0,13.33,6,-,11.52,8.68,32.53,3.26,590.42,452.51,137.91,-11.02,14.34,14.5,27
Mon Sep 26 06:45:44 GMT-03:00 2022,26-Sep-2022 06:45:45.417,-35.205026963762705,-5.7980287249640075,0.056944653391838074,6.0,22.623911682124007,19.79939079284668,-0.46,5.67,8,-0,12.94,0,0,0.03,-0.01,14.9,7.45,14.7,19.61,93,23,1013.12,14.65,563.9,1,372.89,224,0,85,-,30.59,24.31,774.5,19.61,21.42,1.07,50.59,-7.03,-0.78,0,-,0.37,6,22.62,19.8,-5.8,-35.21,20,0.21,-,30,0,11.52,8.68,2.94,0,32.53,0.09,0.84,2.75,723,0.21,0,13.33,6,-,11.52,8.68,32.53,3.26,591.43,452.51,138.92,-11.02,14.28,14.5,26
Mon Sep 26 06:45:45 GMT-03:00 2022,26-Sep-2022 06:45:46.418,-35.205026963762705,-5.7980287249640075,0.06205267831683159,4.0,22.682610094008673,19.796096801757812,-0.37,5.71,8.05,0,12.94,0,0,0.03,-0.02,14.9,7.45,14.7,19.61,93,23,1013.16,14.65,563.9,1,372.89,224,0,85,-,30.59,23.92,774.5,19.61,21.42,1.07,50.59,-6.25,2.34,2.34,-,0.37,4,22.68,19.8,-5.8,-35.21,22,0.21,-,30,0,11.52,8.68,2.94,0,32.53,0.17,0.83,2.75,723,0.22,0,13.33,5,-,11.52,8.68,32.53,3.26,592.41,452.51,139.91,-11.02,14.34,14.4,26
Mon Sep 26 06:45:46 GMT-03:00 2022,26-Sep-2022 06:45:47.417,-35.205026963762705,-5.7980287249640075,0.03913252800703049,4.0,22.722301629360746,19.788795471191406,-0.39,5.69,8.09,0.01,12.94,0,0,0.04,-0.02,14.9,7.45,14.7,19.61,93,22.95,1013.14,14.65,563.2,1,375.74,224,0,85,-,30.59,24.31,785.5,19.61,21.45,1.07,50.98,-6.25,0.78,0,-,0.37,4,22.72,19.79,-5.8,-35.21,21,0.22,-,30,0,11.51,8.68,2.94,0,32.53,0.8,0.81,3.14,724,0.14,0,13.33,4.5,-,11.51,8.68,32.53,3.26,593.43,452.51,140.92,-11.04,14.26,14.5,26
Mon Sep 26 06:45:47 GMT-03:00 2022,26-Sep-2022 06:45:48.417,-35.205026963762705,-5.7980287249640075,0.0,4.0,22.658088314414524,19.78293228149414,-0.32,5.72,8.05,0,13.33,0,-0.01,0.03,-0.02,14.9,7.45,14.7,19.61,93,22.9,1013.13,14.65,563.2,1,375.7,224,0,85,-,30.98,24.31,789,19.61,21.46,1.09,50.98,-6.25,-2.34,0,-,0.37,4,22.66,19.78,-5.8,-35.21,22,0.14,-,30,0,11.51,8.69,2.97,0,32.52,0.13,0.81,3.14,725,0,0,13.73,1.5,-,11.51,8.69,32.52,3.26,594.42,452.51,141.91,-11.06,14.14,14.4,25
Mon Sep 26 06:45:48 GMT-03:00 2022,26-Sep-2022 06:45:49.419,-35.205026963762705,-5.7980287249640075,0.0,4.0,22.705052476635498,19.778406143188477,-0.33,5.7,8.1,0.01,13.33,0,0,0.03,-0.02,14.9,7.45,14.7,19.61,93,22.85,1013.13,14.65,562.5,1,375.66,224,0,85,-,37.65,27.45,765,19.61,21.49,1.37,50.98,-5.47,2.34,3.12,-,0.37,4,22.71,19.78,-5.8,-35.21,22,0,-,30,0,11.51,8.69,3.74,0,32.52,0.12,0.8,3.14,726,0,0,14.12,6.5,-,11.51,8.69,32.52,3.26,595.41,452.51,142.9,-10.15,13.1,13.3,27
Mon Sep 26 06:45:49 GMT-03:00 2022,26-Sep-2022 06:45:50.420,-35.205026963762705,-5.7980287249640075,0.0,4.0,22.74742063404693,19.771564483642578,-0.29,5.67,8.03,-0,13.33,0,0,0.03,-0.01,14.9,7.45,14.7,19.61,93,22.8,1013.14,14.65,562.5,1,372.73,224,0,85,-,39.61,30.59,764.5,19.61,21.52,1.4,50.59,-5.47,4.69,3.12,-,0.37,4,22.75,19.77,-5.8,-35.21,22,0,-,30,0,11.51,8.69,3.83,0,32.52,0.12,0.8,3.53,728,0,0,13.73,7.5,-,11.51,8.69,32.52,3.26,596.4,452.51,143.9,-9.9,13.1,13.3,28
Mon Sep 26 06:45:50 GMT-03:00 2022,26-Sep-2022 06:45:51.420,-35.205026963762705,-5.7980287249640075,0.02281375788152218,4.0,22.75657442626867,19.76866340637207,-0.3,5.7,8.02,0,13.73,0.01,-0.01,0.03,-0.01,14.9,7.45,14.7,19.61,93,22.75,1013.13,14.65,562.1,1,372.7,224,0,85,-,39.22,32.16,794,19.61,21.54,1.37,50.59,-5.47,-0.78,2.34,-,0.37,4,22.76,19.77,-5.8,-35.21,22,0.08,-,30,0,11.51,8.69,3.74,0,32.51,0.83,0.79,3.53,729,0.08,0,13.73,3,-,11.51,8.69,32.51,3.26,597.42,452.51,144.91,-10,14.2,14.4,29
Mon Sep 26 06:45:51 GMT-03:00 2022,26-Sep-2022 06:45:52.418,-35.205026963762705,-5.7980287249640075,0.03297973424196243,4.0,22.82045994491616,19.761899948120117,-0.37,5.75,8.12,0.01,13.33,0,0,0.03,-0.03,14.9,7.45,14.7,19.61,93,22.7,1013.12,14.65,562.1,1,372.66,224,0,85,-,39.22,31.37,755,19.61,21.57,1.39,50.59,-5.47,-0.78,-1.56,-,0.37,4,22.82,19.76,-5.8,-35.21,21,0.12,-,30,0,11.51,8.69,3.8,0,32.51,0.76,0.78,3.53,730,0.12,0,13.73,3,-,11.51,8.69,32.51,3.26,598.43,452.51,145.92,-10.11,14.3,14.4,29
Mon Sep 26 06:45:52 GMT-03:00 2022,26-Sep-2022 06:45:53.418,-35.205026963762705,-5.7980287249640075,0.03938060998916626,4.0,22.88695806339676,19.764360427856445,-0.38,5.99,7.86,0.01,13.33,0,-0.01,0.06,-0.05,14.9,7.45,14.7,19.61,93,22.7,1013.14,14.65,561.6,1,372.62,224,0,85,-,40,32.94,755,19.61,21.59,1.38,50.59,-5.47,-2.34,-1.56,-,0.37,4,22.89,19.76,-5.8,-35.21,23,0.12,-,30,0,11.51,8.69,3.77,0,32.51,0.1,0.79,3.53,731,0.14,0,13.73,6.5,-,11.51,8.69,32.51,3.26,599.4,452.51,146.9,-9.91,14.2,14.4,30
Mon Sep 26 06:45:53 GMT-03:00 2022,26-Sep-2022 06:45:54.420,-35.205026963762705,-5.7980287249640075,0.12514206767082214,4.0,22.944830768182616,19.756282806396484,-0.45,6.7,7.17,-0,16.08,0.01,-0.02,0.14,-0.09,25.49,7.45,14.7,19.61,93,22.65,1013.1,14.65,561.2,1,372.62,224,0,85,-,43.14,32.94,756,19.61,21.59,1.38,50.59,-3.91,1.56,1.56,-,0.37,4,22.94,19.76,-5.8,-35.21,24,0.14,-,30,0,11.51,8.69,3.77,0,32.51,0.83,0.82,6.27,731,0.45,0,14.51,13.5,-,11.51,8.69,32.51,3.26,600.43,452.51,147.93,-9.91,14.28,14.5,30
Mon Sep 26 06:45:54 GMT-03:00 2022,26-Sep-2022 06:45:55.420,-35.20500089071883,-5.7980072402262826,0.5082715749740601,4.0,23.03343437469516,19.837188720703125,-0.4,6.99,7.03,0.01,16.08,0,0,0.17,-0.14,25.49,12.94,14.7,19.61,93,22.61,1013.11,14.65,561.2,1,372.58,224,0,85,1.88,59.22,42.35,1404,19.61,21.69,3.99,50.59,-3.91,0.78,1.56,-,0.37,4,23.03,19.84,-5.8,-35.21,23,3.17,2.52,30,0,11.51,8.69,10.91,0,32.5,0.83,0.82,6.27,732,1.83,5,18.82,19.5,12.78,11.51,8.69,32.5,3.26,601.31,452.77,148.54,-0.95,14.26,14.5,45
Mon Sep 26 06:45:55 GMT-03:00 2022,26-Sep-2022 06:45:56.419,-35.20499497034395,-5.797991697804964,1.6686140298843384,4.0,23.13486573488681,20.32273292541504,-0.41,6.97,7.61,0.05,18.04,0,-0.02,0.15,-0.12,28.63,14.51,14.7,19.61,93,22.59,1013.06,14.65,561.6,1,366.76,224,0,85,7.03,53.73,43.14,1820,19.61,21.79,4.6,49.8,-3.12,0.78,-1.56,-,0.38,4,23.13,20.32,-5.8,-35.2,24,5.99,9.43,30,1.09,11.48,8.71,12.58,3.07,32.44,0.74,0.82,8.24,734,6.01,12,18.82,19.5,36.88,11.48,8.71,32.44,3.26,602.43,453.89,148.54,-6.14,14.26,14.5,48
Mon Sep 26 06:45:56 GMT-03:00 2022,26-Sep-2022 06:45:57.419,-35.20498504722259,-5.797961168066342,3.0577924251556396,6.0,23.211934442662944,20.719175338745117,-0.48,6.3,7.17,-0.03,20,-0.01,-0.01,0.1,-0.09,22.35,9.41,14.7,19.61,93,22.59,1013.08,14.65,563.6,1,366.76,224,0,85,7.03,53.73,43.14,1820,19.61,21.79,4.6,49.8,-3.12,-3.91,-2.34,-,0.38,6,23.21,20.72,-5.8,-35.2,24,5.99,9.43,30,1.09,11.48,8.71,12.58,3.07,32.44,0.12,0.8,10.2,734,11.01,12,20,21.5,36.88,11.48,8.71,32.44,3.26,603.41,454.86,148.54,-6.14,14.26,14.4,48
Mon Sep 26 06:45:57 GMT-03:00 2022,26-Sep-2022 06:45:58.419,-35.20496876180104,-5.797920215208593,5.008321285247803,6.0,23.186101206311836,20.874736785888672,-0.4,5.75,8.47,0.04,14.12,0,-0.02,0.06,-0.04,22.35,9.41,14.7,19.61,93,22.58,1013.09,14.65,566.1,1,366.03,224,0,85,8.2,44.31,48.24,1543.5,19.61,21.86,2.84,49.8,-3.91,-5.47,-8.59,-,0.38,6,23.19,20.87,-5.8,-35.2,21,0.03,11,30,4.23,11.47,8.72,7.77,11.94,32.39,0.8,0.78,4.31,735,18.03,18,15.69,2,50.76,11.47,8.72,32.39,3.27,604.41,455.86,148.54,-10.6,14.28,14.5,43
Mon Sep 26 06:45:58 GMT-03:00 2022,26-Sep-2022 06:45:59.420,-35.204952699778666,-5.797878925785463,5.207949638366699,6.0,23.103219065811626,20.482728958129883,-0.21,6.13,7.47,-0.02,14.12,0,0.02,0.07,-0.06,14.9,7.45,14.7,19.61,93,22.57,1013.13,14.65,566.1,1,359.77,224,0,85,8.2,22.35,23.14,1379,19.61,21.88,1.3,49.02,-3.12,-7.03,-5.47,-,0.38,6,23.1,20.48,-5.8,-35.2,21,0.75,11,30,13.87,11.47,8.72,3.55,39.19,32.41,0.06,0.78,4.31,736,18.75,18,18.43,30.5,50.76,11.47,8.72,32.41,3.27,605.38,456.84,148.54,-12.47,14.28,14.5,36
Mon Sep 26 06:45:59 GMT-03:00 2022,26-Sep-2022 06:46:00.419,-35.20493652985862,-5.797835692064011,5.362705230712891,6.0,23.194154698877366,20.197463989257812,-0.42,6.14,7.58,-0.01,19.61,0.04,0.05,0.12,-0.04,27.06,13.73,14.7,19.61,93,22.56,1013.1,14.65,566.1,1,359.93,224,0,85,3.83,55.69,47.45,1913,19.61,21.97,4.82,49.02,-3.12,0,-2.34,-,0.38,6,23.19,20.2,-5.8,-35.2,21,0.69,5.13,30,3.73,11.46,8.73,13.19,10.55,32.36,0.81,0.77,10.2,738,19.31,20,19.61,21.5,19.1,11.46,8.73,32.36,3.27,606.41,457.87,148.54,-5.57,14.3,14.5,42
Mon Sep 26 06:46:00 GMT-03:00 2022,26-Sep-2022 06:46:01.420,-35.20491766755492,-5.797785375923966,6.283513069152832,4.0,23.156225500549528,20.193389892578125,0.02,6.22,7.6,-0,20.78,0.06,0.07,0.15,-0.04,28.63,14.9,14.7,19.61,93,22.56,1013.11,14.65,570.3,1,359.4,224,0,84,7.86,61.96,51.37,1843,19.61,22.08,5.26,49.02,-3.12,0,-2.34,-,0.38,4,23.16,20.19,-5.8,-35.2,19,1.38,10.54,30,3.81,11.44,8.74,14.38,10.75,32.31,0.81,0.77,10.98,739,22.62,24,19.61,21.5,40.71,11.44,8.74,32.31,3.28,607.42,458.88,148.54,-7.51,14.3,14.6,44
Mon Sep 26 06:46:01 GMT-03:00 2022,26-Sep-2022 06:46:02.420,-35.20489541220736,-5.797730577348186,6.876800060272217,4.0,23.151838459953716,20.206592559814453,0.23,5.94,7.96,0.01,16.86,-0.09,-0.02,0.02,-0.14,22.75,11.76,14.7,19.61,93,22.56,1013.1,14.65,575.5,1,358.88,224,0,84,7.86,61.96,40,1460.5,19.61,22.13,2.83,49.02,-3.12,-6.25,-4.69,-,0.38,4,23.15,20.21,-5.8,-35.2,21,1.38,10.54,30,8.48,11.43,8.75,7.74,23.97,32.3,0.31,0.75,6.67,740,24.76,24,18.82,20,40.71,11.43,8.75,32.3,3.28,608.4,459.85,148.54,-10.66,14.28,14.5,40
Mon Sep 26 06:46:02 GMT-03:00 2022,26-Sep-2022 06:46:03.416,-35.204872165224664,-5.797668175156902,7.573940753936768,4.0,23.140583888141723,20.266887664794922,0.04,5.6,7.95,-0.01,13.33,0.02,0.06,0.05,-0.01,20.39,11.37,14.7,19.61,93,22.57,1013.12,14.65,575.5,1,358.88,224,0,84,8.24,42.35,22.35,1460.5,19.61,22.13,2.83,49.02,-3.91,-6.25,-7.81,-,0.38,4,23.14,20.27,-5.8,-35.2,21,2.24,11.05,30,8.48,11.43,8.75,7.74,23.97,32.3,0.56,0.74,3.53,741,27.27,27,16.47,1.5,53.87,11.43,8.75,32.3,3.29,609.4,460.86,148.54,-10.66,14.24,14.5,40
Mon Sep 26 06:46:03 GMT-03:00 2022,26-Sep-2022 06:46:04.417,-35.204847472890734,-5.7976041066091595,7.870022296905518,4.0,22.93544878469933,21.609201431274414,-0.25,6.41,7.49,0,18.04,0.01,0,0.08,-0.04,26.27,13.73,14.7,19.61,93,22.59,1013.1,14.65,579.6,1,358.67,224,0,84,2.56,30.98,46.27,1332.5,19.61,22.16,1.83,49.02,-3.12,-4.69,-3.91,-,0.38,4,22.94,21.61,-5.8,-35.2,21,0.73,3.43,30,14.72,11.44,8.74,5.02,41.57,32.32,0.08,0.74,8.24,741,28.33,28,18.43,20,18.35,11.44,8.74,32.32,3.29,610.41,461.87,148.54,-11.39,14.22,14.5,35
Mon Sep 26 06:46:04 GMT-03:00 2022,26-Sep-2022 06:46:05.416,-35.20481842057752,-5.797539032732849,8.054362297058105,4.0,22.707073068089056,22.78828239440918,-0.32,6.35,7.51,0,18.04,0.01,0.04,0.08,-0.04,26.27,13.73,14.7,19.61,93,22.6,1013.13,14.65,583.1,1,358.9,224,0,84,2.49,53.33,46.27,1710,19.61,22.24,4.47,49.02,-3.12,3.91,5.47,-,0.38,4,22.71,22.79,-5.8,-35.2,21,0,3.34,30,6.26,11.43,8.75,12.24,17.68,32.28,0.17,0.71,8.24,742,29,29,20.78,21.5,13.93,11.43,8.75,32.28,3.3,611.4,462.85,148.54,-5.93,14.18,14.4,41
Mon Sep 26 06:46:05 GMT-03:00 2022,26-Sep-2022 06:46:06.417,-35.20478721509427,-5.7974688017899725,8.5597562789917,4.0,22.597333908156465,23.215408325195312,-0.31,6.21,7.19,-0.03,20.78,-0.01,-0.06,0.08,-0.08,27.06,13.73,14.7,19.61,93,22.62,1013.14,14.65,583.1,1,355.68,224,0,84,9.36,67.45,49.8,1687,19.61,22.35,5.42,48.63,-3.12,-2.34,-3.12,-,0.39,4,22.6,23.22,-5.8,-35.2,19,1.18,12.55,30,5.35,11.42,8.76,14.83,15.11,32.25,0.32,0.7,10.98,744,30.82,32,20.39,18,52.98,11.42,8.76,32.25,3.3,612.39,463.85,148.54,-6.41,14.22,14.5,45
Mon Sep 26 06:46:06 GMT-03:00 2022,26-Sep-2022 06:46:07.417,-35.204754784256636,-5.797391306123749,9.350944519042969,4.0,22.532078720826387,22.345491409301758,-0.55,6.12,7.43,-0.02,20,0.05,-0.1,0.1,-0.02,26.67,13.73,14.7,19.61,93,22.65,1013.15,14.65,583.1,1,355.27,224,0,84,10.4,65.88,54.9,1563,19.61,22.44,4.93,48.63,-3.12,0,-1.56,-,0.39,4,22.53,22.35,-5.8,-35.2,22,1.34,13.94,30,6.49,11.4,8.77,13.49,18.34,32.22,0.6,0.7,10.2,745,33.66,35,20,18.5,63.52,11.4,8.77,32.22,3.32,613.4,464.86,148.54,-7.06,14.22,14.5,46
Mon Sep 26 06:46:07 GMT-03:00 2022,26-Sep-2022 06:46:08.417,-35.20471997247635,-5.797308418349931,9.887470245361328,4.0,22.41398100467143,21.61119842529297,-1.27,5.98,7.74,0,19.61,-0.04,-0.07,0.03,-0.08,26.27,13.33,14.7,19.61,93,22.68,1013.15,14.65,590.6,1,354.94,224,0,84,6.98,63.14,53.33,1561,19.61,22.53,4.83,48.63,-3.12,-1.56,-1.56,-,0.39,4,22.41,21.61,-5.8,-35.2,22,1.41,9.36,30,7.24,11.4,8.78,13.22,20.46,32.19,0.6,0.7,9.8,746,35.59,37,20,18.5,42.71,11.4,8.78,32.19,3.32,614.3,465.76,148.54,-6.62,14.22,14.5,48
Mon Sep 26 06:46:08 GMT-03:00 2022,26-Sep-2022 06:46:09.418,-35.20468478295606,-5.797220528142565,10.541337013244629,4.0,22.125259925271546,20.84892463684082,-0.89,4.79,7,-0.13,17.25,-0.02,-0.04,0.03,-0.05,17.25,9.02,14.7,19.61,93,22.68,1013.17,14.65,594.2,1,354.66,224,0,84,6.98,63.14,38.04,1561,19.61,22.57,1.94,48.63,-3.12,-1.56,0.78,-,0.39,4,22.13,20.85,-5.8,-35.2,24,1.41,9.36,30,19.1,11.41,8.76,5.3,53.96,32.24,0.09,0.69,7.45,747,37.95,37,19.22,18,42.71,11.41,8.76,32.24,3.34,615.4,466.85,148.54,-11.43,14.28,14.4,42
Mon Sep 26 06:46:09 GMT-03:00 2022,26-Sep-2022 06:46:10.418,-35.20464972504667,-5.79712816391319,11.084136009216309,4.0,21.743442630127227,20.5572509765625,-0.83,5.48,8.21,0.01,12.55,-0.05,-0.07,-0.02,-0.06,14.9,7.45,14.7,19.61,93,22.71,1013.26,14.65,594.2,1,354.66,224,0,84,6.65,30.98,16.86,1389.5,19.61,22.57,1.94,48.63,-5.47,-2.34,-3.12,-,0.39,4,21.74,20.56,-5.8,-35.2,24,1.05,8.92,30,19.1,11.41,8.76,5.3,53.96,32.24,0.81,0.69,2.75,747,39.9,39,13.73,-3,45.7,11.41,8.76,32.24,3.34,616.32,467.78,148.54,-11.43,14.3,14.5,42
Mon Sep 26 06:46:10 GMT-03:00 2022,26-Sep-2022 06:46:11.419,-35.20461579746305,-5.797033977393717,11.320483207702637,4.0,21.59821459750473,20.936357498168945,-0.11,5.32,9.14,0.08,12.16,-0.09,-0.04,-0.05,-0.08,14.9,7.45,14.7,19.61,93,22.75,1013.34,14.65,596.1,1,355.17,224,0,84,8.22,18.82,16.08,1078,19.61,22.58,0.94,48.63,-7.03,-3.91,-3.12,-,0.39,4,21.6,20.94,-5.8,-35.2,22,1.1,11.02,30,41.36,11.41,8.76,2.58,116.84,32.24,0.09,0.69,2.35,749,40.75,41,12.94,6.5,72.79,11.41,8.76,32.24,3.36,617.41,468.87,148.54,-12.89,14.26,14.5,34
Mon Sep 26 06:46:11 GMT-03:00 2022,26-Sep-2022 06:46:12.418,-35.20457698417379,-5.796933202751906,11.748894691467285,4.0,20.434489788316352,20.271642684936523,-0.92,4.83,8.11,-0.04,12.16,0.04,-0.07,-0.01,0.05,14.9,7.45,14.7,19.61,93,22.79,1013.47,14.65,596.1,1,355.25,224,0,84,8.22,19.61,16.08,936,19.61,22.6,0.86,48.63,-7.81,-0.78,-0.78,-,0.39,4,20.43,20.27,-5.8,-35.2,22,1.25,11.02,30,47.54,11.42,8.76,2.36,134.28,32.25,0.81,0.69,2.35,749,42.3,42,12.55,9.5,72.79,11.42,8.76,32.25,3.36,618.37,469.83,148.54,-12.57,14.14,14.4,29
Mon Sep 26 06:46:12 GMT-03:00 2022,26-Sep-2022 06:46:13.417,-35.2045389174279,-5.796831006375828,12.047343254089355,4.0,20.245549574885146,19.971607208251953,-0.46,4.81,7.77,-0.07,12.16,-0.06,-0.01,-0.04,-0.05,14.9,7.45,14.7,19.61,93,22.84,1013.63,14.65,596.1,1,355.33,224,0,84,5.85,19.61,16.08,912.5,19.61,22.62,0.88,48.63,-7.81,-5.47,-0.78,-,0.39,4,20.25,19.97,-5.8,-35.2,22,0.63,7.85,30,47.68,11.42,8.76,2.41,134.7,32.26,0.81,0.69,2.35,750,43.37,44,12.55,8,61.26,11.42,8.76,32.26,3.39,619.43,470.88,148.54,-12.2,14.3,14.4,26
Mon Sep 26 06:46:13 GMT-03:00 2022,26-Sep-2022 06:46:14.419,-35.20449962178623,-5.796725378163566,12.382044792175293,4.0,20.18867256072943,19.817790985107422,-0.46,5.35,8.81,0.05,12.16,0.08,0.01,0,0.09,14.9,7.45,14.7,19.61,93,22.84,1013.74,14.65,596.1,1,358.27,224,0,84,5.85,19.61,16.47,912.5,19.61,22.64,0.9,49.02,-7.03,-5.47,-6.25,-,0.39,4,20.19,19.82,-5.8,-35.2,21,0.63,7.85,30,48.74,11.42,8.75,2.47,137.69,32.27,0.8,0.69,2.35,752,44.58,44,12.55,8,61.26,11.42,8.75,32.27,3.39,620.39,471.85,148.54,-12.08,14.3,14.5,24
Mon Sep 26 06:46:14 GMT-03:00 2022,26-Sep-2022 06:46:15.417,-35.20446054031542,-5.796618911209114,12.72700023651123,4.0,19.742499418914687,19.906457901000977,-0.42,5.31,8.38,0.01,12.16,0.01,-0.07,-0.02,0.02,14.9,7.45,14.7,19.61,93,22.89,1013.89,14.65,595.8,1,358.27,224,0,84,6.49,20.39,16.08,931.5,19.61,22.64,0.9,49.02,-7.03,-9.38,-7.03,-,0.39,4,19.74,19.91,-5.8,-35.2,21,1.42,8.7,30,48.74,11.42,8.75,2.47,137.69,32.27,0.35,0.69,2.35,753,45.82,46,12.55,8,66.5,11.42,8.75,32.27,3.41,621.41,472.87,148.54,-12.08,14.28,14.4,24
Mon Sep 26 06:46:15 GMT-03:00 2022,26-Sep-2022 06:46:16.417,-35.2044201496846,-5.796510233043669,12.84772777557373,4.0,19.196155859582813,19.873666763305664,-1.35,4.75,8.18,-0.03,12.16,0,-0.01,0.01,-0.01,14.9,7.45,14.7,19.61,93,22.94,1014.02,14.65,595.4,1,358.34,224,0,84,6.49,20,16.08,967.5,19.61,22.66,0.92,49.02,-7.03,-4.69,-3.91,-,0.39,4,19.2,19.87,-5.8,-35.2,21,0.18,8.7,30,49.95,11.42,8.75,2.52,141.09,32.27,0.09,0.69,2.35,753,46.25,46,12.55,7.5,66.5,11.42,8.75,32.27,3.41,622.32,473.78,148.54,-12.08,14.26,14.5,22
Mon Sep 26 06:46:16 GMT-03:00 2022,26-Sep-2022 06:46:17.417,-35.2043813091593,-5.796401028430607,12.846721649169922,6.0,18.650377512797913,19.856565475463867,-1.14,5.33,9,0.07,12.16,0.07,-0.08,0,0.07,14.9,7.45,14.7,19.61,93,22.99,1014.11,14.65,595.4,1,358.42,224,0,84,6.49,19.22,15.69,976.5,19.61,22.68,0.87,49.02,-7.03,0,-3.91,-,0.39,6,18.65,19.86,-5.8,-35.2,23,0.25,8.7,30,52.88,11.43,8.75,2.38,149.39,32.28,0.09,0.69,2.35,755,46.25,46,12.55,7.5,66.5,11.43,8.75,32.28,3.44,623.41,474.86,148.54,-12.31,14.26,14.5,20
Mon Sep 26 06:46:17 GMT-03:00 2022,26-Sep-2022 06:46:18.417,-35.20433846962568,-5.796290560124446,12.996200561523438,6.0,17.47213253030083,19.876182556152344,-1.16,6.22,8.1,0.04,12.16,0.07,-0.13,0.05,0.02,14.9,7.45,14.7,19.61,93,22.99,1014.23,14.65,594.6,1,358.42,224,0,84,6.49,19.22,16.86,976.5,19.61,22.68,0.87,49.02,-7.03,0,0,-,0.39,6,17.47,19.88,-5.8,-35.2,23,0.25,8.7,30,52.88,11.43,8.75,2.38,149.39,32.28,0.14,0.69,2.35,756,46.79,46,12.55,7.5,66.5,11.43,8.75,32.28,3.44,624.42,475.88,148.54,-12.31,14.22,14.5,20
Mon Sep 26 06:46:18 GMT-03:00 2022,26-Sep-2022 06:46:19.417,-35.20429758417901,-5.796179337089518,13.050497055053711,6.0,16.18491152501202,19.481029510498047,-0.59,5.69,7.64,-0.03,18.04,0.13,-0.02,0.13,0.06,24.31,12.55,14.7,19.61,93,23.04,1014.26,14.65,593.1,1,361.36,224,0,84,3.84,35.29,37.25,1143.5,19.61,22.72,1.61,49.41,-3.91,-2.34,-3.91,-,0.39,6,16.18,19.48,-5.8,-35.2,24,0.21,5.15,30,28.54,11.46,8.72,4.41,80.62,32.38,0.85,0.69,8.24,756,46.98,47,15.69,22.5,32.1,11.46,8.72,32.38,3.47,625.42,476.88,148.54,-10.36,14.24,14.5,23
Mon Sep 26 06:46:19 GMT-03:00 2022,26-Sep-2022 06:46:20.417,-35.20425722964525,-5.796065597117362,13.467414855957031,6.0,15.916376652517359,19.263505935668945,-0.76,5.7,7.81,-0.01,18.04,0.03,-0.03,0.07,-0.01,24.31,12.55,14.7,19.61,93,23.09,1014.28,14.65,593.1,1,362.51,224,0,84,7.94,44.31,37.25,1739.5,19.61,22.79,3.52,49.41,-3.12,3.12,4.69,-,0.39,6,15.92,19.26,-5.8,-35.2,23,0.52,10.65,30,13.35,11.47,8.72,9.63,37.72,32.39,0.09,0.69,8.24,758,48.48,49,19.22,22.5,43.6,11.47,8.72,32.39,3.47,626.37,477.83,148.54,-6.65,14.2,14.5,31
Mon Sep 26 06:46:20 GMT-03:00 2022,26-Sep-2022 06:46:21.417,-35.20421660606681,-5.795949259366588,13.749211311340332,6.0,15.640687135371651,19.59150505065918,-0.06,6.55,9.58,0.18,18.04,0.13,0.11,0.13,0.06,24.71,12.55,14.7,19.61,93,23.15,1014.28,14.65,591.2,1,362.64,224,0,84,5.17,58.43,43.53,1620.5,19.61,22.87,4.48,49.41,-3.12,3.91,6.25,-,0.39,6,15.64,19.59,-5.8,-35.2,25,0.5,6.94,30,10.93,11.47,8.72,12.27,30.87,32.39,0.31,0.68,7.84,759,49.5,50,20,19.5,30.49,11.47,8.72,32.39,3.49,627.3,478.76,148.54,-7.95,14.22,14.5,34
Mon Sep 26 06:46:21 GMT-03:00 2022,26-Sep-2022 06:46:22.420,-35.20417651387118,-5.79583124378591,13.868465423583984,6.0,15.621051975014685,19.754533767700195,-1.63,5.51,7.27,-0.06,19.61,-0.04,-0.06,0.02,-0.07,26.27,13.33,14.7,19.61,93,23.2,1014.25,14.65,591.2,1,362.6,224,0,84,5.17,57.25,54.51,1536,19.61,22.94,3.79,49.41,-3.12,0.78,6.25,-,0.4,6,15.62,19.75,-5.8,-35.2,25,0.07,6.94,30,13.18,11.47,8.72,10.38,37.23,32.4,0.31,0.68,9.41,760,49.93,50,16.86,-4,30.49,11.47,8.72,32.4,3.49,628.42,479.88,148.54,-8.57,14.22,14.5,36
Mon Sep 26 06:46:22 GMT-03:00 2022,26-Sep-2022 06:46:23.417,-35.20413526234279,-5.795712457683076,13.750061988830566,6.0,15.401807242008566,19.815149307250977,-0.3,5.7,7.9,-0.01,14.12,0.01,-0.03,0,0.01,14.9,7.45,14.7,19.61,93,23.2,1014.25,14.65,591.3,1,362.72,224,0,84,5.17,57.25,27.45,1324,19.61,22.96,1.35,49.41,-3.91,0.78,-0.78,-,0.4,6,15.4,19.82,-5.8,-35.2,22,0.07,6.94,30,37.08,11.47,8.72,3.69,104.73,32.41,0.74,0.68,4.31,761,49.5,50,16.86,-4,30.49,11.47,8.72,32.41,3.52,629.33,480.79,148.54,-12.37,14.22,14.5,31
Mon Sep 26 06:46:23 GMT-03:00 2022,26-Sep-2022 06:46:24.417,-35.204092965694244,-5.795598312039286,13.173050880432129,6.0,15.198250078136077,19.979955673217773,-0.51,5.5,7.76,-0.03,14.12,0.02,-0.01,0.03,0,14.9,7.45,14.7,19.61,93,23.25,1014.15,14.65,591.6,1,362.72,224,0,84,5.17,20.78,21.96,1324,19.61,22.96,1.35,49.41,-4.69,-5.47,-6.25,-,0.4,6,15.2,19.98,-5.8,-35.2,21,2.5,6.94,30,37.08,11.47,8.72,3.69,104.73,32.41,0.75,0.68,3.92,762,47.42,47,14.51,28.5,30.49,11.47,8.72,32.41,3.52,630.42,481.88,148.54,-12.37,14.22,14.5,31
Mon Sep 26 06:46:24 GMT-03:00 2022,26-Sep-2022 06:46:25.417,-35.204052412833086,-5.795491050963021,12.537623405456543,6.0,14.678546309574015,19.93355369567871,0.26,5.77,7.47,-0.04,19.61,0,-0.02,0.09,-0.08,25.1,12.94,14.7,19.61,93,23.3,1014.09,14.65,591.6,1,362.79,224,0,84,-,20,52.16,1284.5,19.61,22.99,1.13,49.41,-3.91,-2.34,-3.91,-,0.4,6,14.68,19.93,-5.8,-35.2,22,3.42,-,30,41.75,11.47,8.71,3.08,117.95,32.41,0.81,0.68,9.8,762,45.14,44,13.73,31.5,-,11.47,8.71,32.41,3.55,631.42,482.88,148.54,-12.44,14.16,14.4,27
Mon Sep 26 06:46:25 GMT-03:00 2022,26-Sep-2022 06:46:26.419,-35.20401373045909,-5.7953889541778345,12.197197914123535,6.0,15.349506242524132,19.926191329956055,0.13,5.83,7.79,-0.01,20.39,-0.01,0,0.08,-0.09,31.37,16.08,14.7,19.61,93,23.34,1013.98,14.65,592.5,1,362.87,224,0,84,-,71.76,52.16,1355,19.61,23.07,4.81,49.41,-3.12,-4.69,-3.12,-,0.4,6,15.35,19.93,-5.8,-35.2,18,2.14,-,30,9.15,11.47,8.72,13.16,25.84,32.4,0.1,0.68,10.59,763,43.91,43,21.18,15,-,11.47,8.72,32.4,3.55,632.43,483.88,148.54,-4.92,14.26,14.5,36
Mon Sep 26 06:46:26 GMT-03:00 2022,26-Sep-2022 06:46:27.417,-35.203974720496696,-5.7952849493109655,11.98958683013916,6.0,15.294513496661468,20.20288848876953,-0.57,6.55,7.74,0.03,20.39,0.02,-0.04,0.08,-0.03,31.37,16.08,14.7,19.61,93,23.38,1013.9,14.65,592.5,1,362.71,224,0,84,-,72.16,59.61,1530.5,19.61,23.17,5.29,49.41,-3.12,3.12,2.34,-,0.4,6,15.29,20.2,-5.8,-35.2,18,0.16,-,30,8.13,11.46,8.72,14.47,22.97,32.38,0.74,0.68,10.59,764,43.16,43,21.96,17,-,11.46,8.72,32.38,3.57,633.34,484.8,148.54,-4.51,14.18,14.5,44
Mon Sep 26 06:46:27 GMT-03:00 2022,26-Sep-2022 06:46:28.417,-35.20393514484009,-5.795181014049271,12.06297779083252,6.0,15.08843093173413,20.5926570892334,-0.74,6.99,7.44,0.04,22.75,-0.02,-0.02,0.07,-0.08,32.55,16.86,14.7,19.61,93,23.42,1013.86,14.65,595,1,362.49,224,0,84,-,73.33,59.61,1907,19.61,23.29,6.8,49.41,-3.12,3.91,1.56,-,0.4,6,15.09,20.59,-5.8,-35.2,20,0.43,-,30,6.32,11.45,8.73,18.61,17.86,32.35,0.79,0.68,11.76,766,43.43,43,24.71,18,-,11.45,8.73,32.35,3.57,634.34,485.79,148.54,-3.1,14.22,14.4,53
Mon Sep 26 06:46:28 GMT-03:00 2022,26-Sep-2022 06:46:29.416,-35.20389474313805,-5.795075382314392,12.27299976348877,6.0,14.995414732257403,20.632694244384766,-0.64,6.38,7.93,0.04,24.31,0.01,-0.08,0.1,-0.06,27.84,14.12,14.7,19.61,93,23.46,1013.76,14.65,595,1,362.16,224,0,84,3.93,69.02,63.92,1814.5,19.61,23.41,5.89,49.41,-3.12,-2.34,1.56,-,0.4,6,15,20.63,-5.8,-35.2,21,0.18,5.28,30,7.3,11.44,8.74,16.11,20.63,32.33,0.79,0.68,14.51,767,44.18,44,21.96,18.5,20.71,11.44,8.74,32.33,3.6,635.39,486.85,148.54,-6.63,14.2,14.4,53
Mon Sep 26 06:46:29 GMT-03:00 2022,26-Sep-2022 06:46:30.417,-35.20385404065305,-5.7949686595163215,12.477496147155762,6.0,15.677834962219938,20.287052154541016,-0.28,5.59,8.88,0.07,20,0.14,0.09,0.12,0.09,27.45,14.12,14.7,19.61,93,23.51,1013.69,14.65,605.2,1,361.88,224,0,84,3.93,62.75,52.94,1669,19.61,23.49,4.96,49.41,-3.12,-1.56,0.78,-,0.4,6,15.68,20.29,-5.79,-35.2,20,0.92,5.28,30,8.87,11.44,8.74,13.58,25.04,32.31,0.09,0.68,10.59,768,44.92,44,19.61,19.5,20.71,11.44,8.74,32.31,3.6,636.42,487.88,148.54,-7.54,14.2,14.5,52
Mon Sep 26 06:46:30 GMT-03:00 2022,26-Sep-2022 06:46:31.417,-35.20381270468984,-5.794861905271478,12.509706497192383,6.0,16.291591342135042,20.62144660949707,-0.47,6.12,7.71,0,19.22,-0.02,-0.02,0.03,-0.06,27.45,14.12,14.7,19.61,93,23.55,1013.64,14.65,605.2,1,358.84,224,0,84,3.93,62.75,51.76,1530.5,19.61,23.57,4.28,49.02,-3.12,-1.56,0,-,0.41,6,16.29,20.62,-5.79,-35.2,20,1.03,5.28,30,10.27,11.44,8.74,11.72,29.02,32.3,0.16,0.68,9.41,769,45.03,44,19.61,19.5,20.71,11.44,8.74,32.3,3.62,637.41,488.87,148.54,-7.98,14.2,14.4,50
Mon Sep 26 06:46:31 GMT-03:00 2022,26-Sep-2022 06:46:32.417,-35.20377211975176,-5.794756293951147,12.455222129821777,6.0,16.300639426486647,20.519817352294922,-0.58,5.8,8.39,0.04,17.25,0.08,0,0.11,0.02,24.71,12.55,14.7,19.61,93,23.59,1013.55,14.65,612.6,1,358.77,224,0,84,-,61.96,47.06,1453,19.61,23.63,3.49,49.02,-3.12,-1.56,0,-,0.41,6,16.3,20.52,-5.79,-35.2,19,0.84,-,30,12.61,11.44,8.74,9.55,35.61,32.31,0.26,0.68,7.84,770,44.84,44,18.43,18.5,-,11.44,8.74,32.31,3.62,638.39,489.85,148.54,-8.72,14.22,14.5,48
Mon Sep 26 06:46:32 GMT-03:00 2022,26-Sep-2022 06:46:33.418,-35.203732109141086,-5.794651303839179,12.430407524108887,6.0,16.210095695422556,20.282320022583008,0.74,6.72,9.47,0.18,17.25,-0.2,0,-0.01,-0.25,24.31,12.16,14.7,19.61,93,23.59,1013.55,14.65,612.6,1,358.77,224,0,84,-,54.9,45.1,1453,19.61,23.63,3.49,49.02,-3.12,-3.91,-2.34,-,0.41,6,16.21,20.28,-5.79,-35.2,20,0.84,-,30,12.61,11.44,8.74,9.55,35.61,32.31,0.09,0.67,7.45,771,44.75,44,18.04,19.5,-,11.44,8.74,32.31,3.65,639.41,490.86,148.54,-8.72,14.2,14.5,48
Mon Sep 26 06:46:33 GMT-03:00 2022,26-Sep-2022 06:46:34.418,-35.203693545523755,-5.794549494389095,12.491406440734863,6.0,16.698410058556078,20.638774871826172,-0.62,5.66,7.86,-0.01,16.08,-0.03,0,0.01,-0.05,14.9,7.45,14.7,19.61,93,23.63,1013.5,14.65,616.4,1,358.84,224,0,84,-,50.2,32.55,1480.5,19.61,23.69,3.19,49.02,-3.91,-2.34,-3.12,-,0.41,6,16.7,20.64,-5.79,-35.2,21,0.75,-,30,13.77,11.44,8.74,8.74,38.91,32.32,0.71,0.67,5.88,771,44.97,44,16.47,21,-,11.44,8.74,32.32,3.65,640.34,491.8,148.54,-8.94,14.24,14.5,45
Mon Sep 26 06:46:34 GMT-03:00 2022,26-Sep-2022 06:46:35.420,-35.20365336974988,-5.794443841230984,12.451003074645996,6.0,16.69330843811019,20.694673538208008,-0.58,5.48,8.18,0,16.08,0.05,-0.01,0.04,0.03,14.9,7.45,14.7,19.61,93,23.67,1013.48,14.65,617.4,1,358.99,224,0,84,-,23.14,32.55,1492.5,19.61,23.73,1.64,49.02,-5.47,-7.81,-8.59,-,0.41,6,16.69,20.69,-5.79,-35.2,21,0.82,-,30,26.81,11.47,8.71,4.49,75.74,32.41,0.76,0.67,5.88,772,44.82,44,13.73,0.5,-,11.47,8.71,32.41,3.67,641.4,492.86,148.54,-11.77,14.18,14.5,39
Mon Sep 26 06:46:35 GMT-03:00 2022,26-Sep-2022 06:46:36.420,-35.2036145865239,-5.794340905172704,12.101824760437012,6.0,16.87795464837622,20.207599639892578,-0.31,5.1,8.39,-0,13.33,-0.05,0,-0.05,-0.03,14.9,7.45,14.7,19.61,93,23.71,1013.47,14.65,617.4,1,359.99,224,0,84,-,19.22,15.69,1434.5,19.61,23.75,1.33,49.02,-5.47,0,0,-,0.41,6,16.88,20.21,-5.79,-35.2,21,0.57,-,30,33.17,11.52,8.68,3.63,93.69,32.54,0.03,0.67,3.53,774,43.57,43,13.73,-10,-,11.52,8.68,32.54,3.67,642.34,493.8,148.54,-12.34,14.22,14.5,33
Mon Sep 26 06:46:36 GMT-03:00 2022,26-Sep-2022 06:46:37.419,-35.203578169440014,-5.794242163704498,11.49764347076416,6.0,16.94361634248981,20.438196182250977,-0.35,3.95,9.25,0.02,12.94,-0.01,-0.03,-0.09,0.02,14.9,7.45,29.4,19.61,93,23.74,1013.46,14.65,617.4,2,361.38,224,0,85,-,18.82,15.69,1353,19.61,23.77,1.25,49.02,-6.25,0,0,-,0.41,6,16.94,20.44,-5.79,-35.2,21,2.39,-,30,34.5,11.57,8.65,3.41,97.47,32.67,0,0.02,3.14,775,41.39,39,13.33,-9,-,11.57,8.65,32.67,3.67,643.36,494.82,148.54,-12.39,14.24,14.4,28
Mon Sep 26 06:46:37 GMT-03:00 2022,26-Sep-2022 06:46:38.420,-35.20354555981508,-5.794153800589801,10.03875732421875,6.0,17.272612843074604,20.596683502197266,-0.29,5.14,9.99,0.14,13.33,0.03,0,-0.11,0.09,14.9,7.45,29.4,19.61,93,23.76,1013.52,14.65,617.5,2,362.86,224,0,85,-,19.22,15.29,1369.5,19.61,23.79,1.29,49.02,-6.25,0,0,-,0.41,6,17.27,20.6,-5.79,-35.2,21,3.14,-,30,30.32,11.6,8.62,3.52,85.64,32.78,0,0.02,3.14,776,36.14,33,13.33,-10.5,-,11.6,8.62,32.78,3.7,644.39,495.84,148.54,-12.18,14.24,14.4,25
Mon Sep 26 06:46:38 GMT-03:00 2022,26-Sep-2022 06:46:39.422,-35.203516902482306,-5.794079631151615,8.146161079406738,6.0,17.311186954736836,20.820293426513672,0.28,3.81,9.97,0.09,13.33,0.08,0.06,-0.14,0.17,14.9,7.45,29.4,19.61,93,23.77,1013.53,14.65,617.5,2,369.89,224,0,85,-,30.2,21.57,917,19.61,23.82,1.39,49.8,-5.47,0,0,-,0.41,6,17.31,20.82,-5.79,-35.2,20,4.33,-,30,23.76,11.63,8.6,3.8,67.12,32.85,0.86,0,3.14,777,29.33,25,13.33,0.5,-,11.63,8.6,32.85,3.7,645.42,496.88,148.54,-12.01,14.16,14.4,23
Mon Sep 26 06:46:39 GMT-03:00 2022,26-Sep-2022 06:46:40.422,-35.203497926718214,-5.7940263286792195,5.707970142364502,6.0,17.756705504706115,23.978137969970703,0.7,5.07,8.59,0.02,12.94,0.04,0.15,-0.06,0.08,14.9,7.45,13.52,19.61,93,23.75,1013.51,14.65,616.8,0.92,370.68,224,0,85,-,30.2,22.75,911,19.61,23.84,1.35,49.8,-5.47,0,0,-,0.41,6,17.76,23.98,-5.79,-35.2,18,5.55,-,30,18.54,11.64,8.59,3.69,52.37,32.89,0.86,0.06,3.14,778,20.55,15,13.33,0.5,-,11.64,8.59,32.89,3.7,646.43,497.89,148.54,-10.83,14.16,14.3,24
Mon Sep 26 06:46:40 GMT-03:00 2022,26-Sep-2022 06:46:41.420,-35.20348294785031,-5.793989707375993,3.801323652267456,8.0,17.718552423845672,39.98136901855469,2.77,5.36,8.14,0.03,13.33,0.01,0.23,-0.01,0,20,10.2,13.28,19.61,93,23.75,1013.52,14.65,616.8,0.9,374.05,224,0,85,-,30.59,26.67,1252,19.61,23.91,3.62,50.2,-5.47,0,0,-,0.41,8,17.72,39.98,-5.79,-35.2,16,5.55,-,30,4.14,11.63,8.6,9.91,11.7,32.85,0.88,0.1,3.53,779,13.68,15,13.73,4.5,-,11.63,8.6,32.85,3.7,647.41,498.87,148.54,-4.32,14.26,14.4,35
Mon Sep 26 06:46:41 GMT-03:00 2022,26-Sep-2022 06:46:42.421,-35.203460822855405,-5.793962767264497,3.2438395023345947,6.0,17.885180619603698,71.38867950439453,0.52,5.75,7.63,-0.03,20,0.02,0.09,0.1,-0.05,27.45,14.12,13.68,19.61,93,23.72,1013.51,14.65,612.9,0.93,374.05,224,0,85,-,58.04,47.84,1252,19.61,23.91,3.62,50.2,-3.12,0,0,-,0.41,6,17.89,71.39,-5.79,-35.2,18,1.68,-,30,4.14,11.63,8.6,9.91,11.7,32.85,0.85,0.12,10.2,779,11.68,12,20.39,17,-,11.63,8.6,32.85,3.71,648.4,499.86,148.54,-4.32,14.14,14.5,35
Mon Sep 26 06:46:42 GMT-03:00 2022,26-Sep-2022 06:46:43.419,-35.20343587890347,-5.793953089868603,3.0149459838867188,6.0,17.632207369991935,105.31358337402344,0.06,7.54,7.28,0.07,23.53,0.09,-0.03,0.22,-0.06,30.59,15.69,14.5,19.61,93,23.7,1013.45,14.65,612.9,0.99,364.81,224,0,85,1.05,56.47,58.82,1926,19.61,24.02,5.3,49.02,-3.12,0,0,-,0.41,6,17.63,105.31,-5.79,-35.2,20,2.15,1.41,30,2.27,11.61,8.61,14.49,6.4,32.79,0.8,0.83,13.73,780,10.85,13,23.53,20,5.23,11.61,8.61,32.79,3.73,649.41,500.86,148.54,-3.66,14.28,14.4,45
Mon Sep 26 06:46:43 GMT-03:00 2022,26-Sep-2022 06:46:44.420,-35.20340231247528,-5.7939681235271125,4.349644660949707,6.0,18.265291298154406,119.93384552001953,-1.4,5.66,7.61,-0.03,23.53,-0.11,-0.11,-0.07,-0.1,30.59,15.69,14.7,19.61,93,23.69,1013.42,14.65,612.9,1,364.21,224,0,85,8.54,67.06,58.82,2348.5,19.61,24.14,7.76,49.02,-3.12,-1.56,0,-,0.42,6,18.27,119.93,-5.79,-35.2,21,2.34,11.46,30,1.68,11.59,8.63,21.22,4.74,32.74,0.12,0.8,14.51,781,15.66,18,24.71,21,34.74,11.59,8.63,32.74,3.73,650.4,501.85,148.54,-4.19,14.26,14.4,51
Mon Sep 26 06:46:44 GMT-03:00 2022,26-Sep-2022 06:46:45.418,-35.20335090322655,-5.793989759020066,5.996929168701172,6.0,18.28040054008848,113.78276824951172,-0.3,6.5,7.67,0.02,24.31,0,0,0.13,-0.11,30.59,15.69,14.7,19.61,93,23.69,1013.36,14.65,612.9,1,354.85,224,0,85,11.59,52.55,57.25,2639,19.61,24.29,7.3,47.84,-3.12,0.78,3.12,-,0.42,6,18.28,113.78,-5.79,-35.2,21,1.41,15.54,30,2.47,11.57,8.64,19.97,6.97,32.68,0.25,0.76,14.51,783,21.59,23,20.78,25.5,41.93,11.57,8.64,32.68,3.73,651.39,502.85,148.54,-6.58,14.22,14.4,52
Mon Sep 26 06:46:45 GMT-03:00 2022,26-Sep-2022 06:46:46.418,-35.20329169182205,-5.794013403487174,6.979300498962402,6.0,18.99397203990392,108.2471694946289,-1.77,6.41,6.84,-0.03,24.31,0.03,-0.02,0.08,-0.01,30.59,15.69,14.7,19.61,93,23.7,1013.37,14.65,616.3,1,351.38,224,0,84,11.55,60,52.16,2857,19.61,24.47,8.79,47.45,-3.12,-3.12,3.12,-,0.42,6,18.99,108.25,-5.79,-35.2,22,2.87,15.49,30,2.62,11.55,8.66,24.05,7.39,32.63,0.25,0.76,13.73,784,25.13,28,20.78,25.5,38.62,11.55,8.66,32.63,3.74,652.4,503.85,148.54,-6,14.22,14.5,54
Mon Sep 26 06:46:46 GMT-03:00 2022,26-Sep-2022 06:46:47.417,-35.203219082004004,-5.794024954506377,7.768604278564453,6.0,18.78103909948636,107.85076904296875,0.34,6.31,8.51,0.08,21.57,0.03,-0.05,0.09,-0.03,24.31,12.55,14.7,19.61,93,23.71,1013.35,14.65,628.4,1,350.84,224,0,84,9.48,60,40.78,2512.5,19.61,24.56,5.16,47.45,-3.12,-3.12,0.78,-,0.42,6,18.78,107.85,-5.79,-35.2,21,3.03,12.71,29,5.43,11.54,8.67,14.11,15.34,32.6,0.14,0.76,11.76,785,27.97,31,24.31,24,36.02,11.54,8.67,32.6,3.75,653.37,504.83,148.54,-9.98,14.1,14.4,48
Mon Sep 26 06:46:47 GMT-03:00 2022,26-Sep-2022 06:46:48.417,-35.203148051293745,-5.794048397995609,8.66280746459961,6.0,19.00622232445152,108.16886901855469,-0.99,6.3,7.52,0,20.39,0.06,0,0.1,0,28.63,14.51,14.7,19.61,93,23.71,1013.38,14.65,628.4,1,350.46,224,0,84,9.48,43.53,50.98,2512.5,19.61,24.66,5.47,47.45,-3.12,-1.56,-0.78,-,0.43,6,19.01,108.17,-5.79,-35.2,21,3.03,12.71,29,5.67,11.53,8.67,14.97,16.01,32.57,0.09,0.75,10.59,786,31.19,31,19.22,23,36.02,11.53,8.67,32.57,3.75,654.4,505.86,148.54,-9.01,14.2,14.5,46
Mon Sep 26 06:46:48 GMT-03:00 2022,26-Sep-2022 06:46:49.418,-35.20306993807981,-5.794076920566449,9.278783798217773,6.0,19.03860608164984,108.90584564208984,-0.82,6.06,7.42,-0.02,20.39,0,-0.05,0.12,-0.09,28.24,14.51,14.7,19.61,93,23.73,1013.34,14.65,640.4,1,350.46,224,0,84,6.35,63.92,54.12,1858,19.61,24.66,5.47,47.45,-3.12,-1.56,-3.91,-,0.43,6,19.04,108.91,-5.79,-35.2,23,1.81,8.51,29,5.67,11.53,8.67,14.97,16.01,32.57,0.7,0.75,10.59,786,33.4,33,21.18,20,32.63,11.53,8.67,32.57,3.76,655.25,506.71,148.54,-9.01,14.16,14.4,46
Mon Sep 26 06:46:49 GMT-03:00 2022,26-Sep-2022 06:46:50.417,-35.202988204605674,-5.794106127577196,9.910303115844727,6.0,19.170390263849626,109.6349868774414,-1.1,5.66,7.8,-0.01,19.61,-0.04,0.02,0.06,-0.1,27.06,13.73,14.7,19.61,93,23.76,1013.32,14.65,640.4,1,350.1,224,0,84,9.6,64.71,52.16,1755,19.61,24.76,5.17,47.45,-3.12,-0.78,-2.34,-,0.43,6,19.17,109.63,-5.79,-35.2,24,2.6,12.88,29,6.38,11.52,8.68,14.16,18.01,32.54,0.72,0.75,9.8,788,35.68,36,20.39,19.5,52.25,11.52,8.68,32.54,3.8,656.39,507.84,148.54,-7.44,14.2,14.5,46
Mon Sep 26 06:46:50 GMT-03:00 2022,26-Sep-2022 06:46:51.416,-35.202901619948335,-5.794139198788096,10.422066688537598,6.0,19.233885565117372,110.23405456542969,-0.13,6.21,8.01,0.03,17.65,0.03,0.01,0.09,-0.02,22.75,11.76,14.7,19.61,93,23.78,1013.27,14.65,640.4,1,349.79,224,0,84,9.6,60.78,44.71,1698,19.61,24.82,4.56,47.45,-3.12,1.56,0,-,0.43,6,19.23,110.23,-5.79,-35.2,24,1.32,12.88,29,7.89,11.51,8.69,12.49,22.28,32.52,0.77,0.75,7.84,788,37.52,37,18.82,20,52.25,11.51,8.69,32.52,3.8,657.41,508.87,148.54,-7.91,14.22,14.4,46
Mon Sep 26 06:46:51 GMT-03:00 2022,26-Sep-2022 06:46:52.417,-35.202810093098584,-5.794173388201652,10.758670806884766,6.0,19.3650047762936,110.4620361328125,0.35,4.81,8.32,-0.02,13.33,-0.05,-0.01,0.02,-0.08,14.9,7.45,14.7,19.61,93,23.81,1013.27,14.65,649,1,346.68,224,0,84,4.06,40,44.71,1499,19.61,24.87,2.63,47.06,-4.69,-1.56,-4.69,-,0.43,6,19.37,110.46,-5.79,-35.2,25,0.48,5.45,29,14.08,11.52,8.68,7.19,39.78,32.53,0.82,0.74,3.53,789,38.73,38,15.29,0,25.88,11.52,8.68,32.53,3.8,658.4,509.86,148.54,-10.64,14.16,14.5,41
Mon Sep 26 06:46:52 GMT-03:00 2022,26-Sep-2022 06:46:53.417,-35.20271920532704,-5.794209304020974,10.771524429321289,6.0,20.016401672798583,110.74198150634766,-1.6,4.86,8.45,0,12.94,-0.01,-0.03,0,-0.02,14.9,7.45,14.7,19.61,93,23.84,1013.31,14.65,649,1,346.84,224,0,84,4.06,19.22,18.43,1309,19.61,24.89,1.14,47.06,-6.25,-7.81,-9.38,-,0.43,6,20.02,110.74,-5.79,-35.2,21,1.78,5.45,29,33.22,11.56,8.65,3.13,93.84,32.65,0.66,0.74,2.75,790,38.78,37,13.33,-1,25.88,11.56,8.65,32.65,3.8,659.41,510.87,148.54,-12.67,14.24,14.5,34
Mon Sep 26 06:46:53 GMT-03:00 2022,26-Sep-2022 06:46:54.417,-35.20262964056135,-5.794241621012544,10.360965728759766,4.0,20.12178791424798,111.17723846435547,0.42,4.88,9.02,0.04,12.55,-0.02,0.09,-0.06,0,14.9,7.45,14.7,19.61,93,23.86,1013.26,14.65,649.3,1,348.14,224,0,84,4.06,25.1,15.69,908.5,19.61,24.91,1.42,47.06,-5.47,-5.47,-4.69,-,0.43,4,20.12,111.18,-5.79,-35.2,23,2.3,5.45,30,26.09,11.59,8.63,3.88,73.71,32.73,0.1,0.73,2.75,791,37.3,35,15.69,7.5,25.88,11.59,8.63,32.73,3.81,660.4,511.86,148.54,-11.84,14.28,14.3,31
Mon Sep 26 06:46:54 GMT-03:00 2022,26-Sep-2022 06:46:55.417,-35.20254693500656,-5.79427231484522,9.754547119140625,4.0,20.21217979228802,111.65492248535156,-0.27,3.04,9.22,-0.01,12.94,0.1,-0.07,-0.12,0.17,14.9,7.45,14.7,19.61,93,23.88,1013.32,14.65,649.3,1,349.01,224,0,84,-,28.63,21.18,915,19.61,24.93,1.3,47.06,-5.47,-3.91,-3.12,-,0.43,4,20.21,111.65,-5.79,-35.2,22,3.12,-,30,26.98,11.62,8.61,3.55,76.2,32.82,0.11,0.73,3.14,792,35.12,32,13.73,3,-,11.62,8.61,32.82,3.83,661.4,512.86,148.54,-10.94,14.1,14.4,29
Mon Sep 26 06:46:55 GMT-03:00 2022,26-Sep-2022 06:46:56.417,-35.20247317972284,-5.794300506328161,8.618183135986328,4.0,20.244178343788096,112.3808822631836,-0.6,2.82,10.11,0.07,13.33,0.12,0,-0.26,0.24,14.9,7.45,14.7,19.61,93,23.88,1013.35,14.65,649.3,1,349.93,224,0,84,-,28.24,22.75,950.5,19.61,24.95,1.25,47.06,-6.25,-1.56,-1.56,-,0.43,4,20.24,112.38,-5.79,-35.2,22,6.03,-,30,25.68,11.65,8.59,3.41,72.53,32.9,0.8,0.73,3.14,793,31.03,25,13.33,6.5,-,11.65,8.59,32.9,3.83,662.42,513.88,148.54,-11.11,14.2,14.4,28
Mon Sep 26 06:46:56 GMT-03:00 2022,26-Sep-2022 06:46:57.417,-35.20244119086905,-5.794313948952882,3.831232786178589,4.0,20.08024217687386,113.19422912597656,-0.53,4.27,9.26,0.04,13.33,0.02,-0.01,-0.11,0.08,14.9,7.45,14.7,19.61,93,23.86,1013.41,14.65,648.2,1,356.61,224,0,84,-,32.16,22.75,905.5,19.61,24.97,1.28,47.84,-4.69,-5.47,-6.25,-,0.43,4,20.08,113.19,-5.79,-35.2,22,0.79,-,30,19.6,11.66,8.57,3.49,55.37,32.94,0.63,0.73,4.71,794,13.79,13,14.9,14,-,11.66,8.57,32.94,3.83,663.42,514.88,148.54,-11.16,14,14.5,27
Mon Sep 26 06:46:57 GMT-03:00 2022,26-Sep-2022 06:46:58.417,-35.20243190485416,-5.794318795177818,0.8267863988876343,4.0,20.15684656562232,113.5177993774414,-0.46,6.04,7.83,0.01,17.65,0,-0.02,0.05,-0.04,25.88,7.45,14.7,19.61,93,23.81,1013.36,14.65,648.2,1,374.66,224,0,84,-,41.96,37.25,929,19.61,25.01,1.78,50.2,-4.69,-0.78,-0.78,-,0.43,4,20.16,113.52,-5.79,-35.2,23,0.98,-,30,7.32,11.65,8.58,4.86,20.68,32.92,0.09,0.72,7.84,796,2.98,2,13.73,-2.5,-,11.65,8.58,32.92,3.83,664.41,515.87,148.54,-9.55,14.04,14.3,29
Mon Sep 26 06:46:58 GMT-03:00 2022,26-Sep-2022 06:46:59.416,-35.202425215804226,-5.794322885251023,0.7540057897567749,4.0,20.324281858451982,113.65033721923828,-0.28,6.48,6.94,-0.03,17.65,-0.01,0,0.14,-0.13,25.88,13.33,14.7,19.61,93,23.77,1013.34,14.65,648.2,1,374.38,224,0,84,0.32,56.47,50.59,1481,19.61,25.07,3.82,50.2,-3.91,-5.47,-2.34,-,0.43,4,20.32,113.65,-5.79,-35.2,22,0.29,0.43,30,0.52,11.63,8.6,10.44,1.48,32.86,0.08,0.73,7.84,797,2.71,3,17.65,18.5,2.05,11.63,8.6,32.86,3.83,665.33,516.79,148.54,-3.98,14.26,14.5,40
Mon Sep 26 06:46:59 GMT-03:00 2022,26-Sep-2022 06:47:00.417,-35.20241078188524,-5.794331350453248,1.2699617147445679,4.0,20.3813382659865,114.36540985107422,-0.34,6.79,7.21,0.01,17.25,-0.02,0,0.16,-0.16,28.24,14.51,14.7,19.61,93,23.74,1013.37,14.65,646.7,1,379.52,224,0,84,3.97,49.8,43.14,1540,19.61,25.13,3.57,50.98,-3.12,-3.12,0,-,0.43,4,20.38,114.37,-5.79,-35.2,22,3.43,5.32,30,0.84,11.61,8.61,9.77,2.37,32.8,0.08,0.73,7.45,798,4.57,8,18.04,21,24.6,11.61,8.61,32.8,3.83,666.35,517.81,148.54,-8.39,14.16,14.4,40
Mon Sep 26 06:47:00 GMT-03:00 2022,26-Sep-2022 06:47:01.419,-35.20238737412763,-5.794344087831838,2.924264907836914,4.0,20.217685041150702,117.06375885009766,-1.59,5.9,6.51,-0.09,18.43,0,-0.06,0.12,-0.09,29.41,14.51,14.7,19.61,93,23.72,1013.33,14.65,646.7,1,378.82,224,0,84,4.93,54.12,44.71,1755.5,19.61,25.21,4.33,50.98,-3.12,6.25,3.12,-,0.43,4,20.22,117.06,-5.79,-35.2,22,1.47,6.61,30,1.85,11.59,8.63,11.86,5.21,32.74,0.83,0.73,8.63,799,10.53,12,18.04,10.5,26.81,11.59,8.63,32.74,3.84,667.41,518.87,148.54,-7.34,14.16,14.4,43
Mon Sep 26 06:47:01 GMT-03:00 2022,26-Sep-2022 06:47:02.419,-35.202357027430196,-5.794361056456415,3.8547606468200684,6.0,20.026295027952465,117.47842407226562,-2.43,5.06,7.88,-0.02,15.29,0.04,-0.17,0.07,-0.03,14.9,7.45,14.7,19.61,93,23.7,1013.35,14.65,646.7,1,372.38,224,0,85,2.62,26.67,27.06,1513.5,19.61,25.24,1.82,50.2,-3.12,6.25,3.12,-,0.44,6,20.03,117.48,-5.79,-35.2,23,0.12,3.51,30,6.58,11.58,8.63,4.99,18.59,32.72,0.83,0.74,5.49,800,13.88,14,18.04,10.5,16.54,11.58,8.63,32.72,3.84,668.41,519.87,148.54,-11.95,14.16,14.5,37
Mon Sep 26 06:47:02 GMT-03:00 2022,26-Sep-2022 06:47:03.419,-35.202327237859784,-5.794376921386885,3.793518304824829,6.0,19.808771537201526,103.1380386352539,-2.91,5.33,8.05,0.03,12.55,0.03,-0.14,-0.03,0.03,18.82,9.8,14.7,19.61,93,23.7,1013.32,14.65,646.7,1,372.38,224,0,85,2.62,26.67,15.69,1513.5,19.61,25.24,1.82,50.2,-6.25,-0.78,0,-,0.44,6,19.81,103.14,-5.79,-35.2,22,0.12,3.51,30,6.58,11.58,8.63,4.99,18.59,32.72,0.08,0.73,2.75,801,13.66,14,12.94,3,16.54,11.58,8.63,32.72,3.84,669.38,520.84,148.54,-11.95,14.22,14.4,37
Mon Sep 26 06:47:03 GMT-03:00 2022,26-Sep-2022 06:47:04.420,-35.20229999637604,-5.794382004838664,3.095675230026245,6.0,19.90476455350988,79.39942932128906,-2.95,5.9,7.18,-0.01,16.08,0.06,-0.2,0.05,0,23.92,11.37,14.7,19.61,93,23.67,1013.31,14.65,646.7,1,372.07,224,0,85,2.62,38.43,32.55,1393.5,19.61,25.3,2.85,50.2,-3.91,3.91,2.34,-,0.44,6,19.9,79.4,-5.79,-35.2,21,2.66,3.51,30,4.91,11.57,8.64,7.8,13.87,32.68,0.63,0.73,6.27,801,11.14,11,16.08,23,16.54,11.57,8.64,32.68,3.84,670.41,521.86,148.54,-9.76,14.26,14.4,36
Mon Sep 26 06:47:04 GMT-03:00 2022,26-Sep-2022 06:47:05.419,-35.20226988738392,-5.794376300448493,3.2599031925201416,6.0,20.032270508048043,49.290584564208984,-2.27,4.77,8.76,0.04,12.94,-0.06,-0.21,-0.03,-0.1,19.22,9.8,14.7,19.61,93,23.65,1013.35,14.65,646.5,1,371.65,224,0,85,2.49,34.12,32.55,1584,19.61,25.34,2.23,50.2,-4.69,0.78,0,-,0.44,6,20.03,49.29,-5.79,-35.2,22,1.86,3.33,30,4.93,11.56,8.65,6.11,13.92,32.64,0.83,0.73,3.14,802,11.74,13,14.9,0,14.98,11.56,8.65,32.64,3.85,671.42,522.88,148.54,-10.49,14.16,14.4,34
Mon Sep 26 06:47:05 GMT-03:00 2022,26-Sep-2022 06:47:06.420,-35.20224638183868,-5.7943545743866816,3.2843008041381836,6.0,19.655079069690327,13.677084922790527,-2.38,5.76,8.75,0.09,12.94,0.03,-0.23,-0.04,0.02,19.22,9.8,14.7,19.61,93,23.63,1013.34,14.65,646.5,1,374.13,224,0,85,2.49,24.31,19.22,1247.5,19.61,25.37,1.25,50.59,-4.69,-3.91,-5.47,-,0.44,6,19.66,13.68,-5.79,-35.2,22,1.18,3.33,30,10.43,11.55,8.66,3.41,29.47,32.64,0.69,0.72,3.14,803,11.82,13,14.12,27.5,14.98,11.55,8.66,32.64,3.85,672.42,523.88,148.54,-12.6,14.3,14.5,29
Mon Sep 26 06:47:06 GMT-03:00 2022,26-Sep-2022 06:47:07.420,-35.20223826669264,-5.794318811540373,3.256340742111206,6.0,19.066818856163138,337.68572998046875,-2.87,5.7,7.41,-0.01,15.69,-0.04,-0.27,0.03,-0.14,23.14,12.16,14.7,19.61,93,23.61,1013.33,14.65,646.5,1,374.06,224,0,85,1.41,40,31.37,1550,19.61,25.41,2.72,50.59,-3.12,-0.78,0.78,-,0.44,6,19.07,337.69,-5.79,-35.2,22,2.28,1.89,30,4.78,11.54,8.67,7.44,13.51,32.6,0.06,0.71,5.88,805,11.72,14,17.65,23,8.68,11.54,8.67,32.6,3.86,673.33,524.79,148.54,-8.99,14.16,14.4,31
Mon Sep 26 06:47:07 GMT-03:00 2022,26-Sep-2022 06:47:08.420,-35.20225594833845,-5.79428276406691,4.129951477050781,6.0,18.8196081385653,302.34295654296875,-1.32,6.32,7.49,0.01,18.04,-0.05,-0.13,0.04,-0.12,26.27,13.33,14.7,19.61,93,23.6,1013.34,14.65,646.1,1,379.43,224,0,85,5.95,57.25,45.88,1545,19.61,25.49,3.9,51.37,-3.12,2.34,0.78,-,0.44,6,18.82,302.34,-5.79,-35.2,21,3.13,7.97,30,3.59,11.52,8.68,10.66,10.15,32.56,0.06,0.71,8.24,806,14.87,18,17.65,20,36.75,11.52,8.68,32.56,3.86,674.36,525.82,148.54,-8.12,14.16,14.4,34
Mon Sep 26 06:47:08 GMT-03:00 2022,26-Sep-2022 06:47:09.418,-35.20230332143879,-5.79425651501638,5.518303871154785,6.0,18.80829420278692,278.2408447265625,1.28,5.93,7.97,0.02,17.25,-0.17,0,-0.04,-0.18,24.31,12.55,14.7,19.61,93,23.6,1013.27,14.65,646.4,1,378.92,224,0,85,6.39,56.08,44.71,1484,19.61,25.56,3.6,51.37,-3.12,-1.56,0.78,-,0.44,6,18.81,278.24,-5.79,-35.2,23,1.13,8.57,30,5,11.51,8.69,9.86,14.11,32.52,0.79,0.7,7.45,807,19.87,21,18.04,20,41.12,11.51,8.69,32.52,3.87,675.39,526.85,148.54,-8.59,14.2,14.4,36
Mon Sep 26 06:47:09 GMT-03:00 2022,26-Sep-2022 06:47:10.417,-35.2023625014942,-5.794245748284059,6.196382522583008,6.0,19.527241466418857,273.74273681640625,0.71,6.28,7.71,0.01,18.04,0,0.16,0.09,-0.08,25.49,13.33,14.7,19.61,93,23.6,1013.33,14.65,646.4,1,378.51,224,0,85,6.39,56.08,47.84,1484,19.61,25.63,4.03,51.37,-3.12,-1.56,0,-,0.44,6,19.53,273.74,-5.79,-35.2,22,1.13,8.57,30,5.21,11.5,8.7,11.02,14.73,32.49,0.1,0.7,7.84,808,22.31,21,18.04,19.5,41.12,11.5,8.7,32.49,3.87,676.4,527.86,148.54,-7.6,14.16,14.4,39
Mon Sep 26 06:47:10 GMT-03:00 2022,26-Sep-2022 06:47:11.419,-35.202429045980416,-5.794234962933376,6.673137187957764,6.0,20.082565504764457,279.3086242675781,-0.13,7.11,8.17,0.1,18.82,0.04,0.01,0.05,0.01,25.88,13.33,14.7,19.61,93,23.6,1013.32,14.65,647.4,1,378.51,224,0,85,6.45,59.61,52.16,1509,19.61,25.63,4.03,51.37,-3.12,-0.78,0,-,0.44,6,20.08,279.31,-5.79,-35.2,20,1.69,8.66,30,5.21,11.5,8.7,11.02,14.73,32.49,0.33,0.69,8.63,808,24.02,24,18.82,18,40.85,11.5,8.7,32.49,3.87,677.39,528.85,148.54,-7.6,14.14,14.4,39
Mon Sep 26 06:47:11 GMT-03:00 2022,26-Sep-2022 06:47:12.420,-35.202497176056895,-5.794223104888353,7.283264636993408,6.0,20.074925158651798,285.0632019042969,-0.32,5.76,6.65,-0.1,18.82,-0.01,0.14,0.1,-0.1,25.88,13.33,14.7,19.61,93,23.6,1013.28,14.65,648.2,1,378.11,224,0,85,4.76,63.92,52.16,1468.5,19.61,25.71,4.4,51.37,-3.12,1.56,0,-,0.44,6,20.07,285.06,-5.79,-35.2,21,1.98,6.38,30,5.45,11.49,8.7,12.05,15.39,32.45,0.74,0.69,8.63,809,26.22,26,18.82,18,30.93,11.49,8.7,32.45,3.88,678.4,529.86,148.54,-7.07,14.2,14.5,42
Mon Sep 26 06:47:12 GMT-03:00 2022,26-Sep-2022 06:47:13.419,-35.20257073433355,-5.794202136773011,8.159087181091309,6.0,20.13192788450206,288.6496276855469,-0.11,5.24,8.26,-0.01,16.47,-0.04,-0.04,0.07,-0.12,25.1,12.94,14.7,19.61,93,23.61,1013.31,14.65,648.2,1,371.96,224,0,85,7.66,60.39,51.37,1442,19.61,25.8,4.01,50.59,-3.12,-1.56,-2.34,-,0.44,6,20.13,288.65,-5.79,-35.2,21,0.37,10.27,30,6.49,11.48,8.71,10.97,18.32,32.43,0.78,0.69,6.67,810,29.37,29,18.04,18,50.72,11.48,8.71,32.43,3.89,679.42,530.88,148.54,-7.56,14.22,14.4,43
Mon Sep 26 06:47:13 GMT-03:00 2022,26-Sep-2022 06:47:14.419,-35.202645532710456,-5.794171133788166,8.418156623840332,6.0,20.471705432454836,289.9679260253906,-0,5.64,8.15,0.01,16.47,0,-0.07,0.05,-0.05,21.96,10.59,14.7,19.61,93,23.63,1013.28,14.65,648.2,1,371.64,224,0,85,6.03,42.35,39.61,1368,19.61,25.84,2.43,50.59,-3.12,-3.12,-3.91,-,0.45,6,20.47,289.97,-5.79,-35.2,18,0.69,8.08,30,11.91,11.48,8.71,6.66,33.66,32.43,0.79,0.69,6.67,812,30.31,31,14.9,21.5,42.08,11.48,8.71,32.43,3.89,680.43,531.89,148.54,-10.26,14.16,14.4,40
Mon Sep 26 06:47:14 GMT-03:00 2022,26-Sep-2022 06:47:15.417,-35.20272289540561,-5.794142713829866,8.827030181884766,6.0,20.3340843028316,290.47869873046875,0.01,5.9,7.98,0.01,14.12,0,0,0,0,18.04,9.41,14.7,19.61,93,23.64,1013.31,14.65,649.3,1,371.67,224,0,85,6.03,24.71,25.88,1247.5,19.61,25.87,1.39,50.59,-4.69,-7.81,-3.91,-,0.45,6,20.33,290.48,-5.79,-35.2,19,1.78,8.08,30,22.32,11.5,8.7,3.8,63.06,32.49,0.79,0.69,4.31,813,31.78,30,14.9,-1.5,42.08,11.5,8.7,32.49,3.9,681.27,532.72,148.54,-12.01,14.16,14.4,34
Mon Sep 26 06:47:15 GMT-03:00 2022,26-Sep-2022 06:47:16.417,-35.202798761475805,-5.794114330172888,8.729975700378418,6.0,20.330190977177274,291.08740234375,-0.45,5.27,8.48,0.02,12.55,0.06,0,0.01,0.06,14.9,7.45,14.7,19.61,93,23.65,1013.37,14.65,649.3,1,372.34,224,0,85,6.03,21.57,18.43,946.5,19.61,25.88,0.94,50.59,-7.03,-10.94,-9.38,-,0.45,6,20.33,291.09,-5.79,-35.2,18,1.43,8.08,30,31.82,11.54,8.67,2.58,89.88,32.6,0.75,0.68,2.35,814,31.43,30,12.94,6.5,42.08,11.54,8.67,32.6,3.91,682.38,533.83,148.54,-12.69,14.2,14.4,29
Mon Sep 26 06:47:16 GMT-03:00 2022,26-Sep-2022 06:47:17.417,-35.20287182202136,-5.7940852430821215,8.583803176879883,6.0,20.2440668956371,291.4932556152344,-0.72,5.25,7.81,-0.04,12.16,0.01,-0.01,-0.05,0.04,14.9,7.45,14.7,19.61,93,23.65,1013.39,14.65,649,1,373.6,224,0,86,6.03,21.57,17.25,946.5,19.61,25.9,0.95,50.59,-7.03,-10.94,-11.72,-,0.45,6,20.24,291.49,-5.79,-35.2,20,1.43,8.08,30,31.45,11.58,8.64,2.61,88.84,32.7,0.6,0.68,2.35,815,30.9,30,12.55,6.5,42.08,11.58,8.64,32.7,3.91,683.42,534.88,148.54,-12.03,14.16,14.4,26
Mon Sep 26 06:47:17 GMT-03:00 2022,26-Sep-2022 06:47:18.418,-35.202942644912476,-5.794056749057186,8.445357322692871,6.0,19.877621906374756,290.82861328125,0.06,4.7,9.16,0.05,12.55,-0.04,0,-0.04,-0.02,14.9,7.45,14.7,19.61,93,23.66,1013.38,14.65,648.6,1,373.6,224,0,86,-,21.57,17.25,918,19.61,25.9,0.95,50.59,-7.03,-8.59,-7.81,-,0.45,6,19.88,290.83,-5.79,-35.2,22,1.9,-,30,31.45,11.58,8.64,2.61,88.84,32.7,0.07,0.68,2.35,816,30.4,29,12.94,8,-,11.58,8.64,32.7,3.92,684.39,535.85,148.54,-12.03,14.18,14.4,26
Mon Sep 26 06:47:18 GMT-03:00 2022,26-Sep-2022 06:47:19.417,-35.20300220331041,-5.794031619705847,7.798370361328125,6.0,19.79760576129847,290.5798645019531,-1.65,4.44,8.6,-0,12.55,-0.13,-0.13,-0.04,-0.15,14.9,7.45,14.7,19.61,93,23.67,1013.4,14.65,648.6,1,374.83,224,0,86,-,21.18,16.86,965.5,19.61,25.92,0.94,50.59,-7.03,-5.47,-5.47,-,0.45,6,19.8,290.58,-5.79,-35.2,25,3.4,-,30,30.76,11.61,8.61,2.58,86.88,32.81,0.08,0.68,2.75,816,28.07,27,12.94,8,-,11.61,8.61,32.81,3.93,685.42,536.88,148.54,-11.98,14.26,14.4,24
Mon Sep 26 06:47:19 GMT-03:00 2022,26-Sep-2022 06:47:20.417,-35.20305923663405,-5.794007621444983,7.066244602203369,6.0,19.834804672994462,291.0133056640625,-1.32,4.93,8.29,-0.01,12.55,0,0,-0.15,0.07,14.9,7.45,14.7,19.61,93,23.67,1013.42,14.65,647.5,1,378.93,224,0,86,-,20,16.86,995.5,19.61,25.93,0.93,50.98,-7.03,-2.34,-1.56,-,0.45,6,19.83,291.01,-5.79,-35.2,22,5.07,-,30,28.97,11.65,8.59,2.55,81.84,32.9,0.12,0.68,2.75,817,25.44,23,12.94,9.5,-,11.65,8.59,32.9,3.94,686.39,537.85,148.54,-12.14,14.22,14.4,22
Mon Sep 26 06:47:20 GMT-03:00 2022,26-Sep-2022 06:47:21.417,-35.203107611623864,-5.793987315554904,5.998576641082764,6.0,19.759009605102552,291.4115295410156,-0.61,4.13,8.64,-0.02,12.55,0,-0.04,-0.08,0.04,14.9,7.45,14.7,19.61,93,23.66,1013.45,14.65,647.5,1,380.01,224,0,86,-,20.78,16.86,967,19.61,25.95,0.95,50.98,-7.03,-0.78,-3.12,-,0.45,6,19.76,291.41,-5.79,-35.2,21,6.44,-,30,24.11,11.67,8.57,2.61,68.11,32.97,0.82,0.68,2.35,818,21.59,19,12.94,7.5,-,11.67,8.57,32.97,3.94,687.43,538.89,148.54,-12.16,14.2,14.4,21
Mon Sep 26 06:47:21 GMT-03:00 2022,26-Sep-2022 06:47:22.418,-35.20314804196997,-5.793973386727774,4.637880325317383,6.0,20.053161199853196,290.39984130859375,-0.32,5.09,8.88,0.04,12.55,0.02,-0.02,-0.02,0.04,14.9,7.45,14.7,19.61,93,23.64,1013.44,14.65,645.7,1,383.71,224,0,86,-,21.96,17.25,908.5,19.61,25.97,0.92,51.37,-6.25,-5.47,-6.25,-,0.45,6,20.05,290.4,-5.79,-35.2,21,3.7,-,30,20.63,11.69,8.56,2.52,58.28,33.01,0.68,0.68,2.35,819,16.7,13,13.33,22.5,-,11.69,8.56,33.01,3.95,688.39,539.84,148.54,-12.17,14.2,14.4,20
Mon Sep 26 06:47:22 GMT-03:00 2022,26-Sep-2022 06:47:23.417,-35.2031763058395,-5.793963724565513,3.238124132156372,6.0,20.291233243048993,290.1033935546875,-0.16,4.24,8.96,0.01,13.73,0.02,0.01,-0.09,0.08,14.9,7.45,14.7,19.61,93,23.61,1013.47,14.65,645.7,1,390.13,224,0,86,-,34.51,25.1,912,19.61,26,1.46,52.16,-6.25,-1.56,-6.25,-,0.45,6,20.29,290.1,-5.79,-35.2,19,5.66,-,30,8.91,11.68,8.56,3.99,25.18,33,0.68,0.68,3.53,821,11.66,6,14.12,3.5,-,11.68,8.56,33,3.95,689.42,540.88,148.54,-10.48,14.2,14.4,22
Mon Sep 26 06:47:23 GMT-03:00 2022,26-Sep-2022 06:47:24.417,-35.203191783126954,-5.793959084423373,1.9698106050491333,6.0,20.378596372262077,289.9058532714844,-0.41,4.67,8.81,0.01,13.73,0.01,-0.01,-0.06,0.05,14.9,7.45,14.7,19.61,93,23.56,1013.5,14.65,644.1,1,389.96,224,0,86,-,32.94,27.45,903,19.61,26.02,1.4,52.16,-5.47,2.34,-0.78,-,0.45,6,20.38,289.91,-5.79,-35.2,21,7.09,-,30,4.29,11.67,8.57,3.83,12.11,32.96,0.07,0.68,3.53,822,7.09,0,13.33,-1,-,11.67,8.57,32.96,3.95,690.42,541.67,148.75,-10.66,14.16,14.4,23
Mon Sep 26 06:47:24 GMT-03:00 2022,26-Sep-2022 06:47:25.417,-35.20319696166937,-5.793959004125695,0.418084979057312,6.0,20.38909651613302,289.9245300292969,-0.43,5.59,8.15,0.01,12.94,0,0,0.03,-0.01,14.9,7.45,14.7,19.61,93,23.56,1013.48,14.65,644.1,1,401.2,224,0,86,-,32.94,23.92,781.5,19.61,26.04,1.06,53.73,-6.25,2.34,3.12,-,0.45,6,20.39,289.92,-5.79,-35.2,20,7.09,-,30,0,11.67,8.57,2.91,0,32.96,0.15,0.68,3.14,823,1.51,0,13.33,-1,-,11.67,8.57,32.96,3.95,691.42,541.67,149.75,-11.59,14.16,14.4,22
Mon Sep 26 06:47:25 GMT-03:00 2022,26-Sep-2022 06:47:26.417,-35.20319696166937,-5.793959004125695,0.10326822847127914,6.0,20.39188260156465,289.9632873535156,-0.3,5.6,8.1,0,12.94,0,-0.01,0.02,-0.01,14.9,7.45,14.7,19.61,93,23.52,1013.49,14.65,641.9,1,401.2,224,0,86,-,30.2,23.92,781.5,19.61,26.04,1.06,53.73,-7.03,3.12,3.12,-,0.45,6,20.39,289.96,-5.79,-35.2,18,1.51,-,30,0,11.67,8.57,2.91,0,32.96,0.83,0.68,3.14,824,0.37,0,13.33,6,-,11.67,8.57,32.96,3.95,692.39,541.67,150.71,-11.59,14.16,14.4,22
Mon Sep 26 06:47:26 GMT-03:00 2022,26-Sep-2022 06:47:27.417,-35.20319696166937,-5.793959004125695,0.02551511861383915,6.0,20.35410764148473,289.9739074707031,-0.31,5.56,8.14,0,13.33,0.01,0,0.03,0,14.9,7.45,14.7,19.61,93,23.47,1013.48,14.65,641.9,1,401.17,224,0,86,-,32.94,28.24,804,19.61,26.06,1.27,53.73,-6.25,-0.78,-1.56,-,0.45,6,20.35,289.97,-5.79,-35.2,20,0.37,-,30,0,11.67,8.57,3.47,0,32.95,0.46,0.68,3.53,824,0.09,0,13.33,-1,-,11.67,8.57,32.95,3.95,693.42,541.67,151.75,-10.43,14.22,14.5,24
Mon Sep 26 06:47:27 GMT-03:00 2022,26-Sep-2022 06:47:28.417,-35.20319696166937,-5.793959004125695,0.05379951000213623,6.0,20.327080929909336,289.98065185546875,-0.41,5.6,8.18,0.01,13.33,0,0,0.03,-0.01,14.9,7.45,14.7,19.61,93,23.43,1013.48,14.65,639.9,1,386.49,224,0,86,-,38.82,28.24,780.5,19.61,26.09,1.45,51.76,-5.47,3.12,3.91,-,0.45,6,20.33,289.98,-5.79,-35.2,20,0.19,-,30,0,11.66,8.57,3.97,0,32.95,0.11,0.68,3.53,825,0.19,0,13.73,0.5,-,11.66,8.57,32.95,3.95,694.28,541.67,152.62,-9.96,13.36,13.8,26
Mon Sep 26 06:47:28 GMT-03:00 2022,26-Sep-2022 06:47:29.417,-35.20319696166937,-5.793959004125695,0.04788656532764435,6.0,20.31943483985959,289.9797058105469,-0.38,5.55,8.22,0.01,13.33,0,0,0.03,-0.01,14.9,7.45,14.7,19.61,93,23.39,1013.49,14.65,639.9,1,377.68,224,0,86,-,38.82,30.98,778,19.61,26.12,1.37,50.59,-5.47,4.69,4.69,-,0.45,6,20.32,289.98,-5.79,-35.2,21,0.17,-,30,0,11.66,8.57,3.74,0,32.95,0.82,0.68,3.53,827,0.17,0,13.73,3.5,-,11.66,8.57,32.95,3.95,695.4,541.67,153.73,-10.1,14.2,13.8,27
Mon Sep 26 06:47:29 GMT-03:00 2022,26-Sep-2022 06:47:30.416,-35.20319696166937,-5.793959004125695,0.055809326469898224,6.0,20.34190353532167,289.98614501953125,-0.51,5.49,8.07,-0.01,13.33,0,-0.01,0.01,-0.02,14.9,7.45,14.7,19.61,93,23.34,1013.5,14.65,638.5,1,377.64,224,0,86,-,38.04,30.59,808,19.61,26.15,1.4,50.59,-5.47,0.78,0,-,0.45,6,20.34,289.99,-5.79,-35.2,22,0.2,-,30,0,11.66,8.57,3.83,0,32.95,0.79,0.68,3.53,828,0.2,0,13.73,3.5,-,11.66,8.57,32.95,3.95,696.4,541.67,154.73,-9.97,14.16,14.5,28
Mon Sep 26 06:47:30 GMT-03:00 2022,26-Sep-2022 06:47:31.418,-35.20319696166937,-5.793959004125695,0.0,6.0,20.207015874754354,289.9911804199219,-0.48,5.52,8.1,-0,13.33,0,-0.01,0.02,-0.01,14.9,7.45,14.7,19.61,93,23.3,1013.49,14.65,638.5,1,377.61,224,0,86,-,38.82,30.59,781,19.61,26.17,1.39,50.59,-5.47,-1.56,-2.34,-,0.45,6,20.21,289.99,-5.79,-35.2,20,0,-,30,0,11.66,8.57,3.8,0,32.94,0.6,0.68,3.53,829,0,0,13.73,3.5,-,11.66,8.57,32.94,3.95,697.4,541.67,155.73,-10.18,14.18,14.4,28
Mon Sep 26 06:47:31 GMT-03:00 2022,26-Sep-2022 06:47:32.419,-35.20319696166937,-5.793959004125695,0.0,6.0,20.26257963741603,290.0032043457031,-0.5,5.58,8.15,0.01,13.33,0,-0.02,0.02,-0.01,14.9,7.45,14.7,19.61,93,23.25,1013.47,14.65,638.5,1,374.65,224,0,86,-,38.43,30.98,785,19.61,26.19,1.37,50.2,-5.47,-1.56,-2.34,-,0.45,6,20.26,290,-5.79,-35.2,20,0,-,30,0,11.66,8.58,3.74,0,32.94,0.6,0.68,3.53,830,0,0,13.73,3.5,-,11.66,8.58,32.94,3.95,698.41,541.67,156.74,-10.1,14.18,14.4,29
Mon Sep 26 06:47:32 GMT-03:00 2022,26-Sep-2022 06:47:33.420,-35.20319696166937,-5.793959004125695,0.0,6.0,20.225571645712247,290.0098876953125,-0.49,5.53,8.15,0,12.94,0,-0.01,0.02,-0.01,14.9,7.45,14.7,19.61,93,23.25,1013.52,14.65,635.9,1,374.65,224,0,86,-,38.43,25.88,785,19.61,26.19,1.37,50.2,-6.25,2.34,3.12,-,0.45,6,20.23,290.01,-5.79,-35.2,19,0,-,30,0,11.66,8.58,3.74,0,32.94,0.19,0.69,3.14,831,0,0,13.73,2,-,11.66,8.58,32.94,3.95,699.39,541.67,157.72,-10.1,14.28,14.5,29
Mon Sep 26 06:47:33 GMT-03:00 2022,26-Sep-2022 06:47:34.418,-35.20319696166937,-5.793959004125695,0.015119129791855812,6.0,20.206100338132323,290.0157470703125,-0.42,5.59,8.2,0.01,12.94,0,0,0.02,-0.01,14.9,7.45,14.7,19.61,93,23.21,1013.49,14.65,635.1,1,374.61,224,0,86,-,29.02,23.14,793,19.61,26.21,0.99,50.2,-7.03,3.91,3.91,-,0.45,6,20.21,290.02,-5.79,-35.2,21,0,-,30,0,11.66,8.58,2.72,0,32.94,0.85,0.69,2.75,831,0.05,0,13.33,5,-,11.66,8.58,32.94,3.95,700.42,541.67,158.76,-11.36,14.16,14.4,27
Mon Sep 26 06:47:34 GMT-03:00 2022,26-Sep-2022 06:47:35.418,-35.20319696166937,-5.793959004125695,0.02088807336986065,6.0,20.13281493684318,290.0286560058594,-0.3,5.57,8.12,0,12.94,0,0,0.02,-0.01,14.9,7.45,14.7,19.61,93,23.17,1013.46,14.65,635.1,1,377.51,224,0,86,-,29.41,23.14,756.5,19.61,26.24,1.01,50.59,-7.03,-0.78,-1.56,-,0.45,6,20.13,290.03,-5.79,-35.2,22,0.08,-,31,0,11.66,8.58,2.77,0,32.93,0.81,0.71,2.75,832,0.08,0,12.94,5,-,11.66,8.58,32.93,3.95,701.42,541.67,159.75,-11.33,14.22,14.5,26
Mon Sep 26 06:47:35 GMT-03:00 2022,26-Sep-2022 06:47:36.419,-35.20319696166937,-5.793959004125695,0.03416392579674721,6.0,20.13702398894825,290.03851318359375,-0.4,5.55,8.12,0,12.94,0,0,0.02,-0.01,14.9,7.45,14.7,19.61,93,23.13,1013.46,14.65,633.7,1,377.47,224,0,86,-,29.8,23.53,759,19.61,26.25,1.02,50.59,-7.03,-1.56,-0.78,-,0.45,6,20.14,290.04,-5.79,-35.2,22,0.12,-,31,0,11.66,8.58,2.8,0,32.93,0.1,0.81,2.75,833,0.12,0,12.94,5,-,11.66,8.58,32.93,3.95,702.42,541.67,160.75,-11.12,14.2,14.5,25
Mon Sep 26 06:47:36 GMT-03:00 2022,26-Sep-2022 06:47:37.418,-35.20319696166937,-5.793959004125695,0.027066975831985474,6.0,20.036969340947724,290.0512390136719,-0.32,5.61,8.1,0,12.94,0,0,0.03,-0.01,14.9,7.45,14.7,19.61,93,23.08,1013.44,14.65,633.7,1,377.44,224,0,86,-,29.41,23.53,777,19.61,26.27,1.03,50.59,-7.03,1.56,1.56,-,0.45,6,20.04,290.05,-5.79,-35.2,22,0.1,-,31,0,11.66,8.58,2.83,0,32.93,0.12,0.83,2.75,835,0.1,0,13.33,4.5,-,11.66,8.58,32.93,3.95,703.38,541.67,161.71,-11.1,14.26,14.5,25
Mon Sep 26 06:47:37 GMT-03:00 2022,26-Sep-2022 06:47:38.418,-35.20319696166937,-5.793959004125695,0.035336460918188095,6.0,20.049427818503567,290.0574035644531,-0.46,5.51,8.1,-0,12.94,0,-0.01,0.02,-0.01,14.9,7.45,14.7,19.61,93,23.04,1013.5,14.65,633.7,1,377.41,224,0,86,-,29.8,23.53,792.5,19.61,26.29,1.06,50.59,-7.03,3.91,1.56,-,0.45,6,20.05,290.06,-5.79,-35.2,22,0.13,-,31,0,11.66,8.58,2.91,0,32.93,0.12,0.83,2.75,836,0.13,0,13.33,4.5,-,11.66,8.58,32.93,3.95,704.39,541.67,162.72,-11.08,14.26,14.5,25
Mon Sep 26 06:47:38 GMT-03:00 2022,26-Sep-2022 06:47:39.419,-35.20319696166937,-5.793959004125695,0.03093552775681019,6.0,19.97349629719498,290.0724792480469,-0.41,5.56,8.14,0,12.94,0,-0.01,0.02,-0.01,14.9,7.45,14.7,19.61,93,23,1013.52,14.65,632.1,1,377.37,224,0,86,-,29.8,23.53,785,19.61,26.31,1.05,50.59,-7.03,3.91,3.91,-,0.45,6,19.97,290.07,-5.79,-35.2,22,0.11,-,31,0,11.65,8.58,2.88,0,32.92,0.81,0.83,2.75,837,0.11,0,13.33,3.5,-,11.65,8.58,32.92,3.95,705.39,541.67,163.72,-11.19,14.22,14.5,24
Mon Sep 26 06:47:39 GMT-03:00 2022,26-Sep-2022 06:47:40.416,-35.20319696166937,-5.793959004125695,0.028638755902647972,6.0,19.94623447046893,289.9211120605469,-0.45,5.56,8.11,0,12.94,0.01,-0.01,0.03,-0.01,14.9,7.45,14.7,19.61,93,23,1013.46,14.65,632.1,1,377.37,224,0,86,-,29.8,23.53,785,19.61,26.31,1.05,50.59,-7.03,0,-0.78,-,0.45,6,19.95,289.92,-5.79,-35.2,21,0.11,-,31,0,11.65,8.58,2.88,0,32.92,0.8,0.82,2.75,838,0.1,0,13.33,4.5,-,11.65,8.58,32.92,3.95,706.41,541.67,164.74,-11.19,14.2,14.4,24
Mon Sep 26 06:47:40 GMT-03:00 2022,26-Sep-2022 06:47:41.416,-35.20319696166937,-5.793959004125695,0.029559701681137085,6.0,19.967207107149918,289.97906494140625,-0.47,5.53,8.12,0,13.33,0,-0.01,0.02,-0.01,14.9,7.45,14.7,19.61,93,22.96,1013.49,14.65,630.6,1,377.34,224,0,86,-,29.8,23.53,766,19.61,26.33,1.03,50.59,-6.25,-3.91,-3.91,-,0.45,6,19.97,289.98,-5.79,-35.2,21,0.1,-,31,0,11.65,8.58,2.83,0,32.92,0.53,0.81,3.14,838,0.11,0,13.33,3.5,-,11.65,8.58,32.92,3.95,707.29,541.67,165.62,-11.21,14.26,14.5,24
Mon Sep 26 06:47:41 GMT-03:00 2022,26-Sep-2022 06:47:42.417,-35.20319696166937,-5.793959004125695,0.033140044659376144,6.0,19.97283877694671,289.9872131347656,-0.44,5.57,8.19,0.01,13.33,0,-0.01,0.02,-0.01,14.9,7.45,14.7,19.61,93,22.91,1013.49,14.65,629.5,1,383.16,224,0,86,-,38.82,26.27,766,19.61,26.36,1.42,51.37,-5.47,0.78,1.56,-,0.45,6,19.97,289.99,-5.79,-35.2,21,0.12,-,31,0,11.65,8.58,3.88,0,32.92,0.09,0.82,3.14,839,0.12,0,14.12,3.5,-,11.65,8.58,32.92,3.95,708.41,541.67,166.74,-9.82,13.34,13.6,26
Mon Sep 26 06:47:42 GMT-03:00 2022,26-Sep-2022 06:47:43.417,-35.20319696166937,-5.793959004125695,0.038042325526475906,6.0,20.031761182553122,289.98638916015625,-0.49,5.46,8.08,-0.01,13.33,0,-0.01,0.01,-0.02,14.9,7.45,14.7,19.61,93,22.87,1013.49,14.65,629.5,1,383.12,224,0,86,-,39.22,30.59,761,19.61,26.39,1.37,51.37,-5.47,3.91,4.69,-,0.45,6,20.03,289.99,-5.79,-35.2,22,0.14,-,31,0,11.65,8.58,3.74,0,32.91,0.58,0.82,3.53,841,0.14,0,13.73,3.5,-,11.65,8.58,32.91,3.95,709.37,541.67,167.7,-10,14.22,13.6,27
Mon Sep 26 06:47:43 GMT-03:00 2022,26-Sep-2022 06:47:44.417,-35.20319696166937,-5.793959004125695,0.042565204203128815,6.0,19.985799889452153,290.00189208984375,-0.42,5.62,8.22,0.01,13.33,0.01,-0.01,0.03,0,14.9,7.45,14.7,19.61,93,22.83,1013.53,14.65,629.5,1,388.94,224,0,86,-,38.43,30.2,791.5,19.61,26.41,1.38,52.16,-5.47,0.78,4.69,-,0.46,6,19.99,290,-5.79,-35.2,22,0.15,-,31,0,11.65,8.58,3.77,0,32.91,0.58,0.82,3.53,842,0.15,0,13.73,3.5,-,11.65,8.58,32.91,3.95,710.41,541.67,168.74,-9.93,14.22,14.5,28
Mon Sep 26 06:47:44 GMT-03:00 2022,26-Sep-2022 06:47:45.417,-35.20319696166937,-5.793959004125695,0.03384707495570183,6.0,19.906231022200547,290.0152282714844,-0.42,5.61,8.2,0.01,13.33,0.01,-0.01,0.03,0,14.9,7.45,14.7,19.61,93,22.79,1013.5,14.65,627.7,1,388.91,224,0,86,-,39.22,30.98,775.5,19.61,26.44,1.37,52.16,-5.47,0.78,0,-,0.46,6,19.91,290.02,-5.79,-35.2,22,0.12,-,31,0,11.65,8.58,3.74,0,32.91,0.79,0.81,3.53,843,0.12,0,13.73,3.5,-,11.65,8.58,32.91,3.95,711.42,541.67,169.75,-10.15,14.22,14.4,29
Mon Sep 26 06:47:45 GMT-03:00 2022,26-Sep-2022 06:47:46.417,-35.20319696166937,-5.793959004125695,0.03788765147328377,4.0,19.957063248524815,290.02996826171875,-0.35,5.54,8.14,0,13.33,0,-0.01,0.02,0,14.9,7.45,14.7,19.61,93,22.75,1013.49,14.65,627.7,1,391.8,224,0,86,-,39.22,30.98,747.5,19.61,26.46,1.33,52.55,-5.47,-3.12,-3.91,-,0.46,4,19.96,290.03,-5.79,-35.2,22,0.14,-,31,0,11.65,8.58,3.63,0,32.91,0.62,0.81,3.53,844,0.14,0,13.73,3.5,-,11.65,8.58,32.91,3.95,712.43,541.67,170.76,-10.19,14.26,14.4,29
Mon Sep 26 06:47:46 GMT-03:00 2022,26-Sep-2022 06:47:47.419,-35.20319696166937,-5.793959004125695,0.0,4.0,19.88427723849869,290.0439453125,-0.55,5.51,8.08,-0,13.33,0,-0.02,0.02,-0.02,14.9,7.45,14.7,19.61,93,22.75,1013.48,14.65,626.1,1,391.8,224,0,86,-,38.82,30.59,747.5,19.61,26.46,1.33,52.55,-5.47,-0.78,0,-,0.46,4,19.88,290.04,-5.79,-35.2,22,0.14,-,32,0,11.65,8.58,3.63,0,32.91,0.09,0.8,3.53,844,0,0,13.73,4.5,-,11.65,8.58,32.91,3.95,713.41,541.67,171.74,-10.19,14.2,14.5,29
Mon Sep 26 06:47:47 GMT-03:00 2022,26-Sep-2022 06:47:48.419,-35.20319696166937,-5.793959004125695,0.0,4.0,19.9336296831663,290.0630798339844,-0.37,5.6,8.16,0.01,12.94,0,0,0.02,-0.01,14.9,7.45,14.7,19.61,93,22.71,1013.47,14.65,625.3,1,391.76,224,0,86,-,38.43,30.59,783,19.61,26.49,1.36,52.55,-5.47,3.91,3.91,-,0.46,4,19.93,290.06,-5.79,-35.2,23,0,-,32,0,11.65,8.59,3.72,0,32.9,0.79,0.79,3.14,845,0,0,13.73,3,-,11.65,8.59,32.9,3.95,714.4,541.67,172.73,-9.89,14.3,14.5,30
Mon Sep 26 06:47:48 GMT-03:00 2022,26-Sep-2022 06:47:49.419,-35.20319696166937,-5.793959004125695,0.0,4.0,19.95512516508278,290.0746765136719,-0.36,5.58,8.11,0,12.94,0,0,0.02,-0.01,14.9,7.45,14.7,19.61,93,22.66,1013.48,14.65,625.3,1,391.73,224,0,86,-,29.02,26.27,783.5,19.61,26.51,0.94,52.55,-5.47,-0.78,-0.78,-,0.46,4,19.96,290.07,-5.79,-35.2,23,0,-,32,0,11.65,8.59,2.58,0,32.9,0.85,0.79,3.14,846,0,0,13.33,12.5,-,11.65,8.59,32.9,3.95,715.41,541.67,173.74,-11.5,14.28,14.5,28
Mon Sep 26 06:47:49 GMT-03:00 2022,26-Sep-2022 06:47:50.420,-35.20319696166937,-5.793959004125695,0.011812310665845871,4.0,19.97646372019271,290.087158203125,-0.31,5.65,8.04,-0,12.94,0,0,0.03,-0.02,14.9,7.45,14.7,19.61,93,22.62,1013.46,14.65,624.6,1,391.69,224,0,86,-,29.41,24.31,762.5,19.61,26.53,1,52.55,-7.03,-3.91,-0.78,-,0.46,4,19.98,290.09,-5.79,-35.2,23,0.04,-,32,0,11.65,8.59,2.74,0,32.9,0.85,0.79,2.75,848,0.04,0,12.94,6,-,11.65,8.59,32.9,3.95,716.43,541.67,174.76,-11.31,14.28,14.5,26
Mon Sep 26 06:47:50 GMT-03:00 2022,26-Sep-2022 06:47:51.420,-35.20319696166937,-5.793959004125695,0.04075522720813751,4.0,20.06427333497248,290.1030578613281,-0.4,5.7,7.96,-0,12.94,0,0,0.04,-0.03,14.9,7.45,14.7,19.61,93,22.62,1013.5,14.65,624.6,1,391.69,224,0,86,-,29.41,23.92,762.5,19.61,26.53,1,52.55,-7.03,-3.91,-3.91,-,0.46,4,20.06,290.1,-5.79,-35.2,23,0.04,-,32,0,11.65,8.59,2.74,0,32.9,0.76,0.79,2.75,849,0.15,0,12.94,6,-,11.65,8.59,32.9,3.95,717.35,541.67,175.68,-11.31,14.2,14.4,26
Mon Sep 26 06:47:51 GMT-03:00 2022,26-Sep-2022 06:47:52.419,-35.20319696166937,-5.793959004125695,0.09229405224323273,4.0,20.105995805769407,290.10772705078125,-0.25,5.63,8.08,0,12.94,0,0,0.03,-0.02,14.9,7.45,14.7,19.61,93,22.58,1013.48,14.65,623.1,1,391.66,224,0,86,-,30.98,23.92,753.5,19.61,26.55,1.05,52.55,-7.03,-2.34,-1.56,-,0.46,4,20.11,290.11,-5.79,-35.2,23,0.15,-,32,0,11.64,8.59,2.88,0,32.89,0.08,0.86,2.75,849,0.33,0,13.33,5,-,11.64,8.59,32.89,3.95,718.43,541.67,176.76,-11.04,14.22,14.5,26
Mon Sep 26 06:47:52 GMT-03:00 2022,26-Sep-2022 06:47:53.421,-35.20319696166937,-5.793959004125695,0.163892924785614,4.0,20.183764676761086,290.0766296386719,-0.49,5.29,8.32,0,12.94,0,-0.01,0,0,14.9,7.45,14.7,19.61,93,22.54,1013.48,14.65,622.4,1,391.63,224,0,86,-,29.8,23.92,750.5,19.61,26.57,1.02,52.55,-7.03,0.78,1.56,-,0.46,4,20.18,290.08,-5.79,-35.2,22,0.59,-,32,0,11.64,8.59,2.8,0,32.89,0.1,0.84,2.75,850,0.59,0,13.33,5,-,11.64,8.59,32.89,3.95,719.4,541.67,177.73,-11.1,14.28,14.5,25
Mon Sep 26 06:47:53 GMT-03:00 2022,26-Sep-2022 06:47:54.424,-35.20319696166937,-5.793959004125695,0.17389705777168274,4.0,20.23078181313357,290.0372314453125,-0.35,5.58,8.08,-0,12.94,0,0,0.03,-0.01,14.9,7.45,14.7,19.61,93,22.5,1013.48,14.65,622.4,1,385.75,224,0,86,-,30.2,23.92,768.5,19.61,26.59,1.05,51.76,-7.03,3.12,3.12,-,0.46,4,20.23,290.04,-5.79,-35.2,22,0.63,-,32,0,11.64,8.59,2.88,0,32.89,0.79,0.83,2.75,852,0.63,0,13.33,4.5,-,11.64,8.59,32.89,3.95,720.28,541.67,178.61,-10.98,14.18,14.5,25
Mon Sep 26 06:47:54 GMT-03:00 2022,26-Sep-2022 06:47:55.419,-35.20319696166937,-5.793959004125695,0.10157138854265213,6.0,20.318428646550334,290.05169677734375,-0.36,5.57,8.08,-0,12.94,0,0,0.02,-0.02,14.9,7.45,14.7,19.61,93,22.46,1013.5,14.65,622.4,1,385.72,224,0,86,-,30.2,23.92,779.5,19.61,26.61,1.06,51.76,-7.03,-0.78,-1.56,-,0.46,6,20.32,290.05,-5.79,-35.2,22,0.37,-,32,0,11.64,8.59,2.91,0,32.89,0.77,0.83,2.75,853,0.37,0,13.73,2,-,11.64,8.59,32.89,3.95,721.41,541.67,179.74,-11.03,14.26,14.5,25
Mon Sep 26 06:47:55 GMT-03:00 2022,26-Sep-2022 06:47:56.421,-35.20319696166937,-5.793959004125695,0.0774654746055603,6.0,20.457561957142488,290.0622253417969,-0.41,5.62,8.14,0.01,13.33,0.01,0,0.03,-0.01,14.9,7.45,14.7,19.61,93,22.42,1013.49,14.65,620.8,1,379.84,224,0,86,-,30.2,26.67,787,19.61,26.63,1.23,50.98,-6.25,-0.78,-1.56,-,0.46,6,20.46,290.06,-5.79,-35.2,22,0.28,-,32,0,11.64,8.59,3.36,0,32.88,0.77,0.82,3.14,854,0.28,0,13.73,2,-,11.64,8.59,32.88,3.95,722.35,541.67,180.68,-10.53,14.26,14.5,25
Mon Sep 26 06:47:56 GMT-03:00 2022,26-Sep-2022 06:47:57.421,-35.20319696166937,-5.793959004125695,0.06630159169435501,6.0,20.60349887838399,290.070068359375,-0.22,5.84,9.36,0.12,13.33,0.12,0.01,0.05,0.11,14.9,7.45,14.7,19.61,93,22.42,1013.42,14.65,619.7,1,379.84,224,0,86,-,38.43,31.37,787,19.61,26.63,1.23,50.98,-5.47,0,0.78,-,0.46,6,20.6,290.07,-5.79,-35.2,20,0.28,-,32,0,11.64,8.59,3.36,0,32.88,0.09,0.81,3.53,854,0.24,0,14.12,9.5,-,11.64,8.59,32.88,3.95,723.42,541.67,181.75,-10.53,13.56,14.2,25
Mon Sep 26 06:47:57 GMT-03:00 2022,26-Sep-2022 06:47:58.419,-35.20319696166937,-5.793959004125695,0.07199114561080933,6.0,20.80144302864368,290.077392578125,-0.41,5.59,8.1,0,12.55,0,-0.01,0.02,-0.02,14.9,7.45,14.7,19.61,93,22.38,1013.49,14.65,619.7,1,379.81,224,0,86,-,39.22,24.71,776,19.61,26.67,1.37,50.98,-5.47,3.91,3.91,-,0.46,6,20.8,290.08,-5.79,-35.2,20,0.24,-,32,0,11.64,8.59,3.74,0,32.88,0.77,0.8,3.53,855,0.26,0,14.12,9.5,-,11.64,8.59,32.88,3.95,724.42,541.67,182.75,-10.11,14.28,14.5,27
Mon Sep 26 06:47:58 GMT-03:00 2022,26-Sep-2022 06:47:59.419,-35.20319696166937,-5.793959004125695,0.056000933051109314,6.0,20.87893364914929,290.08233642578125,-0.35,5.56,8.09,-0,12.94,0,0,0.02,-0.01,14.9,7.45,14.7,19.61,93,22.34,1013.46,14.65,618,1,379.77,224,0,86,-,30.59,24.71,810,19.61,26.68,1.11,50.98,-6.25,0,-0.78,-,0.46,6,20.88,290.08,-5.79,-35.2,19,0.26,-,32,0,11.64,8.59,3.05,0,32.88,0.82,0.8,3.14,856,0.2,0,13.33,8,-,11.64,8.59,32.88,3.95,725.42,541.67,183.75,-10.89,14.12,14.4,26
Mon Sep 26 06:47:59 GMT-03:00 2022,26-Sep-2022 06:48:00.419,-35.20319696166937,-5.793959004125695,0.04407712072134018,6.0,20.90970669384973,290.0861511230469,-0.38,5.55,8.08,-0,12.94,0,-0.01,0.02,-0.02,14.9,7.45,14.7,19.61,93,22.3,1013.5,14.65,618,1,379.74,224,0,86,-,32.94,26.67,772,19.61,26.7,1.11,50.98,-6.25,-3.12,-4.69,-,0.46,6,20.91,290.09,-5.79,-35.2,18,0.16,-,32,0,11.64,8.59,3.05,0,32.87,0.67,0.79,3.14,857,0.16,0,13.33,3,-,11.64,8.59,32.87,3.95,726.4,541.67,184.73,-11.05,14.2,14.5,26
Mon Sep 26 06:48:00 GMT-03:00 2022,26-Sep-2022 06:48:01.419,-35.20319696166937,-5.793959004125695,0.0494898296892643,6.0,20.918993450768838,290.0962829589844,-0.44,5.6,8.16,0.01,12.94,0.01,-0.01,0.03,-0.01,14.9,7.45,14.7,19.61,93,22.26,1013.46,14.65,616.5,1,379.71,224,0,86,-,32.55,25.49,764.5,19.61,26.72,1.15,50.98,-6.25,-1.56,-0.78,-,0.46,6,20.92,290.1,-5.79,-35.2,19,0.18,-,32,0,11.64,8.59,3.16,0,32.87,0.09,0.79,3.14,859,0.18,0,13.33,3.5,-,11.64,8.59,32.87,3.95,727.43,541.67,185.76,-10.74,14.22,14.5,26
Mon Sep 26 06:48:01 GMT-03:00 2022,26-Sep-2022 06:48:02.419,-35.20319696166937,-5.793959004125695,0.042520176619291306,6.0,20.927762450138925,290.0951843261719,-0.39,5.57,8.15,0,13.73,0,0,0.02,-0.02,14.9,7.45,14.7,19.61,93,22.22,1013.48,14.65,616.5,1,376.76,224,0,86,-,42.35,30.2,821,19.61,26.76,1.57,50.59,-6.25,2.34,-0.78,-,0.46,6,20.93,290.1,-5.79,-35.2,19,0.15,-,32,0,11.64,8.59,4.3,0,32.87,0.09,0.79,3.53,860,0.15,0,13.33,-3,-,11.64,8.59,32.87,3.95,728.36,541.67,186.69,-9.27,14.22,14.5,28
Mon Sep 26 06:48:02 GMT-03:00 2022,26-Sep-2022 06:48:03.419,-35.20319696166937,-5.793959004125695,0.05613962188363075,6.0,21.081300896033458,290.10894775390625,-0.47,5.57,8.13,0,13.33,0,-0.01,0.02,-0.01,14.9,7.45,14.7,19.61,93,22.18,1013.49,14.65,615.6,1,376.72,224,0,86,-,36.86,30.2,756.5,19.61,26.78,1.15,50.59,-5.47,3.12,3.12,-,0.46,6,21.08,290.11,-5.79,-35.2,17,0.2,-,32,0,11.63,8.59,3.16,0,32.87,0.78,0.8,3.53,861,0.2,0,13.73,-3,-,11.63,8.59,32.87,3.95,729.37,541.67,187.7,-10.97,14.08,14.3,27
Mon Sep 26 06:48:03 GMT-03:00 2022,26-Sep-2022 06:48:04.420,-35.20319696166937,-5.793959004125695,0.054705001413822174,6.0,21.106651667646574,290.1252136230469,-0.38,5.59,8.11,0,12.55,0,0,0.02,-0.01,14.9,7.45,14.7,19.61,93,22.18,1013.45,14.65,615.6,1,376.69,224,0,86,-,36.86,23.53,732,19.61,26.8,0.98,50.59,-6.25,3.12,0.78,-,0.46,6,21.11,290.13,-5.79,-35.2,19,0.2,-,32,0,11.63,8.6,2.69,0,32.86,0.83,0.81,2.75,862,0.2,0,12.94,-3,-,11.63,8.6,32.86,3.95,730.39,541.67,188.72,-11.25,14.22,14.5,26
Mon Sep 26 06:48:04 GMT-03:00 2022,26-Sep-2022 06:48:05.419,-35.20319696166937,-5.793959004125695,0.041561901569366455,6.0,21.03469241654331,290.126953125,-0.47,5.61,8.05,-0,12.55,0,-0.01,0.03,-0.02,14.9,7.45,14.7,19.61,93,22.14,1013.48,14.65,614.4,1,376.66,224,0,86,-,29.8,23.53,731,19.61,26.81,1.1,50.59,-7.03,-2.34,-2.34,-,0.46,6,21.03,290.13,-5.79,-35.2,18,0.2,-,32,0,11.63,8.6,3.02,0,32.86,0.8,0.81,2.75,863,0.15,0,13.33,6.5,-,11.63,8.6,32.86,3.95,731.42,541.67,189.75,-10.71,14.22,14.5,26
Mon Sep 26 06:48:05 GMT-03:00 2022,26-Sep-2022 06:48:06.419,-35.20319696166937,-5.793959004125695,0.045572616159915924,6.0,21.167186265077376,290.13525390625,-0.41,5.59,8.09,0,12.55,0,0,0.02,-0.01,14.9,7.45,14.7,19.61,93,22.1,1013.46,14.65,614.4,1,376.66,224,0,86,-,30.98,23.92,731,19.61,26.81,1.1,50.59,-7.03,-4.69,-2.34,-,0.46,6,21.17,290.14,-5.79,-35.2,20,0.15,-,32,0,11.63,8.6,3.02,0,32.86,0.09,0.83,2.75,864,0.16,0,12.94,3.5,-,11.63,8.6,32.86,3.95,732.41,541.67,190.74,-10.71,14.16,14.4,26
Mon Sep 26 06:48:06 GMT-03:00 2022,26-Sep-2022 06:48:07.419,-35.20319696166937,-5.793959004125695,0.06518468260765076,6.0,21.43407680022525,290.1468811035156,-0.45,5.58,8.07,-0,12.94,0,-0.01,0.02,-0.02,14.9,7.45,14.7,19.61,93,22.07,1013.44,14.65,613.1,1,376.63,224,0,86,-,29.8,23.53,745.5,19.61,26.83,1,50.59,-7.03,0,0.78,-,0.46,6,21.43,290.15,-5.79,-35.2,20,0.16,-,32,0,11.63,8.6,2.74,0,32.86,0.09,0.86,2.75,864,0.23,0,12.94,6,-,11.63,8.6,32.86,3.95,733.36,541.67,191.69,-11.07,14.34,14.5,26
Mon Sep 26 06:48:07 GMT-03:00 2022,26-Sep-2022 06:48:08.422,-35.20319696166937,-5.793959004125695,0.059146907180547714,6.0,21.550600977218277,290.15966796875,-0.4,5.59,8.17,0.01,12.94,0,-0.01,0.03,-0.01,14.9,7.45,14.7,19.61,93,22.03,1013.46,14.65,612.3,1,373.68,224,0,86,-,29.41,23.53,763,19.61,26.85,1.01,50.2,-7.03,3.12,3.91,-,0.46,6,21.55,290.16,-5.79,-35.2,20,0.21,-,32,0,11.63,8.6,2.77,0,32.85,0.26,0.83,2.75,865,0.21,0,13.33,5,-,11.63,8.6,32.85,3.95,734.43,541.67,192.76,-11.1,14.28,14.5,25
Mon Sep 26 06:48:08 GMT-03:00 2022,26-Sep-2022 06:48:09.420,-35.20319696166937,-5.793959004125695,0.07423139363527298,6.0,21.847080669485642,290.1690979003906,-0.45,5.61,8.17,0.01,12.94,0.01,-0.01,0.03,-0.01,14.9,7.45,14.7,19.61,93,21.99,1013.48,14.65,612.3,1,373.65,224,0,86,-,30.2,23.92,779.5,19.61,26.87,1.06,50.2,-7.03,2.34,1.56,-,0.46,6,21.85,290.17,-5.79,-35.2,20,0.27,-,32,0,11.63,8.6,2.91,0,32.85,0.81,0.82,2.75,867,0.27,0,13.33,4.5,-,11.63,8.6,32.85,3.95,735.21,541.67,193.54,-11,14.28,14.5,25
Mon Sep 26 06:48:09 GMT-03:00 2022,26-Sep-2022 06:48:10.418,-35.20319696166937,-5.793959004125695,0.06402146816253662,6.0,21.896091039653705,290.1745300292969,-0.36,5.58,8.11,0,12.94,0,0,0.03,-0.01,14.9,7.45,14.7,19.61,93,21.95,1013.47,14.65,612.3,1,379.45,224,0,86,-,29.8,23.92,760.5,19.61,26.89,1.03,50.98,-7.03,-1.56,1.56,-,0.46,6,21.9,290.17,-5.79,-35.2,19,0.23,-,32,0,11.63,8.6,2.83,0,32.85,0.81,0.82,2.75,868,0.23,0,13.33,5,-,11.63,8.6,32.85,3.95,736.41,541.67,194.74,-11.18,14.2,14.4,25
Mon Sep 26 06:48:10 GMT-03:00 2022,26-Sep-2022 06:48:11.419,-35.20319696166937,-5.793959004125695,0.052993666380643845,6.0,21.979547876796317,290.18060302734375,-0.49,5.61,8.12,0,12.94,0,-0.01,0.03,-0.01,14.9,7.45,14.7,19.61,93,21.95,1013.46,14.65,610.8,1,379.45,224,0,86,-,29.8,24.71,760.5,19.61,26.89,1.03,50.98,-7.03,-1.56,-2.34,-,0.46,6,21.98,290.18,-5.79,-35.2,19,0.23,-,32,0,11.63,8.6,2.83,0,32.85,0.76,0.81,3.14,869,0.19,0,13.33,5,-,11.63,8.6,32.85,3.95,737.4,541.67,195.73,-11.18,14.2,14.4,25
Mon Sep 26 06:48:11 GMT-03:00 2022,26-Sep-2022 06:48:12.419,-35.20319696166937,-5.793959004125695,0.060567982494831085,6.0,22.127093279796338,290.1888427734375,-0.41,5.59,8.11,0,13.73,0,0,0.03,-0.01,14.9,7.45,14.7,19.61,93,21.91,1013.51,14.65,609.9,1,379.42,224,0,86,-,33.33,30.98,769.5,19.61,26.92,1.22,50.98,-5.47,-0.78,0,-,0.46,6,22.13,290.19,-5.79,-35.2,20,0.19,-,32,0,11.63,8.6,3.33,0,32.85,0.08,0.81,3.92,869,0.22,0,13.33,3,-,11.63,8.6,32.85,3.95,738.42,541.67,196.75,-10.46,14.12,13.8,26
Mon Sep 26 06:48:12 GMT-03:00 2022,26-Sep-2022 06:48:13.419,-35.20319696166937,-5.793959004125695,0.05108353868126869,6.0,22.05687596654217,290.20245361328125,-0.26,5.98,7.75,-0,13.33,0,0,0.06,-0.05,14.9,7.45,14.7,19.61,93,21.87,1013.46,14.65,609.9,1,379.39,224,0,86,-,38.04,31.76,815.5,19.61,26.94,1.37,50.98,-5.47,3.12,3.12,-,0.46,6,22.06,290.2,-5.79,-35.2,19,0.22,-,32,0,11.63,8.6,3.74,0,32.84,0.14,0.8,3.14,870,0.18,0,13.73,3,-,11.63,8.6,32.84,3.95,739.42,541.67,197.75,-10,13.16,13.4,27
Mon Sep 26 06:48:13 GMT-03:00 2022,26-Sep-2022 06:48:14.418,-35.20319696166937,-5.793959004125695,0.08622857928276062,6.0,22.258568657213722,290.20452880859375,-0.43,6.53,7.44,0.01,15.69,0,-0.01,0.11,-0.08,14.9,7.45,14.7,19.61,93,21.83,1013.48,14.65,608,1,382.28,224,0,86,-,46.27,31.76,702,19.61,26.97,1.6,51.37,-4.69,1.56,0.78,-,0.47,6,22.26,290.2,-5.79,-35.2,20,0.31,-,32,0,11.63,8.6,4.38,0,32.84,0.84,0.8,5.88,871,0.31,0,15.69,12,-,11.63,8.6,32.84,3.95,740.42,541.67,198.75,-9.52,14.28,14.5,29
Mon Sep 26 06:48:14 GMT-03:00 2022,26-Sep-2022 06:48:15.420,-35.203233180092205,-5.793970104757254,0.4393821358680725,6.0,22.329198611357867,290.2138671875,-0.54,6.3,7.63,0.01,15.69,0.01,-0.02,0.1,-0.06,23.53,12.16,14.7,19.61,93,21.8,1013.47,14.65,608,1,382.24,224,0,86,2.14,52.55,40,1205.5,19.61,27.02,2.68,51.37,-4.69,-4.69,-1.56,-,0.47,6,22.33,290.21,-5.79,-35.2,21,3.42,2.87,32,0,11.62,8.6,7.33,0,32.84,0.09,0.8,5.88,873,1.58,5,17.65,17,16.92,11.62,8.6,32.84,3.95,741.38,542.04,199.34,-4.67,14.26,14.5,38
Mon Sep 26 06:48:15 GMT-03:00 2022,26-Sep-2022 06:48:16.419,-35.20324536917747,-5.793966099884211,1.3308782577514648,6.0,22.344737058097273,290.0613098144531,-1.12,7.25,7.05,0.03,17.65,0.05,-0.01,0.16,-0.05,30.2,15.29,14.7,19.61,93,21.78,1013.45,14.65,606.6,1,373.46,224,0,86,3.34,65.49,47.06,1762.5,19.61,27.13,5.13,50.2,-3.91,0.78,-1.56,-,0.47,6,22.34,290.06,-5.79,-35.2,21,4.21,4.48,32,0.97,11.61,8.62,14.05,2.75,32.79,0.09,0.86,7.84,874,4.79,9,21.96,20,18.09,11.61,8.62,32.79,3.95,742.41,543.07,199.34,-3.51,14.26,14.5,48
Mon Sep 26 06:48:16 GMT-03:00 2022,26-Sep-2022 06:48:17.419,-35.20326720839709,-5.793957460020836,2.386596441268921,6.0,22.23496165723148,290.18133544921875,-1.07,6.95,7.6,0.05,22.35,0,-0.08,0.04,-0.03,30.98,13.73,14.7,19.61,93,21.78,1013.49,14.65,606.6,1,373.46,224,0,86,3.34,65.49,60.78,1762.5,19.61,27.13,5.13,50.2,-3.12,0.78,2.34,-,0.47,6,22.23,290.18,-5.79,-35.2,19,4.21,4.48,32,0.97,11.61,8.62,14.05,2.75,32.79,0.19,0.81,12.55,874,8.59,9,21.96,20,18.09,11.61,8.62,32.79,3.95,743.34,543.99,199.34,-3.51,14.28,14.5,48
Mon Sep 26 06:48:17 GMT-03:00 2022,26-Sep-2022 06:48:18.419,-35.20330299705076,-5.793944327679951,3.9072484970092773,6.0,22.237545454785955,290.40765380859375,-1.07,5.66,7.93,-0,22.35,0,-0.07,0.03,-0.03,30.98,13.73,14.7,19.61,93,21.78,1013.43,14.65,606.6,1,369.95,224,0,85,10.14,42.35,60.78,1627.5,19.61,27.24,3.99,49.8,-3.12,0,-0.78,-,0.47,6,22.24,290.41,-5.79,-35.2,19,3.93,13.6,32,2.26,11.59,8.63,10.91,6.38,32.74,0.67,0.77,12.55,875,14.07,18,15.29,2,59.49,11.59,8.63,32.74,3.96,744.39,545.05,199.34,-8.73,14.22,14.5,46
Mon Sep 26 06:48:18 GMT-03:00 2022,26-Sep-2022 06:48:19.418,-35.20334890845987,-5.793926930066644,5.083205223083496,6.0,22.337347411486956,290.59027099609375,-0.42,3.65,8.03,-0.1,14.12,-0.02,0,-0.18,0.06,14.9,7.45,14.7,19.61,93,21.77,1013.5,14.65,608.5,1,366.52,224,0,85,10.14,20.39,23.53,1316,19.61,27.27,1.14,49.41,-3.91,0,-0.78,-,0.47,6,22.34,290.59,-5.79,-35.2,19,1.3,13.6,32,15.84,11.6,8.62,3.11,44.74,32.76,0.67,0.77,4.31,877,18.3,17,15.29,2,59.49,11.6,8.62,32.76,3.96,745.42,546.08,199.34,-12.82,14.22,14.5,37
Mon Sep 26 06:48:19 GMT-03:00 2022,26-Sep-2022 06:48:20.419,-35.203392184532376,-5.793910429757808,4.952878952026367,6.0,22.334227592445032,290.23590087890625,0.22,6.11,8.96,0.1,12.16,0.1,0.05,0.08,0.06,21.57,10.98,14.7,19.61,93,21.77,1013.49,14.65,609,1,366.52,224,0,85,10.14,20.39,22.35,1316,19.61,27.27,1.14,49.41,-7.03,0,0.78,-,0.47,6,22.33,290.24,-5.79,-35.2,20,1.3,13.6,32,15.84,11.6,8.62,3.11,44.74,32.76,0.1,0.77,2.35,877,17.83,17,12.94,5,59.49,11.6,8.62,32.76,3.96,746.37,547.03,199.34,-12.82,14.3,14.5,37
Mon Sep 26 06:48:20 GMT-03:00 2022,26-Sep-2022 06:48:21.419,-35.203427632635325,-5.793896580700471,4.169379711151123,6.0,22.399485772116698,290.3870544433594,-0.27,6.47,7.77,0.03,12.16,0.03,0,0.1,-0.02,21.57,10.98,14.7,19.61,93,21.76,1013.48,14.65,609.5,1,369.67,224,0,85,10.14,30.98,22.35,1515,19.61,27.32,2.11,49.8,-3.12,-3.91,-4.69,-,0.47,6,22.4,290.39,-5.79,-35.2,21,0.01,13.6,32,8.06,11.59,8.63,5.77,22.77,32.74,0.69,0.76,8.63,878,15.01,15,16.86,18.5,59.49,11.59,8.63,32.74,3.97,747.42,548.07,199.34,-10.46,14.28,14.5,35
Mon Sep 26 06:48:21 GMT-03:00 2022,26-Sep-2022 06:48:22.418,-35.203461684272575,-5.793882831163169,4.344361782073975,6.0,22.21592716662997,291.5849609375,-0.06,5.95,7.52,-0.03,18.43,-0.02,0.02,0.06,-0.07,25.1,11.76,14.7,19.61,93,21.75,1013.45,14.65,609.5,1,369.47,224,0,85,4.41,42.35,43.53,1788.5,19.61,27.39,3.29,49.8,-3.12,-4.69,-4.69,-,0.47,6,22.22,291.58,-5.79,-35.2,20,2.36,5.92,32,4.57,11.58,8.64,8.99,12.9,32.71,0.69,0.76,8.63,880,15.64,18,16.86,18.5,23.56,11.58,8.64,32.71,3.97,748.43,549.09,199.34,-8.98,14.28,14.5,36
Mon Sep 26 06:48:22 GMT-03:00 2022,26-Sep-2022 06:48:23.419,-35.20350396358337,-5.793864032146749,4.97511100769043,6.0,22.246329649978996,293.4614562988281,-0.35,6.14,7.14,-0.04,16.86,-0.02,0,0.08,-0.09,24.31,12.55,14.7,19.61,93,21.75,1013.48,14.65,610.8,1,366.18,224,0,84,4.41,42.35,36.47,1463.5,19.61,27.46,3.72,49.41,-3.91,-4.69,-3.91,-,0.47,6,22.25,293.46,-5.79,-35.2,20,2.36,5.92,32,4.83,11.57,8.64,10.19,13.65,32.68,0.24,0.76,6.67,881,17.91,18,16.47,24,23.56,11.57,8.64,32.68,3.97,749.41,550.07,199.34,-9.2,14.22,14.5,36
Mon Sep 26 06:48:23 GMT-03:00 2022,26-Sep-2022 06:48:24.419,-35.20354985714494,-5.793844907270035,5.486365795135498,6.0,22.361616790145067,293.91650390625,-0.47,6.19,7.5,-0.01,18.04,0,-0.01,0.09,-0.07,25.49,12.94,14.7,19.61,93,21.75,1013.44,14.65,610.8,1,365.81,224,0,84,3.37,53.73,46.67,1463.5,19.61,27.52,3.26,49.41,-3.12,1.56,-0.78,-,0.47,6,22.36,293.92,-5.79,-35.2,21,2.09,4.52,32,6.14,11.56,8.65,8.91,17.35,32.65,0.79,0.76,7.84,882,19.75,20,18.04,19.5,22.01,11.56,8.65,32.65,3.98,750.42,551.08,199.34,-8.83,14.2,14.5,37
Mon Sep 26 06:48:24 GMT-03:00 2022,26-Sep-2022 06:48:25.418,-35.20360340832201,-5.79382561000926,6.121500015258789,6.0,23.058838261020384,290.8751525878906,-0.22,5.76,8.26,0.02,14.51,-0.08,0,0,-0.11,19.61,10.2,14.7,19.61,93,21.75,1013.49,14.65,613.1,1,365.81,224,0,84,7.11,51.37,26.67,1494,19.61,27.52,3.26,49.41,-3.91,-0.78,-3.12,-,0.47,6,23.06,290.88,-5.79,-35.2,21,3.25,9.53,32,6.14,11.56,8.65,8.91,17.35,32.65,0.78,0.75,4.71,883,22.04,23,16.47,20,45.42,11.56,8.65,32.65,3.99,751.42,552.08,199.34,-8.83,14.26,14.5,37
Mon Sep 26 06:48:25 GMT-03:00 2022,26-Sep-2022 06:48:26.418,-35.203659724142845,-5.793808020998162,6.716405391693115,6.0,23.1747729317189,287.5693359375,-0.23,5.83,7.32,-0.05,17.65,-0.04,0,0.05,-0.09,25.1,12.94,14.7,19.61,93,21.75,1013.46,14.65,613.1,1,362.61,224,0,84,2.28,34.9,26.67,1365,19.61,27.55,1.71,49.02,-3.91,-5.47,-4.69,-,0.47,6,23.17,287.57,-5.79,-35.2,22,1.96,3.06,32,13.42,11.56,8.65,4.69,37.91,32.66,0.08,0.75,7.45,883,24.18,24,18.04,21,15.97,11.56,8.65,32.66,3.99,752.4,553.05,199.34,-11.65,14.26,14.5,33
Mon Sep 26 06:48:26 GMT-03:00 2022,26-Sep-2022 06:48:27.419,-35.203717803646924,-5.793788083259604,6.995241641998291,6.0,23.577700825575413,289.5385437011719,-0.23,6.09,8.29,0.05,16.86,0,-0.01,0.06,-0.04,22.75,7.45,14.7,19.61,93,21.76,1013.47,14.65,614.9,1,362.71,224,0,84,2.47,56.08,46.27,1487.5,19.61,27.61,3.72,49.02,-3.12,1.56,3.12,-,0.48,6,23.58,289.54,-5.79,-35.2,20,0.82,3.31,32,6.44,11.55,8.66,10.19,18.2,32.63,0.21,0.75,6.67,884,25.18,25,18.04,18.5,15.86,11.55,8.66,32.63,4,753.4,554.06,199.34,-7.51,14.26,14.5,37
Mon Sep 26 06:48:27 GMT-03:00 2022,26-Sep-2022 06:48:28.417,-35.203779451368504,-5.793765286796594,7.401055335998535,6.0,23.74583005867582,290.08856201171875,-0.52,4.48,8.42,-0.03,16.86,-0.02,-0.02,-0.08,0.01,22.75,7.45,14.7,19.61,93,21.77,1013.48,14.65,614.9,1,362.44,224,0,84,2.29,31.76,40.78,1502,19.61,27.65,2.21,49.02,-3.12,-4.69,-5.47,-,0.48,6,23.75,290.09,-5.79,-35.2,20,0.64,3.07,32,11.31,11.55,8.66,6.05,31.94,32.63,0.74,0.75,6.67,885,26.64,26,14.51,0.5,14.58,11.55,8.66,32.63,4,754.39,555.04,199.34,-10.76,14.3,14.5,34
Mon Sep 26 06:48:28 GMT-03:00 2022,26-Sep-2022 06:48:29.418,-35.20383836495805,-5.793742382339954,7.1353654861450195,6.0,23.759964491225002,290.1646423339844,-0.17,5.39,8.37,0.01,13.33,0.02,0,0,0.02,14.9,7.45,14.7,19.61,93,21.76,1013.49,14.65,615.6,1,362.42,224,0,84,2.29,22.35,21.18,1085.5,19.61,27.68,1.07,49.02,-4.69,-2.34,-1.56,-,0.48,6,23.76,290.16,-5.79,-35.2,21,4.69,3.07,32,24.2,11.57,8.64,2.94,68.35,32.69,0.09,0.75,3.53,887,25.69,21,13.33,1.5,14.58,11.57,8.64,32.69,4.01,755.43,556.09,199.34,-12.78,14.22,14.5,29
Mon Sep 26 06:48:29 GMT-03:00 2022,26-Sep-2022 06:48:30.417,-35.203886076829455,-5.79372377893088,5.660975933074951,6.0,23.602081388125264,290.4864807128906,-0.65,5.02,8.15,-0.02,12.94,-0.02,-0.03,-0.02,-0.01,14.9,7.45,14.7,19.61,93,21.76,1013.48,14.65,615.6,1,363.1,224,0,84,2.29,32.55,27.84,987.5,19.61,27.7,1.26,49.02,-7.03,1.56,-1.56,-,0.48,6,23.6,290.49,-5.79,-35.2,21,0.38,3.07,32,16.7,11.58,8.63,3.44,47.19,32.72,0.09,0.75,3.14,888,20.38,20,13.33,11,14.58,11.58,8.63,32.72,4.02,756.38,557.03,199.34,-11.62,14.22,14.5,27
Mon Sep 26 06:48:30 GMT-03:00 2022,26-Sep-2022 06:48:31.417,-35.20393330047967,-5.7937045867360695,5.660958290100098,6.0,23.45148743250342,290.4910888671875,-0.65,5.78,7.83,-0.01,20.78,-0.03,-0.13,0.03,-0.09,27.06,13.73,14.7,19.61,93,21.76,1013.48,14.65,615.9,1,363.38,224,0,84,1.97,32.55,53.73,1846.5,19.61,27.78,4.62,49.02,-3.12,1.56,-1.56,-,0.48,6,23.45,290.49,-5.79,-35.2,20,0.62,2.64,32,4.33,11.57,8.64,12.63,12.24,32.68,0.87,0.75,10.98,889,20.38,21,19.22,11,10.18,11.57,8.64,32.68,4.02,757.4,558.06,199.34,-2.43,14.28,14.5,41
Mon Sep 26 06:48:31 GMT-03:00 2022,26-Sep-2022 06:48:32.417,-35.2039839119681,-5.79368645152897,5.864069938659668,6.0,23.59011668374232,288.9367370605469,-0.42,5.79,8.28,0.03,14.9,0.03,-0.01,0.05,0,14.9,7.45,14.7,19.61,93,21.76,1013.45,14.65,617.1,1,363.38,224,0,84,1.97,53.73,26.27,1846.5,19.61,27.78,4.62,49.02,-3.91,-0.78,-3.12,-,0.48,6,23.59,288.94,-5.79,-35.2,20,0.62,2.64,32,4.33,11.57,8.64,12.63,12.24,32.68,0.76,0.81,5.1,889,21.11,21,17.25,0.5,10.18,11.57,8.64,32.68,4.02,758.42,559.07,199.34,-2.43,14.22,14.4,41
Mon Sep 26 06:48:32 GMT-03:00 2022,26-Sep-2022 06:48:33.419,-35.20403727615247,-5.793668644191496,5.955004692077637,6.0,23.615680304160914,287.68280029296875,-0.49,6.05,7.06,-0.05,20,0.01,0.06,0.08,-0.04,23.53,12.16,14.7,19.61,93,21.76,1013.5,14.65,617.1,1,362.99,224,0,84,1.97,57.65,48.63,1551.5,19.61,27.88,4.69,49.02,-3.12,-2.34,0,-,0.48,6,23.62,287.68,-5.79,-35.2,19,0.11,2.64,32,4.48,11.56,8.65,12.83,12.65,32.65,0.08,0.8,10.59,890,21.44,21,21.18,15,10.18,11.56,8.65,32.65,4.03,759.39,560.05,199.34,-8.01,14.26,14.3,42
Mon Sep 26 06:48:33 GMT-03:00 2022,26-Sep-2022 06:48:34.417,-35.20409073539093,-5.79365020967981,6.196107387542725,6.0,23.469131792273913,288.4588928222656,0.64,6.45,8.07,0.05,20,0.07,-0.02,0.12,0,23.53,12.16,14.7,19.61,93,21.76,1013.44,14.65,621.2,1,362.61,225,0,84,4.4,62.75,48.63,1793,19.61,27.99,5.89,49.02,-3.12,1.56,2.34,-,0.48,6,23.47,288.46,-5.79,-35.2,20,0.69,5.9,32,3.57,11.54,8.66,16.11,10.08,32.61,0.23,0.78,10.59,891,22.31,23,21.18,21,23.42,11.54,8.66,32.61,4.03,760.39,561.04,199.34,-4.73,14.26,14.5,48
Mon Sep 26 06:48:34 GMT-03:00 2022,26-Sep-2022 06:48:35.417,-35.204151085399175,-5.793629359244992,7.027284145355225,6.0,23.260236873309502,289.5518798828125,-0.09,5.49,6.75,-0.12,20,-0.08,0.06,0.08,-0.17,27.06,13.73,14.7,19.61,93,21.77,1013.46,14.65,621.2,1,362.19,225,0,84,7.39,59.22,49.41,1807,19.61,28.07,4.8,49.02,-3.12,1.56,-1.56,-,0.48,6,23.26,289.55,-5.79,-35.2,20,0.7,9.91,31,4.79,11.53,8.67,13.13,13.54,32.58,0.8,0.77,10.59,892,25.3,26,19.61,20,39.06,11.53,8.67,32.58,4.04,761.4,562.06,199.34,-7.65,14.22,14.5,48
Mon Sep 26 06:48:35 GMT-03:00 2022,26-Sep-2022 06:48:36.416,-35.204215799144684,-5.793604879303878,7.586991310119629,6.0,22.933573992485304,290.621826171875,-1.18,5.69,7.21,-0.06,17.65,-0.05,0.04,0.07,-0.12,25.49,13.33,14.7,19.61,93,21.78,1013.42,14.65,625,1,361.83,225,0,84,6.81,56.86,47.06,1462.5,19.61,28.16,3.8,49.02,-3.12,-1.56,-1.56,-,0.49,6,22.93,290.62,-5.79,-35.2,23,1.69,9.13,31,6.83,11.53,8.68,10.41,19.3,32.56,0.8,0.77,7.84,894,27.31,29,19.61,20,44.43,11.53,8.68,32.56,4.05,762.4,563.06,199.34,-9.16,14.22,14.5,45
Mon Sep 26 06:48:36 GMT-03:00 2022,26-Sep-2022 06:48:37.417,-35.20428505709822,-5.793578191341167,8.112364768981934,6.0,22.58825276477594,291.2585754394531,-0.34,5.22,7.06,-0.11,16.47,0,0.06,0.06,-0.04,22.75,11.76,14.7,19.61,93,21.78,1013.41,14.65,625,1,361.83,225,0,84,6.81,56.86,42.75,1462.5,19.61,28.16,3.8,49.02,-3.91,-1.56,-3.12,-,0.49,6,22.59,291.26,-5.79,-35.2,22,1.69,9.13,31,6.83,11.53,8.68,10.41,19.3,32.56,0.77,0.76,6.67,895,29.2,29,17.65,18.5,44.43,11.53,8.68,32.56,4.05,763.4,564.05,199.34,-9.16,14.16,14.5,45
Mon Sep 26 06:48:37 GMT-03:00 2022,26-Sep-2022 06:48:38.417,-35.20436189076662,-5.79355181338486,8.520036697387695,6.0,22.95209904973784,290.4241638183594,-0.54,4.94,7.89,-0.05,12.94,0.02,0.02,0.03,0,20,10.2,14.7,19.61,93,21.79,1013.45,14.65,628.7,1,358.68,225,0,84,2.47,34.9,17.25,1272.5,19.61,28.2,1.9,48.63,-5.47,-5.47,-6.25,-,0.49,6,22.95,290.42,-5.79,-35.2,22,0.8,3.31,32,15.29,11.53,8.67,5.19,43.19,32.57,0.83,0.76,2.75,895,30.67,30,13.33,-2.5,18.51,11.53,8.67,32.57,4.06,764.39,565.04,199.34,-11.27,14.22,14.5,39
Mon Sep 26 06:48:38 GMT-03:00 2022,26-Sep-2022 06:48:39.417,-35.20443563544608,-5.793524432839539,8.49431037902832,6.0,23.119463277553624,290.2283935546875,-1.13,5.89,7.87,0.01,16.08,0.03,0,0.1,-0.03,20.39,10.2,14.7,19.61,93,21.81,1013.44,14.65,628.7,1,358.88,225,0,84,2.47,33.33,17.25,1280,19.61,28.24,2.37,48.63,-3.91,-5.47,-4.69,-,0.49,6,23.12,290.23,-5.79,-35.2,22,1.67,3.31,32,12.65,11.53,8.67,6.49,35.73,32.58,0.07,0.76,6.27,896,30.58,29,16.86,23,18.51,11.53,8.67,32.58,4.07,765.39,566.04,199.34,-9.77,14.26,14.5,38
Mon Sep 26 06:48:39 GMT-03:00 2022,26-Sep-2022 06:48:40.418,-35.2045096655575,-5.793495564638004,8.441027641296387,6.0,22.867433916843904,290.4674377441406,-0.43,4.75,7.76,-0.07,16.08,-0.06,0.03,-0.03,-0.06,20.39,10.59,14.7,19.61,93,21.82,1013.43,14.65,629.8,1,358.94,225,0,84,2.68,32.16,30.59,1306.5,19.61,28.28,2.23,48.63,-5.47,0.78,-0.78,-,0.49,6,22.87,290.47,-5.79,-35.2,20,0.39,3.6,32,12.99,11.54,8.67,6.11,36.69,32.59,0.81,0.76,2.75,897,30.39,30,13.73,-1,19.62,11.54,8.67,32.59,4.07,766.41,567.06,199.34,-10.09,14.28,14.4,36
Mon Sep 26 06:48:40 GMT-03:00 2022,26-Sep-2022 06:48:41.419,-35.20458004051247,-5.793466977123957,8.392066955566406,6.0,22.443565632884766,293.12628173828125,1.08,6,8.22,0.04,12.94,-0.08,-0.04,0.02,-0.12,17.25,9.02,14.7,19.61,93,21.83,1013.45,14.65,629.8,1,359.02,225,0,84,2.68,19.22,16.08,1286,19.61,28.3,1.18,48.63,-4.69,-3.91,-4.69,-,0.49,6,22.44,293.13,-5.79,-35.2,21,2.21,3.6,32,25.49,11.56,8.65,3.22,72.01,32.65,0.59,0.76,2.75,899,30.21,28,13.33,2,19.62,11.56,8.65,32.65,4.08,767.38,568.03,199.34,-12.29,14.26,14.4,31
Mon Sep 26 06:48:41 GMT-03:00 2022,26-Sep-2022 06:48:42.417,-35.204644571802866,-5.793438564261023,7.822333335876465,6.0,22.215018492200638,295.4263610839844,-0.99,5.65,8.05,0.01,14.9,0.08,-0.11,-0.01,0.08,21.57,10.98,14.7,19.61,93,21.84,1013.43,14.65,629.8,1,359.75,225,0,84,2.68,32.94,27.06,1267,19.61,28.34,1.98,48.63,-4.69,0,0.78,-,0.49,6,22.22,295.43,-5.79,-35.2,23,0.16,3.6,32,14.16,11.56,8.65,5.41,40,32.67,0.12,0.76,5.1,900,28.16,28,14.51,21,19.62,11.56,8.65,32.67,4.09,768.38,569.04,199.34,-10.63,14.26,14.5,30
Mon Sep 26 06:48:42 GMT-03:00 2022,26-Sep-2022 06:48:43.416,-35.204706976784664,-5.7934087434886745,7.670550346374512,6.0,21.990461589855,295.46484375,-2.1,4.4,8.7,0.01,12.94,0.12,-0.18,0.12,0.03,14.9,7.45,14.7,19.61,93,21.85,1013.49,14.65,629.8,1,359.88,225,0,84,-,19.22,17.65,1227.5,19.61,28.36,1.07,48.63,-4.69,-2.34,0.78,-,0.49,6,21.99,295.46,-5.79,-35.2,22,0.61,-,32,26.06,11.59,8.63,2.94,73.61,32.73,0.12,0.76,3.92,901,27.61,27,13.33,-1.5,-,11.59,8.63,32.73,4.1,769.4,570.05,199.34,-12.43,14.26,14.5,26
Mon Sep 26 06:48:43 GMT-03:00 2022,26-Sep-2022 06:48:44.417,-35.20477117179087,-5.793380429317562,7.637907981872559,6.0,22.147228748271225,294.1095275878906,-1.57,2.78,10.83,0.15,12.94,0.15,-0.48,-0.09,0.09,14.9,7.45,14.7,19.61,93,21.85,1013.43,14.65,629.8,1,360.64,225,0,84,-,19.22,15.69,1180,19.61,28.38,1.11,48.63,-6.25,-0.78,0,-,0.49,6,22.15,294.11,-5.79,-35.2,19,2.5,-,32,24.22,11.61,8.61,3.05,68.42,32.79,0.08,0.76,3.14,902,27.5,25,13.33,-13,-,11.61,8.61,32.79,4.1,770.42,571.08,199.34,-12.27,14.26,14.5,24
Mon Sep 26 06:48:44 GMT-03:00 2022,26-Sep-2022 06:48:45.417,-35.204829460390535,-5.793356068551644,6.981673717498779,6.0,22.100415516673955,292.8750305175781,-0.88,4.02,10.17,0.12,12.94,-0.04,-0.05,-0.13,0.01,14.9,7.45,15.25,19.61,93,21.85,1013.5,14.65,629.8,1.04,361.3,225,0,85,-,19.22,15.69,1217.5,19.61,28.4,1.13,48.63,-6.25,-0.78,0,-,0.49,6,22.1,292.88,-5.79,-35.2,22,7.13,-,32,22.21,11.63,8.6,3.08,62.74,32.84,0.08,0.76,3.14,903,25.13,18,13.33,-13,-,11.63,8.6,32.84,4.11,771.4,572.06,199.34,-12.15,14.26,14.5,22
Mon Sep 26 06:48:45 GMT-03:00 2022,26-Sep-2022 06:48:46.417,-35.20487557086401,-5.793336573540414,5.6411895751953125,6.0,21.869873446105306,293.0115661621094,0.25,3.75,9.69,0.06,12.55,-0.08,-0.07,-0.13,-0.03,14.9,7.45,29.4,19.61,93,21.85,1013.51,14.65,628.8,2,361.85,225,0,85,-,19.22,17.25,1217.5,19.61,28.42,1.23,48.63,-6.25,0,0,-,0.49,6,21.87,293.01,-5.79,-35.2,21,7.13,-,32,14.66,11.63,8.6,3.36,41.41,32.86,0,0.66,2.75,904,20.31,18,13.33,-12,-,11.63,8.6,32.86,4.11,772.39,573.05,199.34,-12.01,14.26,14.4,21
Mon Sep 26 06:48:46 GMT-03:00 2022,26-Sep-2022 06:48:47.417,-35.20490780137988,-5.793322620079832,4.242291450500488,6.0,21.689164247392412,293.61444091796875,-0.38,4.87,8.83,0.03,14.9,0.02,0,-0.04,0.05,14.9,7.45,13.64,19.61,93,21.83,1013.52,14.65,628,0.93,361.85,225,0,85,-,31.37,34.9,885,19.61,28.42,1.23,48.63,-5.47,0,0,-,0.49,6,21.69,293.61,-5.79,-35.2,20,9.31,-,32,14.66,11.63,8.6,3.36,41.41,32.86,0.53,0.06,5.1,904,15.27,11,14.12,12,-,11.63,8.6,32.86,4.11,773.41,574.07,199.34,-12.01,13.5,13.2,21
Mon Sep 26 06:48:47 GMT-03:00 2022,26-Sep-2022 06:48:48.417,-35.204925698893476,-5.793311344020657,2.9584991931915283,6.0,20.8151372276407,295.9360046386719,-0.47,5.55,7.98,-0.01,14.12,-0.01,-0.01,0.02,-0.04,14.9,7.45,13.4,19.61,93,21.8,1013.49,14.65,628,0.91,373.69,225,0,85,-,42.35,34.9,936,19.61,28.46,1.79,50.2,-4.69,0,0,-,0.49,6,20.82,295.94,-5.79,-35.2,20,4.65,-,32,6.13,11.62,8.6,4.91,17.32,32.83,0.88,0.1,4.31,905,10.65,6,14.51,2,-,11.62,8.6,32.83,4.12,774.41,575.07,199.34,-9.35,14.2,14.4,24
Mon Sep 26 06:48:48 GMT-03:00 2022,26-Sep-2022 06:48:49.417,-35.20493896788413,-5.793304261929206,1.829017162322998,6.0,20.5653972073385,300.9078369140625,-0.41,5.54,8.54,0.04,14.12,0.03,0,0.02,0.02,14.9,7.45,13.39,19.61,93,21.78,1013.52,14.65,625.7,0.91,373.39,225,0,85,-,42.75,34.12,876.5,19.61,28.49,1.73,50.2,-5.47,0,0,-,0.49,6,20.57,300.91,-5.79,-35.2,18,0.58,-,32,3.46,11.61,8.61,4.74,9.78,32.79,0.88,0.12,3.92,906,6.58,6,14.51,0,-,11.61,8.61,32.79,4.12,775.39,576.05,199.34,-9.81,14.22,14.4,26
Mon Sep 26 06:48:49 GMT-03:00 2022,26-Sep-2022 06:48:50.418,-35.20495528068742,-5.793294836157634,1.957075834274292,6.0,20.393821612958934,310.0339660644531,0.74,5.79,7.75,-0.01,14.12,-0.02,0.09,0.04,-0.06,14.9,7.45,13.38,19.61,93,21.75,1013.47,14.65,625.7,0.91,372.96,225,0,85,-,41.57,33.33,880.5,19.61,28.51,1.7,50.2,-4.69,0,0,-,0.49,6,20.39,310.03,-5.79,-35.2,21,1.05,-,32,3.52,11.6,8.62,4.66,9.95,32.76,0.88,0.12,7.06,907,7.05,6,14.51,6,-,11.6,8.62,32.76,4.12,776.4,577.05,199.34,-9.57,14.26,14.5,28
Mon Sep 26 06:48:50 GMT-03:00 2022,26-Sep-2022 06:48:51.418,-35.2049646114516,-5.7932765283627905,1.8510700464248657,6.0,20.242487930967712,323.10284423828125,0.91,6.41,7.47,0.01,16.86,0,0.12,0.11,-0.08,21.96,11.37,14.59,19.61,93,21.73,1013.49,14.65,621,0.99,372.52,225,0,85,0.66,51.37,45.49,1351.5,19.61,28.57,3.24,50.2,-3.91,0,0,-,0.49,6,20.24,323.1,-5.79,-35.2,20,0.34,0.89,32,1.85,11.58,8.64,8.86,5.23,32.71,0.85,0.88,7.06,908,6.66,7,17.25,18.5,4.69,11.58,8.64,32.71,4.12,777.42,578.08,199.34,-5.03,14.28,14.5,38
Mon Sep 26 06:48:51 GMT-03:00 2022,26-Sep-2022 06:48:52.417,-35.20497867512014,-5.793256647115189,2.51297664642334,6.0,20.057392097222436,337.9712219238281,1.47,5.68,7.88,-0,18.04,0.03,0.2,0.11,-0.05,24.71,12.94,14.59,19.61,93,21.7,1013.45,14.65,621,0.99,372,225,0,85,0.8,54.51,45.88,1450.5,19.61,28.64,3.94,50.2,-3.91,0,0,-,0.49,6,20.06,337.97,-5.79,-35.2,21,1.05,1.07,32,1.78,11.56,8.65,10.77,5.02,32.66,0.85,0.88,7.84,910,9.05,8,18.82,21,5.26,11.56,8.65,32.66,4.12,778.41,579.06,199.34,-7.03,14.28,14.5,41
Mon Sep 26 06:48:52 GMT-03:00 2022,26-Sep-2022 06:48:53.417,-35.204988875942,-5.793228775019715,3.0139081478118896,6.0,20.091978365911235,355.02056884765625,2.07,6.4,7.6,0.03,18.04,-0.07,0.27,0.02,-0.15,23.53,12.16,14.7,19.61,93,21.69,1013.45,14.65,618,1,356.97,225,0,85,2.69,49.8,43.14,1539.5,19.61,28.72,3.62,48.24,-3.12,-1.56,0.78,-,0.5,6,20.09,355.02,-5.79,-35.2,22,0.15,3.6,32,2.21,11.55,8.66,9.91,6.24,32.62,0.11,0.82,8.24,911,10.85,11,18.82,21,16.66,11.55,8.66,32.62,4.13,779.41,580.07,199.34,-8.12,14.2,14.5,42
Mon Sep 26 06:48:53 GMT-03:00 2022,26-Sep-2022 06:48:54.420,-35.20499061008265,-5.793197740429031,3.5123329162597656,6.0,20.198837003429183,16.876995086669922,-0.42,6.49,6.9,-0.04,16.47,0.03,0.09,0.11,-0.04,22.35,11.37,14.7,19.61,93,21.69,1013.45,14.65,618,1,356.5,225,0,85,2.69,49.8,35.69,1524.5,19.61,28.79,4.15,48.24,-3.91,-1.56,-3.12,-,0.5,6,20.2,16.88,-5.79,-35.2,23,0.15,3.6,32,2.65,11.53,8.67,11.36,7.48,32.58,0.71,0.79,6.67,912,12.64,11,17.25,21,16.66,11.53,8.67,32.58,4.13,780.4,581.06,199.34,-7.6,14.3,14.5,43
Mon Sep 26 06:48:54 GMT-03:00 2022,26-Sep-2022 06:48:55.417,-35.20497720299038,-5.793165086662966,4.178130626678467,6.0,19.79729337469785,31.09076499938965,0.59,7.68,6.68,0.04,18.43,0.02,0.02,0.26,-0.21,25.88,13.33,14.7,19.61,93,21.67,1013.44,14.65,617.2,1,356.5,225,0,85,2.51,51.37,43.92,1524.5,19.61,28.79,4.15,47.06,-3.12,1.56,3.12,-,0.5,6,19.8,31.09,-5.79,-35.2,21,0.36,3.36,33,2.65,11.53,8.67,11.36,7.48,32.58,0.12,0.78,8.24,913,15.04,13,18.43,21,15.69,11.53,8.67,32.58,4.13,781.43,582.08,199.34,-7.6,14.22,14.5,43
Mon Sep 26 06:48:55 GMT-03:00 2022,26-Sep-2022 06:48:56.417,-35.20495202051392,-5.793128313884148,4.885278224945068,6.0,19.815038809737853,31.926193237304688,0.33,7.21,7.42,0.05,17.65,0.09,-0.15,0.01,0.07,24.31,13.33,14.7,19.61,93,21.66,1013.42,14.65,618.2,1,347.36,225,0,85,2.79,52.94,43.92,1683,19.61,28.87,4.1,47.06,-3.12,3.12,0.78,-,0.5,6,19.82,31.93,-5.79,-35.2,17,0.04,3.74,33,3.17,11.52,8.68,11.22,8.96,32.54,0.81,0.77,7.84,913,17.59,15,18.43,21,15.84,11.52,8.68,32.54,4.14,782.43,583.09,199.34,-7.59,14.2,14.5,44
Mon Sep 26 06:48:56 GMT-03:00 2022,26-Sep-2022 06:48:57.417,-35.20492550284114,-5.7930860007177465,5.353333473205566,6.0,20.18938926445909,28.774763107299805,1.02,5.56,6.75,-0.1,16.47,0.17,0.05,0.17,0.08,24.31,12.55,14.7,19.61,93,21.66,1013.45,14.65,618.2,1,344.05,225,0,85,4.58,45.1,40,1657,19.61,28.94,3.46,46.67,-3.12,-4.69,-1.56,-,0.5,6,20.19,28.77,-5.79,-35.2,19,1.27,6.14,33,4.33,11.51,8.69,9.47,12.24,32.51,0.09,0.76,6.67,914,19.27,18,17.65,22.5,26.39,11.51,8.69,32.51,4.14,783.43,584.08,199.34,-9.25,14.24,14.5,42
Mon Sep 26 06:48:57 GMT-03:00 2022,26-Sep-2022 06:48:58.417,-35.20490090675507,-5.793038900721732,5.88699197769165,6.0,19.7449575003665,26.327911376953125,-0.06,5.59,7.79,-0.03,16.47,-0.03,0.01,0.05,-0.09,23.53,12.16,14.7,19.61,93,21.65,1013.39,14.65,618.2,1,343.7,225,0,85,3.41,48.24,35.69,1731.5,19.61,29.02,3.82,46.67,-3.12,1.56,-1.56,-,0.5,6,19.74,26.33,-5.79,-35.2,15,1.19,4.57,33,4.72,11.5,8.7,10.44,13.33,32.48,0.09,0.76,6.67,916,21.19,20,17.65,22.5,18.81,11.5,8.7,32.48,4.15,784.41,585.07,199.34,-8.61,14.26,14.5,42
Mon Sep 26 06:48:58 GMT-03:00 2022,26-Sep-2022 06:48:59.419,-35.20487507624729,-5.792984317984005,6.573319911956787,6.0,19.44921297347196,25.096088409423828,-0.51,4.89,8.61,0.01,16.47,0.07,0.08,0.03,0.06,23.92,12.16,14.7,19.61,93,21.65,1013.47,14.65,621.2,1,343.37,225,0,85,4.31,45.49,39.22,1431.5,19.61,29.07,2.93,46.67,-3.12,-5.47,0,-,0.5,6,19.45,25.1,-5.79,-35.2,18,1.66,5.78,33,6.82,11.49,8.7,8.02,19.28,32.45,0.8,0.75,7.06,917,23.66,22,16.08,21,28.75,11.49,8.7,32.45,4.15,785.42,586.08,199.34,-10.21,14.26,14.4,39
Mon Sep 26 06:48:59 GMT-03:00 2022,26-Sep-2022 06:49:00.420,-35.204847008595266,-5.792927558413342,6.892800331115723,6.0,19.743038226885442,24.58491325378418,-1.21,5.25,7.22,-0.08,14.51,-0.08,-0.14,0.12,-0.24,14.9,7.45,14.7,19.61,93,21.65,1013.42,14.65,621.2,1,343.14,225,0,85,4.31,45.49,25.49,1183.5,19.61,29.09,1.14,46.67,-3.91,-5.47,-1.56,-,0.5,6,19.74,24.58,-5.79,-35.2,17,2.81,5.78,33,19.23,11.5,8.69,3.13,54.33,32.49,0.43,0.75,4.71,918,24.81,22,16.08,21,28.75,11.5,8.69,32.49,4.16,786.43,587.09,199.34,-12.55,14.2,14.5,33
Mon Sep 26 06:49:00 GMT-03:00 2022,26-Sep-2022 06:49:01.420,-35.20482420646678,-5.792876590351441,6.491888999938965,6.0,19.589147979383597,24.852556228637695,-1.01,5.78,8.26,0.03,12.16,-0.05,0.02,0.01,-0.07,14.9,7.45,14.7,19.61,93,21.65,1013.42,14.65,623,1,343.14,225,0,85,4.31,22.75,16.08,1183.5,19.61,29.09,1.14,46.67,-7.03,-4.69,-3.91,-,0.5,6,19.59,24.85,-5.79,-35.2,17,2.81,5.78,33,19.23,11.5,8.69,3.13,54.33,32.49,0.12,0.74,2.35,918,23.37,22,12.94,3.5,28.75,11.5,8.69,32.49,4.16,787.42,588.08,199.34,-12.55,14.24,14.5,33
Mon Sep 26 06:49:01 GMT-03:00 2022,26-Sep-2022 06:49:02.421,-35.20480623990233,-5.792828829215315,5.91338586807251,6.0,18.856424491740597,25.093656539916992,-0.91,4.55,8.57,-0.01,12.16,-0.06,0.13,-0.07,-0.03,14.9,7.45,14.7,19.61,93,21.65,1013.42,14.65,623.1,1,343.52,225,0,85,4.31,20.39,16.08,919.5,19.61,29.11,0.9,46.67,-7.03,-0.78,-0.78,-,0.5,6,18.86,25.09,-5.79,-35.2,19,1.29,5.78,33,24.37,11.52,8.68,2.47,68.84,32.55,0.82,0.74,2.35,919,21.29,20,12.55,8,28.75,11.52,8.68,32.55,4.17,788.41,589.07,199.34,-12.65,14.28,14.5,28
Mon Sep 26 06:49:02 GMT-03:00 2022,26-Sep-2022 06:49:03.420,-35.20478725990072,-5.79278402979278,5.512243747711182,6.0,18.34273399538723,25.513845443725586,0.2,5.39,9.22,0.09,12.16,-0.09,-0.03,-0.16,-0.01,14.9,7.45,14.7,19.61,93,21.64,1013.37,14.65,623.1,1,344.14,225,0,85,-,21.57,16.47,927.5,19.61,29.13,0.96,46.67,-7.03,-3.91,-3.91,-,0.5,6,18.34,25.51,-5.79,-35.2,20,2.84,-,33,20.81,11.54,8.67,2.63,58.78,32.59,0.85,0.74,2.35,920,19.84,17,12.94,5,-,11.54,8.67,32.59,4.17,789.13,589.79,199.34,-11.91,14.28,14.5,25
Mon Sep 26 06:49:03 GMT-03:00 2022,26-Sep-2022 06:49:04.418,-35.20476869374502,-5.792745686637085,4.631392478942871,6.0,18.423702533542887,25.198348999023438,-0.69,4.34,9.57,0.07,12.94,0,-0.04,-0.09,0.03,14.9,7.45,14.7,19.61,93,21.63,1013.45,14.65,623.1,1,347.49,225,0,85,-,37.25,20,822.5,19.61,29.16,1.9,47.06,-5.47,-3.91,-3.91,-,0.5,6,18.42,25.2,-5.79,-35.2,17,3.67,-,33,8.96,11.53,8.67,5.19,25.32,32.58,0.08,0.74,2.75,922,16.67,13,14.12,-1.5,-,11.53,8.67,32.58,4.18,790.27,590.92,199.34,-9.28,14.16,14.4,28
Mon Sep 26 06:49:04 GMT-03:00 2022,26-Sep-2022 06:49:05.420,-35.20475539789136,-5.792716768411251,3.2820560932159424,6.0,18.589297926418315,24.10270881652832,-0.79,7.13,10.04,0.26,14.12,0.3,-0.04,0.14,0.26,14.9,7.45,14.7,19.61,93,21.61,1013.44,14.65,622.7,1,347.37,225,0,85,-,43.14,30.2,885,19.61,29.19,1.87,47.06,-4.69,-0.78,-0.78,-,0.5,6,18.59,24.1,-5.79,-35.2,18,2.82,-,33,6.96,11.53,8.68,5.11,19.66,32.56,0.08,0.81,4.31,923,11.82,9,14.9,9.5,-,11.53,8.68,32.56,4.18,791.42,592.08,199.34,-8.69,14.22,14.4,31
Mon Sep 26 06:49:05 GMT-03:00 2022,26-Sep-2022 06:49:06.420,-35.20474298979124,-5.792692535556021,2.993567943572998,6.0,18.858523601332937,23.506519317626953,-1.23,7.81,9.11,0.23,14.12,0.16,0.04,0.06,0.15,14.9,7.45,14.7,19.61,93,21.59,1013.42,14.65,622.1,1,352.93,225,0,84,-,46.27,34.9,900,19.61,29.22,1.62,47.84,-3.91,1.56,-0.78,-,0.5,6,18.86,23.51,-5.79,-35.2,14,3.78,-,33,5.55,11.52,8.68,4.44,15.67,32.53,0.85,0.82,4.71,924,10.78,7,16.86,9,-,11.52,8.68,32.53,4.18,792.43,593.08,199.34,-9.84,14.2,14.5,31
Mon Sep 26 06:49:06 GMT-03:00 2022,26-Sep-2022 06:49:07.439,-35.20473118071219,-5.792668261278449,2.957754611968994,6.0,18.233430782536185,22.396326065063477,-0.68,5.9,7.37,-0.04,14.51,0,0,0.12,-0.08,20.39,10.59,14.7,19.61,93,21.56,1013.4,14.65,622.1,1,352.63,225,0,84,-,55.29,39.22,1260,19.61,29.27,3.71,47.84,-3.91,-4.69,-3.91,-,0.5,6,18.23,22.4,-5.79,-35.2,15,2.65,-,33,1.89,11.5,8.69,10.16,5.33,32.49,0.09,0.82,8.24,924,10.65,8,17.25,14,-,11.5,8.69,32.49,4.18,793.43,594.08,199.34,-3.82,14.22,14.5,42
Mon Sep 26 06:49:07 GMT-03:00 2022,26-Sep-2022 06:49:08.421,-35.20471945702426,-5.792640552202776,3.419468402862549,6.0,17.98079581631173,21.333057403564453,-1.47,5.89,7.6,-0.01,17.65,0.07,0,0.21,-0.08,25.1,12.94,14.7,19.61,93,21.54,1013.35,14.65,622.1,1,352.15,225,0,84,1.71,52.94,40.78,1630,19.61,29.33,3.93,47.84,-3.12,0.78,1.56,-,0.51,6,17.98,21.33,-5.79,-35.2,16,2.31,2.3,33,2.04,11.49,8.71,10.74,5.76,32.44,0.15,0.82,7.84,925,12.31,10,18.04,21.5,10.03,11.49,8.71,32.44,4.18,794.43,595.09,199.34,-6.48,14.18,14.5,45
Mon Sep 26 06:49:08 GMT-03:00 2022,26-Sep-2022 06:49:09.419,-35.204707557550414,-5.7926107835848475,3.7787282466888428,6.0,18.111142063923097,20.64044952392578,0.04,5.87,7.3,-0.05,15.29,0,0.04,0.1,-0.07,20.39,12.94,14.7,19.61,93,21.53,1013.4,14.65,623.2,1,354.57,225,0,84,1.71,45.88,40.78,1732.5,19.61,29.38,3.55,48.24,-3.91,-1.56,1.56,-,0.51,6,18.11,20.64,-5.79,-35.2,14,1.31,2.3,33,2.82,11.47,8.72,9.72,7.95,32.4,0.09,0.79,5.88,926,13.6,11,16.86,24,10.03,11.47,8.72,32.4,4.19,795.41,596.07,199.34,-8.93,14.22,14.5,43
Mon Sep 26 06:49:09 GMT-03:00 2022,26-Sep-2022 06:49:10.419,-35.20469143748607,-5.7925776746244635,4.3602213859558105,6.0,18.32197331732919,20.633329391479492,-0.4,5.35,8.28,0,13.33,0.03,0.03,-0.05,0.06,16.08,8.24,14.7,19.61,93,21.52,1013.39,14.65,623.2,1,354.13,225,0,84,3.04,30.2,20.39,1566,19.61,29.42,2.01,48.24,-4.69,-0.78,-1.56,-,0.51,6,18.32,20.63,-5.79,-35.2,14,1.7,4.08,33,5.48,11.46,8.72,5.49,15.49,32.38,0.82,0.78,3.53,927,15.7,14,14.9,4.5,18.54,11.46,8.72,32.38,4.19,796.39,597.05,199.34,-11.61,14.2,14.5,38
Mon Sep 26 06:49:10 GMT-03:00 2022,26-Sep-2022 06:49:11.420,-35.204676586965974,-5.792546851438637,4.165059566497803,6.0,18.436573453625314,21.989547729492188,0.23,5.98,7.91,0.01,12.16,-0.02,0.04,0,-0.03,16.08,8.24,14.7,19.61,93,21.5,1013.44,14.65,623.2,1,353.84,225,0,84,3.04,19.22,20.39,1223,19.61,29.43,1.09,48.24,-7.03,-5.47,-3.91,-,0.51,6,18.44,21.99,-5.79,-35.2,15,1.99,4.08,33,12.81,11.46,8.72,2.99,36.19,32.38,0.44,0.77,2.35,928,14.99,13,12.94,6,18.54,11.46,8.72,32.38,4.19,797.42,598.08,199.34,-12.82,14.28,14.4,31
Mon Sep 26 06:49:11 GMT-03:00 2022,26-Sep-2022 06:49:12.421,-35.204661718075535,-5.792518629992768,3.8842148780822754,6.0,18.40380814883826,22.807231903076172,-0.19,7.07,8.31,0.11,12.16,0.09,0.02,-0.06,0.13,20,10.2,14.7,19.61,93,21.49,1013.43,14.65,624,1,348.15,225,0,84,3.04,20.78,15.69,1104,19.61,29.46,1.09,47.45,-6.25,-1.56,-0.78,-,0.51,6,18.4,22.81,-5.79,-35.2,13,1.98,4.08,33,11.98,11.46,8.72,2.97,33.83,32.39,0.08,0.76,2.35,929,13.98,12,13.33,30.5,18.54,11.46,8.72,32.39,4.19,798.43,599.09,199.34,-12.32,14.22,14.5,27
Mon Sep 26 06:49:12 GMT-03:00 2022,26-Sep-2022 06:49:13.422,-35.204649789571334,-5.792491830720608,3.560729503631592,6.0,18.096758601252382,23.0849609375,-0.38,5.84,7.77,-0.01,12.94,-0.11,0.04,-0.16,-0.04,19.61,10.2,14.7,19.61,93,21.47,1013.38,14.65,624,1,348.17,225,0,84,-,19.61,16.08,1163.5,19.61,29.48,1.03,47.45,-6.25,2.34,-0.78,-,0.51,6,18.1,23.08,-5.79,-35.2,15,1.82,-,33,11.6,11.46,8.72,2.83,32.77,32.39,0.08,0.76,3.14,931,12.82,11,12.94,6.5,-,11.46,8.72,32.39,4.2,799.43,600.09,199.34,-12.19,14.22,14.5,25
Mon Sep 26 06:49:13 GMT-03:00 2022,26-Sep-2022 06:49:14.427,-35.20463630574821,-5.792464881828017,3.28625750541687,6.0,18.052150141987607,22.517833709716797,0.57,6.12,8.52,0.07,12.16,0,0.02,-0.02,0.02,14.9,7.45,14.7,19.61,93,21.45,1013.43,14.65,623.9,1,348.18,225,0,84,-,20.39,16.47,927,19.61,29.49,0.89,47.45,-7.03,2.34,3.12,-,0.51,6,18.05,22.52,-5.79,-35.2,15,1.83,-,33,12.34,11.47,8.72,2.44,34.85,32.39,0.32,0.76,2.35,932,11.83,10,12.94,6.5,-,11.47,8.72,32.39,4.2,800.39,601.05,199.34,-12.64,14.22,14.5,22
Mon Sep 26 06:49:14 GMT-03:00 2022,26-Sep-2022 06:49:15.418,-35.20462413748676,-5.792440336893032,2.892559766769409,6.0,18.062277248961802,19.012731552124023,-0.42,5.35,9.85,0.14,12.16,0.08,-0.01,0.02,0.08,14.9,7.84,14.7,19.61,93,21.45,1013.37,14.65,623.6,1,348.18,225,0,84,-,20.39,16.86,927,19.61,29.49,0.89,47.45,-7.03,0.78,0,-,0.51,6,18.06,19.01,-5.79,-35.2,16,1.83,-,33,12.34,11.47,8.72,2.44,34.85,32.39,0.87,0.75,2.35,933,10.41,10,12.55,7.5,-,11.47,8.72,32.39,4.2,801.42,602.08,199.34,-12.64,14.26,14.5,22
Mon Sep 26 06:49:15 GMT-03:00 2022,26-Sep-2022 06:49:16.424,-35.20461531623729,-5.792418942537139,2.5425379276275635,6.0,18.432458247522778,13.848608016967773,-0.87,6.42,8.36,0.08,12.94,0.07,-0.06,0.07,0.02,20,10.2,14.7,19.61,93,21.43,1013.45,14.65,623.6,1,348.22,225,0,84,-,22.35,16.86,919.5,19.61,29.51,0.89,47.45,-6.25,-2.34,-2.34,-,0.51,6,18.43,13.85,-5.79,-35.2,16,2.41,-,33,11.21,11.47,8.72,2.44,31.68,32.39,0.82,0.75,2.75,933,9.15,8,13.33,25.5,-,11.47,8.72,32.39,4.2,802.39,603.04,199.34,-12.13,14.22,14.5,21
Mon Sep 26 06:49:16 GMT-03:00 2022,26-Sep-2022 06:49:17.419,-35.20460985659253,-5.792400916716115,2.2375855445861816,6.0,18.39493442342743,8.182613372802734,-0.72,5.68,7.43,-0.05,14.12,0.03,-0.06,0.04,0,20,10.2,14.7,19.61,93,21.41,1013.42,14.65,622.7,1,348.21,225,0,84,-,47.84,18.43,1045,19.61,29.58,3.92,47.45,-3.91,-1.56,0,-,0.51,6,18.39,8.18,-5.79,-35.2,16,3.15,-,33,2.04,11.45,8.73,10.72,5.77,32.35,0.22,0.76,4.71,934,8.06,6,16.47,9,-,11.45,8.73,32.35,4.21,803.43,604.09,199.34,-3.47,14.2,14.5,34
Mon Sep 26 06:49:17 GMT-03:00 2022,26-Sep-2022 06:49:18.419,-35.20460967429918,-5.792384735049017,2.2947888374328613,6.0,18.24574509276844,4.766517639160156,-0.29,5.27,8.43,0.01,14.12,0,-0.02,0.03,-0.02,17.65,9.02,14.7,19.61,93,21.38,1013.38,14.65,622.7,1,353.5,225,0,84,0.65,22.75,26.27,1109.5,19.61,29.6,1.02,48.24,-3.91,0,-0.78,-,0.51,6,18.25,4.77,-5.79,-35.2,17,1.26,0.87,33,5.86,11.44,8.74,2.8,16.56,32.32,0.86,0.81,4.71,935,8.26,7,12.55,4.5,5.58,11.44,8.74,32.32,4.21,804.42,605.08,199.34,-12.08,14.2,14.5,30
Mon Sep 26 06:49:18 GMT-03:00 2022,26-Sep-2022 06:49:19.419,-35.204617553108214,-5.792371208844299,2.0024659633636475,6.0,18.801203417769987,5.642512798309326,-0.01,5.57,8.75,0.05,12.55,0.04,0.03,0.02,0.02,14.9,7.45,14.7,19.61,93,21.36,1013.42,14.65,622.4,1,353.23,225,0,84,0.65,23.92,18.04,880,19.61,29.62,0.97,48.24,-7.03,-3.12,-0.78,-,0.51,6,18.8,5.64,-5.79,-35.2,22,1.21,0.87,33,7.2,11.44,8.74,2.66,20.34,32.3,0.86,0.81,2.35,937,7.21,6,13.33,12,5.58,11.44,8.74,32.3,4.21,805.43,606.09,199.34,-12.35,14.2,14.4,26
Mon Sep 26 06:49:19 GMT-03:00 2022,26-Sep-2022 06:49:20.420,-35.20461712890827,-5.792356628674239,1.955180048942566,6.0,19.18297309938578,5.05420446395874,0.13,5.7,7.69,-0.03,13.33,-0.04,0.08,0.02,-0.07,14.9,7.45,14.7,19.61,93,21.36,1013.37,14.65,622.4,1,353.02,225,0,84,0.65,23.92,24.71,899,19.61,29.65,1.25,48.24,-6.25,-3.12,-3.91,-,0.51,6,19.18,5.05,-5.79,-35.2,21,1.21,0.87,33,4.81,11.42,8.75,3.41,13.6,32.27,0.75,0.82,3.53,938,7.04,6,13.33,12,5.58,11.42,8.75,32.27,4.21,806.41,607.07,199.34,-10.93,14.26,14.5,26
Mon Sep 26 06:49:20 GMT-03:00 2022,26-Sep-2022 06:49:21.420,-35.20461691822196,-5.7923417324483095,1.7241634130477905,6.0,19.179716353522693,356.4346008300781,-0.63,5.16,8.52,0.02,16.47,0,-0.08,0.01,-0.01,21.57,9.41,14.7,19.61,93,21.33,1013.4,14.65,621.5,1,353.02,225,0,84,0.65,33.33,38.82,899,19.61,29.65,1.25,48.24,-5.47,-0.78,0,-,0.51,6,19.18,356.43,-5.79,-35.2,19,1.04,0.87,33,4.81,11.42,8.75,3.41,13.6,32.27,0.16,0.87,6.67,939,6.21,6,13.73,7.5,5.58,11.42,8.75,32.27,4.21,807.4,608.06,199.34,-10.93,13.54,13.6,26
Mon Sep 26 06:49:21 GMT-03:00 2022,26-Sep-2022 06:49:22.420,-35.20461985116909,-5.792328444656514,1.705776572227478,6.0,19.12293006631243,339.6773681640625,-0.81,5.65,7.57,-0.04,14.12,0,-0.05,0.06,-0.05,18.04,9.41,14.7,19.61,93,21.31,1013.41,14.65,621.5,1,352.69,225,0,84,0.7,38.43,31.37,1104,19.61,29.68,1.75,48.24,-6.25,-3.91,-4.69,-,0.51,6,19.12,339.68,-5.79,-35.2,20,0.79,0.94,33,3.42,11.41,8.76,4.8,9.66,32.24,0.85,0.83,3.53,939,6.14,7,12.94,-3,6.08,11.41,8.76,32.24,4.22,808.4,609.06,199.34,-9.53,14.2,14.4,28
Mon Sep 26 06:49:22 GMT-03:00 2022,26-Sep-2022 06:49:23.420,-35.20462822585384,-5.792318563027457,1.5378230810165405,6.0,19.220663051535116,320.790283203125,-0.51,5.55,8.16,0.01,14.9,-0.01,0,0.03,-0.04,14.9,7.45,14.7,19.61,93,21.29,1013.41,14.65,620.5,1,352.3,225,0,84,0.7,59.22,31.37,1302.5,19.61,29.75,3.82,48.24,-3.91,-3.91,-2.34,-,0.51,6,19.22,320.79,-5.79,-35.2,21,0.14,0.94,33,1.83,11.4,8.77,10.44,5.18,32.19,0.09,0.85,4.71,940,5.54,6,18.04,-1,6.08,11.4,8.77,32.19,4.22,809.43,610.09,199.34,-5.58,14.26,14.5,36
Mon Sep 26 06:49:23 GMT-03:00 2022,26-Sep-2022 06:49:24.424,-35.20464581479778,-5.792310761967796,1.866888403892517,6.0,18.870484427941516,307.39703369140625,0.67,5.48,9.1,0.08,14.9,0.01,0.08,0,0.01,14.9,7.45,14.7,19.61,93,21.26,1013.42,14.65,620.5,1,348.97,225,0,84,0.58,32.94,31.37,872,19.61,29.78,1.29,47.84,-3.91,2.34,3.12,-,0.51,6,18.87,307.4,-5.79,-35.2,21,0.28,0.78,33,4.66,11.39,8.78,3.52,13.18,32.16,0.09,0.82,4.71,941,6.72,7,13.73,0,6.34,11.39,8.78,32.16,4.22,810.43,611.09,199.34,-12.06,14.18,14.5,32
Mon Sep 26 06:49:24 GMT-03:00 2022,26-Sep-2022 06:49:25.421,-35.20466142960818,-5.792306360915782,1.6089909076690674,6.0,18.654197707952576,297.7083435058594,0.79,5.28,8.3,0,13.33,-0.02,0.07,-0.03,-0.01,14.9,7.45,14.7,19.61,93,21.24,1013.37,14.65,620.4,1,348.64,225,0,84,0.58,33.73,26.27,894.5,19.61,29.8,1.37,47.84,-5.47,0,-0.78,-,0.51,6,18.65,297.71,-5.79,-35.2,24,0.79,0.78,33,5.12,11.38,8.79,3.74,14.47,32.14,0.83,0.81,3.14,943,5.79,5,14.12,15,6.34,11.38,8.79,32.14,4.22,811.43,612.09,199.34,-10.54,14.3,14.4,31
Mon Sep 26 06:49:25 GMT-03:00 2022,26-Sep-2022 06:49:26.420,-35.204684920851356,-5.792311140451873,1.494552493095398,6.0,19.076384662892988,293.4350280761719,0.55,4.19,9.01,0.01,12.94,0.02,0.08,-0.11,0.08,14.9,7.45,14.7,19.61,93,21.21,1013.39,14.65,620.4,1,342.63,225,0,84,0.58,32.55,27.06,809.5,19.61,29.82,1.13,47.06,-5.47,-3.91,-0.78,-,0.51,6,19.08,293.44,-5.79,-35.2,23,3.38,0.78,33,4.44,11.37,8.8,3.08,12.55,32.11,0.83,0.81,3.14,944,5.38,2,14.12,15,6.34,11.37,8.8,32.11,4.22,812.4,613.06,199.34,-11.35,14.3,14.5,29
Mon Sep 26 06:49:26 GMT-03:00 2022,26-Sep-2022 06:49:27.418,-35.20468812726369,-5.7923098011751035,0.31415846943855286,6.0,19.00926653297098,292.29278564453125,0.44,5.91,7.98,0.01,11.76,0.01,0.07,0.05,-0.02,14.9,7.45,14.7,19.61,93,21.21,1013.39,14.65,620.1,1,342.3,225,0,84,0.58,32.55,19.61,781.5,19.61,29.84,1.03,47.06,-5.47,-3.91,-3.12,-,0.51,6,19.01,292.29,-5.79,-35.2,25,3.38,0.78,33,1.93,11.35,8.81,2.83,5.46,32.06,0.32,0.8,1.96,945,1.13,2,14.51,3,6.34,11.35,8.81,32.06,4.22,813.41,614.07,199.34,-11.3,14.16,14.5,27
Mon Sep 26 06:49:27 GMT-03:00 2022,26-Sep-2022 06:49:28.417,-35.20468812726369,-5.7923098011751035,0.09252548962831497,6.0,19.260305869672862,292.28509521484375,0.55,5.72,7.87,-0.01,12.16,-0.01,0.08,0.04,-0.04,14.9,7.45,14.7,19.61,93,21.17,1013.39,14.65,620,1,342.3,225,0,84,-,27.06,19.22,781.5,19.61,29.84,1.03,47.06,-7.81,0,0.78,-,0.51,6,19.26,292.29,-5.79,-35.2,23,1.13,-,33,1.93,11.35,8.81,2.83,5.46,32.06,0.08,0.79,2.35,945,0.33,0,12.55,-3,-,11.35,8.81,32.06,4.22,814.43,614.07,200.36,-11.3,14.26,14.5,27
Mon Sep 26 06:49:28 GMT-03:00 2022,26-Sep-2022 06:49:29.422,-35.20468812726369,-5.7923098011751035,0.11453848332166672,6.0,19.374080619924875,292.2668151855469,0.45,5.27,7.87,-0.04,12.16,0.01,0.09,0.06,-0.03,14.9,7.45,14.7,19.61,93,21.14,1013.4,14.65,620,1,336.16,225,0,85,-,24.31,19.22,752,19.61,29.86,0.8,46.27,-7.81,3.12,3.91,-,0.51,6,19.37,292.27,-5.79,-35.2,24,0.41,-,33,0,11.35,8.81,2.19,0,32.06,0.14,0.78,2.35,946,0.41,0,12.55,8,-,11.35,8.81,32.06,4.22,815.33,614.07,201.27,-11.96,14.26,14.5,25
Mon Sep 26 06:49:29 GMT-03:00 2022,26-Sep-2022 06:49:30.417,-35.20468812726369,-5.7923098011751035,0.12774942815303802,6.0,19.659586260894603,292.2749938964844,0.4,5.83,7.91,-0,12.16,0,0.07,0.06,-0.04,14.9,7.45,14.7,19.61,93,21.11,1013.4,14.65,619.4,1,336.13,225,0,85,-,22.35,18.43,824.5,19.61,29.87,0.81,46.27,-7.81,3.91,2.34,-,0.52,6,19.66,292.27,-5.79,-35.2,24,0.46,-,33,0,11.35,8.81,2.22,0,32.06,0.81,0.78,2.35,947,0.46,0,12.55,5,-,11.35,8.81,32.06,4.22,816.4,614.07,202.33,-11.82,14.26,14.5,23
Mon Sep 26 06:49:30 GMT-03:00 2022,26-Sep-2022 06:49:31.417,-35.20468812726369,-5.7923098011751035,0.015233800746500492,6.0,19.690015936861915,292.2709045410156,0.46,5.78,7.89,-0,12.16,0,0.08,0.05,-0.04,14.9,7.45,14.7,19.61,93,21.08,1013.39,14.65,619.4,1,327.56,225,0,85,-,22.35,17.65,787,19.61,29.89,0.81,45.1,-7.81,3.12,2.34,-,0.52,6,19.69,292.27,-5.79,-35.2,25,0.05,-,33,0,11.35,8.81,2.22,0,32.06,0.81,0.78,2.35,949,0.05,0,12.55,4.5,-,11.35,8.81,32.06,4.22,817.37,614.07,203.3,-12.07,14.26,14.5,22
Mon Sep 26 06:49:31 GMT-03:00 2022,26-Sep-2022 06:49:32.418,-35.20468812726369,-5.7923098011751035,0.124159075319767,6.0,20.077421812332734,292.2693786621094,0.38,5.79,7.93,-0,11.76,0,0.07,0.05,-0.03,14.9,7.45,14.7,19.61,93,21.04,1013.4,14.65,619,1,324.69,225,0,85,-,22.75,19.61,821,19.61,29.9,0.81,44.71,-6.25,3.12,3.91,-,0.52,6,20.08,292.27,-5.79,-35.2,25,0.45,-,33,0,11.35,8.81,2.22,0,32.05,0.09,0.77,1.96,950,0.45,0,13.73,4.5,-,11.35,8.81,32.05,4.22,818.43,614.07,204.36,-11.94,14.22,14.5,21
Mon Sep 26 06:49:32 GMT-03:00 2022,26-Sep-2022 06:49:33.418,-35.20468812726369,-5.7923098011751035,0.08859490603208542,6.0,19.98746434777739,292.26605224609375,0.45,5.88,7.91,0,12.16,0,0.08,0.06,-0.03,14.9,7.45,14.7,19.61,93,21.04,1013.37,14.65,619,1,324.66,225,0,85,-,22.75,18.04,821,19.61,29.92,0.8,44.71,-7.81,5.47,5.47,-,0.52,6,19.99,292.27,-5.79,-35.2,23,0.45,-,33,0,11.35,8.81,2.19,0,32.05,0.82,0.77,1.96,951,0.32,0,12.55,5,-,11.35,8.81,32.05,4.22,819.39,614.07,205.32,-12.09,14.22,14.5,20
Mon Sep 26 06:49:33 GMT-03:00 2022,26-Sep-2022 06:49:34.417,-35.20468812726369,-5.7923098011751035,0.07995351403951645,6.0,20.085533685428626,292.26123046875,0.4,5.82,7.97,0,12.16,0,0.08,0.04,-0.04,14.9,7.45,14.7,19.61,93,21.01,1013.39,14.65,618.5,1,324.66,225,0,85,-,22.75,18.04,774,19.61,29.92,0.8,44.71,-7.81,3.12,2.34,-,0.52,6,20.09,292.26,-5.79,-35.2,25,0.32,-,34,0,11.35,8.81,2.19,0,32.05,0.85,0.77,1.96,952,0.29,0,12.55,6.5,-,11.35,8.81,32.05,4.22,820.41,614.07,206.34,-12.09,14.26,14.5,20
Mon Sep 26 06:49:34 GMT-03:00 2022,26-Sep-2022 06:49:35.417,-35.20468812726369,-5.7923098011751035,0.07144911587238312,6.0,20.198221229446855,292.260498046875,0.43,5.82,7.91,-0,12.16,0,0.06,0.05,-0.03,14.9,7.45,14.7,19.61,93,20.98,1013.38,14.65,617.9,1,321.79,225,0,85,-,23.14,18.04,744.5,19.61,29.93,0.79,44.31,-8.59,0.78,0,-,0.52,6,20.2,292.26,-5.79,-35.2,24,0.29,-,34,0,11.35,8.81,2.16,0,32.05,0.77,0.76,2.35,952,0.26,0,12.55,9.5,-,11.35,8.81,32.05,4.22,821.4,614.07,207.33,-11.96,13.9,13.8,19
Mon Sep 26 06:49:35 GMT-03:00 2022,26-Sep-2022 06:49:36.417,-35.20468812726369,-5.7923098011751035,0.07918938249349594,6.0,20.470090173552745,292.26409912109375,0.35,5.84,7.93,0,12.16,0,0.07,0.05,-0.03,14.9,7.45,14.7,19.61,93,20.94,1013.37,14.65,617.9,1,321.77,225,0,85,-,25.49,20.78,766,19.61,29.95,0.82,44.31,-7.81,0,0.78,-,0.52,6,20.47,292.26,-5.79,-35.2,23,0.29,-,34,0,11.34,8.81,2.24,0,32.05,0.09,0.76,2.35,953,0.29,0,12.94,0.5,-,11.34,8.81,32.05,4.22,822.39,614.07,208.32,-11.75,14.26,14.4,19
Mon Sep 26 06:49:36 GMT-03:00 2022,26-Sep-2022 06:49:37.417,-35.20468812726369,-5.7923098011751035,0.05079163983464241,6.0,20.544541142181917,292.26251220703125,0.4,5.86,7.97,0.01,12.55,0,0.07,0.05,-0.03,14.9,7.45,14.7,19.61,93,20.91,1013.35,14.65,617.9,1,321.74,225,0,85,-,32.94,20,742.5,19.61,29.98,1.34,44.31,-7.81,3.91,0.78,-,0.52,6,20.54,292.26,-5.79,-35.2,26,0.18,-,34,0,11.34,8.82,3.66,0,32.04,0.09,0.76,2.75,955,0.18,0,13.33,1.5,-,11.34,8.82,32.04,4.22,823.4,614.07,209.33,-10.05,14.26,14.4,22
Mon Sep 26 06:49:37 GMT-03:00 2022,26-Sep-2022 06:49:38.417,-35.20468812726369,-5.7923098011751035,0.03637964278459549,6.0,20.58284940024411,292.25994873046875,0.51,5.86,7.86,-0,12.94,0,0.07,0.05,-0.03,14.9,7.45,14.7,19.61,92,20.88,1013.39,14.65,616.7,1,321.72,225,0,85,-,32.16,25.1,755.5,19.61,30,1.1,44.31,-6.25,5.47,4.69,-,0.52,6,20.58,292.26,-5.79,-35.2,24,0.13,-,34,0,11.34,8.82,3.02,0,32.04,0.09,0.76,3.14,956,0.13,0,13.33,1.5,-,11.34,8.82,32.04,4.22,824.39,614.07,210.32,-10.74,13.48,13.9,23
Mon Sep 26 06:49:38 GMT-03:00 2022,26-Sep-2022 06:49:39.419,-35.20468812726369,-5.7923098011751035,0.029574299231171608,6.0,20.650291564015188,292.2550964355469,0.42,5.82,7.85,-0.01,12.94,0,0.06,0.05,-0.03,14.9,7.45,14.7,19.61,92,20.88,1013.38,14.65,616.7,1,321.72,225,0,85,-,32.16,25.1,755.5,19.61,30,1.1,44.31,-6.25,5.47,5.47,-,0.52,6,20.65,292.26,-5.79,-35.2,25,0.13,-,34,0,11.34,8.82,3.02,0,32.04,0.81,0.78,3.14,957,0.11,0,13.33,4.5,-,11.34,8.82,32.04,4.22,825.41,614.07,211.35,-10.74,14.24,14.5,23
Mon Sep 26 06:49:39 GMT-03:00 2022,26-Sep-2022 06:49:40.416,-35.20468812726369,-5.7923098011751035,0.05073412507772446,6.0,21.026719460520766,292.25830078125,0.49,5.82,7.86,-0,12.94,0,0.06,0.05,-0.03,14.9,7.45,14.7,19.61,92,20.85,1013.37,14.65,615.6,1,321.7,225,0,85,-,31.76,25.49,786.5,19.61,30.02,1.11,44.31,-6.25,2.34,1.56,-,0.52,6,21.03,292.26,-5.79,-35.2,25,0.11,-,34,0,11.34,8.82,3.05,0,32.04,0.82,0.79,3.14,957,0.18,0,13.33,4.5,-,11.34,8.82,32.04,4.22,826.35,614.07,212.28,-10.77,14.16,14.5,24
Mon Sep 26 06:49:40 GMT-03:00 2022,26-Sep-2022 06:49:41.417,-35.20468812726369,-5.7923098011751035,0.05333462357521057,6.0,21.101626615633567,292.25567626953125,0.33,5.9,7.94,0.01,13.33,0,0.07,0.05,-0.03,14.9,7.45,14.7,19.61,92,20.81,1013.44,14.65,615.6,1,321.67,225,0,85,-,32.16,28.24,766,19.61,30.04,1.13,44.31,-6.25,-0.78,-1.56,-,0.52,6,21.1,292.26,-5.79,-35.2,25,0.18,-,34,0,11.34,8.82,3.08,0,32.04,0.73,0.8,3.53,958,0.19,0,13.33,3.5,-,11.34,8.82,32.04,4.22,827.43,614.07,213.36,-10.88,14.16,14.4,24
Mon Sep 26 06:49:41 GMT-03:00 2022,26-Sep-2022 06:49:42.418,-35.20468812726369,-5.7923098011751035,0.041034404188394547,6.0,21.016470845286868,292.2690734863281,-0.08,5.61,7.7,-0.03,12.94,0.06,0.26,0.07,0,14.9,7.45,14.7,19.61,92,20.78,1013.38,14.65,615.6,1,321.65,225,0,85,-,32.94,28.24,789,19.61,30.06,1.07,44.31,-6.25,0,0.78,-,0.52,6,21.02,292.27,-5.79,-35.2,27,0.19,-,34,0,11.34,8.82,2.94,0,32.03,0.1,0.83,3.14,959,0.15,0,13.33,2,-,11.34,8.82,32.03,4.22,828.26,614.07,214.2,-10.96,14.2,14.6,25
Mon Sep 26 06:49:42 GMT-03:00 2022,26-Sep-2022 06:49:43.417,-35.20468812726369,-5.7923098011751035,0.03524632751941681,6.0,21.08126473282036,292.2799377441406,0.4,6.05,7.87,0.01,12.94,0,0.06,0.09,-0.06,14.9,7.45,14.7,19.61,92,20.75,1013.41,14.65,613.7,1,318.78,225,0,85,-,24.31,22.35,800,19.61,30.07,0.78,43.92,-7.03,3.12,3.91,-,0.52,6,21.08,292.28,-5.79,-35.2,28,0.13,-,34,0,11.34,8.82,2.13,0,32.03,0.09,0.83,3.14,960,0.13,0,12.94,-2.5,-,11.34,8.82,32.03,4.22,829.4,614.07,215.33,-12.05,14.28,14.5,23
Mon Sep 26 06:49:43 GMT-03:00 2022,26-Sep-2022 06:49:44.417,-35.20468812726369,-5.7923098011751035,0.03152502328157425,6.0,21.14044734194786,292.181884765625,0.21,6.65,7.31,0.01,13.33,0,0.05,0.14,-0.11,24.71,12.94,14.7,19.61,92,20.72,1013.41,14.65,613.7,1,318.76,225,0,85,-,49.02,28.24,978.5,19.61,30.12,2.85,43.92,-3.91,4.69,3.12,-,0.52,6,21.14,292.18,-5.79,-35.2,28,0.11,-,34,0,11.34,8.82,7.8,0,32.03,0.84,0.81,3.14,962,0.11,0,16.08,18.5,-,11.34,8.82,32.03,4.22,830.35,614.07,216.28,-5.27,14.26,14.5,33
Mon Sep 26 06:49:44 GMT-03:00 2022,26-Sep-2022 06:49:45.420,-35.204710324097476,-5.792316772039037,0.9984822273254395,6.0,21.174819572138652,291.7674560546875,0.06,6.27,7.47,-0.01,16.08,0,0.06,0.1,-0.08,25.49,12.94,14.7,19.61,92,20.69,1013.34,14.65,613.7,1,315.89,225,0,85,1.49,44.31,36.08,1342.5,19.61,30.17,2.64,43.53,-3.91,-2.34,-3.12,-,0.52,6,21.17,291.77,-5.79,-35.2,28,0.41,2,35,0,11.34,8.82,7.22,0,32.03,0.85,0.88,6.27,963,3.59,4,16.08,19.5,10.63,11.34,8.82,32.03,4.22,831.39,614.46,216.94,-7.55,14.3,14.5,37
Mon Sep 26 06:49:45 GMT-03:00 2022,26-Sep-2022 06:49:46.420,-35.20472266521067,-5.7923109441040195,1.2462431192398071,6.0,21.31520585444237,291.5299987792969,0.22,5.92,7.96,0.01,15.29,0.07,0.11,0.11,0,22.75,11.76,14.7,19.61,92,20.67,1013.39,14.65,611.9,1,315.86,225,0,85,1.86,39.22,33.33,1310,19.61,30.21,2.1,43.53,-3.91,-8.59,-3.12,-,0.52,6,21.32,291.53,-5.79,-35.2,23,2.51,2.49,35,1.91,11.32,8.83,5.74,5.39,31.99,0.85,0.88,5.49,964,4.49,7,16.08,21,13.54,11.32,8.83,31.99,4.22,832.35,615.42,216.94,-10.52,14.3,14.5,34
Mon Sep 26 06:49:46 GMT-03:00 2022,26-Sep-2022 06:49:47.419,-35.204741810065926,-5.792303695019058,2.405705451965332,6.0,21.25181978346155,291.2640380859375,0.15,6.41,7.77,0.02,16.08,-0.01,0,0.02,-0.03,23.53,12.16,14.7,19.61,92,20.65,1013.34,14.65,611.9,1,315.46,225,0,85,1.86,38.04,33.73,1502.5,19.61,30.25,2.54,43.53,-3.91,-7.03,-9.38,-,0.52,6,21.25,291.26,-5.79,-35.2,26,0.34,2.49,35,2.76,11.31,8.84,6.94,7.8,31.95,0.68,0.88,5.88,965,8.66,9,14.9,0,13.54,11.31,8.84,31.95,4.23,833.41,616.47,216.94,-9.54,14.26,14.5,34
Mon Sep 26 06:49:47 GMT-03:00 2022,26-Sep-2022 06:49:48.419,-35.20476222692588,-5.79229635767637,2.418382406234741,6.0,21.377662802051344,290.22882080078125,-0.17,4.78,8.2,-0.04,14.12,-0.02,-0.01,-0.07,0,14.9,7.45,14.7,19.61,92,20.65,1013.4,14.65,611.9,1,312.26,225,0,85,0.4,38.04,24.31,1023,19.61,30.27,0.92,43.14,-3.91,-7.03,-6.25,-,0.52,6,21.38,290.23,-5.79,-35.2,27,0.71,0.54,35,9.77,11.31,8.84,2.52,27.6,31.94,0.14,0.85,4.31,966,8.71,8,14.9,0,3.74,11.31,8.84,31.94,4.23,834.43,617.49,216.94,-13.03,14.26,14.5,28
Mon Sep 26 06:49:48 GMT-03:00 2022,26-Sep-2022 06:49:49.419,-35.20477890766055,-5.792290802900643,1.9214909076690674,6.0,21.36429665707515,284.8738098144531,-0.11,4.63,9.11,0.04,12.16,0,0.04,-0.1,0.05,14.9,7.45,14.7,19.61,92,20.63,1013.37,14.65,611.4,1,312.19,225,0,85,0.4,20.39,18.43,1023,19.61,30.29,1.33,43.14,-7.81,-8.59,-7.81,-,0.52,6,21.36,284.87,-5.79,-35.2,27,0.71,0.54,35,6.03,11.3,8.85,3.63,17.03,31.92,0.08,0.82,2.35,967,6.92,8,12.55,8,3.74,11.3,8.85,31.92,4.23,835.4,618.47,216.94,-11.22,14.16,14.5,27
Mon Sep 26 06:49:49 GMT-03:00 2022,26-Sep-2022 06:49:50.419,-35.2047923338999,-5.792294542702804,1.5012919902801514,6.0,21.31826425536823,279.18096923828125,0.29,4.29,8.94,0.01,13.33,0.02,0.04,-0.08,0.07,14.9,7.45,14.7,19.61,92,20.61,1013.35,14.65,611.4,1,312.19,225,0,85,0.4,32.55,26.67,815,19.61,30.29,1.33,43.14,-5.47,-5.47,-4.69,-,0.52,6,21.32,279.18,-5.79,-35.2,25,2.92,0.54,35,6.03,11.3,8.85,3.63,17.03,31.92,0.08,0.81,3.14,967,5.4,4,14.12,16.5,3.74,11.3,8.85,31.92,4.23,836.38,619.44,216.94,-11.22,14.12,14.2,27
Mon Sep 26 06:49:50 GMT-03:00 2022,26-Sep-2022 06:49:51.422,-35.20479619084451,-5.792294588170653,0.5419968962669373,6.0,21.22202326683854,277.43463134765625,-0.03,5.73,7.95,-0,13.33,0,0.02,0.03,-0.02,14.9,7.45,14.7,19.61,92,20.58,1013.38,14.65,611.1,1,328.98,225,0,85,0.4,32.94,26.67,903.5,19.61,30.32,1.42,45.49,-7.03,-1.56,-0.78,-,0.52,6,21.22,277.43,-5.79,-35.2,22,5.4,0.54,35,2.82,11.29,8.86,3.88,7.97,31.88,0.09,0.8,3.14,968,1.95,0,12.55,-10.5,3.74,11.29,8.86,31.88,4.23,837.4,619.71,217.69,-10.05,14.26,14.5,28
Mon Sep 26 06:49:51 GMT-03:00 2022,26-Sep-2022 06:49:52.419,-35.20479619084451,-5.792294588170653,0.10450877249240875,6.0,21.11539197422333,277.413330078125,-0.08,5.68,8.04,0,13.33,0,0.02,0.03,-0.02,14.9,7.45,14.7,19.61,92,20.55,1013.28,14.65,611.1,1,339.94,225,0,85,-,31.76,22.35,877.5,19.61,30.34,0.99,47.06,-7.03,-2.34,-3.12,-,0.52,6,21.12,277.41,-5.79,-35.2,21,0.38,-,35,0,11.29,8.86,2.72,0,31.88,0.81,0.79,3.14,970,0.38,0,13.33,3.5,-,11.29,8.86,31.88,4.23,838.42,619.71,218.71,-11.74,13.1,14.5,26
Mon Sep 26 06:49:52 GMT-03:00 2022,26-Sep-2022 06:49:53.421,-35.20479619084451,-5.792294588170653,0.025401419028639793,6.0,21.12801406221902,277.3946838378906,0.07,5.73,7.99,0,12.94,0,0.02,0.04,-0.02,14.9,7.45,14.7,19.61,92,20.52,1013.39,14.65,610.8,1,339.91,225,0,85,-,34.12,25.49,763.5,19.61,30.36,1.24,47.06,-6.25,-2.34,-2.34,-,0.52,6,21.13,277.39,-5.79,-35.2,21,0.09,-,35,0,11.29,8.86,3.38,0,31.88,0.09,0.79,3.14,971,0.09,0,13.73,7.5,-,11.29,8.86,31.88,4.23,839.35,619.71,219.64,-10.93,14.22,13.3,26
Mon Sep 26 06:49:53 GMT-03:00 2022,26-Sep-2022 06:49:54.420,-35.20479619084451,-5.792294588170653,0.09025422483682632,6.0,21.096624300615204,277.3884582519531,-0.01,5.75,8.08,0.01,12.94,0,0.04,0.04,-0.02,14.9,7.45,14.7,19.61,92,20.48,1013.38,14.65,610.8,1,337.06,225,0,85,-,31.76,25.88,790.5,19.61,30.38,1.11,46.67,-6.25,0.78,-2.34,-,0.52,6,21.1,277.39,-5.79,-35.2,21,0.32,-,35,0,11.28,8.86,3.05,0,31.88,0.09,0.79,3.14,972,0.32,0,13.73,7.5,-,11.28,8.86,31.88,4.23,840.42,619.71,220.71,-10.79,14.22,14.5,26
Mon Sep 26 06:49:54 GMT-03:00 2022,26-Sep-2022 06:49:55.420,-35.20479619084451,-5.792294588170653,0.030418159440159798,6.0,21.286103656954186,277.3770446777344,-0.06,5.64,7.99,-0.01,12.94,0,0.03,0.03,-0.02,14.9,7.45,14.7,19.61,92,20.48,1013.39,14.65,610.4,1,337.03,225,0,85,-,31.76,25.49,790.5,19.61,30.4,1.13,46.67,-6.25,0.78,1.56,-,0.52,6,21.29,277.38,-5.79,-35.2,19,0.32,-,35,0,11.28,8.86,3.08,0,31.87,0.1,0.78,3.14,973,0.11,0,13.33,5,-,11.28,8.86,31.87,4.23,841.35,619.71,221.64,-10.89,14.34,14.3,26
Mon Sep 26 06:49:55 GMT-03:00 2022,26-Sep-2022 06:49:56.417,-35.20479619084451,-5.792294588170653,0.029409565031528473,6.0,21.264792555862524,277.37811279296875,-0.04,5.71,8.05,0,12.94,0,0.03,0.03,-0.02,14.9,7.45,14.7,19.61,92,20.45,1013.38,14.65,610,1,337.03,225,0,85,-,31.76,25.1,779.5,19.61,30.4,1.13,46.67,-6.25,4.69,5.47,-,0.52,6,21.26,277.38,-5.79,-35.2,19,0.11,-,35,0,11.28,8.86,3.08,0,31.87,0.71,0.77,3.14,973,0.11,0,13.33,4.5,-,11.28,8.86,31.87,4.23,842.41,619.71,222.7,-10.89,14.22,14.5,26
Mon Sep 26 06:49:56 GMT-03:00 2022,26-Sep-2022 06:49:57.417,-35.20479619084451,-5.792294588170653,0.01747661642730236,6.0,21.157512348655832,277.3681945800781,0.06,5.69,8,-0,12.94,0,0.01,0.03,-0.02,14.9,7.45,14.7,19.61,92,20.42,1013.32,14.65,610,1,337.01,225,0,85,-,31.37,25.1,796.5,19.61,30.42,1.13,46.67,-6.25,5.47,3.12,-,0.52,6,21.16,277.37,-5.79,-35.2,20,0.11,-,35,0,11.28,8.86,3.08,0,31.87,0.82,0.77,3.14,974,0.06,0,13.33,4.5,-,11.28,8.86,31.87,4.23,843.24,619.71,223.52,-10.84,14.22,14.5,26
Mon Sep 26 06:49:57 GMT-03:00 2022,26-Sep-2022 06:49:58.417,-35.20479619084451,-5.792294588170653,0.03103192150592804,6.0,21.195960034310183,277.3572998046875,0.06,5.76,8,0,12.94,0,0.02,0.04,-0.03,14.9,7.45,14.7,19.61,92,20.39,1013.48,14.65,610,1,339.82,225,0,85,-,32.16,25.49,786,19.61,30.45,1.14,47.06,-7.03,-0.78,-0.78,-,0.52,6,21.2,277.36,-5.79,-35.2,20,0.11,-,35,0,11.28,8.86,3.11,0,31.87,0.72,0.76,3.14,976,0.11,0,12.55,-4,-,11.28,8.86,31.87,4.23,844.36,619.71,224.64,-10.88,14.26,14.5,26
Mon Sep 26 06:49:58 GMT-03:00 2022,26-Sep-2022 06:49:59.417,-35.20479619084451,-5.792294588170653,0.0,6.0,21.157989912977595,277.3523254394531,-0.14,5.64,8.06,0,12.16,0,0.04,0.03,-0.01,14.9,7.45,14.7,19.61,92,20.36,1013.38,14.65,609.3,1,339.79,225,0,85,-,23.53,20.78,766.5,19.61,30.46,0.8,47.06,-7.03,-3.91,-0.78,-,0.53,6,21.16,277.35,-5.79,-35.2,21,0,-,35,0,11.28,8.86,2.19,0,31.87,0.72,0.76,2.35,977,0,0,12.55,-4,-,11.28,8.86,31.87,4.23,845.39,619.71,225.68,-11.96,14.26,14.5,24
Mon Sep 26 06:49:59 GMT-03:00 2022,26-Sep-2022 06:50:00.417,-35.20479619084451,-5.792294588170653,0.0,6.0,21.023531979363486,277.3377685546875,-0.09,5.65,8.11,0.01,12.16,0,0.04,0.03,-0.02,14.9,7.45,14.7,19.61,92,20.33,1013.39,14.65,609,1,339.77,225,0,85,-,23.53,18.43,750,19.61,30.48,0.79,47.06,-7.81,-3.91,-1.56,-,0.53,6,21.02,277.34,-5.79,-35.2,20,0,-,35,0,11.28,8.86,2.16,0,31.87,0.09,0.76,1.96,978,0,0,12.55,5,-,11.28,8.86,31.87,4.23,846.42,619.71,226.71,-11.93,14.22,14.5,22
Mon Sep 26 06:50:00 GMT-03:00 2022,26-Sep-2022 06:50:01.417,-35.20479619084451,-5.792294588170653,0.0,6.0,21.161994365585848,277.32940673828125,-0.03,5.68,8.01,-0,11.76,0,0.03,0.04,-0.02,14.9,7.45,14.7,19.61,92,20.33,1013.41,14.65,609,1,339.77,225,0,85,-,23.53,18.43,750,19.61,30.48,0.79,47.06,-8.59,0.78,1.56,-,0.53,6,21.16,277.33,-5.79,-35.2,18,0,-,35,0,11.28,8.86,2.16,0,31.87,0.1,0.76,1.96,979,0,0,12.55,6,-,11.28,8.86,31.87,4.23,847.41,619.71,227.7,-11.93,14.3,14.5,22
Mon Sep 26 06:50:01 GMT-03:00 2022,26-Sep-2022 06:50:02.416,-35.20479619084451,-5.792294588170653,0.01346253976225853,6.0,21.225781717857235,277.3296813964844,-0.04,5.66,8.01,-0,11.76,0,0.03,0.03,-0.02,14.9,7.45,14.7,19.61,92,20.3,1013.37,14.65,608.2,1,339.74,225,0,85,-,23.14,18.43,736,19.61,30.49,0.77,47.06,-8.59,3.12,3.12,-,0.53,6,21.23,277.33,-5.79,-35.2,21,0,-,35,0,11.28,8.87,2.11,0,31.86,0.79,0.76,1.96,979,0.05,0,12.16,7.5,-,11.28,8.87,31.86,4.23,848.42,619.71,228.71,-11.93,14.16,14.4,21
Mon Sep 26 06:50:02 GMT-03:00 2022,26-Sep-2022 06:50:03.417,-35.20479619084451,-5.792294588170653,0.02489713579416275,6.0,21.30327698118245,277.3184509277344,-0.01,5.69,8,-0,11.76,0,0.02,0.03,-0.01,14.9,7.45,14.7,19.61,92,20.27,1013.39,14.65,607.7,1,339.72,225,0,85,-,23.53,18.43,724.5,19.61,30.51,0.77,47.06,-7.81,0.78,0,-,0.53,6,21.3,277.32,-5.79,-35.2,18,0.05,-,36,0,11.28,8.87,2.11,0,31.86,0.82,0.75,1.96,980,0.09,0,12.55,6.5,-,11.28,8.87,31.86,4.23,849.39,619.71,229.68,-11.88,14.22,14.5,21
Mon Sep 26 06:50:03 GMT-03:00 2022,26-Sep-2022 06:50:04.417,-35.20479619084451,-5.792294588170653,8.066586451604962E-4,6.0,21.207800794392973,277.3175964355469,-0.09,5.7,8.04,0,12.16,0,0.03,0.03,-0.03,14.9,7.45,14.7,19.61,92,20.24,1013.39,14.65,607.7,1,339.69,225,0,85,-,23.53,18.43,730.5,19.61,30.52,0.78,47.06,-7.81,-2.34,-2.34,-,0.53,6,21.21,277.32,-5.79,-35.2,21,0,-,36,0,11.28,8.87,2.13,0,31.86,0.75,0.75,1.96,982,0,0,12.55,9,-,11.28,8.87,31.86,4.23,850.38,619.71,230.66,-11.8,14.2,14.5,20
Mon Sep 26 06:50:04 GMT-03:00 2022,26-Sep-2022 06:50:05.418,-35.20479619084451,-5.792294588170653,0.008077588863670826,6.0,21.169457242669367,277.3176574707031,0.06,5.7,8.05,0,12.55,0,0.02,0.03,-0.02,14.9,7.45,14.7,19.61,92,20.21,1013.38,14.65,607.7,1,339.67,225,0,85,-,26.27,21.18,789.5,19.61,30.54,0.92,47.06,-7.81,-0.78,-2.34,-,0.53,6,21.17,277.32,-5.79,-35.2,20,0.03,-,36,0,11.28,8.87,2.52,0,31.86,0.75,0.75,2.75,983,0.03,0,12.55,9,-,11.28,8.87,31.86,4.23,851.41,619.71,231.7,-11.31,14.2,14.5,21
Mon Sep 26 06:50:05 GMT-03:00 2022,26-Sep-2022 06:50:06.417,-35.20479619084451,-5.792294588170653,0.013389622792601585,6.0,21.179523352225246,277.3251647949219,-0.14,5.68,8.04,0,13.33,0,0.02,0.04,-0.02,14.9,7.45,14.7,19.61,92,20.18,1013.39,14.65,606.6,1,339.65,225,0,85,-,32.16,26.27,781,19.61,30.56,1.1,47.06,-6.25,-0.78,0,-,0.53,6,21.18,277.33,-5.79,-35.2,20,0.05,-,36,0,11.28,8.87,3.02,0,31.85,0.09,0.75,3.14,984,0.05,0,13.73,15,-,11.28,8.87,31.85,4.23,852.39,619.71,232.68,-10.95,13.92,13.9,22
Mon Sep 26 06:50:06 GMT-03:00 2022,26-Sep-2022 06:50:07.418,-35.20479619084451,-5.792294588170653,0.022779179736971855,4.0,21.136810742906828,277.32183837890625,0.07,5.7,8.03,0,12.94,0,0.02,0.03,-0.02,14.9,7.45,14.7,19.61,92,20.18,1013.37,14.65,606.6,1,339.65,225,0,85,-,32.16,26.27,781,19.61,30.56,1.1,47.06,-6.25,2.34,3.91,-,0.53,4,21.14,277.32,-5.79,-35.2,20,0.05,-,36,0,11.28,8.87,3.02,0,31.85,0.1,0.75,3.14,985,0.08,0,13.33,6,-,11.28,8.87,31.85,4.23,853.39,619.71,233.68,-10.95,14.26,14.5,22
Mon Sep 26 06:50:07 GMT-03:00 2022,26-Sep-2022 06:50:08.420,-35.20479619084451,-5.792294588170653,0.020316332578659058,4.0,21.15732363283782,277.31866455078125,-0.03,5.65,7.99,-0.01,12.94,0,0.03,0.03,-0.02,14.9,7.45,14.7,19.61,92,20.15,1013.37,14.65,605.1,1,339.62,225,0,85,-,32.55,25.49,780.5,19.61,30.58,1.14,47.06,-6.25,5.47,5.47,-,0.53,4,21.16,277.32,-5.79,-35.2,21,0.08,-,36,0,11.28,8.87,3.13,0,31.85,0.81,0.75,3.14,985,0.07,0,13.33,3,-,11.28,8.87,31.85,4.23,854.39,619.71,234.68,-10.77,14.22,14.5,23
Mon Sep 26 06:50:08 GMT-03:00 2022,26-Sep-2022 06:50:09.421,-35.20479619084451,-5.792294588170653,0.02674308605492115,4.0,21.15159353747707,277.3125305175781,-0.13,5.68,8.09,0,12.94,0,0.03,0.03,-0.02,14.9,7.45,14.7,19.61,92,20.12,1013.37,14.65,604.4,1,339.6,225,0,85,-,32.16,25.49,795.5,19.61,30.61,1.17,47.06,-6.25,3.12,2.34,-,0.53,4,21.15,277.31,-5.79,-35.2,19,0.1,-,36,0,11.27,8.87,3.19,0,31.85,0.83,0.74,3.14,986,0.1,0,13.33,3.5,-,11.27,8.87,31.85,4.23,855.39,619.71,235.68,-10.69,14.22,14.5,24
Mon Sep 26 06:50:09 GMT-03:00 2022,26-Sep-2022 06:50:10.417,-35.20479619084451,-5.792294588170653,0.02993984892964363,4.0,21.219544945316446,277.3109436035156,0.07,5.72,8.01,0,12.94,0,0.01,0.03,-0.03,14.9,7.45,14.7,19.61,92,20.09,1013.4,14.65,604.4,1,339.57,225,0,85,-,32.94,25.88,761.5,19.61,30.63,1.13,47.06,-6.25,0,-0.78,-,0.53,4,21.22,277.31,-5.79,-35.2,20,0.11,-,36,0,11.27,8.87,3.08,0,31.85,0.81,0.74,3.14,988,0.11,0,13.33,5,-,11.27,8.87,31.85,4.23,856.41,619.71,236.7,-10.9,14.28,14.5,24
Mon Sep 26 06:50:10 GMT-03:00 2022,26-Sep-2022 06:50:11.417,-35.20479619084451,-5.792294588170653,0.0310372244566679,4.0,21.23171476876329,277.31402587890625,0.05,5.64,8.06,0,12.94,0,0.01,0.03,-0.02,14.9,7.45,14.7,19.61,92,20.06,1013.39,14.65,603.6,1,339.55,225,0,85,-,33.33,26.27,753,19.61,30.65,1.14,47.06,-6.25,-3.91,-0.78,-,0.53,4,21.23,277.31,-5.79,-35.2,22,0.11,-,36,0,11.27,8.87,3.11,0,31.84,0.81,0.74,3.14,989,0.11,0,13.33,6,-,11.27,8.87,31.84,4.23,857.39,619.71,237.67,-10.69,14.28,14.4,25
Mon Sep 26 06:50:11 GMT-03:00 2022,26-Sep-2022 06:50:12.419,-35.20479619084451,-5.792294588170653,0.02383347600698471,4.0,21.201993839689262,277.3112487792969,0,5.67,8.04,0,12.94,0,0.02,0.03,-0.02,14.9,7.45,14.7,19.61,92,20.06,1013.37,14.65,603.6,1,339.55,225,0,85,-,33.33,26.67,753,19.61,30.65,1.14,47.06,-6.25,-3.91,-4.69,-,0.53,4,21.2,277.31,-5.79,-35.2,20,0.11,-,36,0,11.27,8.87,3.11,0,31.84,0.61,0.74,3.14,990,0.09,0,13.33,6,-,11.27,8.87,31.84,4.23,858.4,619.71,238.68,-10.69,14.22,14.4,25
Mon Sep 26 06:50:12 GMT-03:00 2022,26-Sep-2022 06:50:13.418,-35.20479619084451,-5.792294588170653,0.03441227227449417,4.0,21.456323897469677,277.3018798828125,-0.02,5.66,8.09,0,12.16,0,0.02,0.03,-0.02,14.9,7.45,14.7,19.61,92,20.03,1013.38,14.65,602.4,1,339.52,225,0,85,-,28.24,19.22,731.5,19.61,30.67,0.89,47.06,-7.81,-0.78,0,-,0.53,4,21.46,277.3,-5.79,-35.2,22,0.09,-,36,0,11.27,8.87,2.44,0,31.84,0.33,0.77,1.96,990,0.12,0,12.16,-1,-,11.27,8.87,31.84,4.23,859.4,619.71,239.69,-11.51,14.26,14.4,24
Mon Sep 26 06:50:13 GMT-03:00 2022,26-Sep-2022 06:50:14.417,-35.20479619084451,-5.792294588170653,0.03347063809633255,4.0,21.49851197468243,277.29913330078125,0.03,5.61,8.04,-0,12.16,0,0.01,0.03,-0.02,14.9,7.45,14.7,19.61,92,20,1013.39,14.65,602.4,1,339.5,225,0,85,-,23.92,18.82,758,19.61,30.68,0.81,47.06,-7.81,0,0,-,0.53,4,21.5,277.3,-5.79,-35.2,21,0.12,-,36,0,11.27,8.87,2.22,0,31.84,0.84,0.79,1.96,991,0.12,0,12.55,6,-,11.27,8.87,31.84,4.23,860.41,619.71,240.7,-11.71,14.18,14.4,23
Mon Sep 26 06:50:14 GMT-03:00 2022,26-Sep-2022 06:50:15.417,-35.20479619084451,-5.792294588170653,0.024288833141326904,4.0,21.481653556105254,277.2945251464844,0.2,5.62,7.98,-0.01,12.16,-0.01,0.03,0.02,-0.04,14.9,7.45,14.7,19.61,92,19.97,1013.41,14.65,601.3,1,345.13,225,0,85,-,23.53,18.82,739,19.61,30.7,0.8,47.84,-7.81,-3.91,-4.69,-,0.53,4,21.48,277.29,-5.79,-35.2,20,0.09,-,36,0,11.27,8.87,2.19,0,31.84,0.8,0.8,1.96,992,0.09,0,12.55,7.5,-,11.27,8.87,31.84,4.23,861.41,619.71,241.7,-11.85,14.26,14.5,22
Mon Sep 26 06:50:15 GMT-03:00 2022,26-Sep-2022 06:50:16.417,-35.204844183463166,-5.792286459515062,0.02333219163119793,4.0,21.542576135621623,277.2802429199219,-0.07,5.68,8.08,0,12.16,0,0.02,0.03,-0.02,14.9,7.45,14.7,19.61,92,19.94,1013.39,14.65,601.3,1,342.28,225,0,85,-,24.31,19.22,721.5,19.61,30.72,0.8,47.45,-7.81,-4.69,-4.69,-,0.53,4,21.54,277.28,-5.79,-35.2,20,0.08,-,36,0,11.27,8.87,2.19,0,31.84,0.8,0.8,1.96,994,0.08,0,12.55,9,-,11.27,8.87,31.84,4.23,862.35,619.71,242.64,-11.78,14.26,14.5,21
Mon Sep 26 06:50:16 GMT-03:00 2022,26-Sep-2022 06:50:17.419,-35.204844183463166,-5.792286459515062,0.027191417291760445,4.0,21.496222298967243,277.27471923828125,-0.74,6.29,7.98,0.04,12.16,0,0.03,0.03,-0.03,14.9,7.45,14.7,19.61,92,19.91,1013.49,14.65,600.5,1,342.26,225,0,85,-,23.92,19.22,741.5,19.61,30.73,0.8,47.45,-7.81,-2.34,-3.91,-,0.53,4,21.5,277.27,-5.79,-35.2,20,0.1,-,36,0,11.27,8.87,2.19,0,31.83,0.09,0.83,2.35,995,0.1,0,12.55,9,-,11.27,8.87,31.83,4.23,863.39,619.71,243.68,-11.71,14.28,14.4,21
Mon Sep 26 06:50:17 GMT-03:00 2022,26-Sep-2022 06:50:18.417,-35.204844183463166,-5.792286459515062,0.027484390884637833,4.0,21.38706716291802,277.2635498046875,-0.1,5.67,8.05,0,12.16,0,0.03,0.04,-0.02,14.9,7.45,14.7,19.61,92,19.91,1013.36,14.65,600.5,1,342.23,225,0,85,-,23.92,18.82,741.5,19.61,30.75,0.82,47.45,-7.81,-2.34,-1.56,-,0.53,4,21.39,277.26,-5.79,-35.2,20,0.1,-,36,0,11.27,8.87,2.24,0,31.83,0.09,0.86,2.35,996,0.1,0,12.55,6.5,-,11.27,8.87,31.83,4.23,864.39,619.71,244.68,-11.72,14.18,14.4,20
Mon Sep 26 06:50:18 GMT-03:00 2022,26-Sep-2022 06:50:19.418,-35.204844183463166,-5.792286459515062,0.0345899872481823,4.0,21.32230316414627,277.25830078125,-0.12,5.66,8.04,-0,12.16,0,0.03,0.03,-0.02,14.9,7.45,14.7,19.61,92,19.88,1013.38,14.65,599.2,1,342.23,225,0,85,-,23.53,18.43,768,19.61,30.75,0.82,47.45,-7.81,0.78,1.56,-,0.53,4,21.32,277.26,-5.79,-35.2,19,0.1,-,36,0,11.27,8.87,2.24,0,31.83,0.16,0.85,2.35,997,0.12,0,12.55,6,-,11.27,8.87,31.83,4.23,865.4,619.71,245.69,-11.72,14.26,14.5,20
Mon Sep 26 06:50:19 GMT-03:00 2022,26-Sep-2022 06:50:20.419,-35.204844183463166,-5.792286459515062,0.018540047109127045,4.0,21.311101995048855,277.2593688964844,-0.06,5.71,8.06,0,12.55,0,0.03,0.03,-0.02,14.9,7.45,14.7,19.61,92,19.85,1013.39,14.65,599.2,1,342.21,225,0,85,-,23.53,20.39,779.5,19.61,30.76,0.81,47.45,-7.81,0,-0.78,-,0.53,4,21.31,277.26,-5.79,-35.2,20,0.12,-,36,0,11.27,8.87,2.22,0,31.83,0.81,0.83,2.75,997,0.07,0,12.94,3.5,-,11.27,8.87,31.83,4.23,866.41,619.71,246.69,-11.85,14.2,14.5,20
Mon Sep 26 06:50:20 GMT-03:00 2022,26-Sep-2022 06:50:21.420,-35.204844183463166,-5.792286459515062,0.02120080776512623,4.0,21.315643530510375,277.2562561035156,-0.07,5.68,8.03,0,12.55,0.01,0.02,0.04,-0.01,14.9,7.45,14.7,19.61,92,19.82,1013.39,14.65,597.7,1,342.19,225,0,85,-,27.45,20.39,828,19.61,30.78,0.94,47.45,-6.25,-2.34,0,-,0.53,4,21.32,277.26,-5.79,-35.2,22,0.07,-,36,0,11.27,8.88,2.58,0,31.83,0.1,0.82,3.14,998,0.08,0,13.33,16.5,-,11.27,8.88,31.83,4.23,867.39,619.71,247.68,-11.44,13.02,13.2,20
Mon Sep 26 06:50:21 GMT-03:00 2022,26-Sep-2022 06:50:22.419,-35.204844183463166,-5.792286459515062,0.013966728933155537,4.0,21.261265625305832,277.25537109375,-0.05,5.7,8.02,0,12.94,0.01,0.02,0.04,-0.01,14.9,7.45,14.7,19.61,92,19.82,1013.36,14.65,597.7,1,342.16,225,0,85,-,27.45,24.31,742.5,19.61,30.81,1.14,47.45,-6.25,-2.34,0,-,0.53,4,21.26,277.26,-5.79,-35.2,22,0.07,-,36,0,11.27,8.88,3.11,0,31.82,0.1,0.82,3.14,1000,0.05,0,13.33,16.5,-,11.27,8.88,31.82,4.23,868.42,619.71,248.71,-11.01,13.02,13.2,21
Mon Sep 26 06:50:22 GMT-03:00 2022,26-Sep-2022 06:50:23.420,-35.204844183463166,-5.792286459515062,0.017878616228699684,4.0,21.227380534314754,277.257080078125,-0.06,5.67,7.98,-0,12.94,0.01,0.02,0.04,-0.01,14.9,7.45,14.7,19.61,92,19.79,1013.39,14.65,596.1,1,342.16,225,0,85,-,32.94,24.31,742.5,19.61,30.81,1.14,47.45,-6.25,4.69,4.69,-,0.53,4,21.23,277.26,-5.79,-35.2,23,0.05,-,36,0,11.27,8.88,3.11,0,31.82,0.77,0.81,3.14,1000,0.06,0,13.73,15,-,11.27,8.88,31.82,4.23,869.4,619.71,249.69,-11.01,14.26,14.5,21
Mon Sep 26 06:50:23 GMT-03:00 2022,26-Sep-2022 06:50:24.419,-35.204844183463166,-5.792286459515062,0.013842739164829254,4.0,21.175718534748775,277.265625,0.09,5.64,8.08,0,12.94,0,0.03,0.04,-0.02,14.9,7.45,14.7,19.61,92,19.76,1013.39,14.65,596.1,1,342.14,225,0,85,-,34.12,25.88,794.5,19.61,30.84,1.14,47.45,-6.25,-0.78,-0.78,-,0.53,4,21.18,277.27,-5.79,-35.2,23,0.05,-,36,0,11.27,8.88,3.11,0,31.82,0.65,0.8,3.14,1001,0.05,0,14.12,10.5,-,11.27,8.88,31.82,4.23,870.42,619.71,250.71,-10.59,14.28,14.5,23
Mon Sep 26 06:50:24 GMT-03:00 2022,26-Sep-2022 06:50:25.418,-35.204844183463166,-5.792286459515062,0.02091711387038231,4.0,21.142967392456875,277.2616271972656,0.07,5.69,8.07,0,13.33,0,0.02,0.04,-0.02,14.9,7.45,14.7,19.61,92,19.74,1013.37,14.65,595,1,342.11,225,0,85,-,31.76,26.27,933.5,19.61,30.87,1.34,47.45,-5.47,-0.78,-0.78,-,0.53,4,21.14,277.26,-5.79,-35.2,20,0.08,-,36,0,11.26,8.88,3.66,0,31.82,0.65,0.8,3.53,1003,0.08,0,14.12,10.5,-,11.26,8.88,31.82,4.23,871.4,619.71,251.69,-10.19,14.28,14.6,25
Mon Sep 26 06:50:25 GMT-03:00 2022,26-Sep-2022 06:50:26.419,-35.204844183463166,-5.792286459515062,0.014913830906152725,4.0,21.13248408361926,277.2583923339844,-0.17,5.67,8.04,0,13.33,0,0.02,0.04,-0.02,14.9,7.45,14.7,19.61,92,19.74,1013.4,14.65,594,1,342.09,225,0,85,-,31.76,25.49,917.5,19.61,30.89,1.34,47.45,-5.47,3.12,3.12,-,0.53,4,21.13,277.26,-5.79,-35.2,22,0.08,-,36,0,11.26,8.88,3.66,0,31.82,0.8,0.79,3.53,1004,0.05,0,13.73,4.5,-,11.26,8.88,31.82,4.23,872.39,619.71,252.68,-10.85,14.24,14.5,25
Mon Sep 26 06:50:26 GMT-03:00 2022,26-Sep-2022 06:50:27.420,-35.204844183463166,-5.792286459515062,0.028908247128129005,6.0,21.150236072925896,277.2529296875,-0.04,5.66,8.03,-0,12.16,0,0.02,0.04,-0.02,14.9,7.45,14.7,19.61,92,19.71,1013.38,14.65,594,1,342.09,225,0,85,-,31.76,21.57,917.5,19.61,30.89,1.34,47.45,-5.47,-0.78,-1.56,-,0.53,6,21.15,277.25,-5.79,-35.2,21,0.05,-,36,0,11.26,8.88,3.66,0,31.82,0.81,0.79,3.53,1005,0.1,0,13.73,4.5,-,11.26,8.88,31.82,4.23,873.41,619.71,253.69,-10.85,14.28,14.5,25
Mon Sep 26 06:50:27 GMT-03:00 2022,26-Sep-2022 06:50:28.419,-35.204844183463166,-5.792286459515062,0.01588113233447075,6.0,21.119374297886427,277.25177001953125,-0.11,5.68,8.08,0,12.16,0,0.03,0.03,-0.02,14.9,7.45,14.7,19.61,92,19.68,1013.39,14.65,592.7,1,342.07,225,0,84,-,24.31,18.82,775.5,19.61,30.91,0.8,47.45,-7.81,-4.69,-4.69,-,0.53,6,21.12,277.25,-5.79,-35.2,22,0.1,-,36,0,11.26,8.88,2.19,0,31.82,0.83,0.79,1.96,1005,0.06,0,12.55,4.5,-,11.26,8.88,31.82,4.23,874.4,619.71,254.68,-12.34,14.24,14.5,22
Mon Sep 26 06:50:28 GMT-03:00 2022,26-Sep-2022 06:50:29.421,-35.204844183463166,-5.792286459515062,0.013605525717139244,6.0,21.058626294788702,277.2567443847656,-0.11,5.67,8.03,-0,12.16,0,0.03,0.03,-0.02,14.9,7.45,14.7,19.61,92,19.65,1013.32,14.65,592.7,1,342.04,225,0,84,-,23.53,18.82,720.5,19.61,30.92,0.77,47.45,-8.59,-7.03,-7.81,-,0.53,6,21.06,277.26,-5.79,-35.2,22,0.06,-,36,0,11.26,8.88,2.11,0,31.81,0.79,0.86,1.96,1006,0.05,0,12.55,9.5,-,11.26,8.88,31.81,4.23,875.43,619.71,255.72,-12.01,14.3,14.5,21
Mon Sep 26 06:50:29 GMT-03:00 2022,26-Sep-2022 06:50:30.420,-35.204844183463166,-5.792286459515062,0.01527303084731102,6.0,21.02782434050419,277.245361328125,-0.15,5.68,8.01,-0,12.16,0,0.03,0.04,-0.02,14.9,7.45,14.7,19.61,92,19.62,1013.4,14.65,591.7,1,342.02,225,0,84,-,24.71,19.61,722.5,19.61,30.93,0.8,47.45,-7.81,-7.03,-6.25,-,0.53,6,21.03,277.25,-5.79,-35.2,22,0.05,-,36,0,11.26,8.88,2.19,0,31.81,0.08,0.88,1.96,1007,0.05,0,12.55,12,-,11.26,8.88,31.81,4.23,876.42,619.71,256.71,-11.71,14.22,14.5,21
Mon Sep 26 06:50:30 GMT-03:00 2022,26-Sep-2022 06:50:31.419,-35.204844183463166,-5.792286459515062,0.016423271968960762,4.0,20.952424320923548,277.24407958984375,0,5.67,8.04,0,12.16,0,0.02,0.04,-0.02,14.9,7.45,14.7,19.61,92,19.59,1013.38,14.65,591.7,1,341.99,225,0,84,-,24.31,19.61,733,19.61,30.95,0.8,47.45,-7.81,-3.91,-6.25,-,0.53,4,20.95,277.24,-5.79,-35.2,23,0.06,-,36,0,11.26,8.88,2.19,0,31.81,0.08,0.88,2.35,1009,0.06,0,12.55,6,-,11.26,8.88,31.81,4.23,877.43,619.71,257.71,-11.71,14.26,14.5,20
Mon Sep 26 06:50:31 GMT-03:00 2022,26-Sep-2022 06:50:32.419,-35.204844183463166,-5.792286459515062,0.014386291615664959,4.0,20.917307674480366,277.24725341796875,-0.12,5.58,8.08,-0,12.16,0,0.02,0.01,-0.02,14.9,7.45,14.7,19.61,92,19.56,1013.4,14.65,591,1,341.97,225,0,84,-,24.31,19.22,739,19.61,30.96,0.8,47.45,-7.81,-0.78,-3.12,-,0.53,4,20.92,277.25,-5.79,-35.2,23,0.05,-,36,0,11.26,8.88,2.19,0,31.81,0.08,0.87,2.35,1010,0.05,0,12.55,6,-,11.26,8.88,31.81,4.23,878.42,619.71,258.7,-11.76,14.26,14.5,20
Mon Sep 26 06:50:32 GMT-03:00 2022,26-Sep-2022 06:50:33.419,-35.204844183463166,-5.792286459515062,0.007697440218180418,4.0,20.886344589001737,277.243408203125,-0.1,5.69,8,-0,12.16,0.05,-0.11,0.05,0.01,14.9,7.45,14.7,19.61,92,19.56,1013.91,14.65,591,1,341.95,225,0,84,-,24.31,18.82,761.5,19.61,30.98,0.82,47.45,-7.81,-0.78,0,-,0.53,4,20.89,277.24,-5.79,-35.2,23,0.05,-,36,0,11.26,8.88,2.24,0,31.8,0.09,0.85,2.35,1011,0.03,0,12.55,6,-,11.26,8.88,31.8,4.23,879.41,619.71,259.7,-11.71,14.22,14.5,20
Mon Sep 26 06:50:33 GMT-03:00 2022,26-Sep-2022 06:50:34.420,-35.204844183463166,-5.792286459515062,0.009329244494438171,4.0,20.824069915010085,277.2518005371094,-0.09,5.69,8.04,0,12.55,0,0.03,0.04,-0.02,14.9,7.45,14.7,19.61,92,19.54,1013.46,14.65,589.7,1,341.95,225,0,84,-,23.53,20.39,761.5,19.61,30.98,0.82,47.45,-7.81,1.56,2.34,-,0.53,4,20.82,277.25,-5.79,-35.2,24,0.03,-,37,0,11.26,8.88,2.24,0,31.8,0.11,0.83,2.75,1011,0.03,0,12.55,6.5,-,11.26,8.88,31.8,4.23,880.29,619.71,260.58,-11.71,14.2,14.5,20
Mon Sep 26 06:50:34 GMT-03:00 2022,26-Sep-2022 06:50:35.420,-35.204844183463166,-5.792286459515062,0.009885657578706741,4.0,20.784829438891315,277.24481201171875,-0.18,5.7,8.05,0,13.33,0,0.05,0.04,-0.03,14.9,7.45,14.7,19.61,92,19.51,1013.39,14.65,588.9,1,341.92,225,0,84,-,25.49,20.39,828,19.61,31,0.96,47.45,-6.25,5.47,5.47,-,0.53,4,20.78,277.24,-5.79,-35.2,21,0.04,-,37,0,11.26,8.88,2.63,0,31.8,0.67,0.82,3.14,1012,0.04,0,13.73,18,-,11.26,8.88,31.8,4.23,881.41,619.71,261.7,-11.29,13.78,13.8,20
Mon Sep 26 06:50:35 GMT-03:00 2022,26-Sep-2022 06:50:36.420,-35.204844183463166,-5.792286459515062,0.007461901754140854,4.0,20.790318284235376,277.2516784667969,-0.08,5.68,8.06,0,13.33,0,0.03,0.03,-0.03,14.9,7.45,14.7,19.61,92,19.48,1013.37,14.65,588.9,1,341.9,225,0,84,-,32.55,28.63,797,19.61,31.02,1.09,47.45,-6.25,2.34,2.34,-,0.53,4,20.79,277.25,-5.79,-35.2,21,0.03,-,37,0,11.26,8.88,2.97,0,31.8,0.82,0.81,3.14,1013,0.03,0,13.33,3.5,-,11.26,8.88,31.8,4.23,882.3,619.71,262.59,-11.16,14.28,14.5,21
Mon Sep 26 06:50:36 GMT-03:00 2022,26-Sep-2022 06:50:37.418,-35.204844183463166,-5.792286459515062,0.005648497957736254,4.0,20.75595356600319,277.24859619140625,-0.02,5.68,8,-0,12.94,0.01,0.02,0.04,-0.01,14.9,7.45,14.7,19.61,92,19.45,1013.41,14.65,588.9,1,341.88,225,0,84,-,32.94,25.88,765,19.61,31.04,1.14,47.45,-6.25,-0.78,-1.56,-,0.54,4,20.76,277.25,-5.79,-35.2,20,0.02,-,37,0,11.26,8.88,3.13,0,31.8,0.64,0.8,3.14,1015,0.02,0,13.33,3.5,-,11.26,8.88,31.8,4.23,883.42,619.71,263.71,-10.83,14.22,14.5,22
Mon Sep 26 06:50:37 GMT-03:00 2022,26-Sep-2022 06:50:38.417,-35.204844183463166,-5.792286459515062,0.009301428683102131,4.0,20.735578956501765,277.2453308105469,-0.09,5.68,7.99,-0,12.94,0,0.03,0.04,-0.02,14.9,7.45,14.7,19.61,92,19.42,1013.36,14.65,587.1,1,341.85,225,0,84,-,33.33,25.88,746.5,19.61,31.06,1.13,47.45,-6.25,0.78,-1.56,-,0.54,4,20.74,277.25,-5.79,-35.2,21,0.03,-,37,0,11.26,8.88,3.08,0,31.8,0.64,0.8,3.14,1016,0.03,0,13.33,3.5,-,11.26,8.88,31.8,4.23,884.38,619.71,264.67,-10.74,14.22,14.5,23
Mon Sep 26 06:50:38 GMT-03:00 2022,26-Sep-2022 06:50:39.417,-35.204844183463166,-5.792286459515062,0.008048688992857933,4.0,20.7625208735787,277.24481201171875,0.02,5.71,7.97,-0,12.94,0,0.03,0.03,-0.02,14.9,7.45,14.7,19.61,92,19.4,1013.39,14.65,587.1,1,341.83,225,0,84,-,32.94,26.27,775,19.61,31.08,1.17,47.45,-6.25,0.78,1.56,-,0.54,4,20.76,277.24,-5.79,-35.2,21,0.03,-,37,0,11.26,8.88,3.19,0,31.79,0.11,0.8,3.14,1017,0.03,0,13.33,3.5,-,11.26,8.88,31.79,4.23,885.4,619.71,265.69,-10.5,14.18,14.5,24
Mon Sep 26 06:50:39 GMT-03:00 2022,26-Sep-2022 06:50:40.417,-35.204844183463166,-5.792286459515062,0.010158020071685314,4.0,20.73717012781907,277.24249267578125,0.04,5.73,8.02,0,12.94,0.01,0.02,0.04,-0.01,14.9,7.45,14.7,19.61,92,19.4,1013.36,14.65,585.6,1,341.83,225,0,84,-,32.94,25.49,775,19.61,31.08,1.17,47.45,-6.25,3.12,3.12,-,0.54,4,20.74,277.24,-5.79,-35.2,20,0.03,-,37,0,11.26,8.88,3.19,0,31.79,0.81,0.79,3.14,1017,0.04,0,13.33,3.5,-,11.26,8.88,31.79,4.23,886.43,619.71,266.72,-10.5,14.22,14.5,24
Mon Sep 26 06:50:40 GMT-03:00 2022,26-Sep-2022 06:50:41.416,-35.204844183463166,-5.792286459515062,0.01254563219845295,4.0,20.735480913330047,277.2359619140625,-0.2,5.85,8.16,0.02,12.94,0.01,0,0.05,-0.01,14.9,7.45,14.7,19.61,92,19.37,1013.37,14.65,584.6,1,341.81,225,0,84,-,32.16,26.27,776.5,19.61,31.11,1.13,47.45,-6.25,-0.78,-1.56,-,0.54,4,20.74,277.24,-5.79,-35.2,19,0.04,-,37,0,11.25,8.89,3.08,0,31.79,0.8,0.78,3.14,1018,0.05,0,13.33,4.5,-,11.25,8.89,31.79,4.23,887.42,619.71,267.71,-10.79,14.22,14.5,25
Mon Sep 26 06:50:41 GMT-03:00 2022,26-Sep-2022 06:50:42.419,-35.204844183463166,-5.792286459515062,0.01320795901119709,4.0,20.746732913020548,277.2244873046875,0.07,5.69,8.1,0.01,12.94,0,0.02,0.03,-0.02,14.9,7.45,14.7,19.61,92,19.34,1013.34,14.65,584,1,341.78,225,0,84,-,31.37,26.27,762.5,19.61,31.13,1.14,47.45,-7.03,-4.69,-5.47,-,0.54,4,20.75,277.22,-5.79,-35.2,20,0.05,-,37,0,11.25,8.89,3.11,0,31.79,0.46,0.78,3.14,1019,0.05,0,13.73,-7.5,-,11.25,8.89,31.79,4.23,888.43,619.71,268.72,-10.76,14.06,14.3,25
Mon Sep 26 06:50:42 GMT-03:00 2022,26-Sep-2022 06:50:43.417,-35.204844183463166,-5.792286459515062,0.03845696151256561,6.0,20.737920985972394,277.1844787597656,-0.27,5.9,7.81,-0,12.55,0.01,0,0.06,-0.03,14.9,7.45,14.7,19.61,92,19.31,1013.37,14.65,584,1,341.76,225,0,84,-,34.9,23.92,804.5,19.61,31.16,1.33,47.45,-6.25,-0.78,0,-,0.54,6,20.74,277.18,-5.79,-35.2,21,0.14,-,37,0,11.25,8.89,3.63,0,31.79,0.08,0.79,2.75,1021,0.14,0,12.55,3,-,11.25,8.89,31.79,4.23,889.38,619.71,269.67,-10.02,13.06,14.3,27
Mon Sep 26 06:50:43 GMT-03:00 2022,26-Sep-2022 06:50:44.418,-35.204823475463165,-5.792280272751774,0.4648265838623047,6.0,20.653213941621985,275.19525146484375,-1.01,6.85,6.79,-0.01,13.33,-0.01,-0.07,0.15,-0.15,20.78,11.76,14.7,19.61,92,19.29,1013.35,14.65,584,1,341.74,225,0,84,0.39,59.22,30.98,976,19.61,31.23,3.99,47.45,-6.25,-0.78,0,-,0.54,6,20.65,275.2,-5.79,-35.2,21,0.33,0.52,37,0,11.25,8.89,10.91,0,31.79,0.08,0.79,4.31,1022,1.67,2,17.25,17,3.83,11.25,8.89,31.79,4.23,890.39,619.96,270.43,-1.48,13.06,13.4,42
Mon Sep 26 06:50:44 GMT-03:00 2022,26-Sep-2022 06:50:45.417,-35.20482919120433,-5.79228271665826,0.6663966774940491,6.0,20.224976921470606,265.37908935546875,0.18,5.74,8.32,0.03,14.9,0,0,-0.01,0,14.9,7.45,14.7,19.61,92,19.27,1013.36,14.65,581.9,1,338.89,225,0,84,2.28,27.06,32.16,1031.5,19.61,31.24,0.92,47.06,-3.91,-2.34,-2.34,-,0.54,6,20.22,265.38,-5.79,-35.2,21,3.6,3.06,37,2.17,11.24,8.9,2.52,6.13,31.75,0.81,0.81,6.27,1023,2.4,6,17.25,17,21.11,11.24,8.9,31.75,4.23,891.41,620.98,270.43,-12.14,14.26,14.5,36
Mon Sep 26 06:50:45 GMT-03:00 2022,26-Sep-2022 06:50:46.417,-35.20484332961539,-5.792285094202846,1.7830986976623535,6.0,20.132588650428367,249.3199462890625,-0.01,5.3,7.15,-0.09,14.12,-0.08,0.04,0.06,-0.15,22.75,12.55,14.7,19.61,92,19.27,1013.37,14.65,581.5,1,338.89,225,0,84,2.28,27.06,31.76,1031.5,19.61,31.24,0.92,47.06,-7.81,-2.34,-3.12,-,0.54,6,20.13,249.32,-5.79,-35.2,23,3.6,3.06,37,2.17,11.24,8.9,2.52,6.13,31.75,0.78,0.81,4.31,1024,6.42,6,12.16,-3,21.11,11.24,8.9,31.75,4.23,892.42,621.99,270.43,-12.14,14.26,14.5,36
Mon Sep 26 06:50:46 GMT-03:00 2022,26-Sep-2022 06:50:47.420,-35.204861323486774,-5.792292599385104,2.067983627319336,6.0,20.11328607901085,244.74952697753906,0.29,5.61,7.93,-0.01,14.51,0.01,0.03,0.09,-0.04,23.53,12.16,14.7,19.61,92,19.25,1013.39,14.65,581.5,1,338.5,225,0,84,0.57,38.43,31.76,1272.5,19.61,31.29,2.22,47.06,-4.69,0.78,2.34,-,0.54,6,20.11,244.75,-5.79,-35.2,23,0.58,0.76,37,2.7,11.23,8.91,6.08,7.63,31.71,0.22,0.81,4.71,1024,7.44,7,15.29,21.5,4.28,11.23,8.91,31.71,4.23,893.3,622.88,270.43,-8.92,14.3,14.5,37
Mon Sep 26 06:50:47 GMT-03:00 2022,26-Sep-2022 06:50:48.419,-35.204880492606264,-5.792303258851144,2.6684443950653076,6.0,19.492167986064928,244.5607452392578,-1.46,6.61,7.71,0.04,14.51,0.07,-0.03,0.11,0,23.53,12.16,14.7,19.61,92,19.24,1013.38,14.65,581.5,1,338.13,225,0,84,1.47,36.08,29.02,1496,19.61,31.34,2.34,47.06,-4.69,-4.69,-5.47,-,0.54,6,19.49,244.56,-5.79,-35.2,23,0.61,1.97,37,2.99,11.22,8.92,6.41,8.44,31.68,0.2,0.8,4.71,1025,9.61,9,15.69,24,9.4,11.22,8.92,31.68,4.24,894.39,623.96,270.43,-9.76,14.24,14.5,36
Mon Sep 26 06:50:48 GMT-03:00 2022,26-Sep-2022 06:50:49.419,-35.20489905243841,-5.79231483176356,2.7758383750915527,6.0,19.43651830809722,242.44984436035156,-0.32,4.9,7.36,-0.1,17.65,0.02,-0.12,0,0,25.49,12.94,14.7,19.61,92,19.23,1013.36,14.65,580.7,1,337.78,225,0,84,3.53,39.22,36.08,1725,19.61,31.39,2.96,47.06,-3.91,0.78,-5.47,-,0.54,6,19.44,242.45,-5.79,-35.2,23,2.01,4.73,37,3.04,11.2,8.93,8.11,8.58,31.65,0.2,0.8,7.84,1027,9.99,12,15.69,10.5,19.54,11.2,8.93,31.65,4.24,895.15,624.72,270.43,-9.38,14.24,14.6,36
Mon Sep 26 06:50:49 GMT-03:00 2022,26-Sep-2022 06:50:50.419,-35.204925078560834,-5.792329340440855,3.5841116905212402,6.0,19.47985631782564,229.12078857421875,-0.89,5.21,7.95,-0.03,15.29,0.02,-0.16,0.1,-0.07,22.35,11.37,14.7,19.61,92,19.22,1013.39,14.65,580.7,1,328.99,225,0,84,1.14,40.39,29.41,1508,19.61,31.44,2.42,45.88,-3.91,-7.81,-3.12,-,0.54,6,19.48,229.12,-5.79,-35.2,24,0.1,1.53,37,4.97,11.19,8.93,6.61,14.03,31.62,0.8,0.78,3.14,1028,12.9,13,16.47,10.5,7.24,11.19,8.93,31.62,4.24,896.41,625.98,270.43,-10.93,14.22,14.4,33
Mon Sep 26 06:50:50 GMT-03:00 2022,26-Sep-2022 06:50:51.420,-35.20495136685088,-5.792353094739919,3.770496129989624,6.0,19.420618342642058,217.90228271484375,0.42,6.39,8.15,0.05,17.25,0,-0.02,0.06,-0.04,21.96,11.37,14.7,19.61,92,19.22,1013.35,14.65,581.5,1,328.99,225,0,84,1.14,40.39,37.65,1508,19.61,31.44,2.42,45.88,-3.91,-7.81,-9.38,-,0.54,6,19.42,217.9,-5.79,-35.2,24,0.1,1.53,37,4.97,11.19,8.93,6.61,14.03,31.62,0.62,0.77,7.45,1028,13.57,13,18.82,21.5,7.24,11.19,8.93,31.62,4.24,897.4,626.97,270.43,-10.93,14.22,14.5,33
Mon Sep 26 06:50:51 GMT-03:00 2022,26-Sep-2022 06:50:52.419,-35.20497307105358,-5.792384607290509,4.221799850463867,6.0,19.468558112111893,208.1180877685547,-0.35,6.35,7.93,0.03,14.51,0.03,0.04,-0.03,0.05,18.43,9.8,14.7,19.61,92,19.21,1013.37,14.65,582.6,1,331.54,225,0,84,2.38,43.53,37.65,1598.5,19.61,31.51,3.1,46.27,-3.91,-1.56,0,-,0.54,6,19.47,208.12,-5.79,-35.2,23,1.43,3.19,37,4.2,11.18,8.94,8.47,11.86,31.6,0.1,0.8,4.31,1029,15.2,15,16.47,3,14.21,11.18,8.94,31.6,4.25,898.39,627.97,270.43,-9.19,14.28,14.5,34
Mon Sep 26 06:50:52 GMT-03:00 2022,26-Sep-2022 06:50:53.420,-35.20498994576536,-5.792418558966862,4.2862348556518555,6.0,19.513628681270777,203.3652801513672,1.03,5.99,8.14,0.03,14.12,-0.04,0.01,0.07,-0.11,18.43,9.8,14.7,19.61,92,19.21,1013.36,14.65,582.6,1,331.25,225,0,84,2.38,27.06,26.67,1275.5,19.61,31.53,1.29,46.27,-4.69,-3.91,-5.47,-,0.54,6,19.51,203.37,-5.79,-35.2,23,0.2,3.19,37,11.66,11.19,8.94,3.52,32.94,31.6,0.77,0.79,4.31,1030,15.43,15,14.12,25.5,14.21,11.19,8.94,31.6,4.25,899.43,629,270.43,-12.51,14.22,14.6,29
Mon Sep 26 06:50:53 GMT-03:00 2022,26-Sep-2022 06:50:54.416,-35.20500401792752,-5.792452540460206,4.178941249847412,6.0,19.20718282401461,200.77574157714844,-0.44,5.18,8.12,-0.02,14.12,0,-0.01,0.03,-0.01,20.78,10.59,14.7,19.61,92,19.2,1013.37,14.65,583.7,1,331.27,225,0,84,2.38,31.37,24.71,1301,19.61,31.57,1.82,46.27,-4.69,-2.34,-1.56,-,0.54,6,19.21,200.78,-5.79,-35.21,26,0.04,3.19,37,8.26,11.18,8.94,4.97,23.33,31.59,0.09,0.78,4.31,1031,15.04,15,14.51,24,14.21,11.18,8.94,31.59,4.26,900.42,629.99,270.43,-10.86,14.22,14.5,28
Mon Sep 26 06:50:54 GMT-03:00 2022,26-Sep-2022 06:50:55.418,-35.20501625710166,-5.792495007474262,4.5316162109375,4.0,20.23230695138621,199.57090759277344,0.01,5.2,8.17,-0.02,14.12,0,0.02,0.03,-0.02,19.61,10.2,14.7,19.61,92,19.19,1013.43,14.65,583.7,1,331.14,225,0,84,-,25.49,25.49,1421.5,19.61,31.6,1.6,46.27,-4.69,-0.78,-1.56,-,0.54,4,20.23,199.57,-5.79,-35.21,26,1.31,-,37,9.37,11.18,8.95,4.38,26.47,31.58,0.09,0.78,4.31,1033,16.31,15,14.51,24,-,11.18,8.95,31.58,4.26,901.42,630.99,270.43,-11.38,14.22,14.5,26
Mon Sep 26 06:50:55 GMT-03:00 2022,26-Sep-2022 06:50:56.421,-35.20503008198334,-5.792534552611154,4.643453598022461,4.0,20.273931247571987,200.17880249023438,1.13,4.3,7.96,-0.07,12.94,0.13,0.05,0.15,0.05,14.9,7.45,14.7,19.61,92,19.19,1013.38,14.65,584.2,1,331.07,225,0,84,-,25.49,17.65,1149,19.61,31.62,0.93,46.27,-5.47,-0.78,-1.56,-,0.55,4,20.27,200.18,-5.79,-35.21,26,1.72,-,37,16.1,11.19,8.94,2.55,45.47,31.6,0.67,0.76,2.75,1034,16.72,15,14.12,6.5,-,11.19,8.94,31.6,4.27,902.39,631.96,270.43,-12.91,14.28,14.5,23
Mon Sep 26 06:50:56 GMT-03:00 2022,26-Sep-2022 06:50:57.416,-35.20504408075197,-5.792571622257383,4.391333103179932,4.0,20.267293458225964,201.12930297851562,-1.49,6.57,9.05,0.15,12.16,0.27,0.06,-0.03,0.33,17.65,8.24,14.7,19.61,92,19.19,1013.42,14.65,584.2,1,331.07,225,0,84,-,19.22,16.08,1149,19.61,31.62,0.93,46.27,-7.03,-2.34,-0.78,-,0.55,4,20.27,201.13,-5.79,-35.21,25,1.72,-,37,16.1,11.19,8.94,2.55,45.47,31.6,0.35,0.76,2.35,1035,15.81,15,12.94,6.5,-,11.19,8.94,31.6,4.27,903.43,633,270.43,-12.91,14.26,14.5,23
Mon Sep 26 06:50:57 GMT-03:00 2022,26-Sep-2022 06:50:58.416,-35.20505673032629,-5.792606684086603,4.115661144256592,4.0,20.386833795321806,201.67515563964844,-0.19,7.9,7.69,0.12,15.29,0.12,-0.06,0.04,0.1,22.35,11.37,14.7,19.61,92,19.18,1013.39,14.65,584.2,1,331.27,225,0,84,-,20.39,32.55,921,19.61,31.63,0.86,46.27,-5.47,0.78,0.78,-,0.55,4,20.39,201.68,-5.79,-35.21,26,1.81,-,37,17.39,11.19,8.93,2.36,49.13,31.62,0.79,0.76,6.67,1035,14.82,14,12.55,6.5,-,11.19,8.93,31.62,4.27,904.43,634,270.43,-12.65,14.22,14.5,20
Mon Sep 26 06:50:58 GMT-03:00 2022,26-Sep-2022 06:50:59.417,-35.205071440390576,-5.792642878579311,4.189077854156494,4.0,20.410637785854824,202.15721130371094,0.21,6.95,9.01,0.16,15.29,0.08,0.07,0.1,0.03,21.57,10.98,14.7,19.61,92,19.17,1013.42,14.65,584.2,1,334.34,225,0,84,1.32,34.9,27.45,1487,19.61,31.68,2.27,46.67,-3.91,0.78,1.56,-,0.55,4,20.41,202.16,-5.79,-35.21,26,0.08,1.77,37,6.16,11.19,8.94,6.22,17.4,31.6,0.09,0.75,5.1,1036,15.08,15,15.69,24.5,8.47,11.19,8.94,31.6,4.28,905.41,634.98,270.43,-8.09,14.26,14.5,26
Mon Sep 26 06:50:59 GMT-03:00 2022,26-Sep-2022 06:51:00.417,-35.20508675457253,-5.792678261650948,4.375330924987793,4.0,20.74096827076091,202.41949462890625,0.67,7.1,7.09,0.02,15.29,0.08,-0.02,-0.13,0.15,21.57,10.98,14.7,19.61,92,19.17,1013.39,14.65,584.4,1,334.13,225,0,84,1.32,31.37,27.45,1515.5,19.61,31.71,2.11,46.67,-4.69,3.12,1.56,-,0.55,4,20.74,202.42,-5.79,-35.21,24,0.25,1.77,36,7.11,11.18,8.94,5.77,20.09,31.59,0.77,0.75,5.1,1037,15.75,16,14.51,25.5,8.47,11.18,8.94,31.59,4.28,906.3,635.88,270.43,-10.88,14.26,14.5,26
Mon Sep 26 06:51:00 GMT-03:00 2022,26-Sep-2022 06:51:01.417,-35.20510230868981,-5.792715604406606,4.59227180480957,4.0,20.88271452069416,202.41778564453125,-0.64,6.37,7.59,0.01,14.12,0.06,0.03,0.08,0.02,15.69,8.24,14.7,19.61,92,19.17,1013.43,14.65,584.4,1,333.96,225,0,84,0.76,21.57,20.78,1207.5,19.61,31.73,1.07,46.67,-4.69,-3.12,-3.91,-,0.55,4,20.88,202.42,-5.79,-35.21,24,0.53,1.01,36,14.89,11.19,8.94,2.94,42.06,31.6,0.82,0.74,4.31,1039,16.53,16,12.94,9.5,5.97,11.19,8.94,31.6,4.28,907.42,636.99,270.43,-12.77,14.28,14.5,23
Mon Sep 26 06:51:01 GMT-03:00 2022,26-Sep-2022 06:51:02.418,-35.20511870731714,-5.792752695646397,4.465885639190674,4.0,21.031794271152204,201.1577911376953,-0.71,4.08,8.77,-0.01,12.94,0.05,0.08,0.14,-0.04,16.86,8.63,14.7,19.61,92,19.16,1013.44,14.65,584.5,1,334.12,225,0,84,0.76,19.22,16.08,1034.5,19.61,31.75,0.88,46.67,-7.03,-3.12,-3.91,-,0.55,4,21.03,201.16,-5.79,-35.21,21,1.08,1.01,36,18.17,11.2,8.93,2.41,51.32,31.63,0.82,0.74,3.14,1040,16.08,15,12.94,9.5,5.97,11.2,8.93,31.63,4.29,908.34,637.91,270.43,-12.72,14.28,14.4,20
Mon Sep 26 06:51:02 GMT-03:00 2022,26-Sep-2022 06:51:03.416,-35.20513517374888,-5.792796141054779,4.4645795822143555,6.0,20.337182832366523,199.63401794433594,-0.53,5.1,9.2,0.07,12.16,0.05,-0.05,0.06,0.01,16.86,8.63,14.7,19.61,92,19.15,1013.42,14.65,584.5,1,334.41,225,0,84,0.76,20.78,16.86,927.5,19.61,31.77,0.86,46.67,-7.03,-0.78,-2.34,-,0.55,6,20.34,199.63,-5.79,-35.21,22,1.07,1.01,36,17.39,11.21,8.92,2.36,49.13,31.65,0.09,0.74,2.35,1041,16.07,15,12.55,8,5.97,11.21,8.92,31.65,4.29,909.39,638.96,270.43,-12.44,14.26,14.4,19
Mon Sep 26 06:51:03 GMT-03:00 2022,26-Sep-2022 06:51:04.416,-35.205148972897305,-5.792835898911138,4.33616304397583,6.0,20.403692362960122,197.63992309570312,-0.45,6.21,8.66,0.09,12.16,-0.05,0.01,-0.1,0,18.04,9.8,14.7,19.61,92,19.15,1013.41,14.65,584.1,1,334.41,225,0,84,0.76,20.78,16.47,927.5,19.61,31.77,0.86,47.06,-7.81,-0.78,-0.78,-,0.55,6,20.4,197.64,-5.79,-35.21,20,1.07,1.01,37,17.39,11.21,8.92,2.36,49.13,31.65,0.81,0.74,2.35,1042,15.61,15,12.55,7.5,5.97,11.21,8.92,31.65,4.29,910.42,639.99,270.43,-12.44,14.26,14.5,19
Mon Sep 26 06:51:04 GMT-03:00 2022,26-Sep-2022 06:51:05.419,-35.20516131774739,-5.792871633201292,4.101314067840576,6.0,20.120034160246746,193.97532653808594,-1.24,5.98,7.59,-0.01,14.9,0.01,-0.14,0.1,-0.07,21.96,11.37,14.7,19.61,92,19.15,1013.41,14.65,583.5,1,337.48,225,0,84,-,21.18,25.88,1007,19.61,31.78,0.92,47.06,-4.69,-4.69,-5.47,-,0.55,6,20.12,193.98,-5.79,-35.21,21,2.61,-,37,16.29,11.21,8.92,2.52,46.01,31.67,0.58,0.74,5.1,1042,14.76,13,15.69,25.5,-,11.21,8.92,31.67,4.3,911.42,640.99,270.43,-12.01,14.3,14.7,18
Mon Sep 26 06:51:05 GMT-03:00 2022,26-Sep-2022 06:51:06.418,-35.205172022980584,-5.7929101170006545,4.254786014556885,6.0,20.291437678133796,180.42068481445312,-2.04,5.35,8.14,0.01,15.69,0.15,-0.03,0.16,0.07,21.96,10.98,14.7,19.61,92,19.14,1013.51,14.65,583.5,1,337.69,225,0,84,1.44,29.8,25.88,1491,19.61,31.82,1.95,47.06,-3.91,0.78,1.56,-,0.55,6,20.29,180.42,-5.79,-35.21,23,0.76,1.93,37,6.67,11.21,8.92,5.33,18.85,31.66,0.07,0.73,5.49,1043,15.32,14,15.69,26,9.22,11.21,8.92,31.66,4.3,912.4,641.97,270.43,-9.51,14.26,14.5,22
Mon Sep 26 06:51:06 GMT-03:00 2022,26-Sep-2022 06:51:07.417,-35.205174614107754,-5.792946937432396,4.207458019256592,8.0,20.5489326563961,157.3356475830078,-2.08,5.55,8.2,0.03,15.69,-0.03,-0.06,-0.03,-0.02,21.96,10.98,14.7,19.61,92,19.13,1013.43,14.65,582.6,1,340.31,225,0,84,1.37,32.16,29.8,1409,19.61,31.85,1.94,47.45,-6.25,4.69,3.12,-,0.55,8,20.55,157.34,-5.79,-35.21,18,0.15,1.84,36,7.23,11.2,8.93,5.3,20.42,31.64,0.81,0.73,3.14,1044,15.15,15,12.94,0.5,9.27,11.2,8.93,31.64,4.3,913.4,642.97,270.43,-11.2,14.14,14.4,23
Mon Sep 26 06:51:07 GMT-03:00 2022,26-Sep-2022 06:51:08.417,-35.20515922739398,-5.792978876845839,3.954124927520752,8.0,20.591913388466697,134.9156951904297,-2.63,6.02,6.71,-0.05,13.33,0.11,0.02,0.14,0.03,19.61,10.2,14.7,19.61,92,19.13,1013.44,14.65,582.6,1,340.15,225,0,84,1.37,40,22.35,1259,19.61,31.9,2.84,47.45,-3.91,-0.78,-1.56,-,0.55,8,20.59,134.92,-5.79,-35.21,18,0.77,1.84,36,5.28,11.19,8.93,7.77,14.92,31.62,0.35,0.72,3.14,1045,14.23,15,16.47,21.5,9.27,11.19,8.93,31.62,4.31,914.41,643.98,270.43,-9.31,14.22,14.5,26
Mon Sep 26 06:51:08 GMT-03:00 2022,26-Sep-2022 06:51:09.420,-35.20513543977823,-5.793005051202361,3.944477081298828,8.0,19.98343569876038,121.6097412109375,0.78,4.74,8.46,-0.01,15.29,-0.11,0,-0.05,-0.1,20,8.24,14.7,19.61,92,19.12,1013.47,14.65,582.6,1,345.51,225,0,84,1.37,34.12,31.37,1281.5,19.61,31.94,1.82,48.24,-4.69,0,-1.56,-,0.55,8,19.98,121.61,-5.79,-35.21,16,0.8,1.84,36,8.23,11.19,8.94,4.99,23.23,31.6,0.81,0.72,5.49,1047,14.2,15,14.51,0.5,9.27,11.19,8.94,31.6,4.31,915.39,644.96,270.43,-10.81,14.16,14.5,26
Mon Sep 26 06:51:09 GMT-03:00 2022,26-Sep-2022 06:51:10.418,-35.20510247484965,-5.793026778716448,3.9705147743225098,12.0,18.67329003868106,119.22721099853516,1.33,5.67,9,0.09,13.33,0.06,0.17,-0.06,0.1,14.9,7.45,14.7,19.61,92,19.11,1013.48,14.65,582.5,1,348.19,225,0,84,-,27.84,21.57,929,19.61,31.96,1.18,48.63,-4.69,-5.47,-1.56,-,0.55,12,18.67,119.23,-5.79,-35.21,18,0.29,-,36,12.67,11.19,8.94,3.24,35.78,31.61,0.81,0.72,3.53,1048,14.29,14,14.51,0.5,-,11.19,8.94,31.61,4.32,916.43,646,270.43,-12.2,14.16,14.5,24
Mon Sep 26 06:51:10 GMT-03:00 2022,26-Sep-2022 06:51:11.417,-35.20506667520658,-5.793049962554446,4.105983734130859,12.0,17.862541324989806,130.05979919433594,1.75,4.95,8.43,0.01,13.33,0.12,0.3,0.04,0.07,14.9,7.45,14.7,19.61,92,19.11,1013.5,14.65,582.3,1,348.26,225,0,84,-,27.84,24.31,982,19.61,31.98,1.29,48.63,-5.47,-3.12,-5.47,-,0.55,12,17.86,130.06,-5.79,-35.21,16,1.78,-,36,10.88,11.19,8.94,3.52,30.74,31.61,0.74,0.71,3.14,1049,14.78,13,13.33,2,-,11.19,8.94,31.61,4.32,917.4,646.97,270.43,-10.98,14.2,14.4,24
Mon Sep 26 06:51:11 GMT-03:00 2022,26-Sep-2022 06:51:12.416,-35.20503976581481,-5.7930762681001005,4.1677045822143555,12.0,17.526751789396144,149.82034301757812,1.68,4.24,6.13,-0.22,12.94,0,-0.02,0,0,18.82,9.8,14.7,19.61,92,19.1,1013.47,14.65,582.3,1,345.44,225,0,84,-,27.84,18.43,1133.5,19.61,32,0.96,48.24,-6.25,-3.12,-2.34,-,0.55,12,17.53,149.82,-5.79,-35.21,15,3,-,36,13.52,11.19,8.93,2.63,38.21,31.62,0.09,0.71,3.14,1050,15,12,13.33,2,-,11.19,8.93,31.62,4.33,918.42,647.99,270.43,-12.06,14.2,14.5,22
Mon Sep 26 06:51:12 GMT-03:00 2022,26-Sep-2022 06:51:13.416,-35.205022291550726,-5.793107352110398,3.6778006553649902,12.0,17.32965958086652,172.0024871826172,-0.96,4.8,8.05,-0.04,13.33,-0.09,0,0.14,-0.25,20.39,10.59,14.7,19.61,92,19.1,1013.46,14.65,582,1,345.54,225,0,84,-,21.57,19.22,1269,19.61,32.02,1.54,48.24,-5.47,0.78,-1.56,-,0.55,12,17.33,172,-5.79,-35.21,18,3,-,36,7.78,11.19,8.94,4.22,21.98,31.61,0.74,0.71,3.53,1051,13.24,12,13.73,28.5,-,11.19,8.94,31.61,4.33,919.34,648.92,270.43,-11.04,14.24,14.5,23
Mon Sep 26 06:51:13 GMT-03:00 2022,26-Sep-2022 06:51:14.417,-35.20502190807501,-5.793133988469764,3.592193126678467,8.0,17.92674584570619,184.18710327148438,-0.21,6.7,7.5,0.02,14.9,0,0.16,-0.01,0,21.96,11.37,14.7,19.61,92,19.08,1013.51,14.65,582,1,345.54,225,0,84,-,29.02,25.49,1269,19.61,32.02,1.54,47.45,-4.69,-0.78,0,-,0.55,8,17.93,184.19,-5.79,-35.21,20,2.24,-,36,7.78,11.19,8.94,4.22,21.98,31.61,0.06,0.71,5.1,1052,12.93,11,14.9,25.5,-,11.19,8.94,31.61,4.33,920.39,649.96,270.43,-11.04,14.26,14.5,23
Mon Sep 26 06:51:14 GMT-03:00 2022,26-Sep-2022 06:51:15.417,-35.20502731354755,-5.793172817639284,4.213821887969971,8.0,17.628252127907363,192.2926025390625,0.2,5.11,9.33,0.08,13.33,0.05,0.07,-0.01,0.07,14.9,7.45,14.7,19.61,92,19.08,1013.5,14.65,581.5,1,339.78,225,0,84,-,29.02,20.39,1484,19.61,32.06,1.83,47.45,-4.69,3.12,3.91,-,0.55,8,17.63,192.29,-5.79,-35.21,22,0.07,-,36,6,11.18,8.94,5.02,16.94,31.58,0.08,0.71,3.14,1052,15.17,13,14.51,6.5,-,11.18,8.94,31.58,4.33,921.21,650.78,270.43,-10.82,14.26,14.5,23
Mon Sep 26 06:51:15 GMT-03:00 2022,26-Sep-2022 06:51:16.418,-35.20503853708469,-5.793213840435846,4.4951863288879395,8.0,17.63771670883577,199.15211486816406,-1.33,4.51,7.53,-0.1,12.55,-0.07,0.05,-0.17,0.01,14.9,7.45,14.7,19.61,92,19.07,1013.51,14.65,581.5,1,339.66,225,0,84,0.62,20.39,15.69,1153,19.61,32.09,0.88,47.45,-7.03,3.12,3.12,-,0.55,8,17.64,199.15,-5.79,-35.21,19,3.17,0.83,36,13.62,11.19,8.94,2.41,38.49,31.6,0.84,0.7,2.35,1054,16.18,12,12.94,4.5,5.11,11.19,8.94,31.6,4.34,922.43,652,270.43,-12.63,14.26,14.5,19
Mon Sep 26 06:51:16 GMT-03:00 2022,26-Sep-2022 06:51:17.420,-35.20504650656194,-5.793249044847793,3.5572280883789062,8.0,17.37879715259458,208.96051025390625,1.69,4.76,8.71,0.02,12.55,0.05,0.16,-0.01,0.05,14.9,7.45,14.7,19.61,92,19.05,1013.56,14.65,581.5,1,339.66,225,0,84,0.62,20,16.86,938,19.61,32.09,0.88,47.45,-7.03,0.78,0.78,-,0.55,8,17.38,208.96,-5.79,-35.21,22,7.18,0.83,36,13.62,11.19,8.94,2.41,38.49,31.6,0.81,0.7,2.35,1054,12.81,9,12.55,9.5,5.11,11.19,8.94,31.6,4.34,923.42,652.99,270.43,-12.63,14.16,14.4,19
Mon Sep 26 06:51:17 GMT-03:00 2022,26-Sep-2022 06:51:18.419,-35.20505878841536,-5.793273042787701,3.2983639240264893,8.0,17.222799399596735,223.75515747070312,2.37,5.76,8.31,0.06,13.73,0.05,0.27,0.04,0,18.82,7.45,14.7,19.61,92,19.04,1013.53,14.65,581,1,339.76,225,0,84,0.62,32.55,16.86,1038.5,19.61,32.13,2.46,47.45,-4.69,-2.34,-3.91,-,0.55,8,17.22,223.76,-5.79,-35.21,22,3.81,0.83,37,3.66,11.18,8.95,6.72,10.35,31.57,0.73,0.7,4.71,1055,11.87,9,14.9,23,5.11,11.18,8.95,31.57,4.34,924.42,653.99,270.43,-7.71,14.16,14.5,26
Mon Sep 26 06:51:18 GMT-03:00 2022,26-Sep-2022 06:51:19.421,-35.20507834564307,-5.793297378902828,3.598814010620117,6.0,16.846499891192828,242.5552215576172,0.66,5.84,7.65,-0.02,13.73,-0.01,0.15,0.09,-0.1,18.82,9.8,14.7,19.61,92,19.03,1013.56,14.65,581,1,339.44,225,0,84,2.04,39.22,20.39,1517.5,19.61,32.19,3.22,47.45,-3.91,0.78,3.12,-,0.56,6,16.85,242.56,-5.79,-35.21,22,1.96,2.74,37,2.8,11.17,8.96,8.8,7.91,31.54,0.08,0.69,4.71,1056,12.96,11,17.25,24,12.86,11.17,8.96,31.54,4.34,925.34,654.91,270.43,-6.42,14.22,14.5,33
Mon Sep 26 06:51:19 GMT-03:00 2022,26-Sep-2022 06:51:20.420,-35.205110811466874,-5.793307316319663,3.8399345874786377,6.0,17.225334811731404,261.6832580566406,2.44,5.1,8.02,-0,15.69,0,0.28,-0.01,-0.02,14.9,7.45,14.7,19.61,92,19.02,1013.56,14.65,581,1,336.29,225,0,84,2.32,26.67,27.45,1575.5,19.61,32.23,1.83,47.06,-3.91,1.56,0,-,0.56,6,17.23,261.68,-5.79,-35.21,23,0.82,3.11,36,6,11.16,8.96,5.02,16.94,31.52,0.8,0.69,5.88,1058,13.82,13,14.12,8,14.07,11.16,8.96,31.52,4.35,926.41,655.98,270.43,-11.44,14.22,14.5,30
Mon Sep 26 06:51:20 GMT-03:00 2022,26-Sep-2022 06:51:21.420,-35.20514016057072,-5.793303445058724,3.6099648475646973,6.0,17.756050688602713,275.9569091796875,-0.39,5.98,7.62,-0.01,14.51,-0.03,0.01,0.03,-0.07,21.18,10.98,14.7,19.61,92,19.01,1013.58,14.65,581,1,333.28,225,0,84,2.32,26.67,23.92,1469.5,19.61,32.28,2.68,46.67,-4.69,1.56,0,-,0.56,6,17.76,275.96,-5.79,-35.21,21,0,3.11,36,4.85,11.15,8.97,7.33,13.71,31.5,0.8,0.69,4.71,1059,13,13,14.12,8,14.07,11.15,8.97,31.5,4.35,927.4,656.97,270.43,-10.14,14.22,14.5,30
Mon Sep 26 06:51:21 GMT-03:00 2022,26-Sep-2022 06:51:22.420,-35.20517135730354,-5.793290170297231,4.018727779388428,6.0,16.55772843817353,284.6976318359375,0.67,5.19,8.51,0.14,14.12,0.01,0.1,-0.01,0.02,19.61,10.2,14.7,19.61,92,19.01,1013.59,14.65,581.4,1,333.02,225,0,84,5.08,35.69,25.49,1336,19.61,32.31,1.78,46.67,-3.91,3.91,5.47,-,0.56,6,16.56,284.7,-5.79,-35.21,23,1.53,6.82,36,7.32,11.14,8.97,4.86,20.68,31.48,0.16,0.69,5.88,1060,14.47,16,16.08,25.5,36.33,11.14,8.97,31.48,4.36,928.42,657.99,270.43,-11.45,14.16,14.5,28
Mon Sep 26 06:51:22 GMT-03:00 2022,26-Sep-2022 06:51:23.420,-35.20520969995931,-5.793273250431289,4.768136978149414,6.0,16.065656620477004,288.3109130859375,-0.4,6.81,7.44,0.03,18.82,0,-0.06,0.11,-0.09,25.49,12.94,14.7,19.61,92,19.01,1013.57,14.65,581.4,1,333.02,225,0,84,5.08,34.9,49.8,1336,19.61,32.31,1.78,46.67,-3.12,0.78,0,-,0.56,6,16.07,288.31,-5.79,-35.21,21,1.53,6.82,36,7.32,11.14,8.97,4.86,20.68,31.48,0.83,0.68,9.02,1061,17.17,16,18.04,21.5,36.33,11.14,8.97,31.48,4.36,929.39,658.96,270.43,-11.45,14.22,14.5,28
Mon Sep 26 06:51:23 GMT-03:00 2022,26-Sep-2022 06:51:24.420,-35.20525306709055,-5.793243979631089,5.335909366607666,6.0,15.58891861830859,290.8420715332031,-1.04,5.95,7.95,0.02,17.65,0.01,-0.07,0.06,-0.03,22.35,11.37,14.7,19.61,92,19.01,1013.6,14.65,584,1,332.86,225,0,84,7.2,62.35,46.27,1487,19.61,32.4,4.34,46.67,-3.12,-0.78,-2.34,-,0.56,6,15.59,290.84,-5.79,-35.21,22,2.83,9.65,36,3.69,11.13,8.98,11.88,10.41,31.45,0.77,0.68,7.84,1061,19.21,20,18.43,18,46.21,11.13,8.98,31.45,4.36,930.39,660,270.43,-6.04,14.2,14.4,35
Mon Sep 26 06:51:24 GMT-03:00 2022,26-Sep-2022 06:51:25.420,-35.20530794725544,-5.793220092816411,6.710960388183594,6.0,15.823028506191076,291.82232666015625,-0.15,5.81,7.85,-0.01,17.65,0,0,0,-0.01,22.35,11.37,14.7,19.61,92,19.01,1013.63,14.65,586,1,329.77,225,0,84,7.88,47.06,46.27,1440.5,19.61,32.46,2.88,46.27,-3.91,0,1.56,-,0.56,6,15.82,291.82,-5.79,-35.21,20,0.16,10.57,36,6.94,11.13,8.99,7.88,19.62,31.44,0.14,0.68,7.84,1062,24.16,24,16.47,21,52.24,11.13,8.99,31.44,4.37,931.41,660.98,270.43,-9.52,14.2,14.5,35
Mon Sep 26 06:51:25 GMT-03:00 2022,26-Sep-2022 06:51:26.419,-35.20536870842252,-5.793193539805023,7.558474540710449,6.0,16.068027297813725,291.77825927734375,-1.5,6.44,7.04,-0.02,18.04,0.07,0.05,0.04,0.05,25.88,13.33,14.7,19.61,92,19.01,1013.64,14.65,586,1,329.6,225,0,84,7.88,47.06,50.2,1606,19.61,32.56,4.46,46.27,-3.91,0,1.56,-,0.56,6,16.07,291.78,-5.79,-35.21,20,0.16,10.57,36,5.39,11.12,8.99,12.19,15.22,31.42,0.14,0.68,8.24,1064,27.21,24,16.47,21,52.24,11.12,8.99,31.42,4.37,932.37,661.94,270.43,-6.46,14.2,14.5,40
Mon Sep 26 06:51:26 GMT-03:00 2022,26-Sep-2022 06:51:27.420,-35.2054359086816,-5.793164312005278,8.664422988891602,6.0,16.06535031521853,291.65966796875,-0.68,5.44,7.25,-0.08,16.86,-0.01,-0.05,0,-0.02,20.78,10.59,14.7,19.61,92,19.03,1013.72,14.65,590,1,329.6,225,0,84,12.39,61.57,38.04,1606,19.61,32.56,4.46,46.27,-3.12,0.78,-1.56,-,0.56,6,16.07,291.66,-5.79,-35.21,23,2.79,16.62,36,5.39,11.12,8.99,12.19,15.22,31.42,0.8,0.67,7.06,1064,31.19,30,18.82,20,73.69,11.12,8.99,31.42,4.38,933.43,663,270.43,-6.46,14.22,14.5,40
Mon Sep 26 06:51:27 GMT-03:00 2022,26-Sep-2022 06:51:28.420,-35.205513750824814,-5.793131978350335,9.386123657226562,6.0,15.856842438467625,291.6941223144531,-0.73,4.13,6.12,-0.25,16.86,0.03,-0.1,0.04,0,20.78,10.59,14.7,19.61,92,19.05,1013.76,14.65,590,1,329.37,225,0,84,12.83,29.02,38.04,1419,19.61,32.61,2.02,46.27,-3.12,-3.12,-1.56,-,0.56,6,15.86,291.69,-5.79,-35.21,24,1.21,17.2,36,14.87,11.13,8.99,5.52,42.01,31.43,0.8,0.67,7.06,1065,33.79,35,13.33,0.5,86.31,11.13,8.99,31.43,4.38,934.24,663.81,270.43,-11.32,14.22,14.5,36
Mon Sep 26 06:51:28 GMT-03:00 2022,26-Sep-2022 06:51:29.419,-35.2055950050818,-5.793100880755795,9.724432945251465,6.0,15.82969103314227,291.4395446777344,0.18,6.03,8.13,0.03,12.94,0.12,-0.05,0.05,0.11,14.9,7.45,14.7,19.61,92,19.07,1013.86,14.65,592,1,329.52,225,0,84,2.95,19.61,15.69,1247.5,19.61,32.64,1.2,46.27,-6.25,-4.69,-1.56,-,0.56,6,15.83,291.44,-5.79,-35.21,25,0.99,3.96,36,29.29,11.15,8.97,3.27,82.73,31.5,0.09,0.67,3.14,1067,35.01,36,13.33,0.5,22.6,11.15,8.97,31.5,4.4,935.42,664.99,270.43,-12.42,14.22,14.5,31
Mon Sep 26 06:51:29 GMT-03:00 2022,26-Sep-2022 06:51:30.421,-35.20568530051198,-5.793065948753943,10.19237232208252,6.0,15.00957132657956,291.0202331542969,-0.1,4.51,7.44,-0.12,12.55,-0.18,0.07,-0.05,-0.19,14.9,7.45,14.7,19.61,92,19.07,1013.92,14.65,592,1,330.25,225,0,84,3.52,19.61,14.51,1001.5,19.61,32.66,1.03,46.27,-7.03,-4.69,-5.47,-,0.56,6,15.01,291.02,-5.79,-35.21,22,0.31,4.71,36,34.81,11.18,8.94,2.83,98.32,31.59,0.76,0.67,2.35,1068,36.69,37,12.94,-7,33.52,11.18,8.94,31.59,4.41,936.43,666,270.43,-12.45,14.22,14.5,27
Mon Sep 26 06:51:30 GMT-03:00 2022,26-Sep-2022 06:51:31.420,-35.20577380842819,-5.793031762332074,10.531709671020508,6.0,14.325347470716197,290.9833679199219,-1.66,4.59,8.44,-0.01,12.55,0.04,-0.08,0.01,0.02,14.9,7.45,14.7,19.61,92,19.1,1014.02,14.65,592.5,1,330.25,225,0,84,3.52,19.22,16.08,1001.5,19.61,32.66,1.03,46.67,-7.81,-6.25,-5.47,-,0.56,6,14.33,290.98,-5.79,-35.21,20,0.31,4.71,36,34.81,11.18,8.94,2.83,98.32,31.59,0.09,0.67,2.35,1069,37.91,37,12.94,9,33.52,11.18,8.94,31.59,4.41,937.43,667,270.43,-12.45,14.2,14.5,27
Mon Sep 26 06:51:31 GMT-03:00 2022,26-Sep-2022 06:51:32.420,-35.20586335401942,-5.792996338040328,10.711463928222656,6.0,13.529043607235307,290.864501953125,-2.05,4.84,7.25,-0.09,12.55,-0.01,-0.15,0,-0.03,14.9,7.45,14.7,19.61,92,19.12,1014.09,14.65,592.5,1,334,225,0,84,3.69,20.39,16.47,939.5,19.61,32.68,0.9,46.67,-7.81,-3.12,-2.34,-,0.56,6,13.53,290.86,-5.79,-35.21,21,0.09,4.95,36,40.99,11.18,8.94,2.47,115.78,31.59,0.09,0.67,2.35,1069,38.56,38,12.94,8,37.52,11.18,8.94,31.59,4.42,938.39,667.96,270.43,-12.26,14.22,14.5,24
Mon Sep 26 06:51:32 GMT-03:00 2022,26-Sep-2022 06:51:33.420,-35.205952435981175,-5.792963687624353,10.712101936340332,6.0,12.726294834970085,290.69525146484375,0.38,5.23,7.95,-0.03,12.55,0,-0.01,-0.01,0,14.9,7.45,14.7,19.61,92,19.15,1014.17,14.65,592.4,1,334.05,225,0,84,3.69,20.39,18.82,971,19.61,32.69,0.93,46.67,-7.81,0,0.78,-,0.56,6,12.73,290.7,-5.79,-35.21,22,0.56,4.95,36,40.77,11.19,8.94,2.55,115.18,31.6,0.17,0.67,2.75,1070,38.56,38,12.94,7.5,37.52,11.19,8.94,31.6,4.43,939.4,668.97,270.43,-12.02,14.16,14.5,22
Mon Sep 26 06:51:33 GMT-03:00 2022,26-Sep-2022 06:51:34.421,-35.206045352232394,-5.792928699828363,10.905144691467285,6.0,12.036034853983656,290.75579833984375,1.47,4.88,7.27,-0.1,12.55,-0.03,0.02,0.06,-0.09,14.9,7.45,14.7,19.61,92,19.18,1014.26,14.65,592.4,1,334.09,225,0,84,3.87,23.14,18.82,985.5,19.61,32.71,1.18,46.67,-7.03,-2.34,-3.12,-,0.56,6,12.04,290.76,-5.79,-35.21,24,0.44,5.19,36,32.09,11.21,8.92,3.24,90.65,31.68,0.8,0.67,2.75,1071,39.26,39,12.94,6,37.49,11.21,8.92,31.68,4.44,940.33,670,270.43,-11.42,14.22,14.5,22
Mon Sep 26 06:51:34 GMT-03:00 2022,26-Sep-2022 06:51:35.420,-35.20613750150867,-5.79289270478474,10.910479545593262,6.0,12.086805884705733,290.8218688964844,0.05,5.2,8.58,0.02,12.55,0,0.06,-0.04,0.03,14.9,7.45,14.7,19.61,92,19.2,1014.33,14.65,592,1,337.75,225,0,84,3.87,26.27,17.25,950,19.61,32.74,1.34,47.06,-7.03,-6.25,-3.91,-,0.56,6,12.09,290.82,-5.79,-35.21,24,0.28,5.19,36,29.16,11.24,8.9,3.66,82.36,31.75,0.19,0.67,2.75,1073,39.28,39,12.94,-1,37.49,11.24,8.9,31.75,4.46,941.39,670.96,270.43,-11.05,14.26,14.5,23
Mon Sep 26 06:51:35 GMT-03:00 2022,26-Sep-2022 06:51:36.421,-35.20623272411306,-5.7928559390362775,11.141242980957031,6.0,11.683281221378488,291.0968933105469,1.9,4.23,8.18,-0.04,12.55,-0.07,0.29,-0.14,-0.05,14.9,7.45,14.7,19.61,92,19.23,1014.36,14.65,592,1,338.48,225,0,84,3.87,20.78,17.25,954,19.61,32.76,0.89,47.06,-7.03,-1.56,-3.91,-,0.56,6,11.68,291.1,-5.79,-35.21,23,2.11,5.19,36,43.73,11.24,8.9,2.44,123.54,31.75,0.19,0.67,2.35,1074,40.11,38,12.94,8,37.49,11.24,8.9,31.75,4.47,942.35,671.92,270.43,-12.16,14.26,14.5,21
Mon Sep 26 06:51:36 GMT-03:00 2022,26-Sep-2022 06:51:37.420,-35.206323834349035,-5.792820652512397,10.819839477539062,6.0,11.239594370005157,291.3985595703125,0.18,4.02,8.83,-0.01,12.55,0.03,0.02,-0.07,0.08,14.9,7.45,14.7,19.61,92,19.25,1014.45,14.65,591.2,1,338.52,225,0,84,-,21.18,16.47,988.5,19.61,32.78,0.95,47.06,-7.03,-1.56,-0.78,-,0.57,6,11.24,291.4,-5.79,-35.21,24,4.95,-,36,39.84,11.24,8.9,2.61,112.53,31.76,0.16,0.66,2.75,1075,38.95,34,12.94,8,-,11.24,8.9,31.76,4.47,943.42,672.99,270.43,-12,14.22,14.5,20
Mon Sep 26 06:51:37 GMT-03:00 2022,26-Sep-2022 06:51:38.418,-35.20640676295434,-5.792788183913165,10.024648666381836,6.0,11.215644585141513,291.75482177734375,-0.31,3.62,9.41,0.03,12.94,0.05,0.02,-0.15,0.13,14.9,7.45,14.7,19.61,92,19.25,1014.53,14.65,590.5,1,338.52,225,0,84,-,21.18,20,988.5,19.61,32.78,0.95,47.06,-7.03,-2.34,-3.91,-,0.57,6,11.22,291.75,-5.79,-35.21,23,4.95,-,36,39.84,11.24,8.9,2.61,112.53,31.76,0.68,0.66,2.75,1075,36.09,34,13.33,4.5,-,11.24,8.9,31.76,4.47,944.4,673.97,270.43,-12,14.16,14.4,20
Mon Sep 26 06:51:38 GMT-03:00 2022,26-Sep-2022 06:51:39.420,-35.20647440562938,-5.79275795116525,8.604826927185059,6.0,10.60390359498105,292.1470642089844,-0.21,3.92,8.96,-0,12.94,0.01,0.04,-0.18,0.11,14.9,7.45,14.7,19.61,92,19.26,1014.6,14.65,590.5,1,341.39,225,0,84,-,29.02,20,997.5,19.61,32.8,1.33,47.45,-6.25,0,0.78,-,0.57,6,10.6,292.15,-5.79,-35.21,21,10.09,-,36,25.63,11.26,8.88,3.63,72.4,31.81,0.09,0.66,3.14,1076,30.98,26,13.73,3.5,-,11.26,8.88,31.81,4.48,945.35,674.92,270.43,-11.09,14.06,14.5,21
Mon Sep 26 06:51:39 GMT-03:00 2022,26-Sep-2022 06:51:40.418,-35.20652328558837,-5.79273632902352,6.468224048614502,6.0,10.503532654107415,292.4293212890625,0.08,4.23,9.12,0.02,12.94,0.02,0.03,-0.09,0.07,14.9,7.45,14.7,19.61,92,19.25,1014.58,14.65,590.5,1,347.63,225,0,84,-,27.84,19.22,936,19.61,32.83,1.28,48.24,-6.25,3.91,4.69,-,0.57,6,10.5,292.43,-5.79,-35.21,22,7.29,-,37,20.38,11.27,8.87,3.49,57.58,31.84,0.11,0.66,3.14,1078,23.29,16,13.73,6,-,11.27,8.87,31.84,4.49,946.4,675.97,270.43,-11.26,14.2,14.5,21
Mon Sep 26 06:51:40 GMT-03:00 2022,26-Sep-2022 06:51:41.420,-35.206552505706895,-5.792722656774438,3.7097620964050293,6.0,10.528397772984421,292.2606506347656,-0.27,4.41,8.99,0.02,13.33,0.02,0,-0.09,0.07,14.9,7.45,14.7,19.61,92,19.24,1014.64,14.65,588.6,1,348.01,225,0,84,-,32.94,23.53,917,19.61,32.85,1.41,48.24,-6.25,6.25,4.69,-,0.57,6,10.53,292.26,-5.79,-35.21,20,2.36,-,37,11.34,11.27,8.87,3.86,32.04,31.84,0.11,0.66,3.14,1079,13.36,11,14.12,14,-,11.27,8.87,31.84,4.49,947.39,676.96,270.43,-10.64,14.2,14.5,23
Mon Sep 26 06:51:41 GMT-03:00 2022,26-Sep-2022 06:51:42.417,-35.20657768484648,-5.79271029831792,2.9326179027557373,6.0,10.505838498194667,291.9380798339844,-0.26,4.79,8.37,-0.02,14.9,0,0,-0.04,0.01,14.9,7.45,14.7,19.61,92,19.22,1014.62,14.65,588.6,1,353.67,225,0,84,-,41.18,34.51,946.5,19.61,32.89,1.78,49.02,-4.69,0.78,6.25,-,0.57,6,10.51,291.94,-5.79,-35.21,20,4.56,-,36,6.17,11.27,8.88,4.88,17.42,31.83,0.82,0.65,5.1,1080,10.56,6,14.12,5,-,11.27,8.88,31.83,4.5,948.35,677.92,270.43,-9.48,14.2,14.4,26
Mon Sep 26 06:51:42 GMT-03:00 2022,26-Sep-2022 06:51:43.419,-35.20659261405475,-5.79270332095073,1.9161077737808228,6.0,10.619199938743744,291.7137145996094,-0.07,4.56,8.77,0.01,14.51,0,0.02,-0.06,0.04,14.9,7.45,14.7,19.61,92,19.2,1014.64,14.65,586.5,1,353.45,225,0,84,-,41.96,33.73,932,19.61,32.92,1.81,49.02,-4.69,0.78,0.78,-,0.57,6,10.62,291.71,-5.79,-35.21,21,3.9,-,36,3.32,11.26,8.88,4.94,9.39,31.8,0.81,0.65,4.31,1081,6.9,3,14.9,5,-,11.26,8.88,31.8,4.5,949.41,678.98,270.43,-9.6,14.2,14.4,28
Mon Sep 26 06:51:43 GMT-03:00 2022,26-Sep-2022 06:51:44.421,-35.20660182490379,-5.792699032805374,1.0983872413635254,6.0,10.733409009496523,291.658935546875,-0.15,5.66,8.01,-0,12.94,0,0.01,0.03,-0.02,14.9,7.45,14.7,19.61,92,19.18,1014.64,14.65,586.5,1,367.25,225,0,84,-,41.96,27.45,834.5,19.61,32.94,1.01,50.98,-4.69,-0.78,0,-,0.57,6,10.73,291.66,-5.79,-35.21,21,3.95,-,36,2.96,11.24,8.89,2.77,8.37,31.76,0.11,0.66,3.14,1082,3.95,0,14.51,-1.5,-,11.24,8.89,31.76,4.5,950.39,679.92,270.47,-11.77,14.14,14.4,26
Mon Sep 26 06:51:44 GMT-03:00 2022,26-Sep-2022 06:51:45.420,-35.20660182490379,-5.792699032805374,0.2022518664598465,6.0,10.734762401576903,291.6059265136719,-0.16,5.5,8.15,0,12.94,0,0.01,0.02,-0.01,14.9,7.45,14.7,19.61,92,19.18,1014.63,14.65,585.3,1,367.25,225,0,84,-,29.8,23.92,834.5,19.61,32.94,1.01,50.98,-7.03,1.56,1.56,-,0.57,6,10.73,291.61,-5.79,-35.21,21,3.95,-,36,2.96,11.24,8.89,2.77,8.37,31.76,0.85,0.68,2.75,1082,0.73,0,13.33,6,-,11.24,8.89,31.76,4.5,951.41,679.92,271.49,-11.77,14.2,14.4,26
Mon Sep 26 06:51:45 GMT-03:00 2022,26-Sep-2022 06:51:46.420,-35.20660182490379,-5.792699032805374,0.03369344398379326,6.0,10.64062626130388,291.6020202636719,-0.09,5.89,7.98,0.01,12.94,0,0.02,0.06,-0.03,14.9,7.45,14.7,19.61,92,19.15,1014.65,14.65,584.8,1,372.53,225,0,85,-,29.41,23.92,772.5,19.61,32.96,1.01,51.76,-7.03,-1.56,-1.56,-,0.57,6,10.64,291.6,-5.79,-35.21,22,0.73,-,37,0,11.24,8.89,2.77,0,31.76,0.83,0.71,3.14,1083,0.12,0,13.33,6,-,11.24,8.89,31.76,4.5,952.4,679.92,272.48,-11.43,14.22,14.5,25
Mon Sep 26 06:51:46 GMT-03:00 2022,26-Sep-2022 06:51:47.419,-35.20660182490379,-5.792699032805374,0.18318931758403778,4.0,10.551832360163873,291.5587463378906,-0.15,5.84,7.95,0,12.94,0.02,0,0.07,-0.01,14.9,7.45,14.7,19.61,92,19.13,1014.69,14.65,584.8,1,372.51,225,0,85,-,30.2,23.92,773,19.61,32.98,1.07,51.76,-7.03,-3.91,-4.69,-,0.57,4,10.55,291.56,-5.79,-35.21,22,0.12,-,37,0,11.24,8.89,2.94,0,31.76,0.61,0.81,3.14,1084,0.66,0,12.94,3,-,11.24,8.89,31.76,4.5,953.41,679.92,273.49,-10.95,14.22,14.5,25
Mon Sep 26 06:51:47 GMT-03:00 2022,26-Sep-2022 06:51:48.421,-35.20660976386407,-5.792700138586951,0.5470352172851562,4.0,10.560067109866488,291.5561218261719,0.1,5.83,8.05,0.01,12.94,0.03,0.03,0.06,0,14.9,7.45,14.7,19.61,92,19.1,1014.68,14.65,584,1,361.2,225,0,85,0.38,30.59,24.31,768.5,19.61,33,1.09,50.2,-7.03,-1.56,-0.78,-,0.57,4,10.56,291.56,-5.79,-35.21,22,0.03,0.51,37,0,11.24,8.89,2.99,0,31.76,0.09,0.82,3.14,1085,1.97,2,13.33,3.5,4.73,11.24,8.89,31.76,4.5,954.41,680.52,273.88,-10.89,14.14,14.4,25
Mon Sep 26 06:51:48 GMT-03:00 2022,26-Sep-2022 06:51:49.420,-35.20661909157853,-5.7926976012077915,0.9241187572479248,4.0,10.654309921334738,291.316162109375,-0.01,4.99,8.43,-0,12.94,0.01,0.02,-0.03,0.03,14.9,7.45,14.7,19.61,92,19.08,1014.69,14.65,584,1,358.35,225,0,85,0.64,31.76,23.92,816.5,19.61,33.02,1.25,49.8,-7.03,2.34,-0.78,-,0.57,4,10.65,291.32,-5.79,-35.21,23,0.67,0.86,37,1.6,11.23,8.9,3.41,4.53,31.72,0.09,0.82,2.75,1087,3.33,4,13.33,3,7.46,11.23,8.9,31.72,4.5,955.41,681.53,273.88,-10.34,14.14,14.4,26
Mon Sep 26 06:51:49 GMT-03:00 2022,26-Sep-2022 06:51:50.419,-35.20663071817521,-5.792693842749944,1.1053006649017334,4.0,10.687516563579795,291.1874694824219,-0.11,4.84,8.42,-0.01,13.33,0,0.01,-0.04,0.02,14.9,7.45,14.7,19.61,92,19.06,1014.68,14.65,583.4,1,357.94,225,0,85,0.64,32.16,24.71,825,19.61,33.05,1.27,49.8,-6.25,0.78,2.34,-,0.57,4,10.69,291.19,-5.79,-35.21,23,1.98,0.86,37,3.15,11.22,8.91,3.47,8.91,31.69,0.8,0.82,3.14,1088,3.98,2,13.33,3.5,7.46,11.22,8.91,31.69,4.5,956.43,682.55,273.88,-10.52,14.26,14.6,26
Mon Sep 26 06:51:50 GMT-03:00 2022,26-Sep-2022 06:51:51.421,-35.2066368932286,-5.792690590160465,0.5770969986915588,4.0,10.660089674098721,291.1826171875,-0.02,5.91,7.78,-0.01,12.94,0,0.02,0.06,-0.03,14.9,7.45,14.7,19.61,92,19.06,1014.65,14.65,583.4,1,363.23,225,0,85,0.64,32.16,23.53,825,19.61,33.07,1.06,50.59,-6.25,0.78,1.56,-,0.57,4,10.66,291.18,-5.79,-35.21,23,1.98,0.86,37,1.88,11.21,8.92,2.91,5.31,31.66,0.09,0.81,3.14,1089,2.08,2,13.33,3.5,7.46,11.21,8.92,31.66,4.5,957.39,683.51,273.88,-11.22,14.16,14.4,25
Mon Sep 26 06:51:51 GMT-03:00 2022,26-Sep-2022 06:51:52.419,-35.20664059965341,-5.792689598895018,0.42114850878715515,4.0,10.56662819614701,291.1172790527344,-0.07,5.97,7.94,0.01,12.94,0,0.04,0.06,-0.04,14.9,7.45,14.7,19.61,92,19.04,1014.66,14.65,582.5,1,363.23,225,0,85,0.64,29.41,23.92,801,19.61,33.07,1.06,50.59,-7.03,3.91,1.56,-,0.57,4,10.57,291.12,-5.79,-35.21,23,2.08,0.86,37,1.88,11.21,8.92,2.91,5.31,31.66,0.74,0.81,3.14,1089,1.52,0,13.33,6,7.46,11.21,8.92,31.66,4.5,958.41,683.56,274.86,-11.22,14.2,14.4,25
Mon Sep 26 06:51:52 GMT-03:00 2022,26-Sep-2022 06:51:53.420,-35.20664852748212,-5.792686412683547,0.6430916786193848,4.0,10.63827936712279,291.03900146484375,0.11,6.63,7.51,0.02,12.94,0,0.02,0.12,-0.1,14.9,7.45,14.7,19.61,92,19.01,1014.65,14.65,581.8,1,354.4,225,0,85,0.72,38.43,23.92,772,19.61,33.09,0.92,49.41,-3.91,-1.56,-2.34,-,0.57,4,10.64,291.04,-5.79,-35.21,25,0.68,0.97,37,0,11.21,8.92,2.52,0,31.65,0.75,0.8,6.67,1090,2.32,3,16.86,11,8.95,11.21,8.92,31.65,4.5,959.43,684.2,275.23,-11.59,14.26,14.5,24
Mon Sep 26 06:51:53 GMT-03:00 2022,26-Sep-2022 06:51:54.420,-35.206659286278516,-5.792683037278694,1.1873098611831665,4.0,10.587524457907723,291.3985595703125,0.02,5.77,7.76,-0.02,16.47,0,0.01,0.09,-0.08,25.88,13.33,14.7,19.61,92,19,1014.68,14.65,581.8,1,354.37,225,0,85,1.88,51.37,37.65,1417,19.61,33.14,3.06,49.41,-3.91,1.56,0,-,0.57,4,10.59,291.4,-5.79,-35.21,23,1.73,2.53,37,0.98,11.19,8.93,8.38,2.77,31.62,0.8,0.78,7.06,1091,4.27,6,17.65,20,12.7,11.19,8.93,31.62,4.5,960.41,685.19,275.23,-4.1,14.14,14.4,36
Mon Sep 26 06:51:54 GMT-03:00 2022,26-Sep-2022 06:51:55.419,-35.2066824892708,-5.792674546216559,2.6043059825897217,4.0,10.536903679053648,292.0369873046875,0.24,4.66,8.95,0.03,15.69,-0.01,0.03,-0.05,0.01,14.9,7.45,14.7,19.61,92,18.98,1014.69,14.65,581.8,1,345.52,225,0,86,2.51,33.33,33.73,1268.5,19.61,33.17,1.81,48.24,-3.91,-5.47,-6.25,-,0.57,4,10.54,292.04,-5.79,-35.21,25,0.38,3.36,37,3.32,11.18,8.94,4.94,9.39,31.59,0.85,0.83,7.06,1093,9.38,9,13.33,-1,18.88,11.18,8.94,31.59,4.5,961.43,686.2,275.23,-11.26,14.2,14.4,32
Mon Sep 26 06:51:55 GMT-03:00 2022,26-Sep-2022 06:51:56.420,-35.206704405497604,-5.792666371077055,2.6191346645355225,4.0,10.679045759076907,290.66461181640625,0.22,4.19,9.1,0.02,12.94,0.03,0.07,-0.07,0.07,14.9,7.45,14.7,19.61,92,18.97,1014.67,14.65,581.5,1,345.2,225,0,86,2.51,35.29,21.18,853.5,19.61,33.2,1.64,48.24,-5.47,-5.47,-6.25,-,0.57,4,10.68,290.66,-5.79,-35.21,24,3.43,3.36,37,5.48,11.17,8.95,4.49,15.49,31.57,0.85,0.83,3.14,1094,9.43,6,13.33,-1,18.88,11.17,8.95,31.57,4.5,962.41,687.19,275.23,-11.21,14.2,14.5,30
Mon Sep 26 06:51:56 GMT-03:00 2022,26-Sep-2022 06:51:57.420,-35.20671889727559,-5.792662149001542,1.7423417568206787,4.0,10.765819211190085,288.5272216796875,0.41,4.57,8.84,0.01,15.29,0,0.08,-0.07,0.04,14.9,7.45,14.7,19.61,92,18.94,1014.69,14.65,581.5,1,350.58,225,0,85,2.51,39.22,37.25,889.5,19.61,33.23,1.35,49.02,-5.47,-1.56,-4.69,-,0.57,4,10.77,288.53,-5.79,-35.21,25,6.27,3.36,37,4.45,11.17,8.96,3.69,12.57,31.54,0.07,0.88,5.1,1095,6.27,0,14.12,2,18.88,11.17,8.96,31.54,4.5,963.38,688.05,275.33,-10.45,14.22,14.4,30
Mon Sep 26 06:51:57 GMT-03:00 2022,26-Sep-2022 06:51:58.420,-35.20672226342477,-5.792659888894544,0.6054416298866272,4.0,10.849346566307636,288.0400695800781,0.26,5.49,8.21,0,13.33,0,0.07,0.02,-0.01,14.9,7.45,14.7,19.61,92,18.94,1014.7,14.65,581.6,1,350.58,225,0,85,2.51,39.22,31.76,889.5,19.61,33.23,1.35,50.2,-6.25,-1.56,-0.78,-,0.57,4,10.85,288.04,-5.79,-35.21,23,6.27,3.36,37,4.45,11.17,8.96,3.69,12.57,31.54,0.1,0.84,3.53,1095,2.18,0,13.73,2,18.88,11.17,8.96,31.54,4.5,964.38,688.05,276.34,-10.45,14.14,14.4,30
Mon Sep 26 06:51:58 GMT-03:00 2022,26-Sep-2022 06:51:59.420,-35.20672226342477,-5.792659888894544,0.059269364923238754,4.0,10.727431035131605,288.0353088378906,0.31,5.46,8.08,-0.01,13.33,0,0.06,0.02,0,14.9,7.45,14.7,19.61,92,18.92,1014.7,14.65,581.8,1,358.71,225,0,85,-,38.43,30.2,779,19.61,33.25,1.3,50.2,-5.47,3.12,3.12,-,0.57,4,10.73,288.04,-5.79,-35.21,21,2.18,-,37,0,11.16,8.96,3.55,0,31.54,0.19,0.82,3.53,1097,0.21,0,13.73,3.5,-,11.16,8.96,31.54,4.5,965.4,688.05,277.36,-10.77,14.2,14.4,29
Mon Sep 26 06:51:59 GMT-03:00 2022,26-Sep-2022 06:52:00.420,-35.20672226342477,-5.792659888894544,0.02021128684282303,4.0,10.628577083931015,288.0447692871094,0.39,5.45,8.22,0,13.33,0,0.05,0.01,-0.01,14.9,7.45,14.7,19.61,92,18.89,1014.7,14.65,581.8,1,358.69,225,0,85,-,38.43,29.8,766,19.61,33.27,1.34,50.2,-5.47,3.91,1.56,-,0.57,4,10.63,288.04,-5.79,-35.21,24,0.21,-,37,0,11.16,8.96,3.66,0,31.54,0.76,0.81,3.53,1097,0.07,0,13.73,3.5,-,11.16,8.96,31.54,4.5,966.39,688.05,278.35,-10.09,14.16,14.4,29
Mon Sep 26 06:52:00 GMT-03:00 2022,26-Sep-2022 06:52:01.421,-35.20672226342477,-5.792659888894544,0.02859693393111229,4.0,10.760909699297738,288.0486755371094,0.35,5.51,8.21,0.01,12.55,0,0.06,0.02,-0.01,14.9,7.45,14.7,19.61,92,18.87,1014.68,14.65,581.8,1,344.65,225,0,85,-,31.76,23.14,802,19.61,33.29,1.01,48.24,-7.03,-1.56,-2.34,-,0.57,4,10.76,288.05,-5.79,-35.21,23,0.07,-,38,0,11.16,8.96,2.77,0,31.54,0.78,0.8,2.75,1098,0.1,0,12.94,2,-,11.16,8.96,31.54,4.5,967.41,688.05,279.36,-11.14,14.18,14.4,28
Mon Sep 26 06:52:01 GMT-03:00 2022,26-Sep-2022 06:52:02.418,-35.20672226342477,-5.792659888894544,0.08793474733829498,4.0,11.054576576897906,288.0481872558594,0.33,5.51,8.16,0,12.94,0,0.07,0.02,-0.01,14.9,7.45,14.7,19.61,92,18.84,1014.67,14.65,581.8,1,344.63,225,0,85,-,30.59,23.14,739.5,19.61,33.31,1.07,48.24,-7.03,-4.69,-3.12,-,0.57,4,11.05,288.05,-5.79,-35.21,22,0.1,-,38,0,11.16,8.96,2.94,0,31.53,0.4,0.79,2.75,1099,0.32,0,12.94,3.5,-,11.16,8.96,31.53,4.5,968.42,688.05,280.37,-11.08,14.22,14.5,27
Mon Sep 26 06:52:02 GMT-03:00 2022,26-Sep-2022 06:52:03.420,-35.20672226342477,-5.792659888894544,0.09630564600229263,4.0,11.280699218991936,288.04718017578125,0.22,5.89,8.13,0.02,12.94,0,0.07,0.05,-0.03,17.65,7.45,14.7,19.61,92,18.82,1014.68,14.65,581.8,1,339.01,225,0,85,-,29.8,23.53,748,19.61,33.33,1.01,47.45,-7.03,-1.56,-0.78,-,0.57,4,11.28,288.05,-5.79,-35.21,22,0.35,-,38,0,11.16,8.96,2.77,0,31.53,0.09,0.79,2.75,1100,0.35,0,13.33,6,-,11.16,8.96,31.53,4.5,969.4,688.05,281.36,-11,14.24,14.5,26
Mon Sep 26 06:52:03 GMT-03:00 2022,26-Sep-2022 06:52:04.420,-35.20672226342477,-5.792659888894544,0.07077061384916306,4.0,11.13177298112026,287.9434509277344,0.33,8.01,6.73,0.06,12.94,0.03,0.05,0.22,-0.14,17.65,9.41,14.7,19.61,92,18.8,1014.6,14.65,581.8,1,336.18,225,0,85,0.76,73.73,26.67,1916,19.61,33.47,6.85,47.06,-7.03,0.78,2.34,-,0.58,4,11.13,287.94,-5.79,-35.21,21,2.75,1.02,38,0,11.16,8.96,18.74,0,31.53,0.4,0.79,2.75,1102,0.25,3,22.75,20,3.8,11.16,8.96,31.53,4.5,970.38,688.38,282.01,9.77,14.14,14.5,61
Mon Sep 26 06:52:04 GMT-03:00 2022,26-Sep-2022 06:52:05.420,-35.20674710248548,-5.792651615389436,2.5021448135375977,4.0,11.107124398809814,286.31036376953125,-1.75,6.32,6.96,-0.03,18.82,0.02,-0.04,0.11,-0.05,27.45,14.12,14.7,19.61,92,18.79,1014.61,14.65,583,1,336.16,225,0,85,7.13,50.2,45.1,1680.5,19.61,33.53,3.68,47.06,-3.12,1.56,3.12,-,0.58,4,11.11,286.31,-5.79,-35.21,24,0.99,9.57,38,0.81,11.15,8.97,10.08,2.3,31.49,0.09,0.77,9.02,1103,9.01,10,18.04,21.5,40.54,11.15,8.97,31.49,4.51,971.41,689.41,282.01,-9.52,14.22,14.5,54
Mon Sep 26 06:52:05 GMT-03:00 2022,26-Sep-2022 06:52:06.418,-35.20677182636829,-5.792645507561143,3.4975993633270264,4.0,10.97644800963122,279.0380859375,-1.98,6.09,7.01,-0.03,18.43,-0.02,-0.13,0.09,-0.12,27.45,14.12,14.7,19.61,92,18.78,1014.63,14.65,583,1,324.57,225,0,85,6.65,54.9,42.75,1858.5,19.61,33.62,4.44,45.49,-3.12,1.56,3.12,-,0.58,4,10.98,279.04,-5.79,-35.21,25,2.41,8.91,38,2.25,11.14,8.98,12.16,6.36,31.46,0.09,0.76,8.24,1104,12.59,15,18.04,21.5,34.15,11.14,8.98,31.46,4.51,972.42,690.41,282.01,-7.6,14.22,14.4,52
Mon Sep 26 06:52:06 GMT-03:00 2022,26-Sep-2022 06:52:07.418,-35.20680592880397,-5.792651065345081,3.8764655590057373,4.0,10.892795374540992,262.52667236328125,-2.01,4.45,8.5,-0,16.86,0,-0.08,-0.01,-0.01,18.82,9.8,14.7,19.61,92,18.78,1014.67,14.65,588.3,1,324.57,225,0,85,6.65,54.9,36.08,1858.5,19.61,33.62,4.44,45.49,-3.12,2.34,0.78,-,0.58,4,10.89,262.53,-5.79,-35.21,27,2.41,8.91,38,2.25,11.14,8.98,12.16,6.36,31.46,0.76,0.75,8.24,1105,13.96,15,19.61,21.5,34.15,11.14,8.98,31.46,4.51,973.41,691.41,282.01,-7.6,14.26,14.5,52
Mon Sep 26 06:52:07 GMT-03:00 2022,26-Sep-2022 06:52:08.419,-35.206852623079456,-5.79266077178189,5.6703200340271,4.0,10.796876432709547,245.07260131835938,-0.45,5.55,7.67,-0.04,14.12,0.07,0.01,0.12,0,20.78,9.8,14.7,19.61,92,18.78,1014.71,14.65,590.5,1,324.23,225,0,85,7.95,25.49,36.08,1691,19.61,33.66,1.9,45.49,-5.47,0.78,1.56,-,0.58,4,10.8,245.07,-5.79,-35.21,25,6.04,10.67,38,7.91,11.13,8.98,5.19,22.34,31.45,0.07,0.75,3.92,1105,20.41,20,14.51,10.5,44.92,11.13,8.98,31.45,4.52,974.42,692.41,282.01,-11.93,14.26,14.4,44
Mon Sep 26 06:52:08 GMT-03:00 2022,26-Sep-2022 06:52:09.419,-35.206901789323425,-5.792686035162316,6.1817946434021,4.0,10.48162513477378,240.2288055419922,2.24,5.32,7.42,-0.04,14.12,-0.07,0.13,-0.02,-0.08,20.78,10.98,14.7,19.61,92,18.79,1014.72,14.65,590.5,1,324.11,225,0,85,4.32,25.49,20.78,1595,19.61,33.69,1.83,45.49,-5.47,6.25,3.91,-,0.58,4,10.48,240.23,-5.79,-35.21,22,0.25,5.79,38,10.9,11.13,8.98,5.02,30.79,31.45,0.8,0.75,3.92,1106,22.25,22,14.51,11,25.87,11.13,8.98,31.45,4.52,975.43,693.42,282.01,-11.76,14.2,14.4,38
Mon Sep 26 06:52:09 GMT-03:00 2022,26-Sep-2022 06:52:10.417,-35.20695099071517,-5.7927108666663,6.508816242218018,4.0,10.227550066766574,247.22607421875,1.4,5.33,9.24,0.09,12.55,0.03,0.06,0.01,0.03,17.65,9.02,14.7,19.61,92,18.79,1014.74,14.65,591.5,1,326.89,225,0,84,1.82,37.25,20.39,976,19.61,33.71,1.03,45.88,-5.47,0,3.91,-,0.58,4,10.23,247.23,-5.79,-35.21,23,0.43,2.45,38,21.27,11.15,8.97,2.83,60.09,31.48,0.8,0.75,2.75,1108,23.43,23,15.69,0,17.85,11.15,8.97,31.48,4.53,976.4,694.4,282.01,-12.92,14.2,14.4,31
Mon Sep 26 06:52:10 GMT-03:00 2022,26-Sep-2022 06:52:11.418,-35.20700541729701,-5.792733996418507,6.787012577056885,4.0,9.967131368578457,259.3388366699219,0.03,4.15,8.27,-0.06,16.47,-0.04,0.2,-0.08,-0.01,14.9,7.45,14.7,19.61,92,18.8,1014.78,14.65,591.5,1,327.28,225,0,84,4.59,31.76,31.76,1424.5,19.61,33.75,2.06,45.88,-3.91,0,-1.56,-,0.58,4,9.97,259.34,-5.79,-35.21,24,0.57,6.15,38,11.18,11.15,8.97,5.63,31.58,31.48,0.76,0.74,6.67,1109,24.43,25,15.69,0,30.76,11.15,8.97,31.48,4.54,977.42,695.41,282.01,-9.03,14.18,14.4,33
Mon Sep 26 06:52:11 GMT-03:00 2022,26-Sep-2022 06:52:12.417,-35.20706452889546,-5.792744505205529,6.797259330749512,4.0,9.738209277397987,270.28857421875,1.02,4.54,9.23,0.05,13.33,0.05,0.08,-0.19,0.15,14.9,7.45,14.7,19.61,92,18.8,1014.85,14.65,592.7,1,324.48,225,0,84,4.59,31.76,22.35,926,19.61,33.77,1.23,45.49,-4.69,-0.78,-1.56,-,0.58,4,9.74,270.29,-5.79,-35.21,22,0.57,6.15,38,20.36,11.16,8.96,3.36,57.51,31.52,0.84,0.74,3.53,1110,24.47,25,14.9,0.5,30.76,11.16,8.96,31.52,4.54,978.41,696.4,282.01,-12.35,14.2,14.4,28
Mon Sep 26 06:52:12 GMT-03:00 2022,26-Sep-2022 06:52:13.418,-35.207111793079655,-5.79274409817456,5.258601188659668,4.0,9.702771408839617,273.0957946777344,-2.21,4.84,7.9,-0.03,13.33,0.03,-0.18,-0.01,0.02,14.9,7.45,14.7,19.61,92,18.8,1014.86,14.65,592.7,1,324.48,225,0,84,4.59,28.24,23.92,926,19.61,33.77,1.23,45.49,-5.47,-4.69,-5.47,-,0.58,4,9.7,273.1,-5.79,-35.21,21,4.47,6.15,38,20.36,11.16,8.96,3.36,57.51,31.52,0.65,0.74,3.14,1110,18.93,20,13.73,6,30.76,11.16,8.96,31.52,4.54,979.41,697.4,282.01,-12.35,14.16,14.4,28
Mon Sep 26 06:52:13 GMT-03:00 2022,26-Sep-2022 06:52:14.417,-35.20714875065978,-5.792742580398157,4.143520355224609,4.0,9.391089044647691,261.3290710449219,-2.14,4.87,9.28,0.09,13.33,0,-0.14,-0.13,0.05,14.9,7.45,14.7,19.61,92,18.8,1014.92,14.65,593.1,1,324.83,225,0,84,4.59,29.41,23.92,934,19.61,33.8,1.29,45.49,-5.47,-0.78,0,-,0.58,4,9.39,261.33,-5.79,-35.21,22,5.93,6.15,38,15.55,11.16,8.96,3.52,43.92,31.53,0.14,0.78,3.53,1111,14.92,13,13.73,6,30.76,11.16,8.96,31.53,4.55,980.4,698.4,282.01,-10.94,14.2,14.4,28
Mon Sep 26 06:52:14 GMT-03:00 2022,26-Sep-2022 06:52:15.416,-35.20718483487115,-5.7927485327644614,3.850999355316162,6.0,8.496202891487862,232.13426208496094,-4.29,7.4,7.63,0.17,16.47,0,-0.29,0.07,-0.11,14.9,7.45,14.7,19.61,92,18.79,1014.89,14.65,593.1,1,324.99,225,0,84,-,46.27,23.92,1055.5,19.61,33.85,3.16,45.49,-3.91,-2.34,-3.91,-,0.58,6,8.5,232.13,-5.79,-35.21,18,0.92,-,37,4.11,11.15,8.97,8.66,11.6,31.51,0.64,0.82,6.27,1112,13.86,14,17.25,21,-,11.15,8.97,31.51,4.55,981.41,699.4,282.01,-5.61,14.22,14.5,36
Mon Sep 26 06:52:15 GMT-03:00 2022,26-Sep-2022 06:52:16.417,-35.20721243351473,-5.792769885024876,3.597367525100708,6.0,8.173943918882005,194.98402404785156,-1.18,4.99,7.37,-0.09,16.47,-0.08,-0.25,0.01,-0.17,20,10.2,14.7,19.61,92,18.78,1014.89,14.65,593.8,1,333.13,225,0,84,1.48,36.86,32.94,1510,19.61,33.9,2.37,46.67,-3.91,-2.34,-3.12,-,0.58,6,8.17,194.98,-5.79,-35.21,19,2.05,1.98,37,5.9,11.15,8.97,6.49,16.67,31.49,0.41,0.81,6.67,1113,12.95,15,16.08,24.5,9.35,11.15,8.97,31.49,4.56,982.43,700.42,282.01,-8.68,14.16,14.5,37
Mon Sep 26 06:52:16 GMT-03:00 2022,26-Sep-2022 06:52:17.418,-35.20721792952966,-5.792808696821175,4.488770484924316,6.0,7.3789286637054925,161.3065948486328,-1.12,6.59,7.52,0.02,16.47,0.07,-0.11,0.09,0.01,24.31,12.55,14.7,19.61,92,18.78,1014.91,14.65,593.8,1,332.92,225,0,84,1.5,49.8,35.29,1623,19.61,33.97,3.74,46.67,-3.12,-1.56,0.78,-,0.59,6,7.38,161.31,-5.79,-35.21,19,0.16,2.02,37,4.02,11.14,8.98,10.22,11.34,31.46,0.08,0.8,6.67,1115,16.16,16,18.43,18,8.85,11.14,8.98,31.46,4.56,983.38,701.37,282.01,-8.07,14.16,14.5,39
Mon Sep 26 06:52:17 GMT-03:00 2022,26-Sep-2022 06:52:18.418,-35.20719934052974,-5.792845927293379,4.42432975769043,6.0,7.404712740523517,141.20510864257812,-1.43,6.41,6.91,-0.03,17.65,-0.12,-0.12,0,-0.17,24.31,12.55,14.7,19.61,92,18.78,1014.9,14.65,593.8,1,332.65,225,0,84,1.5,48.63,40.39,1746.5,19.61,34.02,3.74,46.67,-3.91,1.56,0,-,0.59,6,7.4,141.21,-5.79,-35.21,20,2.07,2.02,37,4.28,11.13,8.99,10.24,12.08,31.44,0.74,0.79,7.84,1116,15.93,18,17.65,21.5,8.85,11.13,8.99,31.44,4.56,984.42,702.42,282.01,-8.52,14.18,14.5,39
Mon Sep 26 06:52:18 GMT-03:00 2022,26-Sep-2022 06:52:19.417,-35.207163528825234,-5.7928808707125565,5.128917217254639,6.0,7.81452756838736,129.92544555664062,-2.24,5.72,8.16,0.04,16.47,0.02,-0.13,-0.04,0.03,22.75,10.98,14.7,19.61,92,18.78,1014.9,14.65,593.8,1,337.97,225,0,84,5.32,42.35,39.61,1345.5,19.61,34.07,2.49,47.45,-3.91,0,0,-,0.59,6,7.81,129.93,-5.79,-35.21,20,2.54,7.13,37,7.24,11.12,8.99,6.8,20.46,31.42,0.74,0.79,7.45,1117,18.46,21,14.51,-2.5,37.74,11.12,8.99,31.42,4.57,985.39,703.39,282.01,-10.87,14.18,14.5,36
Mon Sep 26 06:52:19 GMT-03:00 2022,26-Sep-2022 06:52:20.417,-35.20711083477093,-5.7929084364910945,5.727365970611572,6.0,8.118539081817104,113.31217956542969,-1.78,6.55,7.7,0.04,15.29,0.08,-0.19,-0.01,0.08,23.53,12.16,14.7,19.61,92,18.79,1014.87,14.65,597.2,1,337.82,225,0,84,5.32,41.96,26.27,1540,19.61,34.12,3.21,47.45,-4.69,-3.91,-0.78,-,0.59,6,8.12,113.31,-5.79,-35.21,20,0.38,7.13,37,6.55,11.12,8.99,8.77,18.51,31.41,0.86,0.77,2.75,1118,20.62,21,14.51,-2.5,37.74,11.12,8.99,31.41,4.57,986.32,704.31,282.01,-8.32,14.2,14.5,37
Mon Sep 26 06:52:20 GMT-03:00 2022,26-Sep-2022 06:52:21.417,-35.20704875277715,-5.792928801043307,6.252066612243652,6.0,8.625283619616905,92.65705871582031,-2.83,5.93,9.51,0.18,17.25,0.01,-0.11,-0.04,0.02,22.75,11.37,14.7,19.61,92,18.79,1014.88,14.65,597.2,1,340.44,225,0,84,5.32,41.96,36.86,1625,19.61,34.18,3.02,47.84,-3.91,-3.91,-3.12,-,0.59,6,8.63,92.66,-5.79,-35.21,21,0.38,7.13,37,6.95,11.11,9,8.27,19.63,31.39,0.08,0.76,7.45,1119,22.51,21,17.65,21.5,37.74,11.11,9,31.39,4.57,987.4,705.39,282.01,-9.43,14.22,14.5,37
Mon Sep 26 06:52:21 GMT-03:00 2022,26-Sep-2022 06:52:22.417,-35.20698115340948,-5.792927048926083,6.634355545043945,6.0,8.192435800762238,69.60275268554688,-3.41,6.27,6.97,0.01,20,0.03,-0.36,0.08,-0.11,27.06,14.12,14.7,19.61,92,18.79,1014.84,14.65,600.2,1,340.44,225,0,84,1.98,49.41,50.98,1625,19.61,34.18,3.02,47.84,-3.12,0,0.78,-,0.59,6,8.19,69.6,-5.79,-35.21,24,0.51,2.65,37,6.95,11.11,9,8.27,19.63,31.39,0.28,0.75,10.2,1119,23.88,22,20,17,11.63,11.11,9,31.39,4.58,988.41,706.4,282.01,-9.43,14.18,14.5,37
Mon Sep 26 06:52:22 GMT-03:00 2022,26-Sep-2022 06:52:23.418,-35.20691893841899,-5.792898577595698,6.870398998260498,6.0,8.381381508142015,50.267513275146484,-1.57,6.51,7.55,0.03,20.78,-0.07,-0.17,0.08,-0.18,27.06,14.12,14.7,19.61,92,18.8,1014.79,14.65,603.5,1,343.06,225,0,84,3.85,67.45,50.98,1552.5,19.61,34.29,4.91,48.24,-3.12,0,1.56,-,0.59,6,8.38,50.27,-5.79,-35.21,22,0.73,5.16,36,4.48,11.1,9.01,13.44,12.65,31.37,0.16,0.74,10.98,1120,24.73,24,20.78,18,23.68,11.1,9.01,31.37,4.59,989.41,707.41,282.01,-6.62,14.16,14.4,41
Mon Sep 26 06:52:23 GMT-03:00 2022,26-Sep-2022 06:52:24.417,-35.20687357684513,-5.79284803464347,7.181558132171631,6.0,8.460332697517465,42.7949333190918,-0.87,6.46,9.11,0.14,20.78,0.02,0.02,0.07,-0.03,30.2,15.69,14.7,19.61,92,18.8,1014.78,14.65,603.5,1,342.8,225,0,84,2.52,69.41,58.04,1583,19.61,34.38,5.32,48.24,-3.12,-2.34,1.56,-,0.59,6,8.46,42.79,-5.79,-35.21,22,0.85,3.38,36,4.51,11.1,9.01,14.55,12.75,31.34,0.12,0.74,10.98,1121,25.85,25,20.78,18,15.2,11.1,9.01,31.34,4.6,990.35,708.34,282.01,-5.57,14.16,14.5,46
Mon Sep 26 06:52:24 GMT-03:00 2022,26-Sep-2022 06:52:25.420,-35.20682995966916,-5.792796944881431,7.334428787231445,6.0,8.814904537447045,42.32109451293945,1.92,5.61,8.86,0.08,19.61,-0.14,0.01,-0.01,-0.17,20,10.59,14.7,19.61,92,18.81,1014.73,14.65,603.5,1,342.54,225,0,84,2.52,44.71,52.16,1370,19.61,34.44,2.94,48.24,-3.12,-1.56,1.56,-,0.59,6,8.81,42.32,-5.79,-35.21,21,1.4,3.38,36,8.5,11.09,9.01,8.05,24,31.33,0.24,0.73,9.8,1123,26.4,25,14.9,-2.5,15.2,11.09,9.01,31.33,4.6,991.41,709.4,282.01,-9.73,14.22,14.5,43
Mon Sep 26 06:52:25 GMT-03:00 2022,26-Sep-2022 06:52:26.416,-35.20678063640549,-5.792759310895552,6.984137535095215,6.0,9.361029824581133,50.434165954589844,2.29,4.37,7.94,-0.05,12.94,0.04,0.32,0.04,-0.03,21.57,11.76,14.7,19.61,92,18.82,1014.66,14.65,609.2,1,339.65,225,0,84,2.52,54.9,20.78,1243,19.61,34.52,3.59,47.84,-4.69,-1.56,1.56,-,0.6,6,9.36,50.43,-5.79,-35.21,21,3.14,3.38,36,6.96,11.09,9.02,9.83,19.66,31.32,0.24,0.73,2.75,1124,25.14,22,14.9,-2.5,15.2,11.09,9.02,31.32,4.61,992.42,710.41,282.01,-7.7,14.22,14.4,44
Mon Sep 26 06:52:26 GMT-03:00 2022,26-Sep-2022 06:52:27.417,-35.20673017599989,-5.792720397702336,6.810276031494141,6.0,9.245741885971434,68.57743072509766,0.68,4.44,6.03,-0.24,12.94,0.05,0.16,0.05,0.01,21.57,11.76,14.7,19.61,92,18.82,1014.64,14.65,611.9,1,339.65,225,0,84,2.52,54.9,20.78,1243,19.61,34.52,3.59,47.84,-3.12,-2.34,1.56,-,0.6,6,9.25,68.58,-5.79,-35.21,21,3.14,3.38,36,6.96,11.09,9.02,9.83,19.66,31.32,0.29,0.73,2.75,1124,24.52,22,18.82,17,15.2,11.09,9.02,31.32,4.61,993.39,711.38,282.01,-7.7,14.12,14.4,44
Mon Sep 26 06:52:27 GMT-03:00 2022,26-Sep-2022 06:52:28.418,-35.20667456658395,-5.792699070323863,6.6662211418151855,6.0,9.185936196190237,90.0577621459961,0.56,5.52,9.03,0.08,20.39,0.06,0.14,0.17,-0.06,28.24,14.51,14.7,19.61,92,18.82,1014.58,14.65,611.9,1,333.93,225,0,84,2.76,71.76,58.04,1554,19.61,34.67,5.24,47.06,-3.12,4.69,1.56,-,0.6,6,9.19,90.06,-5.79,-35.21,22,0,3.7,36,4.2,11.08,9.03,14.33,11.87,31.3,0.29,0.73,10.59,1126,24,24,18.82,17,16.97,11.08,9.03,31.3,4.62,994.38,712.37,282.01,-3.49,14.12,14.4,52
Mon Sep 26 06:52:28 GMT-03:00 2022,26-Sep-2022 06:52:29.417,-35.20661059207528,-5.792700096090588,7.032784938812256,6.0,9.172737326268583,103.6377944946289,-0.3,7.71,9.37,0.24,23.14,0.07,0.14,0.09,0.01,30.98,16.08,14.7,19.61,92,18.82,1014.57,14.65,616.4,1,333.93,225,0,84,2.76,71.76,63.92,1554,19.61,34.67,5.24,47.06,-3.12,4.69,2.34,-,0.6,6,9.17,103.64,-5.79,-35.21,20,0,3.7,36,4.2,11.08,9.03,14.33,11.87,31.3,0.17,0.73,12.94,1126,25.32,24,22.35,17,16.97,11.08,9.03,31.3,4.62,995.42,713.42,282.01,-3.49,14.14,14.4,52
Mon Sep 26 06:52:29 GMT-03:00 2022,26-Sep-2022 06:52:30.417,-35.20653629635687,-5.79277845464053,7.5315327644348145,6.0,8.570652593119881,107.72926330566406,1.09,6.83,8.35,0.1,23.14,0.06,-0.05,0.13,-0.01,30.98,16.08,14.7,19.61,92,18.83,1014.55,14.65,622,1,328.1,225,0,84,8.04,76.86,63.92,1668,19.61,34.82,6.08,46.27,-3.12,-0.78,0.78,-,0.6,6,8.57,107.73,-5.79,-35.21,23,0.89,10.79,36,3.95,11.07,9.03,16.63,11.15,31.27,0.12,0.74,12.94,1127,27.11,28,22.75,12.5,46.05,11.07,9.03,31.27,4.62,996.42,714.41,282.01,-4.29,14.12,14.4,56
Mon Sep 26 06:52:30 GMT-03:00 2022,26-Sep-2022 06:52:31.417,-35.20646359720131,-5.792803721503602,8.29310131072998,6.0,8.675619116983501,109.31526947021484,1.23,6.22,8.89,0.11,22.35,-0.11,0.06,-0.05,-0.1,29.8,15.29,14.7,19.61,92,18.85,1014.51,14.65,622,1,325.06,225,0,85,5.06,75.69,62.75,1601,19.61,34.94,5.76,45.88,-3.12,-0.78,2.34,-,0.6,6,8.68,109.32,-5.79,-35.21,21,0.14,6.79,36,4.86,11.06,9.04,15.77,13.72,31.25,0.2,0.75,12.55,1129,29.86,30,22.35,12.5,30.18,11.06,9.04,31.25,4.63,997.34,715.33,282.01,-5.49,14.12,14.5,58
Mon Sep 26 06:52:31 GMT-03:00 2022,26-Sep-2022 06:52:32.419,-35.206385596523866,-5.792833853527443,8.740833282470703,6.0,9.014233520283874,109.92095947265625,-1.25,6.36,8.38,0.08,21.96,0.08,0,0.11,0.01,28.63,14.9,14.7,19.61,92,18.86,1014.49,14.65,622,1,324.83,225,0,85,6.3,72.94,61.57,1558,19.61,35.03,5.16,45.88,-3.12,-0.78,2.34,-,0.6,6,9.01,109.92,-5.79,-35.21,23,0.53,8.45,35,5.82,11.05,9.05,14.11,16.43,31.23,0.2,0.75,12.16,1130,31.47,32,20.78,15,38.63,11.05,9.05,31.23,4.64,998.39,716.38,282.01,-6.12,14.16,14.5,58
Mon Sep 26 06:52:32 GMT-03:00 2022,26-Sep-2022 06:52:33.417,-35.206301554335255,-5.79286229024562,9.651466369628906,6.0,9.068708714075944,109.96842956542969,-0.93,6.07,7.05,-0.05,20,-0.11,-0.02,0,-0.14,29.8,15.29,14.7,19.61,92,18.88,1014.45,14.65,630.7,1,324.63,225,0,85,3.07,72.55,57.25,1760,19.61,35.14,5.98,45.88,-3.12,-0.78,0.78,-,0.61,6,9.07,109.97,-5.79,-35.21,22,1.75,4.11,35,5.35,11.05,9.05,16.36,15.12,31.21,0.12,0.75,10.2,1131,34.75,33,20.78,15,16.64,11.05,9.05,31.21,4.65,999.34,717.33,282.01,-4.51,14.16,14.5,60
Mon Sep 26 06:52:33 GMT-03:00 2022,26-Sep-2022 06:52:34.417,-35.20621392898075,-5.792894032595183,10.025553703308105,6.0,9.250838188539824,109.2576904296875,-1.02,6.56,6.62,-0.05,23.92,0,0.07,0.08,-0.07,30.98,15.69,14.7,19.61,92,18.88,1014.36,14.65,636.2,1,324.63,225,0,85,3.07,72.55,61.96,1760,19.61,35.14,5.98,45.88,-3.12,0.78,3.12,-,0.61,6,9.25,109.26,-5.79,-35.21,24,1.75,4.11,35,5.35,11.05,9.05,16.36,15.12,31.21,0.37,0.76,14.12,1132,36.09,33,24.31,16.5,16.64,11.05,9.05,31.21,4.65,1000.4,718.39,282.01,-4.51,14.12,14.5,60
Mon Sep 26 06:52:34 GMT-03:00 2022,26-Sep-2022 06:52:35.421,-35.206123953395135,-5.792927228771134,10.667171478271484,6.0,9.358094442309273,109.05997467041016,-0.75,7.46,7.77,0.1,22.75,-0.16,0.06,0.03,-0.24,29.02,14.9,14.7,19.61,92,18.9,1014.36,14.65,636.2,1,324.42,225,0,85,9.18,71.76,58.43,2065.5,19.61,35.29,6.95,45.88,-3.12,-2.34,-3.91,-,0.61,6,9.36,109.06,-5.79,-35.21,23,0.09,12.31,35,4.75,11.04,9.06,19.02,13.41,31.19,0.63,0.76,12.94,1132,38.4,36,23.92,18,42.44,11.04,9.06,31.19,4.66,1001.43,719.42,282.01,-4.22,14.16,14.4,63
Mon Sep 26 06:52:35 GMT-03:00 2022,26-Sep-2022 06:52:36.419,-35.20603323104373,-5.792959653370755,10.792549133300781,6.0,9.775272375144036,109.12871551513672,-0.32,6.43,7.42,-0,20.78,-0.05,-0.05,0.08,-0.14,29.41,15.29,14.7,19.61,92,18.93,1014.3,14.65,647.9,1,324.18,225,0,85,7.4,69.41,56.86,1842,19.61,35.39,5.89,45.88,-3.12,-0.78,0.78,-,0.61,6,9.78,109.13,-5.79,-35.21,26,0.4,9.92,35,6.11,11.03,9.06,16.13,17.25,31.17,0.21,0.76,10.98,1133,38.85,38,21.96,17,38.34,11.03,9.06,31.17,4.67,1002.43,720.42,282.01,-7.11,14.18,14.4,60
Mon Sep 26 06:52:36 GMT-03:00 2022,26-Sep-2022 06:52:37.418,-35.20594403989777,-5.792991891998925,10.632417678833008,6.0,10.959100881195706,109.4531021118164,-0.3,6,7.74,-0,20.78,0.08,-0.05,0.08,0.03,29.41,15.29,14.7,19.61,92,18.95,1014.17,14.65,647.9,1,324,225,0,85,7.4,69.41,56.86,1669,19.61,35.49,5.24,45.88,-3.12,0.78,2.34,-,0.61,6,10.96,109.45,-5.79,-35.21,25,1.28,9.92,35,7.26,11.03,9.07,14.33,20.5,31.15,0.24,0.76,10.98,1134,38.28,37,21.57,17,38.34,11.03,9.07,31.15,4.68,1003.33,721.33,282.01,-7.14,14.16,14.4,57
Mon Sep 26 06:52:37 GMT-03:00 2022,26-Sep-2022 06:52:38.419,-35.20585644191589,-5.793021968529608,10.549454689025879,6.0,11.712081382916892,109.4914321899414,-0.46,6.41,9.25,0.15,20.78,0.23,0.25,0.16,0.14,29.8,15.29,14.7,19.61,92,18.97,1014.06,14.65,652.5,1,323.86,225,0,85,7.4,71.76,59.61,1569,19.61,35.59,5.03,45.88,-3.12,-1.56,-3.12,-,0.61,6,11.71,109.49,-5.79,-35.21,24,0.98,9.92,35,7.35,11.02,9.07,13.77,20.77,31.14,0.74,0.76,10.98,1136,37.98,37,20.78,17,38.34,11.02,9.07,31.14,4.69,1004.41,722.41,282.01,-6.69,14.16,14.4,56
Mon Sep 26 06:52:38 GMT-03:00 2022,26-Sep-2022 06:52:39.418,-35.20576794202716,-5.793055068132479,10.478748321533203,6.0,12.796460234447764,109.99888610839844,-0.55,5.41,7.17,-0.09,21.18,0.06,-0.05,0.11,0,31.76,16.47,14.7,19.61,92,19,1013.96,14.65,652.5,1,323.73,225,0,85,-,68.63,58.82,1978.5,19.61,35.71,6.19,45.88,-3.12,-0.78,-3.12,-,0.62,6,12.8,110,-5.79,-35.21,26,0.72,-,35,5.98,11.02,9.08,16.94,16.88,31.12,0.74,0.75,11.37,1137,37.72,37,20.78,20,-,11.02,9.08,31.12,4.7,1005.35,723.34,282.01,-4.23,14.16,14.5,60
Mon Sep 26 06:52:39 GMT-03:00 2022,26-Sep-2022 06:52:40.417,-35.20567869008169,-5.79308916612864,10.366395950317383,6.0,13.589951928039046,110.41761016845703,0.17,6.24,7.83,0.02,20.78,-0.03,0,0.02,-0.06,27.45,14.12,14.7,19.61,92,19.02,1013.87,14.65,659,1,323.54,225,0,85,-,64.31,54.51,1714.5,19.61,35.79,4.84,45.88,-3.12,-0.78,-2.34,-,0.62,6,13.59,110.42,-5.79,-35.21,25,0.32,-,35,7.65,11.01,9.08,13.24,21.6,31.11,0.76,0.75,10.98,1138,37.32,37,22.35,20,-,11.01,9.08,31.11,4.71,1006.43,724.42,282.01,-8.19,14.14,14.5,56
Mon Sep 26 06:52:40 GMT-03:00 2022,26-Sep-2022 06:52:41.417,-35.20559171969424,-5.793122548700328,10.473479270935059,6.0,13.99678234604077,110.12090301513672,-1.9,6.92,8.04,0.1,18.43,0,0,0.09,-0.07,23.92,12.55,14.7,19.61,92,19.02,1013.83,14.65,661.7,1,323.54,225,0,85,-,64.31,48.63,1714.5,19.61,35.79,4.84,45.88,-3.12,1.56,-2.34,-,0.62,6,14,110.12,-5.79,-35.21,22,0.32,-,35,7.65,11.01,9.08,13.24,21.6,31.11,0.75,0.75,9.02,1138,37.7,37,20,19.5,-,11.01,9.08,31.11,4.71,1007.4,725.39,282.01,-8.19,14.2,14.4,56
Mon Sep 26 06:52:41 GMT-03:00 2022,26-Sep-2022 06:52:42.417,-35.205505207698394,-5.79315683158421,10.403260231018066,6.0,14.362566640046191,110.48910522460938,0.08,5.38,7.45,-0.07,16.47,-0.09,0.06,0.01,-0.13,24.31,12.55,14.7,19.61,92,19.04,1013.75,14.65,661.7,1,323.42,225,0,85,-,54.51,48.63,1534,19.61,35.87,3.66,45.88,-3.12,-3.12,-3.91,-,0.62,6,14.36,110.49,-5.79,-35.21,22,1.7,-,35,10.1,11.01,9.08,10.02,28.54,31.11,0.31,0.74,6.67,1139,37.45,36,17.65,20,-,11.01,9.08,31.11,4.72,1008.39,726.38,282.01,-9.01,14.14,14.5,51
Mon Sep 26 06:52:42 GMT-03:00 2022,26-Sep-2022 06:52:43.417,-35.20542013612167,-5.793187301978634,10.197054862976074,6.0,14.504882939898113,110.71954345703125,-0.54,5.76,8.89,0.08,16.47,-0.1,0.03,-0.01,-0.12,24.31,12.55,14.7,19.61,92,19.06,1013.69,14.65,663.7,1,323.38,225,0,85,-,48.63,39.61,1504,19.61,35.93,3.15,45.88,-3.12,3.12,4.69,-,0.62,6,14.5,110.72,-5.79,-35.21,24,2.71,-,35,11.41,11.01,9.08,8.63,32.24,31.11,0.17,0.74,6.67,1140,36.71,34,17.25,21,-,11.01,9.08,31.11,4.73,1009.42,727.41,282.01,-9.22,14.22,14.5,48
Mon Sep 26 06:52:43 GMT-03:00 2022,26-Sep-2022 06:52:44.418,-35.20533591395677,-5.793217698033345,9.965526580810547,6.0,14.751660962006637,110.64107513427734,-0.04,4.4,7.32,-0.13,16.86,-0.12,0.05,-0.06,-0.1,24.31,12.55,14.7,19.61,92,19.08,1013.65,14.65,663.7,1,320.63,225,0,85,-,47.06,39.61,1509.5,19.61,35.99,3.19,45.49,-3.91,-1.56,-2.34,-,0.62,6,14.75,110.64,-5.79,-35.21,24,1.88,-,35,10.64,11.01,9.08,8.74,30.07,31.11,0.76,0.73,6.67,1142,35.88,34,16.08,-2.5,-,11.01,9.08,31.11,4.74,1010.37,728.36,282.01,-9.04,14.22,14.5,45
Mon Sep 26 06:52:44 GMT-03:00 2022,26-Sep-2022 06:52:45.417,-35.20525692108963,-5.79324679387569,9.510907173156738,6.0,14.701212082690791,110.32086944580078,0.28,3.97,9.83,0.08,13.73,0.14,0.01,0.02,0.14,14.9,7.45,14.7,19.61,92,19.09,1013.58,14.65,663.7,1,320.62,225,0,85,-,23.92,19.61,1049.5,19.61,36.01,1.18,45.49,-3.91,-3.12,-2.34,-,0.62,6,14.7,110.32,-5.79,-35.21,21,5.24,-,35,28.89,11.03,9.06,3.22,81.61,31.17,0.76,0.73,4.31,1143,34.24,29,16.08,9.5,-,11.03,9.06,31.17,4.75,1011.38,729.37,282.01,-12.59,14.22,14.4,37
Mon Sep 26 06:52:45 GMT-03:00 2022,26-Sep-2022 06:52:46.417,-35.20518993424289,-5.793271423726141,7.903025150299072,6.0,14.789373749957418,110.52330780029297,-0.28,5.73,7.61,-0.03,13.33,-0.1,0,-0.03,-0.1,14.9,7.45,14.7,19.61,92,19.1,1013.58,14.65,664,1,321.27,225,0,85,-,22.35,20.78,1128,19.61,36.03,1.07,45.49,-5.47,-5.47,-2.34,-,0.62,6,14.79,110.52,-5.79,-35.21,24,3.45,-,35,26.99,11.05,9.05,2.94,76.24,31.23,0.09,0.73,3.14,1144,28.45,25,14.12,9.5,-,11.05,9.05,31.23,4.76,1012.41,730.41,282.01,-11.95,14.16,14.4,33
Mon Sep 26 06:52:46 GMT-03:00 2022,26-Sep-2022 06:52:47.417,-35.20513097453184,-5.793293638434751,6.8387885093688965,6.0,15.12986452702515,110.55027770996094,-0.01,5.41,7.75,-0.04,15.69,0.22,0.18,0.17,0.13,23.53,11.76,14.7,19.61,92,19.1,1013.5,14.65,664,1,324.62,225,0,85,-,22.35,35.69,1567.5,19.61,36.11,4.35,45.88,-3.91,-5.47,-3.91,-,0.62,6,15.13,110.55,-5.79,-35.21,26,3.45,-,35,5.74,11.05,9.05,11.91,16.22,31.21,0.07,0.73,5.88,1145,24.62,25,16.08,18.5,-,11.05,9.05,31.21,4.76,1013.41,731.4,282.01,-4.46,14.14,14.4,42
Mon Sep 26 06:52:47 GMT-03:00 2022,26-Sep-2022 06:52:48.417,-35.20507508004854,-5.793313691664937,6.643365383148193,6.0,15.592207140446686,110.8363037109375,-1.1,6.64,9.23,0.16,25.1,0.01,-0.02,0.13,-0.09,30.98,16.08,14.7,19.61,92,19.1,1013.49,14.65,662.8,1,324.62,225,0,85,-,60,60.78,1567.5,19.61,36.11,4.35,45.88,-3.12,1.56,3.12,-,0.62,6,15.59,110.84,-5.79,-35.21,25,1.62,-,35,5.74,11.05,9.05,11.91,16.22,31.21,0.09,0.73,15.29,1145,23.92,23,21.57,16.5,-,11.05,9.05,31.21,4.76,1014.34,732.33,282.01,-4.46,14.2,14.4,42
Mon Sep 26 06:52:48 GMT-03:00 2022,26-Sep-2022 06:52:49.418,-35.20501567854963,-5.7933355837102685,7.323227405548096,6.0,16.209197465914396,111.32095336914062,0.04,6.19,6.83,-0.06,21.57,0.11,0.03,0.15,0.02,28.24,16.08,14.7,19.61,92,19.11,1013.48,14.65,665.6,1,324.43,225,0,85,6.39,60.78,60.78,2241,19.61,36.25,6.68,45.88,-3.12,-3.12,-0.78,-,0.63,6,16.21,111.32,-5.79,-35.21,24,0.36,8.57,35,3.44,11.04,9.06,18.27,9.73,31.18,0.09,0.75,11.76,1146,26.36,26,21.96,20,27.24,11.04,9.06,31.18,4.76,1015.41,733.4,282.01,-3.4,14.3,14.5,50
Mon Sep 26 06:52:49 GMT-03:00 2022,26-Sep-2022 06:52:50.417,-35.20494825492027,-5.793367355056311,7.657739162445068,6.0,16.765310463687292,114.04756927490234,0.07,5.57,6.63,-0.12,21.57,-0.06,0.01,0.01,-0.09,28.24,14.51,14.7,19.61,92,19.12,1013.48,14.65,665.6,1,324.15,225,0,85,5.82,64.31,54.51,1746.5,19.61,36.34,5.35,45.88,-3.12,-0.78,0.78,-,0.63,6,16.77,114.05,-5.79,-35.2,25,0.43,7.8,35,4.86,11.03,9.07,14.63,13.74,31.16,0.11,0.77,10.59,1147,27.57,28,20.78,20,31.8,11.03,9.07,31.16,4.77,1016.41,734.41,282.01,-8.35,14.22,14.5,48
Mon Sep 26 06:52:50 GMT-03:00 2022,26-Sep-2022 06:52:51.418,-35.20487375405531,-5.793400355602167,8.320685386657715,6.0,17.042586685614932,112.6661376953125,-0.59,5.91,7.72,-0.01,20.39,0.1,-0.06,0.15,0,27.84,14.12,14.7,19.61,92,19.14,1013.45,14.65,665.6,1,323.93,225,0,85,8.81,61.57,52.55,1745.5,19.61,36.44,5.11,45.88,-3.12,-3.91,0,-,0.63,6,17.04,112.67,-5.79,-35.2,24,1.05,11.82,35,5.48,11.02,9.07,13.99,15.47,31.14,0.09,0.77,10.59,1148,29.95,31,20.39,19.5,48.21,11.02,9.07,31.14,4.78,1017.34,735.33,282.01,-6.92,14.2,14.4,49
Mon Sep 26 06:52:51 GMT-03:00 2022,26-Sep-2022 06:52:52.417,-35.20480022170449,-5.7934309015586,8.870012283325195,6.0,17.145643639796493,112.43506622314453,-0.46,6.34,7.89,0.03,19.61,0,0.02,0.05,-0.04,25.49,12.94,14.7,19.61,92,19.15,1013.42,14.65,670,1,323.72,225,0,85,8.6,54.51,49.41,1702,19.61,36.51,4.4,45.88,-3.12,-3.91,0,-,0.63,6,17.15,112.44,-5.79,-35.2,25,2.07,11.53,35,7.04,11.02,9.07,12.05,19.88,31.13,0.09,0.77,9.8,1150,31.93,34,20.39,21,48.26,11.02,9.07,31.13,4.79,1018.35,736.35,282.01,-7.99,14.2,14.4,48
Mon Sep 26 06:52:52 GMT-03:00 2022,26-Sep-2022 06:52:53.417,-35.20472370970215,-5.793462627745059,9.43719482421875,6.0,17.230432769300904,112.67768859863281,1.36,5.4,7.56,-0.05,15.29,0,0.05,0.02,-0.03,20.39,10.59,14.7,19.61,92,19.17,1013.43,14.65,671.4,1,320.81,225,0,85,8.6,30.98,30.98,1445,19.61,36.55,1.89,45.49,-3.91,-3.91,-5.47,-,0.63,6,17.23,112.68,-5.79,-35.2,23,0.03,11.53,35,18.03,11.03,9.07,5.16,50.93,31.15,0.51,0.75,5.1,1151,33.97,34,16.86,21,48.26,11.03,9.07,31.15,4.8,1019.41,737.4,282.01,-11.72,14.16,14.4,41
Mon Sep 26 06:52:53 GMT-03:00 2022,26-Sep-2022 06:52:54.419,-35.20464321597517,-5.793496011338858,9.715569496154785,6.0,17.438590684457616,112.74092102050781,-0.9,5.86,7.78,-0.01,17.25,-0.03,-0.03,0.03,-0.06,23.53,12.16,14.7,19.61,92,19.17,1013.39,14.65,671.4,1,321.07,225,0,85,8.6,30.98,35.29,1363,19.61,36.59,2.28,45.49,-4.69,-2.34,-3.12,-,0.63,6,17.44,112.74,-5.79,-35.2,25,0.03,11.53,35,14.91,11.03,9.06,6.24,42.12,31.17,0.78,0.75,4.31,1152,34.98,34,14.51,25.5,48.26,11.03,9.06,31.17,4.8,1020.42,738.41,282.01,-10.48,14.22,14.4,38
Mon Sep 26 06:52:54 GMT-03:00 2022,26-Sep-2022 06:52:55.416,-35.204564054954,-5.793528287887812,9.557066917419434,6.0,17.536935932675213,112.63080596923828,-0.55,5.07,9.01,0.05,13.33,-0.02,-0.08,-0.01,-0.02,16.47,8.63,14.7,19.61,92,19.19,1013.44,14.65,671.6,1,321.07,225,0,85,8.6,38.82,19.22,1363,19.61,36.59,2.28,45.49,-4.69,-1.56,-0.78,-,0.63,6,17.54,112.63,-5.79,-35.2,25,0.98,11.53,35,14.91,11.03,9.06,6.24,42.12,31.17,0.18,0.75,3.14,1153,34.41,34,14.9,3,48.26,11.03,9.06,31.17,4.81,1021.41,739.41,282.01,-10.48,14.22,14.4,38
Mon Sep 26 06:52:55 GMT-03:00 2022,26-Sep-2022 06:52:56.418,-35.20448546672851,-5.793560232782021,9.337071418762207,6.0,17.539379095813004,112.0701675415039,-1.58,4.62,8.41,-0.01,13.33,0,0.05,0,0,16.47,8.63,14.7,19.61,92,19.21,1013.45,14.65,671.4,1,323.97,225,0,85,-,19.22,19.22,1248,19.61,36.61,1.07,45.88,-6.25,-6.25,-7.03,-,0.63,6,17.54,112.07,-5.79,-35.2,20,0.41,-,35,31.64,11.06,9.04,2.94,89.39,31.24,0.46,0.75,3.14,1153,33.61,34,13.33,-4.5,-,11.06,9.04,31.24,4.82,1022.39,740.38,282.01,-12.57,14.2,14.4,32
Mon Sep 26 06:52:56 GMT-03:00 2022,26-Sep-2022 06:52:57.418,-35.204411847778324,-5.7935901136467285,8.97996997833252,6.0,17.662581695960796,111.74711608886719,-0.97,5.64,8.48,0.04,12.94,0.03,-0.13,0.1,-0.04,14.9,7.45,17.92,19.61,92,19.23,1013.42,14.65,671.4,1.22,324.72,225,0,84,-,20,16.08,1044,19.61,36.64,0.98,45.88,-6.25,0,0,-,0.63,6,17.66,111.75,-5.79,-35.2,21,0.33,-,35,34.58,11.09,9.02,2.69,97.69,31.32,0.04,0.74,3.14,1155,32.33,32,12.94,0,-,11.09,9.02,31.32,4.83,1023.4,741.4,282.01,-12.57,14.2,14.4,27
Mon Sep 26 06:52:57 GMT-03:00 2022,26-Sep-2022 06:52:58.417,-35.20434217108974,-5.793619588315673,8.564115524291992,6.0,17.807056103892048,111.30538177490234,-1,4.87,9.12,0.06,12.55,0.11,-0.09,-0.03,0.13,14.9,7.45,17.92,19.61,92,19.24,1013.44,14.65,671.4,1.22,325.57,225,0,84,-,19.61,16.08,987.5,19.61,36.65,0.89,45.88,-6.25,0,0,-,0.63,6,17.81,111.31,-5.79,-35.2,20,0.83,-,36,35.88,11.09,9.02,2.44,101.37,31.32,0.89,0.74,2.35,1156,30.83,30,12.55,5,-,11.09,9.02,31.32,4.83,1024.39,742.38,282.01,-12.39,14.24,14.4,24
Mon Sep 26 06:52:58 GMT-03:00 2022,26-Sep-2022 06:52:59.417,-35.20427928972093,-5.793645554644744,7.694763660430908,6.0,17.716255885582,110.67352294921875,-0.87,3.02,7.98,-0.13,12.55,-0.03,-0.26,-0.14,-0.01,14.9,7.45,13.43,19.61,92,19.25,1013.46,14.65,670.4,0.91,328.4,225,0,85,-,20,15.69,921,19.61,36.67,0.86,46.27,-7.03,0,0,-,0.63,6,17.72,110.67,-5.79,-35.2,18,2.7,-,36,34.78,11.12,8.99,2.36,98.25,31.41,0.89,0.74,2.35,1157,27.7,25,12.55,6.5,-,11.12,8.99,31.41,4.84,1025.32,743.32,282.01,-12.33,14.24,14.5,22
Mon Sep 26 06:52:59 GMT-03:00 2022,26-Sep-2022 06:53:00.417,-35.20422402393985,-5.793664351152758,7.2430877685546875,6.0,18.037451257699033,109.81622314453125,-1.22,3.77,9.64,0.06,12.55,0.13,-0.1,-0.07,0.18,14.9,7.45,13.54,19.61,92,19.25,1013.52,14.65,669.3,0.92,332.05,225,0,85,-,20,16.86,921,19.61,36.69,0.97,46.67,-7.03,0,0,-,0.63,6,18.04,109.82,-5.79,-35.2,19,2.7,-,36,25.72,11.14,8.98,2.66,72.64,31.46,0.88,0.74,2.35,1158,26.08,25,12.55,6.5,-,11.14,8.98,31.46,4.84,1026.41,744.4,282.01,-11.85,14.22,14.4,21
Mon Sep 26 06:53:00 GMT-03:00 2022,26-Sep-2022 06:53:01.419,-35.204182033126315,-5.79367923907924,4.948330402374268,6.0,18.04109841489186,110.32078552246094,-0.58,3.86,9.78,0.07,13.33,0.04,-0.05,-0.24,0.16,14.9,7.45,13.7,19.61,92,19.25,1013.5,14.65,669.3,0.93,332.05,225,0,85,-,21.57,21.18,931,19.61,36.69,0.97,46.67,-7.03,0,0,-,0.63,6,18.04,110.32,-5.79,-35.2,19,7.08,-,36,25.72,11.14,8.98,2.66,72.64,31.46,0.88,0.74,2.75,1159,17.81,19,12.94,2,-,11.14,8.98,31.46,4.85,1027.38,745.37,282.01,-11.85,14.22,14.4,21
Mon Sep 26 06:53:01 GMT-03:00 2022,26-Sep-2022 06:53:02.416,-35.204160204359326,-5.793687412719393,2.586643695831299,6.0,18.019848330124557,110.97179412841797,-0.77,4.05,9.21,0.03,16.08,0.04,-0.02,-0.12,0.11,14.9,7.45,14.61,19.61,92,19.24,1013.55,14.65,666.6,0.99,332.6,225,0,85,-,34.9,39.61,984.5,19.61,36.74,1.75,46.67,-5.47,0,0,-,0.63,6,18.02,110.97,-5.79,-35.2,18,6.81,-,36,6.27,11.13,8.98,4.8,17.71,31.44,0.82,0.82,6.27,1160,9.31,11,14.12,11,-,11.13,8.98,31.44,4.85,1028.42,746.41,282.01,-9.66,14.2,14.4,26
Mon Sep 26 06:53:02 GMT-03:00 2022,26-Sep-2022 06:53:03.418,-35.204153721238725,-5.79368970270205,0.5952165722846985,6.0,17.93919349437733,111.15369415283203,-0.53,5.49,7.84,-0.03,14.12,0,-0.02,0.05,-0.05,14.9,7.45,14.7,19.61,92,19.22,1013.52,14.65,666.6,1,332.6,225,0,85,-,42.35,33.33,984.5,19.61,36.74,1.75,46.67,-4.69,-2.34,-3.12,-,0.63,6,17.94,111.15,-5.79,-35.2,21,5.31,-,36,6.27,11.13,8.98,4.8,17.71,31.44,0.58,0.86,4.31,1160,2.14,4,14.9,3,-,11.13,8.98,31.44,4.85,1029.41,747.41,282.01,-9.66,14.16,14.4,26
Mon Sep 26 06:53:03 GMT-03:00 2022,26-Sep-2022 06:53:04.421,-35.204153721238725,-5.79368970270205,0.13682550191879272,6.0,18.096571118639634,111.16638946533203,-0.61,5.68,8.19,0.02,13.33,0,-0.03,0.03,-0.03,14.9,7.45,14.7,19.61,92,19.19,1013.53,14.65,662.8,1,363.15,225,0,85,-,38.82,30.98,798,19.61,36.77,1.43,50.98,-5.47,2.34,2.34,-,0.63,6,18.1,111.17,-5.79,-35.2,23,2.14,-,36,2.8,11.12,8.99,3.91,7.91,31.41,0.15,0.83,3.53,1161,0.49,0,13.73,4.5,-,11.12,8.99,31.41,4.85,1030.39,747.62,282.78,-10.8,14.16,14.4,26
Mon Sep 26 06:53:04 GMT-03:00 2022,26-Sep-2022 06:53:05.422,-35.204153721238725,-5.79368970270205,0.18651026487350464,6.0,18.208204537767937,111.17191314697266,-0.69,5.63,8.01,-0,13.33,0.01,-0.02,0.03,-0.01,14.9,7.45,14.7,19.61,92,19.17,1013.52,14.65,662.8,1,362.82,225,0,85,-,38.43,30.2,794.5,19.61,36.79,1.38,50.98,-5.47,3.12,3.12,-,0.63,6,18.21,111.17,-5.79,-35.2,22,0.49,-,36,0,11.12,8.99,3.77,0,31.41,0.82,0.82,3.53,1162,0.67,0,13.73,3.5,-,11.12,8.99,31.41,4.85,1031.39,747.62,283.78,-10.07,14.16,14.4,27
Mon Sep 26 06:53:05 GMT-03:00 2022,26-Sep-2022 06:53:06.419,-35.204153721238725,-5.79368970270205,0.038365688174963,6.0,18.249458451638013,111.187255859375,-0.68,5.89,7.91,0.01,13.33,0,-0.02,0.06,-0.04,14.9,7.45,14.7,19.61,92,19.15,1013.54,14.65,662.8,1,357.2,225,0,85,-,38.04,30.98,797,19.61,36.83,1.41,50.2,-5.47,0,0,-,0.64,6,18.25,111.19,-5.79,-35.2,20,0.67,-,36,0,11.12,8.99,3.86,0,31.41,0.79,0.81,3.53,1164,0.14,0,13.73,3.5,-,11.12,8.99,31.41,4.85,1032.42,747.62,284.81,-9.96,14.14,14.5,29
Mon Sep 26 06:53:06 GMT-03:00 2022,26-Sep-2022 06:53:07.418,-35.204153721238725,-5.79368970270205,0.09331469237804413,6.0,18.458767437572448,111.21600341796875,-0.44,6.59,7.52,0.02,16.08,0,-0.02,0.13,-0.1,21.96,11.37,14.7,19.61,92,19.12,1013.51,14.65,659.1,1,357.2,225,0,85,-,39.22,34.12,776,19.61,36.83,1.41,50.2,-5.47,-3.12,-0.78,-,0.64,6,18.46,111.22,-5.79,-35.2,18,0.14,-,36,0,11.12,8.99,3.86,0,31.41,0.23,0.81,5.88,1164,0.34,0,13.33,0,-,11.12,8.99,31.41,4.85,1033.4,747.62,285.79,-9.96,14.2,14.5,29
Mon Sep 26 06:53:07 GMT-03:00 2022,26-Sep-2022 06:53:08.417,-35.20414359298023,-5.793695905745335,0.7961165308952332,6.0,18.500876388820195,111.31061553955078,-0.55,6.4,7.71,0.02,15.29,0.02,-0.04,0.11,-0.06,23.53,12.16,14.7,19.61,92,19.1,1013.5,14.65,659.1,1,348.8,225,0,85,0.44,36.86,34.51,1210.5,19.61,36.88,2.12,49.02,-4.69,3.91,2.34,-,0.64,6,18.5,111.31,-5.79,-35.2,19,0.13,0.59,36,0,11.12,8.99,5.8,0,31.4,0.72,0.81,5.1,1165,2.87,3,14.9,20,3.45,11.12,8.99,31.4,4.85,1034.41,748.25,286.16,-7.41,14.16,14.5,34
Mon Sep 26 06:53:08 GMT-03:00 2022,26-Sep-2022 06:53:09.417,-35.204131493985315,-5.793701579828659,1.1645429134368896,6.0,18.519528121318622,111.5306167602539,-0.58,5.71,8.11,0.01,12.94,-0.02,-0.03,0.01,-0.05,14.9,12.16,14.7,19.61,92,19.09,1013.55,14.65,659.1,1,348.78,225,0,85,0.44,38.04,34.51,1283,19.61,36.91,2.4,49.02,-4.69,-2.34,-3.12,-,0.64,6,18.52,111.53,-5.79,-35.2,19,0.81,0.59,36,1.25,11.11,9,6.58,3.52,31.37,0.75,0.81,2.75,1166,4.19,5,14.9,1.5,3.45,11.11,9,31.37,4.85,1035.43,749.26,286.16,-9.39,14.2,14.5,34
Mon Sep 26 06:53:09 GMT-03:00 2022,26-Sep-2022 06:53:10.417,-35.20411479492385,-5.7937081804766395,2.0063345432281494,6.0,18.367892568072595,111.65113830566406,-0.61,6.34,7.93,0.03,12.94,0.02,-0.04,0.04,0,14.9,7.45,14.7,19.61,92,19.07,1013.52,14.65,655.3,1,345.62,225,0,86,1.45,22.75,23.92,970.5,19.61,36.93,0.93,48.63,-6.25,-5.47,-3.12,-,0.64,6,18.37,111.65,-5.79,-35.2,16,0.22,1.95,36,5.37,11.1,9.01,2.55,15.16,31.35,0.12,0.8,2.75,1167,7.22,7,12.55,4.5,14.29,11.1,9.01,31.35,4.86,1036.41,750.25,286.16,-12.72,14.22,14.5,29
Mon Sep 26 06:53:10 GMT-03:00 2022,26-Sep-2022 06:53:11.417,-35.20409645879562,-5.793715848241912,2.103205919265747,6.0,18.31713714532868,111.83277130126953,-0.92,5.38,7.94,-0.02,15.29,0,-0.02,0,0,21.96,11.37,14.7,19.61,92,19.06,1013.54,14.65,655.3,1,345.4,225,0,86,0.63,34.12,30.59,1330.5,19.61,36.97,1.93,48.63,-6.25,2.34,-3.12,-,0.64,6,18.32,111.83,-5.79,-35.2,18,0.43,0.84,36,3.63,11.09,9.02,5.27,10.27,31.33,0.12,0.8,5.49,1169,7.57,8,12.55,4.5,4.52,11.09,9.02,31.33,4.86,1037.41,751.25,286.16,-9.39,14.22,14.5,31
Mon Sep 26 06:53:11 GMT-03:00 2022,26-Sep-2022 06:53:12.419,-35.20407704809637,-5.793724981665425,2.3590826988220215,6.0,18.26953710394785,111.60600280761719,-0.5,5.41,8.32,0.01,12.55,-0.03,-0.04,-0.01,-0.04,14.9,7.45,14.7,19.61,92,19.04,1013.53,14.65,653.9,1,345.12,226,0,86,0.63,34.12,16.86,983.5,19.61,36.99,0.89,48.63,-5.47,2.34,3.12,-,0.64,6,18.27,111.61,-5.79,-35.2,19,0.49,0.84,36,8.97,11.09,9.02,2.44,25.34,31.32,0.12,0.79,2.35,1170,8.49,8,14.12,-4,4.52,11.09,9.02,31.32,4.86,1038.36,752.2,286.16,-12.87,14.2,14.4,26
Mon Sep 26 06:53:12 GMT-03:00 2022,26-Sep-2022 06:53:13.416,-35.20405952750908,-5.793732143533779,2.3789844512939453,6.0,18.203953266466797,111.135986328125,-0.79,4.56,8.73,0,12.16,0.02,-0.03,-0.04,0.05,14.9,7.45,14.7,19.61,92,19.04,1013.5,14.65,653.2,1,345.12,226,0,86,0.63,20,17.25,983.5,19.61,36.99,0.89,48.63,-7.81,-0.78,-0.78,-,0.64,6,18.2,111.14,-5.79,-35.2,21,0.49,0.84,36,8.97,11.09,9.02,2.44,25.34,31.32,0.78,0.79,2.35,1170,8.56,8,12.55,6.5,4.52,11.09,9.02,31.32,4.86,1039.42,753.26,286.16,-12.87,14.16,14.4,26
Mon Sep 26 06:53:13 GMT-03:00 2022,26-Sep-2022 06:53:14.418,-35.20404726329942,-5.793737623539213,1.4136918783187866,6.0,18.29234479825108,110.7630844116211,-0.72,4.72,8.49,-0.01,12.94,0.01,-0.03,-0.04,0.03,14.9,7.45,14.7,19.61,92,19.03,1013.54,14.65,653.2,1,347.82,226,0,85,0.63,26.27,17.25,885.5,19.61,37.01,1.15,49.02,-5.47,0.78,1.56,-,0.64,6,18.29,110.76,-5.79,-35.2,20,3.56,0.84,37,6.93,11.08,9.02,3.16,19.57,31.3,0.08,0.78,3.14,1171,5.09,5,14.12,18,4.52,11.08,9.02,31.3,4.86,1040.26,754.1,286.16,-11.54,14.22,14.4,25
Mon Sep 26 06:53:14 GMT-03:00 2022,26-Sep-2022 06:53:15.418,-35.20404132443474,-5.793739817264424,0.6087271571159363,6.0,18.310493054539094,110.63230895996094,-0.64,4.96,8.45,-0,12.94,0.01,-0.04,-0.03,0.02,14.9,7.45,14.7,19.61,92,19.01,1013.52,14.65,651.6,1,353.23,226,0,85,-,30.98,24.31,803,19.61,37.04,1.18,49.8,-6.25,3.91,3.91,-,0.64,6,18.31,110.63,-5.79,-35.2,21,0.19,-,37,4.25,11.07,9.03,3.22,12,31.28,0.81,0.77,3.14,1172,2.19,2,13.33,1.5,-,11.07,9.03,31.28,4.86,1041.41,755.25,286.16,-11.12,14.16,14.4,24
Mon Sep 26 06:53:15 GMT-03:00 2022,26-Sep-2022 06:53:16.417,-35.20404132443474,-5.793739817264424,0.10602327436208725,6.0,18.360730077339763,110.6288833618164,-0.64,5.59,8.14,0.01,12.94,0,-0.04,0.02,-0.02,14.9,7.45,14.7,19.61,92,18.98,1013.58,14.65,651.6,1,352.96,226,0,85,-,31.76,25.1,783,19.61,37.05,1.11,49.8,-6.25,2.34,0.78,-,0.64,6,18.36,110.63,-5.79,-35.2,20,0.38,-,37,1.79,11.06,9.04,3.05,5.07,31.25,0.81,0.77,3.14,1174,0.38,0,13.33,0,-,11.06,9.04,31.25,4.86,1042.43,755.72,286.71,-10.96,13.64,14.4,25
Mon Sep 26 06:53:16 GMT-03:00 2022,26-Sep-2022 06:53:17.417,-35.20404132443474,-5.793739817264424,0.010632923804223537,6.0,18.19190394013746,110.6526870727539,-0.7,5.62,8.13,0.01,13.33,0,-0.02,0.02,-0.01,14.9,7.45,14.7,19.61,92,18.96,1013.53,14.65,651.6,1,366.49,226,0,85,-,38.04,29.8,776.5,19.61,37.08,1.36,51.76,-6.25,-2.34,0.78,-,0.64,6,18.19,110.65,-5.79,-35.2,19,0.04,-,37,0,11.06,9.04,3.72,0,31.25,0.81,0.77,3.53,1175,0.04,0,13.73,3.5,-,11.06,9.04,31.25,4.86,1043.42,755.72,287.71,-10.03,13.64,13.3,26
Mon Sep 26 06:53:17 GMT-03:00 2022,26-Sep-2022 06:53:18.416,-35.20404132443474,-5.793739817264424,0.01766115427017212,6.0,18.141980528233738,110.67108917236328,-0.63,5.63,8.12,0.01,13.33,0,-0.05,0.02,-0.01,14.9,7.45,14.7,19.61,92,18.96,1013.54,14.65,649.8,1,360.92,226,0,85,-,38.04,30.98,790,19.61,37.11,1.51,50.98,-5.47,-2.34,-3.12,-,0.64,6,18.14,110.67,-5.79,-35.2,20,0.04,-,37,0,11.06,9.04,4.13,0,31.25,0.64,0.77,3.53,1176,0.06,0,13.73,3.5,-,11.06,9.04,31.25,4.86,1044.43,755.72,288.71,-9.48,13.28,13.5,29
Mon Sep 26 06:53:18 GMT-03:00 2022,26-Sep-2022 06:53:19.419,-35.20404132443474,-5.793739817264424,0.009538017213344574,6.0,18.149964812987808,110.69253540039062,-0.77,5.61,8.13,0.01,13.33,0,-0.03,0.02,-0.02,14.9,7.45,14.7,19.61,92,18.94,1013.54,14.65,648.7,1,360.9,226,0,85,-,40.78,30.2,790,19.61,37.13,1.36,50.98,-5.47,0.78,1.56,-,0.64,6,18.15,110.69,-5.79,-35.2,20,0.06,-,37,0,11.06,9.04,3.72,0,31.24,0.09,0.77,3.53,1177,0.03,0,13.73,-1.5,-,11.06,9.04,31.24,4.86,1045.41,755.72,289.69,-10.07,13.98,14.2,29
Mon Sep 26 06:53:19 GMT-03:00 2022,26-Sep-2022 06:53:20.416,-35.20404132443474,-5.793739817264424,0.00443823728710413,6.0,18.159665683044338,110.69793701171875,-0.62,5.61,8.13,0.01,13.33,0,-0.04,0.02,-0.02,14.9,7.45,14.7,19.61,92,18.92,1013.55,14.65,648.7,1,360.9,226,0,85,-,38.82,30.2,759.5,19.61,37.13,1.36,50.98,-5.47,3.91,4.69,-,0.64,6,18.16,110.7,-5.79,-35.2,19,0.03,-,37,0,11.06,9.04,3.72,0,31.24,0.65,0.77,3.53,1177,0.02,0,13.73,4.5,-,11.06,9.04,31.24,4.86,1046.39,755.72,290.67,-10.07,14.22,14.5,29
Mon Sep 26 06:53:20 GMT-03:00 2022,26-Sep-2022 06:53:21.418,-35.20404132443474,-5.793739817264424,0.0044955844059586525,6.0,18.173525135621883,110.71292877197266,-0.68,5.63,8.18,0.01,13.33,0,-0.04,0.02,-0.02,14.9,7.45,14.7,19.61,92,18.89,1013.55,14.65,647.1,1,358.1,226,0,85,-,38.04,30.2,776,19.61,37.16,1.35,50.59,-5.47,4.69,2.34,-,0.64,6,18.17,110.71,-5.79,-35.2,22,0.02,-,37,0,11.06,9.04,3.69,0,31.24,0.82,0.77,3.53,1178,0.02,0,13.73,3.5,-,11.06,9.04,31.24,4.86,1047.4,755.72,291.68,-9.93,14.22,14.5,30
Mon Sep 26 06:53:21 GMT-03:00 2022,26-Sep-2022 06:53:22.417,-35.20404132443474,-5.793739817264424,0.005608082748949528,6.0,18.174705997292786,110.72307586669922,-0.73,5.56,8.08,0,13.33,0,-0.02,0.02,-0.01,14.9,7.45,14.7,19.61,92,18.87,1013.54,14.65,647.1,1,358.08,226,0,85,-,38.43,30.2,770.5,19.61,37.19,1.37,50.59,-5.47,-1.56,-2.34,-,0.64,6,18.17,110.72,-5.79,-35.2,20,0.02,-,38,0,11.06,9.04,3.74,0,31.24,0.74,0.78,3.53,1179,0.02,0,13.73,3.5,-,11.06,9.04,31.24,4.86,1048.38,755.72,292.67,-9.97,14.22,14.5,30
Mon Sep 26 06:53:22 GMT-03:00 2022,26-Sep-2022 06:53:23.417,-35.20404132443474,-5.793739817264424,0.013981069438159466,6.0,18.106158250616613,110.73558807373047,-0.74,5.61,8.04,-0,12.94,0,-0.04,0.03,-0.01,14.9,7.45,14.7,19.61,92,18.85,1013.54,14.65,646.1,1,360.83,226,0,85,-,30.2,27.45,793,19.61,37.21,1,50.98,-5.47,0,0,-,0.64,6,18.11,110.74,-5.79,-35.2,19,0.05,-,38,0,11.06,9.04,2.74,0,31.24,0.28,0.78,2.75,1181,0.05,0,12.94,3.5,-,11.06,9.04,31.24,4.86,1049.41,755.72,293.7,-11.18,14.2,14.5,29
Mon Sep 26 06:53:23 GMT-03:00 2022,26-Sep-2022 06:53:24.417,-35.20404132443474,-5.793739817264424,0.017016112804412842,6.0,18.09320657852,110.74514770507812,-0.76,5.58,8.06,-0,12.55,0,-0.02,0.02,-0.02,14.9,7.45,14.7,19.61,92,18.83,1013.53,14.65,646.1,1,360.81,226,0,85,-,29.8,23.14,763,19.61,37.22,0.99,50.98,-7.03,0,0,-,0.64,6,18.09,110.75,-5.79,-35.2,20,0.06,-,38,0,11.06,9.04,2.72,0,31.24,0.28,0.8,2.75,1182,0.06,0,12.94,3.5,-,11.06,9.04,31.24,4.86,1050.4,755.72,294.68,-11.31,14.2,14.5,27
Mon Sep 26 06:53:24 GMT-03:00 2022,26-Sep-2022 06:53:25.417,-35.20404132443474,-5.793739817264424,0.015722688287496567,6.0,18.186600554364922,110.76148223876953,-0.7,5.62,8.11,0.01,12.94,0,-0.04,0.03,-0.02,14.9,7.45,14.7,19.61,92,18.8,1013.57,14.65,644.9,1,360.79,226,0,86,-,29.8,23.14,758.5,19.61,37.24,1.01,50.98,-7.03,0,0,-,0.64,6,18.19,110.76,-5.79,-35.2,20,0.06,-,38,0,11.06,9.04,2.77,0,31.23,0.77,0.83,2.75,1183,0.06,0,13.33,5,-,11.06,9.04,31.23,4.86,1051.39,755.72,295.67,-11.11,14.26,14.5,26
Mon Sep 26 06:53:25 GMT-03:00 2022,26-Sep-2022 06:53:26.417,-35.20404132443474,-5.793739817264424,0.011725883930921555,6.0,18.12078079088962,110.77632141113281,-0.58,5.58,8.09,0,12.94,0,-0.04,0.02,-0.01,14.9,7.45,14.7,19.61,92,18.8,1013.56,14.65,644,1,360.79,226,0,86,-,29.41,24.31,758.5,19.61,37.24,1.01,50.98,-7.03,-3.91,-4.69,-,0.64,6,18.12,110.78,-5.79,-35.2,19,0.06,-,38,0,11.06,9.04,2.77,0,31.23,0.5,0.82,2.75,1183,0.04,0,13.33,6.5,-,11.06,9.04,31.23,4.86,1052.43,755.72,296.71,-11.11,14.28,14.4,26
Mon Sep 26 06:53:26 GMT-03:00 2022,26-Sep-2022 06:53:27.417,-35.20404132443474,-5.793739817264424,0.011233939789235592,6.0,18.163863486956714,110.78990936279297,-0.76,5.6,8.12,0.01,12.94,0,-0.02,0.03,-0.02,14.9,7.45,14.7,19.61,92,18.78,1013.52,14.65,644,1,358,226,0,86,-,30.59,24.31,769.5,19.61,37.27,1.05,50.59,-6.25,-0.78,0,-,0.64,6,18.16,110.79,-5.79,-35.2,21,0.04,-,38,0,11.06,9.04,2.88,0,31.23,0.09,0.82,2.75,1184,0.04,0,12.94,4.5,-,11.06,9.04,31.23,4.86,1053.25,755.72,297.54,-10.95,14.28,14.4,26
Mon Sep 26 06:53:27 GMT-03:00 2022,26-Sep-2022 06:53:28.417,-35.20404132443474,-5.793739817264424,0.024226114153862,6.0,18.274605174532997,110.80410766601562,-0.59,5.56,8.1,0,12.94,0,-0.04,0.03,-0.01,14.9,7.45,14.7,19.61,92,18.76,1013.54,14.65,644,1,360.75,226,0,86,-,29.8,23.53,762.5,19.61,37.29,1.02,50.98,-6.25,1.56,0,-,0.64,6,18.27,110.8,-5.79,-35.2,21,0.09,-,38,0,11.06,9.04,2.8,0,31.23,0.76,0.81,2.75,1186,0.09,0,13.33,5,-,11.06,9.04,31.23,4.86,1054.38,755.72,298.66,-11.1,14.28,14.4,25
Mon Sep 26 06:53:28 GMT-03:00 2022,26-Sep-2022 06:53:29.417,-35.20404132443474,-5.793739817264424,0.022747069597244263,6.0,18.25932510804799,110.81427001953125,-0.7,5.63,8.13,0.01,12.94,0,-0.03,0.02,-0.02,14.9,7.45,14.7,19.61,92,18.74,1013.55,14.65,642.3,1,360.73,226,0,86,-,30.2,23.92,770,19.61,37.3,1.05,50.98,-6.25,-2.34,0,-,0.64,6,18.26,110.81,-5.79,-35.2,20,0.08,-,38,0,11.06,9.05,2.86,0,31.23,0.76,0.81,2.75,1187,0.08,0,13.33,5,-,11.06,9.05,31.23,4.86,1055.4,755.72,299.68,-10.99,14.28,14.5,25
Mon Sep 26 06:53:29 GMT-03:00 2022,26-Sep-2022 06:53:30.416,-35.20404132443474,-5.793739817264424,0.015516617335379124,6.0,18.269606246959388,110.83393859863281,-0.72,5.56,8.13,0,12.94,0,-0.03,0.03,-0.01,14.9,7.45,14.7,19.61,92,18.71,1013.53,14.65,642.3,1,360.71,226,0,86,-,33.33,25.49,805.5,19.61,37.33,1.22,50.98,-6.25,0,-3.91,-,0.64,6,18.27,110.83,-5.79,-35.2,20,0.06,-,38,0,11.05,9.05,3.33,0,31.23,0.64,0.81,2.75,1188,0.06,0,13.33,5,-,11.05,9.05,31.23,4.86,1056.39,755.72,300.68,-10.43,14.22,14.5,26
Mon Sep 26 06:53:30 GMT-03:00 2022,26-Sep-2022 06:53:31.417,-35.20404132443474,-5.793739817264424,0.021103668957948685,6.0,18.468975783476157,110.84417724609375,-0.59,5.64,8.05,0,13.73,0,-0.03,0.02,-0.02,14.9,7.45,14.7,19.61,92,18.71,1013.55,14.65,640.7,1,360.71,226,0,86,-,33.33,30.2,805.5,19.61,37.33,1.22,50.98,-6.25,0,0.78,-,0.64,6,18.47,110.84,-5.79,-35.2,20,0.06,-,38,0,11.05,9.05,3.33,0,31.23,0.09,0.81,3.53,1189,0.08,0,13.73,-2.5,-,11.05,9.05,31.23,4.86,1057.41,755.72,301.69,-10.43,14.3,14.3,26
Mon Sep 26 06:53:31 GMT-03:00 2022,26-Sep-2022 06:53:32.417,-35.20404132443474,-5.793739817264424,0.03390876576304436,6.0,18.56039636735264,110.85623931884766,-0.67,5.61,8.11,0,13.33,0,-0.04,0.03,-0.02,14.9,7.45,14.7,19.61,92,18.69,1013.55,14.65,639.5,1,360.69,226,0,86,-,38.04,30.98,804,19.61,37.36,1.39,50.98,-5.47,3.91,4.69,-,0.64,6,18.56,110.86,-5.79,-35.2,18,0.08,-,38,0,11.05,9.05,3.8,0,31.23,0.77,0.81,3.53,1189,0.12,0,13.73,3.5,-,11.05,9.05,31.23,4.86,1058.39,755.72,302.67,-10.05,13.34,13.8,27
Mon Sep 26 06:53:32 GMT-03:00 2022,26-Sep-2022 06:53:33.417,-35.20404132443474,-5.793739817264424,0.0460822731256485,6.0,18.722524905309342,110.8698501586914,-0.75,5.49,7.97,-0.01,13.33,0.01,-0.03,0.02,-0.01,14.9,7.45,14.7,19.61,92,18.67,1013.53,14.65,639.5,1,360.67,226,0,86,-,40.78,30.59,718.5,19.61,37.38,1.34,50.98,-5.47,1.56,0.78,-,0.64,6,18.72,110.87,-5.79,-35.2,20,0.12,-,38,0,11.05,9.05,3.66,0,31.22,0.82,0.8,3.53,1190,0.17,0,14.12,3.5,-,11.05,9.05,31.22,4.86,1059.42,755.72,303.7,-10.21,14.3,14.5,28
Mon Sep 26 06:53:33 GMT-03:00 2022,26-Sep-2022 06:53:34.416,-35.20404132443474,-5.793739817264424,0.04413233697414398,6.0,18.8263275352118,110.87984466552734,-0.6,5.59,8.1,0,13.33,0,-0.04,0.02,-0.02,14.9,7.45,14.7,19.61,92,18.65,1013.55,14.65,637.7,1,357.87,226,0,86,-,39.61,30.59,766.5,19.61,37.41,1.4,50.59,-5.47,-2.34,-3.12,-,0.64,6,18.83,110.88,-5.79,-35.2,20,0.16,-,39,0,11.05,9.05,3.83,0,31.22,0.69,0.79,3.53,1191,0.16,0,13.73,3.5,-,11.05,9.05,31.22,4.86,1060.42,755.72,304.71,-9.45,14.3,14.5,30
Mon Sep 26 06:53:34 GMT-03:00 2022,26-Sep-2022 06:53:35.417,-35.20404132443474,-5.793739817264424,0.04099632427096367,6.0,18.9059580642638,110.88813018798828,-0.61,5.56,8.05,-0,13.33,0,-0.04,0.03,-0.01,14.9,7.45,14.7,19.61,92,18.62,1013.53,14.65,637.7,1,357.85,226,0,86,-,39.61,30.98,748,19.61,37.43,1.35,50.59,-5.47,-0.78,-0.78,-,0.65,6,18.91,110.89,-5.79,-35.2,19,0.15,-,39,0,11.05,9.05,3.69,0,31.22,0.09,0.79,3.53,1192,0.15,0,13.73,3.5,-,11.05,9.05,31.22,4.86,1061.39,755.72,305.68,-9.94,14.08,14.5,30
Mon Sep 26 06:53:35 GMT-03:00 2022,26-Sep-2022 06:53:36.418,-35.20404132443474,-5.793739817264424,0.03876961022615433,6.0,18.972965619109996,110.89883422851562,-0.72,5.6,8.15,0.01,13.33,0,-0.02,0.02,-0.02,14.9,7.45,14.7,19.61,92,18.6,1013.57,14.65,637.7,1,357.83,226,0,86,-,39.22,30.98,776,19.61,37.46,1.37,50.59,-5.47,2.34,3.12,-,0.65,6,18.97,110.9,-5.79,-35.2,18,0.14,-,39,0,11.05,9.05,3.74,0,31.22,0.61,0.79,3.53,1194,0.14,0,13.73,3.5,-,11.05,9.05,31.22,4.86,1062.43,755.72,306.71,-9.76,14.14,14.5,31
Mon Sep 26 06:53:36 GMT-03:00 2022,26-Sep-2022 06:53:37.418,-35.20404132443474,-5.793739817264424,0.03262599557638168,6.0,19.084313076662955,110.90947723388672,-0.7,5.63,8.14,0.01,13.33,0,-0.03,0.03,-0.02,14.9,7.45,14.7,19.61,92,18.58,1013.52,14.65,635.9,1,355.04,226,0,86,-,38.82,30.59,780.5,19.61,37.49,1.39,50.2,-5.47,2.34,3.12,-,0.65,6,19.08,110.91,-5.79,-35.2,17,0.12,-,39,0,11.05,9.05,3.8,0,31.22,0.61,0.79,3.53,1195,0.12,0,13.73,3.5,-,11.05,9.05,31.22,4.86,1063.43,755.72,307.71,-9.86,14.14,14.5,31
Mon Sep 26 06:53:37 GMT-03:00 2022,26-Sep-2022 06:53:38.417,-35.20404132443474,-5.793739817264424,0.03795009106397629,6.0,19.148519315879003,110.92706298828125,-0.62,5.61,8.13,0.01,13.33,0,-0.04,0.02,-0.02,14.9,7.45,14.7,19.61,92,18.58,1013.57,14.65,634.8,1,355.02,226,0,86,-,38.82,30.98,775.5,19.61,37.51,1.31,50.2,-5.47,0,-0.78,-,0.65,6,19.15,110.93,-5.79,-35.2,20,0.12,-,39,0,11.05,9.05,3.58,0,31.22,0.8,0.8,3.53,1196,0.14,0,13.73,3.5,-,11.05,9.05,31.22,4.86,1064.4,755.72,308.68,-10.16,14.26,14.4,31
Mon Sep 26 06:53:38 GMT-03:00 2022,26-Sep-2022 06:53:39.417,-35.20404132443474,-5.793739817264424,0.03579401224851608,6.0,19.23291236936262,110.93186950683594,-0.62,5.57,8.09,0,12.94,0.01,-0.04,0.03,-0.01,14.9,7.45,14.7,19.61,92,18.56,1013.54,14.65,634.8,1,355.02,226,0,86,-,36.08,23.53,775.5,19.61,37.51,1.31,50.2,-6.25,-1.56,-0.78,-,0.65,6,19.23,110.93,-5.79,-35.2,18,0.14,-,39,0,11.05,9.05,3.58,0,31.22,0.36,0.81,2.75,1197,0.13,0,12.94,-2.5,-,11.05,9.05,31.22,4.86,1065.43,755.72,309.71,-10.16,14.2,14.5,31
Mon Sep 26 06:53:39 GMT-03:00 2022,26-Sep-2022 06:53:40.417,-35.20404132443474,-5.793739817264424,0.04051737114787102,6.0,19.287216724583487,110.93861389160156,-0.74,5.59,8.06,0,12.94,0,-0.03,0.02,-0.01,14.9,7.45,14.7,19.61,92,18.54,1013.52,14.65,633.6,1,357.77,226,0,86,-,29.8,23.53,761,19.61,37.53,1.03,50.59,-7.03,-0.78,-2.34,-,0.65,6,19.29,110.94,-5.79,-35.2,18,0.13,-,39,0,11.05,9.05,2.83,0,31.21,0.79,0.81,2.75,1197,0.15,0,13.33,5,-,11.05,9.05,31.21,4.86,1066.36,755.72,310.65,-11.08,14.26,14.5,29
Mon Sep 26 06:53:40 GMT-03:00 2022,26-Sep-2022 06:53:41.417,-35.20404132443474,-5.793739817264424,0.037583254277706146,6.0,19.390296928971132,110.95354461669922,-0.79,5.6,8.12,0.01,12.94,0,-0.02,0.03,-0.02,14.9,7.45,14.7,19.61,92,18.52,1013.52,14.65,633.6,1,360.53,226,0,86,-,30.2,23.53,756.5,19.61,37.55,1.03,50.98,-6.25,-5.47,-3.12,-,0.65,6,19.39,110.95,-5.79,-35.2,18,0.14,-,39,0,11.05,9.05,2.83,0,31.21,0.09,0.82,2.75,1198,0.14,0,13.33,6,-,11.05,9.05,31.21,4.86,1067.38,755.72,311.67,-11.01,14.28,14.5,28
Mon Sep 26 06:53:41 GMT-03:00 2022,26-Sep-2022 06:53:42.419,-35.20404132443474,-5.793739817264424,0.03699611499905586,6.0,19.520446849052643,110.96234130859375,-0.74,5.55,8.08,-0,12.94,0,-0.03,0.02,-0.01,14.9,7.45,14.7,19.61,92,18.49,1013.55,14.65,632.8,1,360.51,226,0,86,-,30.2,23.92,778.5,19.61,37.57,1.05,50.98,-6.25,-0.78,-3.12,-,0.65,6,19.52,110.96,-5.79,-35.2,17,0.13,-,39,0,11.05,9.05,2.86,0,31.21,0.09,0.82,2.75,1200,0.13,0,13.33,5,-,11.05,9.05,31.21,4.86,1068.43,755.72,312.71,-10.95,14.28,14.5,27
Mon Sep 26 06:53:42 GMT-03:00 2022,26-Sep-2022 06:53:43.417,-35.20404132443474,-5.793739817264424,0.0346551313996315,6.0,19.52409299965928,110.97073364257812,-0.76,5.6,8.1,0,12.94,0,-0.03,0.03,-0.01,14.9,7.45,14.7,19.61,92,18.47,1013.5,14.65,632.8,1,360.49,226,0,86,-,30.59,24.31,787,19.61,37.59,1.07,50.98,-6.25,2.34,0,-,0.65,6,19.52,110.97,-5.79,-35.2,19,0.12,-,39,0,11.05,9.05,2.94,0,31.21,0.09,0.82,3.14,1201,0.12,0,13.33,4.5,-,11.05,9.05,31.21,4.86,1069.42,755.72,313.71,-10.96,14.28,14.5,27
Mon Sep 26 06:53:43 GMT-03:00 2022,26-Sep-2022 06:53:44.416,-35.20404132443474,-5.793739817264424,0.040273237973451614,6.0,19.58340092067139,110.98075103759766,-0.75,5.6,8.13,0.01,12.94,0,-0.03,0.02,-0.02,14.9,7.45,14.7,19.61,92,18.47,1013.53,14.65,631.3,1,357.69,226,0,86,-,30.59,23.92,787,19.61,37.61,1.05,50.59,-6.25,2.34,2.34,-,0.65,6,19.58,110.98,-5.79,-35.2,18,0.12,-,39,0,11.05,9.05,2.88,0,31.21,0.75,0.82,3.14,1202,0.14,0,13.33,4.5,-,11.05,9.05,31.21,4.86,1070.42,755.72,314.71,-11.07,14.22,14.5,26
Mon Sep 26 06:53:44 GMT-03:00 2022,26-Sep-2022 06:53:45.417,-35.20404132443474,-5.793739817264424,0.03710460662841797,6.0,19.6457247726277,110.98863983154297,-0.65,5.61,8.15,0.01,13.33,0,-0.03,0.02,-0.02,14.9,7.45,14.7,19.61,92,18.45,1013.53,14.65,630.3,1,357.69,226,0,86,-,30.2,26.67,777.5,19.61,37.61,1.05,50.59,-6.25,-0.78,-1.56,-,0.65,6,19.65,110.99,-5.79,-35.2,21,0.14,-,39,0,11.05,9.05,2.88,0,31.21,0.8,0.82,3.14,1203,0.13,0,13.73,3,-,11.05,9.05,31.21,4.86,1071.4,755.72,315.68,-11.07,14.2,14.4,26
Mon Sep 26 06:53:45 GMT-03:00 2022,26-Sep-2022 06:53:46.417,-35.20404132443474,-5.793739817264424,0.03369230031967163,6.0,19.718767064320787,110.99922180175781,-0.62,5.64,8.1,0.01,13.73,0,-0.04,0.02,-0.02,14.9,7.45,14.7,19.61,92,18.43,1013.53,14.65,630.3,1,357.67,226,0,86,-,34.51,30.59,816.5,19.61,37.63,1.26,50.59,-5.47,-1.56,-0.78,-,0.65,6,19.72,111,-5.79,-35.2,21,0.13,-,39,0,11.05,9.05,3.44,0,31.2,0.1,0.81,3.53,1203,0.12,0,14.12,5,-,11.05,9.05,31.2,4.86,1072.43,755.72,316.71,-10.32,13.3,13.4,27
Mon Sep 26 06:53:46 GMT-03:00 2022,26-Sep-2022 06:53:47.417,-35.20404132443474,-5.793739817264424,0.03765420615673065,4.0,19.757113807814598,111.00589752197266,-0.77,5.61,8.13,0.01,13.33,0,-0.02,0.02,-0.02,14.9,7.45,14.7,19.61,92,18.41,1013.54,14.65,628.5,1,357.65,226,0,86,-,38.82,30.59,785,19.61,37.66,1.37,50.59,-5.47,2.34,3.12,-,0.65,4,19.76,111.01,-5.79,-35.2,22,0.12,-,39,0,11.05,9.05,3.74,0,31.2,0.21,0.81,3.53,1204,0.14,0,13.73,3.5,-,11.05,9.05,31.2,4.86,1073.4,755.72,317.68,-10.17,13.32,13.5,28
Mon Sep 26 06:53:47 GMT-03:00 2022,26-Sep-2022 06:53:48.417,-35.20404132443474,-5.793739817264424,0.0,4.0,19.742041855415433,111.01097106933594,-0.63,5.64,8.06,0,13.73,0,-0.04,0.02,-0.01,14.9,7.45,14.7,19.61,92,18.39,1013.5,14.65,628.5,1,357.63,226,0,86,-,42.75,31.37,713.5,19.61,37.68,1.44,50.59,-5.47,0.78,0,-,0.65,4,19.74,111.01,-5.79,-35.2,21,0,-,39,0,11.05,9.05,3.94,0,31.2,0.79,0.8,3.53,1205,0,0,13.73,-1,-,11.05,9.05,31.2,4.86,1074.39,755.72,318.68,-9.74,14.28,14.5,29
Mon Sep 26 06:53:48 GMT-03:00 2022,26-Sep-2022 06:53:49.419,-35.20404132443474,-5.793739817264424,0.0,4.0,19.877409042928942,111.0245590209961,-0.81,5.57,8.1,0,13.73,0,-0.03,0.02,-0.01,14.9,7.45,14.7,19.61,92,18.36,1013.53,14.65,626.8,1,357.61,226,0,86,-,40,30.98,750,19.61,37.71,1.4,50.59,-5.47,-2.34,-0.78,-,0.65,4,19.88,111.02,-5.79,-35.2,20,0,-,39,0,11.04,9.05,3.83,0,31.2,0.16,0.79,3.53,1206,0,0,13.73,3.5,-,11.04,9.05,31.2,4.86,1075.41,755.72,319.69,-9.4,14.16,14.4,31
Mon Sep 26 06:53:49 GMT-03:00 2022,26-Sep-2022 06:53:50.420,-35.20404132443474,-5.793739817264424,0.0,4.0,19.920967663219024,111.03671264648438,-0.78,5.54,8.06,-0,13.33,0,-0.03,0.02,-0.01,14.9,7.45,14.7,19.61,92,18.34,1013.52,14.65,626.8,1,357.59,226,0,86,-,39.22,30.98,779,19.61,37.74,1.39,50.59,-5.47,3.12,-0.78,-,0.65,4,19.92,111.04,-5.79,-35.2,20,0,-,39,0,11.04,9.05,3.8,0,31.2,0.16,0.79,3.53,1208,0,0,13.73,3.5,-,11.04,9.05,31.2,4.86,1076.36,755.72,320.65,-9.7,14.16,14.4,31
Mon Sep 26 06:53:50 GMT-03:00 2022,26-Sep-2022 06:53:51.417,-35.20404132443474,-5.793739817264424,0.018985215574502945,4.0,19.965874145289433,111.04399871826172,-0.7,5.63,8.13,0.01,13.33,0,-0.03,0.03,-0.02,14.9,7.45,14.7,19.61,92,18.32,1013.49,14.65,625.7,1,357.57,226,0,86,-,39.22,30.98,784,19.61,37.76,1.4,50.59,-5.47,3.91,3.91,-,0.65,4,19.97,111.04,-5.79,-35.2,20,0.07,-,39,0,11.04,9.05,3.83,0,31.2,0.18,0.79,3.53,1209,0.07,0,13.73,3.5,-,11.04,9.05,31.2,4.86,1077.4,755.72,321.69,-9.84,14.22,14.5,32
Mon Sep 26 06:53:51 GMT-03:00 2022,26-Sep-2022 06:53:52.420,-35.20404132443474,-5.793739817264424,0.028438996523618698,4.0,19.991450394321753,111.04817199707031,-0.72,5.63,8.11,0.01,13.33,0,-0.03,0.03,-0.02,14.9,7.45,14.7,19.61,92,18.32,1013.54,14.65,625.7,1,357.55,226,0,86,-,39.22,30.98,784,19.61,37.79,1.39,50.59,-5.47,3.91,1.56,-,0.65,4,19.99,111.05,-5.79,-35.2,20,0.07,-,39,0,11.04,9.06,3.8,0,31.19,0.82,0.78,3.53,1210,0.1,0,13.73,3.5,-,11.04,9.06,31.19,4.86,1078.43,755.72,322.71,-9.91,14.28,14.6,32
Mon Sep 26 06:53:52 GMT-03:00 2022,26-Sep-2022 06:53:53.419,-35.20404132443474,-5.793739817264424,0.019368572160601616,4.0,19.933993255244616,111.05429077148438,-0.69,5.55,8.11,0,13.33,0,-0.03,0.03,-0.01,14.9,7.45,14.7,19.61,92,18.3,1013.55,14.65,624.2,1,357.55,226,0,86,-,39.22,30.2,784,19.61,37.79,1.39,50.59,-5.47,-0.78,-1.56,-,0.65,4,19.93,111.05,-5.79,-35.2,20,0.1,-,39,0,11.04,9.06,3.8,0,31.19,0.75,0.79,3.53,1210,0.07,0,13.73,3.5,-,11.04,9.06,31.19,4.86,1079.29,755.72,323.57,-9.91,14.22,14.5,32
Mon Sep 26 06:53:53 GMT-03:00 2022,26-Sep-2022 06:53:54.419,-35.20404132443474,-5.793739817264424,0.02990955486893654,4.0,19.940751089101866,111.06666564941406,-0.66,5.63,8.11,0.01,13.33,0,-0.04,0.03,-0.02,14.9,7.45,14.7,19.61,92,18.28,1013.54,14.65,623.5,1,357.53,226,0,86,-,29.41,30.2,787.5,19.61,37.81,0.98,50.59,-7.03,0.78,0.78,-,0.65,4,19.94,111.07,-5.79,-35.2,19,0.11,-,39,0,11.04,9.06,2.69,0,31.19,0.77,0.84,3.53,1211,0.11,0,12.94,5,-,11.04,9.06,31.19,4.86,1080.43,755.72,324.71,-11.29,13.68,13.9,29
Mon Sep 26 06:53:54 GMT-03:00 2022,26-Sep-2022 06:53:55.419,-35.20404132443474,-5.793739817264424,0.033281661570072174,4.0,19.963996449787537,111.07788848876953,-0.6,5.61,8.09,0,12.94,0,-0.04,0.03,-0.01,14.9,7.45,14.7,19.61,92,18.26,1013.55,14.65,623.5,1,357.51,226,0,86,-,30.98,23.92,740.5,19.61,37.83,1.06,50.59,-6.25,-1.56,-2.34,-,0.65,4,19.96,111.08,-5.79,-35.2,21,0.12,-,39,0,11.04,9.06,2.91,0,31.19,0.8,0.84,2.75,1213,0.12,0,13.33,4.5,-,11.04,9.06,31.19,4.86,1081.32,755.72,325.6,-11.04,14.3,14.5,28
Mon Sep 26 06:53:55 GMT-03:00 2022,26-Sep-2022 06:53:56.420,-35.20404132443474,-5.793739817264424,0.031580813229084015,4.0,19.959251246529917,111.0903091430664,-0.82,5.62,8.12,0.01,12.94,0,-0.03,0.02,-0.01,14.9,7.45,14.7,19.61,92,18.24,1013.53,14.65,623.5,1,357.5,226,0,86,-,30.59,23.92,764.5,19.61,37.85,1.05,50.59,-6.25,-5.47,-5.47,-,0.65,4,19.96,111.09,-5.79,-35.2,21,0.11,-,39,0,11.04,9.06,2.88,0,31.19,0.47,0.84,2.75,1214,0.11,0,13.33,5,-,11.04,9.06,31.19,4.86,1082.4,755.72,326.68,-10.85,14.28,14.5,27
Mon Sep 26 06:53:56 GMT-03:00 2022,26-Sep-2022 06:53:57.419,-35.20404132443474,-5.793739817264424,0.03645440936088562,4.0,20.011603035218307,111.099853515625,-0.67,5.55,8.12,0,12.94,0,-0.04,0.03,-0.02,14.9,7.45,14.7,19.61,92,18.22,1013.56,14.65,622.3,1,357.48,226,0,86,-,30.59,24.31,770.5,19.61,37.87,1.05,50.59,-7.03,-0.78,-5.47,-,0.65,4,20.01,111.1,-5.79,-35.2,19,0.13,-,39,0,11.04,9.06,2.88,0,31.19,0.47,0.83,2.75,1215,0.13,0,13.33,5,-,11.04,9.06,31.19,4.86,1083.42,755.72,327.71,-10.97,14.28,14.5,27
Mon Sep 26 06:53:57 GMT-03:00 2022,26-Sep-2022 06:53:58.419,-35.20404132443474,-5.793739817264424,0.03822116181254387,4.0,20.058263975640862,111.1087646484375,-0.7,5.61,8.14,0.01,12.94,0,-0.03,0.02,-0.02,14.9,7.45,14.7,19.61,92,18.19,1013.51,14.65,622.3,1,357.46,226,0,86,-,29.8,23.92,780,19.61,37.89,1.05,50.59,-6.25,1.56,-0.78,-,0.65,4,20.06,111.11,-5.79,-35.2,20,0.14,-,39,0,11.04,9.06,2.86,0,31.19,0.09,0.82,2.75,1216,0.14,0,13.33,4.5,-,11.04,9.06,31.19,4.86,1084.4,755.72,328.68,-11.02,14.28,14.5,26
Mon Sep 26 06:53:58 GMT-03:00 2022,26-Sep-2022 06:53:59.420,-35.20404132443474,-5.793739817264424,0.0382523313164711,4.0,20.06451358835596,111.11775207519531,-0.71,5.62,8.1,0.01,12.94,0,-0.03,0.02,-0.02,14.9,7.45,14.7,19.61,92,18.19,1013.54,14.65,620.8,1,357.46,226,0,86,-,29.8,23.92,780,19.61,37.89,1.05,50.2,-6.25,1.56,1.56,-,0.65,4,20.06,111.12,-5.79,-35.2,21,0.14,-,40,0,11.04,9.06,2.86,0,31.19,0.73,0.83,3.14,1216,0.14,0,13.33,5,-,11.04,9.06,31.19,4.86,1085.43,755.72,329.72,-11.02,14.26,14.5,26
Mon Sep 26 06:53:59 GMT-03:00 2022,26-Sep-2022 06:54:00.419,-35.20404132443474,-5.793739817264424,0.030940352007746696,4.0,20.06979966400968,111.12894439697266,-0.67,5.61,8.06,0,13.33,0,-0.03,0.02,-0.02,14.9,7.45,14.7,19.61,92,18.17,1013.54,14.65,619.8,1,354.67,226,0,86,-,31.76,27.06,774,19.61,37.91,1.07,50.2,-6.25,-2.34,-3.12,-,0.65,4,20.07,111.13,-5.79,-35.2,19,0.14,-,40,0,11.04,9.06,2.94,0,31.18,0.65,0.82,3.14,1217,0.11,0,13.73,1.5,-,11.04,9.06,31.18,4.86,1086.41,755.72,330.69,-10.95,14.22,14.5,26
Mon Sep 26 06:54:00 GMT-03:00 2022,26-Sep-2022 06:54:01.419,-35.20404132443474,-5.793739817264424,0.03121326118707657,4.0,20.063977817965778,111.13372039794922,-0.69,5.52,7.99,-0.01,13.33,0.01,-0.04,0.03,-0.01,14.9,7.45,14.7,19.61,92,18.15,1013.53,14.65,619.8,1,351.87,226,0,86,-,37.65,27.06,776.5,19.61,37.93,1.47,49.8,-5.47,1.56,2.34,-,0.65,4,20.06,111.13,-5.79,-35.2,18,0.11,-,40,0,11.04,9.06,4.02,0,31.18,0.09,0.81,3.14,1218,0.11,0,13.73,3.5,-,11.04,9.06,31.18,4.86,1087.4,755.72,331.68,-9.56,13.14,13.4,28
Mon Sep 26 06:54:01 GMT-03:00 2022,26-Sep-2022 06:54:02.419,-35.20404132443474,-5.793739817264424,0.03233985975384712,4.0,20.113542145502002,111.13906860351562,-0.83,5.6,8.07,0,13.33,0,-0.03,0.02,-0.01,14.9,7.45,14.7,19.61,92,18.13,1013.57,14.65,618,1,351.86,226,0,86,-,39.22,30.59,764.5,19.61,37.96,1.37,49.8,-5.47,4.69,4.69,-,0.65,4,20.11,111.14,-5.79,-35.2,17,0.12,-,40,0,11.04,9.06,3.74,0,31.18,0.77,0.81,3.53,1220,0.12,0,13.73,6.5,-,11.04,9.06,31.18,4.86,1088.39,755.72,332.68,-9.93,14.2,14.5,29
Mon Sep 26 06:54:02 GMT-03:00 2022,26-Sep-2022 06:54:03.420,-35.20404132443474,-5.793739817264424,0.03557419404387474,4.0,20.13970213499051,111.1446762084961,-0.71,5.54,8.01,-0.01,13.73,0.01,-0.03,0.03,-0.01,14.9,7.45,14.7,19.61,92,18.11,1013.51,14.65,618,1,351.84,226,0,85,-,38.82,31.37,775,19.61,37.99,1.38,49.8,-5.47,0,4.69,-,0.65,4,20.14,111.14,-5.79,-35.2,19,0.13,-,40,0,11.04,9.06,3.77,0,31.18,0.77,0.81,3.53,1221,0.13,0,13.73,3.5,-,11.04,9.06,31.18,4.86,1089.43,755.72,333.72,-9.81,14.2,14.5,30
Mon Sep 26 06:54:03 GMT-03:00 2022,26-Sep-2022 06:54:04.420,-35.20404132443474,-5.793739817264424,0.020248273387551308,4.0,20.090314119446045,111.14718627929688,-0.7,5.64,8.18,0.01,13.33,0,-0.03,0.02,-0.02,14.9,7.45,14.7,19.61,92,18.09,1013.53,14.65,617.1,1,351.82,226,0,85,-,39.61,31.37,756,19.61,38.01,1.37,49.8,-5.47,0.78,-0.78,-,0.66,4,20.09,111.15,-5.79,-35.2,20,0.07,-,40,0,11.04,9.06,3.74,0,31.18,0.74,0.8,3.53,1222,0.07,0,13.73,3.5,-,11.04,9.06,31.18,4.86,1090.41,755.72,334.7,-9.92,14.2,14.5,30
Mon Sep 26 06:54:04 GMT-03:00 2022,26-Sep-2022 06:54:05.420,-35.20404132443474,-5.793739817264424,0.0206560418009758,4.0,20.12962865375433,111.14746856689453,-0.75,5.61,8.1,0.01,13.33,0,-0.02,0.03,-0.01,14.9,7.45,14.7,19.61,92,18.09,1013.51,14.65,617.1,1,351.8,226,0,85,-,39.61,30.98,780.5,19.61,38.04,1.39,49.8,-5.47,0.78,0.78,-,0.66,4,20.13,111.15,-5.79,-35.2,19,0.07,-,40,0,11.04,9.06,3.8,0,31.18,0.09,0.79,3.53,1223,0.07,0,13.73,3.5,-,11.04,9.06,31.18,4.86,1091.4,755.72,335.69,-9.72,14.3,14.5,31
Mon Sep 26 06:54:05 GMT-03:00 2022,26-Sep-2022 06:54:06.419,-35.20404132443474,-5.793739817264424,0.024187877774238586,4.0,20.179730072884837,111.15775299072266,-0.73,5.66,8.09,0.01,13.33,0,-0.03,0.03,-0.02,14.9,7.45,14.7,19.61,92,18.07,1013.55,14.65,615.6,1,351.8,226,0,85,-,39.22,31.37,780.5,19.61,38.04,1.39,49.8,-5.47,3.91,3.91,-,0.66,4,20.18,111.16,-5.79,-35.2,19,0.07,-,40,0,11.04,9.06,3.8,0,31.18,0.81,0.79,3.53,1223,0.09,0,13.73,3.5,-,11.04,9.06,31.18,4.86,1092.32,755.72,336.61,-9.72,14.28,14.5,31
Mon Sep 26 06:54:06 GMT-03:00 2022,26-Sep-2022 06:54:07.419,-35.20404132443474,-5.793739817264424,0.03130060061812401,4.0,20.237673128976,111.16050720214844,-0.78,5.54,7.96,-0.01,13.33,0.01,-0.03,0.03,-0.01,14.9,7.45,14.7,19.61,92,18.05,1013.51,14.65,614.6,1,351.78,226,0,85,-,39.22,31.37,774,19.61,38.07,1.39,49.8,-5.47,0,-0.78,-,0.66,4,20.24,111.16,-5.79,-35.2,20,0.11,-,40,0,11.04,9.06,3.8,0,31.17,0.81,0.79,3.14,1224,0.11,0,13.73,3.5,-,11.04,9.06,31.17,4.86,1093.39,755.72,337.68,-9.87,14.3,14.5,31
Mon Sep 26 06:54:07 GMT-03:00 2022,26-Sep-2022 06:54:08.420,-35.20404132443474,-5.793739817264424,0.03353516012430191,4.0,20.307820642012796,111.1648178100586,-0.74,5.62,8.09,0,13.33,0,-0.03,0.02,-0.01,14.9,7.45,14.7,19.61,92,18.03,1013.55,14.65,614.6,1,351.76,226,0,85,-,30.98,29.41,820.5,19.61,38.09,1.03,49.8,-7.03,-3.91,-4.69,-,0.66,4,20.31,111.16,-5.79,-35.2,20,0.12,-,40,0,11.03,9.06,2.83,0,31.17,0.77,0.85,3.14,1225,0.12,0,12.94,3,-,11.03,9.06,31.17,4.86,1094.19,755.72,338.47,-11.06,14.22,14.5,30
Mon Sep 26 06:54:08 GMT-03:00 2022,26-Sep-2022 06:54:09.419,-35.20404132443474,-5.793739817264424,0.018631966784596443,4.0,20.265581431842957,111.17316436767578,-0.68,5.61,8.11,0.01,12.94,0,-0.04,0.02,-0.02,14.9,7.45,14.7,19.61,92,18.01,1013.5,14.65,614.6,1,351.74,226,0,85,-,30.59,24.31,751,19.61,38.11,1.05,49.8,-7.03,-7.03,-5.47,-,0.66,4,20.27,111.17,-5.79,-35.2,20,0.07,-,40,0,11.03,9.06,2.86,0,31.17,0.31,0.86,2.75,1227,0.07,0,12.94,6.5,-,11.03,9.06,31.17,4.86,1095.42,755.72,339.71,-11.23,14.3,14.5,28
Mon Sep 26 06:54:09 GMT-03:00 2022,26-Sep-2022 06:54:10.419,-35.20404132443474,-5.793739817264424,0.016979888081550598,4.0,20.231630227469687,111.1811294555664,-0.6,5.59,8.09,0,12.94,0,-0.04,0.03,-0.01,14.9,7.45,14.7,19.61,92,17.99,1013.51,14.65,613.4,1,351.72,226,0,85,-,30.59,24.31,761,19.61,38.12,1.05,49.8,-7.03,-2.34,-5.47,-,0.66,4,20.23,111.18,-5.79,-35.2,18,0.06,-,40,0,11.03,9.06,2.88,0,31.17,0.31,0.86,2.75,1228,0.06,0,12.94,6.5,-,11.03,9.06,31.17,4.86,1096.4,755.72,340.68,-10.89,14.3,14.5,27
Mon Sep 26 06:54:10 GMT-03:00 2022,26-Sep-2022 06:54:11.420,-35.20404132443474,-5.793739817264424,0.0127885015681386,4.0,20.226516380860346,111.18888092041016,-0.64,5.59,8.13,0.01,12.94,0,-0.04,0.02,-0.02,14.9,7.45,14.7,19.61,92,17.97,1013.54,14.65,613.4,1,348.93,226,0,85,-,30.59,23.53,769,19.61,38.15,1.06,49.41,-6.25,-2.34,-2.34,-,0.66,4,20.23,111.19,-5.79,-35.2,19,0.05,-,41,0,11.03,9.06,2.91,0,31.17,0.09,0.84,2.75,1229,0.05,0,13.33,5,-,11.03,9.06,31.17,4.86,1097.38,755.72,341.67,-10.89,14.22,14.5,27
Mon Sep 26 06:54:11 GMT-03:00 2022,26-Sep-2022 06:54:12.420,-35.20404132443474,-5.793739817264424,0.02311605028808117,4.0,20.281917013863843,111.19607543945312,-0.62,5.58,8.12,0,12.94,0,-0.04,0.02,-0.02,14.9,7.45,14.7,19.61,92,17.97,1013.5,14.65,612,1,348.93,226,0,85,-,30.2,23.92,769,19.61,38.15,1.06,49.41,-6.25,0,0.78,-,0.66,4,20.28,111.2,-5.79,-35.2,20,0.05,-,41,0,11.03,9.06,2.91,0,31.17,0.11,0.83,3.14,1229,0.08,0,13.33,5,-,11.03,9.06,31.17,4.86,1098.43,755.72,342.71,-10.89,14.3,14.4,27
Mon Sep 26 06:54:12 GMT-03:00 2022,26-Sep-2022 06:54:13.419,-35.20404132443474,-5.793739817264424,0.02817867323756218,4.0,20.340937219933274,111.19798278808594,-0.77,5.57,8.05,-0,12.94,0,-0.03,0.02,-0.01,14.9,7.45,14.7,19.61,92,17.95,1013.49,14.65,611.1,1,348.91,226,0,86,-,29.8,23.92,805.5,19.61,38.17,1.07,49.41,-6.25,2.34,0,-,0.66,4,20.34,111.2,-5.79,-35.2,20,0.08,-,41,0,11.03,9.06,2.94,0,31.17,0.77,0.82,3.14,1230,0.1,0,13.33,3.5,-,11.03,9.06,31.17,4.86,1099.41,755.72,343.69,-10.89,14.3,14.4,26
Mon Sep 26 06:54:13 GMT-03:00 2022,26-Sep-2022 06:54:14.417,-35.20404132443474,-5.793739817264424,0.017162498086690903,4.0,20.326987378406322,111.20795440673828,-0.66,5.63,8.17,0.01,13.33,0,-0.03,0.02,-0.03,14.9,7.45,14.7,19.61,92,17.92,1013.52,14.65,611.1,1,348.89,226,0,86,-,32.16,23.92,782,19.61,38.19,1.09,49.41,-6.25,-2.34,-0.78,-,0.66,4,20.33,111.21,-5.79,-35.2,20,0.06,-,41,0,11.03,9.06,2.97,0,31.16,0.28,0.81,3.14,1231,0.06,0,13.73,-1,-,11.03,9.06,31.16,4.86,1100.42,755.72,344.71,-11.02,14.28,14.5,26
Mon Sep 26 06:54:14 GMT-03:00 2022,26-Sep-2022 06:54:15.417,-35.20404132443474,-5.793739817264424,0.01307609211653471,4.0,20.29452410355077,111.21273040771484,-0.75,5.51,8.02,-0.01,13.33,0.01,-0.04,0.03,0,14.9,7.45,14.7,19.61,92,17.9,1013.48,14.65,609.6,1,348.88,226,0,85,-,38.04,26.67,770.5,19.61,38.22,1.5,49.41,-5.47,2.34,2.34,-,0.66,4,20.29,111.21,-5.79,-35.2,20,0.05,-,41,0,11.03,9.06,4.11,0,31.16,0.1,0.81,3.14,1232,0.05,0,14.12,4.5,-,11.03,9.06,31.16,4.86,1101.4,755.72,345.69,-9.48,13.02,13.2,28
Mon Sep 26 06:54:15 GMT-03:00 2022,26-Sep-2022 06:54:16.417,-35.20404132443474,-5.793739817264424,0.011354117654263973,4.0,20.271124288556823,111.21534729003906,-0.68,5.87,7.93,0.01,13.73,0.01,-0.04,0.06,-0.03,14.9,7.45,14.7,19.61,92,17.88,1013.52,14.65,609.6,1,348.86,226,0,85,-,41.18,30.2,739,19.61,38.24,1.28,49.41,-5.47,4.69,2.34,-,0.66,4,20.27,111.22,-5.79,-35.2,19,0.04,-,41,0,11.03,9.07,3.49,0,31.16,0.1,0.81,3.53,1234,0.04,0,14.51,12.5,-,11.03,9.07,31.16,4.86,1102.41,755.72,346.69,-10.19,13.02,13.2,29
Mon Sep 26 06:54:16 GMT-03:00 2022,26-Sep-2022 06:54:17.417,-35.20404132443474,-5.793739817264424,0.08290287107229233,4.0,20.257107384963316,111.25012969970703,-0.79,6.56,7.17,-0.01,17.65,0.02,-0.06,0.15,-0.1,23.53,12.16,14.7,19.61,92,17.87,1013.52,14.65,608.6,1,348.84,226,0,85,0.96,56.08,51.37,1538.5,19.61,38.31,3.88,49.41,-4.69,-2.34,2.34,-,0.66,4,20.26,111.25,-5.79,-35.2,21,2.7,1.28,41,0,11.03,9.07,10.63,0,31.16,0.84,0.8,7.84,1235,0.3,3,14.51,19.5,5.93,11.03,9.07,31.16,4.86,1103.35,755.87,347.48,-0.5,13.5,13.9,45
Mon Sep 26 06:54:17 GMT-03:00 2022,26-Sep-2022 06:54:18.417,-35.203994614724365,-5.793761448634286,0.7963345050811768,4.0,20.201570192617094,111.48513793945312,-0.75,5.88,7.67,-0.01,15.69,0,-0.03,0.06,-0.05,22.75,11.76,14.7,19.61,92,17.87,1013.53,14.65,608.6,1,346.05,226,0,85,0.96,56.08,36.86,1245,19.61,38.35,2.33,49.02,-3.91,-2.34,0.78,-,0.66,4,20.2,111.49,-5.79,-35.2,20,2.7,1.28,41,1.29,11.02,9.07,6.38,3.63,31.13,0.1,0.86,5.88,1236,2.87,3,17.25,19.5,5.93,11.02,9.07,31.13,4.86,1104.42,756.94,347.48,-10.57,14.28,14.6,41
Mon Sep 26 06:54:18 GMT-03:00 2022,26-Sep-2022 06:54:19.418,-35.203979082839844,-5.793766764064829,1.8573740720748901,4.0,20.228978476489978,111.66087341308594,-0.67,6.44,7.54,0.01,17.65,0.05,-0.04,0.14,-0.04,27.45,14.12,14.7,19.61,92,17.85,1013.52,14.65,606.6,1,346.05,226,0,85,2.47,43.14,43.53,1245,19.61,38.35,2.33,49.02,-3.91,-3.91,-4.69,-,0.66,4,20.23,111.66,-5.79,-35.2,22,4.13,3.31,42,1.29,11.02,9.07,6.38,3.63,31.13,0.82,0.86,7.84,1237,6.69,7,16.08,19.5,18.92,11.02,9.07,31.13,4.87,1105.34,757.86,347.48,-10.57,14.2,14.5,41
Mon Sep 26 06:54:19 GMT-03:00 2022,26-Sep-2022 06:54:20.419,-35.2039568724271,-5.793775178602797,2.4539132118225098,4.0,20.211104193308678,112.356201171875,-0.81,6.34,7.55,0.01,18.43,-0.02,-0.04,0.09,-0.1,25.49,13.33,14.7,19.61,92,17.84,1013.5,14.65,606.6,1,345.38,226,0,85,2.85,51.37,41.18,1814.5,19.61,38.48,4.18,49.02,-3.12,-6.25,-7.03,-,0.66,4,20.21,112.36,-5.79,-35.2,20,4.17,3.83,42,2.39,11,9.09,11.44,6.76,31.07,0.73,0.83,8.24,1238,8.83,13,18.43,21.5,15.91,11,9.09,31.07,4.87,1106.43,758.95,347.48,-8.06,14.28,14.5,44
Mon Sep 26 06:54:20 GMT-03:00 2022,26-Sep-2022 06:54:21.419,-35.20392947718851,-5.79378647336922,3.377988815307617,4.0,20.157704287538262,113.1456527709961,-1.32,5.96,7.59,-0.01,17.65,-0.01,-0.03,0.03,-0.04,22.35,10.98,14.7,19.61,92,17.84,1013.49,14.65,606.6,1,345.38,226,0,85,2.85,51.37,38.82,1814.5,19.61,38.48,4.18,48.24,-3.12,-5.47,-3.91,-,0.66,4,20.16,113.15,-5.79,-35.2,21,4.17,3.83,42,2.39,11,9.09,11.44,6.76,31.07,0.22,0.81,7.84,1239,12.16,13,18.43,21.5,15.91,11,9.09,31.07,4.87,1107.42,759.94,347.48,-8.06,14.22,14.5,44
Mon Sep 26 06:54:21 GMT-03:00 2022,26-Sep-2022 06:54:22.420,-35.20389349281194,-5.7938019972130474,4.49330472946167,4.0,20.13824732419215,113.15795135498047,0.11,5.13,6.64,-0.15,14.12,0.04,0.02,0.05,0.01,23.14,11.76,14.7,19.61,92,17.84,1013.5,14.65,607.4,1,339.55,226,0,85,5.14,36.08,29.41,1493.5,19.61,38.52,2.25,48.24,-4.69,-6.25,-7.81,-,0.66,4,20.14,113.16,-5.79,-35.2,21,3.84,6.89,42,5.77,10.99,9.1,6.16,16.31,31.05,0.69,0.79,4.31,1239,16.18,16,14.9,0,32.87,10.99,9.1,31.05,4.88,1108.43,760.95,347.48,-11.3,14.2,14.5,39
Mon Sep 26 06:54:22 GMT-03:00 2022,26-Sep-2022 06:54:23.422,-35.20385633476904,-5.793817705572161,4.581145763397217,6.0,19.96326522820225,112.14238739013672,-0.01,6.63,7.1,-0.01,16.86,0.01,-0.03,0.06,-0.03,24.31,11.76,14.7,19.61,92,17.84,1013.51,14.65,607.4,1,339.37,226,0,85,5.14,45.1,29.41,1589,19.61,38.58,3.41,48.24,-3.12,-10.94,-11.72,-,0.67,6,19.96,112.14,-5.79,-35.2,20,0.18,6.89,42,4.69,10.99,9.1,9.33,13.26,31.03,0.09,0.78,7.06,1240,16.49,16,17.25,23,32.87,10.99,9.1,31.03,4.88,1109.4,761.91,347.48,-8.48,14.28,14.5,39
Mon Sep 26 06:54:23 GMT-03:00 2022,26-Sep-2022 06:54:24.422,-35.2038153901452,-5.793832180421587,5.0276994705200195,6.0,19.968641411848523,111.65199279785156,-1.11,5.96,8.83,0.09,16.86,0.04,-0.12,0.05,0,24.31,12.55,14.7,19.61,92,17.84,1013.49,14.65,608.6,1,339.15,226,0,84,5.37,40.78,36.08,1605,19.61,38.64,3.1,48.24,-3.91,-3.12,-6.25,-,0.67,6,19.97,111.65,-5.79,-35.2,20,0.9,7.21,42,5.16,10.98,9.11,8.49,14.57,31.02,0.77,0.77,7.06,1241,18.1,19,15.69,0,31.97,10.98,9.11,31.02,4.89,1110.39,762.91,347.48,-9.38,14.26,14.5,38
Mon Sep 26 06:54:24 GMT-03:00 2022,26-Sep-2022 06:54:25.424,-35.20377292980781,-5.793849029547269,5.142879486083984,6.0,19.943967935675943,111.93952941894531,-0.61,5.37,7.52,-0.06,13.73,0.09,-0.05,-0.01,0.1,14.9,7.45,14.7,19.61,92,17.84,1013.5,14.65,608.6,1,338.94,226,0,84,5.37,22.75,20.39,1142,19.61,38.66,1.03,48.24,-3.91,-3.91,-3.12,-,0.67,6,19.94,111.94,-5.79,-35.2,19,0.49,7.21,42,18.37,10.99,9.1,2.83,51.89,31.04,0.1,0.77,3.92,1243,18.51,19,12.55,3,31.97,10.99,9.1,31.04,4.89,1111.42,763.94,347.48,-12.91,14.22,14.5,32
Mon Sep 26 06:54:25 GMT-03:00 2022,26-Sep-2022 06:54:26.420,-35.203725373400246,-5.793868287801037,5.292064189910889,6.0,20.062100575227213,112.5898666381836,0.07,4.77,8.68,0.01,12.16,-0.1,0.13,-0.03,-0.11,14.9,7.45,14.7,19.61,92,17.84,1013.55,14.65,608.8,1,339.2,226,0,84,5.37,21.18,16.86,913,19.61,38.68,0.92,48.24,-7.03,-2.34,-3.12,-,0.67,6,20.06,112.59,-5.79,-35.2,22,2.05,7.21,42,20.63,11,9.09,2.52,58.28,31.07,0.1,0.77,2.35,1244,19.05,17,12.55,12.5,31.97,11,9.09,31.07,4.89,1112.36,764.88,347.48,-12.47,14.22,14.6,27
Mon Sep 26 06:54:26 GMT-03:00 2022,26-Sep-2022 06:54:27.421,-35.20368504991256,-5.793886083599064,4.852797031402588,4.0,19.75268661165071,118.56556701660156,2.01,3.73,9.28,0.04,12.55,0.02,0.23,-0.16,0.08,14.9,7.45,14.7,19.61,92,17.83,1013.55,14.65,608.8,1,339.54,226,0,84,-,21.18,17.65,901.5,19.61,38.69,0.96,48.24,-7.03,-2.34,-4.69,-,0.67,4,19.75,118.57,-5.79,-35.2,20,4.47,-,42,17.69,11.01,9.09,2.63,49.96,31.09,0.82,0.77,2.35,1245,17.47,13,12.55,12.5,-,11.01,9.09,31.09,4.9,1113.43,765.94,347.48,-11.81,14.26,14.5,25
Mon Sep 26 06:54:27 GMT-03:00 2022,26-Sep-2022 06:54:28.418,-35.203662680036025,-5.793898412071668,2.803114175796509,4.0,19.6110944976041,142.47267150878906,-0.33,4.52,8.87,0.01,12.55,0.01,0,-0.07,0.05,14.9,7.45,14.7,19.61,92,17.83,1013.56,14.65,608.4,1,339.54,226,0,84,-,22.35,18.04,901.5,19.61,38.69,0.96,48.24,-7.03,-7.03,-7.81,-,0.67,4,19.61,142.47,-5.79,-35.2,23,4.47,-,42,17.69,11.01,9.09,2.63,49.96,31.09,0.63,0.77,2.75,1246,10.09,13,12.94,15.5,-,11.01,9.09,31.09,4.9,1114.41,766.93,347.48,-11.81,14.26,14.5,25
Mon Sep 26 06:54:28 GMT-03:00 2022,26-Sep-2022 06:54:29.420,-35.20365343503564,-5.79391260067505,1.6403214931488037,4.0,19.724157251858145,166.26588439941406,-0.39,5.15,8.58,0.02,13.33,0.01,0.01,0,0.02,14.9,7.45,14.7,19.61,92,17.82,1013.55,14.65,608,1,339.77,226,0,84,-,22.35,18.04,936,19.61,38.71,0.97,48.24,-7.03,-3.91,-3.12,-,0.67,4,19.72,166.27,-5.79,-35.2,20,3.09,-,42,13.37,11.01,9.08,2.66,37.78,31.1,0.09,0.76,3.14,1246,5.91,7,13.33,23,-,11.01,9.08,31.1,4.9,1115.39,767.91,347.48,-11.74,14.26,14.5,24
Mon Sep 26 06:54:29 GMT-03:00 2022,26-Sep-2022 06:54:30.419,-35.2036517433709,-5.793925980719938,1.059104084968567,4.0,19.594221948789976,181.51829528808594,-0.58,4.93,8.68,0.02,14.12,0,-0.02,-0.03,0.02,14.9,7.45,14.7,19.61,92,17.8,1013.58,14.65,608,1,342.61,226,0,84,-,31.76,23.92,890,19.61,38.74,1.31,48.63,-6.25,0,0.78,-,0.67,4,19.59,181.52,-5.79,-35.2,22,0.19,-,42,5.35,11,9.09,3.58,15.11,31.08,0.08,0.76,3.53,1247,3.81,4,13.73,5,-,11,9.09,31.08,4.9,1116.43,768.94,347.48,-10.87,14.2,14.5,24
Mon Sep 26 06:54:30 GMT-03:00 2022,26-Sep-2022 06:54:31.418,-35.203658942601656,-5.793938286370789,1.1067829132080078,6.0,19.669323068843983,191.4172821044922,-0.64,4.9,8.49,-0,14.12,0.01,-0.03,-0.04,0.03,14.9,7.45,14.7,19.61,92,17.79,1013.6,14.65,608,1,342.42,226,0,84,-,36.08,28.63,885.5,19.61,38.76,1.49,48.63,-6.25,3.91,3.91,-,0.67,6,19.67,191.42,-5.79,-35.2,25,1.98,-,42,2.68,10.99,9.1,4.08,7.58,31.05,0.75,0.76,3.53,1249,3.98,2,13.73,-4,-,10.99,9.1,31.05,4.9,1117.31,769.83,347.48,-10.12,14.28,14.5,26
Mon Sep 26 06:54:31 GMT-03:00 2022,26-Sep-2022 06:54:32.420,-35.20366191263105,-5.793944709891942,0.5753738880157471,6.0,19.437190499160458,195.65213012695312,-0.53,5.25,8.34,0,14.12,0.01,-0.03,0,0,14.9,7.45,14.7,19.61,92,17.79,1013.62,14.65,606.7,1,342.42,226,0,84,-,36.08,32.94,885.5,19.61,38.76,1.49,48.63,-5.47,3.91,3.91,-,0.67,6,19.44,195.65,-5.79,-35.2,24,1.98,-,42,2.68,10.99,9.1,4.08,7.58,31.05,0.75,0.76,4.31,1249,2.07,2,13.73,-4,-,10.99,9.1,31.05,4.9,1118.39,770.91,347.48,-10.12,14.28,13.8,26
Mon Sep 26 06:54:32 GMT-03:00 2022,26-Sep-2022 06:54:33.419,-35.20366191263105,-5.793944709891942,0.21874763071537018,6.0,19.38858431447963,196.7947235107422,-0.55,5.45,8.28,0.01,14.12,0,-0.01,0,0,14.9,7.45,14.7,19.61,92,17.77,1013.59,14.65,606,1,353.16,226,0,85,-,41.57,32.94,748,19.61,38.8,1.43,50.2,-5.47,0.78,0,-,0.67,6,19.39,196.79,-5.79,-35.2,23,2.07,-,42,1.4,10.98,9.11,3.91,3.95,31.02,0.84,0.75,3.92,1250,0.79,0,14.12,8,-,10.98,9.11,31.02,4.9,1119.38,771.2,348.18,-10.29,13.68,14.4,27
Mon Sep 26 06:54:33 GMT-03:00 2022,26-Sep-2022 06:54:34.419,-35.20366191263105,-5.793944709891942,0.039840150624513626,6.0,19.32402610981712,196.92868041992188,-0.38,6,7.86,0.01,13.73,0,-0.01,0.07,-0.04,14.9,7.45,14.7,19.61,92,17.75,1013.59,14.65,606,1,355.57,226,0,85,-,41.18,32.94,791.5,19.61,38.84,1.48,50.59,-5.47,-0.78,0,-,0.67,6,19.32,196.93,-5.79,-35.2,24,0.14,-,42,0,10.98,9.11,4.05,0,31.02,0.84,0.75,3.92,1252,0.14,0,14.12,5,-,10.98,9.11,31.02,4.9,1120.23,771.2,349.03,-9.3,13.68,14.4,29
Mon Sep 26 06:54:34 GMT-03:00 2022,26-Sep-2022 06:54:35.419,-35.20366191263105,-5.793944709891942,0.07594924420118332,8.0,19.32481357149344,197.0144500732422,-0.31,6.77,7.42,0.02,13.33,0.01,-0.01,0.14,-0.09,19.61,11.37,14.7,19.61,92,17.73,1013.59,14.65,605.5,1,350.04,226,0,85,0.33,41.18,41.57,1335.5,19.61,38.9,2.75,49.8,-5.47,-0.78,0.78,-,0.67,8,19.32,197.01,-5.79,-35.2,23,1.73,0.44,42,0,10.98,9.11,7.52,0,31.02,0.1,0.75,3.14,1253,0.27,2,14.12,5,2.35,10.98,9.11,31.02,4.9,1121.41,771.24,350.17,-5.27,14.14,14.4,38
Mon Sep 26 06:54:35 GMT-03:00 2022,26-Sep-2022 06:54:36.420,-35.203666475058306,-5.793955814086286,0.6538419127464294,6.0,19.254420270257565,196.84088134765625,-0.39,6.52,7.36,0,16.86,0.01,0,0.12,-0.08,27.84,14.12,14.7,19.61,92,17.73,1013.54,14.65,605.5,1,350.02,226,0,85,0.33,52.94,44.31,1335.5,19.61,38.96,3.68,49.8,-3.91,-1.56,-3.12,-,0.67,6,19.25,196.84,-5.79,-35.2,24,1.73,0.44,42,0.54,10.97,9.12,10.08,1.53,30.99,0.69,0.83,7.06,1254,2.35,2,16.47,18.5,2.35,10.97,9.12,30.99,4.9,1122.42,772.24,350.17,-7.2,14.14,14.4,41
Mon Sep 26 06:54:36 GMT-03:00 2022,26-Sep-2022 06:54:37.419,-35.20367221416414,-5.7939721594123155,1.7148358821868896,6.0,19.107678934784172,196.27964782714844,-0.32,7.22,6.98,0.02,20.78,0.02,-0.04,0.2,-0.14,31.76,16.47,14.7,19.61,92,17.72,1013.56,14.65,605,1,350.02,226,0,85,3.46,56.47,56.08,1447.5,19.61,38.96,3.68,49.8,-3.12,-3.91,-4.69,-,0.67,6,19.11,196.28,-5.79,-35.2,24,4.65,4.64,42,0.54,10.97,9.12,10.08,1.53,30.99,0.21,0.83,10.98,1255,6.17,7,18.82,20,22.84,10.97,9.12,30.99,4.91,1123.42,773.24,350.17,-7.2,14.14,14.4,41
Mon Sep 26 06:54:37 GMT-03:00 2022,26-Sep-2022 06:54:38.420,-35.20368043918133,-5.793998694846048,3.1065924167633057,6.0,19.11237516574986,196.722412109375,-0.27,6.91,6.71,-0.02,20.78,0.03,-0.01,0.18,-0.11,31.76,16.47,14.7,19.61,92,17.71,1013.54,14.65,608.2,1,344.15,226,0,85,7.47,69.8,56.08,2006,19.61,39.07,6.24,49.02,-3.12,-2.34,-3.91,-,0.67,6,19.11,196.72,-5.79,-35.2,22,6.83,10.02,42,1.12,10.96,9.13,17.08,3.17,30.96,0.69,0.79,14.12,1255,11.18,13,23.92,20,35.56,10.96,9.13,30.96,4.91,1124.42,774.25,350.17,-3,14.12,14.5,50
Mon Sep 26 06:54:38 GMT-03:00 2022,26-Sep-2022 06:54:39.417,-35.20369381042165,-5.79404207168614,4.863746643066406,6.0,18.997329133865104,198.08749389648438,0.03,6.43,6.92,-0.04,23.92,0,0.02,0.13,-0.1,30.2,15.29,14.7,19.61,92,17.72,1013.49,14.65,608.2,1,341.05,226,0,85,13.79,65.49,58.04,2467.5,19.61,39.24,7.77,48.63,-2.34,-1.56,0,-,0.68,6,19,198.09,-5.79,-35.2,21,3.49,18.49,42,1.67,10.95,9.13,21.27,4.72,30.93,0.18,0.75,13.73,1256,17.51,21,23.92,22.5,53.37,10.95,9.13,30.93,4.91,1125.42,775.25,350.17,-4.18,14.12,14.4,55
Mon Sep 26 06:54:39 GMT-03:00 2022,26-Sep-2022 06:54:40.418,-35.20371292328841,-5.794099773819944,6.245405673980713,6.0,19.080570443946606,199.6847381591797,-0.33,6.35,8.54,0.08,23.53,0,-0.02,0.07,-0.05,30.2,15.29,14.7,19.61,91,17.73,1013.49,14.65,608.2,1,340.73,226,0,85,14.82,39.22,54.51,2328,19.61,39.35,5.92,48.63,-2.34,-3.91,-2.34,-,0.68,6,19.08,199.68,-5.79,-35.2,23,4.52,19.87,42,3.55,10.94,9.14,16.19,10.03,30.9,0.08,0.75,13.73,1258,22.48,27,17.65,26,60.78,10.94,9.14,30.9,4.92,1126.43,776.25,350.17,-8.17,14.14,14.4,52
Mon Sep 26 06:54:40 GMT-03:00 2022,26-Sep-2022 06:54:41.418,-35.20373729292946,-5.79416721390474,7.4729743003845215,6.0,18.910481803510972,201.6163787841797,-0.46,6.34,6.83,-0.05,21.96,0,-0.02,0.12,-0.09,29.8,15.29,14.7,19.61,91,17.74,1013.53,14.65,623.2,1,337.73,226,0,85,9.36,68.24,50.98,2249,19.61,39.48,7.61,48.24,-3.12,-2.34,-2.34,-,0.68,6,18.91,201.62,-5.79,-35.2,22,3.1,12.55,41,3.55,10.93,9.15,20.83,10.02,30.88,0.08,0.75,12.16,1259,26.9,30,22.75,21,39.73,10.93,9.15,30.88,4.93,1127.39,777.22,350.17,-5.82,14.14,14.5,54
Mon Sep 26 06:54:41 GMT-03:00 2022,26-Sep-2022 06:54:42.420,-35.20376415896961,-5.7942415798607625,8.447504997253418,6.0,18.806708689859164,201.8115997314453,-0.62,6.29,7.48,-0,20.39,0.02,0.01,0.09,-0.04,27.84,14.9,14.7,19.61,91,17.76,1013.52,14.65,623.2,1,337.47,226,0,85,9.26,61.96,47.84,2154,19.61,39.6,6.28,48.24,-3.12,1.56,-4.69,-,0.68,6,18.81,201.81,-5.79,-35.2,21,2.59,12.42,41,4.78,10.92,9.15,17.19,13.49,30.86,0.75,0.73,11.37,1260,30.41,33,22.75,21,41.05,10.92,9.15,30.86,4.94,1128.42,778.24,350.17,-7.13,14.18,14.4,53
Mon Sep 26 06:54:42 GMT-03:00 2022,26-Sep-2022 06:54:43.419,-35.203797301155134,-5.7943239518379945,9.167682647705078,6.0,19.274031140826764,202.09719848632812,-0.07,6.47,7.67,0.02,23.14,0.07,0,0.12,0,28.24,13.73,14.7,19.61,91,17.78,1013.55,14.65,637.4,1,337.26,226,0,85,11.52,61.57,56.47,2148,19.61,39.7,6.45,48.24,-3.12,-6.25,0.78,-,0.68,6,19.27,202.1,-5.79,-35.2,22,3,15.44,41,5.11,10.92,9.16,17.66,14.44,30.84,0.58,0.71,12.94,1261,33,36,23.14,21.5,51.2,10.92,9.16,30.84,4.94,1129.42,779.25,350.17,-6.58,14.2,14.4,53
Mon Sep 26 06:54:43 GMT-03:00 2022,26-Sep-2022 06:54:44.419,-35.20383359656647,-5.794408481125664,10.240108489990234,4.0,19.1393805245423,202.5765838623047,-0.32,6.18,7.58,-0,19.22,-0.05,0,0.04,-0.09,26.67,13.73,14.7,19.61,91,17.78,1013.54,14.65,637.4,1,337.26,226,0,85,11.52,61.57,46.67,2148,19.61,39.7,6.45,47.84,-3.12,-6.25,-1.56,-,0.68,4,19.14,202.58,-5.79,-35.2,22,3,15.44,41,5.11,10.92,9.16,17.66,14.44,30.84,0.09,0.71,9.8,1262,36.86,36,21.57,21.5,51.2,10.92,9.16,30.84,4.94,1130.4,780.23,350.17,-6.58,14.16,14.4,53
Mon Sep 26 06:54:44 GMT-03:00 2022,26-Sep-2022 06:54:45.419,-35.20387213520786,-5.794499539283411,10.908636093139648,4.0,18.990986879135466,202.7562255859375,-0.89,6.09,8.35,0.05,16.86,-0.01,0.02,0.04,-0.04,21.96,11.37,14.7,19.61,91,17.8,1013.52,14.65,646.3,1,334.32,226,0,85,10.51,64.71,38.43,1692,19.61,39.8,5.24,47.84,-3.12,-0.78,0.78,-,0.69,4,18.99,202.76,-5.79,-35.2,25,2.14,14.09,39,6.87,10.91,9.16,14.33,19.42,30.83,0.26,0.7,7.84,1262,39.27,39,20,19.5,59.29,10.91,9.16,30.83,4.95,1131.39,781.22,350.17,-8.09,14.2,14.4,51
Mon Sep 26 06:54:45 GMT-03:00 2022,26-Sep-2022 06:54:46.420,-35.20390903567299,-5.794597440088732,11.511139869689941,4.0,18.470126095735285,202.55740356445312,-0.32,5.39,7.48,-0.06,16.86,-0.03,0.01,0.02,-0.06,21.96,11.37,14.7,19.61,91,17.83,1013.56,14.65,647.9,1,331.45,226,0,85,10.5,36.08,38.43,1481.5,19.61,39.86,2.59,47.45,-3.12,1.56,3.12,-,0.69,4,18.47,202.56,-5.79,-35.2,22,0.56,14.08,39,15.07,10.92,9.16,7.08,42.58,30.84,0.17,0.7,10.59,1263,41.44,42,17.65,23,67.69,10.92,9.16,30.84,4.97,1132.41,782.23,350.17,-10.56,14.12,14.4,45
Mon Sep 26 06:54:46 GMT-03:00 2022,26-Sep-2022 06:54:47.418,-35.203946588130684,-5.7946992939239435,11.903668403625488,4.0,18.137391816079298,202.45745849609375,-0.44,5.75,7.95,-0,20.39,0.15,-0.02,0.13,0.09,25.1,12.94,14.7,19.61,91,17.86,1013.61,14.65,647.9,1,331.59,226,0,85,4.46,61.57,56.08,1702,19.61,39.94,4.77,47.45,-3.12,-1.56,-0.78,-,0.69,4,18.14,202.46,-5.79,-35.2,21,0.15,5.98,39,8.81,10.92,9.16,13.05,24.88,30.84,0.1,0.7,10.59,1265,42.85,43,19.61,20,25.03,10.92,9.16,30.84,4.97,1133.39,783.21,350.17,-6.04,14.06,14.4,48
Mon Sep 26 06:54:47 GMT-03:00 2022,26-Sep-2022 06:54:48.421,-35.20399015083499,-5.794804174476023,12.494193077087402,4.0,18.040493711696588,202.2746124267578,-0.1,5.9,7.96,0.01,18.04,0.02,0,0.02,0.01,23.92,12.16,14.7,19.61,91,17.89,1013.67,14.65,647.9,1,331.52,226,0,85,12.58,53.73,47.45,1421.5,19.61,40,3.47,47.45,-3.12,-6.25,-7.03,-,0.69,4,18.04,202.27,-5.79,-35.2,23,1.02,16.87,39,12.4,10.92,9.16,9.49,35.02,30.84,0.33,0.69,8.24,1266,44.98,46,17.25,19.5,84.51,10.92,9.16,30.84,4.98,1134.4,784.23,350.17,-9.2,14.08,14.4,45
Mon Sep 26 06:54:48 GMT-03:00 2022,26-Sep-2022 06:54:49.420,-35.20403465670587,-5.794912415919669,12.995777130126953,4.0,17.957780770893496,202.0880126953125,-0.21,6.19,8,0.03,16.47,0.05,-0.01,0.01,0.05,22.35,11.76,14.7,19.61,91,17.92,1013.72,14.65,650.5,1,331.57,226,0,85,10.09,45.88,39.61,1360,19.61,40.05,2.8,47.45,-3.91,0.78,-7.03,-,0.69,4,17.96,202.09,-5.79,-35.2,23,1.22,13.53,39,16.43,10.92,9.15,7.66,46.42,30.86,0.33,0.69,6.67,1267,46.78,48,15.29,8,70.83,10.92,9.15,30.86,4.99,1135.43,785.25,350.17,-9.38,14.08,14.4,43
Mon Sep 26 06:54:49 GMT-03:00 2022,26-Sep-2022 06:54:50.420,-35.20407568064131,-5.795029108142711,13.560409545898438,4.0,17.30890669057206,201.9874725341797,-0.76,4.9,7.79,-0.06,14.9,0.09,-0.09,0.05,0.06,14.9,7.45,14.7,19.61,91,17.95,1013.78,14.65,650.5,1,331.75,226,0,86,4.39,21.57,27.45,1305.5,19.61,40.08,1.3,47.45,-4.69,-6.25,-2.34,-,0.69,4,17.31,201.99,-5.8,-35.2,24,0.18,5.89,39,37,10.93,9.15,3.55,104.51,30.86,0.79,0.69,5.1,1268,48.82,49,15.29,8,32.13,10.93,9.15,30.86,5,1136.42,786.25,350.17,-12.1,14.14,14.4,36
Mon Sep 26 06:54:50 GMT-03:00 2022,26-Sep-2022 06:54:51.421,-35.204119675678854,-5.795146356264859,13.84926700592041,4.0,16.785294578924464,202.10243225097656,-0.72,5.55,7.59,-0.04,12.94,-0.03,-0.02,0,-0.04,14.9,7.45,14.7,19.61,91,17.95,1013.92,14.65,650.9,1,331.75,226,0,86,4.39,21.57,15.29,1305.5,19.61,40.08,1.3,47.45,-6.25,-6.25,-3.91,-,0.69,4,16.79,202.1,-5.8,-35.2,23,0.18,5.89,39,37,10.93,9.15,3.55,104.51,30.86,0.09,0.69,3.14,1269,49.86,49,13.33,0,32.13,10.93,9.15,30.86,5,1137.4,787.23,350.17,-12.1,14.14,14.4,36
Mon Sep 26 06:54:51 GMT-03:00 2022,26-Sep-2022 06:54:52.421,-35.20416276241367,-5.7952640149300825,13.843132972717285,6.0,15.917069640749864,201.75054931640625,-0.52,4.69,8.47,-0.01,12.94,0.03,-0.09,-0.04,0.05,14.9,7.45,29.4,19.61,91,17.99,1013.97,14.65,650.6,2,331.79,226,0,86,4.39,19.22,15.69,1352,19.61,40.1,1.27,47.45,-6.25,0,0,-,0.69,6,15.92,201.75,-5.8,-35.2,24,0.86,5.89,39,38.64,10.93,9.15,3.47,109.15,30.87,0.01,0.7,3.14,1269,49.84,49,13.33,-10,32.13,10.93,9.15,30.87,5.01,1138.42,788.25,350.17,-12.05,14.08,14.4,32
Mon Sep 26 06:54:52 GMT-03:00 2022,26-Sep-2022 06:54:53.420,-35.204203925708875,-5.795381958848634,13.826939582824707,6.0,15.3755284427699,201.36727905273438,0.39,5.53,9.35,0.11,13.33,0.05,0.06,0.04,0.03,14.9,7.45,29.4,19.61,91,18.02,1014.05,14.65,650.6,2,331.82,226,0,86,4.39,19.22,15.69,1347,19.61,40.12,1.25,47.45,-6.25,0,0,-,0.69,6,15.38,201.37,-5.8,-35.2,24,1.84,5.89,39,39.32,10.93,9.15,3.41,111.07,30.87,0,0,3.53,1270,49.78,48,13.33,-10.5,32.13,10.93,9.15,30.87,5.06,1139.43,789.26,350.17,-12.18,14.12,14.4,28
Mon Sep 26 06:54:53 GMT-03:00 2022,26-Sep-2022 06:54:54.419,-35.20424550514317,-5.795496266625397,13.51146125793457,6.0,14.706946188462693,201.79635620117188,-0.82,5.23,7.22,-0.09,13.33,0.02,0,0.13,-0.07,14.9,7.45,23.88,19.61,91,18.05,1014.18,14.65,649,1.62,334.6,226,0,86,-,21.18,14.9,1550,19.61,40.15,1.56,47.84,-3.91,0,0,-,0.69,6,14.71,201.8,-5.8,-35.2,25,1.64,-,39,30.76,10.95,9.13,4.27,86.89,30.93,0,0,3.53,1271,48.64,47,13.73,-8.5,-,10.95,9.13,30.93,5.06,1140.41,790.23,350.17,-11.55,14.08,14.4,26
Mon Sep 26 06:54:54 GMT-03:00 2022,26-Sep-2022 06:54:55.419,-35.20428787709967,-5.795612762548884,13.589686393737793,6.0,14.179213719653433,201.9557342529297,-0.28,5.38,8.16,-0.01,19.61,0,-0.05,0.01,0,28.63,14.51,23.88,19.61,91,18.09,1014.19,14.65,649,1.62,338.02,226,0,86,12.23,60,51.76,1649.5,19.61,40.25,4.68,48.24,-3.91,0,0,-,0.69,6,14.18,201.96,-5.8,-35.2,25,1.08,16.4,39,10.05,10.95,9.13,12.8,28.38,30.93,0,0,9.8,1273,48.92,50,16.47,-7,70.8,10.95,9.13,30.93,5.08,1141.41,791.23,350.17,-6.58,14.08,14.4,33
Mon Sep 26 06:54:55 GMT-03:00 2022,26-Sep-2022 06:54:56.418,-35.20433116197508,-5.795733109174409,14.026002883911133,4.0,13.820466051725637,201.82945251464844,-0.4,4.68,8.57,-0.01,14.12,-0.13,0,-0.09,-0.1,14.9,7.45,13.6,19.61,91,18.12,1014.21,14.65,645.6,0.93,337.99,226,0,86,12.23,22.35,24.71,1398.5,19.61,40.28,1.34,48.24,-3.91,0,0,-,0.69,4,13.82,201.83,-5.8,-35.2,25,0.49,16.4,39,37.38,10.95,9.13,3.66,105.59,30.93,0.87,0.12,5.1,1274,50.49,50,13.33,-4,70.8,10.95,9.13,30.93,5.08,1142.42,792.25,350.17,-12.48,14.16,14.4,28
Mon Sep 26 06:54:56 GMT-03:00 2022,26-Sep-2022 06:54:57.419,-35.2043752157062,-5.79585434552715,14.030585289001465,4.0,13.701659443212224,201.17283630371094,-1.09,4.91,8.83,0.03,12.94,0.02,-0.03,-0.06,0.06,14.9,7.45,13.37,19.61,91,18.15,1014.22,14.65,645.6,0.91,338.02,226,0,85,12.23,18.04,15.29,1511.5,19.61,40.3,1.31,48.24,-6.25,0,0,-,0.69,4,13.7,201.17,-5.8,-35.2,23,4.51,16.4,39,38.22,10.95,9.13,3.58,107.95,30.93,0.87,0.71,3.14,1275,50.51,46,13.33,-4,70.8,10.95,9.13,30.93,5.11,1143.42,793.25,350.17,-12.15,14.12,14.4,25
Mon Sep 26 06:54:57 GMT-03:00 2022,26-Sep-2022 06:54:58.418,-35.20441302721562,-5.795968059076584,13.188827514648438,4.0,14.066588804140672,198.44406127929688,-1.04,4.7,8,-0.05,13.73,0,-0.05,-0.08,0.03,14.9,7.45,29.4,19.61,91,18.18,1014.27,14.65,643,2,338.06,226,0,85,-,18.04,16.08,1573,19.61,40.33,1.51,48.24,-5.47,0,0,-,0.7,4,14.07,198.44,-5.8,-35.2,23,5.48,-,39,30.48,10.97,9.11,4.13,86.09,30.99,0.01,0.82,3.53,1276,47.48,42,14.12,-5.5,-,10.97,9.11,30.99,5.11,1144.42,794.25,350.17,-11.98,14.2,14.4,24
Mon Sep 26 06:54:58 GMT-03:00 2022,26-Sep-2022 06:54:59.419,-35.204442169231214,-5.796071445631236,12.287528991699219,4.0,14.349332689464037,196.72882080078125,0.01,4,9.05,0.01,13.33,0,0.03,-0.11,0.05,14.9,7.45,29.4,19.61,91,18.18,1014.33,14.65,643,2,338.06,226,0,85,-,19.61,16.08,1573,19.61,40.33,1.51,48.24,-5.47,0,0,-,0.7,4,14.35,196.73,-5.8,-35.2,22,5.48,-,39,30.48,10.97,9.11,4.13,86.09,30.99,0,0,3.53,1277,44.24,42,13.73,-8.5,-,10.97,9.11,30.99,5.14,1145.43,795.26,350.17,-11.98,14.14,14.3,24
Mon Sep 26 06:54:59 GMT-03:00 2022,26-Sep-2022 06:55:00.420,-35.20446800062508,-5.796164098445305,10.96483039855957,4.0,14.944979555271248,196.81541442871094,0.27,2.6,10.26,0.08,12.94,0.08,0.03,-0.3,0.21,14.9,7.45,29.4,19.61,91,18.2,1014.34,14.65,640.1,2,338.72,226,0,85,-,19.22,15.69,1422,19.61,40.35,1.32,48.24,-6.25,0,0,-,0.7,4,14.94,196.82,-5.8,-35.2,24,9.24,-,39,31.83,10.99,9.1,3.61,89.93,31.06,0,0,3.14,1277,39.47,35,13.73,-10.5,-,10.99,9.1,31.06,5.14,1146.41,796.24,350.17,-12.41,14.14,14.4,22
Mon Sep 26 06:55:00 GMT-03:00 2022,26-Sep-2022 06:55:01.418,-35.204486400314245,-5.796223635055879,6.486945629119873,4.0,14.728999278643194,198.3059844970703,-0.25,3.49,9.34,0.01,12.94,0.02,0.03,-0.16,0.1,14.9,7.45,29.4,19.61,91,18.2,1014.33,14.65,638.5,2,342.18,226,0,84,-,18.43,15.69,1240.5,19.61,40.37,1.09,48.63,-5.47,0,0,-,0.7,4,14.73,198.31,-5.8,-35.2,22,3.35,-,40,32.03,11.02,9.08,2.99,90.48,31.12,0,0,2.75,1278,23.35,20,13.33,-13,-,11.02,9.08,31.12,5.16,1147.42,797.25,350.17,-12.59,14.04,14.3,20
Mon Sep 26 06:55:01 GMT-03:00 2022,26-Sep-2022 06:55:02.419,-35.20449746568771,-5.7962563635295234,3.100710868835449,4.0,14.395841252615819,200.10304260253906,-0.19,4.71,8.85,0.02,12.55,0.02,0.01,-0.06,0.05,14.9,7.45,29.4,19.61,91,18.19,1014.3,14.65,638.5,2,342.9,226,0,84,-,41.57,22.35,928.5,19.61,40.41,2.38,48.63,-4.69,0,0,-,0.7,4,14.4,200.1,-5.8,-35.2,20,2.16,-,40,8.39,11.01,9.08,6.52,23.71,31.12,0.86,0.06,2.75,1280,11.16,9,14.51,1.5,-,11.01,9.08,31.12,5.16,1148.28,798.1,350.17,-9.49,13.46,13.8,23
Mon Sep 26 06:55:02 GMT-03:00 2022,26-Sep-2022 06:55:03.419,-35.20450292938697,-5.796272163273559,1.3670716285705566,6.0,14.288560305269089,201.12301635742188,0.01,5.66,8.02,-0,14.51,0,0.02,0.03,-0.02,14.9,7.45,13.51,19.61,91,18.17,1014.26,14.65,638.5,0.92,356.63,226,0,84,-,42.75,34.51,901.5,19.61,40.44,1.77,50.59,-4.69,0,0,-,0.7,6,14.29,201.12,-5.8,-35.2,22,2.92,-,40,5.1,11.01,9.08,4.83,14.4,31.1,0.88,0.1,4.31,1281,4.92,2,14.12,-4,-,11.01,9.08,31.1,5.16,1149.41,799.24,350.17,-9.55,14.12,13.8,26
Mon Sep 26 06:55:03 GMT-03:00 2022,26-Sep-2022 06:55:04.419,-35.204505215334166,-5.79627987033003,0.701770007610321,6.0,13.815923247603788,201.44134521484375,-0.06,5.63,8.16,0.01,13.73,0,0.02,0.03,-0.03,14.9,7.45,13.38,19.61,91,18.15,1014.31,14.65,634.3,0.91,356.42,226,0,84,-,39.61,32.16,750.5,19.61,40.47,1.37,50.59,-5.47,0,0,-,0.7,6,13.82,201.44,-5.8,-35.2,22,2.53,-,40,1.46,11,9.09,3.74,4.13,31.07,0.88,0.1,3.53,1282,2.53,0,13.73,-1,-,11,9.09,31.07,5.16,1150.43,799.96,350.47,-10.58,13.9,14.4,26
Mon Sep 26 06:55:04 GMT-03:00 2022,26-Sep-2022 06:55:05.420,-35.20450754879466,-5.79628486578404,0.28450554609298706,6.0,13.185567861768929,201.51065063476562,-0.13,5.99,7.78,-0,13.33,0,0.03,0.07,-0.05,14.9,7.45,13.3,19.61,91,18.13,1014.3,14.65,634.3,0.9,345.04,226,0,84,-,39.61,30.59,772.5,19.61,40.49,1.43,49.02,-5.47,0,0,-,0.7,6,13.19,201.51,-5.8,-35.2,20,1.02,-,40,0,11,9.09,3.91,0,31.07,0.88,0.11,3.53,1283,1.02,0,13.73,1.5,-,11,9.09,31.07,5.16,1151.35,799.96,351.4,-9.54,13.9,14.2,28
Mon Sep 26 06:55:05 GMT-03:00 2022,26-Sep-2022 06:55:06.420,-35.20450754879466,-5.79628486578404,0.20700637996196747,6.0,12.629198365909255,201.48580932617188,-0.07,5.96,7.76,-0,13.73,0,0.03,0.07,-0.04,14.9,7.45,13.3,19.61,91,18.13,1014.29,14.65,630,0.91,345.04,226,0,84,-,39.61,31.76,772.5,19.61,40.49,1.43,47.45,-5.47,0,0,-,0.7,6,12.63,201.49,-5.8,-35.2,23,1.02,-,40,0,11,9.09,3.91,0,31.07,0.86,0.12,3.53,1284,0.75,0,14.12,1.5,-,11,9.09,31.07,5.16,1152.39,799.96,352.43,-9.54,14.04,14.3,28
Mon Sep 26 06:55:06 GMT-03:00 2022,26-Sep-2022 06:55:07.418,-35.204511676733,-5.796292478097218,0.29340970516204834,6.0,12.193575552674222,201.47708129882812,-0.02,6.05,7.82,0.01,13.33,0,0.03,0.07,-0.05,14.9,7.45,13.37,19.61,91,18.11,1014.28,14.65,627.5,0.91,333.99,226,0,84,-,40,29.02,787.5,19.61,40.52,1.44,47.45,-5.47,0,0,-,0.7,6,12.19,201.48,-5.8,-35.2,23,0.75,-,40,0,11,9.09,3.94,0,31.06,0.87,0.82,3.53,1284,1.06,0,14.12,1.5,-,11,9.09,31.06,5.16,1153.42,799.96,353.46,-9.65,14.06,14.5,30
Mon Sep 26 06:55:07 GMT-03:00 2022,26-Sep-2022 06:55:08.419,-35.20451342745659,-5.796296581082342,0.28821778297424316,6.0,11.959587340051874,201.46742248535156,-0.08,5.97,7.73,-0.01,12.94,0,0.03,0.07,-0.05,14.9,7.45,14.7,19.61,91,18.09,1014.3,14.65,627.5,1,333.97,226,0,84,-,32.16,24.31,839.5,19.61,40.54,1.18,47.45,-7.03,0,-0.78,-,0.7,6,11.96,201.47,-5.8,-35.2,24,1.06,-,40,0,11,9.09,3.22,0,31.06,0.8,0.88,3.14,1285,1.04,0,13.33,2,-,11,9.09,31.06,5.16,1154.43,799.96,354.47,-10.64,14.12,14.4,29
Mon Sep 26 06:55:08 GMT-03:00 2022,26-Sep-2022 06:55:09.419,-35.20451342745659,-5.796296581082342,0.16230560839176178,6.0,12.637916650937205,201.46250915527344,0.06,6,7.78,-0,12.94,0,0.02,0.07,-0.04,14.9,7.45,14.7,19.61,91,18.07,1014.3,14.65,623.6,1,322.91,226,0,84,-,30.98,24.31,777,19.61,40.57,1.1,45.88,-6.25,-3.12,-3.91,-,0.7,6,12.64,201.46,-5.8,-35.2,25,0.58,-,40,0,11,9.09,3.02,0,31.06,0.56,0.86,3.14,1286,0.58,0,13.33,4.5,-,11,9.09,31.06,5.16,1155.4,799.96,355.44,-11.12,14.14,14.4,28
Mon Sep 26 06:55:09 GMT-03:00 2022,26-Sep-2022 06:55:10.420,-35.20451342745659,-5.796296581082342,0.09630108624696732,6.0,12.548883458566845,201.4510040283203,-0.06,5.98,7.83,0,12.94,0,0.04,0.07,-0.05,14.9,7.45,14.7,19.61,91,18.05,1014.33,14.65,623.6,1,320.13,226,0,84,-,32.55,24.71,769,19.61,40.59,1.09,45.49,-6.25,0.78,1.56,-,0.7,6,12.55,201.45,-5.8,-35.2,22,0.35,-,40,0,11,9.09,2.99,0,31.06,0.1,0.83,3.14,1288,0.35,0,12.94,0,-,11,9.09,31.06,5.16,1156.42,799.96,356.46,-10.87,14.12,14.4,27
Mon Sep 26 06:55:10 GMT-03:00 2022,26-Sep-2022 06:55:11.420,-35.20451342745659,-5.796296581082342,0.0,4.0,12.43478664769702,201.4503631591797,-0.08,6.12,7.78,0.01,12.94,0,0.03,0.08,-0.05,14.9,7.45,14.7,19.61,91,18.03,1014.32,14.65,621.7,1,320.12,226,0,84,-,33.33,26.27,776.5,19.61,40.61,1.17,45.49,-6.25,2.34,2.34,-,0.7,4,12.43,201.45,-5.8,-35.2,22,0,-,40,0,10.99,9.1,3.19,0,31.06,0.85,0.81,2.75,1289,0,0,13.73,18,-,10.99,9.1,31.06,5.16,1157.4,799.96,357.45,-10.58,14.12,14.4,27
Mon Sep 26 06:55:11 GMT-03:00 2022,26-Sep-2022 06:55:12.418,-35.20451342745659,-5.796296581082342,0.0,4.0,12.314054673484039,201.45559692382812,0.03,6.6,7.45,0.01,15.29,0,0.03,0.13,-0.1,23.92,12.16,14.7,19.61,91,18.02,1014.34,14.65,621.7,1,317.34,226,0,84,-,38.82,35.29,1322.5,19.61,40.65,2.32,45.1,-5.47,0,2.34,-,0.7,4,12.31,201.46,-5.8,-35.2,24,0,-,40,0,10.99,9.1,6.36,0,31.06,0.85,0.81,5.49,1290,0,0,13.73,18,-,10.99,9.1,31.06,5.16,1158.41,799.96,358.45,-6.62,14.12,14.3,34
Mon Sep 26 06:55:12 GMT-03:00 2022,26-Sep-2022 06:55:13.420,-35.204516955458395,-5.7963100477977285,0.7069513201713562,4.0,12.34635172459764,201.6861572265625,0.11,6.78,7.36,0.02,12.94,0.01,0.03,0.15,-0.09,23.92,12.16,14.7,19.61,91,18.02,1014.31,14.65,617.5,1,317.33,226,0,84,-,38.82,30.59,1100,19.61,40.7,3.03,45.1,-4.69,0,0.78,-,0.7,4,12.35,201.69,-5.8,-35.2,24,0,-,41,0,10.99,9.1,8.3,0,31.06,0.15,0.85,2.75,1291,2.55,0,14.9,21,-,10.99,9.1,31.06,5.16,1159.42,799.96,359.46,-8.47,14.12,14.4,36
Mon Sep 26 06:55:13 GMT-03:00 2022,26-Sep-2022 06:55:14.419,-35.20452083229243,-5.79631961361458,1.1583309173583984,4.0,12.430426343467278,201.86221313476562,0.02,6.92,7.4,0.03,16.86,0.02,0.01,0.16,-0.09,28.63,14.9,14.7,19.61,91,18,1014.3,14.65,617.5,1,311.79,226,0,84,0.81,46.27,40.78,1100,19.61,40.78,3.91,44.31,-3.91,-3.12,-0.78,-,0.7,4,12.43,201.86,-5.8,-35.2,21,0.45,1.09,41,0.77,10.98,9.11,10.69,2.17,31.02,0.11,0.81,6.67,1292,4.17,3,16.86,20,7.05,10.98,9.11,31.02,5.16,1160.43,800.96,359.46,-5.09,14.12,14.4,43
Mon Sep 26 06:55:14 GMT-03:00 2022,26-Sep-2022 06:55:15.421,-35.204526980746735,-5.796334428218873,1.9929817914962769,4.0,12.350489323795387,201.9320526123047,-0.04,7.13,6.93,0.01,21.57,0.01,0.07,0.16,-0.11,33.33,17.25,14.7,19.61,91,17.99,1014.24,14.65,613.4,1,311.79,226,0,84,0.81,54.51,60,1517.5,19.61,40.78,3.91,44.31,-3.12,4.69,6.25,-,0.7,4,12.35,201.93,-5.8,-35.2,24,1.83,1.09,41,0.77,10.98,9.11,10.69,2.17,31.02,0.31,0.79,11.37,1292,7.17,6,19.22,20,7.05,10.98,9.11,31.02,5.16,1161.4,801.94,359.46,-5.09,14.06,14.4,43
Mon Sep 26 06:55:15 GMT-03:00 2022,26-Sep-2022 06:55:16.420,-35.20453645429941,-5.796358697528069,2.6290218830108643,4.0,12.480107718698337,201.93995666503906,-0.14,7.47,7.44,0.07,25.49,0.03,0,0.21,-0.13,34.51,17.65,14.7,19.61,91,17.98,1014.26,14.65,613.4,1,311.48,226,0,84,5.44,74.12,67.06,1967.5,19.61,40.9,6.65,44.31,-3.12,-1.56,-3.12,-,0.71,4,12.48,201.94,-5.8,-35.2,24,4.83,7.3,41,0.9,10.97,9.11,18.19,2.55,30.99,0.63,0.81,15.69,1293,9.46,12,25.1,18.5,26.42,10.97,9.11,30.99,5.16,1162.41,802.95,359.46,-2.86,14.06,14.4,52
Mon Sep 26 06:55:16 GMT-03:00 2022,26-Sep-2022 06:55:17.421,-35.204545841317554,-5.796393269154076,3.3387179374694824,4.0,12.947035444407833,201.66482543945312,-0.55,6.96,7.12,0.01,25.49,-0.01,-0.01,0.15,-0.15,31.76,16.47,14.7,19.61,91,17.98,1014.19,14.65,613.4,1,311.17,226,0,84,5.44,80,63.53,2188,19.61,41.02,8.36,44.31,-3.12,-2.34,-0.78,-,0.71,4,12.95,201.66,-5.8,-35.2,25,6.54,7.3,41,1.44,10.96,9.12,22.88,4.05,30.96,0.12,0.79,15.69,1294,12.02,16,27.45,17,26.42,10.96,9.12,30.96,5.18,1163.39,803.93,359.46,-3.21,14.04,14.4,58
Mon Sep 26 06:55:17 GMT-03:00 2022,26-Sep-2022 06:55:18.421,-35.204561213027716,-5.79643373795358,5.015849590301514,4.0,13.345669273698196,201.13272094726562,0.08,6.74,7.33,0.01,27.06,0.06,0.01,0.21,-0.09,25.1,16.47,14.7,19.61,91,17.98,1014.16,14.65,630.6,1,302.63,226,0,84,6.9,78.04,63.53,2297.5,19.61,41.18,8.61,43.14,-3.12,-2.34,-1.56,-,0.71,4,13.35,201.13,-5.8,-35.2,27,0.94,9.25,41,1.86,10.95,9.13,23.55,5.25,30.94,0.17,0.77,17.25,1295,18.06,19,26.67,18,28.67,10.95,9.13,30.94,5.18,1164.43,804.97,359.46,-4.06,14.04,14.4,61
Mon Sep 26 06:55:18 GMT-03:00 2022,26-Sep-2022 06:55:19.420,-35.204579812897194,-5.796482236349334,6.049683570861816,4.0,13.294244317325154,200.5829620361328,-0.27,7.04,7.44,0.04,27.06,0.01,0.04,0.18,-0.14,25.1,12.94,14.7,19.61,91,17.98,1014.05,14.65,630.6,1,302.36,226,0,84,6.88,71.76,68.24,2408.5,19.61,41.33,8.38,43.14,-3.12,-4.69,-1.56,-,0.71,4,13.29,200.58,-5.8,-35.2,26,0.22,9.22,41,2.27,10.94,9.14,22.94,6.4,30.91,0.09,0.75,16.86,1296,21.78,22,25.1,18.5,27.26,10.94,9.14,30.91,5.18,1165.42,805.96,359.46,-4.83,14.02,14.4,63
Mon Sep 26 06:55:19 GMT-03:00 2022,26-Sep-2022 06:55:20.421,-35.20459743585616,-5.796534456264652,6.447147369384766,4.0,14.031400657947726,200.382080078125,-0.63,6.9,6.8,-0.01,26.67,-0.01,-0.02,0.14,-0.14,35.69,18.04,14.7,19.61,91,17.99,1014,14.65,630.6,1,299.35,226,0,84,4.45,84.31,69.41,2202.5,19.61,41.49,8.79,42.75,-3.12,-1.56,-3.12,-,0.72,4,14.03,200.38,-5.8,-35.2,25,0.79,5.96,39,2.5,10.93,9.15,24.05,7.07,30.89,0.78,0.75,16.86,1297,23.21,24,27.45,15.5,19.28,10.93,9.15,30.89,5.2,1166.34,806.88,359.46,-4.82,14.1,14.3,64
Mon Sep 26 06:55:20 GMT-03:00 2022,26-Sep-2022 06:55:21.416,-35.204618457844745,-5.796591615327474,7.074305057525635,4.0,14.083326805019642,200.43350219726562,0.93,7.5,6.85,0.04,25.88,-0.07,-0.06,0.07,-0.15,35.69,18.43,14.7,19.61,91,18,1013.91,14.65,654.6,1,299.11,226,0,84,6.65,78.82,68.24,2087,19.61,41.65,7.74,42.75,-3.12,-1.56,-3.12,-,0.72,4,14.08,200.43,-5.8,-35.2,26,1.53,8.92,39,3.1,10.92,9.15,21.19,8.75,30.86,0.78,0.75,16.47,1299,25.47,27,27.45,15.5,30.45,10.92,9.15,30.86,5.2,1167.4,807.94,359.46,-5.24,14.1,14.3,64
Mon Sep 26 06:55:21 GMT-03:00 2022,26-Sep-2022 06:55:22.417,-35.20464093645595,-5.796653849731334,7.5669050216674805,4.0,15.005320001802659,200.5596160888672,-0.57,5.74,6.39,-0.13,25.88,-0.24,0.07,0.03,-0.35,37.25,19.22,14.7,19.61,91,18.01,1013.82,14.65,665.9,1,298.88,226,0,84,6.07,79.61,67.45,2142.5,19.61,41.79,8.1,42.75,-3.12,0.78,0,-,0.72,4,15.01,200.56,-5.8,-35.2,23,1.76,8.13,39,3.33,10.92,9.16,22.16,9.42,30.84,0.12,0.74,16.08,1300,27.24,29,25.88,17,27.03,10.92,9.16,30.84,5.2,1168.39,808.92,359.46,-4.27,14.12,14.4,65
Mon Sep 26 06:55:22 GMT-03:00 2022,26-Sep-2022 06:55:23.416,-35.20466641809046,-5.796721135253922,8.09050464630127,6.0,14.969985091313598,200.99954223632812,-0.84,6.74,7.59,0.04,25.88,-0.11,0.02,0.07,-0.2,35.69,18.43,14.7,19.61,91,18.01,1013.7,14.65,665.9,1,298.88,226,0,84,6.07,79.61,67.84,2142.5,19.61,41.79,8.1,42.75,-3.12,0.78,2.34,-,0.72,6,14.97,201,-5.8,-35.2,24,1.76,8.13,39,3.33,10.92,9.16,22.16,9.42,30.84,0.41,0.73,16.08,1301,29.13,29,26.27,17,27.03,10.92,9.16,30.84,5.2,1169.4,809.93,359.46,-4.27,14.08,14.3,65
Mon Sep 26 06:55:23 GMT-03:00 2022,26-Sep-2022 06:55:24.417,-35.204690818602444,-5.796791329807973,8.530976295471191,6.0,15.869483110436743,200.4731903076172,0.48,6.94,6.48,-0.03,26.27,0,0.06,0.14,-0.11,34.9,18.04,14.7,19.61,91,18.02,1013.62,14.65,684.6,1,298.44,226,0,84,5.47,79.22,66.27,2326.5,19.61,42.09,8.62,42.75,-3.12,-2.34,0.78,-,0.73,6,15.87,200.47,-5.8,-35.2,24,1.87,7.34,38,3.6,10.9,9.17,23.58,10.16,30.79,0.12,0.73,16.08,1302,30.71,31,26.67,17,23.16,10.9,9.17,30.79,5.24,1170.42,810.95,359.46,-4.47,14.14,14.4,67
Mon Sep 26 06:55:24 GMT-03:00 2022,26-Sep-2022 06:55:25.418,-35.20472003358267,-5.79686809219122,9.03255844116211,4.0,16.008677844614333,200.57948303222656,0.6,6.83,7.74,0.05,24.31,-0.01,0,0.13,-0.12,31.37,16.08,14.7,19.61,91,18.04,1013.5,14.65,684.6,1,298.44,226,0,85,5.47,77.65,60,2326.5,19.61,42.09,8.62,42.35,-3.12,1.56,-0.78,-,0.73,4,16.01,200.58,-5.8,-35.2,23,1.29,7.34,38,3.6,10.9,9.17,23.58,10.16,30.79,0.79,0.73,14.51,1303,32.52,32,25.49,18.5,23.16,10.9,9.17,30.79,5.24,1171.42,811.96,359.46,-4.47,14.12,14.4,67
Mon Sep 26 06:55:25 GMT-03:00 2022,26-Sep-2022 06:55:26.417,-35.204747916763885,-5.7969479936154515,9.494081497192383,4.0,16.906114191099046,200.7267608642578,0.21,6.01,7.59,-0.02,23.14,0.01,0.03,0.14,-0.08,31.76,16.47,14.7,19.61,91,18.06,1013.42,14.65,698.6,1,295.49,226,0,85,5.45,65.1,60,2378,19.61,42.21,7.21,42.35,-3.12,0.78,2.34,-,0.73,4,16.91,200.73,-5.8,-35.2,28,1.48,7.3,37,4.44,10.89,9.18,19.74,12.53,30.77,0.18,0.72,13.33,1303,34.18,34,22.75,21,21.87,10.89,9.18,30.77,5.26,1172.31,812.84,359.46,-6.38,14.04,14.3,65
Mon Sep 26 06:55:26 GMT-03:00 2022,26-Sep-2022 06:55:27.417,-35.20477778722367,-5.797030618337918,9.836281776428223,4.0,16.934880189353848,200.8426513671875,-0.2,6.71,6.89,-0.02,25.1,0,-0.01,0.13,-0.1,32.55,16.86,14.7,19.61,91,18.07,1013.34,14.65,698.6,1,295.13,226,0,85,3.51,75.69,64.71,2082.5,19.61,42.44,7.42,42.35,-3.12,3.12,1.56,-,0.73,4,16.93,200.84,-5.8,-35.2,26,0.82,4.7,37,4.72,10.88,9.19,20.3,13.33,30.74,0.74,0.72,15.29,1305,35.41,35,25.1,18.5,16.08,10.88,9.19,30.74,5.26,1173.42,813.96,359.46,-5.18,14.12,14.4,62
Mon Sep 26 06:55:27 GMT-03:00 2022,26-Sep-2022 06:55:28.417,-35.20481117284955,-5.7971173133438985,10.235316276550293,4.0,17.751159889241087,200.7559051513672,-0.76,6.13,7.55,-0.01,20,0,-0.03,0.09,-0.06,14.9,7.45,14.7,19.61,91,18.09,1013.25,14.65,698.6,1,295.13,226,0,85,3.51,73.73,40,2148,19.61,42.44,7.42,42.35,-3.12,0,-1.56,-,0.73,4,17.75,200.76,-5.8,-35.2,24,1.59,4.7,37,4.72,10.88,9.19,20.3,13.33,30.74,0.68,0.71,10.2,1306,36.85,37,23.53,19.5,16.08,10.88,9.19,30.74,5.28,1174.42,814.96,359.46,-5.18,14.14,14.4,62
Mon Sep 26 06:55:28 GMT-03:00 2022,26-Sep-2022 06:55:29.416,-35.20484566099229,-5.797208529303573,10.512700080871582,4.0,18.554443319553467,200.5475616455078,0.15,6.14,7.42,-0.02,21.96,-0.04,0,0.09,-0.13,28.63,14.9,14.7,19.61,91,18.11,1013.19,14.65,708.6,1,294.95,226,0,85,3.98,63.92,56.86,1880.5,19.61,42.54,5.49,42.35,-3.12,-2.34,0.78,-,0.73,4,18.55,200.55,-5.8,-35.2,26,0.15,5.34,37,6.74,10.88,9.19,15.02,19.04,30.73,0.13,0.7,12.94,1306,37.85,37,22.75,20,20.21,10.88,9.19,30.73,5.28,1175.43,815.96,359.46,-7.86,14.12,14.3,58
Mon Sep 26 06:55:29 GMT-03:00 2022,26-Sep-2022 06:55:30.417,-35.204878681041,-5.79730010166382,10.765868186950684,4.0,19.106086840612836,200.71054077148438,-0.32,5.2,8.31,-0,15.29,0,0.02,0.02,-0.01,14.9,7.45,14.7,19.61,91,18.14,1013.15,14.65,708.6,1,294.83,226,0,85,3.98,60.78,24.31,1931.5,19.61,42.63,5.85,42.35,-3.12,-5.47,-3.12,-,0.74,4,19.11,200.71,-5.8,-35.2,25,1.15,5.34,37,6.32,10.87,9.2,16.02,17.85,30.71,0.09,0.71,7.06,1307,38.76,39,18.82,21.5,20.21,10.87,9.2,30.71,5.3,1176.39,816.93,359.46,-6.37,14.12,14.4,58
Mon Sep 26 06:55:30 GMT-03:00 2022,26-Sep-2022 06:55:31.417,-35.204913750393736,-5.7973948813239815,11.119844436645508,4.0,19.730879667353538,201.11985778808594,-0.52,5.15,8.68,0.03,13.33,-0.06,0,-0.02,-0.06,14.9,7.45,14.7,19.61,91,18.16,1013.15,14.65,709.7,1,294.7,226,0,86,3.98,20,24.31,1755.5,19.61,42.66,1.73,42.35,-5.47,-1.56,-1.56,-,0.74,4,19.73,201.12,-5.8,-35.2,25,1.03,5.33,38,22.51,10.88,9.19,4.74,63.6,30.75,0.1,0.7,3.53,1308,40.03,39,13.73,2,21.64,10.88,9.19,30.75,5.3,1177.43,817.96,359.46,-12.27,14.08,14.4,47
Mon Sep 26 06:55:31 GMT-03:00 2022,26-Sep-2022 06:55:32.417,-35.20494744236679,-5.797486355868869,10.745697975158691,4.0,19.956759326068475,200.79408264160156,-0.36,4.82,8.44,-0.01,13.33,-0.02,-0.02,-0.01,-0.03,14.9,7.45,29.4,19.61,91,18.18,1013.14,14.65,709.7,2,295.03,226,0,86,3.98,18.43,14.9,1631,19.61,42.69,1.46,42.35,-5.47,0,0,-,0.74,4,19.96,200.79,-5.8,-35.2,21,1.68,5.33,38,26.74,10.9,9.17,3.99,75.55,30.79,0.01,0.7,3.53,1309,38.68,37,13.73,-7,21.64,10.9,9.17,30.79,5.32,1178.42,818.96,359.46,-12.43,14.06,14.3,39
Mon Sep 26 06:55:32 GMT-03:00 2022,26-Sep-2022 06:55:33.416,-35.20497992028662,-5.797573694971759,10.240589141845703,4.0,20.042798711545483,201.1521759033203,0.06,5.22,7.17,-0.1,13.33,0.01,0.06,0.01,0,14.9,7.45,29.4,19.61,91,18.2,1013.14,14.65,709.7,2,298.22,226,0,86,3.98,24.71,16.08,1200,19.61,42.71,1.31,42.75,-3.91,0,0,-,0.74,4,20.04,201.15,-5.8,-35.2,25,1.87,5.33,38,28.28,10.92,9.16,3.58,79.88,30.85,0.03,0.03,3.53,1311,36.87,35,16.08,13.5,21.64,10.92,9.16,30.85,5.32,1179.37,819.9,359.46,-12.51,14.1,14.4,33
Mon Sep 26 06:55:33 GMT-03:00 2022,26-Sep-2022 06:55:34.416,-35.20501009847462,-5.797657183940778,9.741369247436523,4.0,20.341458377870783,200.29281616210938,-0.14,6.02,7.43,-0.03,20.39,0,0,0.07,-0.05,29.02,14.9,14.2,19.61,91,18.21,1013.12,14.65,708.6,0.97,298.73,226,0,86,-,66.67,47.84,1958,19.61,42.84,6.2,42.75,-3.91,0,0,-,0.74,4,20.34,200.29,-5.8,-35.21,21,0.07,-,38,5.64,10.91,9.16,16.97,15.94,30.83,0.03,0.03,7.06,1312,35.07,35,16.08,20,-,10.91,9.16,30.83,5.34,1180.37,820.9,359.46,-0.87,14.1,14.4,48
Mon Sep 26 06:55:34 GMT-03:00 2022,26-Sep-2022 06:55:35.416,-35.205040432174044,-5.797740070528094,9.90263557434082,4.0,20.40495516796092,200.8623809814453,0.1,5.97,7.58,-0.02,22.75,-0.01,0.02,0.06,-0.07,28.24,14.51,13.74,19.61,91,18.23,1013.11,14.65,708.6,0.93,298.57,226,0,86,7.7,67.45,56.08,1884,19.61,42.95,6.26,42.75,-3.12,0,0,-,0.74,4,20.4,200.86,-5.8,-35.21,20,1.35,10.33,38,5.59,10.91,9.17,17.13,15.79,30.81,0.86,0.14,12.94,1313,35.65,37,23.14,19.5,39.03,10.91,9.17,30.81,5.34,1181.37,821.9,359.46,-6.12,14.08,14.4,50
Mon Sep 26 06:55:35 GMT-03:00 2022,26-Sep-2022 06:55:36.418,-35.20507364077404,-5.797827913553228,10.347525596618652,4.0,20.34450464482697,200.13031005859375,-0.24,5.67,7.63,-0.03,19.22,0.03,0.04,0.07,0,23.14,11.76,14.7,19.61,91,18.23,1013.07,14.65,699.6,1,298.42,226,0,86,7.7,67.45,51.76,1884,19.61,43.02,3.83,42.75,-3.12,0,-0.78,-,0.74,4,20.34,200.13,-5.8,-35.21,23,1.35,10.33,38,9.65,10.91,9.17,10.49,27.26,30.81,0.76,0.86,10.59,1314,37.25,37,21.96,19.5,39.03,10.91,9.17,30.81,5.36,1182.41,822.94,359.46,-9.22,14.06,14.3,47
Mon Sep 26 06:55:36 GMT-03:00 2022,26-Sep-2022 06:55:37.417,-35.20510781723349,-5.797920965872473,10.80762767791748,4.0,20.532704168396016,200.3103485107422,-0.01,5.92,7.96,0.01,15.69,0.02,0.05,0.07,-0.03,23.92,12.55,14.7,19.61,91,18.26,1013.09,14.65,699.6,1,298.42,226,0,86,6.99,53.73,46.27,1522,19.61,43.02,3.83,42.75,-3.91,-0.78,0.78,-,0.74,4,20.53,200.31,-5.8,-35.21,23,1.75,9.38,38,9.65,10.91,9.17,10.49,27.26,30.81,0.1,0.8,5.49,1315,38.91,39,16.86,20,43.87,10.91,9.17,30.81,5.36,1183.39,823.92,359.46,-9.22,14.16,14.4,47
Mon Sep 26 06:55:37 GMT-03:00 2022,26-Sep-2022 06:55:38.417,-35.20514595499819,-5.798018594856328,11.055765151977539,4.0,20.711925445096973,200.85121154785156,-0.42,5.83,8.02,0.01,19.61,0.03,0.06,0.1,-0.03,29.41,14.9,14.7,19.61,91,18.28,1013.06,14.65,695.8,1,298.38,226,0,86,6.99,62.75,53.33,1461,19.61,43.09,4.2,42.75,-3.12,-0.78,-1.56,-,0.74,4,20.71,200.85,-5.8,-35.21,25,0.09,9.38,38,9.29,10.91,9.17,11.49,26.24,30.81,0.81,0.78,9.41,1315,39.8,39,19.22,18,43.87,10.91,9.17,30.81,5.38,1184.4,824.94,359.46,-7.29,14.1,14.4,47
Mon Sep 26 06:55:38 GMT-03:00 2022,26-Sep-2022 06:55:39.417,-35.20518446405409,-5.798116044241809,11.258916854858398,4.0,20.853283722006157,200.8314666748047,-0.47,5.94,7.95,0.01,20,-0.04,0,0.06,-0.1,28.63,14.9,14.7,19.61,91,18.3,1013.05,14.65,695.8,1,298.34,226,0,86,8.63,66.67,53.33,1569.5,19.61,43.18,4.95,42.75,-3.12,0.78,2.34,-,0.74,4,20.85,200.83,-5.8,-35.21,27,1.2,11.58,38,7.88,10.9,9.17,13.55,22.25,30.8,0.19,0.81,10.2,1316,40.53,41,20.78,19.5,52.53,10.9,9.17,30.8,5.38,1185.31,825.85,359.46,-5.61,14.16,14.4,51
Mon Sep 26 06:55:39 GMT-03:00 2022,26-Sep-2022 06:55:40.417,-35.205222676244205,-5.798215293444851,11.67539119720459,4.0,21.002752132568045,200.78565979003906,-0.82,5.78,8.03,0.01,15.69,0.01,0,0.06,-0.02,28.63,14.51,14.7,19.61,91,18.33,1013.04,14.65,692.6,1,298.25,226,0,86,7.84,60.39,54.51,1573.5,19.61,43.26,4.18,42.75,-3.91,1.56,0,-,0.75,4,21,200.79,-5.8,-35.21,26,0.97,10.51,38,9.81,10.9,9.17,11.44,27.7,30.79,0.75,0.78,6.67,1317,42.03,43,18.04,19.5,47.58,10.9,9.17,30.79,5.41,1186.4,826.94,359.46,-7.55,13.98,14.3,50
Mon Sep 26 06:55:40 GMT-03:00 2022,26-Sep-2022 06:55:41.417,-35.205260552413726,-5.798315513037913,11.906183242797852,4.0,21.067271098054498,200.73129272460938,-1.07,4.31,7.64,-0.1,15.69,0.02,0.02,0.01,0.01,18.82,9.8,14.7,19.61,91,18.35,1013.02,14.65,692.6,1,298.22,226,0,86,7.84,36.08,36.86,1385,19.61,43.3,2.33,42.75,-4.69,1.56,2.34,-,0.75,4,21.07,200.73,-5.8,-35.21,26,0.14,10.51,38,18.44,10.91,9.17,6.38,52.09,30.82,0.13,0.77,3.14,1318,42.86,43,14.51,-1.5,47.58,10.91,9.17,30.82,5.41,1187.4,827.93,359.46,-10.7,14.2,14.4,44
Mon Sep 26 06:55:41 GMT-03:00 2022,26-Sep-2022 06:55:42.416,-35.205297858979776,-5.798413520033014,11.774541854858398,4.0,21.339506242367158,200.77276611328125,-0.19,4.74,8.61,-0,12.94,0,0.03,-0.03,0.02,14.9,7.45,14.7,19.61,91,18.38,1013.05,14.65,691.4,1,301.17,226,0,87,7.84,18.82,16.86,1329.5,19.61,43.32,1.18,43.14,-6.25,-0.78,-1.56,-,0.75,4,21.34,200.77,-5.8,-35.21,25,0.39,10.51,38,36.54,10.91,9.17,3.22,103.22,30.82,0.8,0.76,3.14,1320,42.39,42,13.33,-7.5,47.58,10.91,9.17,30.82,5.43,1188.43,828.96,359.46,-12.38,14.12,14.4,37
Mon Sep 26 06:55:42 GMT-03:00 2022,26-Sep-2022 06:55:43.416,-35.205332589328556,-5.798506612451433,11.057672500610352,4.0,21.454258850994282,200.6997528076172,0.04,5.23,8.28,-0,12.94,0.06,0.04,0,0.07,14.9,7.45,14.7,19.61,91,18.4,1013.09,14.65,691.4,1,301.2,226,0,87,-,19.61,15.69,1322.5,19.61,43.34,1.25,43.14,-6.25,0,0,-,0.75,4,21.45,200.7,-5.8,-35.21,21,0.81,-,38,33.7,10.93,9.15,3.41,95.2,30.89,0.01,0.75,3.14,1321,39.81,39,13.33,-10.5,-,10.93,9.15,30.89,5.43,1189.41,829.94,359.46,-12.15,14.14,14.4,32
Mon Sep 26 06:55:43 GMT-03:00 2022,26-Sep-2022 06:55:44.417,-35.20536595120028,-5.798595350281699,10.444611549377441,4.0,21.47953499119754,200.54811096191406,-0.24,6.07,7.79,0,12.94,0,0,0.05,-0.04,14.9,7.84,29.4,19.61,91,18.42,1013.05,14.65,691.4,2,304.61,226,0,87,-,52.94,16.86,1334,19.61,43.42,4.2,43.53,-6.25,0,0,-,0.75,4,21.48,200.55,-5.8,-35.21,21,0.6,-,38,9.29,10.93,9.15,11.49,26.24,30.88,0.89,0.75,3.14,1322,37.6,37,17.65,14,-,10.93,9.15,30.88,5.45,1190.43,830.96,359.46,-6.18,14.1,14.4,38
Mon Sep 26 06:55:44 GMT-03:00 2022,26-Sep-2022 06:55:45.420,-35.20539945662975,-5.798688288506215,10.545279502868652,4.0,21.411440756240545,200.5178985595703,-0.59,5.72,7.43,-0.04,18.43,-0.05,0.02,0,-0.06,25.49,13.33,13.67,19.61,91,18.44,1013.07,14.65,688.7,0.93,304.56,226,0,87,6.43,52.94,49.8,1510.5,19.61,43.5,4.1,43.53,-3.91,0,0,-,0.75,4,21.41,200.52,-5.8,-35.21,25,1.04,8.62,38,9.02,10.93,9.15,11.22,25.49,30.88,0.89,0.08,8.63,1323,37.96,39,17.65,14,40.63,10.93,9.15,30.88,5.45,1191.43,831.96,359.46,-6.45,14.1,14.3,42
Mon Sep 26 06:55:45 GMT-03:00 2022,26-Sep-2022 06:55:46.419,-35.20543549061237,-5.798782932719624,10.87198257446289,4.0,21.836582662638765,200.35726928710938,-0.24,5.72,7.63,-0.03,18.43,-0.03,-0.02,0.05,-0.08,25.1,12.94,14.7,19.61,91,18.44,1013.06,14.65,684.7,1,304.5,226,0,87,6.43,58.04,47.06,1508,19.61,43.57,4.06,43.53,-3.12,0,0,-,0.75,4,21.84,200.36,-5.8,-35.21,25,1.04,8.62,38,9.61,10.93,9.15,11.11,27.13,30.87,0.8,0.87,8.63,1324,39.14,39,18.82,19.5,40.63,10.93,9.15,30.87,5.47,1192.43,832.96,359.46,-7.48,14.08,14.3,44
Mon Sep 26 06:55:46 GMT-03:00 2022,26-Sep-2022 06:55:47.417,-35.205472075194585,-5.798881543312455,11.171929359436035,4.0,21.882634983540928,200.37168884277344,-0.04,5.9,8.09,0.02,17.65,-0.01,0.02,0.03,-0.04,24.71,12.94,14.7,19.61,91,18.46,1013.03,14.65,684.7,1,304.5,226,0,87,4.15,57.25,46.27,1508,19.61,43.57,4.06,43.53,-3.91,-3.12,-1.56,-,0.75,4,21.88,200.37,-5.8,-35.21,24,0.86,5.57,38,9.61,10.93,9.15,11.11,27.13,30.87,0.1,0.81,7.84,1324,40.22,40,18.43,19.5,26.28,10.93,9.15,30.87,5.47,1193.41,833.94,359.46,-7.48,14.08,14.4,44
Mon Sep 26 06:55:47 GMT-03:00 2022,26-Sep-2022 06:55:48.416,-35.20550833034374,-5.798980534740509,11.428919792175293,4.0,22.018636811866944,200.7082977294922,-0.04,5.95,8.19,0.03,18.43,0.02,0.03,0.07,-0.01,25.1,12.94,14.7,19.61,91,18.49,1013.03,14.65,679.8,1,304.46,226,0,87,3.69,58.43,48.63,1462,19.61,43.65,4.06,43.53,-3.91,-3.91,-1.56,-,0.75,4,22.02,200.71,-5.8,-35.21,24,0.78,4.95,38,9.85,10.93,9.15,11.11,27.83,30.87,0.1,0.79,8.63,1325,41.14,41,18.82,18.5,24.11,10.93,9.15,30.87,5.5,1194.4,834.93,359.46,-7.47,14.08,14.4,45
Mon Sep 26 06:55:48 GMT-03:00 2022,26-Sep-2022 06:55:49.416,-35.2055455312709,-5.799078777276208,11.62597942352295,4.0,22.063294304967712,200.63433837890625,-0.09,5.65,7.31,-0.06,20.78,-0.07,-0.04,0.04,-0.12,24.71,12.94,14.7,19.61,91,18.51,1013,14.65,679.8,1,304.43,226,0,87,3.7,68.63,48.63,1493.5,19.61,43.73,4.77,43.53,-3.12,0.78,-0.78,-,0.75,4,22.06,200.63,-5.8,-35.21,25,0.15,4.96,38,8.6,10.93,9.15,13.05,24.28,30.86,0.63,0.76,10.98,1326,41.85,42,20.78,15,23.64,10.93,9.15,30.86,5.5,1195.43,835.96,359.46,-5.95,14.08,14.3,48
Mon Sep 26 06:55:49 GMT-03:00 2022,26-Sep-2022 06:55:50.416,-35.205585373258415,-5.799182552982212,12.102827072143555,4.0,22.480366005573384,200.6207733154297,-0.48,5.77,7.28,-0.05,20.78,-0.06,-0.06,-0.01,-0.07,24.71,12.55,14.7,19.61,91,18.54,1012.99,14.65,677.4,1,304.37,226,0,86,4.57,61.96,56.47,1544.5,19.61,43.82,4.43,43.53,-3.91,-1.56,0,-,0.76,4,22.48,200.62,-5.8,-35.21,25,0.57,6.13,37,9.47,10.92,9.15,12.13,26.76,30.86,0.09,0.75,10.98,1327,43.57,43,17.65,3.5,28.24,10.92,9.15,30.86,5.52,1196.41,836.95,359.46,-6.73,14.06,14.3,49
Mon Sep 26 06:55:50 GMT-03:00 2022,26-Sep-2022 06:55:51.416,-35.20562469751408,-5.799286348237236,12.129073143005371,4.0,22.41131247048555,200.5882110595703,0.12,5.27,8.59,0.03,14.12,-0.03,0,0,-0.03,14.9,7.45,14.7,19.61,91,18.56,1013.01,14.65,677.4,1,307.07,226,0,87,4.57,21.18,23.92,1353,19.61,43.84,1.25,43.92,-3.91,2.34,0,-,0.76,4,22.41,200.59,-5.8,-35.21,21,0.66,6.13,38,34.5,10.95,9.13,3.41,97.47,30.93,0.09,0.75,5.1,1329,43.66,43,17.65,-3,28.24,10.95,9.13,30.93,5.52,1197.38,837.91,359.46,-12.5,14.06,14.3,41
Mon Sep 26 06:55:51 GMT-03:00 2022,26-Sep-2022 06:55:52.417,-35.20566311973127,-5.799388488114206,11.912927627563477,4.0,22.34267317298805,200.6070098876953,-0.32,5.11,8.1,-0.03,12.94,0.02,0.02,0,0.01,14.9,7.45,14.7,19.61,91,18.59,1013.02,14.65,677,1,307.75,226,0,87,4.57,19.22,15.29,1324.5,19.61,43.86,1.17,43.92,-6.25,2.34,1.56,-,0.76,4,22.34,200.61,-5.8,-35.21,25,0.89,6.13,38,36.88,10.95,9.13,3.19,104.19,30.93,0.85,0.75,3.14,1330,42.89,42,13.33,-3,28.24,10.95,9.13,30.93,5.55,1198.36,838.89,359.46,-12.35,14.12,14.3,34
Mon Sep 26 06:55:52 GMT-03:00 2022,26-Sep-2022 06:55:53.417,-35.20570008755403,-5.799486453596735,11.543414115905762,4.0,22.433515845708342,200.4039306640625,-0.39,5.46,7.76,-0.03,12.94,-0.01,0.02,0.02,-0.04,14.9,7.45,29.4,19.61,91,18.59,1013.02,14.65,677,2,307.79,226,0,87,4.57,19.22,15.69,1324.5,19.61,43.89,1.23,43.92,-6.25,0,0,-,0.76,4,22.43,200.4,-5.8,-35.21,17,0.89,6.13,38,34.2,10.97,9.11,3.36,96.62,31,0.01,0.75,3.14,1331,41.56,42,13.33,-10.5,28.24,10.97,9.11,31,5.55,1199.4,839.94,359.46,-12.18,14.12,14.3,30
Mon Sep 26 06:55:53 GMT-03:00 2022,26-Sep-2022 06:55:54.417,-35.20573442971485,-5.799581717501099,11.267590522766113,4.0,22.70912520267654,200.22964477539062,-0.36,5.89,7.73,-0.01,19.61,0.06,-0.02,0.08,0.01,27.06,13.73,14.55,19.61,91,18.61,1013.04,14.65,675.6,0.99,307.79,226,0,87,-,21.57,50.98,1390,19.61,43.89,1.23,43.92,-4.69,0,0,-,0.76,4,22.71,200.23,-5.8,-35.21,23,1.56,-,38,34.2,10.97,9.11,3.36,96.62,31,0.04,0.04,9.8,1331,40.56,40,15.69,25.5,-,10.97,9.11,31,5.57,1200.27,840.8,359.46,-12.18,14.1,14.3,30
Mon Sep 26 06:55:54 GMT-03:00 2022,26-Sep-2022 06:55:55.416,-35.205771254311614,-5.799680466857831,11.550727844238281,4.0,22.396564792951935,200.33558654785156,-0.54,6.06,8.05,0.03,19.61,0.01,-0.02,0.06,-0.03,27.06,13.73,13.66,19.61,91,18.63,1013,14.65,672.3,0.93,308.46,226,0,87,3.49,64.71,50.98,1446,19.61,43.98,4.4,43.92,-3.12,0,0,-,0.76,4,22.4,200.34,-5.8,-35.21,24,0.58,4.68,38,9.08,10.97,9.11,12.05,25.66,30.99,0.86,0.14,9.8,1332,41.58,41,19.61,15.5,23.07,10.97,9.11,30.99,5.57,1201.42,841.96,359.46,-6.2,14.12,14.4,37
Mon Sep 26 06:55:55 GMT-03:00 2022,26-Sep-2022 06:55:56.417,-35.205808096038155,-5.799780107848112,11.798327445983887,4.0,22.285048508828066,200.30877685546875,-0.35,5.68,7.89,-0.01,17.25,0,0,0.01,0,21.18,10.98,13.66,19.61,91,18.66,1012.96,14.65,672.3,0.93,311.16,226,0,87,3.28,39.61,41.96,1398.5,19.61,44.03,2.68,44.31,-3.12,-1.56,0,-,0.76,4,22.29,200.31,-5.8,-35.21,27,0.47,4.39,38,15.3,10.98,9.11,7.33,43.23,31.01,0.86,0.14,7.45,1334,42.47,42,19.61,0,22.37,10.98,9.11,31.01,5.59,1202.35,842.89,359.46,-9.71,14.12,14.4,36
Mon Sep 26 06:55:56 GMT-03:00 2022,26-Sep-2022 06:55:57.416,-35.20584530898566,-5.799877699896817,11.634957313537598,6.0,22.66454995881719,200.24855041503906,-0.08,5.01,8.59,0.01,13.33,0,-0.01,-0.04,0.02,14.9,7.45,14.7,19.61,91,18.68,1012.94,14.65,669.2,1,311.29,226,0,86,3.28,20.78,20,1346,19.61,44.06,1.15,44.31,-4.69,-0.78,-1.56,-,0.76,6,22.66,200.25,-5.8,-35.21,25,1.89,4.39,38,36.37,10.98,9.11,3.16,102.73,31.01,0.28,0.85,3.53,1335,41.89,40,15.29,0,22.37,10.98,9.11,31.01,5.59,1203.42,843.95,359.46,-12.45,14.08,14.3,30
Mon Sep 26 06:55:57 GMT-03:00 2022,26-Sep-2022 06:55:58.416,-35.2058787948479,-5.799972480975745,10.934222221374512,6.0,22.53300290260889,200.225341796875,-0.1,3.91,8.27,-0.07,12.94,0.06,0.02,-0.11,0.13,14.9,7.45,14.7,19.61,91,18.68,1012.9,14.65,669.2,1,311.32,226,0,86,3.28,20.78,15.69,1346,19.61,44.08,1.14,44.31,-6.25,-0.78,-1.56,-,0.76,6,22.53,200.23,-5.8,-35.21,22,1.89,4.39,38,35.19,11,9.09,3.11,99.41,31.08,0.83,0.81,3.14,1336,39.36,40,13.33,-6,22.37,11,9.09,31.08,5.59,1204.43,844.96,359.46,-12.4,14.08,14.3,27
Mon Sep 26 06:55:58 GMT-03:00 2022,26-Sep-2022 06:55:59.419,-35.20590892427343,-5.800052321888509,9.307490348815918,6.0,22.283182550382328,200.18182373046875,0.03,5.12,8.25,-0.01,12.94,0.01,0.01,-0.02,0.02,14.9,7.45,29.4,19.61,91,18.69,1012.93,14.65,667.1,2,311.32,226,0,86,3.28,18.82,15.29,1275.5,19.61,44.08,1.14,44.31,-6.25,0,0,-,0.76,6,22.28,200.18,-5.8,-35.21,22,5.36,4.39,38,35.19,11,9.09,3.11,99.41,31.08,0.01,0.8,3.14,1337,33.51,34,13.33,-11.5,22.37,11,9.09,31.08,5.62,1205.38,845.91,359.46,-12.4,14.12,14.3,27
Mon Sep 26 06:55:59 GMT-03:00 2022,26-Sep-2022 06:56:00.420,-35.205937003039494,-5.80012614669962,8.308131217956543,6.0,22.239955469277096,200.0780029296875,-0.12,5.86,7.55,-0.03,12.94,0,0.01,0.05,-0.04,14.9,7.45,24.73,19.61,91,18.7,1012.88,14.65,665.5,1.68,314.79,226,0,86,-,21.18,15.29,1285.5,19.61,44.1,1.23,44.71,-3.91,0,0,-,0.76,6,22.24,200.08,-5.8,-35.21,19,4.51,-,38,27.69,11.02,9.07,3.36,78.21,31.13,0,0,5.49,1337,29.91,29,13.33,-11.5,-,11.02,9.07,31.13,5.62,1206.42,846.96,359.46,-12.08,14.08,14.4,24
Mon Sep 26 06:56:00 GMT-03:00 2022,26-Sep-2022 06:56:01.420,-35.20596584242744,-5.800199140841187,7.994413375854492,6.0,22.33432272702462,200.29251098632812,-0.17,6.04,7.8,0,18.43,0,0.02,0.07,-0.05,18.43,9.8,13.58,19.61,91,18.71,1012.88,14.65,665.5,0.92,318.05,226,0,86,-,46.27,34.51,1281,19.61,44.15,2.55,45.1,-3.91,0,0,-,0.76,6,22.33,200.29,-5.8,-35.21,22,0.78,-,38,11.35,11.02,9.07,6.99,32.07,31.13,0.88,0.09,8.63,1339,28.78,28,17.25,17,-,11.02,9.07,31.13,5.62,1207.41,847.95,359.46,-9.35,14.14,14.4,27
Mon Sep 26 06:56:01 GMT-03:00 2022,26-Sep-2022 06:56:02.417,-35.2059936943459,-5.800268193576205,8.026518821716309,6.0,22.664939535728795,200.5852813720703,-0.54,5.97,7.74,-0,18.43,0.01,-0.04,0.07,-0.03,25.88,13.33,13.58,19.61,91,18.72,1012.82,14.65,665.5,0.92,318.06,226,0,86,2.83,61.57,47.84,1474,19.61,44.23,4.28,45.1,-3.12,0,0,-,0.76,6,22.66,200.59,-5.8,-35.21,23,0.1,3.79,38,6.54,11.01,9.08,11.72,18.47,31.12,0.85,0.22,8.63,1340,28.9,29,19.61,16.5,18.32,11.01,9.08,31.12,5.65,1208.39,848.92,359.46,-5.73,14.1,14.4,35
Mon Sep 26 06:56:02 GMT-03:00 2022,26-Sep-2022 06:56:03.417,-35.20601881858234,-5.80033615436816,8.303367614746094,6.0,22.71723189117215,200.53814697265625,-0.23,5.77,7.89,-0.01,16.86,-0.07,-0.02,0.02,-0.11,17.25,13.33,14.7,19.61,91,18.74,1012.79,14.65,658.4,1,317.93,226,0,86,2.83,63.14,50.98,1572.5,19.61,44.3,4.75,45.1,-3.12,-1.56,0,-,0.76,6,22.72,200.54,-5.8,-35.21,25,0.11,3.79,38,6.11,11.01,9.08,12.99,17.26,31.1,0.37,0.83,8.24,1341,29.89,30,19.61,17,18.32,11.01,9.08,31.1,5.65,1209.42,849.95,359.46,-6.06,14.12,14.3,41
Mon Sep 26 06:56:03 GMT-03:00 2022,26-Sep-2022 06:56:04.418,-35.20604696041752,-5.800410521223803,8.536356925964355,6.0,22.774669337983596,200.2497100830078,-0.22,5.22,7.77,-0.05,16.86,-0.06,-0.02,0,-0.08,17.25,9.02,14.7,19.61,91,18.75,1012.78,14.65,658.4,1,317.78,226,0,86,1.64,29.41,42.75,1326.5,19.61,44.33,1.72,45.1,-6.25,0.78,1.56,-,0.76,6,22.77,200.25,-5.8,-35.21,24,0.73,2.19,38,17.39,11.02,9.08,4.72,49.13,31.12,0.1,0.79,8.24,1342,30.73,30,13.33,2,11.78,11.02,9.08,31.12,5.65,1210.36,850.89,359.46,-11.72,14.08,14.4,36
Mon Sep 26 06:56:04 GMT-03:00 2022,26-Sep-2022 06:56:05.417,-35.20607355641144,-5.800485319230765,8.359977722167969,6.0,23.151293674341577,199.94912719726562,-0.29,6.06,8.09,0.03,18.82,-0.03,0.02,0.01,-0.04,23.53,12.16,14.7,19.61,91,18.76,1012.73,14.65,654,1,317.97,226,0,86,1.64,55.69,44.71,1631,19.61,44.39,4.09,45.1,-3.12,-3.12,0,-,0.77,6,23.15,199.95,-5.8,-35.21,24,1.1,2.19,38,7.34,11.01,9.08,11.19,20.72,31.11,0.08,0.84,9.02,1343,30.1,29,19.61,18,11.78,11.01,9.08,31.11,5.68,1211.33,851.86,359.46,-6.43,14.06,14.3,41
Mon Sep 26 06:56:05 GMT-03:00 2022,26-Sep-2022 06:56:06.417,-35.2060986751553,-5.8005585020818335,8.224947929382324,6.0,23.587400144624546,199.86370849609375,-0.24,6.07,8.06,0.03,18.82,0.02,0.03,0.07,-0.03,24.71,12.55,14.7,19.61,91,18.77,1012.7,14.65,651.7,1,317.86,226,0,86,1.64,56.08,45.49,1694,19.61,44.47,4.54,45.1,-3.12,0,-0.78,-,0.77,6,23.59,199.86,-5.8,-35.21,22,0.61,2.19,37,6.39,11.01,9.08,12.41,18.06,31.1,0.74,0.8,9.02,1344,29.61,29,19.61,19.5,11.78,11.01,9.08,31.1,5.68,1212.38,852.92,359.46,-7.23,14.06,14.3,43
Mon Sep 26 06:56:06 GMT-03:00 2022,26-Sep-2022 06:56:07.417,-35.20612621789032,-5.80063235289366,8.576152801513672,6.0,23.62290544011807,199.8814697265625,-0.3,5.91,8.14,0.02,19.61,-0.01,0.03,0.07,-0.07,27.06,15.29,14.7,19.61,91,18.78,1012.72,14.65,651.7,1,317.73,226,0,86,1.64,72.16,55.69,1521.5,19.61,44.55,5.2,45.1,-3.12,2.34,0.78,-,0.77,6,23.62,199.88,-5.8,-35.21,26,0.13,2.19,37,5.57,11,9.09,14.24,15.74,31.08,0.6,0.77,9.8,1345,30.87,31,21.57,16.5,11.78,11,9.09,31.08,5.68,1213.2,853.73,359.46,-6.48,14.04,14.3,46
Mon Sep 26 06:56:07 GMT-03:00 2022,26-Sep-2022 06:56:08.419,-35.20615330870503,-5.8007080113418885,8.740550994873047,6.0,23.909385143601114,199.9249725341797,0.05,5.64,7.27,-0.06,17.25,0,0.05,0.06,-0.04,25.1,12.94,14.7,19.61,91,18.79,1012.66,14.65,651.7,1,317.57,226,0,86,5.51,59.22,48.24,1516,19.61,44.61,4.25,45.1,-3.12,0.78,2.34,-,0.77,6,23.91,199.92,-5.8,-35.21,27,0.53,7.39,37,7.29,11,9.09,11.63,20.6,31.07,0.1,0.76,10.2,1346,31.47,32,19.61,17,34.71,11,9.09,31.07,5.7,1214.4,854.93,359.46,-7.22,14.08,14.4,47
Mon Sep 26 06:56:08 GMT-03:00 2022,26-Sep-2022 06:56:09.417,-35.20618224119155,-5.800786496427844,9.032115936279297,4.0,24.03404020932716,200.22789001464844,-0.11,5.38,8.04,-0.02,18.82,-0.02,0,-0.03,0,21.96,11.37,14.7,19.61,91,18.81,1012.65,14.65,651.7,1,317.46,226,0,86,5.51,34.51,40.39,1666.5,19.61,44.66,2.69,45.1,-3.12,0.78,2.34,-,0.77,4,24.03,200.23,-5.8,-35.21,29,0.52,7.39,37,11.9,11,9.09,7.36,33.61,31.07,0.1,0.76,8.63,1347,32.52,32,14.51,-3,34.71,11,9.09,31.07,5.7,1215.41,855.94,359.46,-9.93,14.08,14.4,43
Mon Sep 26 06:56:09 GMT-03:00 2022,26-Sep-2022 06:56:10.418,-35.20621180254798,-5.800863978877396,9.085378646850586,4.0,24.296593253021403,200.5233917236328,-0.17,4.19,8.66,-0.02,12.94,-0.01,0.02,-0.07,0.02,14.9,7.45,14.7,19.61,91,18.82,1012.64,14.65,653.6,1,317.48,226,0,86,5.51,19.61,16.47,941,19.61,44.68,0.9,45.1,-6.25,-0.78,-0.78,-,0.77,4,24.3,200.52,-5.8,-35.21,27,3.71,7.39,37,35.45,11,9.09,2.47,100.14,31.08,0.64,0.75,3.14,1348,32.71,29,14.51,9.5,34.71,11,9.09,31.08,5.72,1216.36,856.9,359.46,-13.21,14.08,14.3,35
Mon Sep 26 06:56:10 GMT-03:00 2022,26-Sep-2022 06:56:11.419,-35.20623945194273,-5.800934196558841,8.383665084838867,4.0,24.4002029148268,200.5431365966797,-0.29,3.69,9.23,0.01,12.55,0.02,0.01,-0.15,0.1,14.9,7.45,14.7,19.61,91,18.82,1012.67,14.65,653.6,1,317.51,226,0,86,-,21.18,16.86,928,19.61,44.69,0.92,45.1,-7.81,-0.78,-0.78,-,0.77,4,24.4,200.54,-5.8,-35.21,25,7.18,-,37,31.49,11.02,9.07,2.52,88.95,31.13,0.09,0.74,2.35,1349,30.18,23,12.55,9.5,-,11.02,9.07,31.13,5.72,1217.42,857.95,359.46,-12.05,14.08,14.2,30
Mon Sep 26 06:56:11 GMT-03:00 2022,26-Sep-2022 06:56:12.419,-35.20626310712311,-5.80099055840173,7.137245178222656,4.0,24.529902557697223,200.27780151367188,-0.21,2.82,9.88,0.05,12.16,0.03,0,-0.26,0.15,14.9,7.45,14.7,19.61,91,18.82,1012.75,14.65,653.5,1,317.51,226,0,86,-,21.18,16.86,928,19.61,44.69,0.92,45.88,-7.81,0.78,0.78,-,0.77,4,24.53,200.28,-5.8,-35.21,23,7.18,-,38,31.49,11.02,9.07,2.52,88.95,31.13,0.83,0.74,2.35,1350,25.69,23,12.55,8,-,11.02,9.07,31.13,5.72,1218.38,858.91,359.46,-12.05,14.14,14.3,30
Mon Sep 26 06:56:12 GMT-03:00 2022,26-Sep-2022 06:56:13.420,-35.20627750516706,-5.8010279914020675,4.349712371826172,4.0,24.429473484095077,200.01393127441406,-0.53,3.81,9.15,0.01,13.73,0.01,0,-0.15,0.09,14.9,7.45,14.7,19.61,91,18.82,1012.76,14.65,653.1,1,323.65,226,0,86,-,22.75,16.86,907.5,19.61,44.71,0.95,45.88,-5.47,-2.34,-3.12,-,0.77,4,24.43,200.01,-5.8,-35.21,25,13.69,-,38,24.11,11.03,9.06,2.61,68.11,31.17,0.82,0.74,3.92,1350,15.66,12,14.12,21,-,11.03,9.06,31.17,5.74,1219.39,859.92,359.46,-11.91,13.98,14.1,27
Mon Sep 26 06:56:13 GMT-03:00 2022,26-Sep-2022 06:56:14.420,-35.20628278900748,-5.80104425441806,2.7000982761383057,4.0,24.603603828731675,199.85499572753906,-0.24,5.65,7.93,-0.01,12.94,-0.01,0,0.03,-0.04,14.9,7.45,14.7,19.61,91,18.8,1012.76,14.65,653.1,1,335.12,226,0,86,-,35.29,29.02,926,19.61,44.74,1.5,47.45,-6.25,0,0.78,-,0.77,4,24.6,199.85,-5.8,-35.21,25,7.72,-,38,7.99,11.03,9.06,4.11,22.57,31.16,0.12,0.74,3.14,1351,9.72,2,13.73,-1,-,11.03,9.06,31.16,5.74,1220.41,860.94,359.46,-10.24,14.06,14.3,28
Mon Sep 26 06:56:14 GMT-03:00 2022,26-Sep-2022 06:56:15.420,-35.20628278900748,-5.80104425441806,0.16108033061027527,4.0,24.664497749921743,199.86474609375,-0.35,5.48,8.2,0,12.94,0,0,0.01,0,14.9,7.45,14.7,19.61,91,18.78,1012.73,14.65,652.4,1,335.03,226,0,86,-,30.2,24.71,802,19.61,44.76,1.09,47.45,-7.03,1.56,1.56,-,0.77,4,24.66,199.86,-5.8,-35.21,24,0.58,-,38,1.83,11.02,9.07,2.99,5.17,31.14,0.83,0.73,3.14,1352,0.58,0,13.33,6.5,-,11.02,9.07,31.14,5.74,1221.41,861.46,359.95,-11.5,14.04,14.3,26
Mon Sep 26 06:56:15 GMT-03:00 2022,26-Sep-2022 06:56:16.419,-35.20628278900748,-5.80104425441806,0.06616347283124924,4.0,24.703741877319683,199.85372924804688,-0.38,5.97,7.86,0,12.94,0,0,0.06,-0.04,14.9,7.45,14.7,19.61,91,18.76,1012.73,14.65,652.4,1,356.87,226,0,87,-,31.37,24.31,778.5,19.61,44.78,1.14,50.59,-7.03,-1.56,-2.34,-,0.77,4,24.7,199.85,-5.8,-35.21,22,0.24,-,38,0,11.02,9.07,3.11,0,31.14,0.73,0.73,3.14,1354,0.24,0,13.33,3.5,-,11.02,9.07,31.14,5.74,1222.41,861.46,360.95,-10.87,14,14.3,26
Mon Sep 26 06:56:16 GMT-03:00 2022,26-Sep-2022 06:56:17.419,-35.20628278900748,-5.80104425441806,0.09684041887521744,4.0,24.827253811145553,199.8060302734375,-0.38,6.68,7.26,0,12.94,0,-0.01,0.1,-0.07,14.9,7.45,14.7,19.61,91,18.74,1012.73,14.65,652.4,1,356.86,226,0,87,-,36.47,25.49,760.5,19.61,44.8,1.05,50.59,-6.25,-0.78,-2.34,-,0.77,4,24.83,199.81,-5.8,-35.21,22,0.35,-,38,0,11.02,9.07,2.88,0,31.13,0.73,0.73,3.14,1355,0.35,0,16.86,2,-,11.02,9.07,31.13,5.74,1223.39,861.46,361.93,-11.04,14.12,14.2,25
Mon Sep 26 06:56:17 GMT-03:00 2022,26-Sep-2022 06:56:18.419,-35.20628274562263,-5.801054060270005,0.4360143840312958,4.0,25.047035149342616,199.55116271972656,-0.13,6.76,7.46,0.02,16.47,0.01,0,0.14,-0.09,25.88,13.33,14.7,19.61,91,18.73,1012.68,14.65,651.2,1,348.54,226,0,87,3.53,53.33,37.25,1438.5,19.61,44.87,3.69,49.41,-3.91,1.56,0,-,0.77,4,25.05,199.55,-5.8,-35.21,21,4.43,4.74,38,0,11.02,9.07,10.11,0,31.13,0.14,0.73,6.67,1356,1.57,6,16.86,2,23.45,11.02,9.07,31.13,5.74,1224.37,861.58,362.79,-1.69,14.12,14.4,41
Mon Sep 26 06:56:18 GMT-03:00 2022,26-Sep-2022 06:56:19.419,-35.20628886832489,-5.8010704796650625,1.5653685331344604,4.0,25.0247332285979,199.48007202148438,-0.2,7.22,6.89,0.02,21.57,0,0.02,0.18,-0.16,31.76,16.47,14.7,19.61,91,18.73,1012.7,14.65,650.6,1,348.54,226,0,87,3.53,53.33,56.86,1438.5,19.61,44.87,3.69,48.63,-3.12,1.56,3.91,-,0.77,4,25.02,199.48,-5.8,-35.21,21,4.43,4.74,38,0,11.02,9.07,10.11,0,31.13,0.09,0.73,11.76,1357,5.64,6,20,19.5,23.45,11.02,9.07,31.13,5.74,1225.42,862.63,362.79,-1.69,14.16,14.3,41
Mon Sep 26 06:56:19 GMT-03:00 2022,26-Sep-2022 06:56:20.419,-35.20630028413278,-5.801102282650168,3.490671396255493,4.0,24.933588880304807,199.68569946289062,-0.31,6.84,7.58,0.04,24.71,-0.04,0,0.1,-0.13,31.76,16.08,14.7,19.61,91,18.72,1012.74,14.65,650.6,1,342.99,226,0,87,11.56,75.69,61.96,2005,19.61,45.02,7.35,48.63,-3.12,0,-1.56,-,0.78,4,24.93,199.69,-5.8,-35.21,22,9.36,15.5,38,0.82,11.01,9.08,20.11,2.31,31.1,0.63,0.73,14.9,1357,12.57,15,25.1,18,55.04,11.01,9.08,31.1,5.74,1226.36,863.57,362.79,-1.03,14.12,14.4,54
Mon Sep 26 06:56:20 GMT-03:00 2022,26-Sep-2022 06:56:21.421,-35.20631836492632,-5.8011526407297636,6.140279769897461,4.0,24.886437649972837,199.86099243164062,-0.21,6.66,7.72,0.04,21.57,-0.01,0.04,0.09,-0.08,26.27,13.73,14.7,19.61,91,18.73,1012.75,14.65,659.6,1,342.67,226,0,87,12.63,68.63,46.27,2552.5,19.61,45.17,8.68,48.63,-3.12,1.56,0,-,0.78,4,24.89,199.86,-5.8,-35.21,20,8.43,16.93,38,1.73,11,9.09,23.74,4.88,31.08,0.81,0.73,11.76,1358,22.11,21,24.71,22.5,47.24,11,9.09,31.08,5.75,1227.4,864.61,362.79,-3.11,14.12,14.3,60
Mon Sep 26 06:56:21 GMT-03:00 2022,26-Sep-2022 06:56:22.418,-35.206340303779996,-5.801211779249282,7.397756576538086,4.0,24.97235268115369,199.884033203125,-0.24,6.13,7.99,0.02,21.57,-0.02,-0.02,0.07,-0.09,26.27,13.73,14.7,19.61,91,18.73,1012.75,14.65,659.6,1,339.62,226,0,86,12.58,63.53,46.27,2410.5,19.61,45.3,7.38,48.24,-3.12,0,-1.56,-,0.78,4,24.97,199.88,-5.8,-35.21,20,3.89,16.87,38,2.85,10.99,9.1,20.19,8.04,31.05,0.79,0.72,10.59,1359,26.63,26,23.53,21,49.85,10.99,9.1,31.05,5.78,1228.39,865.6,362.79,-6.94,14.12,14.4,58
Mon Sep 26 06:56:22 GMT-03:00 2022,26-Sep-2022 06:56:23.418,-35.20636630009131,-5.801281293958516,8.411232948303223,4.0,24.891218561178,200.04730224609375,-0.18,6.45,7.41,-0,20.39,0.01,-0.01,0.12,-0.07,27.06,14.12,14.7,19.61,91,18.75,1012.72,14.65,672.6,1,339.36,226,0,86,14.9,66.67,47.84,2135.5,19.61,45.42,6.67,48.24,-3.12,0.78,-3.12,-,0.78,4,24.89,200.05,-5.8,-35.21,23,0.72,19.98,37,3.9,10.99,9.1,18.24,11.02,31.03,0.79,0.73,10.59,1360,30.28,31,23.14,21,66.61,10.99,9.1,31.03,5.78,1229.41,866.62,362.79,-7.28,14,14.3,56
Mon Sep 26 06:56:23 GMT-03:00 2022,26-Sep-2022 06:56:24.421,-35.20639443258012,-5.801357229658656,9.316332817077637,4.0,24.3408356921341,200.1167755126953,-0.67,6.54,7.88,0.04,22.75,0,0,0.1,-0.07,31.37,16.08,14.7,19.61,91,18.76,1012.74,14.65,672.6,1,336.38,226,0,87,14.7,74.51,61.57,2000.5,19.61,45.55,7.04,47.84,-3.12,-1.56,-3.12,-,0.79,4,24.34,200.12,-5.8,-35.21,25,2.46,19.71,37,4.4,10.98,9.11,19.27,12.43,31.01,0.79,0.73,12.94,1362,33.54,36,23.92,15.5,70.16,10.98,9.11,31.01,5.79,1230.4,867.61,362.79,-5.88,14,14.3,57
Mon Sep 26 06:56:24 GMT-03:00 2022,26-Sep-2022 06:56:25.422,-35.2064286284436,-5.801444824930569,10.091161727905273,4.0,23.723285336514817,200.05319213867188,-0.25,5.93,7.54,-0.02,22.35,-0.01,0,0.08,-0.07,29.8,15.29,14.7,19.61,91,18.79,1012.77,14.65,679,1,336.18,226,0,87,19.44,69.8,58.43,1885.5,19.61,45.68,6.08,47.84,-3.12,-3.12,-3.91,-,0.79,4,23.72,200.05,-5.8,-35.21,22,4.67,26.07,37,5.92,10.97,9.11,16.63,16.73,31,0.44,0.74,12.94,1363,36.33,41,23.92,15.5,98.47,10.97,9.11,31,5.79,1231.41,868.62,362.79,-6.57,14.12,14.4,56
Mon Sep 26 06:56:25 GMT-03:00 2022,26-Sep-2022 06:56:26.420,-35.2064640236354,-5.801542035924283,11.225255012512207,4.0,23.557020518553436,199.82211303710938,-0.35,6.21,8,0.03,22.35,-0.01,-0.06,0.06,-0.07,30.59,15.69,14.7,19.61,91,18.79,1012.84,14.65,679,1,336.02,226,0,87,19.44,69.8,58.43,1875,19.61,45.79,6.07,47.84,-3.12,-3.12,-1.56,-,0.79,4,23.56,199.82,-5.8,-35.21,23,4.67,26.07,37,6.75,10.97,9.12,16.61,19.08,30.99,0.09,0.74,12.55,1364,40.41,41,22.75,16.5,98.47,10.97,9.12,30.99,5.82,1232.41,869.62,362.79,-6.09,14.08,14.4,57
Mon Sep 26 06:56:26 GMT-03:00 2022,26-Sep-2022 06:56:27.420,-35.20650176272145,-5.8016535539787055,12.682229995727539,4.0,23.872317358917595,199.61239624023438,-0.16,5.84,7.71,-0.02,22.35,0.02,0.04,0.05,0,31.37,16.08,14.7,19.61,91,18.81,1012.88,14.65,686.5,1,336.02,226,0,87,22.03,70.2,58.82,1875,19.61,45.79,6.07,47.45,-3.12,-3.12,0,-,0.79,4,23.87,199.61,-5.8,-35.21,19,5.59,29.54,36,6.75,10.97,9.12,16.61,19.08,30.99,0.12,0.74,12.55,1365,45.66,46,22.75,16.5,112.18,10.97,9.12,30.99,5.82,1233.42,870.63,362.79,-6.09,14.08,14.4,57
Mon Sep 26 06:56:27 GMT-03:00 2022,26-Sep-2022 06:56:28.421,-35.20654287633833,-5.801770771321413,14.118470191955566,4.0,23.710110112528564,199.82089233398438,-0.35,6.45,8.24,0.06,22.75,0.03,0,0.1,-0.03,31.37,16.08,14.7,19.61,91,18.85,1012.96,14.65,689.9,1,333.14,226,0,87,19.62,71.76,59.61,1901.5,19.61,45.9,6.26,47.45,-3.12,0.78,-0.78,-,0.79,4,23.71,199.82,-5.8,-35.21,19,4.34,26.31,36,7.35,10.97,9.12,17.13,20.76,30.98,0.75,0.74,12.94,1365,50.83,50,23.14,17,98.54,10.97,9.12,30.98,5.84,1234.43,871.64,362.79,-5.8,14.12,14.4,57
Mon Sep 26 06:56:28 GMT-03:00 2022,26-Sep-2022 06:56:29.419,-35.20658768011457,-5.8018971803332375,15.027064323425293,6.0,23.645294912135924,200.01524353027344,-0.75,6.25,7.78,0.02,23.53,-0.01,-0.01,0.04,-0.05,31.37,16.08,14.7,19.61,91,18.88,1013.01,14.65,689.9,1,333.03,226,0,87,18.24,72.55,59.61,1920.5,19.61,46.03,6.42,47.45,-3.12,-0.78,1.56,-,0.79,6,23.65,200.02,-5.8,-35.21,20,0.1,24.46,36,7.78,10.96,9.12,17.58,21.98,30.97,0.14,0.74,13.73,1366,54.1,54,23.92,16.5,90.71,10.96,9.12,30.97,5.84,1235.41,872.62,362.79,-5.7,14.04,14.4,58
Mon Sep 26 06:56:29 GMT-03:00 2022,26-Sep-2022 06:56:30.419,-35.206637376530985,-5.802031619541037,15.643762588500977,6.0,23.16628997505246,200.30958557128906,-0.12,5.87,8.18,0.02,23.53,0.03,0,0.07,0,31.37,16.08,14.7,19.61,91,18.92,1013.02,14.65,689.9,1,332.93,226,0,87,20.03,72.94,60.78,1910,19.61,46.16,6.42,47.45,-3.12,0,-1.56,-,0.8,6,23.17,200.31,-5.8,-35.21,22,1.68,26.87,36,8.4,10.96,9.12,17.58,23.74,30.96,0.76,0.74,13.73,1368,56.32,58,23.53,17,100.16,10.96,9.12,30.96,5.87,1236.39,873.6,362.79,-5.79,14.06,14.4,59
Mon Sep 26 06:56:30 GMT-03:00 2022,26-Sep-2022 06:56:31.416,-35.20668810768942,-5.802169516225764,16.359573364257812,6.0,23.216184110106713,200.3174591064453,-0.8,5.99,7.45,-0.02,22.75,0.07,-0.04,0.04,0.04,30.98,15.69,14.7,19.61,91,18.96,1013.05,14.65,695.5,1,332.85,227,0,87,20.03,72.16,60.39,1846,19.61,46.26,6.13,47.45,-3.12,-0.78,-2.34,-,0.8,6,23.22,200.32,-5.8,-35.21,21,1.11,26.87,36,9.46,10.96,9.12,16.77,26.73,30.96,0.75,0.74,12.94,1369,58.89,60,22.75,17,100.16,10.96,9.12,30.96,5.87,1237.35,874.56,362.79,-6.15,14.06,14.3,58
Mon Sep 26 06:56:31 GMT-03:00 2022,26-Sep-2022 06:56:32.419,-35.206740540870804,-5.8023105630738465,16.842775344848633,6.0,23.105916240177045,200.0261993408203,-0.45,5.74,8.3,0.03,21.57,0.04,-0.02,0.07,0,29.02,14.9,14.7,19.61,91,19,1013.06,14.65,695.5,1,332.81,227,0,87,9.16,73.33,60,1793.5,19.61,46.38,6.07,47.45,-3.12,3.12,-2.34,-,0.8,6,23.11,200.03,-5.8,-35.21,22,0.37,12.28,36,9.88,10.96,9.13,16.61,27.92,30.95,0.75,0.74,11.76,1370,60.63,61,22.75,18.5,48.77,10.96,9.13,30.95,5.91,1238.36,875.58,362.79,-5.94,14.06,14.4,59
Mon Sep 26 06:56:32 GMT-03:00 2022,26-Sep-2022 06:56:33.419,-35.20679235335632,-5.802453811010438,17.037330627441406,6.0,23.100438016026256,200.09068298339844,-0.09,5.91,7.57,-0.02,21.57,-0.01,-0.02,0.03,-0.04,29.02,14.9,14.7,19.61,91,19,1013.06,14.65,699.2,1,332.78,227,0,87,9.16,73.33,55.69,1577.5,19.61,46.46,5.2,47.45,-3.12,3.12,0,-,0.8,6,23.1,200.09,-5.8,-35.21,19,0.37,12.28,36,11.74,10.96,9.13,14.22,33.16,30.96,0.8,0.74,11.76,1371,61.33,61,23.14,18.5,48.77,10.96,9.13,30.96,5.91,1239.36,876.57,362.79,-6.97,14.02,14.3,57
Mon Sep 26 06:56:33 GMT-03:00 2022,26-Sep-2022 06:56:34.419,-35.2068445327212,-5.802601472491034,17.568885803222656,6.0,22.622887475484482,200.40618896484375,-1.07,5.7,7.92,-0,20,-0.02,0,0.04,-0.06,28.63,14.51,14.7,19.61,91,19.09,1013.15,14.65,699.2,1,332.8,227,0,87,11.04,67.06,55.69,1608.5,19.61,46.54,4.86,47.45,-3.12,-1.56,0.78,-,0.8,6,22.62,200.41,-5.8,-35.21,21,0.75,14.8,36,12.96,10.96,9.12,13.3,36.61,30.96,0.11,0.74,10.2,1372,63.25,64,20.39,15,66.82,10.96,9.12,30.96,5.94,1240.41,877.62,362.79,-6.49,14.06,14.3,57
Mon Sep 26 06:56:34 GMT-03:00 2022,26-Sep-2022 06:56:35.419,-35.206896073336914,-5.802752501820501,18.05237579345703,6.0,22.275550521051464,200.13331604003906,-0.52,5.81,7.96,0,20,0,0.02,0.01,-0.01,28.24,13.73,14.7,19.61,91,19.14,1013.2,14.65,699.2,1,332.86,227,0,87,11.28,52.94,54.51,1565,19.61,46.61,4.31,47.45,-3.12,-1.56,-3.12,-,0.8,6,22.28,200.13,-5.8,-35.21,22,1.01,15.12,36,14.84,10.96,9.12,11.8,41.92,30.97,0.6,0.74,9.8,1373,64.99,66,20.39,15,68.8,10.96,9.12,30.97,5.94,1241.42,878.63,362.79,-7.55,14.1,14.4,55
Mon Sep 26 06:56:35 GMT-03:00 2022,26-Sep-2022 06:56:36.419,-35.206951682376264,-5.802906883857846,18.355764389038086,6.0,21.9767380104038,200.06756591796875,-0.2,5.38,8.14,-0.01,14.12,0.04,0.01,0.02,0.02,20.78,10.98,14.7,19.61,91,19.14,1013.23,14.65,701.2,1,332.86,227,0,87,11.28,52.94,21.57,1565,19.61,46.61,4.31,47.45,-4.69,-1.56,0,-,0.8,6,21.98,200.07,-5.8,-35.21,24,1.01,15.12,36,14.84,10.96,9.12,11.8,41.92,30.97,0.34,0.73,3.92,1373,66.08,66,15.69,-3,68.8,10.96,9.12,30.97,5.98,1242.4,879.61,362.79,-7.55,14.12,14.3,55
Mon Sep 26 06:56:36 GMT-03:00 2022,26-Sep-2022 06:56:37.420,-35.20700613914736,-5.8030636050878135,18.497663497924805,6.0,21.766075068550496,199.88153076171875,-1,5.52,8.14,0,14.12,0.02,0.09,0.03,0,20.78,10.98,14.7,19.61,91,19.19,1013.27,14.65,701.2,1,332.98,227,0,87,11.28,26.27,21.57,1352,19.61,46.66,1.68,47.45,-4.69,1.56,0.78,-,0.8,6,21.77,199.88,-5.8,-35.21,23,0.59,15.12,36,39.17,10.97,9.12,4.61,110.66,30.98,0.82,0.73,3.92,1374,66.59,66,14.12,27,68.8,10.97,9.12,30.98,5.98,1243.41,880.62,362.79,-11.8,14.12,14.3,46
Mon Sep 26 06:56:37 GMT-03:00 2022,26-Sep-2022 06:56:38.424,-35.20706237806972,-5.803219334369266,18.511459350585938,6.0,21.25251759713802,199.8251495361328,0.01,5.93,8.03,0.01,13.73,-0.02,0.05,0,-0.03,20.78,10.98,14.7,19.61,91,19.19,1013.3,14.65,700.8,1,333.01,227,0,87,11.28,26.27,21.18,1274.5,19.61,46.71,1.98,47.45,-5.47,1.56,0.78,-,0.81,6,21.25,199.83,-5.8,-35.21,25,0.59,15.12,36,33.38,10.99,9.1,5.41,94.3,31.04,0.82,0.73,3.92,1376,66.64,66,14.12,27,68.8,10.99,9.1,31.04,6.01,1244.42,881.63,362.79,-10.77,14.12,14.3,41
Mon Sep 26 06:56:38 GMT-03:00 2022,26-Sep-2022 06:56:39.421,-35.20711565861284,-5.803372616589911,18.353355407714844,8.0,21.02820676664023,199.98341369628906,-0.85,5.43,8.34,0.02,14.51,0.2,-0.05,0.1,0.16,20.78,10.98,14.7,19.61,91,19.23,1013.36,14.65,700,1,333.01,227,0,87,4.79,32.55,27.45,1274.5,19.61,46.71,1.98,47.45,-4.69,-3.91,-0.78,-,0.81,8,21.03,199.98,-5.8,-35.21,20,0.36,6.42,36,33.38,10.99,9.1,5.41,94.3,31.04,0.09,0.73,4.71,1376,66.07,67,14.9,23,35.89,10.99,9.1,31.04,6.01,1245.43,882.64,362.79,-10.77,14,14.3,41
Mon Sep 26 06:56:39 GMT-03:00 2022,26-Sep-2022 06:56:40.422,-35.20717390822713,-5.803528582086085,18.303220748901367,8.0,21.034980815999848,200.21176147460938,-0.54,5.45,7.71,-0.04,14.9,0,-0.01,-0.02,0,20.78,10.98,14.7,19.61,91,19.28,1013.41,14.65,700,1,333.69,227,0,87,4.79,34.12,27.84,1240.5,19.61,46.75,2,47.45,-4.69,-0.78,-2.34,-,0.81,8,21.03,200.21,-5.8,-35.21,21,0.93,6.42,36,33.51,11.01,9.08,5.47,94.67,31.1,0.77,0.73,4.71,1377,65.89,67,15.29,21.5,35.89,11.01,9.08,31.1,6.05,1246.41,883.62,362.79,-10.49,14.06,14.3,38
Mon Sep 26 06:56:40 GMT-03:00 2022,26-Sep-2022 06:56:41.421,-35.20723080865418,-5.803689629842908,18.433191299438477,8.0,20.675650234783397,199.38589477539062,0.06,6.13,9.91,0.19,14.9,0.06,-0.06,0.02,0.06,20.78,10.98,14.7,19.61,91,19.33,1013.48,14.65,698,1,334.37,227,0,87,4.79,32.94,27.84,1239,19.61,46.78,1.97,47.45,-4.69,-1.56,-0.78,-,0.81,8,20.68,199.39,-5.8,-35.21,22,0.36,6.42,36,34.08,11.03,9.06,5.38,96.26,31.17,0.09,0.73,3.14,1378,66.36,66,14.9,0.5,35.89,11.03,9.06,31.17,6.05,1247.41,884.62,362.79,-10.45,14.02,14.3,35
Mon Sep 26 06:56:41 GMT-03:00 2022,26-Sep-2022 06:56:42.419,-35.207285916932406,-5.803845747628818,18.43624496459961,8.0,20.24661696835167,199.21627807617188,-0.44,5.54,8.62,0.04,12.94,-0.02,0.02,-0.02,-0.01,14.9,7.45,14.7,19.61,91,19.37,1013.5,14.65,698,1,335.07,227,0,87,-,19.61,19.22,1307.5,19.61,46.8,1.14,47.45,-6.25,-1.56,-2.34,-,0.81,8,20.25,199.22,-5.8,-35.21,24,0.37,-,36,57.7,11.03,9.06,3.13,162.98,31.17,0.64,0.73,3.14,1380,66.37,66,13.33,-4.5,-,11.03,9.06,31.17,6.09,1248.42,885.63,362.79,-12.2,14.08,14.4,31
Mon Sep 26 06:56:42 GMT-03:00 2022,26-Sep-2022 06:56:43.420,-35.20734305139031,-5.804003893220703,18.261045455932617,8.0,19.749854844597913,199.63796997070312,0.8,5.08,8.34,-0,12.94,-0.01,0.03,0,-0.02,14.9,7.45,14.7,19.61,91,19.42,1013.54,14.65,698,1,335.1,227,0,87,-,19.61,15.69,1319.5,19.61,46.82,1.27,47.45,-6.25,0,0,-,0.81,8,19.75,199.64,-5.8,-35.21,22,1.74,-,36,52.04,11.04,9.06,3.47,147.01,31.17,0.01,0.73,3.14,1381,65.74,64,13.33,-10.5,-,11.04,9.06,31.17,6.09,1249.39,886.6,362.79,-12.08,14.08,14.4,27
Mon Sep 26 06:56:43 GMT-03:00 2022,26-Sep-2022 06:56:44.420,-35.2073986156142,-5.804159583208285,18.011911392211914,8.0,19.74067114254855,199.89967346191406,-0.92,4.96,7.75,-0.06,12.94,0,-0.04,0,-0.01,19.22,9.8,29.4,19.61,91,19.46,1013.55,14.65,696.2,2,335.14,227,0,87,-,19.61,15.69,1358.5,19.61,46.84,1.31,47.45,-6.25,0,0,-,0.81,8,19.74,199.9,-5.8,-35.21,24,1.84,-,36,48.92,11.04,9.06,3.58,138.18,31.18,0.06,0.05,3.14,1382,64.84,63,13.33,-1.5,-,11.04,9.06,31.18,6.12,1250.35,887.56,362.79,-12.02,14.08,14.4,25
Mon Sep 26 06:56:44 GMT-03:00 2022,26-Sep-2022 06:56:45.419,-35.20746363196069,-5.8043096744917415,17.88149642944336,8.0,20.23281487837751,199.71624755859375,-0.08,5.76,8.66,0.06,12.94,-0.02,0,0,-0.03,18.82,9.8,14.54,19.61,91,19.5,1013.58,14.65,696.2,0.99,335.17,227,0,86,-,19.22,15.69,1315,19.61,46.87,1.22,47.45,-6.25,0,0,-,0.81,8,20.23,199.72,-5.8,-35.21,26,2.37,-,37,51.77,11.04,9.06,3.33,146.23,31.18,0.06,0.05,3.14,1383,64.37,62,13.33,-2.5,-,11.04,9.06,31.18,6.12,1251.42,888.63,362.79,-12.28,14.08,14.4,23
Mon Sep 26 06:56:45 GMT-03:00 2022,26-Sep-2022 06:56:46.420,-35.207522176629354,-5.804462316130435,17.538625717163086,8.0,20.13751010854806,199.2446746826172,-0.79,5.45,8.61,0.04,12.94,0.15,0.03,0.07,0.12,14.9,7.45,13.27,19.61,91,19.54,1013.6,14.65,693.6,0.9,335.2,227,0,86,-,19.61,15.69,1325,19.61,46.89,1.24,47.45,-6.25,0,0,-,0.81,8,20.14,199.24,-5.8,-35.21,27,2.14,-,37,50.19,11.04,9.06,3.38,141.78,31.18,0.88,0.1,3.14,1384,63.14,61,13.33,-2.5,-,11.04,9.06,31.18,6.16,1252.39,889.6,362.79,-12.15,14.08,14.4,21
Mon Sep 26 06:56:46 GMT-03:00 2022,26-Sep-2022 06:56:47.420,-35.20758197521963,-5.804614125938343,17.13032341003418,8.0,19.722534603408967,199.78843688964844,-0.08,4.73,7.91,-0.06,12.94,-0.09,0,-0.07,-0.06,14.9,7.45,29.4,19.61,91,19.54,1013.51,14.65,693.6,2,335.24,227,0,85,-,19.61,17.25,1063.5,19.61,46.91,1.05,47.45,-4.69,0,0,-,0.81,8,19.72,199.79,-5.8,-35.21,25,2.14,-,37,57.95,11.04,9.06,2.88,163.71,31.19,0.01,0.12,3.14,1385,61.67,61,13.33,-10.5,-,11.04,9.06,31.19,6.16,1253.39,890.6,362.79,-12.54,14.08,14.3,19
Mon Sep 26 06:56:47 GMT-03:00 2022,26-Sep-2022 06:56:48.419,-35.20763854870888,-5.804757133001839,16.724153518676758,8.0,20.051689023432747,199.80450439453125,-0.15,5.58,9.29,0.1,12.55,0.1,0.05,0,0.11,14.9,7.45,13.51,19.61,91,19.58,1013.51,14.65,690.2,0.92,335.24,227,0,85,-,20.39,15.29,1063.5,19.61,46.91,1.05,47.45,-7.03,0,0,-,0.81,8,20.05,199.8,-5.8,-35.21,25,3.67,-,37,57.95,11.04,9.06,2.88,163.71,31.19,0.89,0.08,2.35,1385,60.21,58,12.94,2,-,11.04,9.06,31.19,6.2,1254.4,891.61,362.79,-12.54,14.1,14.4,19
Mon Sep 26 06:56:48 GMT-03:00 2022,26-Sep-2022 06:56:49.420,-35.20768714220207,-5.804893560955874,15.595077514648438,8.0,19.809428242002006,199.5897216796875,-0.63,5.16,9.1,0.07,12.16,-0.05,0.03,-0.07,-0.02,14.9,7.45,13.24,19.61,91,19.62,1013.58,14.65,688.4,0.9,335.27,227,0,84,-,19.61,15.29,986.5,19.61,46.93,0.93,47.45,-7.81,0,0,-,0.81,8,19.81,199.59,-5.8,-35.21,27,6.21,-,38,62.24,11.04,9.06,2.55,175.81,31.19,0.88,0.1,2.35,1386,56.14,54,12.55,2,-,11.04,9.06,31.19,6.2,1255.41,892.62,362.79,-12.32,14.06,14.3,18
Mon Sep 26 06:56:49 GMT-03:00 2022,26-Sep-2022 06:56:50.417,-35.20773257983485,-5.805025459658662,14.941581726074219,8.0,19.572415681928383,200.08885192871094,-0.36,4.25,9.35,0.05,12.16,-0.01,0.01,-0.12,0.04,14.9,7.45,13.25,19.61,91,19.65,1013.63,14.65,688.4,0.9,335.3,227,0,84,-,19.61,16.08,947.5,19.61,46.94,0.88,47.45,-7.81,0,0,-,0.81,8,19.57,200.09,-5.81,-35.21,25,3.79,-,38,61.31,11.04,9.06,2.41,173.19,31.19,0.88,0.12,2.35,1387,53.79,50,12.55,3,-,11.04,9.06,31.19,6.2,1256.4,893.61,362.79,-12.27,14.12,14.3,18
Mon Sep 26 06:56:50 GMT-03:00 2022,26-Sep-2022 06:56:51.418,-35.20777503112023,-5.805135742373307,13.112077713012695,6.0,18.857295629324355,200.08651733398438,-0.17,1.84,10.99,0.13,12.16,0.19,-0.02,-0.33,0.33,14.9,7.45,13.25,19.61,91,19.67,1013.74,14.65,688.4,0.9,338.11,227,0,84,-,19.61,16.08,923,19.61,46.96,0.86,47.84,-7.81,0,0,-,0.81,6,18.86,200.09,-5.81,-35.21,23,6.2,-,38,57.97,11.04,9.06,2.36,163.76,31.2,0.88,0.13,2.35,1389,47.2,41,12.55,4.5,-,11.04,9.06,31.2,6.24,1257.39,894.6,362.79,-12.22,14.08,14.3,17
Mon Sep 26 06:56:51 GMT-03:00 2022,26-Sep-2022 06:56:52.417,-35.207813674521994,-5.80523863291572,12.036255836486816,8.0,18.516469948015267,199.5972137451172,0.01,1.83,11.38,0.17,12.16,0.18,0.03,-0.36,0.33,14.9,7.45,13.25,19.61,91,19.66,1013.8,14.65,684.6,0.9,343.68,227,0,84,-,19.61,15.69,925,19.61,46.98,0.88,48.63,-7.81,0,0,-,0.81,8,18.52,199.6,-5.81,-35.21,23,27.33,-,38,46.55,11.04,9.05,2.41,131.5,31.2,0.88,0.13,2.35,1390,43.33,16,12.55,4.5,-,11.04,9.05,31.2,6.24,1258.38,895.59,362.79,-12.1,14.08,14.3,17
Mon Sep 26 06:56:52 GMT-03:00 2022,26-Sep-2022 06:56:53.420,-35.20784607219081,-5.805319205282015,11.034331321716309,8.0,18.652647236949043,200.07131958007812,-0.25,4.59,8.85,0.01,14.51,0.01,0,-0.11,0.08,14.9,7.45,13.24,19.61,91,19.66,1013.83,14.65,681.7,0.9,343.72,227,0,84,-,21.18,30.2,940.5,19.61,47.01,1.75,48.63,-6.25,0,0,-,0.81,8,18.65,200.07,-5.81,-35.21,19,27.33,-,38,9.12,11.04,9.06,4.8,25.76,31.19,0.88,0.14,4.71,1391,39.72,16,14.12,17,-,11.04,9.06,31.19,6.24,1259.43,896.64,362.79,-9.59,14.1,14.3,22
Mon Sep 26 06:56:53 GMT-03:00 2022,26-Sep-2022 06:56:54.421,-35.20785402280204,-5.805344214338457,6.750176429748535,8.0,20.273163655913443,201.0648651123047,-0.15,5.95,7.88,0,13.33,0.01,0,0.06,-0.02,14.9,7.45,13.38,19.61,91,19.64,1013.78,14.65,681.7,0.91,343.72,227,0,84,-,39.61,29.8,940.5,19.61,47.01,1.75,53.33,-5.47,0,0,-,0.81,8,20.27,201.06,-5.81,-35.21,22,39.72,-,38,9.12,11.04,9.06,4.8,25.76,31.19,0.86,0.17,3.53,1392,24.3,0,14.51,-4,-,11.04,9.06,31.19,6.24,1260.42,896.64,363.79,-9.59,13.26,13.3,22
Mon Sep 26 06:56:54 GMT-03:00 2022,26-Sep-2022 06:56:55.419,-35.2078435711921,-5.805322100221505,1.016414761543274,8.0,18.801889828261483,201.5863037109375,-0.15,5.89,7.9,0,13.33,0,0.01,0.06,-0.04,14.9,7.45,14.62,19.61,91,19.62,1013.79,14.65,674.6,0.99,376.91,227,0,84,-,38.43,30.98,773,19.61,47.03,1.37,53.33,-6.25,0,0,-,0.81,8,18.8,201.59,-5.81,-35.21,23,24.3,-,38,0,11.04,9.06,3.74,0,31.19,0.86,0.9,3.53,1392,3.66,0,13.73,4.5,-,11.04,9.06,31.19,6.24,1261.41,896.64,364.77,-10.77,13.32,13.6,23
Mon Sep 26 06:56:55 GMT-03:00 2022,26-Sep-2022 06:56:56.419,-35.2078435711921,-5.805322100221505,0.0,8.0,18.47584809568382,201.5863037109375,-0.12,5.93,7.93,0.01,13.33,0,0,0.05,-0.04,14.9,7.45,14.7,19.61,91,19.61,1013.77,14.65,674.6,1,376.9,227,0,84,-,40.39,30.98,808,19.61,47.06,1.54,53.33,-5.47,-3.12,-0.78,-,0.81,8,18.48,201.59,-5.81,-35.21,24,0,-,38,0,11.04,9.06,4.22,0,31.19,0.15,0.87,3.53,1393,0,0,13.73,0,-,11.04,9.06,31.19,6.24,1262.41,896.64,365.78,-9.33,14.16,14.3,26
Mon Sep 26 06:56:56 GMT-03:00 2022,26-Sep-2022 06:56:57.420,-35.2078435711921,-5.805322100221505,0.0,8.0,18.386514982738966,201.5863037109375,-0.15,5.92,7.93,0.01,13.33,0,0,0.05,-0.04,14.9,7.45,14.7,19.61,91,19.59,1013.81,14.65,668.9,1,351.94,227,0,84,-,38.82,30.59,780,19.61,47.09,1.4,49.8,-5.47,2.34,2.34,-,0.81,8,18.39,201.59,-5.81,-35.21,25,0,-,38,0,11.04,9.06,3.83,0,31.19,0.1,0.83,3.53,1394,0,0,13.73,3.5,-,11.04,9.06,31.19,6.24,1263.41,896.64,366.77,-10.03,14.12,14.3,27
Mon Sep 26 06:56:57 GMT-03:00 2022,26-Sep-2022 06:56:58.419,-35.2078435711921,-5.805322100221505,0.0,6.0,18.380830054661807,201.5863037109375,-0.22,5.84,7.83,-0.01,13.33,0.01,0.01,0.06,-0.03,14.9,7.45,14.7,19.61,91,19.57,1013.83,14.65,668.9,1,343.61,227,0,84,-,38.43,30.2,788,19.61,47.12,1.4,48.63,-5.47,4.69,4.69,-,0.81,6,18.38,201.59,-5.81,-35.21,25,0,-,39,0,11.04,9.06,3.83,0,31.19,0.79,0.83,3.53,1396,0,0,13.73,3.5,-,11.04,9.06,31.19,6.24,1264.42,896.64,367.78,-9.86,14.12,14.3,29
Mon Sep 26 06:56:58 GMT-03:00 2022,26-Sep-2022 06:56:59.419,-35.2078435711921,-5.805322100221505,0.039548445492982864,6.0,18.358134487135725,199.5157928466797,-0.12,5.99,7.89,0.01,13.33,0,0,0.05,-0.04,14.9,7.45,14.7,19.61,91,19.55,1013.8,14.65,665.9,1,343.59,227,0,84,-,34.12,30.2,774.5,19.61,47.13,1.1,48.63,-5.47,0.78,4.69,-,0.81,6,18.36,199.52,-5.81,-35.21,23,0.14,-,39,0,11.04,9.06,3.02,0,31.19,0.79,0.81,3.53,1397,0.14,0,13.33,-1.5,-,11.04,9.06,31.19,6.24,1265.43,896.64,368.79,-10.9,14.12,14.4,28
Mon Sep 26 06:56:59 GMT-03:00 2022,26-Sep-2022 06:57:00.420,-35.2078435711921,-5.805322100221505,0.02363850735127926,6.0,18.286738791258454,199.50836181640625,-0.26,5.92,7.93,0.01,12.94,0,0.02,0.06,-0.03,14.9,7.45,14.7,19.61,91,19.53,1013.82,14.65,665.9,1,332.49,227,0,84,-,30.59,23.53,747,19.61,47.15,1.06,47.06,-7.03,-2.34,0,-,0.81,6,18.29,199.51,-5.81,-35.21,25,0.09,-,39,0,11.04,9.06,2.91,0,31.18,0.82,0.8,2.75,1398,0.09,0,13.33,-1.5,-,11.04,9.06,31.18,6.24,1266.43,896.64,369.79,-10.98,14,14.2,27
Mon Sep 26 06:57:00 GMT-03:00 2022,26-Sep-2022 06:57:01.420,-35.2078435711921,-5.805322100221505,0.035031262785196304,6.0,18.344500829908213,199.49386596679688,-0.22,5.9,7.93,0.01,12.94,0,0.01,0.05,-0.04,14.9,7.45,14.7,19.61,91,19.53,1013.81,14.65,662.2,1,332.49,227,0,84,-,30.59,23.92,747,19.61,47.15,1.06,46.67,-7.03,-2.34,-3.12,-,0.81,6,18.34,199.49,-5.81,-35.21,26,0.09,-,39,0,11.04,9.06,2.91,0,31.18,0.6,0.8,2.75,1399,0.13,0,13.33,4.5,-,11.04,9.06,31.18,6.24,1267.42,896.64,370.78,-10.98,14.12,14.4,27
Mon Sep 26 06:57:01 GMT-03:00 2022,26-Sep-2022 06:57:02.436,-35.2078435711921,-5.805322100221505,0.013762375339865685,4.0,18.305070635619522,199.48556518554688,-0.14,5.89,7.91,0,12.94,0,0.01,0.06,-0.03,14.9,7.45,14.7,19.61,91,19.51,1013.81,14.65,660.5,1,329.71,227,0,84,-,29.8,23.92,751.5,19.61,47.18,1.02,46.67,-7.03,1.56,2.34,-,0.81,4,18.31,199.49,-5.81,-35.21,26,0.13,-,39,0,11.04,9.06,2.8,0,31.18,0.09,0.8,2.75,1399,0.05,0,13.33,5,-,11.04,9.06,31.18,6.24,1268.41,896.64,371.77,-10.98,14.16,14.4,26
Mon Sep 26 06:57:02 GMT-03:00 2022,26-Sep-2022 06:57:03.419,-35.2078435711921,-5.805322100221505,0.0,6.0,18.207807662754746,199.47752380371094,-0.25,5.89,7.88,0,12.94,0,0.01,0.06,-0.03,14.9,7.45,14.7,19.61,91,19.49,1013.81,14.65,660.5,1,329.69,227,0,84,-,29.8,23.92,782.5,19.61,47.19,1.06,46.67,-7.03,4.69,4.69,-,0.81,6,18.21,199.48,-5.81,-35.21,26,0.05,-,39,0,11.04,9.06,2.91,0,31.18,0.16,0.81,2.75,1400,0,0,13.33,4.5,-,11.04,9.06,31.18,6.24,1269.4,896.64,372.76,-10.86,14.08,14.3,26
Mon Sep 26 06:57:03 GMT-03:00 2022,26-Sep-2022 06:57:04.421,-35.2078435711921,-5.805322100221505,0.0,6.0,18.17742918979988,199.46636962890625,-0.23,5.89,7.87,0,12.94,0,0.02,0.06,-0.03,14.9,7.45,14.7,19.61,91,19.47,1013.78,14.65,657.2,1,329.68,227,0,84,-,30.2,23.92,773,19.61,47.21,1.05,46.67,-7.03,3.12,2.34,-,0.81,6,18.18,199.47,-5.81,-35.21,28,0,-,39,0,11.04,9.06,2.88,0,31.18,0.83,0.81,2.75,1401,0,0,13.33,4.5,-,11.04,9.06,31.18,6.24,1270.43,896.64,373.79,-11.05,14.2,14.4,25
Mon Sep 26 06:57:04 GMT-03:00 2022,26-Sep-2022 06:57:05.419,-35.2078435711921,-5.805322100221505,0.0,6.0,18.13147611181626,199.45567321777344,-0.11,5.92,7.87,0,12.94,0,0,0.06,-0.03,14.9,7.45,14.7,19.61,91,19.45,1013.82,14.65,657.2,1,329.66,227,0,84,-,30.2,23.92,768.5,19.61,47.23,1.06,46.67,-7.03,0,-0.78,-,0.81,6,18.13,199.46,-5.81,-35.21,27,0,-,39,0,11.04,9.06,2.91,0,31.18,0.8,0.81,2.75,1403,0,0,12.94,5,-,11.04,9.06,31.18,6.24,1271.42,896.64,374.79,-10.97,14.12,14.4,25
Mon Sep 26 06:57:05 GMT-03:00 2022,26-Sep-2022 06:57:06.418,-35.2078435711921,-5.805322100221505,0.021928874775767326,6.0,18.111486430398205,199.4472198486328,-0.19,5.91,7.87,0,12.94,0.01,0.01,0.06,-0.03,14.9,7.45,14.7,19.61,91,19.43,1013.83,14.65,657.2,1,324.11,227,0,84,-,29.8,23.92,762,19.61,47.25,1.02,45.88,-7.03,-3.12,-1.56,-,0.81,6,18.11,199.45,-5.81,-35.21,28,0.08,-,39,0,11.04,9.06,2.8,0,31.18,0.36,0.81,2.75,1404,0.08,0,12.94,6,-,11.04,9.06,31.18,6.24,1272.43,896.64,375.79,-11.09,14.04,14.3,25
Mon Sep 26 06:57:06 GMT-03:00 2022,26-Sep-2022 06:57:07.419,-35.2078435711921,-5.805322100221505,0.019101861864328384,6.0,18.12224765048797,199.442626953125,-0.28,5.89,7.81,-0.01,13.33,0.01,0.01,0.06,-0.03,14.9,7.45,14.7,19.61,91,19.43,1013.81,14.65,654.3,1,326.86,227,0,84,-,29.8,26.67,814.5,19.61,47.28,1.22,46.27,-7.03,-3.12,-1.56,-,0.82,6,18.12,199.44,-5.81,-35.21,29,0.08,-,39,0,11.04,9.06,3.33,0,31.18,0.36,0.81,3.14,1405,0.07,0,12.94,6,-,11.04,9.06,31.18,6.24,1273.41,896.64,376.78,-10.38,14.04,14.4,26
Mon Sep 26 06:57:07 GMT-03:00 2022,26-Sep-2022 06:57:08.420,-35.2078435711921,-5.805322100221505,0.020355453714728355,6.0,18.10277192101121,199.44149780273438,-0.13,5.93,7.91,0.01,13.73,0,0,0.05,-0.04,14.9,7.45,14.7,19.61,91,19.41,1013.83,14.65,652.4,1,326.85,227,0,84,-,35.29,31.37,814.5,19.61,47.3,1.37,46.27,-6.25,2.34,2.34,-,0.82,6,18.1,199.44,-5.81,-35.21,28,0.07,-,39,0,11.04,9.06,3.74,0,31.17,0.1,0.81,3.53,1406,0.07,0,13.73,12.5,-,11.04,9.06,31.17,6.24,1274.41,896.64,377.77,-10.16,13.7,13.9,27
Mon Sep 26 06:57:08 GMT-03:00 2022,26-Sep-2022 06:57:09.420,-35.2078435711921,-5.805322100221505,0.026581719517707825,6.0,18.03231325208908,199.4341583251953,-0.16,5.89,7.79,-0.01,13.33,0.01,0.01,0.06,-0.03,14.9,7.45,14.7,19.61,91,19.4,1013.76,14.65,652.4,1,326.85,227,0,84,-,38.43,30.59,794.5,19.61,47.3,1.37,46.27,-5.47,4.69,4.69,-,0.82,6,18.03,199.43,-5.81,-35.21,28,0.07,-,39,0,11.04,9.06,3.74,0,31.17,0.8,0.82,3.53,1406,0.1,0,13.73,3,-,11.04,9.06,31.17,6.24,1275.38,896.64,378.74,-10.16,14.12,14.4,27
Mon Sep 26 06:57:09 GMT-03:00 2022,26-Sep-2022 06:57:10.418,-35.2078435711921,-5.805322100221505,0.015504168346524239,6.0,18.036767213846343,199.43136596679688,-0.17,5.91,7.8,-0,13.33,0,0,0.06,-0.03,14.9,7.45,14.7,19.61,91,19.38,1013.83,14.65,649.1,1,326.83,227,0,84,-,37.65,30.59,783.5,19.61,47.33,1.33,46.27,-5.47,0.78,0,-,0.82,6,18.04,199.43,-5.81,-35.21,26,0.1,-,39,0,11.04,9.06,3.63,0,31.17,0.78,0.81,3.53,1407,0.06,0,13.73,4.5,-,11.04,9.06,31.17,6.24,1276.39,896.64,379.76,-10.18,14.14,14.4,28
Mon Sep 26 06:57:10 GMT-03:00 2022,26-Sep-2022 06:57:11.419,-35.2078435711921,-5.805322100221505,0.03738022595643997,6.0,18.082762408203358,199.42660522460938,-0.13,5.91,7.88,0,13.33,0,0,0.06,-0.04,14.9,7.45,14.7,19.61,91,19.36,1013.81,14.65,649.1,1,329.59,227,0,84,-,38.82,30.59,769.5,19.61,47.35,1.37,46.67,-5.47,0.78,1.56,-,0.82,6,18.08,199.43,-5.81,-35.21,24,0.13,-,39,0,11.03,9.06,3.74,0,31.17,0.11,0.81,3.53,1409,0.13,0,13.73,3,-,11.03,9.06,31.17,6.24,1277.35,896.64,380.71,-9.98,14.12,14.4,29
Mon Sep 26 06:57:11 GMT-03:00 2022,26-Sep-2022 06:57:12.419,-35.2078435711921,-5.805322100221505,0.020480947569012642,6.0,18.044737917489876,199.42405700683594,-0.16,5.94,7.96,0.01,13.33,0,0.01,0.05,-0.05,14.9,7.45,14.7,19.61,91,19.34,1013.81,14.65,647.5,1,329.57,227,0,84,-,38.82,30.59,768.5,19.61,47.38,1.36,46.67,-5.47,3.12,3.12,-,0.82,6,18.04,199.42,-5.81,-35.21,24,0.07,-,39,0,11.03,9.06,3.72,0,31.17,0.81,0.81,3.53,1410,0.07,0,13.73,3.5,-,11.03,9.06,31.17,6.24,1278.3,896.64,381.66,-9.92,14.2,14.4,30
Mon Sep 26 06:57:12 GMT-03:00 2022,26-Sep-2022 06:57:13.420,-35.2078435711921,-5.805322100221505,0.023912278935313225,6.0,18.093395151523403,199.410888671875,-0.23,5.96,7.86,0,13.33,0,0.02,0.06,-0.04,14.9,7.45,14.7,19.61,91,19.32,1013.83,14.65,647.5,1,329.56,227,0,84,-,38.04,30.2,765,19.61,47.4,1.31,46.67,-5.47,-1.56,3.12,-,0.82,6,18.09,199.41,-5.81,-35.21,26,0.09,-,39,0,11.03,9.06,3.58,0,31.17,0.81,0.8,3.53,1411,0.09,0,13.73,4.5,-,11.03,9.06,31.17,6.24,1279.4,896.64,382.77,-10.09,14.2,14.4,30
Mon Sep 26 06:57:13 GMT-03:00 2022,26-Sep-2022 06:57:14.420,-35.2078435711921,-5.805322100221505,0.021438779309391975,6.0,18.112411662267093,199.40150451660156,-0.09,5.93,7.84,0,13.33,0,0,0.06,-0.04,14.9,7.45,14.7,19.61,91,19.3,1013.76,14.65,645,1,329.54,227,0,84,-,38.04,30.59,762,19.61,47.42,1.36,46.67,-5.47,-1.56,-2.34,-,0.82,6,18.11,199.4,-5.81,-35.21,26,0.08,-,39,0,11.03,9.06,3.72,0,31.17,0.75,0.81,3.53,1412,0.08,0,13.73,4.5,-,11.03,9.06,31.17,6.24,1280.42,896.64,383.79,-9.89,14.16,14.3,30
Mon Sep 26 06:57:14 GMT-03:00 2022,26-Sep-2022 06:57:15.420,-35.2078435711921,-5.805322100221505,0.03262776508927345,6.0,18.065249837244668,199.3966522216797,-0.16,5.89,7.84,-0,13.33,0,0,0.05,-0.04,14.9,7.45,14.7,19.61,91,19.28,1013.8,14.65,645,1,329.52,227,0,84,-,38.82,30.2,828.5,19.61,47.44,1.01,46.67,-5.47,-0.78,0,-,0.82,6,18.07,199.4,-5.81,-35.21,26,0.12,-,39,0,11.03,9.06,2.77,0,31.17,0.1,0.81,3.53,1413,0.12,0,13.73,3.5,-,11.03,9.06,31.17,6.24,1281.42,896.64,384.78,-11.1,14.14,14.3,29
Mon Sep 26 06:57:15 GMT-03:00 2022,26-Sep-2022 06:57:16.420,-35.2078435711921,-5.805322100221505,0.025477727875113487,6.0,18.097657774429095,199.38922119140625,-0.23,5.92,7.86,0,12.94,0,0.01,0.06,-0.04,14.9,7.45,14.7,19.61,91,19.28,1013.84,14.65,642.9,1,329.52,227,0,84,-,32.16,23.53,828.5,19.61,47.44,1.01,46.67,-7.03,1.56,1.56,-,0.82,6,18.1,199.39,-5.81,-35.21,27,0.12,-,39,0,11.03,9.06,2.77,0,31.17,0.82,0.83,2.75,1413,0.09,0,12.94,0,-,11.03,9.06,31.17,6.24,1282.42,896.64,385.78,-11.1,14.14,14.4,29
Mon Sep 26 06:57:16 GMT-03:00 2022,26-Sep-2022 06:57:17.421,-35.2078435711921,-5.805322100221505,0.023507433012127876,6.0,18.13652973743204,199.37718200683594,-0.27,5.96,7.9,0.01,12.94,0,0.02,0.06,-0.04,14.9,7.45,14.7,19.61,91,19.27,1013.81,14.65,642.9,1,329.49,227,0,84,-,29.41,23.53,762.5,19.61,47.48,1.03,46.67,-7.03,-1.56,-2.34,-,0.82,6,18.14,199.38,-5.81,-35.21,25,0.09,-,39,0,11.03,9.06,2.83,0,31.16,0.81,0.82,2.75,1415,0.08,0,12.94,6,-,11.03,9.06,31.16,6.24,1283.43,896.64,386.8,-11.02,14.08,14.4,26
Mon Sep 26 06:57:17 GMT-03:00 2022,26-Sep-2022 06:57:18.418,-35.2078435711921,-5.805322100221505,0.017262818291783333,6.0,18.142413445057272,199.36973571777344,-0.12,5.88,7.92,0,12.94,0,0.01,0.06,-0.04,14.9,7.45,14.7,19.61,91,19.25,1013.79,14.65,642.9,1,329.49,227,0,84,-,30.2,24.31,752.5,19.61,47.48,1.03,46.67,-7.03,-4.69,-4.69,-,0.82,6,18.14,199.37,-5.81,-35.21,24,0.08,-,39,0,11.03,9.06,2.83,0,31.16,0.62,0.82,2.75,1415,0.06,0,13.33,5,-,11.03,9.06,31.16,6.24,1284.4,896.64,387.76,-11.02,14.16,14.4,26
Mon Sep 26 06:57:18 GMT-03:00 2022,26-Sep-2022 06:57:19.419,-35.2078435711921,-5.805322100221505,0.03779417648911476,4.0,18.20423352255558,199.36595153808594,-0.17,5.9,7.87,0,12.94,0,0.01,0.05,-0.03,14.9,7.45,14.7,19.61,91,19.23,1013.8,14.65,640.3,1,326.71,227,0,84,-,29.8,24.31,764,19.61,47.5,1.02,46.27,-7.03,-0.78,0,-,0.82,4,18.2,199.37,-5.81,-35.21,25,0.06,-,39,0,11.03,9.07,2.8,0,31.16,0.11,0.83,2.75,1416,0.14,0,13.33,5,-,11.03,9.07,31.16,6.24,1285.43,896.64,388.79,-11.01,14.16,14.4,26
Mon Sep 26 06:57:19 GMT-03:00 2022,26-Sep-2022 06:57:20.420,-35.20782205831948,-5.805282226796064,0.02438868023455143,4.0,18.255029439601632,199.35804748535156,-0.14,5.92,7.83,-0,12.94,0.01,0,0.06,-0.03,14.9,7.45,14.7,19.61,91,19.21,1013.81,14.65,639.2,1,326.7,227,0,84,-,30.2,24.31,772,19.61,47.52,1.05,46.27,-7.03,1.56,-0.78,-,0.82,4,18.26,199.36,-5.81,-35.21,25,0.14,-,39,0,11.03,9.07,2.88,0,31.16,0.81,0.83,2.75,1417,0.09,0,13.33,5,-,11.03,9.07,31.16,6.24,1286.43,896.64,389.79,-10.96,14.16,14.4,25
Mon Sep 26 06:57:20 GMT-03:00 2022,26-Sep-2022 06:57:21.417,-35.20782205831948,-5.805282226796064,0.02946551702916622,4.0,18.223592597941632,199.35105895996094,-0.14,5.89,7.88,0,12.94,0,0,0.05,-0.04,14.9,7.45,14.7,19.61,91,19.19,1013.83,14.65,639.2,1,326.68,227,0,84,-,29.8,23.92,769,19.61,47.54,1.05,46.27,-7.03,-3.91,-3.91,-,0.82,4,18.22,199.35,-5.81,-35.21,24,0.11,-,39,0,11.03,9.07,2.86,0,31.16,0.73,0.82,2.75,1419,0.11,0,13.33,5,-,11.03,9.07,31.16,6.24,1287.34,896.64,390.7,-11.03,14.18,14.4,25
Mon Sep 26 06:57:21 GMT-03:00 2022,26-Sep-2022 06:57:22.418,-35.20782205831948,-5.805282226796064,0.023238595575094223,4.0,18.253688015639195,199.3470458984375,-0.31,5.88,7.84,-0,12.94,0.01,0.01,0.07,-0.03,14.9,7.45,14.7,19.61,91,19.17,1013.82,14.65,639.2,1,326.67,227,0,84,-,32.16,23.92,762.5,19.61,47.56,1.06,46.27,-7.03,-1.56,-0.78,-,0.82,4,18.25,199.35,-5.81,-35.21,24,0.08,-,39,0,11.03,9.07,2.91,0,31.16,0.08,0.82,2.75,1420,0.08,0,13.73,0,-,11.03,9.07,31.16,6.24,1288.41,896.64,391.77,-10.95,14.08,14.4,25
Mon Sep 26 06:57:22 GMT-03:00 2022,26-Sep-2022 06:57:23.418,-35.20782205831948,-5.805282226796064,0.016408929601311684,4.0,18.23292606745408,199.32887268066406,-0.12,5.96,7.9,0.01,13.33,0,0.01,0.06,-0.04,14.9,7.45,14.7,19.61,91,19.15,1013.81,14.65,637.4,1,326.65,227,0,84,-,37.65,26.67,818.5,19.61,47.58,1.46,46.27,-6.25,1.56,-0.78,-,0.82,4,18.23,199.33,-5.81,-35.21,25,0.06,-,39,0,11.03,9.07,3.99,0,31.16,0.08,0.81,3.14,1421,0.06,0,14.51,12.5,-,11.03,9.07,31.16,6.24,1289.42,896.64,392.78,-9.53,13.46,14.4,27
Mon Sep 26 06:57:23 GMT-03:00 2022,26-Sep-2022 06:57:24.419,-35.20782205831948,-5.805282226796064,0.025546526536345482,4.0,18.212638800955204,199.34909057617188,-0.17,5.92,7.97,0.01,13.33,0,0,0.05,-0.04,14.9,7.45,14.7,19.61,91,19.14,1013.79,14.65,637.4,1,326.64,227,0,84,-,38.82,31.37,783.5,19.61,47.61,1.37,46.27,-5.47,3.91,2.34,-,0.82,4,18.21,199.35,-5.81,-35.21,25,0.09,-,39,0,11.03,9.07,3.74,0,31.15,0.11,0.81,3.53,1422,0.09,0,14.51,3.5,-,11.03,9.07,31.15,6.24,1290.37,896.64,393.73,-10.18,13.46,14.2,28
Mon Sep 26 06:57:24 GMT-03:00 2022,26-Sep-2022 06:57:25.420,-35.20782205831948,-5.805282226796064,0.08265892416238785,4.0,18.251082550651383,199.3379669189453,-0.28,5.96,7.88,0.01,13.33,0,0.02,0.05,-0.04,14.9,7.45,14.7,19.61,91,19.12,1013.81,14.65,635.2,1,326.62,227,0,84,-,38.82,30.59,764.5,19.61,47.63,1.34,46.27,-5.47,-1.56,0.78,-,0.82,4,18.25,199.34,-5.81,-35.21,25,0.3,-,39,0,11.03,9.07,3.66,0,31.15,0.81,0.81,3.53,1423,0.3,0,13.73,3.5,-,11.03,9.07,31.15,6.24,1291.33,896.64,394.69,-10.08,14.08,14.4,29
Mon Sep 26 06:57:25 GMT-03:00 2022,26-Sep-2022 06:57:26.419,-35.20782205831948,-5.805282226796064,0.026789726689457893,4.0,18.15900369857849,199.33995056152344,-0.2,5.92,7.96,0.01,13.33,0,0.01,0.05,-0.05,14.9,7.45,14.7,19.61,91,19.1,1013.82,14.65,635.2,1,326.61,227,0,85,-,38.82,30.98,755.5,19.61,47.65,1.37,46.27,-6.25,-1.56,-2.34,-,0.82,4,18.16,199.34,-5.81,-35.21,24,0.1,-,39,0,11.03,9.07,3.74,0,31.15,0.6,0.81,3.53,1424,0.1,0,13.73,4.5,-,11.03,9.07,31.15,6.24,1292.41,896.64,395.78,-9.87,14.08,14.3,30
Mon Sep 26 06:57:26 GMT-03:00 2022,26-Sep-2022 06:57:27.421,-35.20782205831948,-5.805282226796064,0.1261764019727707,6.0,18.24955057566588,199.32986450195312,-0.26,5.98,7.95,0.01,13.33,0,0.01,0.06,-0.05,14.9,7.45,14.7,19.61,91,19.1,1013.79,14.65,633.2,1,326.61,227,0,85,-,39.22,30.59,755.5,19.61,47.65,1.37,46.27,-5.47,1.56,2.34,-,0.82,6,18.25,199.33,-5.81,-35.21,25,0.1,-,40,0,11.03,9.07,3.74,0,31.15,0.1,0.81,3.53,1424,0.45,0,13.73,3.5,-,11.03,9.07,31.15,6.24,1293.31,896.64,396.68,-9.87,14.06,14.3,30
Mon Sep 26 06:57:27 GMT-03:00 2022,26-Sep-2022 06:57:28.420,-35.20782205831948,-5.805282226796064,0.014231343753635883,4.0,18.19362516902913,199.32447814941406,-0.19,5.97,7.91,0.01,13.33,0,0.02,0.06,-0.04,14.9,7.45,14.7,19.61,91,19.08,1013.79,14.65,632.1,1,326.59,227,0,85,-,38.43,30.59,776.5,19.61,47.68,1.36,46.27,-5.47,3.91,1.56,-,0.82,4,18.19,199.32,-5.81,-35.21,25,0.45,-,40,0,11.03,9.07,3.72,0,31.15,0.8,0.8,3.53,1425,0.05,0,13.73,4.5,-,11.03,9.07,31.15,6.24,1294.39,896.64,397.75,-9.82,14.12,14.4,30
Mon Sep 26 06:57:28 GMT-03:00 2022,26-Sep-2022 06:57:29.420,-35.20782205831948,-5.805282226796064,0.03880016878247261,3.0,18.15615544681698,199.3212890625,-0.3,5.95,7.9,0.01,13.33,0,0.01,0.05,-0.03,14.9,7.45,14.7,19.61,91,19.06,1013.84,14.65,632.1,1,326.58,227,0,85,-,38.82,30.59,775,19.61,47.7,1.38,46.27,-5.47,-1.56,-1.56,-,0.82,3,18.16,199.32,-5.81,-35.21,26,0.14,-,40,0,11.03,9.07,3.77,0,31.15,0.62,0.79,3.53,1426,0.14,0,13.73,3.5,-,11.03,9.07,31.15,6.24,1295.43,896.64,398.79,-9.89,14.14,14.3,31
Mon Sep 26 06:57:29 GMT-03:00 2022,26-Sep-2022 06:57:30.419,-35.20782205831948,-5.805282226796064,0.017565125599503517,3.0,18.153785658504113,199.3150177001953,-0.11,5.97,7.91,0.01,13.33,0,0.01,0.06,-0.04,14.9,7.45,14.7,19.61,91,19.04,1013.8,14.65,630.3,1,326.56,227,0,85,-,38.04,30.59,784,19.61,47.73,1.37,46.27,-6.25,2.34,3.12,-,0.82,3,18.15,199.32,-5.81,-35.21,27,0.06,-,41,0,11.03,9.07,3.74,0,31.15,0.1,0.79,3.53,1427,0.06,0,13.33,-3,-,11.03,9.07,31.15,6.24,1296.4,896.64,399.77,-9.92,14.14,14.4,31
Mon Sep 26 06:57:30 GMT-03:00 2022,26-Sep-2022 06:57:31.419,-35.20782205831948,-5.805282226796064,0.026694390922784805,4.0,18.118009030275683,199.30557250976562,-0.15,5.94,7.81,-0,12.55,0,0,0.06,-0.03,14.9,7.45,14.7,19.61,91,19.03,1013.78,14.65,630.3,1,326.55,227,0,85,-,29.8,23.14,784,19.61,47.75,1.03,46.27,-6.25,3.91,3.91,-,0.82,4,18.12,199.31,-5.81,-35.21,27,0.1,-,41,0,11.03,9.07,2.83,0,31.15,0.81,0.79,2.75,1429,0.1,0,13.33,5,-,11.03,9.07,31.15,6.24,1297.41,896.64,400.78,-11.1,14.16,14.4,29
Mon Sep 26 06:57:31 GMT-03:00 2022,26-Sep-2022 06:57:32.419,-35.20782205831948,-5.805282226796064,0.017710797488689423,4.0,18.027535783769416,199.30023193359375,-0.26,5.94,7.9,0.01,12.94,0,0.02,0.05,-0.04,14.9,7.45,14.7,19.61,91,19.01,1013.8,14.65,630.3,1,326.53,227,0,84,-,29.8,23.14,753,19.61,47.77,1.02,46.27,-7.03,0,-0.78,-,0.82,4,18.03,199.3,-5.81,-35.21,27,0.06,-,41,0,11.02,9.07,2.8,0,31.14,0.81,0.79,2.75,1430,0.06,0,13.33,5,-,11.02,9.07,31.14,6.24,1298.4,896.64,401.77,-11.13,14.12,14.4,28
Mon Sep 26 06:57:32 GMT-03:00 2022,26-Sep-2022 06:57:33.420,-35.20782205831948,-5.805282226796064,0.005222991108894348,4.0,17.97125473646242,199.2899169921875,-0.11,5.88,7.91,0,12.94,0,0,0.05,-0.04,14.9,7.45,14.7,19.61,91,19.01,1013.81,14.65,628.8,1,326.52,227,0,84,-,29.8,23.53,758,19.61,47.79,0.99,46.27,-7.03,0,-0.78,-,0.82,4,17.97,199.29,-5.81,-35.21,27,0.06,-,41,0,11.02,9.07,2.72,0,31.14,0.81,0.79,2.75,1431,0.02,0,13.33,5,-,11.02,9.07,31.14,6.24,1299.39,896.64,402.75,-11.09,14.12,14.4,27
Mon Sep 26 06:57:33 GMT-03:00 2022,26-Sep-2022 06:57:34.419,-35.20782205831948,-5.805282226796064,0.017722677439451218,4.0,17.935060684695582,199.2850799560547,-0.16,5.92,7.86,0,12.94,0,0,0.06,-0.03,14.9,7.45,14.7,19.61,91,18.99,1013.76,14.65,628,1,326.5,227,0,84,-,29.41,24.31,767.5,19.61,47.8,1.06,46.27,-7.03,-3.91,-4.69,-,0.82,4,17.94,199.29,-5.81,-35.21,26,0.02,-,41,0,11.02,9.07,2.91,0,31.14,0.62,0.8,2.75,1432,0.06,0,13.33,8,-,11.02,9.07,31.14,6.24,1300.43,896.64,403.79,-10.87,14.08,14.4,26
Mon Sep 26 06:57:34 GMT-03:00 2022,26-Sep-2022 06:57:35.417,-35.20782205831948,-5.805282226796064,0.032930102199316025,4.0,17.961350331070538,199.27627563476562,-0.19,5.91,7.87,0,12.94,0,0.01,0.06,-0.05,14.9,7.45,14.7,19.61,91,18.97,1013.82,14.65,628,1,326.5,227,0,84,-,30.98,23.53,767.5,19.61,47.8,1.06,46.27,-7.03,-0.78,0,-,0.82,4,17.96,199.28,-5.81,-35.21,27,0.06,-,41,0,11.02,9.07,2.91,0,31.14,0.1,0.83,2.75,1433,0.12,0,13.33,3.5,-,11.02,9.07,31.14,6.24,1301.4,896.64,404.76,-10.87,14.2,14.3,26
Mon Sep 26 06:57:35 GMT-03:00 2022,26-Sep-2022 06:57:36.421,-35.20782205831948,-5.805282226796064,0.018902026116847992,4.0,17.971554729710103,199.27101135253906,-0.22,5.93,7.93,0.01,12.94,0,0.02,0.06,-0.04,14.9,7.45,14.7,19.61,91,18.95,1013.79,14.65,626.5,1,326.49,227,0,84,-,29.41,23.92,778,19.61,47.82,1.03,46.27,-7.03,1.56,1.56,-,0.82,4,17.97,199.27,-5.81,-35.21,27,0.12,-,41,0,11.02,9.07,2.83,0,31.14,0.76,0.84,2.75,1433,0.07,0,13.33,5,-,11.02,9.07,31.14,6.24,1302.4,896.64,405.77,-11.02,14.16,14.4,26
Mon Sep 26 06:57:36 GMT-03:00 2022,26-Sep-2022 06:57:37.419,-35.20782205831948,-5.805282226796064,0.09899552166461945,4.0,17.97533573031595,199.27093505859375,-0.25,5.94,7.92,0.01,12.94,0,0.02,0.06,-0.04,14.9,7.45,14.7,19.61,91,18.94,1013.82,14.65,626.5,1,326.47,227,0,84,-,30.2,24.31,781.5,19.61,47.84,1.06,46.27,-7.03,-2.34,-3.12,-,0.82,4,17.98,199.27,-5.81,-35.21,26,0.36,-,41,0,11.02,9.07,2.91,0,31.14,0.75,0.83,3.14,1434,0.36,0,13.33,4.5,-,11.02,9.07,31.14,6.24,1303.42,896.64,406.78,-10.97,14.12,14.3,25
Mon Sep 26 06:57:37 GMT-03:00 2022,26-Sep-2022 06:57:38.419,-35.20782205831948,-5.805282226796064,0.014891954138875008,4.0,17.95202104781325,199.26287841796875,-0.23,5.94,7.9,0.01,13.33,0,0.01,0.05,-0.04,14.9,7.45,14.7,19.61,91,18.92,1013.84,14.65,624.9,1,326.46,227,0,84,-,32.16,24.31,774.5,19.61,47.86,1.18,46.27,-6.25,-2.34,-1.56,-,0.83,4,17.95,199.26,-5.81,-35.21,25,0.36,-,41,0,11.02,9.07,3.24,0,31.14,0.09,0.82,3.14,1435,0.05,0,13.33,0,-,11.02,9.07,31.14,6.24,1304.42,896.64,407.78,-10.57,14.12,14.4,26
Mon Sep 26 06:57:38 GMT-03:00 2022,26-Sep-2022 06:57:39.419,-35.20782205831948,-5.805282226796064,0.0,8.0,17.91710473772215,199.25047302246094,-0.21,5.88,7.8,-0.01,13.33,0.01,0.01,0.06,-0.03,14.9,7.45,14.7,19.61,91,18.9,1013.79,14.65,624.9,1,326.44,227,0,84,-,38.82,29.41,759,19.61,47.89,1.36,46.27,-6.25,2.34,2.34,-,0.83,8,17.92,199.25,-5.81,-35.21,23,0,-,41,0,11.02,9.07,3.72,0,31.14,0.1,0.81,3.14,1437,0,0,13.73,4.5,-,11.02,9.07,31.14,6.24,1305.37,896.64,408.73,-9.92,13.62,14,27
Mon Sep 26 06:57:39 GMT-03:00 2022,26-Sep-2022 06:57:40.420,-35.20782205831948,-5.805282226796064,0.0,8.0,17.97303197195468,199.24574279785156,-0.12,5.91,7.92,0,13.33,0,0.01,0.05,-0.05,14.9,7.45,14.7,19.61,91,18.88,1013.8,14.65,623.6,1,326.43,227,0,84,-,39.22,30.98,763,19.61,47.91,1.37,46.27,-6.25,4.69,2.34,-,0.83,8,17.97,199.25,-5.81,-35.21,26,0,-,41,0,11.02,9.07,3.74,0,31.13,0.1,0.81,3.53,1438,0,0,13.73,3,-,11.02,9.07,31.13,6.24,1306.37,896.64,409.74,-9.8,13.62,14,29
Mon Sep 26 06:57:40 GMT-03:00 2022,26-Sep-2022 06:57:41.420,-35.20782205831948,-5.805282226796064,0.0,6.0,17.99788361118561,199.2444305419922,-0.27,5.95,7.88,0.01,13.33,0,0.01,0.06,-0.03,14.9,7.45,14.7,19.61,91,18.88,1013.78,14.65,622.5,1,326.43,227,0,84,-,39.22,30.59,763,19.61,47.91,1.37,46.27,-5.47,4.69,2.34,-,0.83,6,18,199.24,-5.81,-35.21,24,0,-,41,0,11.02,9.07,3.74,0,31.13,0.81,0.8,3.53,1438,0,0,13.73,3,-,11.02,9.07,31.13,6.24,1307.35,896.64,410.71,-9.8,14.12,14.3,29
Mon Sep 26 06:57:41 GMT-03:00 2022,26-Sep-2022 06:57:42.420,-35.20782205831948,-5.805282226796064,0.015649721026420593,6.0,18.006277388310746,199.2494354248047,-0.11,5.92,7.95,0.01,13.33,0,0.01,0.06,-0.04,14.9,7.45,14.7,19.61,91,18.86,1013.81,14.65,621.2,1,326.41,227,0,84,-,39.22,30.59,770.5,19.61,47.95,1.37,46.27,-6.25,-1.56,-2.34,-,0.83,6,18.01,199.25,-5.81,-35.21,26,0,-,42,0,11.02,9.07,3.74,0,31.13,0.74,0.8,3.53,1439,0.06,0,13.73,3.5,-,11.02,9.07,31.13,6.24,1308.4,896.64,411.77,-9.83,14.1,14.4,30
Mon Sep 26 06:57:42 GMT-03:00 2022,26-Sep-2022 06:57:43.420,-35.20782205831948,-5.805282226796064,0.029294492676854134,6.0,18.00405028672436,199.26214599609375,-0.18,5.93,7.93,0.01,13.33,0,0,0.06,-0.04,14.9,7.45,14.7,19.61,91,18.85,1013.8,14.65,621.2,1,326.4,227,0,84,-,39.22,30.98,744.5,19.61,47.98,1.33,46.27,-6.25,-3.12,-2.34,-,0.83,6,18,199.26,-5.81,-35.21,26,0.11,-,42,0,11.02,9.07,3.63,0,31.13,0.09,0.79,3.53,1441,0.11,0,13.73,6,-,11.02,9.07,31.13,6.24,1309.41,896.64,412.77,-10,14.14,14.4,30
Mon Sep 26 06:57:43 GMT-03:00 2022,26-Sep-2022 06:57:44.420,-35.20782205831948,-5.805282226796064,0.010432237759232521,6.0,17.99938978550698,199.27188110351562,-0.22,5.98,7.94,0.01,13.33,0,0.01,0.06,-0.04,14.9,7.45,14.7,19.61,91,18.83,1013.79,14.65,621.2,1,326.38,227,0,84,-,38.82,30.98,775,19.61,48,1.37,46.27,-6.25,0.78,-2.34,-,0.83,6,18,199.27,-5.81,-35.21,26,0.04,-,42,0,11.02,9.07,3.74,0,31.13,0.09,0.79,3.53,1442,0.04,0,13.73,3.5,-,11.02,9.07,31.13,6.24,1310.41,896.64,413.77,-9.69,14.08,14.4,31
Mon Sep 26 06:57:44 GMT-03:00 2022,26-Sep-2022 06:57:45.418,-35.20782205831948,-5.805282226796064,0.03520724177360535,4.0,18.02584535054966,199.27467346191406,-0.16,5.89,7.88,0,13.33,0,0.01,0.06,-0.03,14.9,7.45,14.7,19.61,91,18.81,1013.82,14.65,619.4,1,326.37,227,0,85,-,32.16,30.2,863.5,19.61,48.02,1.15,46.27,-5.47,3.91,1.56,-,0.83,4,18.03,199.27,-5.81,-35.21,27,0.13,-,42,0,11.02,9.07,3.16,0,31.13,0.09,0.8,3.53,1443,0.13,0,13.73,3.5,-,11.02,9.07,31.13,6.24,1311.41,896.64,414.77,-10.62,14.08,14.4,30
Mon Sep 26 06:57:45 GMT-03:00 2022,26-Sep-2022 06:57:46.417,-35.20782205831948,-5.805282226796064,0.037203360348939896,4.0,18.123175995905633,199.2676544189453,-0.25,5.91,7.91,0,12.94,0,0.01,0.06,-0.05,14.9,7.45,14.7,19.61,91,18.79,1013.83,14.65,619.4,1,326.35,227,0,85,-,32.16,23.14,771.5,19.61,48.04,1.03,46.27,-7.03,3.91,3.91,-,0.83,4,18.12,199.27,-5.81,-35.21,27,0.13,-,42,0,11.02,9.08,2.83,0,31.13,0.82,0.81,2.75,1444,0.13,0,12.94,1.5,-,11.02,9.08,31.13,6.24,1312.39,896.64,415.76,-11.41,14.16,14.4,28
Mon Sep 26 06:57:46 GMT-03:00 2022,26-Sep-2022 06:57:47.416,-35.20782205831948,-5.805282226796064,0.04004133120179176,4.0,18.226003721179694,199.2706756591797,-0.3,5.87,7.86,-0,12.94,0,0.01,0.06,-0.03,14.9,7.45,14.7,19.61,91,18.79,1013.82,14.65,618,1,326.34,227,0,85,-,29.41,23.14,771.5,19.61,48.06,1.06,46.27,-7.03,1.56,0.78,-,0.83,4,18.23,199.27,-5.81,-35.21,28,0.13,-,42,0,11.02,9.08,2.91,0,31.13,0.83,0.81,2.75,1445,0.14,0,13.33,5,-,11.02,9.08,31.13,6.24,1313.41,896.64,416.78,-10.93,14.08,14.3,27
Mon Sep 26 06:57:47 GMT-03:00 2022,26-Sep-2022 06:57:48.417,-35.20782205831948,-5.805282226796064,0.12403590977191925,4.0,18.380251426713187,199.2664031982422,-0.09,5.9,7.84,-0,12.94,0,0,0.06,-0.04,14.9,7.45,14.7,19.61,91,18.78,1013.81,14.65,617.2,1,326.34,227,0,85,-,30.2,23.92,767,19.61,48.06,1.06,46.27,-7.03,-1.56,-2.34,-,0.83,4,18.38,199.27,-5.81,-35.21,26,0.14,-,42,0,11.02,9.08,2.91,0,31.13,0.73,0.81,2.75,1445,0.45,0,13.33,4.5,-,11.02,9.08,31.13,6.24,1314.42,896.64,417.79,-10.93,14.16,14.4,27
Mon Sep 26 06:57:48 GMT-03:00 2022,26-Sep-2022 06:57:49.416,-35.20782205831948,-5.805282226796064,0.052729085087776184,4.0,18.613387170917246,199.25669860839844,-0.22,5.89,7.82,-0,12.94,0,0.01,0.06,-0.03,14.9,7.45,14.7,19.61,91,18.76,1013.8,14.65,617.2,1,326.33,227,0,85,-,30.59,23.92,759.5,19.61,48.08,1.05,46.27,-7.03,-3.12,-2.34,-,0.83,4,18.61,199.26,-5.81,-35.21,26,0.19,-,42,0,11.02,9.08,2.86,0,31.12,0.1,0.81,2.75,1446,0.19,0,13.33,3.5,-,11.02,9.08,31.12,6.24,1315.41,896.64,418.77,-10.97,14.16,14.4,26
Mon Sep 26 06:57:49 GMT-03:00 2022,26-Sep-2022 06:57:50.418,-35.20782205831948,-5.805282226796064,0.06609290093183517,4.0,18.741866199967205,199.25584411621094,-0.08,5.93,7.84,-0,12.94,0,0,0.06,-0.03,14.9,7.45,14.7,19.61,91,18.74,1013.78,14.65,615.7,1,326.31,227,0,85,-,30.2,24.31,773,19.61,48.1,1.05,46.27,-7.03,0,0.78,-,0.83,4,18.74,199.26,-5.81,-35.21,26,0.24,-,42,0,11.02,9.08,2.88,0,31.12,0.25,0.82,2.75,1448,0.24,0,13.33,4.5,-,11.02,9.08,31.12,6.24,1316.4,896.64,419.76,-10.91,14.08,14.4,26
Mon Sep 26 06:57:50 GMT-03:00 2022,26-Sep-2022 06:57:51.421,-35.20782205831948,-5.805282226796064,0.012016783468425274,4.0,18.742633170076385,199.25062561035156,-0.17,5.86,7.89,-0,12.94,0,0.01,0.05,-0.04,14.9,7.45,14.7,19.61,91,18.72,1013.82,14.65,615.7,1,326.3,227,0,85,-,30.2,23.92,770.5,19.61,48.12,1.05,46.27,-7.03,-0.78,-1.56,-,0.83,4,18.74,199.25,-5.81,-35.21,25,0.04,-,42,0,11.02,9.08,2.86,0,31.12,0.8,0.82,2.75,1448,0.04,0,13.33,5,-,11.02,9.08,31.12,6.24,1317.36,896.64,420.72,-11,14.08,14.4,26
Mon Sep 26 06:57:51 GMT-03:00 2022,26-Sep-2022 06:57:52.418,-35.20782205831948,-5.805282226796064,0.09610845893621445,4.0,18.962937653450886,199.24774169921875,-0.22,5.89,7.86,-0,12.94,0,0.01,0.06,-0.03,14.9,7.45,14.7,19.61,91,18.71,1013.81,14.65,615.7,1,326.28,227,0,84,-,30.59,23.53,754,19.61,48.14,1.05,46.27,-7.03,-4.69,-4.69,-,0.83,4,18.96,199.25,-5.81,-35.21,25,0.35,-,42,0,11.02,9.08,2.86,0,31.12,0.56,0.82,2.75,1450,0.35,0,13.33,5,-,11.02,9.08,31.12,6.24,1318.4,896.64,421.76,-10.99,14.08,14.4,25
Mon Sep 26 06:57:52 GMT-03:00 2022,26-Sep-2022 06:57:53.420,-35.20782205831948,-5.805282226796064,0.045921191573143005,4.0,19.03858566824087,199.24110412597656,-0.21,5.88,7.8,-0.01,13.33,0,0.01,0.06,-0.03,14.9,7.45,14.7,19.61,91,18.69,1013.81,14.65,614.4,1,326.27,227,0,84,-,34.12,26.27,792,19.61,48.16,1.24,46.27,-7.03,-0.78,-4.69,-,0.83,4,19.04,199.24,-5.81,-35.21,24,0.17,-,42,0,11.02,9.08,3.38,0,31.12,0.56,0.82,3.14,1451,0.17,0,13.73,-2.5,-,11.02,9.08,31.12,6.24,1319.36,896.64,422.73,-10.22,14.08,14.3,27
Mon Sep 26 06:57:53 GMT-03:00 2022,26-Sep-2022 06:57:54.420,-35.20782205831948,-5.805282226796064,0.03168843314051628,4.0,19.088838783744517,199.23985290527344,-0.19,6.13,7.8,0.01,13.73,0,0,0.06,-0.05,14.9,7.45,14.7,19.61,91,18.67,1013.77,14.65,614.4,1,326.25,227,0,85,-,38.04,30.2,807,19.61,48.18,1.38,46.27,-6.25,3.12,0,-,0.83,4,19.09,199.24,-5.81,-35.21,29,0.11,-,42,0,11.02,9.08,3.77,0,31.12,0.09,0.81,3.92,1452,0.11,0,13.73,3.5,-,11.02,9.08,31.12,6.24,1320.37,896.64,423.73,-9.95,13.9,13.6,28
Mon Sep 26 06:57:54 GMT-03:00 2022,26-Sep-2022 06:57:55.420,-35.20782205831948,-5.805282226796064,0.040713198482990265,4.0,19.16194198904137,199.2393798828125,-0.05,6.94,6.97,0,13.33,0.01,0.01,0.14,-0.08,14.9,7.45,14.7,19.61,91,18.67,1013.82,14.65,612.6,1,326.24,227,0,85,-,38.04,31.37,807,19.61,48.26,3.79,46.27,-5.47,3.12,3.91,-,0.83,4,19.16,199.24,-5.81,-35.21,28,0.11,-,42,0,11.02,9.08,10.38,0,31.12,0.7,0.81,3.53,1453,0.15,0,13.73,3.5,-,11.02,9.08,31.12,6.24,1321.42,896.64,424.78,-1.95,13.04,13.3,42
Mon Sep 26 06:57:55 GMT-03:00 2022,26-Sep-2022 06:57:56.421,-35.20782205831948,-5.805282226796064,0.1688750833272934,4.0,19.184907225189367,199.24050903320312,0.05,7.34,6.9,0.02,20.39,0.02,0.01,0.21,-0.15,31.76,17.25,14.7,19.61,91,18.65,1013.77,14.65,610.5,1,326.24,227,0,85,-,67.84,58.43,1178.5,19.61,48.26,3.79,46.27,-3.12,-0.78,-2.34,-,0.83,4,19.18,199.24,-5.81,-35.21,27,0.15,-,42,0,11.02,9.08,10.38,0,31.12,0.47,0.87,10.59,1454,0.61,0,20.78,16.5,-,11.02,9.08,31.12,6.24,1322.43,896.64,425.79,-1.95,14.22,14.5,42
Mon Sep 26 06:57:56 GMT-03:00 2022,26-Sep-2022 06:57:57.420,-35.2078394630595,-5.805274085569417,1.4937807321548462,3.0,19.326708192459765,199.6087646484375,-0.12,7.23,6.49,-0.01,25.1,0.03,0,0.23,-0.15,34.9,18.04,14.7,19.61,91,18.64,1013.74,14.65,610.5,1,326.22,227,0,85,3.72,73.73,65.88,1762,19.61,48.36,6.09,46.27,-3.12,0,-1.56,-,0.83,3,19.33,199.61,-5.81,-35.21,27,5.39,5,42,0,11.01,9.08,16.66,0,31.11,0.81,0.81,15.29,1454,5.38,6,23.92,17,20.19,11.01,9.08,31.11,6.26,1323.43,897.55,425.88,-0.7,14.08,14.4,55
Mon Sep 26 06:57:57 GMT-03:00 2022,26-Sep-2022 06:57:58.420,-35.207850013039476,-5.805299346894998,3.100632667541504,3.0,19.442388097270843,199.95379638671875,-0.09,7.22,7.15,0.03,28.24,0.04,0.02,0.22,-0.13,35.69,18.04,14.7,19.61,91,18.64,1013.75,14.65,615.5,1,320.68,227,0,85,8.32,81.57,65.88,2123,19.61,48.52,8.15,45.49,-3.12,-4.69,-3.12,-,0.84,3,19.44,199.95,-5.81,-35.21,28,7.62,11.15,42,0.74,11,9.09,22.3,2.08,31.09,0.1,0.78,18.43,1455,11.16,13,27.84,16.5,37.41,11,9.09,31.09,6.26,1324.43,898.55,425.88,-2.16,14.04,14.4,63
Mon Sep 26 06:57:58 GMT-03:00 2022,26-Sep-2022 06:57:59.421,-35.20786587410543,-5.805338123999427,4.740688323974609,3.0,19.684337595028463,199.95742797851562,-0.48,6.98,7.1,0.01,28.24,-0.02,-0.03,0.12,-0.13,35.69,18.04,14.7,19.61,91,18.64,1013.72,14.65,615.5,1,320.4,227,0,85,11.91,83.14,70.98,2378,19.61,48.68,9.56,45.49,-3.12,-3.12,-3.91,-,0.84,3,19.68,199.96,-5.81,-35.21,28,1.93,15.97,42,1.36,11,9.09,26.16,3.84,31.06,0.76,0.75,14.9,1456,17.07,19,27.84,16.5,47.83,11,9.09,31.06,6.26,1325.4,899.52,425.88,-2.49,14.2,14.4,68
Mon Sep 26 06:57:59 GMT-03:00 2022,26-Sep-2022 06:58:00.419,-35.207885912411236,-5.80538797425076,6.058499813079834,3.0,19.95248817493437,199.7753448486328,-0.21,4.71,8.8,0.02,25.1,0,-0.01,-0.05,0.03,30.59,15.69,14.7,19.61,91,18.64,1013.69,14.65,615.5,1,314.62,227,0,84,10.97,44.71,60.78,2405,19.61,48.79,5.63,44.71,-3.12,-1.56,0,-,0.84,3,19.95,199.78,-5.81,-35.21,25,2.19,14.71,42,3.37,10.99,9.1,15.41,9.53,31.04,0.06,0.73,14.9,1457,21.81,24,15.69,3,43.54,10.99,9.1,31.04,6.26,1326.43,900.54,425.88,-8.25,14.2,14.4,62
Mon Sep 26 06:58:00 GMT-03:00 2022,26-Sep-2022 06:58:01.420,-35.20790748630861,-5.805441967223407,6.468492031097412,4.0,20.206037351950794,199.59310913085938,-0.14,6.83,7.79,0.05,12.94,0,-0.01,0.13,-0.09,21.96,17.25,14.7,19.61,91,18.64,1013.66,14.65,634.4,1,314.42,227,0,84,10.97,72.94,31.76,1702,19.61,48.94,6.7,44.71,-4.69,-1.56,0,-,0.84,4,20.21,199.59,-5.81,-35.21,27,3.29,14.71,42,3.58,10.98,9.11,18.33,10.12,31.02,0.06,0.73,3.92,1459,23.29,20,15.69,3,43.54,10.98,9.11,31.02,6.27,1327.41,901.53,425.88,-7.13,14.2,14.4,59
Mon Sep 26 06:58:01 GMT-03:00 2022,26-Sep-2022 06:58:02.420,-35.2079264982235,-5.805491775413744,5.844446659088135,4.0,20.51114088732336,199.6564483642578,-0.68,6.79,6.51,-0.04,25.49,0,-0.04,0.16,-0.14,29.41,14.9,14.7,19.61,91,18.64,1013.61,14.65,640.7,1,314.22,227,0,84,10.97,72.94,63.92,1702,19.61,49.08,8.12,44.71,-3.12,-0.78,-2.34,-,0.85,4,20.51,199.66,-5.81,-35.21,28,3.29,14.71,42,2.46,10.97,9.11,22.22,6.96,31,0.79,0.73,16.47,1460,21.04,20,25.88,15,43.54,10.97,9.11,31,6.27,1328.39,902.51,425.88,-1.76,14.12,14.4,66
Mon Sep 26 06:58:02 GMT-03:00 2022,26-Sep-2022 06:58:03.419,-35.207947576677235,-5.805547252757208,6.6219916343688965,4.0,20.765127320382415,199.02195739746094,-0.19,6.77,7.09,-0,25.49,0.09,0.04,0.19,-0.02,32.16,15.69,14.7,19.61,91,18.65,1013.55,14.65,653.6,1,314.22,227,0,84,9.31,72.94,63.92,2395,19.61,49.08,8.12,44.71,-3.12,-2.34,0,-,0.85,4,20.77,199.02,-5.81,-35.21,29,2.96,12.48,41,2.46,10.97,9.11,22.22,6.96,31,0.14,0.71,15.69,1460,23.84,24,26.27,18.5,37.12,10.97,9.11,31,6.29,1329.41,903.53,425.88,-1.76,14.22,14.4,66
Mon Sep 26 06:58:03 GMT-03:00 2022,26-Sep-2022 06:58:04.419,-35.20797029651852,-5.8056106844845035,7.534063816070557,4.0,21.11731415714196,198.9127197265625,-0.02,6.93,7.21,0.02,25.1,-0.03,-0.03,0.12,-0.14,34.51,15.69,14.7,19.61,91,18.66,1013.51,14.65,653.6,1,313.99,227,0,84,8.93,67.84,60.39,2514.5,19.61,49.26,8.22,44.71,-3.12,-1.56,0,-,0.85,4,21.12,198.91,-5.81,-35.21,28,0.88,11.97,41,2.92,10.97,9.12,22.49,8.25,30.98,0.16,0.7,14.9,1461,27.12,28,25.1,20,33.91,10.97,9.12,30.98,6.29,1330.39,904.5,425.88,-5.41,14.12,14.4,65
Mon Sep 26 06:58:04 GMT-03:00 2022,26-Sep-2022 06:58:05.420,-35.20799544107894,-5.805681030323989,8.340629577636719,3.0,21.554633764930518,199.0160369873047,-0.43,7.04,7.65,0.06,25.1,-0.01,-0.02,0.15,-0.15,34.51,17.65,14.7,19.61,91,18.67,1013.46,14.65,653.6,1,313.78,227,0,84,11.92,76.86,64.31,2432.5,19.61,49.43,9.2,44.71,-3.12,0,-2.34,-,0.85,3,21.55,199.02,-5.81,-35.21,26,1.97,15.98,39,3.05,10.96,9.12,25.16,8.6,30.96,0.75,0.7,14.9,1463,30.03,32,26.67,18,46.79,10.96,9.12,30.96,6.31,1331.37,905.49,425.88,-4.8,14.12,14.4,65
Mon Sep 26 06:58:05 GMT-03:00 2022,26-Sep-2022 06:58:06.420,-35.20802361348187,-5.8057577049552656,9.09705638885498,3.0,22.076233683235376,199.39202880859375,-0.4,7.11,7.39,0.04,25.88,0.02,0,0.13,-0.07,34.51,17.65,14.7,19.61,91,18.68,1013.36,14.65,675.7,1,310.82,227,0,85,10,76.47,66.67,2333.5,19.61,49.6,8.75,44.31,-3.12,-3.91,-2.34,-,0.86,3,22.08,199.39,-5.81,-35.21,28,2.25,13.41,39,3.66,10.95,9.13,23.94,10.33,30.94,0.75,0.7,16.47,1464,32.75,35,26.67,18.5,40.93,10.95,9.13,30.94,6.31,1332.21,906.33,425.88,-5.03,14.12,14.4,65
Mon Sep 26 06:58:06 GMT-03:00 2022,26-Sep-2022 06:58:07.423,-35.20805398655055,-5.805840813379243,9.792338371276855,3.0,22.801977254391147,199.7376251220703,-0.3,6.58,6.84,-0.03,27.84,0.04,-0.04,0.2,-0.11,38.82,20,14.7,19.61,91,18.7,1013.26,14.65,687,1,310.63,227,0,85,6.21,76.47,69.02,2429,19.61,49.8,9.66,44.31,-3.12,-3.91,0.78,-,0.86,3,22.8,199.74,-5.81,-35.21,26,1.75,8.32,39,3.62,10.95,9.14,26.44,10.23,30.92,0.14,0.69,18.04,1465,35.25,37,26.67,18.5,24.4,10.95,9.14,30.92,6.33,1333.42,907.53,425.88,-3.57,14.12,14.4,68
Mon Sep 26 06:58:07 GMT-03:00 2022,26-Sep-2022 06:58:08.420,-35.208086105886736,-5.805927003448006,10.370501518249512,8.0,22.843283944491013,199.84083557128906,-0.32,6.69,7.68,0.04,27.06,-0.01,-0.03,0.15,-0.14,34.9,18.04,14.7,19.61,91,18.7,1013.16,14.65,687,1,310.63,227,0,85,6.21,80.78,67.06,2429,19.61,49.8,9.66,44.31,-3.12,-1.56,-3.91,-,0.86,8,22.84,199.84,-5.81,-35.21,27,1.75,8.32,39,3.62,10.95,9.14,26.44,10.23,30.92,0.68,0.69,17.25,1465,37.33,37,27.84,17,24.4,10.95,9.14,30.92,6.33,1334.42,908.53,425.88,-3.57,14.14,14.4,68
Mon Sep 26 06:58:08 GMT-03:00 2022,26-Sep-2022 06:58:09.420,-35.208122620855455,-5.806014055646347,10.689291954040527,8.0,22.873920971541178,199.73703002929688,-0.46,6.54,7.35,0,26.67,0.03,-0.02,0.14,-0.06,34.51,17.65,14.7,19.61,91,18.72,1013.06,14.65,705.7,1,310.43,227,0,85,10.3,76.86,65.1,2483,19.61,49.99,9.52,44.31,-3.12,0.78,-1.56,-,0.86,8,22.87,199.74,-5.81,-35.21,28,2.67,13.81,38,3.89,10.94,9.14,26.05,10.98,30.9,0.8,0.69,16.86,1466,38.48,40,27.06,18,39.6,10.94,9.14,30.9,6.33,1335.42,909.54,425.88,-4.16,14.2,14.4,69
Mon Sep 26 06:58:09 GMT-03:00 2022,26-Sep-2022 06:58:10.421,-35.20816180358566,-5.806103501800002,10.974220275878906,8.0,23.150328157448907,199.6287078857422,-0.5,5.82,7.15,-0.06,26.67,-0.01,0.03,0.13,-0.12,34.51,17.65,14.7,19.61,91,18.74,1012.91,14.65,705.7,1,310.25,227,0,85,4.18,76.47,65.1,2547.5,19.61,50.15,9.64,44.31,-3.12,-2.34,-3.91,-,0.86,8,23.15,199.63,-5.81,-35.21,25,2.52,5.61,38,4.15,10.93,9.15,26.38,11.72,30.88,0.73,0.7,12.94,1467,39.51,41,27.06,19.5,15.68,10.93,9.15,30.88,6.33,1336.43,910.55,425.88,-4.3,14.2,14.4,69
Mon Sep 26 06:58:10 GMT-03:00 2022,26-Sep-2022 06:58:11.420,-35.20819386876673,-5.806202629277905,11.630763053894043,8.0,23.843361021689375,199.4665069580078,-0.25,6.91,7.23,0.02,22.75,0.08,-0.03,0.14,0,30.2,15.69,14.7,19.61,91,18.76,1012.82,14.65,705.7,1,310.07,227,0,86,3.69,75.69,54.9,2114.5,19.61,50.31,7.76,44.31,-3.12,0.78,0.78,-,0.87,8,23.84,199.47,-5.81,-35.21,20,0.13,4.94,38,5.28,10.93,9.15,21.24,14.92,30.87,0.69,0.7,12.94,1468,41.87,42,25.88,18.5,16.64,10.93,9.15,30.87,6.37,1337.35,911.47,425.88,-6.52,14.08,14.3,66
Mon Sep 26 06:58:11 GMT-03:00 2022,26-Sep-2022 06:58:12.420,-35.208232604674095,-5.8063062436744035,11.770668029785156,8.0,23.862810081528984,199.3539581298828,-0.4,6.4,7.62,0.01,26.27,0,0.02,0.15,-0.12,35.29,18.04,14.7,19.61,91,18.79,1012.73,14.65,718.1,1,309.92,227,0,86,3.41,82.35,67.06,2228.5,19.61,50.5,8.89,44.31,-3.12,-1.56,0.78,-,0.87,8,23.86,199.35,-5.81,-35.21,24,0.63,4.57,38,4.72,10.92,9.16,24.33,13.34,30.85,0.69,0.7,16.08,1470,42.37,43,25.88,18.5,14.61,10.92,9.16,30.85,6.37,1338.41,912.53,425.88,-3.44,14.08,14.3,68
Mon Sep 26 06:58:12 GMT-03:00 2022,26-Sep-2022 06:58:13.419,-35.20826432626678,-5.8064095807573155,11.863032341003418,8.0,24.139908284434416,199.3486328125,-0.94,6.63,7.48,0.02,27.84,0.03,0.02,0.09,-0.02,35.69,18.04,14.7,19.61,91,18.81,1012.59,14.65,724.7,1,309.76,227,0,86,4.46,82.35,70.59,2245,19.61,50.66,8.98,44.31,-3.12,-1.56,-2.34,-,0.87,8,24.14,199.35,-5.81,-35.21,25,1.29,5.98,37,4.79,10.92,9.16,24.58,13.52,30.84,0.78,0.71,18.04,1471,42.71,44,27.84,16.5,18.97,10.92,9.16,30.84,6.37,1339.4,913.51,425.88,-3.94,14.04,14.4,69
Mon Sep 26 06:58:13 GMT-03:00 2022,26-Sep-2022 06:58:14.419,-35.20830150090272,-5.806519940015542,12.141891479492188,8.0,25.233364343301403,199.32989501953125,-0.34,6.38,7.86,0.03,27.84,-0.04,-0.01,0.08,-0.12,34.12,17.25,14.7,19.61,91,18.81,1012.49,14.65,724.7,1,309.76,227,0,86,4.46,83.53,69.8,2245,19.61,50.66,8.98,43.92,-3.12,-3.12,-4.69,-,0.87,8,25.23,199.33,-5.81,-35.21,23,1.29,5.98,37,4.79,10.92,9.16,24.58,13.52,30.84,0.62,0.72,18.04,1472,43.71,44,28.63,13.5,18.97,10.92,9.16,30.84,6.41,1340.4,914.51,425.88,-3.94,14.02,14.4,69
Mon Sep 26 06:58:14 GMT-03:00 2022,26-Sep-2022 06:58:15.418,-35.208342467092336,-5.806630162089961,12.355629920959473,8.0,26.42931866195886,199.5059051513672,-0.34,6.32,6.92,-0.05,27.84,0.05,0,0.11,-0.01,36.08,18.43,14.7,19.61,91,18.83,1012.42,14.65,735.7,1,306.86,227,0,86,4.14,81.96,69.8,2275.5,19.61,50.83,8.94,43.92,-3.12,0,-1.56,-,0.88,8,26.43,199.51,-5.81,-35.21,21,1.29,5.56,37,4.92,10.91,9.17,24.47,13.9,30.82,0.79,0.72,18.04,1472,44.48,45,27.84,13.5,17.39,10.91,9.17,30.82,6.41,1341.42,915.53,425.88,-4.06,14.08,14.4,70
Mon Sep 26 06:58:15 GMT-03:00 2022,26-Sep-2022 06:58:16.420,-35.20838548141724,-5.806738416259647,12.452664375305176,8.0,26.374826913810654,199.61199951171875,-0.19,6.78,7.54,0.03,28.63,-0.06,-0.01,0.03,-0.1,35.69,18.43,14.7,19.61,91,18.86,1012.3,14.65,735.7,1,306.7,227,0,86,4.44,82.35,69.8,2307.5,19.61,50.98,9.17,43.92,-3.12,-2.34,-0.78,-,0.88,8,26.37,199.61,-5.81,-35.21,26,1.52,5.95,37,4.91,10.91,9.17,25.08,13.87,30.81,0.14,0.73,18.43,1473,44.83,46,29.02,14,18.36,10.91,9.17,30.81,6.41,1342.41,916.52,425.88,-3.94,14.12,14.4,70
Mon Sep 26 06:58:16 GMT-03:00 2022,26-Sep-2022 06:58:17.419,-35.208427226726386,-5.806849339957201,12.822406768798828,8.0,26.753265606685144,199.62904357910156,-0.35,6.09,7.12,-0.05,26.67,-0.01,0,0.09,-0.09,35.69,18.43,14.7,19.61,91,18.88,1012.2,14.65,746,1,306.55,227,0,87,9.82,79.61,69.8,2399,19.61,51.15,9.29,43.92,-3.12,0.78,-2.34,-,0.88,8,26.75,199.63,-5.81,-35.21,22,3.17,13.17,37,4.95,10.9,9.17,25.41,13.99,30.79,0.69,0.73,16.86,1474,46.16,48,27.45,15,39.09,10.9,9.17,30.79,6.41,1343.38,917.5,425.88,-3.95,14.08,14.4,71
Mon Sep 26 06:58:17 GMT-03:00 2022,26-Sep-2022 06:58:18.419,-35.208474983702196,-5.806960792047574,13.16480827331543,8.0,27.31835342178928,199.12432861328125,0.22,6.44,7.21,-0.02,26.67,0.01,0.05,0.09,-0.05,34.12,17.25,14.7,19.61,91,18.91,1012.13,14.65,746,1,306.4,227,0,87,8.18,76.08,65.88,2545.5,19.61,51.35,9.39,43.92,-3.12,1.56,-1.56,-,0.89,8,27.32,199.12,-5.81,-35.21,23,2.61,10.97,36,5.11,10.89,9.18,25.69,14.44,30.78,0.77,0.73,16.86,1476,47.39,50,27.06,17,30.7,10.89,9.18,30.78,6.42,1344.41,918.52,425.88,-4.25,14.12,14.4,71
Mon Sep 26 06:58:18 GMT-03:00 2022,26-Sep-2022 06:58:19.419,-35.2085205961553,-5.807087324322163,13.856985092163086,8.0,27.488531228124295,199.3690185546875,-0.34,6.1,7.38,-0.03,26.67,0.03,-0.03,0.12,-0.06,33.73,17.25,14.7,19.61,91,18.94,1012.02,14.65,751.5,1,306.25,227,0,87,10.74,74.9,64.71,2621.5,19.61,51.51,9.53,43.92,-3.12,-3.12,-1.56,-,0.89,8,27.49,199.37,-5.81,-35.21,20,2.11,14.4,36,5.25,10.89,9.18,26.08,14.82,30.76,0.77,0.73,16.86,1477,49.89,52,27.06,18,39.12,10.89,9.18,30.76,6.44,1345.32,919.43,425.88,-4.73,14.12,14.4,70
Mon Sep 26 06:58:20 GMT-03:00 2022,26-Sep-2022 06:58:20.419,-35.20855771726095,-5.807219842866201,14.528607368469238,12.0,27.765986756107853,199.62106323242188,-0.13,6.21,8.07,0.04,25.88,0,0.02,0.1,-0.07,32.16,16.47,14.7,19.61,91,18.98,1012,14.65,751.5,1,306.1,227,0,87,9.55,59.22,61.18,2674.5,19.61,51.66,7.7,43.92,-3.12,-0.78,-2.34,-,0.89,12,27.77,199.62,-5.81,-35.21,22,1.7,12.8,36,6.75,10.89,9.19,21.08,19.07,30.75,0.76,0.73,16.08,1478,52.3,54,27.06,18,34.09,10.89,9.19,30.75,6.46,1346.42,920.53,425.88,-6.86,14.12,14.4,65
Mon Sep 26 06:58:21 GMT-03:00 2022,26-Sep-2022 06:58:21.422,-35.208603762387916,-5.807353847151363,15.391277313232422,12.0,29.795025525481606,199.7078094482422,0.13,6.61,8.47,0.09,24.31,0.03,0.03,0.13,-0.06,33.33,17.25,14.7,19.61,91,18.98,1011.96,14.65,759.2,1,306.1,227,0,87,9.55,59.22,60,2674.5,19.61,51.66,7.7,43.92,-3.12,-0.78,1.56,-,0.89,12,29.8,199.71,-5.81,-35.21,24,1.7,12.8,36,6.75,10.89,9.19,21.08,19.07,30.75,0.09,0.73,14.51,1479,55.41,54,23.14,22.5,34.09,10.89,9.19,30.75,6.46,1347.41,921.52,425.88,-6.86,14.06,14.4,65
Mon Sep 26 06:58:22 GMT-03:00 2022,26-Sep-2022 06:58:22.419,-35.20864757564977,-5.807481351975875,15.224720001220703,8.0,30.084936231044185,199.8490447998047,-0.54,6.29,7.87,0.03,25.88,0.01,0,0.1,-0.06,33.33,17.25,14.7,19.61,91,19.01,1011.88,14.65,763,1,305.99,227,0,87,9.36,69.02,60,2759.5,19.61,51.86,9.36,43.92,-3.12,-3.12,-4.69,-,0.89,8,30.08,199.85,-5.81,-35.21,25,0.59,12.56,36,5.77,10.88,9.19,25.61,16.3,30.74,0.71,0.73,16.08,1479,54.81,56,25.49,21.5,32.4,10.88,9.19,30.74,6.47,1348.4,922.52,425.88,-5.38,14.1,14.4,65
Mon Sep 26 06:58:23 GMT-03:00 2022,26-Sep-2022 06:58:23.418,-35.208696299781565,-5.807619294210566,15.557804107666016,8.0,30.331100907834347,199.7660675048828,-0.19,6.76,8.27,0.09,27.45,-0.01,0.05,0.09,-0.08,32.94,16.86,14.7,19.61,91,19.04,1011.85,14.65,763,1,305.86,227,0,87,5.95,71.76,60,2799.5,19.61,52.02,9.61,43.92,-3.12,0.78,-0.78,-,0.9,8,30.33,199.77,-5.81,-35.21,24,2.19,7.98,36,5.83,10.88,9.19,26.3,16.46,30.72,0.77,0.73,17.65,1480,56.01,57,27.45,21,20.29,10.88,9.19,30.72,6.49,1349.42,923.54,425.88,-5.42,14.08,14.4,64
Mon Sep 26 06:58:24 GMT-03:00 2022,26-Sep-2022 06:58:24.419,-35.2087480419825,-5.807759323493006,16.160444259643555,8.0,29.945095723388075,199.73304748535156,0.04,5.92,8.02,0.01,27.45,-0.02,0.01,0.08,-0.09,32.94,16.86,14.7,19.61,91,19.08,1011.78,14.65,769,1,305.73,227,0,86,16.22,71.37,62.35,2880.5,19.61,52.21,10.07,43.92,-3.12,-0.78,1.56,-,0.9,8,29.95,199.73,-5.81,-35.21,27,1.82,21.75,36,5.66,10.87,9.2,27.55,15.99,30.71,0.27,0.73,16.47,1481,58.18,60,27.45,21.5,53.76,10.87,9.2,30.71,6.49,1350.42,924.54,425.88,-5.12,14.08,14.4,64
Mon Sep 26 06:58:25 GMT-03:00 2022,26-Sep-2022 06:58:25.419,-35.20880031975808,-5.807900377909933,16.527549743652344,8.0,29.755221930079284,199.7337646484375,0.03,6.21,8.6,0.08,26.27,-0.01,-0.01,0.01,-0.03,32.16,16.47,14.7,19.61,91,19.12,1011.71,14.65,769,1,305.6,227,0,86,5.31,32.94,59.22,2858,19.61,52.33,7.17,43.92,-3.12,0,1.56,-,0.9,8,29.76,199.73,-5.81,-35.21,28,1.5,7.12,36,8.37,10.87,9.2,19.61,23.65,30.7,0.11,0.73,16.47,1483,59.5,61,16.47,33,17.74,10.87,9.2,30.7,6.51,1351.41,925.53,425.88,-8.06,14.12,14.4,59
Mon Sep 26 06:58:26 GMT-03:00 2022,26-Sep-2022 06:58:26.419,-35.208856056310196,-5.8080394170050615,16.99056053161621,6.0,29.622949184307345,199.7945098876953,-0.3,6.03,7.11,-0.05,21.96,-0.03,-0.05,0.04,-0.07,28.63,14.9,14.7,19.61,91,19.16,1011.66,14.65,770.9,1,305.53,227,0,86,5.31,48.24,42.75,2829.5,19.61,52.49,7.16,43.92,-3.91,0.78,1.56,-,0.9,6,29.62,199.79,-5.81,-35.21,28,1.17,7.12,36,8.52,10.87,9.2,19.58,24.08,30.7,0.11,0.73,12.16,1484,61.17,60,20.39,26,17.74,10.87,9.2,30.7,6.54,1352.42,926.53,425.88,-8.02,14.12,14.4,55
Mon Sep 26 06:58:27 GMT-03:00 2022,26-Sep-2022 06:58:27.419,-35.20890853064698,-5.808180409898195,16.3367862701416,6.0,30.237478465151046,199.75021362304688,-0.08,6.47,8.03,0.05,20,-0.02,0,0.05,-0.07,28.63,14.9,14.7,19.61,91,19.19,1011.58,14.65,770.9,1,305.47,227,0,86,5.31,55.29,43.14,2859,19.61,52.62,7.96,43.92,-3.12,1.56,-0.78,-,0.91,6,30.24,199.75,-5.81,-35.21,25,1.19,7.12,36,7.54,10.86,9.2,21.77,21.3,30.69,0.79,0.71,10.2,1485,58.81,60,20.39,26,17.74,10.86,9.2,30.69,6.54,1353.43,927.54,425.88,-7.2,14.08,14.4,54
Mon Sep 26 06:58:28 GMT-03:00 2022,26-Sep-2022 06:58:28.420,-35.20896091066899,-5.8083256854485095,16.896934509277344,6.0,30.727492204464458,199.5310821533203,-0.44,7.25,9.84,0.24,22.75,0.04,-0.02,0.02,0.03,28.24,14.12,14.7,19.61,91,19.23,1011.48,14.65,772,1,305.39,227,0,86,5.95,55.29,43.53,2800.5,19.61,52.76,7.55,43.92,-3.12,1.56,-0.78,-,0.91,6,30.73,199.53,-5.81,-35.21,26,0.17,7.98,36,7.95,10.86,9.21,20.66,22.45,30.68,0.79,0.7,12.94,1486,60.83,61,23.92,24.5,20.3,10.86,9.21,30.68,6.58,1354.41,928.53,425.88,-7.65,14.1,14.4,52
Mon Sep 26 06:58:29 GMT-03:00 2022,26-Sep-2022 06:58:29.418,-35.209016564098974,-5.808472614600912,17.08469009399414,6.0,31.343024824732204,199.68064880371094,0.1,5.92,8.04,0.01,26.27,0.08,0.02,0.15,0,31.37,16.08,14.7,19.61,91,19.23,1011.41,14.65,773.2,1,305.39,227,0,86,5.95,56.08,59.22,2800.5,19.61,52.76,7.55,43.92,-3.12,0.78,0.78,-,0.91,6,31.34,199.68,-5.81,-35.21,28,0.17,7.98,36,7.95,10.86,9.21,20.66,22.45,30.68,0.79,0.7,16.08,1486,61.5,61,25.1,24.5,20.3,10.86,9.21,30.68,6.58,1355.41,929.52,425.88,-7.65,14.08,14.4,52
Mon Sep 26 06:58:30 GMT-03:00 2022,26-Sep-2022 06:58:30.418,-35.20907487743992,-5.8086227187548936,17.356517791748047,6.0,32.144369028794365,199.67926025390625,-1.26,6.02,7.52,-0.01,25.49,0.06,-0.05,0.09,0,31.76,16.47,14.7,19.61,91,19.27,1011.41,14.65,773.2,1,305.31,227,0,86,5.37,68.24,58.04,2768,19.61,52.95,9.54,43.92,-3.12,-1.56,-2.34,-,0.91,6,32.14,199.68,-5.81,-35.21,26,0.5,7.2,36,6.39,10.86,9.21,26.11,18.06,30.67,0.76,0.7,15.69,1487,62.48,62,25.88,22.5,18.53,10.86,9.21,30.67,6.61,1356.41,930.52,425.88,-5.62,14.06,14.3,55
Mon Sep 26 06:58:31 GMT-03:00 2022,26-Sep-2022 06:58:31.418,-35.20913136889673,-5.808773603721403,17.604372024536133,6.0,33.26601127034573,199.5067901611328,-0.7,5.94,7.89,0.01,28.24,0.01,0,0.06,-0.03,32.94,16.86,14.7,19.61,91,19.31,1011.39,14.65,777.7,1,305.2,227,0,86,6.42,72.55,58.04,2724,19.61,53.12,9.9,43.92,-3.12,-1.56,-0.78,-,0.92,6,33.27,199.51,-5.81,-35.21,24,0.52,8.61,36,6.26,10.85,9.21,27.08,17.7,30.66,0.21,0.7,18.43,1488,63.38,63,27.84,21,22.51,10.85,9.21,30.66,6.61,1357.4,931.52,425.88,-5.18,14.04,14.3,57
Mon Sep 26 06:58:32 GMT-03:00 2022,26-Sep-2022 06:58:32.417,-35.20918558673452,-5.808923212688737,17.590896606445312,6.0,33.53764446948856,199.5346221923828,0.96,5.59,8.39,0.03,28.24,-0.19,0.04,-0.03,-0.21,32.94,16.86,14.7,19.61,91,19.35,1011.28,14.65,777.7,1,305.08,227,0,86,6.23,73.73,65.49,2756,19.61,53.3,10.03,43.92,-3.12,0,-3.12,-,0.92,6,33.54,199.53,-5.81,-35.21,27,0.67,8.35,36,6.28,10.85,9.22,27.44,17.75,30.65,0.77,0.7,14.51,1489,63.33,64,26.67,21,21.58,10.85,9.22,30.65,6.65,1358.36,932.47,425.88,-4.9,14,14.3,59
Mon Sep 26 06:58:33 GMT-03:00 2022,26-Sep-2022 06:58:33.417,-35.20924096119428,-5.809077367234027,17.649856567382812,6.0,33.81501771282377,199.67230224609375,-0.41,5.74,8.3,0.03,21.57,-0.03,-0.08,0.01,-0.06,20.39,7.45,14.7,19.61,91,19.39,1011.17,14.65,780.9,1,304.97,227,0,86,6.23,21.96,34.12,2557,19.61,53.35,2.86,43.92,-3.12,1.56,3.12,-,0.92,6,33.82,199.67,-5.81,-35.21,23,0.54,8.35,36,22.36,10.86,9.21,7.83,63.18,30.68,0.06,0.7,14.51,1491,63.54,63,18.04,27,21.58,10.86,9.21,30.68,6.65,1359.43,933.54,425.88,-11.9,14.08,14.3,49
Mon Sep 26 06:58:34 GMT-03:00 2022,26-Sep-2022 06:58:34.417,-35.20929525942094,-5.809230158794723,17.602571487426758,6.0,33.80317743361829,199.6575164794922,0.51,6.61,9.94,0.22,21.18,0.09,0.07,0.11,0.03,27.84,14.12,14.7,19.61,91,19.43,1011.19,14.65,780.9,1,305.26,227,0,86,6.23,46.27,40.78,2681,19.61,53.45,6.33,43.92,-3.12,1.56,-0.78,-,0.92,6,33.8,199.66,-5.81,-35.21,28,0.37,8.35,36,9.95,10.86,9.21,17.33,28.1,30.67,0.79,0.7,10.98,1492,63.37,63,21.57,25.5,21.58,10.86,9.21,30.67,6.68,1360.39,934.5,425.88,-8.09,14.12,14.3,48
Mon Sep 26 06:58:35 GMT-03:00 2022,26-Sep-2022 06:58:35.420,-35.209347940779864,-5.809381318238768,17.60491943359375,6.0,34.05197931549826,199.57513427734375,-0.73,5.48,7.47,-0.06,20.39,0.05,-0.04,0.06,0.01,27.06,14.12,14.7,19.61,91,19.47,1011.11,14.65,780.9,1,307.96,227,0,85,-,50.2,38.82,2711.5,19.61,53.58,6.83,44.31,-3.12,0,-0.78,-,0.92,6,34.05,199.58,-5.81,-35.21,26,0.38,-,36,9.22,10.86,9.21,18.69,26.05,30.67,0.79,0.69,10.2,1493,63.38,63,22.35,25.5,-,10.86,9.21,30.67,6.68,1361.41,935.53,425.88,-7.9,14.16,14.4,47
Mon Sep 26 06:58:36 GMT-03:00 2022,26-Sep-2022 06:58:36.417,-35.20940294891761,-5.809531797239381,17.705490112304688,8.0,34.12180620210232,199.49765014648438,-0.45,5.43,7.76,-0.04,20.78,0,0,-0.02,0,24.31,12.55,14.7,19.61,91,19.47,1011.11,14.65,780.2,1,307.92,227,0,85,-,50.2,36.86,2711.5,19.61,53.65,3.26,44.31,-3.12,0,-2.34,-,0.93,8,34.12,199.5,-5.81,-35.21,26,0.38,-,36,19.35,10.86,9.2,8.91,54.65,30.69,0.76,0.69,10.98,1494,63.74,63,22.35,25.5,-,10.86,9.2,30.69,6.72,1362.4,936.52,425.88,-11.47,14.16,14.4,41
Mon Sep 26 06:58:37 GMT-03:00 2022,26-Sep-2022 06:58:37.417,-35.209460539068594,-5.809678907219137,17.26750373840332,8.0,34.41996165587864,199.54991149902344,0.04,5.66,9.49,0.12,14.12,0.08,-0.02,0.02,0.08,14.9,7.45,14.7,19.61,91,19.51,1011.08,14.5,779.2,1,307.92,227,0,85,-,22.75,13.73,2512.5,19.61,53.65,3.26,44.31,-4.69,-3.12,-3.91,-,0.93,8,34.42,199.55,-5.81,-35.21,27,1.74,-,36,19.35,10.86,9.2,8.91,54.65,30.69,0.8,0.69,4.31,1495,62.16,62,14.51,9.5,-,10.86,9.2,30.69,6.72,1363.4,937.52,425.88,-11.47,14.1,14.4,41
Mon Sep 26 06:58:38 GMT-03:00 2022,26-Sep-2022 06:58:38.417,-35.20951973298763,-5.809829824507409,17.104379653930664,8.0,34.59249755497012,199.90155029296875,-0.45,5.12,8.93,0.05,14.12,0.05,-0.03,0.04,0.02,14.9,7.45,29.4,19.61,91,19.55,1011.13,14.5,779.2,2,308.14,227,0,85,-,15.29,12.94,2397,19.61,53.68,1.86,44.31,-4.69,0,0,-,0.93,8,34.59,199.9,-5.81,-35.21,26,1.16,-,36,33.39,10.89,9.19,5.08,94.33,30.75,0.01,0.69,3.92,1495,61.58,61,14.51,1.5,-,10.89,9.19,30.75,6.75,1364.39,938.51,425.88,-12.55,14.12,14.4,34
Mon Sep 26 06:58:39 GMT-03:00 2022,26-Sep-2022 06:58:39.419,-35.209573636045654,-5.8099839931759245,16.853416442871094,8.0,34.33027743131956,199.29820251464844,-0.85,4.65,8.1,-0.05,13.73,-0.02,0,0,-0.03,14.9,7.45,13.66,19.61,91,19.58,1011.17,14.65,777.3,0.93,308.72,227,0,85,-,18.04,12.94,2241,19.61,53.72,2.03,44.31,-5.47,0,0,-,0.93,8,34.33,199.3,-5.81,-35.21,25,1.58,-,36,30.07,10.9,9.17,5.55,84.95,30.8,0.8,0.06,3.92,1496,60.67,60,15.29,11,-,10.9,9.17,30.8,6.75,1365.4,939.51,425.88,-12.26,14.08,14.4,29
Mon Sep 26 06:58:40 GMT-03:00 2022,26-Sep-2022 06:58:40.420,-35.20962496641973,-5.810132515532062,16.77075958251953,8.0,34.22111840359034,199.49082946777344,-0.52,5.32,7.82,-0.04,13.73,0.05,-0.01,0.08,0,14.9,7.84,13.66,19.61,91,19.62,1011.12,14.65,777.3,0.93,309.21,227,0,85,-,35.29,12.94,2064,19.61,53.75,1.92,44.31,-5.47,2.34,0,-,0.93,8,34.22,199.49,-5.81,-35.21,25,1.37,-,36,31.33,10.92,9.16,5.24,88.5,30.85,0.8,0.06,3.92,1497,60.37,59,18.43,24,-,10.92,9.16,30.85,6.79,1366.4,940.51,425.88,-12.38,14.08,14.4,26
Mon Sep 26 06:58:41 GMT-03:00 2022,26-Sep-2022 06:58:41.420,-35.209668883174366,-5.810270662997955,16.575345993041992,8.0,34.451816248701924,199.55113220214844,-0.17,5.16,7.96,-0.04,17.65,0.02,0.01,0.02,0.01,19.22,9.8,13.64,19.61,91,19.62,1011.15,14.65,773.6,0.93,312.47,227,0,84,-,35.29,28.24,2064,19.61,53.81,2.12,44.71,-3.91,2.34,2.34,-,0.93,8,34.45,199.55,-5.81,-35.21,24,1.37,-,36,27.83,10.94,9.14,5.8,78.63,30.89,0.87,0.12,7.84,1499,59.67,59,18.43,24,-,10.94,9.14,30.89,6.79,1367.4,941.51,425.88,-11.93,14.08,14.3,24
Mon Sep 26 06:58:42 GMT-03:00 2022,26-Sep-2022 06:58:42.419,-35.20971683025718,-5.810411542717496,16.662065505981445,8.0,34.68272408980633,199.9362030029297,0.16,5.38,8.67,0.04,17.65,0.04,0.04,0,0.04,19.22,9.8,13.36,19.61,91,19.65,1011.16,14.65,769,0.91,312.47,227,0,84,-,21.96,28.24,1918,19.61,53.81,2.12,44.71,-5.47,0,0,-,0.93,8,34.68,199.94,-5.81,-35.21,24,0.67,-,36,27.83,10.94,9.14,5.8,78.63,30.89,0.89,0.17,3.53,1499,59.98,59,14.12,4.5,-,10.94,9.14,30.89,6.82,1368.43,942.55,425.88,-11.93,14.14,14.4,24
Mon Sep 26 06:58:43 GMT-03:00 2022,26-Sep-2022 06:58:43.418,-35.20977493595312,-5.810541150888908,16.21657943725586,8.0,35.55043519939211,199.99163818359375,-0.39,4.78,9.23,0.06,13.73,0.04,-0.07,-0.04,0.07,14.9,7.45,13.36,19.61,91,19.69,1011.25,14.65,769,0.91,312.91,227,0,84,-,19.61,14.51,1579.5,19.61,53.85,1.49,44.71,-5.47,0,0,-,0.93,8,35.55,199.99,-5.81,-35.21,25,1.38,-,37,39.57,10.94,9.14,4.08,111.77,30.9,0.01,0.17,3.53,1500,58.38,57,13.73,-7.5,-,10.94,9.14,30.9,6.82,1369.42,943.54,425.88,-12.59,14.08,14.4,21
Mon Sep 26 06:58:44 GMT-03:00 2022,26-Sep-2022 06:58:44.420,-35.209824897113464,-5.810673315642802,15.631548881530762,8.0,35.694870542888765,199.90869140625,-0.92,4.89,8.55,0.01,13.73,0,-0.06,-0.04,0.02,14.9,7.45,29.4,19.61,91,19.69,1011.32,14.65,766,2,315.68,228,0,84,-,19.61,15.29,1690,19.61,53.88,1.53,45.1,-5.47,0,0,-,0.93,8,35.69,199.91,-5.81,-35.21,21,1.38,-,37,37.22,10.94,9.14,4.19,105.15,30.9,0.01,0.87,3.53,1502,56.27,57,13.73,-7.5,-,10.94,9.14,30.9,6.82,1370.41,944.52,425.88,-12.07,14.08,14.4,20
Mon Sep 26 06:58:45 GMT-03:00 2022,26-Sep-2022 06:58:45.420,-35.2098667236981,-5.810799569905753,14.5166015625,8.0,35.60007155718909,199.66001892089844,-0.52,4.03,6.2,-0.25,13.73,-0.07,-0.07,-0.07,-0.05,14.9,7.45,29.4,19.61,91,19.71,1011.33,14.65,766,2,315.71,228,0,84,-,18.43,14.51,1672,19.61,53.91,1.53,45.1,-5.47,0,0,-,0.93,8,35.6,199.66,-5.81,-35.21,20,5.27,-,37,33.3,10.96,9.13,4.19,94.08,30.96,0,0,3.92,1503,52.26,51,14.12,-4,-,10.96,9.13,30.96,6.87,1371.29,945.41,425.88,-12.24,14.12,14.3,19
Mon Sep 26 06:58:46 GMT-03:00 2022,26-Sep-2022 06:58:46.416,-35.20990343172474,-5.810919620745955,13.835870742797852,6.0,35.514560828681454,198.50906372070312,-0.93,5.64,6.89,-0.09,20.78,-0.08,-0.06,0.03,-0.14,27.84,14.51,14.03,19.61,91,19.74,1011.36,14.65,766,0.95,316.29,228,0,84,-,25.1,52.94,1672,19.61,54.01,5.39,45.1,-3.12,0,0,-,0.93,6,35.51,198.51,-5.81,-35.21,24,3.26,-,37,9.1,10.96,9.13,14.74,25.69,30.95,0.73,0.06,10.59,1504,49.81,49,22.75,17,-,10.96,9.13,30.95,6.87,1372.43,946.54,425.88,-6.09,14.12,14.4,29
Mon Sep 26 06:58:47 GMT-03:00 2022,26-Sep-2022 06:58:47.418,-35.209940572928865,-5.811039424547937,13.98774528503418,6.0,35.529937823046126,198.17881774902344,-0.22,7,8.11,0.09,23.14,-0.09,-0.01,0.02,-0.14,27.84,14.51,14.37,19.61,91,19.77,1011.32,14.65,748.5,0.98,316.29,228,0,84,-,65.88,52.94,1716,19.61,54.01,5.39,45.1,-3.12,0,0,-,0.93,6,35.53,198.18,-5.81,-35.21,23,0.19,-,37,9.1,10.96,9.13,14.74,25.69,30.95,0.87,0.8,13.33,1504,50.36,50,22.75,18,-,10.96,9.13,30.95,6.9,1373.41,947.53,425.88,-6.09,14.04,14.3,29
Mon Sep 26 06:58:48 GMT-03:00 2022,26-Sep-2022 06:58:48.420,-35.20997889127674,-5.811164063845632,14.499434471130371,6.0,35.55460957893022,198.51251220703125,-0.45,6.18,8.52,0.07,23.14,0.07,-0.01,0.09,0.02,31.76,16.08,14.37,19.61,91,19.8,1011.32,14.65,739.7,0.98,318.99,228,0,84,8.06,76.47,63.14,1768,19.61,54.15,6.45,45.49,-3.12,0,1.56,-,0.93,6,35.55,198.51,-5.81,-35.21,25,0.2,10.81,36,7.75,10.95,9.13,17.66,21.88,30.94,0.09,0.79,13.33,1505,52.2,52,25.1,13.5,43.53,10.95,9.13,30.94,6.9,1374.42,948.54,425.88,-4.65,14.04,14.4,38
Mon Sep 26 06:58:49 GMT-03:00 2022,26-Sep-2022 06:58:49.417,-35.21002190036939,-5.811291917336718,14.796168327331543,6.0,35.55346833870746,199.14295959472656,-0.11,5.66,7.54,-0.04,25.1,-0.05,0,0.03,-0.09,31.76,16.08,14.7,19.61,91,19.83,1011.3,14.65,739.7,1,318.91,228,0,84,8.06,78.43,65.49,1878,19.61,54.27,7.04,45.49,-3.12,-1.56,0,-,0.94,6,35.55,199.14,-5.81,-35.21,27,0.73,10.81,36,7.38,10.95,9.13,19.27,20.86,30.93,0.12,0.79,15.29,1507,53.27,54,25.49,14,43.53,10.95,9.13,30.93,6.93,1375.41,949.52,425.88,-4.1,14.14,14.4,47
Mon Sep 26 06:58:50 GMT-03:00 2022,26-Sep-2022 06:58:50.417,-35.21006496828661,-5.811420806459601,15.332310676574707,4.0,35.470438567303106,198.6389923095703,-0.79,6.25,7.84,0.02,24.71,0.02,-0.04,0.09,-0.04,32.16,16.47,14.7,19.61,91,19.86,1011.27,14.65,739.7,1,318.81,228,0,84,11.29,79.22,64.31,2188.5,19.61,54.42,8.13,45.49,-3.12,0,-2.34,-,0.94,4,35.47,198.64,-5.81,-35.21,25,0.8,15.13,36,6.64,10.95,9.14,22.24,18.77,30.92,0.69,0.77,14.9,1508,55.2,56,27.06,15,49.24,10.95,9.14,30.92,6.93,1376.4,950.51,425.88,-3.18,14,14.3,54
Mon Sep 26 06:58:51 GMT-03:00 2022,26-Sep-2022 06:58:51.419,-35.21010853601027,-5.81155609436846,15.839694023132324,4.0,35.44957929646046,198.56808471679688,-0.16,5.82,8.32,0.03,23.92,0.02,0.02,0.06,-0.02,27.45,14.12,14.7,19.61,91,19.89,1011.26,14.65,735.6,1,318.7,228,0,84,9.87,50.98,56.47,1962,19.61,54.51,4.74,45.49,-3.12,1.56,-2.34,-,0.94,4,35.45,198.57,-5.81,-35.21,24,0.98,13.23,36,11.81,10.95,9.13,12.97,33.37,30.92,0.69,0.77,14.12,1509,57.02,58,27.06,15,48.02,10.95,9.13,30.92,6.96,1377.39,951.51,425.88,-8.91,14,14.4,50
Mon Sep 26 06:58:52 GMT-03:00 2022,26-Sep-2022 06:58:52.417,-35.210153311786144,-5.811692411705132,16.116792678833008,6.0,35.47330868745947,198.50193786621094,-0.3,5.61,7.95,-0.01,17.25,0,0,0.03,-0.03,25.49,12.94,14.7,19.61,91,19.93,1011.24,14.65,736.7,1,318.72,228,0,84,9.87,49.02,38.04,1805.5,19.61,54.58,4.3,45.49,-3.91,2.34,2.34,-,0.94,6,35.47,198.5,-5.81,-35.21,21,0.02,13.23,36,13.48,10.95,9.13,11.77,38.09,30.93,0.1,0.76,7.45,1510,58.02,58,18.43,21,48.02,10.95,9.13,30.93,6.96,1378.42,952.54,425.88,-8.84,14.12,14.4,48
Mon Sep 26 06:58:53 GMT-03:00 2022,26-Sep-2022 06:58:53.417,-35.21020041387717,-5.811832247383345,16.365703582763672,6.0,35.67947980595525,198.6682891845703,-0.32,5.89,8.11,0.02,17.25,-0.01,0.03,0,-0.02,14.9,7.45,14.7,19.61,91,19.93,1011.2,14.65,736.7,1,318.72,228,0,84,9.87,49.02,33.73,1805.5,19.61,54.58,4.3,45.49,-3.91,2.34,3.12,-,0.94,6,35.68,198.67,-5.81,-35.21,24,0.02,13.23,36,13.48,10.95,9.13,11.77,38.09,30.93,0.16,0.75,8.24,1511,58.92,58,18.43,21.5,48.02,10.95,9.13,30.93,6.99,1379.41,953.53,425.88,-8.84,14.16,14.4,48
Mon Sep 26 06:58:54 GMT-03:00 2022,26-Sep-2022 06:58:54.417,-35.21024681703076,-5.811971250476966,16.418685913085938,6.0,35.882705860142174,198.98211669921875,-0.63,5.7,8.03,0,13.73,0,-0.03,0.04,-0.02,21.57,10.98,14.7,19.61,91,19.96,1011.26,14.65,736.5,1,318.79,228,0,84,9.87,26.67,19.22,1668.5,19.61,54.63,2.17,45.49,-5.47,-3.91,-5.47,-,0.94,6,35.88,198.98,-5.81,-35.21,23,0.92,13.23,36,26.72,10.96,9.12,5.94,75.47,30.97,0.68,0.74,3.92,1511,59.11,58,13.73,0.5,48.02,10.96,9.12,30.97,6.99,1380.41,954.53,425.88,-11.46,14.12,14.4,41
Mon Sep 26 06:58:55 GMT-03:00 2022,26-Sep-2022 06:58:55.418,-35.210295605170096,-5.8121086770767985,16.201444625854492,6.0,35.89739463309675,199.36737060546875,-0.26,5.69,7.9,-0.01,13.73,-0.03,-0.03,0.03,-0.07,21.57,10.98,14.7,19.61,91,20,1011.28,14.65,735.6,1,319.2,228,0,84,-,58.04,19.22,1514.5,19.61,54.7,3.79,45.49,-3.91,-1.56,-3.91,-,0.94,6,35.9,199.37,-5.81,-35.21,24,1.33,-,36,15.29,10.97,9.12,10.38,43.19,30.98,0.76,0.74,3.92,1512,58.33,57,19.22,17,-,10.97,9.12,30.98,7.02,1381.42,955.54,425.88,-8.63,14.16,14.3,41
Mon Sep 26 06:58:56 GMT-03:00 2022,26-Sep-2022 06:58:56.417,-35.210349943121535,-5.812247373016036,16.098037719726562,8.0,35.939638767619215,199.17514038085938,-0.39,5.29,8.26,-0,17.65,0,0,0,0,14.9,7.45,14.7,19.61,91,20.03,1011.23,14.65,735.6,1,319.31,228,0,84,-,32.55,38.43,1415,19.61,54.74,1.92,45.49,-5.47,-0.78,-0.78,-,0.94,8,35.94,199.18,-5.81,-35.21,22,0.95,-,36,29.76,10.98,9.1,5.24,84.08,31.03,0.08,0.74,7.84,1514,57.95,57,13.73,-4,-,10.98,9.1,31.03,7.02,1382.42,956.54,425.88,-11.3,14.12,14.4,36
Mon Sep 26 06:58:57 GMT-03:00 2022,26-Sep-2022 06:58:57.417,-35.210399524939405,-5.8123827943462025,16.159866333007812,8.0,36.06862472736408,199.2318878173828,-0.44,5.21,9.15,-0.02,12.94,-0.13,-0.11,-0.03,-0.15,14.9,7.45,14.7,19.61,91,20.06,1011.28,14.65,735.6,1,319.8,228,0,84,-,19.61,16.47,1325.5,19.61,54.76,1.24,45.49,-5.47,-3.12,0,-,0.94,8,36.07,199.23,-5.81,-35.21,21,2.18,-,36,46.14,10.99,9.1,3.38,130.35,31.03,0.79,0.74,3.14,1515,58.18,56,13.33,-10,-,10.99,9.1,31.03,7.05,1383.41,957.53,425.88,-12.34,14.12,14.4,31
Mon Sep 26 06:58:58 GMT-03:00 2022,26-Sep-2022 06:58:58.418,-35.210447750885564,-5.812523730271381,15.865076065063477,8.0,36.02862178161326,198.89004516601562,-0.43,4.67,8,-0.06,12.94,-0.05,-0.01,-0.06,-0.02,14.9,7.45,16.56,19.61,91,20.09,1011.35,14.65,734.4,1.13,319.83,228,0,84,-,18.82,15.69,1326.5,19.61,54.78,1.21,45.49,-6.25,0,0,-,0.94,8,36.03,198.89,-5.81,-35.21,23,2.11,-,36,46.43,10.99,9.1,3.3,131.16,31.03,0.79,0.74,3.14,1516,57.11,55,13.33,-10,-,10.99,9.1,31.03,7.05,1384.32,958.44,425.88,-12.24,14.12,14.4,27
Mon Sep 26 06:58:59 GMT-03:00 2022,26-Sep-2022 06:58:59.420,-35.210493372754094,-5.812652349252388,15.60317325592041,8.0,35.48734837048994,198.94789123535156,-0.22,5.23,8.31,-0,12.94,0.04,-0.02,0.03,0.02,14.9,7.45,29.4,19.61,91,20.12,1011.36,14.65,734.4,2,319.86,228,0,84,-,19.22,15.69,1342,19.61,54.8,1.25,45.49,-6.25,0,0,-,0.94,8,35.49,198.95,-5.81,-35.21,25,2.17,-,36,44.13,10.99,9.1,3.41,124.67,31.04,0,0.03,3.14,1517,56.17,54,13.33,-10.5,-,10.99,9.1,31.04,7.05,1385.4,959.52,425.88,-12.16,14.12,14.3,24
Mon Sep 26 06:59:00 GMT-03:00 2022,26-Sep-2022 06:59:00.419,-35.21053362966125,-5.81278803268668,15.400785446166992,6.0,34.76757567868408,198.92417907714844,-0.64,5.44,8.29,0.01,12.94,0.01,-0.03,0.01,0,14.9,7.45,29.4,19.61,91,20.12,1011.47,14.65,732.6,2,319.86,228,0,84,-,19.22,15.69,1342,19.61,54.8,1.25,45.88,-6.25,0,0,-,0.94,6,34.77,198.92,-5.81,-35.21,24,2.17,-,36,44.13,10.99,9.1,3.41,124.67,31.04,0,0,3.14,1518,55.44,54,13.33,-10.5,-,10.99,9.1,31.04,7.1,1386.43,960.54,425.88,-12.16,14.12,14.3,24
Mon Sep 26 06:59:01 GMT-03:00 2022,26-Sep-2022 06:59:01.420,-35.210577563231745,-5.812919256109574,15.392794609069824,6.0,34.13402232585103,198.60719299316406,-0.81,4.76,7.66,-0.08,12.94,0.05,0,0.06,0.02,14.9,7.45,29.4,19.61,91,20.15,1011.5,14.65,731.2,2,322.64,228,0,84,-,19.22,15.69,1340.5,19.61,54.83,1.25,45.88,-6.25,0,0,-,0.95,6,34.13,198.61,-5.81,-35.21,24,1.44,-,36,43.33,10.99,9.1,3.41,122.4,31.04,0,0,3.14,1518,55.41,54,13.33,-10.5,-,10.99,9.1,31.04,7.1,1387.43,961.54,425.88,-12.19,14.08,14.3,22
Mon Sep 26 06:59:02 GMT-03:00 2022,26-Sep-2022 06:59:02.420,-35.21061873048318,-5.813046660872069,15.162164688110352,8.0,34.199884075251646,198.4761962890625,0.36,5.09,8.36,-0,12.94,0,0.06,-0.02,0,14.9,7.45,29.4,19.61,91,20.18,1011.61,14.65,731.2,2,322.67,228,0,84,-,19.22,15.69,1346,19.61,54.85,1.22,45.88,-6.25,0,0,-,0.95,8,34.2,198.48,-5.81,-35.21,23,1.41,-,36,44.37,10.99,9.1,3.33,125.34,31.04,0,0,3.14,1519,54.58,54,13.33,-10.5,-,10.99,9.1,31.04,7.1,1388.43,962.55,425.88,-12.24,14.12,14.4,21
Mon Sep 26 06:59:03 GMT-03:00 2022,26-Sep-2022 06:59:03.419,-35.21065749324323,-5.813170313257857,15.034422874450684,8.0,34.22187395783175,198.78738403320312,-0.18,5.61,8.93,0.07,12.94,0,-0.05,0,0,14.9,7.45,29.4,19.61,91,20.21,1011.67,14.65,728.1,2,322.7,228,0,84,-,19.22,15.69,1352.5,19.61,54.87,1.24,45.88,-6.25,0,0,-,0.95,8,34.22,198.79,-5.81,-35.21,23,1.12,-,36,43.71,10.99,9.1,3.38,123.49,31.05,0,0,3.14,1520,54.12,53,13.33,-10.5,-,10.99,9.1,31.05,7.14,1389.39,963.51,425.88,-12.22,14.12,14.3,20
Mon Sep 26 06:59:04 GMT-03:00 2022,26-Sep-2022 06:59:04.419,-35.21069752533727,-5.813296958045475,14.880846977233887,8.0,34.249590623802064,198.77052307128906,-1.08,5.28,8.21,-0,12.94,0,-0.07,0,0,14.9,7.45,29.4,19.61,91,20.24,1011.69,14.65,728.1,2,322.73,228,0,84,-,19.61,15.69,1341.5,19.61,54.89,1.26,45.88,-6.25,0,0,-,0.95,8,34.25,198.77,-5.81,-35.21,21,1.57,-,36,42.16,10.99,9.1,3.44,119.09,31.05,0,0,3.14,1521,53.57,52,13.33,-10,-,10.99,9.1,31.05,7.14,1390.42,964.54,425.88,-12.19,14.12,14.4,19
Mon Sep 26 06:59:05 GMT-03:00 2022,26-Sep-2022 06:59:05.422,-35.21074107030086,-5.8134219169871235,14.63399600982666,8.0,34.447501528958746,198.76327514648438,-0.27,5.73,8.22,0.02,12.94,0.03,0.12,-0.03,0.05,14.9,7.45,29.4,19.61,91,20.27,1011.76,14.65,728.1,2,325.52,228,0,84,-,20.39,16.47,1362.5,19.61,54.92,1.24,46.27,-6.25,0,0,-,0.95,8,34.45,198.76,-5.81,-35.21,25,1.68,-,37,42.1,10.99,9.1,3.38,118.91,31.05,0,0.01,3.14,1523,52.68,51,13.33,-6,-,10.99,9.1,31.05,7.14,1391.41,965.53,425.88,-12.21,14.04,14.4,18
Mon Sep 26 06:59:06 GMT-03:00 2022,26-Sep-2022 06:59:06.419,-35.21077626442101,-5.813548725321735,14.262654304504395,8.0,34.513175035203616,198.7389678955078,-0.27,6.04,7.99,0.02,13.33,0.02,0,0.07,-0.02,14.9,7.84,17.23,19.61,91,20.29,1011.76,14.65,724,1.17,328.31,228,0,84,-,20.39,18.04,1372.5,19.61,55.04,5.28,46.67,-5.47,0,0,-,0.95,8,34.51,198.74,-5.81,-35.21,23,2.35,-,37,9.66,10.99,9.1,14.44,27.3,31.05,0,0.01,3.14,1524,51.35,49,13.33,-6,-,10.99,9.1,31.05,7.19,1392.41,966.53,425.88,-4.35,14.04,14.3,31
Mon Sep 26 06:59:07 GMT-03:00 2022,26-Sep-2022 06:59:07.419,-35.21081388659902,-5.813674473219746,13.995047569274902,8.0,34.22249153262502,198.88449096679688,-0.46,6.45,8.69,0.1,19.61,0.01,-0.01,0.03,0,25.1,12.94,13.69,19.61,91,20.29,1011.74,14.65,717.6,0.93,328.27,228,0,84,-,64.71,53.33,1503,19.61,55.11,4.67,46.67,-3.12,0,0,-,0.95,8,34.22,198.88,-5.81,-35.21,23,2.35,-,36,10.5,10.99,9.1,12.77,29.66,31.05,0.89,0.09,9.41,1525,50.38,49,20,11,-,10.99,9.1,31.05,7.19,1393.43,967.54,425.88,-5.64,14.1,14.4,38
Mon Sep 26 06:59:08 GMT-03:00 2022,26-Sep-2022 06:59:08.420,-35.21085333526628,-5.813801217728061,14.15900707244873,8.0,34.1953189384886,199.5635528564453,-0.91,5.81,8.46,0.05,19.61,0.05,-0.06,0.05,0.01,14.9,7.45,14.55,19.61,91,20.32,1011.71,14.65,717.6,0.99,328.27,228,0,84,5.09,65.1,49.02,1503,19.61,55.11,4.67,46.67,-3.12,0,0,-,0.95,8,34.2,199.56,-5.81,-35.21,25,0.38,6.82,36,10.5,10.99,9.1,12.77,29.66,31.05,0.8,0.84,9.8,1526,50.97,50,20,15,32.31,10.99,9.1,31.05,7.19,1394.43,968.55,425.88,-5.64,14.04,14.3,38
Mon Sep 26 06:59:09 GMT-03:00 2022,26-Sep-2022 06:59:09.421,-35.21089657674556,-5.8139279709464295,14.221920013427734,8.0,34.46551055307807,199.5703125,-0.27,5.04,7.82,-0.05,12.94,0.08,0.01,0.05,0.06,14.9,7.45,14.7,19.61,91,20.35,1011.69,14.65,704.6,1,328.26,228,0,83,4.59,39.22,17.25,1432.5,19.61,55.16,2.59,46.67,-5.47,3.12,2.34,-,0.95,8,34.47,199.57,-5.81,-35.21,24,0.03,6.16,37,19.32,11,9.09,7.08,54.59,31.07,0.8,0.8,3.14,1526,51.2,51,14.51,-4,30.63,11,9.09,31.07,7.23,1395.41,969.53,425.88,-10.09,14.14,14.3,36
Mon Sep 26 06:59:10 GMT-03:00 2022,26-Sep-2022 06:59:10.420,-35.210939253113665,-5.8140479275708685,14.021851539611816,6.0,34.547158766044845,199.84732055664062,-0.38,5.73,8.71,0.06,12.94,0.06,0,0.04,0.04,14.9,7.45,14.7,19.61,91,20.37,1011.69,14.65,704.6,1,328.48,228,0,83,4.59,19.22,17.25,1324.5,19.61,55.19,1.18,46.67,-5.47,0.78,0,-,0.95,6,34.55,199.85,-5.81,-35.21,26,2.48,6.16,37,43.07,11,9.09,3.24,121.67,31.07,0.06,0.77,3.14,1528,50.48,48,13.33,-10.5,30.63,11,9.09,31.07,7.23,1396.4,970.52,425.88,-12.45,14.12,14.3,31
Mon Sep 26 06:59:11 GMT-03:00 2022,26-Sep-2022 06:59:11.426,-35.21098259677212,-5.814168917290765,13.478074073791504,6.0,34.444870593067186,199.94912719726562,-0.26,6.34,8.01,0.04,18.04,-0.02,0.01,0.06,-0.08,25.1,12.94,24.97,19.61,91,20.39,1011.6,14.65,702.6,1.7,328.51,228,0,83,4.59,65.49,36.47,1389.5,19.61,55.26,4.35,46.67,-6.25,0,0,-,0.95,6,34.44,199.95,-5.81,-35.21,26,1.52,6.16,37,11.03,11,9.09,11.91,31.15,31.07,0.89,0.77,8.24,1529,48.52,47,20,14,30.63,11,9.09,31.07,7.26,1397.35,971.47,425.88,-5.91,14.06,14.4,38
Mon Sep 26 06:59:12 GMT-03:00 2022,26-Sep-2022 06:59:12.419,-35.21102502391205,-5.81428820380774,13.352038383483887,8.0,34.59165628306428,199.809814453125,0.11,6.37,7.84,0.03,21.18,0.02,0.04,0.1,-0.04,32.55,16.86,13.68,19.61,91,20.42,1011.63,14.65,702.6,0.93,328.51,228,0,83,4.42,72.16,56.86,2062,19.61,55.41,7.61,46.67,-3.12,0,0,-,0.96,8,34.59,199.81,-5.81,-35.21,26,0.07,5.93,36,6.17,10.99,9.1,20.83,17.44,31.06,0.89,0.77,11.37,1530,48.07,48,20,17,20.49,10.99,9.1,31.06,7.26,1398.37,972.49,425.88,-0.09,14.06,14.3,53
Mon Sep 26 06:59:13 GMT-03:00 2022,26-Sep-2022 06:59:13.420,-35.21107173097016,-5.814401331522085,13.576140403747559,8.0,34.951417723265365,199.83372497558594,0.01,6,7.3,-0.04,23.14,0,-0.04,0.05,-0.04,28.63,14.9,14.7,19.61,91,20.42,1011.61,14.65,690.3,1,328.38,228,0,83,4.42,72.16,57.25,2062,19.61,55.53,6.26,46.67,-3.12,0,0,-,0.96,8,34.95,199.83,-5.81,-35.21,27,0.07,5.93,36,7.67,10.99,9.1,17.13,21.66,31.05,0.78,0.87,13.33,1531,48.87,48,25.49,17,20.49,10.99,9.1,31.05,7.26,1399.32,973.44,425.88,-6.61,14.08,14.4,53
Mon Sep 26 06:59:14 GMT-03:00 2022,26-Sep-2022 06:59:14.420,-35.21111554109224,-5.814518897813348,14.066693305969238,6.0,35.13018279101083,199.78640747070312,-0.34,5.73,7.73,-0.02,22.35,-0.01,0,0.04,-0.05,30.2,15.29,14.7,19.61,91,20.44,1011.58,14.65,688,1,328.38,228,0,83,8.51,67.45,58.43,1906,19.61,55.53,6.26,46.67,-3.12,2.34,3.91,-,0.96,6,35.13,199.79,-5.81,-35.21,27,1.13,11.42,36,7.67,10.99,9.1,17.13,21.66,31.05,0.32,0.8,12.55,1532,50.64,50,22.75,19.5,42.65,10.99,9.1,31.05,7.3,1400.42,974.53,425.88,-6.61,14.12,14.4,53
Mon Sep 26 06:59:15 GMT-03:00 2022,26-Sep-2022 06:59:15.421,-35.21115964918825,-5.8146402821975,14.469658851623535,6.0,35.38050930537543,199.86459350585938,-0.01,5.96,7.58,-0.02,21.57,-0.07,0.01,0.01,-0.1,29.41,14.9,14.7,19.61,91,20.47,1011.53,14.65,688,1,328.29,228,0,83,9.85,69.8,56.86,1782.5,19.61,55.64,5.93,46.67,-3.12,2.34,1.56,-,0.96,6,35.38,199.86,-5.81,-35.21,26,1.36,13.2,36,8.43,10.99,9.1,16.22,23.83,31.04,0.5,0.77,11.76,1532,52.09,52,22.35,18.5,52.75,10.99,9.1,31.04,7.3,1401.42,975.54,425.88,-6.41,14.1,14.4,54
Mon Sep 26 06:59:16 GMT-03:00 2022,26-Sep-2022 06:59:16.421,-35.21120728909956,-5.814767194779827,14.846563339233398,6.0,35.37633596152933,199.92213439941406,-0.39,5.84,8.51,0.05,20.39,0.05,0,0.05,0.02,29.41,14.9,14.7,19.61,91,20.5,1011.51,14.65,688.7,1,328.22,228,0,83,5.26,67.06,56.86,1731,19.61,55.74,5.57,46.67,-3.12,2.34,0.78,-,0.96,6,35.38,199.92,-5.81,-35.21,25,0.91,7.06,36,9.34,10.99,9.1,15.24,26.37,31.04,0.75,0.75,10.59,1533,53.45,53,21.18,18.5,29.03,10.99,9.1,31.04,7.33,1402.37,976.48,425.88,-6.37,14.12,14.4,54
Mon Sep 26 06:59:17 GMT-03:00 2022,26-Sep-2022 06:59:17.420,-35.21125399030495,-5.814897252774371,15.316307067871094,6.0,35.160352233641696,199.94854736328125,-0.45,5.68,7.44,-0.05,20.39,-0.02,0,0.06,-0.07,29.8,15.29,14.7,19.61,91,20.53,1011.56,14.65,688.7,1,328.18,228,0,83,9.9,66.67,54.12,1689,19.61,55.85,5.37,46.67,-3.12,2.34,0.78,-,0.96,6,35.16,199.95,-5.81,-35.21,25,0.14,13.28,36,9.87,10.99,9.1,14.69,27.89,31.04,0.67,0.75,10.59,1534,55.14,55,21.18,18.5,55.98,10.99,9.1,31.04,7.33,1403.42,977.54,425.88,-6.43,14.12,14.4,55
Mon Sep 26 06:59:18 GMT-03:00 2022,26-Sep-2022 06:59:18.420,-35.21130008347305,-5.815031601121635,15.838239669799805,4.0,34.72241017492326,199.88885498046875,0.27,5.78,7.97,0,19.61,0,0.05,0.04,-0.03,22.35,11.37,14.7,19.61,91,20.56,1011.58,14.65,689.6,1,328.15,228,0,83,14.2,47.45,48.24,1468,19.61,55.91,3.16,46.67,-3.12,6.25,0.78,-,0.96,4,34.72,199.89,-5.82,-35.21,23,0.98,19.04,36,17.38,10.99,9.1,8.66,49.09,31.05,0.67,0.75,9.41,1536,57.02,58,15.69,-1.5,92.35,10.99,9.1,31.05,7.36,1404.41,978.53,425.88,-9.68,14.12,14.3,49
Mon Sep 26 06:59:19 GMT-03:00 2022,26-Sep-2022 06:59:19.423,-35.211348464831644,-5.815169982589213,16.292362213134766,4.0,34.16559797633549,199.61241149902344,-0.56,5.51,8.98,0.07,14.51,0.02,0,0.02,0.01,14.9,7.45,14.7,19.61,91,20.6,1011.56,14.65,689.6,1,328.32,228,0,83,14.2,19.61,21.18,1367,19.61,55.93,1.21,46.67,-4.69,6.25,7.03,-,0.96,4,34.17,199.61,-5.82,-35.21,23,0.65,19.04,36,48.09,10.99,9.1,3.3,135.85,31.06,0.41,0.74,4.31,1537,58.65,58,15.69,-1.5,92.35,10.99,9.1,31.06,7.38,1405.4,979.51,425.88,-12.47,14.12,14.3,41
Mon Sep 26 06:59:20 GMT-03:00 2022,26-Sep-2022 06:59:20.420,-35.21139794460343,-5.815308631498243,16.34876251220703,4.0,33.93170502580249,199.3974151611328,-0.4,5.6,8.23,0.01,13.73,0.01,0,0.03,0,14.9,7.45,14.7,19.61,91,20.6,1011.66,14.65,689.9,1,328.35,228,0,84,14.2,19.61,21.18,1367,19.61,55.96,1.47,46.67,-5.47,0.78,0,-,0.96,4,33.93,199.4,-5.82,-35.21,23,0.65,19.04,36,39.48,10.99,9.1,4.02,111.52,31.06,0.84,0.74,3.92,1538,58.86,58,13.33,-2.5,92.35,10.99,9.1,31.06,7.39,1406.39,980.51,425.88,-11.8,14.12,14.3,35
Mon Sep 26 06:59:21 GMT-03:00 2022,26-Sep-2022 06:59:21.420,-35.21144943115544,-5.815445467171931,16.174915313720703,8.0,33.974203866127354,199.40692138671875,-0.08,5.3,8.78,0.04,12.94,0.02,0.05,0,0.02,20,10.2,14.7,19.61,91,20.63,1011.66,14.65,689.5,1,328.35,228,0,84,14.2,23.53,21.96,1304.5,19.61,55.96,1.47,46.67,-7.03,0,-0.78,-,0.96,8,33.97,199.41,-5.82,-35.21,23,0.86,19.04,36,39.48,10.99,9.1,4.02,111.52,31.06,0.8,0.73,3.14,1538,58.23,58,13.33,-3,92.35,10.99,9.1,31.06,7.39,1407.42,981.53,425.88,-11.8,14.12,14.3,35
Mon Sep 26 06:59:22 GMT-03:00 2022,26-Sep-2022 06:59:22.419,-35.21149850044797,-5.815579642951821,16.134742736816406,8.0,33.818747861950094,199.698486328125,-0.05,5.38,8.67,0.04,13.73,0.04,0.02,0,0.03,14.9,7.45,14.7,19.61,91,20.66,1011.67,14.65,689.5,1,328.38,228,0,84,-,36.86,21.57,1305.5,19.61,56.01,2.38,46.67,-4.69,0.78,1.56,-,0.97,8,33.82,199.7,-5.82,-35.21,21,1.09,-,36,24.34,11.01,9.09,6.52,68.76,31.09,0.12,0.73,3.92,1539,58.09,57,15.69,-1,-,11.01,9.09,31.09,7.39,1408.43,982.54,425.88,-9.81,14.06,14.3,35
Mon Sep 26 06:59:23 GMT-03:00 2022,26-Sep-2022 06:59:23.421,-35.21154473642506,-5.815717570736592,16.08340835571289,6.0,33.69633704806432,199.93409729003906,-0.13,4.46,8.98,0.02,13.73,0.03,0.02,-0.06,0.07,14.9,7.45,14.7,19.61,91,20.69,1011.69,14.65,689.5,1,328.73,228,0,84,-,20.78,21.57,1328.5,19.61,56.03,1.2,46.67,-4.69,-2.34,-3.12,-,0.97,6,33.7,199.93,-5.82,-35.21,22,1.9,-,36,47.7,11.01,9.08,3.27,134.73,31.09,0.77,0.73,3.92,1541,57.9,56,13.33,18.5,-,11.01,9.08,31.09,7.44,1409.39,983.51,425.88,-12.22,14.08,14.3,30
Mon Sep 26 06:59:24 GMT-03:00 2022,26-Sep-2022 06:59:24.419,-35.21159056395944,-5.815850946248706,15.508087158203125,6.0,33.64659746902665,199.77951049804688,-0.4,3.42,9.42,0.02,12.94,0.02,0,-0.19,0.11,14.9,7.45,14.7,19.61,91,20.72,1011.74,14.65,688.3,1,328.75,228,0,84,-,26.27,21.18,966.5,19.61,56.06,1.2,46.67,-7.03,0,0.78,-,0.97,6,33.65,199.78,-5.82,-35.21,23,4.83,-,36,46.86,11.01,9.08,3.27,132.37,31.1,0.09,0.73,3.14,1542,55.83,51,13.33,6.5,-,11.01,9.08,31.1,7.44,1410.34,984.46,425.88,-12.27,14.08,14.3,27
Mon Sep 26 06:59:25 GMT-03:00 2022,26-Sep-2022 06:59:25.420,-35.21163196065396,-5.815972538774199,13.607786178588867,8.0,33.54590739775467,199.94598388671875,-0.3,3.4,9.84,0.06,12.94,0,-0.01,-0.26,0.1,14.9,7.45,14.7,19.61,91,20.73,1011.85,14.65,688.3,1,328.78,228,0,84,-,24.71,20.78,990.5,19.61,56.08,1.14,46.67,-6.25,3.91,0.78,-,0.97,8,33.55,199.95,-5.82,-35.21,23,8.99,-,36,44.58,11.01,9.08,3.13,125.94,31.1,0.09,0.73,3.14,1543,48.99,40,13.33,8,-,11.01,9.08,31.1,7.44,1411.39,985.5,425.88,-11.51,14.08,14.3,25
Mon Sep 26 06:59:26 GMT-03:00 2022,26-Sep-2022 06:59:26.421,-35.21166235271533,-5.816073292863016,11.290914535522461,8.0,33.45227525177446,199.68382263183594,-0.34,2.64,10.37,0.09,12.94,0.09,0,-0.27,0.21,14.9,7.45,14.7,19.61,91,20.73,1011.9,14.65,686.5,1,328.81,228,0,84,-,24.71,18.43,990.5,19.61,56.1,1.14,46.67,-7.03,3.91,4.69,-,0.97,8,33.45,199.68,-5.82,-35.21,21,8.99,-,36,34.97,11.03,9.07,3.13,98.78,31.16,0.31,0.73,2.75,1544,40.65,40,13.33,8,-,11.03,9.07,31.16,7.48,1412.22,986.34,425.88,-11.59,14.12,14.3,24
Mon Sep 26 06:59:27 GMT-03:00 2022,26-Sep-2022 06:59:27.419,-35.21168754664608,-5.816156318798477,9.444403648376465,8.0,33.3103273404087,199.3346710205078,-0.28,2.02,10.49,0.09,12.55,0.09,0.02,-0.33,0.22,14.9,7.45,14.7,19.61,91,20.74,1011.97,14.65,686.5,1,328.81,228,0,84,-,21.18,15.69,1151.5,19.61,56.1,1.14,47.84,-7.03,2.34,3.12,-,0.97,8,33.31,199.33,-5.82,-35.21,17,14.65,-,37,34.97,11.03,9.07,3.13,98.78,31.16,0.09,0.73,2.75,1545,34,26,13.33,5,-,11.03,9.07,31.16,7.48,1413.41,987.53,425.88,-11.59,14.12,14.4,24
Mon Sep 26 06:59:28 GMT-03:00 2022,26-Sep-2022 06:59:28.420,-35.211709490743665,-5.816215010101585,8.672201156616211,8.0,33.62453364228647,199.63821411132812,-0.24,4.3,9,0.01,13.73,0.01,0,-0.1,0.07,14.9,7.45,14.7,19.61,91,20.73,1011.95,14.65,684.6,1,337.74,228,0,84,-,21.18,26.67,946,19.61,56.12,0.95,47.84,-5.47,4.69,4.69,-,0.97,8,33.62,199.64,-5.82,-35.21,21,23,-,37,27.26,11.04,9.05,2.61,77,31.2,0.82,0.73,3.92,1545,31.22,11,14.51,18.5,-,11.04,9.05,31.2,7.48,1414.4,988.52,425.88,-12.45,14.08,14.3,22
Mon Sep 26 06:59:29 GMT-03:00 2022,26-Sep-2022 06:59:29.419,-35.21172921996507,-5.816237848206431,6.905256271362305,12.0,33.52229406139923,199.73060607910156,-0.17,5.79,8.23,0.02,12.55,0.01,0.01,0.03,0,14.9,7.45,14.7,19.61,91,20.71,1011.96,14.65,683,1,352.03,228,0,84,-,32.16,26.67,921.5,19.61,56.14,1.35,49.8,-7.03,0,-0.78,-,0.97,12,33.52,199.73,-5.82,-35.21,21,24.86,-,37,8.16,11.04,9.06,3.69,23.04,31.19,0.8,0.73,2.75,1546,24.86,0,13.33,0,-,11.04,9.06,31.19,7.48,1415.41,988.87,426.54,-10.86,14.08,14.3,23
Mon Sep 26 06:59:30 GMT-03:00 2022,26-Sep-2022 06:59:30.421,-35.21174019075195,-5.816256062640727,5.593387126922607,12.0,33.33249047982854,199.7089080810547,-0.2,5.61,8.11,0,12.55,0,0.01,0.03,-0.01,14.9,7.45,14.7,19.61,91,20.69,1011.91,14.65,683,1,351.95,228,0,84,-,29.02,23.14,740.5,19.61,56.16,0.98,49.8,-7.03,-3.12,-2.34,-,0.97,12,33.33,199.71,-5.82,-35.21,21,20.14,-,37,0,11.04,9.06,2.69,0,31.19,0.43,0.73,2.75,1547,20.14,0,13.33,12.5,-,11.04,9.06,31.19,7.48,1416.33,988.87,427.46,-11.81,14.04,14.2,22
Mon Sep 26 06:59:31 GMT-03:00 2022,26-Sep-2022 06:59:31.421,-35.211742048492845,-5.816261468926065,3.465895652770996,12.0,34.03969508591174,199.71151733398438,-0.14,5.63,8.03,-0,12.94,0,0.01,0.03,-0.02,14.9,7.45,14.7,19.61,91,20.68,1011.9,14.65,683,1,360.25,228,0,84,-,30.59,24.31,759,19.61,56.18,1.06,50.98,-7.03,0,0.78,-,0.97,12,34.04,199.71,-5.82,-35.21,22,12.48,-,37,0,11.04,9.06,2.91,0,31.19,0.08,0.73,2.75,1549,12.48,0,13.33,3.5,-,11.04,9.06,31.19,7.48,1417.43,988.87,428.56,-10.83,14.12,14.2,23
Mon Sep 26 06:59:32 GMT-03:00 2022,26-Sep-2022 06:59:32.419,-35.2117433850707,-5.816249882092074,1.5775126218795776,12.0,33.81369221520815,199.71340942382812,-0.26,5.62,8.07,0,12.94,0,0,0.03,-0.02,14.9,7.45,14.7,19.61,91,20.66,1011.96,14.65,680.9,1,351.92,228,0,84,-,29.41,23.53,762.5,19.61,56.2,1.05,49.8,-7.03,0,0.78,-,0.97,12,33.81,199.71,-5.82,-35.21,23,5.68,-,37,0,11.04,9.06,2.88,0,31.19,0.08,0.73,2.75,1550,5.68,0,13.33,3.5,-,11.04,9.06,31.19,7.48,1418.39,988.87,429.52,-10.96,14.12,14.4,23
Mon Sep 26 06:59:33 GMT-03:00 2022,26-Sep-2022 06:59:33.420,-35.21174169278744,-5.816243044351763,0.4811062812805176,12.0,32.963095806083494,199.7071990966797,-0.19,5.61,8.03,-0,12.94,0,0.01,0.03,-0.02,14.9,7.45,14.7,19.61,91,20.66,1011.97,14.65,679.7,1,351.91,228,0,84,-,29.41,23.53,762.5,19.61,56.22,1.07,49.8,-7.03,3.91,3.91,-,0.97,12,32.96,199.71,-5.82,-35.21,21,5.68,-,37,0,11.04,9.06,2.94,0,31.19,0.75,0.74,2.75,1551,1.73,0,13.33,5,-,11.04,9.06,31.19,7.48,1419.39,988.87,430.52,-10.9,14.14,14.3,24
Mon Sep 26 06:59:34 GMT-03:00 2022,26-Sep-2022 06:59:34.419,-35.21174169278744,-5.816243044351763,0.23238655924797058,12.0,32.677986080602835,199.70559692382812,-0.13,5.62,8.08,0,12.94,0,0.01,0.03,-0.02,14.9,7.45,14.7,19.61,91,20.64,1011.96,14.65,679.7,1,351.91,228,0,84,-,29.8,23.53,781,19.61,56.22,1.07,49.8,-7.03,3.91,1.56,-,0.97,12,32.68,199.71,-5.82,-35.21,24,1.73,-,37,0,11.04,9.06,2.94,0,31.19,0.81,0.76,2.75,1551,0.84,0,13.33,4.5,-,11.04,9.06,31.19,7.48,1420.4,988.87,431.53,-10.9,14.12,14.4,24
Mon Sep 26 06:59:35 GMT-03:00 2022,26-Sep-2022 06:59:35.420,-35.21174169278744,-5.816243044351763,0.2721951901912689,12.0,32.25634792461773,199.69940185546875,-0.21,5.62,8.11,0,13.33,0,0.01,0.03,-0.01,14.9,7.45,14.7,19.61,91,20.62,1011.91,14.65,677.5,1,343.58,228,0,84,-,29.8,23.53,770.5,19.61,56.24,1.06,48.63,-7.03,-0.78,-1.56,-,0.97,12,32.26,199.7,-5.82,-35.21,21,0.84,-,37,0,11.04,9.06,2.91,0,31.18,0.73,0.78,3.14,1552,0.98,0,13.33,4.5,-,11.04,9.06,31.18,7.48,1421.41,988.87,432.54,-11.03,14.1,14.3,24
Mon Sep 26 06:59:36 GMT-03:00 2022,26-Sep-2022 06:59:36.417,-35.21174169278744,-5.816243044351763,0.0,12.0,31.941957584583914,199.6968231201172,-0.18,5.62,8.14,0.01,13.33,0,0.01,0.03,-0.01,14.9,7.45,14.7,19.61,91,20.6,1011.95,14.65,677.5,1,340.8,228,0,84,-,37.25,25.88,764.5,19.61,56.27,1.5,48.24,-7.03,2.34,2.34,-,0.97,12,31.94,199.7,-5.82,-35.21,23,0,-,37,0,11.04,9.06,4.11,0,31.18,0.09,0.8,3.14,1554,0,0,13.73,5,-,11.04,9.06,31.18,7.48,1422.41,988.87,433.54,-9.47,13.26,14.3,27
Mon Sep 26 06:59:37 GMT-03:00 2022,26-Sep-2022 06:59:37.417,-35.21174169278744,-5.816243044351763,0.0,12.0,31.819208685433413,199.6956329345703,-0.16,5.64,8.13,0.01,13.33,0,0.01,0.03,-0.01,14.9,7.45,14.7,19.61,91,20.59,1011.95,14.65,676,1,340.78,228,0,84,-,38.43,29.8,769,19.61,56.3,1.37,48.24,-6.25,5.47,5.47,-,0.97,12,31.82,199.7,-5.82,-35.21,21,0,-,37,0,11.04,9.06,3.74,0,31.18,0.79,0.8,3.53,1555,0,0,13.73,3.5,-,11.04,9.06,31.18,7.48,1423.37,988.87,434.49,-9.9,13.98,13.4,28
Mon Sep 26 06:59:38 GMT-03:00 2022,26-Sep-2022 06:59:38.417,-35.21174169278744,-5.816243044351763,0.0,12.0,31.194237545771042,199.6896209716797,-0.2,5.66,8.17,0.01,13.33,0.01,0.01,0.03,-0.01,14.9,7.45,14.7,19.61,91,20.57,1011.94,14.65,676,1,343.54,228,0,84,-,38.04,29.8,784,19.61,56.32,1.37,48.63,-6.25,2.34,5.47,-,0.97,12,31.19,199.69,-5.82,-35.21,22,0,-,37,0,11.04,9.06,3.74,0,31.18,0.79,0.8,3.53,1556,0,0,13.73,3.5,-,11.04,9.06,31.18,7.48,1424.41,988.87,435.53,-9.92,13.98,14.4,29
Mon Sep 26 06:59:39 GMT-03:00 2022,26-Sep-2022 06:59:39.417,-35.211729598438346,-5.816209257058414,0.42237022519111633,12.0,31.209818607732142,199.68324279785156,-0.16,5.62,8.15,0.01,13.33,0.01,0.01,0.03,-0.01,14.9,7.45,14.7,19.61,91,20.57,1011.93,14.65,673.4,1,343.53,228,0,84,-,38.04,30.2,784,19.61,56.35,1.37,48.63,-6.25,2.34,1.56,-,0.97,12,31.21,199.68,-5.82,-35.21,22,0,-,37,0,11.04,9.06,3.74,0,31.18,0.81,0.79,3.53,1557,1.52,0,13.73,3.5,-,11.04,9.06,31.18,7.48,1425.25,988.87,436.38,-10.02,14.12,14.3,30
Mon Sep 26 06:59:40 GMT-03:00 2022,26-Sep-2022 06:59:40.417,-35.211729598438346,-5.816209257058414,0.18651887774467468,8.0,30.986837380446985,199.67788696289062,-0.24,5.61,8.05,-0,13.33,0,0,0.03,-0.02,14.9,7.45,14.7,19.61,91,20.55,1011.97,14.65,673.4,1,340.74,228,0,84,-,38.82,30.59,778,19.61,56.37,1.35,48.24,-6.25,-1.56,-2.34,-,0.97,8,30.99,199.68,-5.82,-35.21,20,1.52,-,37,0,11.04,9.06,3.69,0,31.18,0.71,0.79,3.53,1558,0.67,0,13.73,3.5,-,11.04,9.06,31.18,7.48,1426.41,988.87,437.54,-10.04,14.04,14.4,30
Mon Sep 26 06:59:41 GMT-03:00 2022,26-Sep-2022 06:59:41.417,-35.211729598438346,-5.816209257058414,0.21600674092769623,8.0,30.866482679723912,199.6753387451172,-0.24,5.67,8.11,0.01,13.33,0,0.01,0.03,-0.01,14.9,7.45,14.7,19.61,91,20.53,1012,14.65,671,1,340.74,228,0,84,-,39.22,30.2,753.5,19.61,56.37,1.35,48.24,-6.25,-0.78,0,-,0.97,8,30.87,199.68,-5.82,-35.21,23,0.67,-,38,0,11.04,9.06,3.69,0,31.18,0.1,0.82,3.53,1558,0.78,0,13.73,6.5,-,11.04,9.06,31.18,7.48,1427.42,988.87,438.55,-10.04,14.08,14.2,30
Mon Sep 26 06:59:42 GMT-03:00 2022,26-Sep-2022 06:59:42.418,-35.211729598438346,-5.816209257058414,0.20182640850543976,8.0,30.613231680267223,199.67514038085938,-0.24,5.68,8.17,0.01,13.33,0.01,0,0.03,-0.01,14.9,7.45,14.7,19.61,90,20.52,1011.95,14.65,669.6,1,335.19,228,0,84,-,38.04,30.2,774,19.61,56.4,1.35,47.45,-6.25,3.12,3.12,-,0.97,8,30.61,199.68,-5.82,-35.21,25,0.73,-,38,0,11.04,9.06,3.69,0,31.18,0.79,0.83,3.53,1559,0.73,0,13.73,3.5,-,11.04,9.06,31.18,7.48,1428.42,988.87,439.54,-9.88,14.1,14.3,31
Mon Sep 26 06:59:43 GMT-03:00 2022,26-Sep-2022 06:59:43.419,-35.211729598438346,-5.816209257058414,0.10058721899986267,8.0,30.659976275916062,199.67091369628906,-0.16,5.65,8.01,-0,13.33,0,0.01,0.03,-0.02,14.9,7.45,14.7,19.61,90,20.5,1011.97,14.65,669.6,1,335.17,228,0,84,-,30.98,28.63,828.5,19.61,56.42,0.95,47.45,-7.81,-0.78,-1.56,-,0.97,8,30.66,199.67,-5.82,-35.21,24,0.36,-,38,0,11.04,9.06,2.61,0,31.18,0.82,0.82,3.53,1560,0.36,0,12.94,1.5,-,11.04,9.06,31.18,7.48,1429.4,988.87,440.53,-11.36,14.12,14.4,29
Mon Sep 26 06:59:44 GMT-03:00 2022,26-Sep-2022 06:59:44.417,-35.211729598438346,-5.816209257058414,0.0,8.0,30.809311016348637,199.66673278808594,-0.22,5.61,8.02,-0,12.55,0,0,0.03,-0.02,14.9,7.45,14.7,19.61,90,20.48,1011.97,14.65,669.6,1,337.93,228,0,84,-,29.41,23.14,750.5,19.61,56.44,0.99,47.84,-7.81,-3.91,-4.69,-,0.97,8,30.81,199.67,-5.82,-35.21,24,0,-,39,0,11.04,9.06,2.72,0,31.17,0.62,0.81,2.75,1562,0,0,13.33,6.5,-,11.04,9.06,31.17,7.48,1430.42,988.87,441.55,-11.45,14.12,14.4,27
Mon Sep 26 06:59:45 GMT-03:00 2022,26-Sep-2022 06:59:45.417,-35.211729598438346,-5.816209257058414,0.0,8.0,30.85396981397918,199.66641235351562,-0.25,5.65,8.14,0.01,12.94,0,0,0.03,-0.01,14.9,7.45,14.7,19.61,90,20.46,1011.98,14.65,667.7,1,340.69,228,0,84,-,29.8,24.31,776.5,19.61,56.46,1.02,48.24,-7.03,-3.91,-4.69,-,0.97,8,30.85,199.67,-5.82,-35.21,24,0,-,39,0,11.04,9.06,2.8,0,31.17,0.62,0.81,2.75,1563,0,0,13.33,6.5,-,11.04,9.06,31.17,7.48,1431.41,988.87,442.54,-11,14.12,14.3,26
Mon Sep 26 06:59:46 GMT-03:00 2022,26-Sep-2022 06:59:46.417,-35.211729598438346,-5.816209257058414,0.0,8.0,30.734675541238477,199.6690216064453,-0.31,5.63,8.1,0,12.94,0,0,0.03,-0.01,14.9,7.45,14.7,19.61,90,20.46,1011.97,14.65,666.6,1,340.67,228,0,84,-,29.8,23.53,777,19.61,56.48,1.06,48.24,-7.03,-0.78,0,-,0.97,8,30.73,199.67,-5.82,-35.21,24,0,-,39,0,11.03,9.06,2.91,0,31.17,0.09,0.86,2.75,1564,0,0,13.33,4.5,-,11.03,9.06,31.17,7.48,1432.41,988.87,443.54,-10.99,14.14,14.4,26
Mon Sep 26 06:59:47 GMT-03:00 2022,26-Sep-2022 06:59:47.418,-35.211729598438346,-5.816209257058414,0.045474179089069366,8.0,30.387030935965946,199.66915893554688,-0.27,5.62,8.08,0,12.94,0,0,0.03,-0.02,14.9,7.45,14.7,19.61,90,20.45,1011.94,14.65,666.6,1,340.67,228,0,84,-,30.2,23.53,777,19.61,56.48,1.06,48.24,-7.03,2.34,2.34,-,0.97,8,30.39,199.67,-5.82,-35.21,24,0,-,39,0,11.03,9.06,2.91,0,31.17,0.72,0.84,2.75,1564,0.16,0,13.33,3.5,-,11.03,9.06,31.17,7.48,1433.41,988.87,444.54,-10.99,14.1,14.3,26
Mon Sep 26 06:59:48 GMT-03:00 2022,26-Sep-2022 06:59:48.417,-35.211729598438346,-5.816209257058414,0.12835830450057983,8.0,30.585613011029526,199.66575622558594,-0.04,5.6,8.18,0.01,12.94,0.01,0.02,0.03,-0.01,14.9,7.45,14.7,19.61,90,20.43,1011.97,14.65,664.7,1,340.66,228,0,84,-,29.8,23.53,772,19.61,56.5,1.02,48.24,-7.03,-0.78,-1.56,-,0.97,8,30.59,199.67,-5.82,-35.21,25,0.16,-,39,0,11.03,9.06,2.8,0,31.17,0.82,0.83,2.75,1565,0.46,0,12.94,4.5,-,11.03,9.06,31.17,7.48,1434.41,988.87,445.54,-11.13,14.14,14.4,25
Mon Sep 26 06:59:49 GMT-03:00 2022,26-Sep-2022 06:59:49.417,-35.211729598438346,-5.816209257058414,0.1202705055475235,8.0,30.30789863016119,199.6626434326172,-0.14,5.61,8.08,0,12.94,0,0.01,0.03,-0.02,14.9,7.45,14.7,19.61,90,20.41,1011.96,14.65,664.7,1,343.41,228,0,84,-,29.41,23.53,755,19.61,56.52,0.99,48.63,-7.03,-4.69,-5.47,-,0.97,8,30.31,199.66,-5.82,-35.21,25,0.43,-,39,0,11.03,9.06,2.72,0,31.17,0.56,0.81,2.75,1567,0.43,0,12.94,7.5,-,11.03,9.06,31.17,7.48,1435.38,988.87,446.51,-11.2,14.12,14.4,25
Mon Sep 26 06:59:50 GMT-03:00 2022,26-Sep-2022 06:59:50.417,-35.211729598438346,-5.816209257058414,0.01707307994365692,8.0,30.42665763137841,199.64669799804688,-0.22,5.48,8.02,-0.01,12.94,0,0,0.01,-0.02,14.9,7.45,14.7,19.61,90,20.39,1011.94,14.65,663.3,1,343.4,228,0,84,-,30.2,23.92,776,19.61,56.54,1.05,48.63,-6.25,-1.56,-0.78,-,0.97,8,30.43,199.65,-5.82,-35.21,25,0.06,-,39,0,11.03,9.06,2.86,0,31.17,0.09,0.81,2.75,1568,0.06,0,13.33,4.5,-,11.03,9.06,31.17,7.48,1436.35,988.87,447.48,-10.95,14.12,14.4,25
Mon Sep 26 06:59:51 GMT-03:00 2022,26-Sep-2022 06:59:51.417,-35.211729598438346,-5.816209257058414,0.10882268846035004,8.0,30.11842008292698,199.64279174804688,-0.23,5.57,7.97,-0.01,13.33,0,0,0.03,-0.03,14.9,7.45,14.7,19.61,90,20.38,1011.93,14.65,663.3,1,346.15,228,0,84,-,34.12,26.27,829,19.61,56.56,1.25,49.02,-6.25,1.56,-0.78,-,0.98,8,30.12,199.64,-5.82,-35.21,23,0.39,-,39,0,11.03,9.06,3.41,0,31.17,0.09,0.81,3.14,1569,0.39,0,13.73,6.5,-,11.03,9.06,31.17,7.48,1437.42,988.87,448.55,-10.35,14.12,14.4,26
Mon Sep 26 06:59:52 GMT-03:00 2022,26-Sep-2022 06:59:52.416,-35.211729598438346,-5.816209257058414,0.05054650828242302,6.0,30.122047995406565,199.63771057128906,-0.22,5.67,8.18,0.01,13.73,0.01,0,0.03,-0.01,14.9,7.45,14.7,19.61,90,20.36,1011.95,14.65,661.1,1,346.14,228,0,84,-,38.82,31.37,793.5,19.61,56.58,1.35,49.02,-6.25,3.91,2.34,-,0.98,6,30.12,199.64,-5.82,-35.21,22,0.18,-,39,0,11.03,9.06,3.69,0,31.17,0.14,0.82,3.53,1570,0.18,0,13.73,3,-,11.03,9.06,31.17,7.48,1438.4,988.87,449.52,-10.3,13.58,13.5,27
Mon Sep 26 06:59:53 GMT-03:00 2022,26-Sep-2022 06:59:53.418,-35.211729598438346,-5.816209257058414,0.029646452516317368,6.0,30.09685509158178,199.635986328125,-0.23,5.59,8.02,-0.01,13.33,0,0,0.03,-0.02,14.9,7.45,14.7,19.61,90,20.34,1011.94,14.65,661.1,1,346.13,228,0,84,-,38.43,30.59,763.5,19.61,56.6,1.34,49.02,-6.25,0,-0.78,-,0.98,6,30.1,199.64,-5.82,-35.21,22,0.11,-,39,0,11.03,9.06,3.66,0,31.16,0.81,0.82,3.53,1571,0.11,0,13.73,3.5,-,11.03,9.06,31.16,7.48,1439.42,988.87,450.55,-10.14,14.12,14.4,28
Mon Sep 26 06:59:54 GMT-03:00 2022,26-Sep-2022 06:59:54.417,-35.211729598438346,-5.816209257058414,0.029309308156371117,6.0,30.060583165844637,199.6387176513672,-0.33,5.62,8.08,0,13.33,0,0,0.03,-0.02,14.9,7.45,14.7,19.61,90,20.32,1011.93,14.65,661.1,1,348.88,228,0,85,-,38.43,29.41,751,19.61,56.62,1.34,49.41,-6.25,0,-0.78,-,0.98,6,30.06,199.64,-5.82,-35.21,20,0.11,-,39,0,11.03,9.06,3.66,0,31.16,0.81,0.81,3.53,1572,0.11,0,13.73,3.5,-,11.03,9.06,31.16,7.48,1440.39,988.87,451.52,-9.96,14.12,14.4,29
Mon Sep 26 06:59:55 GMT-03:00 2022,26-Sep-2022 06:59:55.419,-35.211729598438346,-5.816209257058414,0.07634800672531128,6.0,29.91746991200226,199.63235473632812,-0.25,5.59,8.05,-0,13.33,0,0,0.03,-0.02,14.9,7.45,14.7,19.61,90,20.32,1011.96,14.65,657.7,1,348.87,228,0,85,-,38.43,30.59,782.5,19.61,56.65,1.37,49.41,-6.25,-0.78,0,-,0.98,6,29.92,199.63,-5.82,-35.21,23,0.11,-,39,0,11.03,9.06,3.74,0,31.16,0.08,0.81,3.53,1573,0.27,0,13.73,3.5,-,11.03,9.06,31.16,7.48,1441.41,988.87,452.54,-9.78,14.04,14.4,30
Mon Sep 26 06:59:56 GMT-03:00 2022,26-Sep-2022 06:59:56.420,-35.211729598438346,-5.816209257058414,0.04893771559000015,6.0,29.850815366799104,199.6261444091797,-0.24,5.68,8.11,0.01,13.33,0.01,0,0.03,-0.01,14.9,7.45,14.7,19.61,90,20.31,1011.94,14.65,657.7,1,348.87,228,0,85,-,38.82,30.2,782.5,19.61,56.65,1.37,49.41,-6.25,3.12,3.91,-,0.98,6,29.85,199.63,-5.82,-35.21,22,0.27,-,39,0,11.03,9.06,3.74,0,31.16,0.2,0.81,3.53,1573,0.18,0,13.73,3,-,11.03,9.06,31.16,7.48,1442.39,988.87,453.52,-9.78,14.12,14.4,30
Mon Sep 26 06:59:57 GMT-03:00 2022,26-Sep-2022 06:59:57.419,-35.211729598438346,-5.816209257058414,0.05409152805805206,8.0,29.74848496276479,199.6275177001953,-0.26,5.67,8.13,0.01,13.33,0.01,0,0.03,-0.01,14.9,7.45,14.7,19.61,90,20.29,1011.95,14.65,655.4,1,348.85,228,0,85,-,38.04,30.59,786.5,19.61,56.67,1.36,49.41,-6.25,1.56,0.78,-,0.98,8,29.75,199.63,-5.82,-35.21,22,0.18,-,40,0,11.03,9.07,3.72,0,31.16,0.82,0.82,3.53,1574,0.19,0,13.73,3.5,-,11.03,9.07,31.16,7.48,1443.39,988.87,454.52,-10,14.04,14.3,30
Mon Sep 26 06:59:58 GMT-03:00 2022,26-Sep-2022 06:59:58.418,-35.211729598438346,-5.816209257058414,0.06919253617525101,6.0,29.632939160436262,199.62545776367188,-0.2,5.59,8.09,0,13.33,0,0.01,0.03,-0.01,14.9,7.45,14.7,19.61,90,20.27,1011.97,14.65,654.2,1,348.84,228,0,85,-,38.82,30.59,766,19.61,56.7,1.36,49.41,-6.25,-2.34,-3.91,-,0.98,6,29.63,199.63,-5.82,-35.21,21,0.19,-,40,0,11.03,9.07,3.72,0,31.16,0.67,0.81,2.75,1575,0.25,0,13.73,1.5,-,11.03,9.07,31.16,7.48,1444.4,988.87,455.53,-10.01,14.14,14.4,30
Mon Sep 26 06:59:59 GMT-03:00 2022,26-Sep-2022 06:59:59.417,-35.211729598438346,-5.816209257058414,0.10804305970668793,6.0,29.483847280114336,199.6163330078125,-0.23,5.66,8.13,0.01,12.94,0,0,0.03,-0.01,14.9,7.45,14.7,19.61,90,20.25,1011.95,14.65,654.2,1,348.82,228,0,85,-,29.41,24.31,782,19.61,56.72,0.98,49.41,-7.81,-0.78,0,-,0.98,6,29.48,199.62,-5.82,-35.21,23,0.39,-,40,0,11.03,9.07,2.69,0,31.16,0.16,0.81,2.75,1576,0.39,0,13.33,5,-,11.03,9.07,31.16,7.48,1445.4,988.87,456.53,-11.2,14.16,14.3,29
Mon Sep 26 07:00:00 GMT-03:00 2022,26-Sep-2022 07:00:00.417,-35.211729598438346,-5.816209257058414,0.05243324488401413,6.0,29.31305625929973,199.61141967773438,-0.23,5.63,8.06,-0,12.94,0,0,0.03,-0.02,14.9,7.45,14.7,19.61,90,20.24,1011.97,14.65,654.2,1,348.81,228,0,85,-,29.41,23.53,765,19.61,56.74,1.01,49.41,-7.81,0.78,-1.56,-,0.98,6,29.31,199.61,-5.82,-35.21,23,0.19,-,40,0,11.03,9.07,2.77,0,31.16,0.79,0.81,2.75,1578,0.19,0,13.33,5,-,11.03,9.07,31.16,7.48,1446.39,988.87,457.52,-11.17,14.16,14.3,27
Mon Sep 26 07:00:01 GMT-03:00 2022,26-Sep-2022 07:00:01.417,-35.211729598438346,-5.816209257058414,0.0,6.0,29.437434717202024,199.61325073242188,-0.15,5.62,8.1,0,12.94,0,0.01,0.03,-0.01,14.9,7.45,14.7,19.61,90,20.22,1011.93,14.65,652.4,1,348.8,228,0,85,-,29.8,23.53,764,19.61,56.76,1.01,49.41,-7.03,-4.69,-1.56,-,0.98,6,29.44,199.61,-5.82,-35.21,22,0,-,40,0,11.03,9.07,2.77,0,31.16,0.79,0.81,2.75,1579,0,0,13.33,5,-,11.03,9.07,31.16,7.48,1447.38,988.87,458.51,-11.1,14.16,14.4,27
Mon Sep 26 07:00:02 GMT-03:00 2022,26-Sep-2022 07:00:02.418,-35.211729598438346,-5.816209257058414,0.0,8.0,29.535174786379272,199.61045837402344,-0.12,5.62,8.04,-0,12.94,0,0.02,0.03,-0.02,14.9,7.45,14.7,19.61,90,20.22,1011.97,14.65,651.3,1,348.8,228,0,85,-,29.8,23.92,764,19.61,56.76,1.01,49.41,-7.03,-4.69,-4.69,-,0.98,8,29.54,199.61,-5.82,-35.21,21,0,-,40,0,11.03,9.07,2.77,0,31.16,0.72,0.82,2.75,1580,0,0,13.33,5,-,11.03,9.07,31.16,7.48,1448.42,988.87,459.55,-11.1,14.12,14.4,27
Mon Sep 26 07:00:03 GMT-03:00 2022,26-Sep-2022 07:00:03.417,-35.211729598438346,-5.816209257058414,0.0,8.0,29.563952918658348,199.60647583007812,-0.26,5.63,8.12,0.01,12.94,0.01,0,0.03,-0.01,14.9,7.45,14.7,19.61,90,20.2,1011.9,14.65,651.3,1,348.78,228,0,85,-,30.2,23.53,767.5,19.61,56.78,1.03,49.41,-7.03,-2.34,-1.56,-,0.98,8,29.56,199.61,-5.82,-35.21,21,0,-,40,0,11.03,9.07,2.83,0,31.15,0.1,0.81,2.75,1581,0,0,12.94,4.5,-,11.03,9.07,31.15,7.48,1449.41,988.87,460.53,-11.02,14.12,14.3,26
Mon Sep 26 07:00:04 GMT-03:00 2022,26-Sep-2022 07:00:04.417,-35.211729598438346,-5.816209257058414,0.08394002169370651,8.0,29.81967504504607,199.6001739501953,-0.25,5.65,8.07,0,12.94,0,0,0.03,-0.02,14.9,7.45,14.7,19.61,90,20.19,1011.93,14.65,649.4,1,348.77,228,0,85,-,29.8,23.53,767.5,19.61,56.8,1.02,49.41,-7.03,0.78,0.78,-,0.98,8,29.82,199.6,-5.82,-35.21,18,0,-,40,0,11.03,9.07,2.8,0,31.15,0.72,0.81,2.75,1581,0.3,0,13.33,5,-,11.03,9.07,31.15,7.48,1450.39,988.87,461.52,-11.07,14.16,14.4,26
Mon Sep 26 07:00:05 GMT-03:00 2022,26-Sep-2022 07:00:05.417,-35.211729598438346,-5.816209257058414,0.042036570608615875,8.0,29.906881500495945,199.59324645996094,-0.19,5.61,8,-0.01,12.94,0,0.01,0.03,-0.02,14.9,7.45,14.7,19.61,90,20.17,1011.94,14.65,649.4,1,348.75,228,0,85,-,29.8,23.53,773.5,19.61,56.82,1.05,49.41,-7.03,-2.34,-3.12,-,0.98,8,29.91,199.59,-5.82,-35.21,18,0.15,-,40,0,11.03,9.07,2.88,0,31.15,0.77,0.81,2.75,1582,0.15,0,13.33,4.5,-,11.03,9.07,31.15,7.48,1451.4,988.87,462.53,-10.97,14.08,14.4,25
Mon Sep 26 07:00:06 GMT-03:00 2022,26-Sep-2022 07:00:06.417,-35.211729598438346,-5.816209257058414,0.15661966800689697,8.0,29.99127365483839,199.5951690673828,-0.13,5.62,8.18,0.01,12.94,0.01,0.01,0.03,-0.01,14.9,7.45,14.7,19.61,90,20.15,1011.95,14.65,649.4,1,348.74,228,0,85,-,31.37,23.92,771,19.61,56.84,1.06,49.41,-6.25,-2.34,-2.34,-,0.98,8,29.99,199.6,-5.82,-35.21,20,0.56,-,40,0,11.03,9.07,2.91,0,31.15,0.09,0.81,2.75,1584,0.56,0,13.33,1.5,-,11.03,9.07,31.15,7.48,1452.35,988.87,463.48,-10.96,14.14,14.3,25
Mon Sep 26 07:00:07 GMT-03:00 2022,26-Sep-2022 07:00:07.418,-35.211729598438346,-5.816209257058414,0.11162649095058441,8.0,29.90073017698115,199.59506225585938,-0.25,5.66,8.07,0,13.33,0,0,0.03,-0.02,14.9,7.45,14.7,19.61,90,20.13,1011.93,14.65,647.4,1,348.73,228,0,85,-,38.04,26.67,743.5,19.61,56.86,1.38,49.41,-6.25,0.78,-2.34,-,0.98,8,29.9,199.6,-5.82,-35.21,20,0.4,-,39,0,11.03,9.07,3.77,0,31.15,0.09,0.81,3.14,1585,0.4,0,13.33,1.5,-,11.03,9.07,31.15,7.48,1453.42,988.87,464.55,-9.85,14.14,14.3,27
Mon Sep 26 07:00:08 GMT-03:00 2022,26-Sep-2022 07:00:08.419,-35.211729598438346,-5.816209257058414,0.10860206186771393,8.0,29.96765221507749,199.58753967285156,-0.2,5.62,8.05,-0,13.33,0,0.01,0.03,-0.02,14.9,7.45,14.7,19.61,90,20.12,1011.93,14.65,646,1,348.71,228,0,85,-,38.04,30.2,789,19.61,56.89,1.37,49.41,-6.25,0.78,2.34,-,0.98,8,29.97,199.59,-5.82,-35.21,18,0.39,-,39,0,11.03,9.07,3.74,0,31.15,0.09,0.81,3.53,1586,0.39,0,14.12,6,-,11.03,9.07,31.15,7.48,1454.41,988.87,465.54,-9.73,14.18,14.3,29
Mon Sep 26 07:00:09 GMT-03:00 2022,26-Sep-2022 07:00:09.420,-35.211729598438346,-5.816209257058414,0.0,8.0,30.07786069690099,199.58375549316406,-0.2,5.63,8.19,0.01,13.33,0,0.01,0.03,-0.01,14.9,7.45,14.7,19.61,90,20.12,1011.92,14.65,646,1,348.7,228,0,85,-,38.43,30.2,789,19.61,56.91,1.34,49.41,-6.25,4.69,5.47,-,0.98,8,30.08,199.58,-5.82,-35.21,22,0.39,-,39,0,11.03,9.07,3.66,0,31.15,0.48,0.8,3.53,1587,0,0,13.73,3.5,-,11.03,9.07,31.15,7.48,1455.41,988.87,466.54,-10.11,14.12,14.4,29
Mon Sep 26 07:00:10 GMT-03:00 2022,26-Sep-2022 07:00:10.420,-35.211729598438346,-5.816209257058414,0.0,8.0,30.195808253440113,199.58143615722656,-0.15,5.63,8.18,0.01,13.33,0.01,0.01,0.03,-0.01,14.9,7.45,14.7,19.61,90,20.1,1011.95,14.65,643.7,1,348.7,228,0,85,-,38.04,30.59,783,19.61,56.91,1.34,49.41,-6.25,2.34,1.56,-,0.98,8,30.2,199.58,-5.82,-35.21,21,0,-,40,0,11.03,9.07,3.66,0,31.15,0.81,0.8,3.53,1588,0,0,13.73,3.5,-,11.03,9.07,31.15,7.48,1456.43,988.87,467.56,-10.11,14.1,14.4,29
Mon Sep 26 07:00:11 GMT-03:00 2022,26-Sep-2022 07:00:11.419,-35.211729598438346,-5.816209257058414,0.0,8.0,30.30124179173272,199.5841827392578,-0.32,5.62,8.09,0,13.33,0,0,0.03,-0.02,14.9,7.45,14.7,19.61,90,20.08,1011.96,14.65,642.2,1,348.68,228,0,85,-,38.82,30.59,775.5,19.61,56.94,1.37,49.41,-6.25,-1.56,-2.34,-,0.98,8,30.3,199.58,-5.82,-35.21,21,0,-,40,0,11.03,9.07,3.74,0,31.15,0.76,0.79,3.53,1588,0,0,13.73,3.5,-,11.03,9.07,31.15,7.48,1457.4,988.87,468.53,-9.96,14.08,14.4,30
Mon Sep 26 07:00:12 GMT-03:00 2022,26-Sep-2022 07:00:12.418,-35.211729598438346,-5.816209257058414,0.05855477601289749,8.0,30.33365009447621,199.58432006835938,-0.29,5.62,8.06,0,13.33,0,0,0.03,-0.02,14.9,7.45,14.7,19.61,90,20.07,1011.94,14.65,642.2,1,348.67,228,0,85,-,38.82,30.2,741.5,19.61,56.97,1.33,49.41,-6.25,-3.12,-2.34,-,0.98,8,30.33,199.58,-5.82,-35.21,22,0.21,-,40,0,11.03,9.07,3.63,0,31.14,0.09,0.79,3.53,1589,0.21,0,13.73,6.5,-,11.03,9.07,31.14,7.48,1458.41,988.87,469.54,-10.06,14.08,14.4,30
Mon Sep 26 07:00:13 GMT-03:00 2022,26-Sep-2022 07:00:13.420,-35.211729598438346,-5.816209257058414,0.025504767894744873,8.0,30.391517151268246,199.58592224121094,-0.19,5.6,8.06,-0,13.33,0,0,0.03,-0.03,14.9,7.45,14.7,19.61,90,20.05,1011.92,14.65,642.2,1,348.66,228,0,85,-,38.04,30.59,772,19.61,56.99,1.34,49.41,-6.25,0.78,0.78,-,0.98,8,30.39,199.59,-5.82,-35.21,23,0.09,-,40,0,11.02,9.07,3.66,0,31.14,0.09,0.8,3.53,1591,0.09,0,13.73,-2.5,-,11.02,9.07,31.14,7.48,1459.4,988.87,470.52,-9.81,14.1,14.4,31
Mon Sep 26 07:00:14 GMT-03:00 2022,26-Sep-2022 07:00:14.419,-35.211729598438346,-5.816209257058414,0.08838990330696106,8.0,30.175973145574908,199.5813751220703,-0.16,5.63,8.08,0,12.55,0,0,0.03,-0.01,14.9,7.45,14.7,19.61,90,20.03,1011.97,14.65,640.1,1,348.64,228,0,85,-,29.8,23.53,788,19.61,57.01,1.05,49.41,-6.25,3.12,0.78,-,0.98,8,30.18,199.58,-5.82,-35.21,22,0.32,-,41,0,11.02,9.07,2.88,0,31.14,0.09,0.8,2.75,1592,0.32,0,13.73,4.5,-,11.02,9.07,31.14,7.48,1460.35,988.87,471.48,-10.99,14.1,14.3,29
Mon Sep 26 07:00:15 GMT-03:00 2022,26-Sep-2022 07:00:15.421,-35.211729598438346,-5.816209257058414,0.07925588637590408,8.0,30.16587780800718,199.57374572753906,-0.16,5.62,8.03,0.01,12.94,0,0.01,0.03,-0.02,14.9,7.45,14.7,19.61,90,20.03,1011.95,14.65,639.2,1,348.64,228,0,85,-,29.8,23.14,788,19.61,57.01,1.05,49.41,-7.03,3.12,3.12,-,0.98,8,30.17,199.57,-5.82,-35.21,23,0.32,-,41,0,11.02,9.07,2.88,0,31.14,0.82,0.82,2.75,1593,0.29,0,13.33,4.5,-,11.02,9.07,31.14,7.48,1461.4,988.87,472.53,-10.99,14.12,14.4,29
Mon Sep 26 07:00:16 GMT-03:00 2022,26-Sep-2022 07:00:16.418,-35.211729598438346,-5.816209257058414,0.07995890080928802,8.0,30.102629854369006,199.57130432128906,-0.26,5.64,8.05,-0,12.94,0,0.01,0.03,-0.01,14.9,7.45,14.7,19.61,90,20.02,1011.96,14.65,639.2,1,348.63,228,0,85,-,29.41,23.53,770.5,19.61,57.03,1.03,49.41,-7.03,-0.78,-1.56,-,0.98,8,30.1,199.57,-5.82,-35.21,23,0.29,-,41,0,11.02,9.07,2.83,0,31.14,0.8,0.81,2.75,1594,0.29,0,13.33,5,-,11.02,9.07,31.14,7.48,1462.41,988.87,473.54,-11.12,14.12,14.4,28
Mon Sep 26 07:00:17 GMT-03:00 2022,26-Sep-2022 07:00:17.420,-35.211729598438346,-5.816209257058414,0.08354176580905914,6.0,30.06760724282589,199.57186889648438,-0.15,5.37,8.18,-0,12.94,0.01,0.01,0.06,-0.03,14.9,7.45,14.7,19.61,90,20,1011.97,14.65,637.4,1,348.61,228,0,85,-,30.2,24.71,763.5,19.61,57.05,1.05,49.41,-7.03,-3.91,-4.69,-,0.98,6,30.07,199.57,-5.82,-35.21,23,0.29,-,41,0,11.02,9.07,2.86,0,31.14,0.51,0.81,2.75,1594,0.3,0,12.94,4.5,-,11.02,9.07,31.14,7.48,1463.39,988.87,474.52,-11,14.12,14.4,27
Mon Sep 26 07:00:18 GMT-03:00 2022,26-Sep-2022 07:00:18.420,-35.211729598438346,-5.816209257058414,0.08778547495603561,6.0,30.049491945462353,199.58291625976562,-0.2,5.61,7.98,-0.01,12.94,0,0,0.02,-0.02,14.9,7.45,14.7,19.61,90,19.98,1011.97,14.65,637.4,1,348.6,228,0,85,-,32.94,24.71,771.5,19.61,57.07,1.09,49.41,-6.25,0,0.78,-,0.98,6,30.05,199.58,-5.82,-35.21,22,0.32,-,41,0,11.02,9.07,2.99,0,31.14,0.12,0.81,2.75,1595,0.32,0,13.33,-1,-,11.02,9.07,31.14,7.48,1464.36,988.87,475.48,-10.8,14.14,14.4,27
Mon Sep 26 07:00:19 GMT-03:00 2022,26-Sep-2022 07:00:19.420,-35.211729598438346,-5.816209257058414,0.08365622907876968,6.0,29.94164599984458,199.57603454589844,-0.13,5.63,8.1,0,12.94,0,0,0.03,-0.01,14.9,7.45,14.7,19.61,90,19.97,1011.99,14.65,637.4,1,345.82,228,0,85,-,30.2,25.49,767.5,19.61,57.09,1.01,49.02,-6.25,-0.78,-1.56,-,0.98,6,29.94,199.58,-5.82,-35.21,19,0.3,-,41,0,11.02,9.07,2.77,0,31.14,0.85,0.83,2.75,1597,0.3,0,12.94,4.5,-,11.02,9.07,31.14,7.48,1465.4,988.87,476.53,-11.12,14.1,14.4,26
Mon Sep 26 07:00:20 GMT-03:00 2022,26-Sep-2022 07:00:20.419,-35.211729598438346,-5.816209257058414,0.08244358003139496,6.0,29.93475654671267,199.57147216796875,-0.25,5.88,7.84,-0,12.94,0,0.01,0.05,-0.04,14.9,7.45,14.7,19.61,90,19.95,1012,14.65,635.4,1,345.81,228,0,85,-,29.8,23.53,764,19.61,57.11,1.03,49.02,-7.03,-3.91,-1.56,-,0.98,6,29.93,199.57,-5.82,-35.21,21,0.3,-,41,0,11.02,9.07,2.83,0,31.14,0.85,0.83,2.75,1598,0.3,0,12.94,4.5,-,11.02,9.07,31.14,7.48,1466.17,988.87,477.3,-11.02,14.1,14.4,25
Mon Sep 26 07:00:21 GMT-03:00 2022,26-Sep-2022 07:00:21.419,-35.211729598438346,-5.816209257058414,0.08975941687822342,6.0,29.970525347628385,199.56594848632812,-0.17,6.64,7.23,-0,12.94,0.02,0.01,0.14,-0.08,14.9,7.84,14.7,19.61,90,19.93,1011.95,14.65,635.4,1,343.03,228,0,85,-,46.67,23.53,921,19.61,57.17,3.06,48.63,-7.03,-0.78,-4.69,-,0.99,6,29.97,199.57,-5.82,-35.21,23,0.32,-,41,0,11.02,9.07,8.36,0,31.13,0.64,0.85,2.75,1599,0.32,0,12.94,8,-,11.02,9.07,31.13,7.48,1467.37,988.87,478.5,-3.88,14.08,14.4,37
Mon Sep 26 07:00:22 GMT-03:00 2022,26-Sep-2022 07:00:22.419,-35.21170448210373,-5.816199192910819,0.7941931486129761,6.0,30.013725840238244,199.61123657226562,0,6.78,7.19,0.01,16.47,0,0.03,0.14,-0.12,27.45,14.12,14.7,19.61,90,19.93,1011.94,14.65,632.9,1,343.03,228,0,85,-,46.67,37.25,921,19.61,57.17,3.06,47.45,-3.91,-0.78,0,-,0.99,6,30.01,199.61,-5.82,-35.21,21,0.32,-,41,0,11.02,9.07,8.36,0,31.13,0.09,0.86,6.67,1600,2.86,0,16.47,8,-,11.02,9.07,31.13,7.48,1468.39,988.87,479.52,-3.88,14.1,14.4,37
Mon Sep 26 07:00:23 GMT-03:00 2022,26-Sep-2022 07:00:23.419,-35.211708754376794,-5.816219426295673,2.1991114616394043,6.0,29.947355648176888,199.6267852783203,-0.59,7.07,6.77,-0,20.78,0.02,0,0.17,-0.1,31.37,16.08,14.7,19.61,90,19.92,1011.92,14.65,630.5,1,334.71,228,0,85,3.02,50.59,55.29,1492,19.61,57.24,3.56,47.45,-3.12,2.34,0.78,-,0.99,6,29.95,199.63,-5.82,-35.21,22,3.14,4.05,41,0,11.02,9.07,9.74,0,31.13,0.79,0.81,10.59,1600,7.92,6,18.82,21,19.31,11.02,9.07,31.13,7.48,1469.43,989.81,479.62,-4.24,14.06,14.3,46
Mon Sep 26 07:00:24 GMT-03:00 2022,26-Sep-2022 07:00:24.420,-35.21171702135595,-5.816251976028602,3.7559072971343994,6.0,30.27562902102894,199.509765625,-0.49,7.82,6.44,0.03,24.71,0.07,0.01,0.15,-0.02,31.76,16.47,14.7,19.61,90,19.91,1011.92,14.65,630.5,1,334.7,228,0,85,7.2,72.16,63.92,1923,19.61,57.35,6.23,47.45,-3.12,-6.25,-7.81,-,0.99,6,30.28,199.51,-5.82,-35.21,25,4.08,9.66,41,0.96,11.01,9.08,17.05,2.72,31.11,0.68,0.79,14.9,1601,13.52,12,23.92,16.5,35.76,11.01,9.08,31.11,7.49,1470.43,990.81,479.62,-3.41,13.98,14.4,53
Mon Sep 26 07:00:25 GMT-03:00 2022,26-Sep-2022 07:00:25.419,-35.21173464945368,-5.816294583405635,5.290241718292236,6.0,30.611290661458586,199.4509735107422,-0.16,6.42,7.77,0.03,24.71,-0.02,0.04,0.1,-0.11,31.76,16.47,14.7,19.61,90,19.91,1011.9,14.65,634.3,1,328.92,228,0,85,11.84,72.55,63.92,2391.5,19.61,57.51,8.34,46.67,-3.12,-3.91,-5.47,-,0.99,6,30.61,199.45,-5.82,-35.21,25,0.04,15.88,40,1.44,11,9.09,22.83,4.06,31.09,0.72,0.79,12.94,1602,19.04,19,24.31,20,47.29,11,9.09,31.09,7.51,1471.43,991.81,479.62,-2.97,14.06,14.4,60
Mon Sep 26 07:00:26 GMT-03:00 2022,26-Sep-2022 07:00:26.420,-35.21175094969171,-5.816345798379422,5.968421936035156,6.0,30.45930128450072,199.4089813232422,-0.18,5.96,6.53,-0,22.75,-0.01,0.04,0.13,-0.12,29.41,15.29,14.7,19.61,90,19.92,1011.88,14.65,634.3,1,328.68,228,0,84,12.18,71.76,54.51,2453.5,19.61,57.69,8.53,46.67,-3.12,-2.34,-5.47,-,0.99,6,30.46,199.41,-5.82,-35.21,23,3.51,16.34,39,2.23,11,9.09,23.33,6.29,31.07,0.72,0.79,12.94,1604,21.49,25,24.71,21,47.42,11,9.09,31.07,7.51,1472.42,992.8,479.62,-5.08,14.04,14.4,61
Mon Sep 26 07:00:27 GMT-03:00 2022,26-Sep-2022 07:00:27.419,-35.21177407068163,-5.816406932824036,7.75913667678833,6.0,30.394643390003914,199.4761962890625,0.35,7.49,8.15,0.13,24.31,0.09,0.14,0.19,-0.04,32.16,16.47,14.7,19.61,90,19.92,1011.92,14.65,643.7,1,328.46,228,0,84,11.58,75.29,61.18,2328.5,19.61,57.84,8.39,46.67,-3.12,0.78,-3.91,-,1,6,30.39,199.48,-5.82,-35.21,23,1.07,15.53,39,2.98,10.99,9.1,22.97,8.41,31.05,0.74,0.78,12.55,1605,27.93,29,25.49,18.5,47.49,10.99,9.1,31.05,7.51,1473.4,993.78,479.62,-5.5,14.04,14.4,61
Mon Sep 26 07:00:28 GMT-03:00 2022,26-Sep-2022 07:00:28.420,-35.211799180766114,-5.816476628163256,8.352001190185547,6.0,30.51161346518943,199.6607208251953,0.39,6.41,6.85,-0.05,24.71,0.05,0.03,0.17,-0.07,31.76,16.08,14.7,19.61,90,19.94,1011.86,14.65,643.7,1,325.5,228,0,84,15.43,75.29,59.22,2376,19.61,58,8.13,46.27,-3.12,0.78,-1.56,-,1,6,30.51,199.66,-5.82,-35.21,24,3.93,20.69,39,3.57,10.98,9.1,22.24,10.08,31.03,0.77,0.76,14.51,1606,30.07,34,25.49,18.5,62.02,10.98,9.1,31.03,7.52,1474.43,994.81,479.62,-5.31,14.12,14.4,62
Mon Sep 26 07:00:29 GMT-03:00 2022,26-Sep-2022 07:00:29.419,-35.211829058079545,-5.816558216324691,9.945394515991211,4.0,30.455177821787064,199.97842407226562,-0.44,6.07,7.17,-0.04,23.53,0,-0.01,0.13,-0.11,31.76,16.47,14.7,19.61,90,19.94,1011.84,14.65,662.5,1,325.32,228,0,84,15.43,71.37,61.57,2376,19.61,58.13,7.37,46.27,-3.12,-0.78,-3.12,-,1,4,30.46,199.98,-5.82,-35.21,23,3.93,20.69,39,4.61,10.98,9.11,20.16,13.04,31.01,0.63,0.75,13.73,1607,35.8,34,24.31,19.5,62.02,10.98,9.11,31.01,7.55,1475.42,995.8,479.62,-6.35,14.08,14.3,60
Mon Sep 26 07:00:30 GMT-03:00 2022,26-Sep-2022 07:00:30.420,-35.21186231133059,-5.816648416073533,10.736176490783691,6.0,30.347837912023575,200.0410614013672,-0.11,6.14,6.71,0.03,25.88,0.03,-0.04,0.18,-0.1,34.12,17.25,14.7,19.61,90,19.95,1011.81,14.65,662.5,1,325.32,228,0,84,13.94,76.86,66.27,2073,19.61,58.13,7.37,46.27,-3.12,0,1.56,-,1,6,30.35,200.04,-5.82,-35.21,24,2.2,18.69,39,4.61,10.98,9.11,20.16,13.04,31.01,0.11,0.74,16.08,1607,38.65,38,26.27,18,64.21,10.98,9.11,31.01,7.55,1476.41,996.79,479.62,-6.35,14.08,14.4,60
Mon Sep 26 07:00:31 GMT-03:00 2022,26-Sep-2022 07:00:31.420,-35.211898262974955,-5.816747499125681,11.911755561828613,6.0,30.41404170368034,200.1136932373047,-0.43,6.95,7.67,0.05,26.27,0.07,0.06,0.15,-0.03,33.33,17.25,14.7,19.61,90,19.97,1011.81,14.65,679.3,1,322.4,228,0,84,16.96,76.86,66.27,2350.5,19.61,58.29,8.63,45.88,-3.12,0.78,0,-,1,6,30.41,200.11,-5.82,-35.21,20,3.35,22.74,37,4.4,10.97,9.11,23.61,12.44,31,0.76,0.73,16.47,1608,42.88,42,26.67,18,68.9,10.97,9.11,31,7.55,1477.32,997.71,479.62,-3.51,14.06,14.4,64
Mon Sep 26 07:00:32 GMT-03:00 2022,26-Sep-2022 07:00:32.420,-35.21193665807426,-5.816854621503959,13.05960464477539,6.0,30.834595380424354,199.92799377441406,-0.24,7.14,7.95,0.09,26.27,-0.04,0,0.04,-0.09,33.33,17.25,14.7,19.61,90,19.99,1011.79,14.65,679.3,1,322.24,228,0,84,20.02,76.47,65.49,2491.5,19.61,58.48,9.22,45.88,-3.12,0,0,-,1.01,6,30.83,199.93,-5.82,-35.21,23,0.01,26.85,37,4.56,10.97,9.12,25.22,12.87,30.98,0.55,0.73,16.47,1609,47.01,47,27.06,18,76.73,10.97,9.12,30.98,7.56,1478.34,998.73,479.62,-4.23,14.1,14.4,66
Mon Sep 26 07:00:33 GMT-03:00 2022,26-Sep-2022 07:00:33.421,-35.21197739615904,-5.816966739401231,13.955278396606445,6.0,31.228618493736505,199.9628448486328,-0.1,6.18,7.43,-0.02,24.31,0,0.02,0.06,-0.04,30.2,15.69,14.7,19.61,90,20.02,1011.78,14.65,689.8,1,322.09,228,0,84,15.12,71.37,61.57,2158,19.61,58.59,6.75,45.88,-3.12,-0.78,2.34,-,1.01,6,31.23,199.96,-5.82,-35.21,22,0.24,20.27,37,6.96,10.96,9.12,18.47,19.67,30.97,0.16,0.73,15.69,1611,50.24,50,24.31,19.5,66.89,10.96,9.12,30.97,7.57,1479.42,999.8,479.62,-7.45,14.1,14.4,61
Mon Sep 26 07:00:34 GMT-03:00 2022,26-Sep-2022 07:00:34.421,-35.21201843604137,-5.817084433674241,14.217808723449707,4.0,31.40102977030548,199.9696807861328,-0.08,6.3,8.16,0.05,25.1,0.06,0,0.13,-0.02,33.73,17.25,14.7,19.61,90,20.04,1011.75,14.65,689.8,1,321.99,228,0,84,15.15,78.04,65.49,2246.5,19.61,58.75,8.35,45.88,-3.12,-0.78,2.34,-,1.01,4,31.4,199.97,-5.82,-35.21,22,1.82,20.31,36,5.98,10.96,9.12,22.86,16.91,30.96,0.16,0.74,15.29,1612,51.18,53,26.27,18,64.38,10.96,9.12,30.96,7.6,1480.42,1000.8,479.62,-4.36,14.08,14.4,63
Mon Sep 26 07:00:35 GMT-03:00 2022,26-Sep-2022 07:00:35.419,-35.212063274107116,-5.817209156978141,14.675080299377441,4.0,31.884383001254854,199.91946411132812,-0.67,6.03,7.77,0,21.96,-0.04,-0.04,0.02,-0.08,18.43,9.41,14.7,19.61,90,20.04,1011.71,14.65,701.9,1,321.87,228,0,85,15.15,78.04,43.14,1703,19.61,58.87,5.76,45.88,-3.12,-0.78,1.56,-,1.01,4,31.88,199.92,-5.82,-35.21,23,1.82,20.31,36,9.2,10.96,9.12,15.77,25.98,30.96,0.31,0.75,12.16,1613,52.83,53,26.27,18,64.38,10.96,9.12,30.96,7.6,1481.41,1001.79,479.62,-7.85,14.08,14.4,59
Mon Sep 26 07:00:36 GMT-03:00 2022,26-Sep-2022 07:00:36.419,-35.21211062385628,-5.8173379957382405,15.078304290771484,4.0,32.31305637938105,200.01568603515625,0.29,6.18,7.5,-0.01,24.71,0.06,-0.01,0.11,-0.01,33.33,16.86,14.7,19.61,90,20.07,1011.7,14.65,705.7,1,321.87,228,0,85,4.44,70.98,63.14,1703,19.61,58.87,5.76,45.88,-3.12,3.91,0.78,-,1.01,4,32.31,200.02,-5.82,-35.21,23,1.17,5.95,36,9.2,10.96,9.12,15.77,25.98,30.96,0.76,0.75,14.9,1614,54.28,54,22.75,18.5,24.89,10.96,9.12,30.96,7.63,1482.42,1002.8,479.62,-7.85,14.12,14.4,59
Mon Sep 26 07:00:37 GMT-03:00 2022,26-Sep-2022 07:00:37.420,-35.212159384533905,-5.817464216253164,15.145417213439941,4.0,32.690991977259294,200.1898651123047,-0.47,6.37,8.17,0.05,27.06,0,0.09,0.12,-0.1,32.16,16.47,14.7,19.61,90,20.1,1011.64,14.65,705.7,1,321.83,228,0,85,4.44,72.16,67.45,2416.5,19.61,59.03,9.05,45.88,-3.12,-2.34,0.78,-,1.02,4,32.69,200.19,-5.82,-35.21,24,0.28,5.95,36,5.97,10.96,9.13,24.77,16.85,30.95,0.1,0.75,17.25,1614,54.52,54,26.67,20,24.89,10.96,9.13,30.95,7.63,1483.41,1003.79,479.62,-0.57,14.08,14.5,68
Mon Sep 26 07:00:38 GMT-03:00 2022,26-Sep-2022 07:00:38.420,-35.212206406933966,-5.817594580793277,15.550524711608887,4.0,32.90042360192576,200.2281951904297,-0.05,6.28,7.59,0,24.31,-0.01,-0.03,0.05,-0.05,33.33,16.47,14.7,19.61,90,20.13,1011.57,14.65,715.7,1,321.7,228,0,85,10.03,70.2,67.45,2334.5,19.61,59.18,8.06,45.88,-3.12,-2.34,-0.78,-,1.02,4,32.9,200.23,-5.82,-35.21,22,0.02,13.45,36,6.7,10.95,9.13,22.05,18.93,30.94,0.11,0.75,14.51,1615,55.98,56,24.31,20,41.04,10.95,9.13,30.94,7.66,1484.4,1004.78,479.62,-5.81,14.1,14.4,66
Mon Sep 26 07:00:39 GMT-03:00 2022,26-Sep-2022 07:00:39.419,-35.212254879208274,-5.817726545909593,15.769973754882812,6.0,33.08749785018564,200.32762145996094,-0.42,6.67,7.7,0.04,24.31,0.13,0.01,0.19,0.02,33.33,17.25,14.7,19.61,90,20.16,1011.54,14.65,715.7,1,321.6,228,0,85,5.37,76.08,62.35,2377,19.61,59.33,8.77,45.88,-3.12,0.78,2.34,-,1.02,6,33.09,200.33,-5.82,-35.21,22,0.23,7.21,36,6.39,10.95,9.13,23.99,18.04,30.93,0.41,0.75,16.47,1616,56.77,57,26.67,18.5,21.58,10.95,9.13,30.93,7.66,1485.42,1005.8,479.62,-4.7,14.06,14.3,66
Mon Sep 26 07:00:40 GMT-03:00 2022,26-Sep-2022 07:00:40.418,-35.21230388408739,-5.817862870512535,16.192514419555664,6.0,33.3815186620511,200.2758026123047,-0.52,6.02,7.66,-0.01,26.27,0.02,0.01,0.14,-0.08,32.94,16.86,14.7,19.61,90,20.19,1011.41,14.65,715.7,1,321.49,228,0,85,11.94,76.08,65.1,2423.5,19.61,59.5,9.15,45.88,-3.12,-2.34,-0.78,-,1.03,6,33.38,200.28,-5.82,-35.21,19,0.71,16.01,36,6.23,10.94,9.14,25.05,17.59,30.92,0.19,0.75,16.47,1618,58.29,59,26.67,18.5,47.03,10.94,9.14,30.92,7.69,1486.34,1006.72,479.62,-4.45,14.14,14.4,67
Mon Sep 26 07:00:41 GMT-03:00 2022,26-Sep-2022 07:00:41.418,-35.21235230501807,-5.818001179241223,16.304798126220703,6.0,33.784221712092545,200.31959533691406,-0.35,5.05,6.03,-0.2,25.88,-0.03,-0.01,0.08,-0.1,32.55,16.47,14.7,19.61,90,20.23,1011.31,14.65,726.3,1,321.37,228,0,85,4.86,72.94,63.92,2437,19.61,59.69,8.75,45.88,-3.12,-0.78,-0.78,-,1.03,6,33.78,200.32,-5.82,-35.21,22,1.3,6.52,36,6.74,10.94,9.14,23.94,19.05,30.91,0.19,0.75,16.08,1619,58.7,60,26.67,18.5,19.04,10.94,9.14,30.91,7.69,1487.39,1007.77,479.62,-5.08,14.14,14.4,66
Mon Sep 26 07:00:42 GMT-03:00 2022,26-Sep-2022 07:00:42.417,-35.2124052691025,-5.818141688637307,16.541898727416992,6.0,34.091408211852986,200.21136474609375,0.12,7.12,8.47,0.13,23.92,0.13,0.01,0.13,0.06,30.59,15.69,14.7,19.61,90,20.26,1011.23,14.65,732.6,1,321.27,228,0,85,6.04,72.94,58.43,2439.5,19.61,59.82,7.66,45.88,-3.12,-0.78,-3.12,-,1.03,6,34.09,200.21,-5.82,-35.21,23,1.45,8.1,36,7.83,10.94,9.14,20.97,22.12,30.9,0.69,0.75,14.12,1620,59.55,61,25.49,20,23.64,10.94,9.14,30.9,7.72,1488.39,1008.77,479.62,-6.32,14.04,14.4,64
Mon Sep 26 07:00:43 GMT-03:00 2022,26-Sep-2022 07:00:43.417,-35.21245997466148,-5.81828399213941,16.634511947631836,6.0,34.2030249147273,200.28347778320312,-0.18,5.52,8.85,0.06,17.65,0.02,0.02,0.05,-0.01,14.9,7.45,14.7,19.61,90,20.26,1011.16,14.65,732.6,1,321.27,228,0,85,6.04,66.27,27.06,2439.5,19.61,59.82,7.66,45.88,-3.12,-0.78,-1.56,-,1.03,6,34.2,200.28,-5.82,-35.21,20,1.45,8.1,36,7.83,10.94,9.14,20.97,22.12,30.9,0.46,0.75,7.84,1621,59.88,61,23.14,21.5,23.64,10.94,9.14,30.9,7.72,1489.39,1009.77,479.62,-6.32,14.06,14.4,64
Mon Sep 26 07:00:44 GMT-03:00 2022,26-Sep-2022 07:00:44.416,-35.21251127940497,-5.818423525165344,16.323335647583008,6.0,34.475470500638345,200.23927307128906,0.43,5.77,8.96,0.08,16.08,-0.04,0.04,0,-0.06,21.96,11.37,14.7,19.61,90,20.29,1011.08,14.65,737.1,1,318.45,228,0,85,6.04,16.86,21.96,2208,19.61,59.86,2,45.49,-4.69,3.91,5.47,-,1.03,6,34.48,200.24,-5.82,-35.21,21,0.88,8.1,36,30.51,10.95,9.13,5.47,86.2,30.94,0.08,0.75,6.27,1621,58.76,59,14.12,6.5,23.64,10.95,9.13,30.94,7.76,1490.35,1010.73,479.62,-12.48,14.12,14.4,51
Mon Sep 26 07:00:45 GMT-03:00 2022,26-Sep-2022 07:00:45.417,-35.21256277110617,-5.818557773984961,15.725421905517578,6.0,34.35629563394469,200.08004760742188,-0.25,5.43,8.81,0.05,16.08,-0.05,0.03,0,-0.06,21.96,11.37,14.7,19.61,90,20.32,1011.07,14.65,737,1,318.92,228,0,85,6.04,15.29,21.96,2040,19.61,59.9,1.53,45.49,-5.47,3.91,3.12,-,1.03,6,34.36,200.08,-5.82,-35.21,23,0.61,8.1,36,38.53,10.96,9.13,4.19,108.84,30.95,0.82,0.74,6.27,1622,56.61,56,14.12,3.5,23.64,10.96,9.13,30.95,7.76,1491.4,1011.78,479.62,-12.81,14.06,14.4,42
Mon Sep 26 07:00:46 GMT-03:00 2022,26-Sep-2022 07:00:46.417,-35.212610540565876,-5.8186847901412095,14.946823120117188,6.0,34.046841720244885,199.94789123535156,-0.79,5.64,8.13,0.01,13.73,0.01,-0.04,0.03,-0.01,14.9,7.45,14.7,19.61,90,20.35,1011.02,14.65,737,1,318.95,228,0,85,-,15.29,12.94,1971.5,19.61,59.92,1.5,45.49,-5.47,0,3.12,-,1.03,6,34.05,199.95,-5.82,-35.21,20,1.81,-,36,37.28,10.96,9.13,4.11,105.31,30.95,0.82,0.74,3.53,1624,53.81,52,14.12,1.5,-,10.96,9.13,30.95,7.79,1492.35,1012.73,479.62,-12.7,14.06,14.4,35
Mon Sep 26 07:00:47 GMT-03:00 2022,26-Sep-2022 07:00:47.418,-35.212657749154346,-5.8188101584422185,14.269549369812012,6.0,34.190811042152596,199.81239318847656,-0.52,5.22,8.78,0.04,13.73,0.04,0.05,0.02,0.03,14.9,7.45,29.4,19.61,90,20.35,1011.07,14.65,736.1,2,318.95,228,0,85,-,15.29,13.33,1971.5,19.61,59.96,1.51,45.88,-5.47,0,0,-,1.03,6,34.19,199.81,-5.82,-35.21,22,1.81,-,36,34.45,10.98,9.11,4.13,97.32,31,0,0.01,3.53,1625,51.37,52,14.12,1.5,-,10.98,9.11,31,7.79,1493.38,1013.77,479.62,-12.7,14.12,14.4,35
Mon Sep 26 07:00:48 GMT-03:00 2022,26-Sep-2022 07:00:48.417,-35.21270526746236,-5.818929978417737,14.231850624084473,6.0,33.42624118989211,199.67349243164062,-0.15,5.85,8.26,0.03,13.73,0.03,0.01,0.05,0,14.9,7.45,29.4,19.61,90,20.37,1011.13,14.65,734,2,321.72,228,0,85,-,16.08,13.33,1895.5,19.61,59.96,1.51,45.88,-3.12,0,0,-,1.03,6,33.43,199.67,-5.82,-35.21,20,1.37,-,36,34.45,10.98,9.11,4.13,97.32,31,0.01,0.01,3.53,1625,51.23,50,14.12,-1.5,-,10.98,9.11,31,7.82,1494.39,1014.77,479.62,-12.62,14.08,14.4,29
Mon Sep 26 07:00:49 GMT-03:00 2022,26-Sep-2022 07:00:49.417,-35.21274935856074,-5.819053823831886,14.31712818145752,6.0,33.95762296215979,199.59864807128906,-0.16,5.31,6.99,-0.11,21.18,0.21,0.01,0.22,0.09,28.63,14.9,13.93,19.61,90,20.4,1011.09,14.65,734,0.95,322.29,228,0,85,7.31,69.02,51.37,1792.5,19.61,60.1,5.67,45.88,-3.12,0,0,-,1.04,6,33.96,199.6,-5.82,-35.21,22,0.46,9.81,36,8.82,10.97,9.11,15.52,24.9,31,0.83,0.14,11.37,1627,51.54,52,23.92,16.5,38.96,10.97,9.11,31,7.82,1495.4,1015.78,479.62,-6.72,14.06,14.4,35
Mon Sep 26 07:00:50 GMT-03:00 2022,26-Sep-2022 07:00:50.418,-35.212794855770376,-5.8191803697657285,14.623857498168945,6.0,33.99308588256209,199.7147216796875,-0.49,6.47,7.84,0.04,25.49,0.03,-0.01,0.12,-0.04,32.94,16.86,13.76,19.61,90,20.43,1011.16,14.65,734,0.94,322.24,228,0,85,14.99,74.12,63.53,2487.5,19.61,60.28,9.17,45.88,-3.12,-1.56,0,-,1.04,6,33.99,199.71,-5.82,-35.21,21,2.35,20.1,36,5.67,10.97,9.12,25.08,16.03,30.99,0.83,0.14,15.69,1628,52.65,55,26.67,18.5,57.55,10.97,9.12,30.99,7.85,1496.41,1016.79,479.62,-1.1,14.06,14.3,49
Mon Sep 26 07:00:51 GMT-03:00 2022,26-Sep-2022 07:00:51.418,-35.21284287719631,-5.819313764769102,15.425883293151855,6.0,33.84595234281498,199.7459259033203,-0.11,5.98,7.69,-0.01,25.88,-0.02,0.01,0.07,-0.08,32.55,16.86,14.7,19.61,90,20.46,1011.16,14.65,720.7,1,322.11,229,0,85,23.96,69.41,62.75,2580.5,19.61,60.43,8.88,45.88,-3.12,-2.34,-0.78,-,1.04,6,33.85,199.75,-5.82,-35.21,21,3.47,32.13,36,6.19,10.97,9.12,24.3,17.49,30.98,0.32,0.81,16.08,1629,55.53,59,26.67,18.5,88.66,10.97,9.12,30.98,7.85,1497.4,1017.78,479.62,-5.19,14.12,14.4,53
Mon Sep 26 07:00:52 GMT-03:00 2022,26-Sep-2022 07:00:52.418,-35.21289279035273,-5.819455473450728,16.32401466369629,6.0,33.811622568573846,199.77964782714844,-0.09,5.79,8.44,0.04,22.35,0.04,0.02,0.05,0.01,30.2,15.69,14.7,19.61,90,20.46,1011.21,14.5,720.7,1,322.11,229,0,85,23.96,69.41,55.69,2580.5,19.61,60.43,8.88,45.88,-3.12,-2.34,-4.69,-,1.04,6,33.81,199.78,-5.82,-35.21,18,3.47,32.13,36,6.19,10.97,9.12,24.3,17.49,30.98,0.73,0.77,12.55,1630,58.77,59,24.71,20,88.66,10.97,9.12,30.98,7.88,1498.43,1018.81,479.62,-5.19,14.12,14.4,53
Mon Sep 26 07:00:53 GMT-03:00 2022,26-Sep-2022 07:00:53.417,-35.212945039003664,-5.819604582879255,17.25334930419922,6.0,33.686349653237734,199.79855346679688,0.05,5.9,7.25,-0.05,23.14,0.01,0.01,0.08,-0.04,31.76,16.47,14.7,19.61,90,20.49,1011.3,14.65,722.6,1,322,229,0,84,21.04,65.88,59.22,2013.5,19.61,60.56,6.39,45.88,-3.12,-1.56,0,-,1.04,6,33.69,199.8,-5.82,-35.21,19,4.23,28.21,36,9.23,10.96,9.12,17.49,26.07,30.97,0.14,0.76,12.94,1630,62.11,63,22.75,20,99.77,10.96,9.12,30.97,7.88,1499.41,1019.79,479.62,-7.94,14.12,14.3,51
Mon Sep 26 07:00:54 GMT-03:00 2022,26-Sep-2022 07:00:54.418,-35.213000696717494,-5.819761413144697,18.304428100585938,6.0,33.75696416035764,199.66006469726562,-0.5,6.02,8.72,0.08,15.29,0.08,-0.01,0.07,0.04,14.9,7.45,14.7,19.61,90,20.53,1011.32,14.65,722.6,1,321.95,229,0,84,13.77,67.06,22.35,1964.5,19.61,60.67,6.4,45.88,-3.91,0.78,1.56,-,1.05,6,33.76,199.66,-5.82,-35.21,19,2.89,18.46,36,9.84,10.96,9.12,17.52,27.79,30.97,0.09,0.75,5.1,1631,65.9,65,19.22,-1.5,66.92,10.96,9.12,30.97,7.91,1500.42,1020.8,479.62,-6.22,14.1,14.4,52
Mon Sep 26 07:00:55 GMT-03:00 2022,26-Sep-2022 07:00:55.417,-35.21305570740965,-5.819919709610033,18.54934310913086,6.0,34.19840976206287,199.61328125,-0.28,5.93,8.17,0.03,17.65,0,-0.01,0.02,-0.02,14.9,7.45,14.7,19.61,90,20.57,1011.37,14.65,723,1,321.93,229,0,84,5.99,18.04,22.35,1806.5,19.61,60.69,1.45,45.88,-3.91,1.56,0,-,1.05,6,34.2,199.61,-5.82,-35.21,16,0.78,8.03,36,44.8,10.96,9.12,3.97,126.55,30.97,0.81,0.74,7.84,1632,66.78,66,15.69,36,31.67,10.96,9.12,30.97,7.91,1501.43,1021.81,479.62,-12.69,14.04,14.4,43
Mon Sep 26 07:00:56 GMT-03:00 2022,26-Sep-2022 07:00:56.417,-35.21311124435006,-5.820078497877115,18.57080078125,6.0,34.45936023789237,199.57789611816406,0.62,5.42,8.58,0.03,17.65,0.03,0.09,0.01,0.03,21.18,10.98,14.7,19.61,90,20.6,1011.46,14.65,723,1,321.95,229,0,84,5.99,22.75,34.12,1684.5,19.61,60.74,1.78,45.88,-3.91,1.56,0,-,1.05,6,34.46,199.58,-5.82,-35.21,22,0.85,8.03,36,37.01,10.96,9.12,4.88,104.54,30.97,0.81,0.74,7.84,1634,66.85,66,15.69,36,31.67,10.96,9.12,30.97,7.95,1502.39,1022.77,479.62,-12.03,14.04,14.4,36
Mon Sep 26 07:00:57 GMT-03:00 2022,26-Sep-2022 07:00:57.422,-35.21316921481325,-5.820233182249175,18.56623077392578,6.0,34.513496788406876,199.9242706298828,0.04,5.56,8.63,0.04,13.33,-0.03,0,-0.04,-0.02,14.9,11.37,14.7,19.61,90,20.6,1011.4,14.65,722.5,1,321.98,229,0,84,5.99,22.75,17.65,1684.5,19.61,60.79,2.74,45.88,-5.47,-1.56,-2.34,-,1.05,6,34.51,199.92,-5.82,-35.21,19,0.85,8.03,36,24.11,10.98,9.11,7.49,68.11,31,0.8,0.73,3.53,1635,66.84,66,13.73,3,31.67,10.98,9.11,31,7.95,1503.33,1023.71,479.62,-10.34,14.08,14.3,35
Mon Sep 26 07:00:58 GMT-03:00 2022,26-Sep-2022 07:00:58.420,-35.21322434989212,-5.820386291447861,18.14103126525879,6.0,34.61167144662228,199.77403259277344,-0.77,5.41,7.11,-0.09,18.43,-0.08,-0.04,0.01,-0.11,24.31,12.55,14.7,19.61,90,20.64,1011.36,14.65,721.4,1,321.98,229,0,84,5.99,45.88,47.06,1615,19.61,60.79,2.74,45.88,-3.91,0,1.56,-,1.05,6,34.61,199.77,-5.82,-35.21,17,2.84,8.03,36,24.11,10.98,9.11,7.49,68.11,31,0.08,0.73,8.63,1635,65.31,64,18.82,18,31.67,10.98,9.11,31,7.99,1504.39,1024.77,479.62,-10.34,14.12,14.4,35
Mon Sep 26 07:00:59 GMT-03:00 2022,26-Sep-2022 07:00:59.422,-35.213279375811844,-5.820541002355731,18.060361862182617,6.0,34.85894020985448,199.60501098632812,-0.12,5.89,8.04,0.01,14.12,0.05,-0.01,0.03,0.03,24.31,12.55,14.7,19.61,90,20.67,1011.32,14.65,721.4,1,322.3,229,0,84,-,51.37,47.06,1507.5,19.61,60.86,3.67,45.88,-3.91,-1.56,-3.12,-,1.05,6,34.86,199.61,-5.82,-35.21,20,2.31,-,36,17.42,10.98,9.11,10.05,49.22,31.02,0.78,0.72,4.31,1636,65.02,63,16.47,19.5,-,10.98,9.11,31.02,7.99,1505.36,1025.74,479.62,-8.62,14.12,14.3,36
Mon Sep 26 07:01:00 GMT-03:00 2022,26-Sep-2022 07:01:00.420,-35.213332803115016,-5.82069575084701,17.88310432434082,6.0,35.533224586836326,199.585693359375,0.42,6.87,9.74,0.04,14.12,0.04,0,0.04,0.01,25.49,12.94,14.7,19.61,90,20.71,1011.3,14.65,718.7,1,322.45,229,0,84,-,61.96,41.96,1382,19.61,60.94,4.06,45.88,-3.91,-5.47,-3.91,-,1.05,6,35.53,199.59,-5.82,-35.21,21,2.38,-,36,15.52,10.98,9.1,11.11,43.83,31.03,0.14,0.71,4.31,1637,64.38,62,19.22,15.5,-,10.98,9.1,31.03,8.02,1506.41,1026.79,479.62,-7.51,14.08,14.3,39
Mon Sep 26 07:01:01 GMT-03:00 2022,26-Sep-2022 07:01:01.419,-35.213384582612,-5.820853339950537,17.820873260498047,8.0,35.84437624410319,199.45497131347656,-0.79,4.96,7.99,-0.04,18.82,-0.01,0.03,0.01,-0.03,22.35,11.37,14.7,19.61,90,20.74,1011.18,14.65,718.7,1,322.56,229,0,84,-,53.33,49.02,1377,19.61,61.01,3.6,45.88,-3.91,-0.78,-3.91,-,1.05,8,35.84,199.45,-5.82,-35.21,24,4.16,-,36,17.21,10.99,9.1,9.86,48.6,31.04,0.14,0.71,9.02,1639,64.16,60,19.22,15.5,-,10.99,9.1,31.04,8.02,1507.39,1027.77,479.62,-7.74,14.08,14.3,41
Mon Sep 26 07:01:02 GMT-03:00 2022,26-Sep-2022 07:01:02.425,-35.213436790484806,-5.821004160961434,17.039453506469727,8.0,35.99872938285601,199.46205139160156,-0.52,4.97,8.34,-0.01,14.51,-0.04,0.01,-0.02,-0.03,14.9,7.45,14.7,19.61,90,20.77,1011.06,14.65,717,1,322.71,229,0,84,-,27.06,30.59,1307,19.61,61.03,1.31,45.88,-3.91,-2.34,-1.56,-,1.05,8,36,199.46,-5.82,-35.21,24,4.34,-,36,45.86,10.99,9.1,3.58,129.54,31.05,0.75,0.71,4.71,1640,61.34,57,16.86,11,-,10.99,9.1,31.05,8.06,1508.41,1028.79,479.62,-12.13,14.08,14.3,35
Mon Sep 26 07:01:03 GMT-03:00 2022,26-Sep-2022 07:01:03.416,-35.213484882123915,-5.8211427835225065,16.0883846282959,8.0,36.4464834804117,199.5819854736328,-0.56,5.57,8.28,0.02,12.94,0.09,0.03,0.05,0.07,14.9,7.45,14.7,19.61,90,20.79,1011.02,14.65,717,1,322.73,229,0,84,-,27.06,15.69,1304.5,19.61,61.06,1.21,45.88,-6.25,-2.34,-3.12,-,1.05,8,36.45,199.58,-5.82,-35.21,23,4.92,-,36,47.26,10.99,9.1,3.3,133.51,31.05,0.83,0.7,2.75,1641,57.92,53,13.33,-3,-,10.99,9.1,31.05,8.06,1509.41,1029.79,479.62,-12.2,14.12,14.3,30
Mon Sep 26 07:01:04 GMT-03:00 2022,26-Sep-2022 07:01:04.417,-35.213530702363364,-5.821277004725626,15.229715347290039,8.0,37.34087781401887,199.60008239746094,0.09,4.83,8.05,-0.04,12.94,-0.04,0.04,-0.04,-0.02,14.9,7.45,29.4,19.61,90,20.79,1010.95,14.5,715.4,2,322.73,229,0,84,-,19.22,15.69,1304.5,19.61,61.06,1.21,45.88,-6.25,0,0,-,1.05,8,37.34,199.6,-5.82,-35.21,24,4.92,-,36,47.26,10.99,9.1,3.3,133.51,31.05,0.03,0.7,3.14,1642,54.83,53,13.33,-11.5,-,10.99,9.1,31.05,8.06,1510.41,1030.79,479.62,-12.2,14.06,14.3,30
Mon Sep 26 07:01:05 GMT-03:00 2022,26-Sep-2022 07:01:05.417,-35.213573950953844,-5.821400806773407,14.241588592529297,8.0,37.462328838441515,199.6250762939453,-1.03,3.97,7.41,-0.14,13.33,0.1,0.02,0.14,0.01,14.9,7.45,29.4,19.61,90,20.82,1010.96,14.5,714.2,2,322.76,229,0,84,-,19.22,15.69,1342.5,19.61,61.08,1.23,45.88,-6.25,0,0,-,1.05,8,37.46,199.63,-5.82,-35.21,23,6.83,-,36,43.16,10.99,9.1,3.36,121.92,31.05,0,0,3.14,1642,51.27,48,13.33,-10.5,-,10.99,9.1,31.05,8.11,1511.39,1031.77,479.62,-12.01,14.06,14.3,27
Mon Sep 26 07:01:06 GMT-03:00 2022,26-Sep-2022 07:01:06.417,-35.21361573602311,-5.821516689791066,13.305632591247559,8.0,37.81754602400615,200.02761840820312,-0.95,5.34,7.48,-0.06,19.61,-0.05,-0.06,0,-0.08,14.9,7.45,13.76,19.61,90,20.84,1010.93,14.5,714.2,0.94,325.55,229,0,84,-,62.75,17.25,1339.5,19.61,61.2,5.93,46.27,-3.12,0,0,-,1.06,8,37.82,200.03,-5.82,-35.21,25,2.9,-,36,8.1,10.99,9.1,16.22,22.87,31.04,0.9,0.08,9.8,1643,47.9,45,19.61,10.5,-,10.99,9.1,31.04,8.11,1512.4,1032.79,479.62,-2.81,14.08,14.4,40
Mon Sep 26 07:01:07 GMT-03:00 2022,26-Sep-2022 07:01:07.416,-35.21365319096581,-5.82161751920828,12.940001487731934,8.0,38.093139197282234,200.08761596679688,-0.18,5.43,8.31,0.01,19.61,-0.03,0.11,-0.01,-0.04,28.63,14.51,13.76,19.61,90,20.86,1010.9,14.5,706.3,0.94,325.48,229,0,84,4.51,65.88,55.29,1526.5,19.61,61.29,4.78,46.27,-3.12,0,0,-,1.06,8,38.09,200.09,-5.82,-35.21,25,0.58,6.04,36,9.41,10.99,9.1,13.08,26.59,31.04,0.68,0.87,9.8,1644,46.58,46,20.39,16.5,28.18,10.99,9.1,31.04,8.11,1513.42,1033.8,479.62,-5.05,14.12,14.4,46
Mon Sep 26 07:01:08 GMT-03:00 2022,26-Sep-2022 07:01:08.417,-35.213692816445594,-5.821727395343113,13.24481201171875,8.0,38.83549484824533,199.82786560058594,0.06,7.71,8.07,0.14,20.39,0.13,0.03,0.24,-0.02,30.2,15.69,14.7,19.61,90,20.88,1010.9,14.5,706.3,1,325.44,229,0,84,4.63,68.24,55.29,1755.5,19.61,61.39,5.75,46.27,-3.12,2.34,4.69,-,1.06,8,38.84,199.83,-5.82,-35.21,26,0.68,6.21,36,8.01,10.99,9.1,15.72,22.62,31.03,0.17,0.79,10.59,1646,47.68,47,23.53,18,25.18,10.99,9.1,31.03,8.14,1514.43,1034.81,479.62,-4.53,14.14,14.4,51
Mon Sep 26 07:01:09 GMT-03:00 2022,26-Sep-2022 07:01:09.417,-35.213734451649216,-5.821840760597603,13.099100112915039,8.0,38.78110607967746,199.97341918945312,-0.63,5.54,8.06,-0,22.75,0.17,-0.08,0.12,0.12,27.45,14.12,14.7,19.61,90,20.9,1010.85,14.5,706.3,1,325.37,229,0,84,13.98,66.27,57.25,1835,19.61,61.5,5.87,46.27,-3.12,0.78,4.69,-,1.06,8,38.78,199.97,-5.82,-35.21,23,2.84,18.75,36,8.01,10.98,9.1,16.05,22.63,31.03,0.17,0.79,13.73,1647,47.16,50,20.78,18.5,72.75,10.98,9.1,31.03,8.14,1515.4,1035.79,479.62,-5.65,14.14,14.4,53
Mon Sep 26 07:01:10 GMT-03:00 2022,26-Sep-2022 07:01:10.418,-35.21377593606801,-5.821958803280756,13.831409454345703,8.0,38.882927304211584,200.2763671875,0.01,5.86,8.16,0.02,18.82,0.02,0.03,0.05,-0.01,22.75,11.76,14.7,19.61,90,20.93,1010.83,14.5,699.9,1,325.3,229,0,84,4.99,43.53,46.67,1603.5,19.61,61.56,3.12,46.27,-3.12,0.78,0.78,-,1.06,8,38.88,200.28,-5.82,-35.21,24,1.21,6.7,36,16,10.99,9.1,8.55,45.2,31.04,0.47,0.76,9.8,1648,49.79,51,20.78,18.5,29.74,10.99,9.1,31.04,8.14,1516.38,1036.76,479.62,-9.99,14.14,14.3,48
Mon Sep 26 07:01:11 GMT-03:00 2022,26-Sep-2022 07:01:11.417,-35.213824908078585,-5.822084731975473,14.455751419067383,8.0,39.28736046224113,200.55882263183594,-0.39,5.27,7.88,-0.04,13.33,0.02,0.09,0.01,0.01,14.9,7.45,14.7,19.61,90,20.93,1010.87,14.5,699,1,325.3,229,0,84,4.99,43.53,17.65,1603.5,19.61,61.56,3.12,46.27,-4.69,3.91,5.47,-,1.06,8,39.29,200.56,-5.82,-35.21,23,1.21,6.7,36,16,10.99,9.1,8.55,45.2,31.04,0.14,0.75,3.53,1648,52.04,51,14.51,2,29.74,10.99,9.1,31.04,8.19,1517.4,1037.78,479.62,-9.99,14.12,14.3,48
Mon Sep 26 07:01:12 GMT-03:00 2022,26-Sep-2022 07:01:12.417,-35.21386957295767,-5.8222083883583675,14.355963706970215,8.0,39.49829268518283,200.50955200195312,-0.99,5.9,8.21,0.03,13.33,0.03,-0.06,0.06,0,14.9,7.45,14.7,19.61,90,20.95,1010.95,14.5,699,1,325.42,229,0,84,4.99,18.82,16.08,1426.5,19.61,61.58,1.28,46.27,-6.25,0.78,0.78,-,1.06,8,39.5,200.51,-5.82,-35.21,25,2.04,6.7,36,39.98,10.99,9.1,3.49,112.95,31.04,0.75,0.75,3.14,1649,51.68,50,13.73,-6,29.74,10.99,9.1,31.04,8.19,1518.37,1038.75,479.62,-12.4,14.12,14.4,39
Mon Sep 26 07:01:13 GMT-03:00 2022,26-Sep-2022 07:01:13.417,-35.21391405180999,-5.822327680026691,14.109084129333496,8.0,39.517974115773285,200.6903839111328,-0.48,5.32,8.74,0.04,12.94,0.12,-0.06,0.07,0.08,14.9,7.45,29.4,19.61,90,20.97,1010.95,14.5,697.8,2,325.44,229,0,84,4.99,18.82,16.08,1334,19.61,61.6,1.18,46.27,-6.25,0,0,-,1.06,8,39.52,200.69,-5.82,-35.21,23,1.79,6.7,36,42.23,10.99,9.1,3.24,119.28,31.04,0,0.72,3.14,1650,50.79,49,13.33,-10.5,29.74,10.99,9.1,31.04,8.19,1519.41,1039.79,479.62,-12.3,14.1,14.3,33
Mon Sep 26 07:01:14 GMT-03:00 2022,26-Sep-2022 07:01:14.416,-35.213958618169706,-5.822439648700216,13.682900428771973,8.0,39.37219119443424,200.7153778076172,-0.02,4.43,7.33,-0.13,12.94,-0.12,0.02,-0.08,-0.09,14.9,7.45,29.4,19.61,90,20.99,1011,14.5,697.8,2,325.47,229,0,84,-,19.61,16.08,1339.5,19.61,61.62,1.26,46.27,-6.25,0,0,-,1.06,8,39.37,200.72,-5.82,-35.21,24,1.26,-,36,38.97,10.99,9.1,3.44,110.1,31.05,0,0,3.14,1651,49.26,48,13.33,-10,-,10.99,9.1,31.05,8.23,1520.41,1040.79,479.62,-12.01,14.08,14.4,29
Mon Sep 26 07:01:15 GMT-03:00 2022,26-Sep-2022 07:01:15.422,-35.2140017068166,-5.8225518617028555,13.445693969726562,6.0,39.68137233563064,200.8233184814453,-1.28,5.05,7.93,-0.04,12.94,-0.06,0,-0.02,-0.06,16.86,12.16,29.4,19.61,90,21.01,1011.01,14.5,694.7,2,325.49,229,0,83,-,53.33,24.31,1407.5,19.61,61.69,3.26,46.27,-3.91,0,0,-,1.06,6,39.68,200.82,-5.82,-35.21,25,1.4,-,36,14.74,10.99,9.1,8.91,41.64,31.05,0.88,0.08,3.14,1653,48.4,47,18.04,0,-,10.99,9.1,31.05,8.23,1521.42,1041.8,479.62,-8.06,14.08,14.3,32
Mon Sep 26 07:01:16 GMT-03:00 2022,26-Sep-2022 07:01:16.420,-35.21404406592026,-5.822660812183334,13.484216690063477,6.0,39.79130664782651,200.6280059814453,-0.47,5.17,8.13,-0.02,15.69,-0.01,-0.01,-0.01,-0.01,14.9,7.45,13.64,19.61,90,21.04,1011,14.5,694.7,0.93,325.58,229,0,83,4.76,25.49,30.59,1362.5,19.61,61.72,1.79,46.27,-3.91,0,0,-,1.06,6,39.79,200.63,-5.82,-35.21,23,0.54,6.39,36,26.19,11.01,9.09,4.91,73.99,31.09,0.88,0.08,5.88,1654,48.54,48,13.33,-4,33.37,11.01,9.09,31.09,8.25,1522.42,1042.8,479.62,-11.13,14.08,14.3,30
Mon Sep 26 07:01:17 GMT-03:00 2022,26-Sep-2022 07:01:17.420,-35.21408633691685,-5.822774160183674,13.43399429321289,6.0,39.57046690779098,200.45884704589844,0.03,5.15,8.3,0.04,12.94,-0.02,0,-0.04,0,14.9,7.45,13.36,19.61,90,21.06,1010.99,14.5,694.7,0.91,328.71,229,0,83,4.76,19.22,15.69,1339.5,19.61,61.74,1.24,46.67,-6.25,0,0,-,1.06,6,39.57,200.46,-5.82,-35.21,23,1.36,6.39,36,38.86,11.01,9.09,3.38,109.77,31.09,0.7,0.12,3.14,1655,48.36,47,13.33,-10.5,33.37,11.01,9.09,31.09,8.25,1523.38,1043.76,479.62,-12.1,14.12,14.3,26
Mon Sep 26 07:01:18 GMT-03:00 2022,26-Sep-2022 07:01:18.420,-35.21412751189651,-5.822890725248223,13.325565338134766,6.0,39.46994146350782,200.7707977294922,-0.24,4.91,8.77,0.02,12.94,0.03,0,0,0.03,14.9,7.45,29.4,19.61,90,21.08,1011.13,14.5,691.5,2,328.74,229,0,83,4.76,19.22,15.69,1349,19.61,61.76,1.24,46.67,-6.25,0,0,-,1.06,6,39.47,200.77,-5.82,-35.21,22,1.97,6.39,36,38.05,11.01,9.08,3.38,107.48,31.09,0.7,0.12,3.14,1656,47.97,46,13.33,-10.5,33.37,11.01,9.08,31.09,8.28,1524.41,1044.79,479.62,-12.06,14.12,14.3,24
Mon Sep 26 07:01:19 GMT-03:00 2022,26-Sep-2022 07:01:19.418,-35.21416856937789,-5.82299897073882,13.102616310119629,6.0,38.763078351543406,200.60203552246094,-0.15,5.06,8.58,0.01,13.33,-0.08,0,-0.1,-0.04,14.9,7.45,29.4,19.61,90,21.08,1011.21,14.5,689.9,2,328.76,229,0,84,4.76,19.22,16.08,1350.5,19.61,61.78,1.27,46.67,-6.25,0,0,-,1.07,6,38.76,200.6,-5.82,-35.21,23,1.97,6.39,36,36.27,11.01,9.08,3.47,102.46,31.1,0,0,3.14,1657,47.17,46,13.33,-10.5,33.37,11.01,9.08,31.1,8.28,1525.4,1045.78,479.62,-12.01,14.1,14.3,22
Mon Sep 26 07:01:20 GMT-03:00 2022,26-Sep-2022 07:01:20.421,-35.21420671702102,-5.823104605627516,12.772624015808105,6.0,38.14256662364563,200.4896697998047,0.79,4.88,5.96,-0.21,12.94,0.14,-0.02,0.03,0.14,14.9,7.45,29.4,19.61,90,21.1,1011.34,14.5,689.9,2,328.79,229,0,84,-,19.61,15.69,1350.5,19.61,61.81,1.25,46.67,-6.25,0,0,-,1.07,6,38.14,200.49,-5.82,-35.21,24,2.17,-,36,36.11,11.01,9.08,3.41,102,31.1,0,0,3.14,1658,45.98,45,13.33,-10,-,11.01,9.08,31.1,8.31,1526.4,1046.79,479.62,-12.06,14.06,14.3,20
Mon Sep 26 07:01:21 GMT-03:00 2022,26-Sep-2022 07:01:21.419,-35.21424572539274,-5.82320309070139,12.341062545776367,6.0,37.761772209416264,200.60238647460938,-1.02,4.82,8.31,-0.02,13.33,0.04,0,-0.03,0.06,14.9,7.45,29.4,19.61,90,21.11,1011.44,14.65,686.5,2,328.79,229,0,84,-,19.22,15.69,1360,19.61,61.81,1.25,46.67,-6.25,0,0,-,1.07,6,37.76,200.6,-5.82,-35.21,23,2.98,-,36,36.11,11.01,9.08,3.41,102,31.1,0,0,3.14,1659,44.43,43,13.33,-10.5,-,11.01,9.08,31.1,8.31,1527.39,1047.77,479.62,-12.06,14.1,14.3,20
Mon Sep 26 07:01:22 GMT-03:00 2022,26-Sep-2022 07:01:22.420,-35.214284671651114,-5.823301418069093,11.961820602416992,6.0,37.53427899388012,201.31288146972656,-0.48,4.9,7.98,-0.05,13.33,-0.02,-0.01,-0.03,0,14.9,7.45,29.4,19.61,90,21.13,1011.49,14.65,684.3,2,328.82,229,0,84,-,19.22,15.69,1347,19.61,61.83,1.27,46.67,-6.25,0,0,-,1.07,6,37.53,201.31,-5.82,-35.21,23,3.43,-,36,33.91,11.03,9.07,3.47,95.78,31.15,0,0,3.14,1659,43.06,41,13.33,-10,-,11.03,9.07,31.15,8.31,1528.42,1048.8,479.62,-12.18,14.04,14.3,19
Mon Sep 26 07:01:23 GMT-03:00 2022,26-Sep-2022 07:01:23.418,-35.21432323819782,-5.8233980691011284,11.592131614685059,6.0,36.95632166957881,201.7954864501953,-0.03,4.81,7.8,-0.07,12.94,-0.05,0.03,-0.02,-0.05,14.9,7.45,29.4,19.61,90,21.15,1011.54,14.65,684.3,2,332.13,229,0,84,-,19.22,15.69,1353.5,19.61,61.85,1.26,47.06,-6.25,0,0,-,1.07,6,36.96,201.8,-5.82,-35.21,21,0.73,-,36,32.61,11.04,9.05,3.44,92.12,31.2,0,0,3.14,1660,41.73,41,13.33,-10,-,11.04,9.05,31.2,8.34,1529.39,1049.77,479.62,-12.18,14.08,14.3,19
Mon Sep 26 07:01:24 GMT-03:00 2022,26-Sep-2022 07:01:24.420,-35.214361812997865,-5.82349729014744,11.64522647857666,8.0,36.74475390638453,202.77297973632812,-0.58,4.85,8.85,0.03,12.94,0.03,-0.02,-0.04,0.05,14.9,7.45,29.4,19.61,90,21.16,1011.64,14.65,680.2,2,332.65,229,0,84,-,19.22,15.69,1342.5,19.61,61.88,1.24,47.06,-6.25,0,0,-,1.07,8,36.74,202.77,-5.82,-35.21,21,2.92,-,36,33.19,11.06,9.04,3.38,93.76,31.25,0,0,3.14,1662,41.92,39,13.33,-10.5,-,11.06,9.04,31.25,8.34,1530.42,1050.81,479.62,-12.23,14.08,14.4,18
Mon Sep 26 07:01:25 GMT-03:00 2022,26-Sep-2022 07:01:25.419,-35.21439524525769,-5.823588975230881,10.988675117492676,8.0,36.59504425734494,203.8100128173828,0.4,4.83,8.87,0.03,13.33,0.01,0.01,-0.04,0.04,14.9,7.45,29.4,19.61,90,21.17,1011.72,14.65,680.2,2,333.19,229,0,83,-,20,15.69,1413.5,19.61,61.9,1.38,47.06,-6.25,0,0,-,1.07,8,36.6,203.81,-5.82,-35.21,22,3.56,-,36,28.31,11.08,9.03,3.77,79.96,31.29,0,0,3.14,1663,39.56,36,13.73,-9,-,11.08,9.03,31.29,8.34,1531.24,1051.62,479.62,-11.93,14.08,14.4,18
Mon Sep 26 07:01:26 GMT-03:00 2022,26-Sep-2022 07:01:26.418,-35.2144248858556,-5.823671312854656,10.190607070922852,12.0,36.47078851626728,205.26097106933594,-0.4,5,8.78,0.03,13.33,0.03,0,-0.03,0.05,14.9,7.45,29.4,19.61,90,21.18,1011.82,14.65,677.5,2,336.39,229,0,83,-,19.22,16.08,1359,19.61,61.93,1.25,47.45,-6.25,0,0,-,1.07,12,36.47,205.26,-5.82,-35.21,17,2.69,-,36,28.89,11.09,9.02,3.41,81.6,31.33,0,0,3.14,1664,36.69,34,13.73,-9,-,11.09,9.02,31.33,8.35,1532.39,1052.77,479.62,-12.31,14.08,14.4,17
Mon Sep 26 07:01:27 GMT-03:00 2022,26-Sep-2022 07:01:27.424,-35.21445901520477,-5.823741504126002,9.720817565917969,12.0,36.33021829960748,208.88536071777344,-0.24,3.9,9.2,0.02,12.94,0.1,0.01,-0.1,0.16,14.9,7.45,29.4,19.61,90,21.18,1011.87,14.65,677.5,2,336.39,229,0,83,-,19.22,15.69,1359,19.61,61.93,1.25,47.45,-6.25,0,0,-,1.07,12,36.33,208.89,-5.82,-35.21,19,2.69,-,37,28.89,11.09,9.02,3.41,81.6,31.33,0,0,3.14,1665,34.99,34,13.33,-10,-,11.09,9.02,31.33,8.35,1533.39,1053.77,479.62,-12.31,14.08,14.4,17
Mon Sep 26 07:01:28 GMT-03:00 2022,26-Sep-2022 07:01:28.420,-35.214491020319244,-5.823807233210379,8.610888481140137,12.0,35.235555962648306,212.0857391357422,-0.31,4.97,8.37,-0.01,12.94,0.17,0,0.19,0.07,14.9,7.45,29.4,19.61,90,21.19,1011.94,14.65,672.6,2,336.82,229,0,83,-,18.43,15.29,1280,19.61,61.95,1.1,47.45,-6.25,0,0,-,1.07,12,35.24,212.09,-5.82,-35.21,19,4.99,-,37,30.8,11.11,9,3.02,87.02,31.37,0,0,3.14,1665,31,30,13.33,-13,-,11.11,9,31.37,8.41,1534.4,1054.79,479.62,-12.49,14.08,14.3,17
Mon Sep 26 07:01:29 GMT-03:00 2022,26-Sep-2022 07:01:29.420,-35.21452846704664,-5.823868790543207,8.09471607208252,12.0,34.51759761457163,212.7070770263672,-2.36,4.94,8.78,0.05,12.94,0,-0.18,-0.01,-0.01,14.9,7.45,29.4,19.61,90,21.19,1011.92,14.65,672.6,2,337.3,229,0,83,-,19.22,15.29,1279.5,19.61,61.97,1.18,47.45,-6.25,0,0,-,1.07,12,34.52,212.71,-5.82,-35.21,18,5,-,37,25.34,11.12,8.99,3.24,71.57,31.41,0,0,3.14,1666,29.14,26,13.33,-11.5,-,11.12,8.99,31.41,8.41,1535.39,1055.77,479.62,-12.19,14.06,14.3,17
Mon Sep 26 07:01:30 GMT-03:00 2022,26-Sep-2022 07:01:30.419,-35.214565897115584,-5.823924448557017,7.416219234466553,12.0,34.60184028358021,204.96749877929688,-1.43,5.42,7.61,-0.04,12.94,0,-0.17,-0.01,-0.02,14.9,7.45,29.4,19.61,90,21.2,1011.99,14.65,667.5,2,340.43,229,0,83,-,20.78,16.08,1261.5,19.61,61.99,1.14,47.84,-6.25,0,0,-,1.07,12,34.6,204.97,-5.82,-35.21,20,1.7,-,37,22.73,11.13,8.99,3.13,64.21,31.43,0,0,3.14,1667,26.7,25,13.33,-11.5,-,11.13,8.99,31.43,8.41,1536.41,1056.79,479.62,-12.27,14.08,14.4,17
Mon Sep 26 07:01:31 GMT-03:00 2022,26-Sep-2022 07:01:31.420,-35.21459727500518,-5.823978000948493,6.883712291717529,12.0,34.499311678248326,189.66233825683594,-2.27,5.99,7.43,-0,12.94,0.04,-0.21,0.03,0,22.35,11.37,29.4,19.61,90,21.2,1011.99,14.65,667.5,2,340.72,229,0,83,-,40,18.43,1334,19.61,62.04,2.83,47.84,-4.69,0,0,-,1.07,12,34.5,189.66,-5.82,-35.21,17,0.22,-,37,8.84,11.13,8.99,7.74,24.97,31.43,0.83,0.07,3.14,1669,24.78,25,16.08,20,-,11.13,8.99,31.43,8.42,1537.37,1057.75,479.62,-8.69,14.06,14.4,23
Mon Sep 26 07:01:32 GMT-03:00 2022,26-Sep-2022 07:01:32.420,-35.21461116803478,-5.824035393644016,6.4735517501831055,12.0,33.157055855421106,176.82266235351562,-1.03,6.03,7.3,-0.03,15.69,0,-0.1,0.09,-0.07,18.82,9.8,13.59,19.61,90,21.2,1011.97,14.65,667.5,0.92,343.45,229,0,83,-,32.16,30.59,1371.5,19.61,62.07,1.96,48.24,-4.69,0,0,-,1.07,12,33.16,176.82,-5.82,-35.21,16,3.7,-,37,12.76,11.13,8.99,5.36,36.05,31.43,0.85,0.1,5.88,1670,23.3,27,18.04,19.5,-,11.13,8.99,31.43,8.43,1538.4,1058.78,479.62,-10.75,14.08,14.4,24
Mon Sep 26 07:01:33 GMT-03:00 2022,26-Sep-2022 07:01:33.419,-35.214612871164206,-5.824091414486048,6.570570945739746,12.0,32.21092251779409,165.6538848876953,-1.19,5.89,7.45,-0.03,18.04,-0.01,-0.1,0.07,-0.08,25.49,12.94,13.57,19.61,90,21.21,1011.98,14.65,656.9,0.92,346.29,229,0,82,5.34,32.16,47.84,1472.5,19.61,62.16,4,48.63,-3.91,0,0,-,1.07,12,32.21,165.65,-5.82,-35.21,16,5.35,7.17,37,6.75,11.12,8.99,10.94,19.08,31.42,0.85,0.1,7.84,1671,23.65,29,18.04,19.5,34.65,11.12,8.99,31.42,8.44,1539.41,1059.79,479.62,-6.9,14.08,14.3,31
Mon Sep 26 07:01:34 GMT-03:00 2022,26-Sep-2022 07:01:34.419,-35.214603913638726,-5.824154828985024,7.3597187995910645,12.0,31.92743423979449,155.80068969726562,-1.19,5.44,8.12,0,15.69,0,-0.08,0.01,-0.01,14.9,7.84,13.6,19.61,90,21.21,1012.02,14.65,646.8,0.93,346.18,229,0,82,5.34,53.73,30.98,1472.5,19.61,62.19,1.81,48.63,-3.91,0,0,-,1.07,12,31.93,155.8,-5.82,-35.21,19,5.35,7.17,36,16.06,11.13,8.99,4.94,45.37,31.43,0.83,0.12,5.49,1672,26.49,29,17.25,18.5,34.65,11.13,8.99,31.43,8.44,1540.39,1060.78,479.62,-11.4,14.12,14.3,29
Mon Sep 26 07:01:35 GMT-03:00 2022,26-Sep-2022 07:01:35.429,-35.21457896430648,-5.824220348514407,7.537464141845703,12.0,32.15803911566601,146.07241821289062,-1.39,5.62,8.33,0.03,13.33,-0.01,-0.12,0.02,-0.05,14.9,10.2,14.12,19.61,90,21.22,1012.04,14.65,646.8,0.96,346.18,229,0,82,6.24,28.24,16.47,1415,19.61,62.19,1.81,48.63,-6.25,0,0,-,1.07,12,32.16,146.07,-5.82,-35.21,24,4.51,8.36,36,16.06,11.13,8.99,4.94,45.37,31.43,0.83,0.8,3.14,1673,27.13,31,13.73,-1,42.08,11.13,8.99,31.43,8.45,1541.44,1061.82,479.62,-11.4,14.08,14.4,29
Mon Sep 26 07:01:36 GMT-03:00 2022,26-Sep-2022 07:01:36.419,-35.2145390360447,-5.824285899402041,8.389080047607422,12.0,32.69849830938765,136.17701721191406,-2.02,5.92,7.61,0,18.82,0,-0.17,0.06,-0.06,25.1,12.94,14.7,19.61,90,21.23,1012.09,14.65,638.9,1,346.3,229,0,83,2.92,29.41,49.8,1336,19.61,62.22,1.54,48.63,-3.91,-1.56,1.56,-,1.07,12,32.7,136.18,-5.82,-35.21,22,4.87,3.91,37,20.1,11.13,8.98,4.22,56.78,31.45,0.07,0.85,8.63,1673,30.2,32,18.04,15,20.85,11.13,8.98,31.45,8.51,1542.42,1062.8,479.62,-11.76,14.06,14.4,26
Mon Sep 26 07:01:37 GMT-03:00 2022,26-Sep-2022 07:01:37.421,-35.214465980257,-5.824349661710546,9.215387344360352,12.0,33.4189929872305,123.44202423095703,-1.61,6.1,8.38,0.07,18.82,0,-0.13,0.08,-0.09,25.1,12.94,14.7,19.61,90,21.24,1012.11,14.65,638.9,1,349.32,229,0,83,5.54,58.82,49.8,1427.5,19.61,62.31,3.97,49.02,-3.91,-3.12,-3.12,-,1.07,12,33.42,123.44,-5.82,-35.21,26,0.82,7.43,36,8.06,11.13,8.98,10.86,22.78,31.45,0.1,0.81,8.63,1675,33.18,34,18.43,16.5,37.09,11.13,8.98,31.45,8.51,1543.39,1063.77,479.62,-6.75,14.08,14.4,33
Mon Sep 26 07:01:38 GMT-03:00 2022,26-Sep-2022 07:01:38.420,-35.21438616542057,-5.824398084039476,10.084975242614746,12.0,34.09936404095931,110.69683074951172,-0.88,5.98,7.97,0.02,18.04,-0.02,-0.07,0.05,-0.07,24.31,12.55,14.7,19.61,90,21.25,1012.13,14.65,632.8,1,349.24,229,0,83,7.37,65.88,47.45,1446.5,19.61,62.39,4.85,49.02,-3.91,1.56,-3.12,-,1.08,12,34.1,110.7,-5.82,-35.21,21,0.31,9.89,36,7.01,11.13,8.99,13.27,19.8,31.44,0.1,0.81,8.24,1676,36.31,36,20,17,48.67,11.13,8.99,31.44,8.51,1544.28,1064.66,479.62,-5.65,14.12,14.3,40
Mon Sep 26 07:01:39 GMT-03:00 2022,26-Sep-2022 07:01:39.420,-35.21429019801027,-5.824433913909482,10.658221244812012,12.0,33.67114861402795,104.43618774414062,-0.09,4.58,9.18,0.03,16.08,0,-0.02,-0.09,0.04,14.9,7.45,14.7,19.61,90,21.26,1012.17,14.65,632.8,1,349.14,229,0,83,7.37,26.67,33.33,1272,19.61,62.43,1.82,49.02,-3.91,3.91,-0.78,-,1.08,12,33.67,104.44,-5.82,-35.21,29,2.37,9.89,36,19.82,11.14,8.98,4.97,55.99,31.46,0.74,0.79,6.27,1677,38.37,36,20,17,48.67,11.14,8.98,31.46,8.52,1545.39,1065.77,479.62,-11.32,14.12,14.3,36
Mon Sep 26 07:01:40 GMT-03:00 2022,26-Sep-2022 07:01:40.419,-35.2141770185237,-5.824461707498778,10.577215194702148,12.0,32.765398876624175,101.78922271728516,-0.63,5.04,9.13,0.06,12.94,0.06,-0.03,-0.02,0.08,14.9,7.45,14.7,19.61,90,21.26,1012.18,14.65,628.4,1,349.35,229,0,83,7.37,26.67,20.78,953,19.61,62.45,1.24,49.02,-6.25,3.91,4.69,-,1.08,12,32.77,101.79,-5.82,-35.21,24,2.37,9.89,36,29.14,11.15,8.97,3.38,82.32,31.5,0.09,0.77,3.14,1678,38.08,36,13.33,7.5,48.67,11.15,8.97,31.5,8.52,1546.41,1066.79,479.62,-12.08,14.08,14.3,31
Mon Sep 26 07:01:41 GMT-03:00 2022,26-Sep-2022 07:01:41.418,-35.21409100857392,-5.82447523444076,8.908352851867676,8.0,32.02911315911322,101.6849365234375,-0.6,5.02,8.65,0.05,12.94,0,0,-0.06,0.03,14.9,7.45,14.7,19.61,90,21.27,1012.24,14.65,628.4,1,349.8,229,0,83,7.37,27.45,21.96,953,19.61,62.47,1.23,49.02,-7.03,3.12,3.12,-,1.08,8,32.03,101.68,-5.82,-35.21,26,7.08,9.89,36,25.24,11.16,8.96,3.36,71.31,31.53,0.81,0.76,3.14,1679,32.07,31,13.33,6,48.67,11.16,8.96,31.53,8.54,1547.42,1067.8,479.62,-11.24,14.04,14.3,29
Mon Sep 26 07:01:42 GMT-03:00 2022,26-Sep-2022 07:01:42.419,-35.21401785132728,-5.824485636479534,8.03193187713623,8.0,31.560993382853706,101.49669647216797,-0.26,5.13,8.47,0.01,12.94,0.01,0,-0.01,0.01,14.9,7.45,14.7,19.61,90,21.27,1012.24,14.65,626.9,1,349.8,229,0,83,-,27.84,17.65,957.5,19.61,62.47,1.23,49.02,-6.25,0,2.34,-,1.08,8,31.56,101.5,-5.82,-35.21,23,5.07,-,36,25.24,11.16,8.96,3.36,71.31,31.53,0.1,0.76,3.14,1679,28.91,27,13.33,3,-,11.16,8.96,31.53,8.54,1548.42,1068.8,479.62,-11.24,14.08,14.4,29
Mon Sep 26 07:01:43 GMT-03:00 2022,26-Sep-2022 07:01:43.421,-35.21395053917197,-5.824500725695876,7.321724891662598,8.0,31.22023089977609,101.87797546386719,-0.88,5.45,8.41,0.02,12.94,0,0.05,0.01,0,14.9,7.45,14.7,19.61,90,21.27,1012.23,14.65,625.7,1,350.15,229,0,84,-,20.39,17.65,1135.5,19.61,62.49,1.06,49.02,-7.81,6.25,7.03,-,1.08,8,31.22,101.88,-5.82,-35.21,24,3.36,-,36,25.39,11.17,8.95,2.91,71.72,31.56,0.09,0.75,2.75,1680,26.36,23,12.94,6,-,11.17,8.95,31.56,8.55,1549.39,1069.77,479.62,-11.71,14.12,14.3,27
Mon Sep 26 07:01:44 GMT-03:00 2022,26-Sep-2022 07:01:44.418,-35.2138923886992,-5.824513042118229,6.454371452331543,8.0,31.019188254180037,101.6943130493164,-0.69,5.44,8.14,-0.01,12.55,0,0.01,0,0,14.9,7.45,14.7,19.61,90,21.27,1012.24,14.65,625.7,1,350.51,229,0,84,-,21.96,16.86,976.5,19.61,62.51,0.93,49.02,-7.81,8.59,8.59,-,1.08,8,31.02,101.69,-5.82,-35.21,24,1.24,-,36,24.68,11.18,8.94,2.55,69.72,31.59,0.86,0.74,2.75,1681,23.24,22,12.55,2,-,11.18,8.94,31.59,8.56,1550.35,1070.73,479.62,-12.47,14.14,14.3,24
Mon Sep 26 07:01:45 GMT-03:00 2022,26-Sep-2022 07:01:45.420,-35.21383580360823,-5.824527514546528,6.2395219802856445,6.0,30.8722900927133,101.77693939208984,0.1,5.46,8.08,-0.01,12.16,0,0.08,0.03,-0.03,14.9,7.45,14.7,19.61,90,21.27,1012.28,14.65,625.7,1,353.65,229,0,84,-,20.78,18.04,956,19.61,62.53,0.89,49.41,-7.81,5.47,4.69,-,1.08,6,30.87,101.78,-5.82,-35.21,24,1.46,-,37,24.67,11.19,8.93,2.44,69.69,31.62,0.88,0.74,2.35,1683,22.46,21,12.55,6,-,11.19,8.93,31.62,8.56,1551.43,1071.81,479.62,-12.23,14.08,14.3,22
Mon Sep 26 07:01:46 GMT-03:00 2022,26-Sep-2022 07:01:46.418,-35.213781830195096,-5.824541216951004,5.947564601898193,6.0,30.625045750793593,102.06013488769531,-0.57,5.71,8.46,0.04,12.16,0.04,-0.02,0.04,0.01,14.9,7.84,14.7,19.61,90,21.27,1012.3,14.65,624,1,353.98,229,0,84,-,49.41,38.04,1928,19.61,62.63,5.12,49.41,-7.81,5.47,4.69,-,1.08,6,30.63,102.06,-5.82,-35.21,23,1.41,-,37,4.1,11.19,8.94,14.02,11.58,31.6,0.88,0.74,2.35,1684,21.41,20,12.55,6,-,11.19,8.94,31.6,8.57,1552.42,1072.8,479.62,-0.4,14.08,14.3,40
Mon Sep 26 07:01:47 GMT-03:00 2022,26-Sep-2022 07:01:47.421,-35.21372941270411,-5.824555517977593,5.861281394958496,6.0,30.39041171953302,102.64804077148438,-0,5.62,8.11,0,16.08,0.01,0,0.02,0,14.9,7.45,14.7,19.61,90,21.27,1012.26,14.65,620.5,1,353.81,229,0,84,-,49.41,25.49,1676.5,19.61,62.67,1.89,49.41,-3.91,3.91,5.47,-,1.08,6,30.39,102.65,-5.82,-35.21,24,1.41,-,36,10.61,11.19,8.94,5.16,29.96,31.6,0.19,0.83,7.45,1685,21.1,20,19.22,22.5,-,11.19,8.94,31.6,8.57,1553.4,1073.78,479.62,-12.06,14.12,14.4,35
Mon Sep 26 07:01:48 GMT-03:00 2022,26-Sep-2022 07:01:48.422,-35.213675847757216,-5.824569968311775,6.134266376495361,6.0,30.201396405601017,104.9063949584961,-0.25,5.21,8.25,-0.01,12.94,0.05,0.02,0.02,0.05,14.9,7.45,14.7,19.61,90,21.27,1012.27,14.65,620.5,1,353.81,229,0,84,4.47,23.92,16.08,1676.5,19.61,62.67,1.89,49.41,-6.25,-0.78,-2.34,-,1.08,6,30.2,104.91,-5.82,-35.21,24,0.9,6,36,10.61,11.19,8.94,5.16,29.96,31.6,0.72,0.8,2.75,1686,22.08,22,13.73,0.5,25.47,11.19,8.94,31.6,8.57,1554.41,1074.79,479.62,-12.06,14.08,14.3,35
Mon Sep 26 07:01:49 GMT-03:00 2022,26-Sep-2022 07:01:49.418,-35.21362505739723,-5.824587033257095,6.094599723815918,6.0,30.379785596512537,109.64094543457031,-0.19,5.55,7.06,0.05,12.16,-0.12,0.06,-0.1,-0.08,14.9,7.45,14.7,19.61,90,21.27,1012.26,14.65,619.4,1,350.99,229,0,84,4.47,20,16.47,934,19.61,62.68,0.9,49.02,-7.81,0.78,1.56,-,1.08,6,30.38,109.64,-5.82,-35.21,23,2.08,6,37,24.37,11.2,8.93,2.47,68.84,31.63,0.61,0.79,2.35,1686,21.94,20,12.55,10.5,25.47,11.2,8.93,31.63,8.58,1555.41,1075.79,479.62,-13.22,14.14,14.4,28
Mon Sep 26 07:01:50 GMT-03:00 2022,26-Sep-2022 07:01:50.421,-35.213578549709645,-5.824605300164148,5.59036111831665,6.0,30.338091110582077,114.34040069580078,-0.37,6.17,8.07,0.03,12.16,0.05,0.02,0.1,0,14.9,7.45,14.7,19.61,90,21.27,1012.23,14.65,619.4,1,351.31,229,0,84,4.47,56.08,16.47,1020,19.61,62.78,4.56,49.02,-3.91,-2.34,-0.78,-,1.08,6,30.34,114.34,-5.82,-35.21,27,2.13,6,37,4.39,11.19,8.93,12.47,12.4,31.62,0.08,0.8,2.35,1687,20.13,18,19.22,15.5,25.47,11.19,8.93,31.62,8.59,1556.35,1076.73,479.62,-1.68,14.12,14.4,43
Mon Sep 26 07:01:51 GMT-03:00 2022,26-Sep-2022 07:01:51.424,-35.213532935962704,-5.824631464536912,5.403470516204834,6.0,30.156027503990586,118.57701873779297,-0.67,6.56,7.62,0.02,17.25,0,-0.04,0.08,-0.07,14.9,7.45,14.7,19.61,90,21.27,1012.27,14.65,617.9,1,351.14,229,0,84,4.2,29.41,32.55,1652.5,19.61,62.82,2.32,49.02,-3.91,4.69,3.12,-,1.08,6,30.16,118.58,-5.82,-35.21,25,0.55,5.63,37,7.74,11.19,8.94,6.36,21.88,31.61,0.56,0.82,7.45,1689,19.45,20,15.69,4.5,24.27,11.19,8.94,31.61,8.59,1557.43,1077.81,479.62,-8.59,14.12,14.4,43
Mon Sep 26 07:01:52 GMT-03:00 2022,26-Sep-2022 07:01:52.420,-35.21349148927771,-5.824659617541161,5.570493698120117,6.0,29.905772079678307,121.1252670288086,-1.1,5.68,8.42,0.04,20,0.02,-0.03,0.05,-0.01,24.31,12.55,14.7,19.61,90,21.27,1012.26,14.65,617.9,1,348.25,229,0,84,1.94,41.57,47.06,1709.5,19.61,62.88,3.25,48.63,-3.12,0,3.12,-,1.08,6,29.91,121.13,-5.82,-35.21,24,0.95,2.6,37,6.16,11.19,8.94,8.88,17.41,31.6,0.56,0.82,10.2,1690,20.05,21,15.29,-4,10.85,11.19,8.94,31.6,8.6,1558.43,1078.81,479.62,-9.43,14.12,14.3,41
Mon Sep 26 07:01:53 GMT-03:00 2022,26-Sep-2022 07:01:53.420,-35.21344921396745,-5.8246874857072966,6.006990432739258,6.0,29.775790901641816,120.40396881103516,-0.43,6.63,7.18,-0.01,14.12,0.04,0.04,0.1,-0.01,23.92,12.55,14.7,19.61,90,21.27,1012.25,14.65,617.4,1,348.13,229,0,84,1.94,41.57,25.1,1548,19.61,62.98,6.12,48.63,-4.69,0,1.56,-,1.09,6,29.78,120.4,-5.82,-35.21,25,0.37,2.61,37,3.43,11.18,8.94,16.74,9.7,31.58,0.08,0.79,4.31,1691,21.63,22,15.29,-4,11.99,11.18,8.94,31.58,8.61,1559.39,1079.78,479.62,-5.14,14.12,14.3,47
Mon Sep 26 07:01:54 GMT-03:00 2022,26-Sep-2022 07:01:54.418,-35.21340167527735,-5.824715327591144,6.185781955718994,6.0,29.85491029732806,118.20166778564453,-1.01,6.71,7.58,0.03,20.39,0.01,-0.03,0.11,-0.07,26.67,14.9,14.7,19.61,90,21.27,1012.24,14.65,617.4,1,347.94,229,0,84,5.02,60,52.55,1931.5,19.61,63.11,6.21,48.63,-3.12,2.34,1.56,-,1.09,6,29.85,118.2,-5.82,-35.21,25,1.73,6.74,37,3.54,11.17,8.95,16.99,10.01,31.56,0.78,0.77,10.59,1692,22.27,24,21.18,18,24.84,11.17,8.95,31.56,8.61,1560.43,1080.81,479.62,-3.99,14.02,14.3,53
Mon Sep 26 07:01:55 GMT-03:00 2022,26-Sep-2022 07:01:55.419,-35.213347252769296,-5.824744783652407,6.79855489730835,6.0,29.999605430797548,116.9448013305664,-0.33,5.71,7.67,-0.03,16.47,0.02,-0.09,0.04,-0.01,23.14,11.76,14.7,19.61,90,21.27,1012.25,14.65,621.6,1,347.94,229,0,84,5.02,65.49,34.12,1931.5,19.61,63.11,6.21,48.63,-3.12,2.34,-0.78,-,1.09,6,30,116.94,-5.82,-35.21,24,1.73,6.74,36,3.54,11.17,8.95,16.99,10.01,31.56,0.78,0.75,6.67,1692,24.47,24,20.78,18.5,24.84,11.17,8.95,31.56,8.61,1561.39,1081.77,479.62,-3.99,14.06,14.3,53
Mon Sep 26 07:01:56 GMT-03:00 2022,26-Sep-2022 07:01:56.419,-35.21328639936067,-5.824774260551263,7.255185127258301,6.0,30.254979811189475,114.3263931274414,-0.48,6.17,7.44,-0.02,20.78,0.02,0.02,0.1,-0.04,27.45,14.12,14.7,19.61,90,21.27,1012.23,14.65,624.3,1,347.75,229,0,84,2.13,57.65,52.16,1670,19.61,63.21,5.02,48.63,-3.12,4.69,6.25,-,1.09,6,30.25,114.33,-5.82,-35.21,24,0.53,2.86,36,4.78,11.17,8.95,13.74,13.5,31.55,0.44,0.75,10.98,1693,26.12,25,20.39,18.5,12.19,11.17,8.95,31.55,8.62,1562.42,1082.81,479.62,-7.76,14.04,14.3,51
Mon Sep 26 07:01:57 GMT-03:00 2022,26-Sep-2022 07:01:57.418,-35.21322341096071,-5.824802715993281,7.4586567878723145,4.0,30.482586666738264,112.70563507080078,-0.5,6.27,7.45,-0.02,21.57,-0.02,-0.03,0.09,-0.1,27.45,14.12,14.7,19.61,90,21.28,1012.18,14.65,624.3,1,347.59,229,0,84,5.7,65.1,52.16,1864,19.61,63.3,5.8,48.63,-3.12,-2.34,-1.56,-,1.09,4,30.48,112.71,-5.82,-35.21,26,0.88,7.65,36,4.31,11.16,8.96,15.86,12.18,31.53,0.1,0.74,11.76,1694,26.85,27,21.57,18,29.21,11.16,8.96,31.53,8.63,1563.37,1083.75,479.62,-5.45,14.04,14.4,54
Mon Sep 26 07:01:58 GMT-03:00 2022,26-Sep-2022 07:01:58.420,-35.21315877979113,-5.824829889750625,7.92727518081665,4.0,30.677683579689063,111.96632385253906,-0.64,5.71,7.9,-0.01,21.57,0.05,-0.01,0.08,0,21.96,11.37,14.7,19.61,90,21.29,1012.16,14.65,631.4,1,347.43,229,0,84,5.23,52.94,54.51,1698.5,19.61,63.38,3.93,48.63,-3.91,5.47,3.12,-,1.09,4,30.68,111.97,-5.82,-35.21,26,0.46,7.02,36,6.88,11.16,8.96,10.74,19.43,31.53,0.64,0.73,11.76,1695,28.54,29,17.65,20,29.43,11.16,8.96,31.53,8.64,1564.42,1084.8,479.62,-9.07,14.08,14.3,50
Mon Sep 26 07:01:59 GMT-03:00 2022,26-Sep-2022 07:01:59.419,-35.21309056561346,-5.824857870214071,8.105368614196777,4.0,30.930353042288445,111.31502532958984,-0.68,5.98,7.78,0,16.08,0.03,0.01,0.04,0,14.9,7.45,14.7,19.61,90,21.29,1012.19,14.65,631.4,1,347.32,229,0,84,5.23,39.61,34.51,1279,19.61,63.42,1.99,48.63,-3.91,3.12,2.34,-,1.09,4,30.93,111.32,-5.82,-35.21,27,1.18,7.02,36,14.59,11.16,8.96,5.44,41.2,31.53,0.85,0.73,6.27,1697,29.18,28,16.47,9.5,29.43,11.16,8.96,31.53,8.65,1565.36,1085.74,479.62,-11.55,14.12,14.3,43
Mon Sep 26 07:02:00 GMT-03:00 2022,26-Sep-2022 07:02:00.420,-35.21302301105386,-5.824883372966649,7.940422058105469,4.0,31.231483874268246,110.46538543701172,-0.5,6.37,7.89,0.03,15.29,0,-0.01,0.08,-0.07,29.8,15.29,14.7,19.61,90,21.3,1012.11,14.65,631.4,1,347.41,229,0,84,5.23,65.49,34.12,1290,19.61,63.48,4.46,48.63,-3.12,-1.56,-3.12,-,1.09,4,31.23,110.47,-5.82,-35.21,25,0.59,7.02,36,6.28,11.16,8.96,12.19,17.75,31.52,0.85,0.73,9.8,1698,28.59,28,19.61,12.5,29.43,11.16,8.96,31.52,8.65,1566.42,1086.8,479.62,-5.42,14.08,14.4,48
Mon Sep 26 07:02:01 GMT-03:00 2022,26-Sep-2022 07:02:01.424,-35.212955477045625,-5.824908889679857,7.890610694885254,4.0,31.510330621711987,109.70764923095703,-0.59,7.17,6.62,-0.01,19.61,0.08,-0.01,0.2,-0.05,27.84,14.12,14.7,19.61,90,21.3,1012.01,14.65,631.4,1,344.49,229,0,84,1.43,74.12,54.51,1924,19.61,63.62,6.75,48.24,-3.12,-1.56,-3.12,-,1.1,4,31.51,109.71,-5.82,-35.21,25,0.59,1.92,36,4.15,11.15,8.97,18.47,11.72,31.51,0.85,0.73,9.8,1699,28.41,29,19.61,12.5,7.1,11.15,8.97,31.51,8.66,1567.32,1087.7,479.62,-0.79,14.08,14.4,59
Mon Sep 26 07:02:02 GMT-03:00 2022,26-Sep-2022 07:02:02.419,-35.21288335194657,-5.824934427572318,8.292886734008789,4.0,31.77712267557937,109.18610382080078,-0.19,6.61,7.62,0.03,21.18,-0.03,-0.05,0.04,-0.08,21.96,11.37,14.7,19.61,90,21.31,1012,14.65,638.6,1,344.32,229,0,84,9.42,48.63,51.37,1958,19.61,63.71,4.65,48.24,-3.12,3.91,0.78,-,1.1,4,31.78,109.19,-5.82,-35.21,27,2.15,12.63,35,6.24,11.15,8.97,12.72,17.62,31.5,0.81,0.79,10.98,1700,29.85,32,24.71,18.5,45.94,11.15,8.97,31.5,8.66,1568.42,1088.8,479.62,-8.27,14.1,14.4,55
Mon Sep 26 07:02:03 GMT-03:00 2022,26-Sep-2022 07:02:03.420,-35.21280630649882,-5.824962343125027,9.021944046020508,4.0,32.01608019632777,109.98241424560547,-0.82,5.54,8.21,0.01,15.29,0.08,-0.02,0.14,0,23.92,13.73,14.7,19.61,90,21.31,1011.96,14.65,638.6,1,344.32,229,0,84,9.42,48.63,34.9,1958,19.61,63.71,4.65,48.24,-3.91,3.12,5.47,-,1.1,4,32.02,109.98,-5.82,-35.21,27,2.15,12.63,35,6.24,11.15,8.97,12.72,17.62,31.5,0.09,0.76,5.1,1701,32.48,32,16.86,23,45.94,11.15,8.97,31.5,8.66,1569.43,1089.81,479.62,-8.27,14.08,14.4,55
Mon Sep 26 07:02:04 GMT-03:00 2022,26-Sep-2022 07:02:04.420,-35.212727960853755,-5.824992332333444,9.181375503540039,4.0,31.970247630592862,111.02763366699219,-0.67,5.93,7.73,-0.01,21.18,0.03,0.01,0.07,-0.01,27.06,14.12,14.7,19.61,90,21.32,1011.97,14.65,644.1,1,344.2,229,0,84,2.89,60,34.9,1580.5,19.61,63.79,4.16,48.24,-3.12,3.12,1.56,-,1.1,4,31.97,111.03,-5.82,-35.21,26,0.52,3.88,35,7.69,11.15,8.97,11.38,21.73,31.49,0.8,0.75,11.37,1701,33.05,33,20.39,18.5,17.48,11.15,8.97,31.49,8.67,1570.37,1090.75,479.62,-9.04,14.12,14.4,51
Mon Sep 26 07:02:05 GMT-03:00 2022,26-Sep-2022 07:02:05.419,-35.21264704647936,-5.825024626381959,9.512613296508789,4.0,32.01509073904708,111.92388916015625,-0.23,5.33,8.14,-0.01,21.18,-0.02,0.02,0.01,-0.03,27.06,14.12,14.7,19.61,90,21.33,1011.98,14.65,646.5,1,344.11,229,0,84,2.78,51.76,54.9,1662.5,19.61,63.87,3.8,48.24,-3.91,2.34,3.91,-,1.1,4,32.02,111.92,-5.83,-35.21,26,0.25,3.73,35,8.67,11.14,8.97,10.41,24.5,31.48,0.16,0.74,11.37,1702,34.25,34,16.47,-4,15.98,11.14,8.97,31.48,8.68,1571.42,1091.81,479.62,-8.29,14.08,14.3,49
Mon Sep 26 07:02:06 GMT-03:00 2022,26-Sep-2022 07:02:06.418,-35.212565084507965,-5.825058086852555,9.699358940124512,4.0,31.987861230730427,112.11717987060547,-0.76,6.16,8.16,-0.01,14.12,0.03,-0.04,0.1,-0.03,14.9,7.45,14.7,19.61,90,21.34,1011.95,14.65,646.5,1,344.06,229,0,84,2.78,20.39,21.96,1382.5,19.61,63.89,1.28,48.24,-3.91,-0.78,-1.56,-,1.1,4,31.99,112.12,-5.83,-35.21,28,0.92,3.73,35,26.66,11.16,8.96,3.49,75.3,31.52,0.69,0.74,4.31,1704,34.92,34,13.33,0,15.98,11.16,8.96,31.52,8.69,1572.42,1092.81,479.62,-12.62,14.08,14.3,40
Mon Sep 26 07:02:07 GMT-03:00 2022,26-Sep-2022 07:02:07.419,-35.212483626340344,-5.8250914633587065,9.593317985534668,4.0,32.002295100420866,111.68352508544922,-0.68,6.58,8.17,0.07,18.82,0.01,-0.04,0.08,-0.05,27.45,14.12,14.7,19.61,90,21.35,1011.92,14.65,646.5,1,344.43,229,0,85,3.1,64.31,52.94,1396.5,19.61,63.98,4.28,48.24,-3.12,-3.91,-1.56,-,1.1,4,32,111.68,-5.83,-35.21,28,0.46,4.16,35,7.94,11.15,8.96,11.72,22.42,31.51,0.69,0.74,9.02,1705,34.54,35,19.61,18,21.21,11.15,8.96,31.51,8.7,1573.42,1093.8,479.62,-6.47,14.08,14.3,44
Mon Sep 26 07:02:08 GMT-03:00 2022,26-Sep-2022 07:02:08.421,-35.212399789872975,-5.825124480494329,9.811248779296875,4.0,32.029522710759814,111.05462646484375,-0.21,6.25,8.13,0.04,20,0.07,0.07,0.07,0.03,27.84,14.12,14.7,19.61,90,21.35,1011.9,14.65,648.6,1,344.43,229,0,85,3.1,64.31,52.55,1396.5,19.61,63.98,4.28,48.24,-3.12,-3.91,-2.34,-,1.1,4,32.03,111.05,-5.83,-35.21,27,0.46,4.16,35,7.94,11.15,8.96,11.72,22.42,31.51,0.08,0.79,9.8,1706,35.32,35,19.61,18,21.21,11.15,8.96,31.51,8.72,1574.39,1094.77,479.62,-6.47,14.06,14.3,48
Mon Sep 26 07:02:09 GMT-03:00 2022,26-Sep-2022 07:02:09.419,-35.21231178012792,-5.825158186528686,10.255289077758789,4.0,32.09769883805696,110.38001251220703,-0.38,6.61,8.1,-0.06,19.22,0.01,-0.04,0.13,-0.08,25.88,13.33,14.7,19.61,90,21.36,1011.9,14.65,650.4,1,344.35,229,0,85,6.07,63.14,50.59,1587,19.61,64.08,4.71,48.24,-3.12,1.56,0,-,1.1,4,32.1,110.38,-5.83,-35.21,27,1.68,8.13,35,7.44,11.15,8.97,12.88,21,31.5,0.75,0.78,9.41,1706,36.92,37,20,18.5,36.49,11.15,8.97,31.5,8.72,1575.4,1095.78,479.62,-5.75,14.08,14.3,48
Mon Sep 26 07:02:10 GMT-03:00 2022,26-Sep-2022 07:02:10.421,-35.21222104304004,-5.82519142159378,10.579381942749023,4.0,32.37521107050725,110.0740966796875,0.17,5.72,7.78,-0.02,14.9,-0.04,-0.02,0.02,-0.07,16.86,8.63,14.7,19.61,90,21.37,1011.85,14.65,650.4,1,344.26,229,0,85,3.97,60.78,26.27,1545.5,19.61,64.15,4.5,48.24,-3.12,0.78,-0.78,-,1.11,4,32.38,110.07,-5.83,-35.21,26,1.08,5.33,35,8.23,11.15,8.97,12.3,23.25,31.5,0.76,0.76,5.1,1707,38.09,38,19.22,2,24.55,11.15,8.97,31.5,8.74,1576.4,1096.78,479.62,-7.17,14.04,14.3,48
Mon Sep 26 07:02:11 GMT-03:00 2022,26-Sep-2022 07:02:11.421,-35.212129575967865,-5.825225108061958,10.75467300415039,4.0,32.489334100677866,110.20814514160156,-0.53,6.28,8,0.04,18.82,0.06,-0.06,0.1,0,16.86,8.63,14.7,19.61,90,21.39,1011.84,14.65,651.9,1,341.39,229,0,85,3.97,25.1,26.27,1348,19.61,64.18,1.61,47.84,-3.91,3.91,4.69,-,1.11,4,32.49,110.21,-5.83,-35.21,27,0.72,5.33,35,23.58,11.16,8.96,4.41,66.6,31.52,0.33,0.75,8.24,1708,38.72,38,13.33,0.5,24.55,11.16,8.96,31.52,8.74,1577.4,1097.78,479.62,-11.9,14.1,14.3,41
Mon Sep 26 07:02:12 GMT-03:00 2022,26-Sep-2022 07:02:12.419,-35.212040794708436,-5.825258026598056,10.601465225219727,3.0,32.63630320944275,110.323974609375,-0.7,6.01,9.48,0.14,18.82,0.09,0,0.02,0.09,26.27,13.33,14.7,19.61,90,21.4,1011.82,14.65,651.9,1,341.69,229,0,85,3.97,55.69,50.2,1348.5,19.61,64.26,3.94,47.84,-3.91,-3.12,-1.56,-,1.11,3,32.64,110.32,-5.83,-35.21,29,0.17,5.33,35,9.65,11.16,8.96,10.77,27.27,31.52,0.1,0.75,8.24,1709,38.17,38,15.69,-4,24.55,11.16,8.96,31.52,8.76,1578.42,1098.8,479.62,-6.94,14.04,14.3,44
Mon Sep 26 07:02:13 GMT-03:00 2022,26-Sep-2022 07:02:13.419,-35.21195097670473,-5.825291190403929,10.701665878295898,3.0,32.883882184084094,110.45539855957031,-0.22,6.2,8.84,0.1,13.73,0,-0.03,0.01,-0.02,14.9,7.45,14.7,19.61,90,21.41,1011.8,14.65,652.4,1,341.65,229,0,86,-,44.31,23.14,1120,19.61,64.34,4.27,47.84,-3.91,0,-0.78,-,1.11,3,32.88,110.46,-5.83,-35.21,28,1.53,-,35,8.89,11.16,8.96,11.69,25.13,31.51,0.75,0.75,3.92,1711,38.53,37,16.86,18.5,-,11.16,8.96,31.51,8.76,1579.42,1099.81,479.62,-6.28,14.08,14.3,47
Mon Sep 26 07:02:14 GMT-03:00 2022,26-Sep-2022 07:02:14.422,-35.211863562985904,-5.825324021199938,10.459663391113281,4.0,33.02299749188567,110.58637237548828,-0.41,5.33,7.9,-0.03,16.08,-0.03,-0.01,0,-0.04,22.35,11.37,14.7,19.61,90,21.42,1011.8,14.65,652.4,1,341.6,229,0,86,-,39.22,32.94,1484.5,19.61,64.39,2.78,47.84,-3.12,4.69,-0.78,-,1.11,4,33.02,110.59,-5.83,-35.21,29,0.65,-,35,13.3,11.16,8.96,7.61,37.58,31.52,0.75,0.77,6.27,1712,37.65,37,16.86,23,-,11.16,8.96,31.52,8.78,1580.37,1100.75,479.62,-8.09,14.08,14.4,46
Mon Sep 26 07:02:15 GMT-03:00 2022,26-Sep-2022 07:02:15.418,-35.211775927717085,-5.825356361352563,10.425287246704102,4.0,33.12654233699525,110.43670654296875,-0.55,5.25,8.15,-0.01,15.29,-0.05,-0.02,-0.01,-0.05,14.9,7.84,14.7,19.61,90,21.44,1011.77,14.65,653,1,341.65,229,0,86,-,29.02,29.8,1236.5,19.61,64.42,1.61,47.84,-3.91,-2.34,2.34,-,1.11,4,33.13,110.44,-5.83,-35.21,29,1.53,-,35,22.96,11.17,8.95,4.41,64.85,31.54,0.77,0.8,5.49,1713,37.53,36,16.08,23,-,11.17,8.95,31.54,8.78,1581.41,1101.79,479.62,-11.78,14.14,14.4,39
Mon Sep 26 07:02:16 GMT-03:00 2022,26-Sep-2022 07:02:16.421,-35.21168978157263,-5.825387989261106,10.303421974182129,4.0,33.11901614370745,109.99862670898438,-0.31,5.76,8.89,0.08,13.33,0,0.03,-0.01,0.01,14.9,7.45,14.7,19.61,90,21.44,1011.77,14.65,653,1,341.93,229,0,86,-,29.02,24.31,959.5,19.61,64.44,1.15,47.84,-5.47,-2.34,-3.12,-,1.11,4,33.12,110,-5.83,-35.21,28,1.53,-,35,31.17,11.18,8.94,3.16,88.06,31.59,0.85,0.79,3.53,1714,37.09,36,12.94,-3,-,11.18,8.94,31.59,8.8,1582.38,1102.76,479.62,-12.18,14.08,14.4,34
Mon Sep 26 07:02:17 GMT-03:00 2022,26-Sep-2022 07:02:17.421,-35.21160417257066,-5.82541999636004,10.155611038208008,4.0,33.07606548190297,111.20521545410156,0.35,5.33,8.94,0.06,12.94,0.01,0.13,0,0,14.9,7.45,14.7,19.61,90,21.45,1011.75,14.65,652.7,1,341.93,229,0,86,-,27.45,17.25,959.5,19.61,64.44,1.15,47.84,-6.25,-5.47,-6.25,-,1.11,4,33.08,111.21,-5.83,-35.21,27,1.09,-,36,31.17,11.18,8.94,3.16,88.06,31.59,0.68,0.77,3.14,1714,36.56,36,13.33,3.5,-,11.18,8.94,31.59,8.8,1583.33,1103.71,479.62,-12.18,14.08,14.3,34
Mon Sep 26 07:02:18 GMT-03:00 2022,26-Sep-2022 07:02:18.419,-35.21152340159603,-5.825456678957477,9.856853485107422,4.0,33.08778408196351,115.97435760498047,0.5,5.69,8.73,0.06,12.16,0.05,0.07,0,0.05,14.9,7.45,14.7,19.61,90,21.46,1011.75,14.65,652.4,1,342.4,229,0,86,-,19.61,17.25,1025,19.61,64.46,0.94,47.84,-7.81,-2.34,-1.56,-,1.11,4,33.09,115.97,-5.83,-35.21,26,1.48,-,36,38.18,11.18,8.94,2.58,107.85,31.59,0.06,0.77,2.35,1715,35.48,34,12.94,8,-,11.18,8.94,31.59,8.82,1584.42,1104.8,479.62,-12.05,14.06,14.3,30
Mon Sep 26 07:02:19 GMT-03:00 2022,26-Sep-2022 07:02:19.419,-35.21144583338276,-5.825490666629092,9.172901153564453,6.0,33.08258766533551,122.78736114501953,0.53,4.91,8.09,-0.09,12.16,-0.06,0.12,-0.02,-0.06,14.9,7.45,14.7,19.61,90,21.46,1011.82,14.65,652.4,1,342.43,229,0,86,-,20.39,16.47,929,19.61,64.48,0.9,47.84,-7.03,0.78,0.78,-,1.11,6,33.08,122.79,-5.83,-35.21,22,2.02,-,36,37.66,11.18,8.94,2.47,106.4,31.59,0.33,0.77,2.35,1716,33.02,31,12.55,10.5,-,11.18,8.94,31.59,8.82,1585.4,1105.78,479.62,-12.32,14.08,14.3,26
Mon Sep 26 07:02:20 GMT-03:00 2022,26-Sep-2022 07:02:20.421,-35.21137533002251,-5.825531294386277,8.777640342712402,8.0,32.88652827943186,131.1918182373047,0.47,5.21,8.05,-0.02,12.16,0.06,0.04,-0.04,0.1,14.9,7.45,14.7,19.61,90,21.47,1011.83,14.65,652.4,1,339.65,229,0,86,-,20.39,16.08,944,19.61,64.49,0.9,47.45,-7.03,-1.56,-2.34,-,1.11,8,32.89,131.19,-5.83,-35.21,23,1.6,-,36,34.34,11.2,8.93,2.47,97.01,31.64,0.82,0.76,2.35,1717,31.6,30,12.55,9.5,-,11.2,8.93,31.64,8.82,1586.39,1106.77,479.62,-12.07,14.16,14.3,24
Mon Sep 26 07:02:21 GMT-03:00 2022,26-Sep-2022 07:02:21.420,-35.21131480516021,-5.82558812699194,8.702188491821289,8.0,32.647740784615195,140.03489685058594,0.06,6.03,7.16,-0.05,12.16,-0.05,0.12,0.04,-0.1,17.25,9.02,14.7,19.61,90,21.48,1011.91,14.65,651.2,1,340.19,229,0,86,-,42.75,18.82,1306,19.61,64.56,3.56,47.45,-7.03,0,-2.34,-,1.11,8,32.65,140.03,-5.83,-35.21,26,2.33,-,36,8.43,11.2,8.93,9.74,23.81,31.64,0.82,0.76,2.35,1719,31.33,29,12.55,20,-,11.2,8.93,31.64,8.83,1587.33,1107.71,479.62,-4.66,14.16,14.3,35
Mon Sep 26 07:02:22 GMT-03:00 2022,26-Sep-2022 07:02:22.419,-35.21126262612277,-5.825648738269542,8.703134536743164,8.0,32.63868287022328,149.126220703125,-0.57,5.97,7.61,-0.01,16.47,-0.02,0.09,-0.01,-0.02,24.31,12.55,14.7,19.61,90,21.48,1011.88,14.65,651.2,1,340.13,229,0,86,6.06,48.63,35.69,1749.5,19.61,64.64,4.19,47.45,-3.91,3.91,1.56,-,1.11,8,32.64,149.13,-5.83,-35.21,25,0.33,8.12,36,6.92,11.2,8.93,11.47,19.54,31.63,0.06,0.77,5.49,1720,31.33,31,16.86,20,33.05,11.2,8.93,31.63,8.87,1588.43,1108.81,479.62,-6.15,14.06,14.4,40
Mon Sep 26 07:02:23 GMT-03:00 2022,26-Sep-2022 07:02:23.421,-35.21123754082685,-5.825724287272889,8.840964317321777,8.0,32.611013888585724,155.7488250732422,-0.02,5.81,7.19,-0.06,14.9,-0.07,-0.02,0.03,-0.12,24.71,14.51,14.7,19.61,90,21.48,1011.94,14.65,647.5,1,340.13,229,0,86,6.06,48.63,41.18,1749.5,19.61,64.64,4.19,47.45,-3.91,3.91,3.12,-,1.11,8,32.61,155.75,-5.83,-35.21,27,0.33,8.12,36,6.92,11.2,8.93,11.47,19.54,31.63,0.81,0.77,5.1,1721,31.83,31,17.65,23,33.05,11.2,8.93,31.63,8.87,1589.42,1109.8,479.62,-6.15,14.14,14.4,40
Mon Sep 26 07:02:24 GMT-03:00 2022,26-Sep-2022 07:02:24.419,-35.21121132270586,-5.825804625836905,9.324278831481934,6.0,32.312875036262916,159.5662841796875,1.41,5.92,7.46,-0.02,21.96,-0.03,0.02,0.05,-0.08,30.98,16.47,14.7,19.61,90,21.49,1011.92,14.65,646.1,1,337.22,229,0,86,8.2,61.96,41.18,1938.5,19.61,64.76,5.68,47.06,-2.34,1.56,-2.34,-,1.12,6,32.31,159.57,-5.83,-35.21,25,2.17,10.99,36,5.45,11.19,8.93,15.55,15.41,31.62,0.75,0.75,12.16,1721,33.57,34,21.57,21,40.39,11.19,8.93,31.62,8.87,1590.41,1110.79,479.62,-6.04,14.08,14.4,45
Mon Sep 26 07:02:25 GMT-03:00 2022,26-Sep-2022 07:02:25.420,-35.21118465200842,-5.82588933909157,10.078510284423828,6.0,32.03837326516393,161.34031677246094,-0.5,6.07,7.88,0.01,21.96,0,0.02,0.09,-0.07,30.98,16.47,14.7,19.61,90,21.51,1011.89,14.65,647.6,1,337.08,230,0,86,10.75,73.33,58.04,1919,19.61,64.89,6.83,47.06,-2.34,0,-1.56,-,1.12,6,32.04,161.34,-5.83,-35.21,23,0.72,14.42,35,4.98,11.19,8.94,18.69,14.06,31.6,0.66,0.74,12.16,1722,36.28,37,23.92,18.5,53.51,11.19,8.94,31.6,8.9,1591.41,1111.79,479.62,-5.31,14.16,14.4,49
Mon Sep 26 07:02:26 GMT-03:00 2022,26-Sep-2022 07:02:26.422,-35.211155720432444,-5.825983247126054,11.003579139709473,6.0,31.715845936736187,162.65330505371094,0.16,6.07,7.8,0,21.96,-0.01,0.02,0.06,-0.06,29.02,14.9,14.7,19.61,90,21.52,1011.89,14.65,647.6,1,336.94,230,0,86,13.52,65.88,56.86,1771,19.61,65,5.58,47.06,-3.12,-1.56,-2.34,-,1.12,6,31.72,162.65,-5.83,-35.21,24,1.39,18.14,35,6.63,11.18,8.94,15.27,18.73,31.59,0.43,0.73,12.16,1724,39.61,41,20.39,20,72.92,11.18,8.94,31.59,8.9,1592.34,1112.72,479.62,-6.97,14.12,14.3,50
Mon Sep 26 07:02:27 GMT-03:00 2022,26-Sep-2022 07:02:27.420,-35.211129759453165,-5.826085882106704,11.865978240966797,6.0,31.404452564669022,164.94920349121094,-0.11,6.06,7.71,-0,19.61,-0.01,0.01,0.05,-0.05,26.67,13.73,14.7,19.61,90,21.54,1011.96,14.65,647.6,1,336.84,230,0,86,12.6,58.43,49.8,1713,19.61,65.09,4.82,47.06,-3.12,2.34,-2.34,-,1.12,6,31.4,164.95,-5.83,-35.21,28,1.28,16.89,35,8.51,11.18,8.94,13.19,24.03,31.59,0.43,0.73,9.8,1725,42.72,44,19.61,20,70.22,11.18,8.94,31.59,8.9,1593.42,1113.8,479.62,-7.46,14.12,14.3,50
Mon Sep 26 07:02:28 GMT-03:00 2022,26-Sep-2022 07:02:28.420,-35.211103218603725,-5.826196150600719,12.586967468261719,4.0,31.034759939735004,166.1996612548828,-0.52,5.7,7.15,-0.07,19.22,0.02,-0.03,0.06,-0.02,25.88,13.33,14.7,19.61,90,21.56,1011.96,14.65,652,1,336.77,230,0,85,12.57,58.43,47.84,1661,19.61,65.18,4.56,47.06,-3.12,2.34,0.78,-,1.12,4,31.03,166.2,-5.83,-35.21,27,1.69,16.85,35,9.65,11.18,8.94,12.47,27.27,31.58,0.73,0.71,9.41,1726,45.31,47,19.61,20,72.25,11.18,8.94,31.58,8.9,1594.41,1114.79,479.62,-7.62,14.14,14.3,49
Mon Sep 26 07:02:29 GMT-03:00 2022,26-Sep-2022 07:02:29.420,-35.21107429540158,-5.826314627166565,13.248458862304688,4.0,30.60982008395964,166.08421325683594,-0.23,5.95,8.27,0.04,18.82,0.02,-0.01,0.03,0,25.1,12.94,14.7,19.61,90,21.56,1011.99,14.65,653.9,1,336.77,230,0,85,12.57,57.65,48.24,1661,19.61,65.18,4.56,47.06,-3.12,2.34,0,-,1.12,4,30.61,166.08,-5.83,-35.21,25,1.69,16.85,35,9.65,11.18,8.94,12.47,27.27,31.58,0.76,0.71,9.02,1727,47.69,47,18.82,21,72.25,11.18,8.94,31.58,8.9,1595.43,1115.81,479.62,-7.62,14.14,14.4,49
Mon Sep 26 07:02:30 GMT-03:00 2022,26-Sep-2022 07:02:30.416,-35.211044105706826,-5.826437674389984,13.856529235839844,4.0,30.204098680093175,165.58677673339844,-0.77,5.55,7.54,-0.05,18.82,-0.02,0.04,-0.03,-0.01,24.71,12.94,14.7,19.61,90,21.58,1012.03,14.65,653.9,1,336.74,230,0,85,13.2,59.61,49.02,1601,19.61,65.27,4.56,47.06,-3.12,1.56,0,-,1.13,4,30.2,165.59,-5.83,-35.21,28,2.31,17.7,35,10.3,11.18,8.94,12.49,29.09,31.58,0.76,0.7,9.02,1727,49.88,50,19.61,19.5,78.7,11.18,8.94,31.58,8.95,1596.33,1116.71,479.62,-7.39,14.08,14.3,49
Mon Sep 26 07:02:31 GMT-03:00 2022,26-Sep-2022 07:02:31.418,-35.21101049245496,-5.8265633213469314,14.373367309570312,4.0,29.79373600967359,164.53355407714844,-0.26,5.81,8.51,0.05,16.08,0,-0.05,0.03,-0.02,19.22,9.8,14.7,19.61,90,21.6,1012.07,14.65,656.1,1,336.72,230,0,85,10.1,56.08,49.02,1562,19.61,65.34,4.14,47.06,-3.12,0,-0.78,-,1.13,4,29.79,164.53,-5.83,-35.21,24,0.26,13.55,35,12.07,11.18,8.94,11.33,34.11,31.58,0.77,0.7,6.27,1728,51.74,52,18.04,19.5,61.76,11.18,8.94,31.58,8.95,1597.41,1117.79,479.62,-7.82,14.04,14.3,48
Mon Sep 26 07:02:32 GMT-03:00 2022,26-Sep-2022 07:02:32.418,-35.21097383226701,-5.826691455917774,14.816479682922363,4.0,29.387593631910605,164.41307067871094,-1,6.99,8.94,0.16,16.08,0.08,-0.07,0.06,0.05,19.22,9.8,14.7,19.61,90,21.63,1012.18,14.65,656.1,1,336.74,230,0,85,5.7,34.51,33.33,1392,19.61,65.38,2.16,47.06,-3.91,1.56,2.34,-,1.13,4,29.39,164.41,-5.83,-35.21,24,0.34,7.64,35,24.07,11.19,8.94,5.91,68.01,31.61,0.09,0.69,3.53,1729,53.34,53,14.9,3,39.08,11.19,8.94,31.61,8.98,1598.39,1118.77,479.62,-11,14.14,14.3,42
Mon Sep 26 07:02:33 GMT-03:00 2022,26-Sep-2022 07:02:33.420,-35.210935890084514,-5.826822988350396,15.0526704788208,4.0,29.02954872889903,164.30491638183594,-1.1,4.08,7.4,-0.13,12.94,0,0.03,0,0.01,15.69,8.24,14.7,19.61,90,21.65,1012.2,14.65,656.1,1,337.04,230,0,85,5.7,18.82,16.86,1310,19.61,65.4,1.14,47.06,-3.91,0.78,0,-,1.13,4,29.03,164.3,-5.83,-35.21,24,1.19,7.64,35,46.63,11.19,8.94,3.11,131.72,31.61,0.8,0.69,3.53,1731,54.19,53,13.33,-6,39.08,11.19,8.94,31.61,8.98,1599.41,1119.79,479.62,-12.49,14.12,14.3,35
Mon Sep 26 07:02:34 GMT-03:00 2022,26-Sep-2022 07:02:34.420,-35.210898720118124,-5.8269539377322825,14.998974800109863,4.0,28.649643736198996,164.90476989746094,-0.04,4.4,9.06,0.02,12.94,0.02,0.01,-0.12,0.09,14.9,7.45,14.7,19.61,90,21.67,1012.27,14.65,656.5,1,337.06,230,0,85,5.7,19.61,15.69,1306.5,19.61,65.42,1.2,47.06,-6.25,0,0,-,1.13,4,28.65,164.9,-5.83,-35.21,26,1,7.64,35,44.35,11.19,8.93,3.27,125.28,31.62,0.8,0.69,3.14,1732,54,53,13.33,-6,39.08,11.19,8.93,31.62,9.01,1600.4,1120.78,479.62,-12.24,14.12,14.3,31
Mon Sep 26 07:02:35 GMT-03:00 2022,26-Sep-2022 07:02:35.418,-35.21086401824609,-5.8270823520432415,14.761764526367188,4.0,28.164703806677903,165.541748046875,0.55,4.49,8.78,0,12.94,-0.04,0.14,-0.17,0.02,14.9,7.45,29.4,19.61,90,21.67,1012.35,14.65,656.2,2,337.09,230,0,86,5.7,19.61,14.9,1685,19.61,65.46,1.5,47.06,-6.25,0,0,-,1.13,4,28.16,165.54,-5.83,-35.21,23,1,7.64,35,35.28,11.21,8.92,4.11,99.67,31.67,0,0.65,3.14,1733,53.14,53,13.33,-10.5,39.08,11.21,8.92,31.67,9.01,1601.4,1121.78,479.62,-11.61,14.12,14.4,28
Mon Sep 26 07:02:36 GMT-03:00 2022,26-Sep-2022 07:02:36.417,-35.210835753725625,-5.827205317559364,13.905611991882324,4.0,27.69813253132195,169.16970825195312,2.32,4.74,6.84,-0.12,13.73,0.26,0.23,0.07,0.23,14.9,7.45,29.4,19.61,90,21.69,1012.35,14.65,656.2,2,337.09,230,0,86,-,18.43,15.29,1685,19.61,65.46,1.5,47.06,-4.69,0,0,-,1.13,4,27.7,169.17,-5.83,-35.21,26,5.14,-,35,35.28,11.21,8.92,4.11,99.67,31.67,0,0,3.53,1734,50.06,48,14.12,-6,-,11.21,8.92,31.67,9.04,1602.42,1122.8,479.62,-11.61,14.08,14.3,28
Mon Sep 26 07:02:37 GMT-03:00 2022,26-Sep-2022 07:02:37.416,-35.21081426792836,-5.827322469950105,13.075557708740234,4.0,27.609310378843656,178.55079650878906,1.47,5.99,8.42,0.06,16.47,0.1,0.16,0.05,0.07,22.35,11.76,20.4,19.61,90,21.71,1012.41,14.65,654.7,1.39,337.64,230,0,86,-,19.22,26.67,1709,19.61,65.48,1.49,47.06,-4.69,0,0,-,1.13,4,27.61,178.55,-5.83,-35.21,26,4.06,-,36,32.19,11.23,8.91,4.08,90.93,31.71,0,0,4.31,1734,47.07,46,14.12,-4.5,-,11.23,8.91,31.71,9.04,1603.41,1123.79,479.62,-12.31,14.08,14.3,25
Mon Sep 26 07:02:38 GMT-03:00 2022,26-Sep-2022 07:02:38.418,-35.21082297087895,-5.827441579505403,13.05422306060791,4.0,27.30035035800838,188.59994506835938,1.02,5.68,8.28,0.03,16.47,0.09,0.16,0.07,0.04,22.35,11.76,20.4,19.61,90,21.73,1012.45,14.65,652.5,0.92,338.12,230,0,86,4.34,33.73,26.67,1597,19.61,65.53,2.53,47.06,-3.91,0,0,-,1.13,4,27.3,188.6,-5.83,-35.21,26,0.07,5.81,36,18.21,11.23,8.9,6.91,51.45,31.73,0.83,0.09,4.31,1735,47,47,16.08,24.5,25.93,11.23,8.9,31.73,9.06,1604.43,1124.81,479.62,-10.73,14.12,14.4,25
Mon Sep 26 07:02:39 GMT-03:00 2022,26-Sep-2022 07:02:39.420,-35.21084748341606,-5.827563364370489,13.312277793884277,4.0,27.250934128358796,194.60458374023438,0.45,4.52,6.28,-0.21,17.65,0.02,0.07,0,0.02,23.92,12.16,13.55,19.61,90,21.75,1012.48,14.65,652.5,0.92,335.47,230,0,86,3.94,45.1,38.43,1486.5,19.61,65.6,3.21,46.67,-3.91,0,0,-,1.13,4,27.25,194.6,-5.83,-35.21,27,0.08,5.28,36,14.66,11.23,8.9,8.77,41.42,31.74,0.83,0.12,7.84,1737,47.92,48,16.47,21,25.31,11.23,8.9,31.74,9.06,1605.35,1125.73,479.62,-9.33,14.12,14.4,28
Mon Sep 26 07:02:40 GMT-03:00 2022,26-Sep-2022 07:02:40.418,-35.21088150352741,-5.827683681146835,13.587223052978516,4.0,27.027855335648916,198.06283569335938,-0.34,5.77,8.18,0.02,15.69,0.05,-0.04,0,0.05,16.86,9.02,13.58,19.61,90,21.77,1012.54,14.65,652.5,0.92,335.54,230,0,85,3.94,22.75,27.84,1323.5,19.61,65.62,1.32,46.67,-3.91,0,0,-,1.13,4,27.03,198.06,-5.83,-35.21,26,0.91,5.28,36,36.38,11.24,8.9,3.61,102.77,31.74,0.83,0.12,5.88,1738,48.91,48,16.47,21,25.31,11.24,8.9,31.74,9.09,1606.42,1126.8,479.62,-12.3,14.12,14.4,25
Mon Sep 26 07:02:41 GMT-03:00 2022,26-Sep-2022 07:02:41.420,-35.21091868936387,-5.827803738251553,13.686417579650879,4.0,26.95135130145936,198.28330993652344,0.27,4.82,7.51,-0.09,12.94,-0.11,-0.05,-0.01,-0.14,14.9,7.45,13.33,19.61,90,21.79,1012.6,14.65,647.2,0.91,335.57,230,0,85,3.94,19.61,15.69,1326.5,19.61,65.65,1.27,46.67,-6.25,0,0,-,1.13,4,26.95,198.28,-5.83,-35.21,27,1.27,5.28,36,37.85,11.24,8.9,3.47,106.92,31.74,0.88,0.12,3.14,1739,49.27,48,13.33,-2.5,25.31,11.24,8.9,31.74,9.09,1607.41,1127.8,479.62,-12.11,14.08,14.4,23
Mon Sep 26 07:02:42 GMT-03:00 2022,26-Sep-2022 07:02:42.419,-35.21095626756088,-5.827919961795877,13.497867584228516,4.0,26.894131706858378,198.05274963378906,0.07,4.78,9.08,0.04,12.94,-0.07,0.04,-0.19,0.01,14.9,7.45,29.4,19.61,90,21.79,1012.63,14.65,647.2,2,335.6,230,0,84,3.94,19.61,16.08,1326.5,19.61,65.67,1.23,46.67,-6.25,0,0,-,1.13,4,26.89,198.05,-5.83,-35.21,29,1.27,5.28,36,39.09,11.24,8.9,3.36,110.42,31.74,0.05,0.12,3.14,1740,48.59,48,13.33,-10.5,25.31,11.24,8.9,31.74,9.12,1608.4,1128.78,479.62,-12.2,14.16,14.3,21
Mon Sep 26 07:02:43 GMT-03:00 2022,26-Sep-2022 07:02:43.419,-35.21099200014819,-5.828032182711471,12.793027877807617,4.0,27.13968521454157,198.09811401367188,-1.32,4.75,8.46,-0,13.33,0.03,-0.09,-0.03,0.04,14.9,7.45,29.4,19.61,90,21.81,1012.65,14.65,644,2,335.6,230,0,84,-,18.43,16.08,1441,19.61,65.67,1.23,46.67,-5.47,0,0,-,1.13,4,27.14,198.1,-5.83,-35.21,28,5.59,-,36,39.09,11.24,8.9,3.36,110.42,31.74,0,0.01,3.53,1740,46.05,43,13.73,-7,-,11.24,8.9,31.74,9.12,1609.35,1129.73,479.62,-12.2,14.14,14.3,21
Mon Sep 26 07:02:44 GMT-03:00 2022,26-Sep-2022 07:02:44.419,-35.21102262629667,-5.828133717758463,11.604909896850586,4.0,27.0693094630658,196.3402862548828,-1.98,5.15,8.71,0.05,13.33,0.02,-0.2,-0.02,0.01,14.9,7.45,29.4,19.61,90,21.82,1012.69,14.65,641.6,2,335.62,230,0,84,-,19.61,16.08,1501.5,19.61,65.7,1.43,46.67,-5.47,0,0,-,1.13,4,27.07,196.34,-5.83,-35.21,26,2.78,-,36,30.09,11.25,8.89,3.91,85,31.78,0,0,3.14,1741,41.78,39,13.73,-8.5,-,11.25,8.89,31.78,9.14,1610.42,1130.81,479.62,-12.02,14.08,14.3,20
Mon Sep 26 07:02:45 GMT-03:00 2022,26-Sep-2022 07:02:45.419,-35.21104587152872,-5.828226746958004,10.686931610107422,4.0,26.973136531691576,191.04441833496094,-2.21,5.04,8.3,0.01,13.33,0,-0.24,-0.03,-0.02,14.9,7.45,29.4,19.61,90,21.83,1012.72,14.65,641.6,2,336.05,230,0,84,-,19.61,15.69,1404.5,19.61,65.72,1.34,46.67,-5.47,0,0,-,1.13,4,26.97,191.04,-5.83,-35.21,24,3.47,-,36,29.16,11.27,8.88,3.66,82.36,31.82,0,0,3.14,1743,38.47,35,13.73,-9,-,11.27,8.88,31.82,9.14,1611.22,1131.6,479.62,-12.29,14.06,14.3,19
Mon Sep 26 07:02:46 GMT-03:00 2022,26-Sep-2022 07:02:46.419,-35.2110624120605,-5.828313357772415,9.534525871276855,4.0,26.896943840123665,181.02000427246094,-0.66,6.02,7.86,0.01,13.33,0.03,-0.06,0.05,0,14.9,7.45,29.4,19.61,90,21.84,1012.73,14.65,641.6,2,339.28,230,0,84,-,60,16.86,1463.5,19.61,65.84,6.16,47.06,-5.47,0,0,-,1.14,4,26.9,181.02,-5.83,-35.21,24,1.32,-,36,5.68,11.26,8.88,16.86,16.05,31.81,0.86,0,3.14,1744,34.32,33,20.39,15.5,-,11.26,8.88,31.81,9.16,1612.41,1132.8,479.62,-3.03,14.12,14.3,34
Mon Sep 26 07:02:47 GMT-03:00 2022,26-Sep-2022 07:02:47.421,-35.21106225986886,-5.828399030805414,9.460291862487793,4.0,26.84376091898227,175.227294921875,0.44,5.33,7.96,-0.02,20,0.04,0.08,0.05,0.01,21.57,8.24,13.72,19.61,90,21.85,1012.68,14.65,635.1,0.93,339.16,230,0,84,2.97,33.73,46.67,1656,19.61,65.89,2.99,47.06,-3.12,0,0,-,1.14,4,26.84,175.23,-5.83,-35.21,24,0.06,3.98,36,11.02,11.26,8.88,8.19,31.14,31.81,0.86,0.08,10.2,1745,34.06,34,20.39,15.5,17.14,11.26,8.88,31.81,9.16,1613.39,1133.77,479.62,-9.23,14.12,14.4,34
Mon Sep 26 07:02:48 GMT-03:00 2022,26-Sep-2022 07:02:48.417,-35.21105537100593,-5.8284846662759655,9.431085586547852,4.0,26.897483241250875,177.231689453125,1.39,6.17,7.98,0.04,19.22,0.04,0.13,0.07,-0.01,24.71,12.55,13.5,19.61,90,21.86,1012.69,14.65,635.1,0.92,341.98,230,0,84,2.97,60,42.75,1705.5,19.61,65.99,5.35,47.45,-4.69,0,0,-,1.14,4,26.9,177.23,-5.83,-35.21,20,0.05,3.98,36,6.36,11.26,8.88,14.63,17.96,31.8,0.85,0.12,9.41,1746,33.95,34,14.12,0.5,17.14,11.26,8.88,31.8,9.18,1614.39,1134.77,479.62,-6.1,14.04,14.3,40
Mon Sep 26 07:02:49 GMT-03:00 2022,26-Sep-2022 07:02:49.420,-35.21105019425288,-5.828572147554485,9.647727012634277,6.0,26.89591631821944,186.70082092285156,0.66,5.78,7.67,-0.02,21.18,-0.03,0.06,0.06,-0.09,28.63,14.9,14.7,19.61,90,21.86,1012.69,14.65,625.4,1,341.98,230,0,84,2.97,60,55.69,1705.5,19.61,65.99,5.35,47.45,-3.12,0,3.12,-,1.14,6,26.9,186.7,-5.83,-35.21,15,0.05,3.98,35,6.36,11.26,8.88,14.63,17.96,31.8,0.26,0.81,10.98,1746,34.73,34,20.78,21,17.14,11.26,8.88,31.8,9.18,1615.4,1135.78,479.62,-6.1,14.02,14.3,40
Mon Sep 26 07:02:50 GMT-03:00 2022,26-Sep-2022 07:02:50.417,-35.21106130902404,-5.8286635480474,10.198392868041992,6.0,26.298136915562964,196.29818725585938,-0.45,6.04,7.67,-0.01,21.57,0,-0.01,0.07,-0.06,29.02,14.9,14.7,19.61,90,21.87,1012.66,14.65,623,1,341.86,230,0,84,5.74,72.55,55.69,1684,19.61,66.12,5.83,47.45,-3.12,0.78,0,-,1.14,6,26.3,196.3,-5.83,-35.21,18,1.27,7.69,35,5.84,11.25,8.89,15.94,16.49,31.79,0.5,0.77,11.76,1747,36.71,36,21.96,17,32.52,11.25,8.89,31.79,9.18,1616.38,1136.76,479.62,-5.63,14,14.3,46
Mon Sep 26 07:02:51 GMT-03:00 2022,26-Sep-2022 07:02:51.418,-35.21108864928415,-5.828755894075648,10.625173568725586,6.0,25.241926796764318,200.62196350097656,-1.12,6.16,7.92,0.03,21.57,0.03,-0.06,0.1,-0.03,29.02,14.9,14.7,19.61,90,21.88,1012.67,14.65,623,1,338.91,230,0,84,5.79,67.84,59.22,1628.5,19.61,66.24,5.3,47.06,-3.12,3.91,0,-,1.14,6,25.24,200.62,-5.83,-35.21,24,0.25,7.76,35,6.8,11.25,8.89,14.49,19.2,31.78,0.5,0.77,11.76,1748,38.25,38,21.96,17,33.95,11.25,8.89,31.78,9.21,1617.4,1137.78,479.62,-6.34,14,14.3,48
Mon Sep 26 07:02:52 GMT-03:00 2022,26-Sep-2022 07:02:52.417,-35.211123565904536,-5.828852551641281,11.29371166229248,6.0,25.35258228318286,199.92605590820312,-0.55,6.08,7.53,-0.01,20.78,0,-0.2,0.04,-0.08,24.71,12.55,14.7,19.61,90,21.88,1012.63,14.65,624.6,1,338.81,230,0,84,5.79,67.84,56.47,1514.5,19.61,66.34,4.69,47.06,-3.12,3.91,0.78,-,1.14,6,25.35,199.93,-5.83,-35.21,23,0.25,7.76,35,8.1,11.25,8.89,12.83,22.89,31.77,0.68,0.75,10.98,1750,40.66,38,21.18,18.5,33.95,11.25,8.89,31.77,9.21,1618.41,1138.79,479.62,-7.05,14.12,14.4,49
Mon Sep 26 07:02:53 GMT-03:00 2022,26-Sep-2022 07:02:53.417,-35.21116268042252,-5.828953329657917,11.820116996765137,6.0,25.57464109244515,199.60076904296875,-0.18,5.65,7.27,-0.06,18.82,0.01,-0.07,0.1,-0.06,29.41,12.55,14.7,19.61,90,21.9,1012.61,14.65,626.9,1,338.81,230,0,84,9.87,63.92,56.47,1514.5,19.61,66.34,4.69,47.06,-3.12,0,1.56,-,1.14,6,25.57,199.6,-5.83,-35.21,25,0.34,13.24,34,8.1,11.25,8.89,12.83,22.89,31.77,0.09,0.74,9.02,1750,42.55,41,18.82,18.5,62.24,11.25,8.89,31.77,9.21,1619.39,1139.77,479.62,-7.05,14.1,14.4,49
Mon Sep 26 07:02:54 GMT-03:00 2022,26-Sep-2022 07:02:54.417,-35.21120108924159,-5.829055956687387,12.112892150878906,6.0,25.43233501111505,199.48989868164062,-0.57,6.17,7.56,-0.01,20.78,0,-0.02,0.08,-0.07,29.8,14.9,14.7,19.61,90,21.91,1012.62,14.65,626.9,1,338.74,230,0,84,6.57,66.27,52.16,1566.5,19.61,66.46,4.93,47.06,-3.12,-0.78,2.34,-,1.15,6,25.43,199.49,-5.83,-35.21,26,0.61,8.82,34,8.32,11.24,8.89,13.49,23.49,31.77,0.09,0.74,10.59,1751,43.61,43,20.78,19.5,40.08,11.24,8.89,31.77,9.25,1620.41,1140.8,479.62,-6.08,14.08,14.4,51
Mon Sep 26 07:02:55 GMT-03:00 2022,26-Sep-2022 07:02:55.418,-35.21123894000115,-5.829161613959197,12.54672908782959,6.0,25.578528231349296,199.79135131835938,-0.68,6.62,7.55,0.02,20.78,0.07,-0.08,0.07,0.02,29.8,15.29,14.7,19.61,90,21.93,1012.57,14.65,626.9,1,338.67,230,0,84,8.8,69.41,56.08,1609.5,19.61,66.55,5.34,47.06,-3.12,0,1.56,-,1.15,6,25.58,199.79,-5.83,-35.21,29,0.17,11.8,34,8.05,11.24,8.89,14.61,22.75,31.76,0.17,0.75,10.59,1753,45.17,45,21.18,12.5,52.2,11.24,8.89,31.76,9.25,1621.38,1141.76,479.62,-5.68,14.14,14.4,54
Mon Sep 26 07:02:56 GMT-03:00 2022,26-Sep-2022 07:02:56.417,-35.21128123699883,-5.829269455861384,12.735076904296875,6.0,25.73236008824251,200.5784912109375,-0.62,6.34,8.43,0.08,20.78,0.01,-0.07,0.06,-0.04,29.41,14.9,14.7,19.61,90,21.95,1012.58,14.65,631.4,1,338.6,230,0,84,4.51,65.88,56.86,1571,19.61,66.64,4.91,47.06,-3.12,-1.56,0.78,-,1.15,6,25.73,200.58,-5.83,-35.21,28,0.15,6.05,34,9.16,11.24,8.9,13.44,25.88,31.75,0.13,0.75,10.98,1754,45.85,46,20,13.5,27.43,11.24,8.9,31.75,9.27,1622.39,1142.77,479.62,-6.62,14.1,14.4,54
Mon Sep 26 07:02:57 GMT-03:00 2022,26-Sep-2022 07:02:57.421,-35.21132407561277,-5.82937873854387,13.005061149597168,4.0,25.950947439324615,201.1654052734375,-0.71,5.99,7.84,0.01,18.82,0,-0.06,0.08,-0.05,25.88,13.33,14.7,19.61,90,21.97,1012.58,14.65,631.4,1,338.55,230,0,84,4.7,60.39,50.59,1536,19.61,66.71,4.39,47.06,-3.12,0.78,0.78,-,1.15,4,25.95,201.17,-5.83,-35.21,26,0.18,6.3,34,10.47,11.24,8.9,12.02,29.58,31.75,0.13,0.75,9.02,1755,46.82,47,18.82,13.5,29.2,11.24,8.9,31.75,9.27,1623.43,1143.81,479.62,-7.29,14.08,14.3,53
Mon Sep 26 07:02:58 GMT-03:00 2022,26-Sep-2022 07:02:58.418,-35.2113676593502,-5.829490576103292,13.356597900390625,4.0,26.32928393317096,201.4317169189453,-0.27,5.98,8.21,0.03,17.65,0.01,-0.04,0.03,-0.01,22.75,11.76,14.7,19.61,90,21.97,1012.53,14.65,635.9,1,338.54,230,0,84,4.7,60.39,44.71,1427,19.61,66.77,3.01,47.06,-3.12,0.78,-0.78,-,1.15,4,26.33,201.43,-5.83,-35.21,27,0.18,6.3,34,15.61,11.24,8.89,8.24,44.09,31.76,0.67,0.75,7.84,1756,48.08,47,18.82,13.5,29.2,11.24,8.89,31.76,9.3,1624.4,1144.78,479.62,-9.49,14.08,14.4,48
Mon Sep 26 07:02:59 GMT-03:00 2022,26-Sep-2022 07:02:59.419,-35.211412764305024,-5.829603165202927,13.59233570098877,4.0,26.735020592033614,201.74261474609375,-0.79,5.33,7.76,-0.04,16.47,-0.01,-0.08,0.03,-0.05,23.53,12.16,14.7,19.61,90,21.99,1012.51,14.65,637.1,1,338.54,230,0,84,3.96,43.14,36.08,1427,19.61,66.77,3.01,47.06,-3.91,5.47,7.03,-,1.15,4,26.74,201.74,-5.83,-35.21,26,0.08,5.3,34,15.61,11.24,8.89,8.24,44.09,31.76,0.31,0.75,6.27,1757,48.93,48,15.69,21,26.47,11.24,8.89,31.76,9.3,1625.4,1145.78,479.62,-9.49,14.12,14.3,48
Mon Sep 26 07:03:00 GMT-03:00 2022,26-Sep-2022 07:03:00.417,-35.211457545533996,-5.82971675540683,13.553441047668457,4.0,26.933742512129566,201.53195190429688,-1.24,4.85,7.65,-0.01,19.22,0,0.02,0.1,-0.08,29.02,15.29,14.7,19.61,90,22.01,1012.46,14.65,637.1,1,338.64,230,0,84,3.96,53.33,36.08,1356.5,19.61,66.84,3.42,47.06,-3.12,0,1.56,-,1.15,4,26.93,201.53,-5.83,-35.21,27,0.93,5.3,34,14.03,11.25,8.89,9.36,39.64,31.77,0.41,0.75,9.02,1757,48.79,48,18.82,13.5,26.47,11.25,8.89,31.77,9.33,1626.39,1146.78,479.62,-8.34,14.12,14.4,47
Mon Sep 26 07:03:01 GMT-03:00 2022,26-Sep-2022 07:03:01.418,-35.21150703347019,-5.829830703983033,13.64725399017334,4.0,27.250882167103022,205.66783142089844,-0.78,6.23,8.02,0.04,20.78,0.05,-0.14,0.11,-0.03,30.2,15.29,14.7,19.61,90,22.03,1012.45,14.65,639.3,1,338.7,230,0,84,4.68,69.02,54.51,1507.5,19.61,66.93,5,47.06,-3.12,0,1.56,-,1.15,4,27.25,205.67,-5.83,-35.21,26,0.13,6.28,34,9.59,11.24,8.89,13.69,27.1,31.76,0.1,0.75,10.98,1758,49.13,49,21.18,14,29.65,11.24,8.89,31.76,9.33,1627.43,1147.81,479.62,-4.94,14.04,14.4,51
Mon Sep 26 07:03:02 GMT-03:00 2022,26-Sep-2022 07:03:02.417,-35.211566391688805,-5.829941880889135,13.856255531311035,4.0,27.21358577628448,208.1651153564453,-2.46,6.54,8.18,0.09,20.78,0.09,-0.21,0.12,-0.01,30.2,15.29,14.7,19.61,90,22.05,1012.42,14.65,639.3,1,338.66,230,0,84,4.97,70.59,57.25,1635,19.61,67.03,5.5,47.06,-3.12,-1.56,3.12,-,1.16,4,27.21,208.17,-5.83,-35.21,29,0.12,6.66,34,8.91,11.24,8.89,15.05,25.17,31.76,0.18,0.77,10.98,1759,49.88,50,21.96,15,29.02,11.24,8.89,31.76,9.35,1628.39,1148.77,479.62,-5.05,14.12,14.4,55
Mon Sep 26 07:03:03 GMT-03:00 2022,26-Sep-2022 07:03:03.421,-35.2116274043022,-5.8300541702769735,14.121879577636719,4.0,27.26741139990111,203.8490447998047,-0.62,6.08,8.37,0.05,21.18,0.12,0.01,0.15,0.03,30.2,15.69,14.7,19.61,90,22.07,1012.43,14.65,643.4,1,338.61,230,0,84,5.08,72.16,58.82,1654,19.61,67.13,5.67,47.06,-2.34,0.78,2.34,-,1.16,4,27.27,203.85,-5.83,-35.21,28,0.16,6.82,34,8.82,11.24,8.9,15.52,24.9,31.75,0.16,0.76,11.37,1761,50.84,51,22.35,15,29.34,11.24,8.9,31.75,9.35,1629.42,1149.8,479.62,-5.52,14.12,14.3,56
Mon Sep 26 07:03:04 GMT-03:00 2022,26-Sep-2022 07:03:04.417,-35.21167499152626,-5.830178026324308,14.471817970275879,4.0,27.510403676626222,201.1304931640625,0.13,5.91,8.74,0.07,21.57,0.07,0.04,0.06,0.04,29.41,13.73,14.7,19.61,90,22.09,1012.37,14.65,643.4,1,335.73,230,0,84,4.31,65.1,58.82,1607.5,19.61,67.23,4.72,46.67,-2.34,0.78,2.34,-,1.16,4,27.51,201.13,-5.83,-35.21,28,0.1,5.78,34,10.81,11.24,8.9,12.91,30.53,31.75,0.16,0.76,11.76,1762,52.1,52,18.04,-2.5,25.61,11.24,8.9,31.75,9.38,1630.43,1150.81,479.62,-7.14,14.12,14.3,55
Mon Sep 26 07:03:05 GMT-03:00 2022,26-Sep-2022 07:03:05.418,-35.21172314552514,-5.8303043155780125,14.6795654296875,4.0,27.90952566945356,200.3878936767578,0.14,5.49,7.72,-0.04,14.9,0.1,-0.01,0.05,0.08,14.9,7.45,14.7,19.61,90,22.11,1012.38,14.65,646,1,335.72,230,0,84,4.31,24.71,27.06,1548,19.61,67.26,1.85,46.67,-3.12,7.03,2.34,-,1.16,4,27.91,200.39,-5.83,-35.21,27,1.85,5.78,34,28.17,11.25,8.89,5.05,79.59,31.79,0.19,0.75,5.1,1763,52.85,51,13.73,1.5,25.61,11.25,8.89,31.79,9.38,1631.43,1151.81,479.62,-11.63,14.04,14.3,46
Mon Sep 26 07:03:06 GMT-03:00 2022,26-Sep-2022 07:03:06.418,-35.211770443549554,-5.83042658131404,14.411901473999023,4.0,28.190884728081983,200.90538024902344,0.52,6.28,9.06,0.12,16.47,0.02,-0.04,0.05,-0.01,22.35,13.73,14.7,19.61,90,22.13,1012.33,14.65,646,1,336.1,230,0,84,4.31,65.88,52.94,1562.5,19.61,67.35,4.92,46.67,-4.69,7.03,7.81,-,1.16,4,28.19,200.91,-5.83,-35.21,25,1.88,5.78,34,10.36,11.25,8.89,13.47,29.26,31.79,0.4,0.75,6.67,1764,51.88,50,13.73,1.5,25.61,11.25,8.89,31.79,9.41,1632.4,1152.78,479.62,-6.28,14.06,14.4,49
Mon Sep 26 07:03:07 GMT-03:00 2022,26-Sep-2022 07:03:07.418,-35.211818344113134,-5.830547535840141,14.242300987243652,4.0,28.51381215564964,201.67962646484375,0.39,4.46,7.58,-0.11,19.61,-0.06,0.06,0.05,-0.11,25.1,12.94,14.7,19.61,90,22.15,1012.28,14.65,648.5,1,336.08,230,0,84,-,61.57,50.98,1603,19.61,67.42,4.67,46.67,-2.34,2.34,0.78,-,1.16,4,28.51,201.68,-5.83,-35.21,26,1.27,-,34,10.71,11.25,8.89,12.77,30.26,31.79,0.79,0.83,9.8,1765,51.27,50,20,14,-,11.25,8.89,31.79,9.41,1633.41,1153.79,479.62,-6.79,14.12,14.4,50
Mon Sep 26 07:03:08 GMT-03:00 2022,26-Sep-2022 07:03:08.418,-35.21186753752311,-5.830667989084745,14.18962287902832,4.0,28.511534466312984,202.4840850830078,0.03,5.96,8.12,0.02,20,-0.04,0.01,0,-0.06,22.35,7.45,14.7,19.61,90,22.15,1012.27,14.65,648.5,1,336.08,230,0,84,-,61.57,50.2,1603,19.61,67.42,4.67,46.67,-2.34,0.78,3.12,-,1.16,4,28.51,202.48,-5.83,-35.21,24,1.27,-,34,10.71,11.25,8.89,12.77,30.26,31.79,0.14,0.81,10.2,1766,51.08,50,20,15.5,-,11.25,8.89,31.79,9.44,1634.42,1154.8,479.62,-6.79,14.06,14.3,50
Mon Sep 26 07:03:09 GMT-03:00 2022,26-Sep-2022 07:03:09.419,-35.21191811135094,-5.830786360744466,14.270392417907715,4.0,28.451204961138618,203.2210235595703,-0.71,5.05,7.84,-0.05,14.12,-0.05,0.01,-0.02,-0.05,14.9,7.45,14.7,19.61,90,22.18,1012.27,14.65,651.2,1,336.07,230,0,84,2.51,41.57,18.04,1688,19.61,67.49,3.3,46.67,-3.91,0.78,2.34,-,1.16,4,28.45,203.22,-5.83,-35.21,25,0.08,3.37,34,15.17,11.26,8.88,9.02,42.85,31.79,0.07,0.78,4.31,1767,51.37,51,14.9,0,14.22,11.26,8.88,31.79,9.44,1635.42,1155.8,479.62,-9.24,14.12,14.4,46
Mon Sep 26 07:03:10 GMT-03:00 2022,26-Sep-2022 07:03:10.420,-35.21197046949166,-5.830903503375043,14.111169815063477,4.0,28.33502421347301,203.1446990966797,0.34,5.74,9.05,0.09,13.33,-0.03,0,-0.05,-0.01,14.9,7.45,14.7,19.61,90,22.2,1012.25,14.65,651.2,1,336.16,230,0,84,2.51,18.43,16.47,1636,19.61,67.51,1.45,46.67,-4.69,1.56,0.78,-,1.16,4,28.34,203.14,-5.83,-35.21,26,1.37,3.37,34,35.15,11.27,8.87,3.97,99.29,31.84,0.8,0.77,3.53,1767,50.8,50,13.73,-4,14.22,11.27,8.87,31.84,9.47,1636.41,1156.79,479.62,-12.39,14.12,14.4,39
Mon Sep 26 07:03:11 GMT-03:00 2022,26-Sep-2022 07:03:11.417,-35.21201669126171,-5.831021086256376,13.865666389465332,4.0,28.987199041685123,201.56358337402344,-0.77,5.15,8.26,-0.01,13.33,0.05,0,0.05,0.03,14.9,7.45,29.4,19.61,90,22.22,1012.18,14.65,651.6,2,336.69,230,0,84,2.51,19.22,16.47,1488,19.61,67.53,1.42,46.67,-4.69,0,0,-,1.16,4,28.99,201.56,-5.83,-35.21,26,1.8,3.37,35,35.26,11.29,8.86,3.88,99.61,31.9,0.01,0.76,3.14,1768,49.92,49,13.73,-8.5,14.22,11.29,8.86,31.9,9.47,1637.42,1157.8,479.62,-12.37,14.12,14.4,33
Mon Sep 26 07:03:12 GMT-03:00 2022,26-Sep-2022 07:03:12.417,-35.21205913152141,-5.831136493476712,13.436960220336914,4.0,29.13167988043934,200.10462951660156,0.57,5.19,8.63,-0.03,13.33,-0.02,0.04,0.07,-0.08,14.9,7.45,15.84,19.61,90,22.23,1012.24,14.65,651.2,1.08,337.23,230,0,84,-,21.96,15.69,1337,19.61,67.56,1.21,46.67,-3.91,0,0,-,1.16,4,29.13,200.1,-5.83,-35.21,24,2.37,-,35,40.63,11.29,8.86,3.3,114.77,31.9,0.02,0.01,3.14,1770,48.37,46,15.29,6,-,11.29,8.86,31.9,9.5,1638.41,1158.79,479.62,-12.51,14.1,14.3,28
Mon Sep 26 07:03:13 GMT-03:00 2022,26-Sep-2022 07:03:13.421,-35.21210000719413,-5.8312494939056645,13.0927734375,4.0,29.020244368569838,198.8689422607422,-0.44,5.79,8.48,0.05,14.51,0,0.04,0.01,-0.01,21.18,9.8,15.84,19.61,90,22.25,1012.22,14.65,651.2,1.08,337.25,230,0,84,-,20.39,22.75,1273.5,19.61,67.58,1.1,46.67,-3.91,0,0,-,1.17,4,29.02,198.87,-5.83,-35.21,26,1.13,-,35,41.68,11.29,8.86,3.02,117.73,31.9,0.88,0.09,4.71,1771,47.13,46,13.33,-7,-,11.29,8.86,31.9,9.5,1639.42,1159.8,479.62,-12.47,14.08,14.3,25
Mon Sep 26 07:03:14 GMT-03:00 2022,26-Sep-2022 07:03:14.418,-35.21213445558562,-5.83136065590319,12.94343376159668,4.0,29.334622364926393,197.57196044921875,-0.48,4.88,8.34,-0.02,12.94,-0.01,-0.01,-0.04,0,14.9,7.45,13.31,19.61,90,22.27,1012.26,14.65,651.2,0.91,337.28,230,0,84,-,19.61,16.08,1323,19.61,67.6,1.27,46.67,-5.47,0,0,-,1.17,4,29.33,197.57,-5.83,-35.21,26,2.6,-,35,36.27,11.29,8.85,3.47,102.46,31.9,0.88,0.09,3.14,1772,46.6,44,13.33,-10.5,-,11.29,8.85,31.9,9.52,1640.4,1160.78,479.62,-12.02,14.08,14.4,23
Mon Sep 26 07:03:15 GMT-03:00 2022,26-Sep-2022 07:03:15.417,-35.21216174093866,-5.83147351083536,12.789629936218262,4.0,29.222439698391234,196.23648071289062,-0.73,4.79,9.02,0.04,12.94,0.06,0.04,-0.06,0.1,14.9,7.45,29.4,19.61,90,22.27,1012.24,14.65,650.1,2,337.3,230,0,84,-,19.61,16.86,1047,19.61,67.62,0.92,46.67,-5.47,0,0,-,1.17,4,29.22,196.24,-5.83,-35.21,25,2.6,-,35,47.77,11.29,8.85,2.52,134.96,31.9,0.01,0.1,3.14,1773,46.04,44,13.33,-10.5,-,11.29,8.85,31.9,9.52,1641.4,1161.78,479.62,-12.81,14.08,14.4,20
Mon Sep 26 07:03:16 GMT-03:00 2022,26-Sep-2022 07:03:16.418,-35.21218916499352,-5.831577213187014,11.892918586730957,4.0,29.2526944849842,194.8585205078125,0.32,5.28,8.12,-0.01,12.55,0.04,0.07,0.06,0.01,14.9,7.45,13.41,19.61,90,22.28,1012.26,14.65,649.1,0.91,337.3,230,0,84,-,19.22,14.9,1047,19.61,67.62,0.92,46.67,-7.03,0,0,-,1.17,4,29.25,194.86,-5.83,-35.21,24,5.04,-,35,47.77,11.29,8.85,2.52,134.96,31.9,0.88,0.06,2.75,1774,42.81,41,12.94,6,-,11.29,8.85,31.9,9.55,1642.39,1162.77,479.62,-12.81,14.08,14.3,20
Mon Sep 26 07:03:17 GMT-03:00 2022,26-Sep-2022 07:03:17.421,-35.212211855092924,-5.831673675778231,11.148664474487305,4.0,29.251281568252633,193.03973388671875,-0.35,5.74,8.01,0,18.43,0.14,0.15,0.26,-0.04,22.75,11.76,13.25,19.61,90,22.29,1012.29,14.65,649.1,0.9,337.33,230,0,84,-,19.22,34.9,1032.5,19.61,67.64,0.96,46.67,-7.03,0,0,-,1.17,4,29.25,193.04,-5.83,-35.21,25,3.81,-,35,42.66,11.3,8.85,2.63,120.5,31.91,0.83,0.09,2.35,1774,40.14,39,12.94,3.5,-,11.3,8.85,31.91,9.55,1643.4,1163.79,479.62,-12.22,14.08,14.4,19
Mon Sep 26 07:03:18 GMT-03:00 2022,26-Sep-2022 07:03:18.417,-35.2122332950855,-5.8317673438136834,10.914102554321289,4.0,29.223150965880848,192.9121856689453,-0.03,6.23,7.45,-0.01,19.61,0,0.02,0.09,-0.08,27.84,11.76,13.65,19.61,90,22.31,1012.29,14.65,644.1,0.93,340.19,230,0,84,-,49.02,34.9,1650.5,19.61,67.71,3.56,47.06,-2.34,0,0,-,1.17,4,29.22,192.91,-5.83,-35.21,24,0.29,-,35,10.96,11.29,8.85,9.74,30.95,31.91,0.8,0.12,9.8,1775,39.29,39,18.82,21,-,11.29,8.85,31.91,9.57,1644.41,1164.79,479.62,-5.54,14.08,14.4,30
Mon Sep 26 07:03:19 GMT-03:00 2022,26-Sep-2022 07:03:19.418,-35.212255864217255,-5.83186167972899,11.112845420837402,4.0,29.37563094149745,193.1641387939453,0.15,6.09,8.09,0.03,19.61,0.03,-0.03,0.07,-0.01,27.84,14.12,13.65,19.61,90,22.32,1012.23,14.65,644.1,0.93,340.18,230,0,84,7.16,64.31,47.06,1909.5,19.61,67.81,5.84,47.06,-2.34,0,0,-,1.17,4,29.38,193.16,-5.83,-35.21,24,0.99,9.6,35,6.68,11.29,8.86,15.97,18.88,31.9,0.85,0.82,9.8,1776,40.01,41,21.18,15,35.78,11.29,8.86,31.9,9.57,1645.4,1165.78,479.62,-5.31,14.12,14.4,38
Mon Sep 26 07:03:20 GMT-03:00 2022,26-Sep-2022 07:03:20.420,-35.212280764406884,-5.831961466377229,11.524242401123047,4.0,29.331795823517627,193.52073669433594,0.23,5.85,8.02,0.01,20.78,0.03,0.05,0.12,-0.05,28.63,14.51,14.5,19.61,90,22.34,1012.25,14.65,638,0.99,340.08,230,0,84,7.96,66.67,55.29,1590,19.61,67.92,5.03,47.06,-2.34,-0.78,0.78,-,1.17,4,29.33,193.52,-5.83,-35.21,25,1.51,10.68,35,8.15,11.29,8.86,13.77,23.01,31.89,0.1,0.82,10.98,1778,41.49,43,20.78,15,47.81,11.29,8.86,31.89,9.59,1646.41,1166.8,479.62,-7.69,14.12,14.3,40
Mon Sep 26 07:03:21 GMT-03:00 2022,26-Sep-2022 07:03:21.419,-35.21230693988885,-5.832067379965033,12.096270561218262,4.0,29.36136421869086,192.68768310546875,0.24,5.56,8,-0.01,20.78,0,-0.03,0.09,-0.08,29.8,15.29,14.7,19.61,90,22.35,1012.21,14.65,638,1,340.01,230,0,84,4.29,69.02,56.08,1645.5,19.61,68.01,5.4,47.06,-2.34,0.78,0.78,-,1.17,4,29.36,192.69,-5.83,-35.21,24,0.45,5.75,34,7.97,11.29,8.86,14.77,22.5,31.88,0.1,0.81,10.59,1779,43.55,44,20.78,15,24.87,11.29,8.86,31.88,9.59,1647.39,1167.78,479.62,-5.68,14.12,14.4,45
Mon Sep 26 07:03:22 GMT-03:00 2022,26-Sep-2022 07:03:22.417,-35.21233199803153,-5.83217912366204,12.556525230407715,4.0,29.370726166393116,191.8762969970703,-0.91,7.07,9.38,0.2,20.78,0.01,-0.01,0.05,-0.02,29.8,15.29,14.7,19.61,90,22.37,1012.23,14.65,635.1,1,337.1,230,0,84,8.71,69.02,56.86,1624,19.61,68.11,5.3,46.67,-2.34,0.78,-1.56,-,1.17,4,29.37,191.88,-5.83,-35.21,24,0.8,11.68,34,8.31,11.28,8.86,14.49,23.47,31.88,0.47,0.77,10.98,1780,45.2,46,21.57,15.5,51.22,11.28,8.86,31.88,9.62,1648.4,1168.78,479.62,-6.18,14.12,14.4,48
Mon Sep 26 07:03:23 GMT-03:00 2022,26-Sep-2022 07:03:23.419,-35.21235528168012,-5.8322944937575905,13.022046089172363,4.0,29.442583628568343,190.81973266601562,-0.46,5.47,7.72,-0.04,21.57,0.08,0.08,0.08,0.04,30.98,15.69,14.7,19.61,90,22.37,1012.21,14.65,636.5,1,337.1,230,0,84,8.71,70.2,61.18,1624,19.61,68.11,5.3,46.67,-2.34,1.56,1.56,-,1.17,4,29.44,190.82,-5.83,-35.21,24,0.8,11.68,34,8.31,11.28,8.86,14.49,23.47,31.88,0.52,0.75,11.76,1780,46.88,46,22.35,15,51.22,11.28,8.86,31.88,9.62,1649.4,1169.79,479.62,-6.18,14,14.3,48
Mon Sep 26 07:03:24 GMT-03:00 2022,26-Sep-2022 07:03:24.418,-35.21237610143409,-5.83241071072241,13.365581512451172,4.0,29.59774389281347,189.67921447753906,0.9,4.87,8.89,0.03,22.75,-0.08,0.07,0.05,-0.14,30.98,16.08,14.7,19.61,90,22.39,1012.2,14.65,636.5,1,337.03,230,0,84,7.95,75.29,61.18,1634.5,19.61,68.23,5.88,46.67,-2.34,1.56,3.12,-,1.18,4,29.6,189.68,-5.83,-35.21,26,1.12,10.66,34,7.83,11.28,8.86,16.08,22.11,31.87,0.2,0.75,12.94,1781,48.12,48,23.14,14,46.46,11.28,8.86,31.87,9.64,1650.3,1170.68,479.62,-5.12,14.06,14.3,52
Mon Sep 26 07:03:25 GMT-03:00 2022,26-Sep-2022 07:03:25.418,-35.21239376380063,-5.832532253280721,13.679186820983887,4.0,29.81603143765574,188.22897338867188,-0.33,5.94,7.53,-0.02,22.75,0,0.02,0.06,-0.05,30.98,16.08,14.7,19.61,90,22.41,1012.18,14.65,642.7,1,336.96,230,0,84,4.67,76.86,62.35,1661.5,19.61,68.34,5.99,46.67,-2.34,-1.56,-3.12,-,1.18,4,29.82,188.23,-5.83,-35.21,28,0.25,6.27,33,8.02,11.28,8.87,16.38,22.65,31.86,0.75,0.76,12.94,1782,49.25,49,23.14,14,26.85,11.28,8.87,31.86,9.64,1651.39,1171.77,479.62,-5.01,14.08,14.3,56
Mon Sep 26 07:03:26 GMT-03:00 2022,26-Sep-2022 07:03:26.418,-35.21240876680212,-5.832656716388005,14.02228832244873,4.0,30.071926254594615,186.65206909179688,0.27,6.28,7.32,-0.02,22.75,0.04,0.04,0.06,0,31.37,16.08,14.7,19.61,90,22.43,1012.11,14.65,642.7,1,336.88,230,0,84,9.65,76.86,63.14,1681.5,19.61,68.45,6.12,46.67,-2.34,-3.91,-1.56,-,1.18,4,30.07,186.65,-5.83,-35.21,28,0.52,12.94,33,8.01,11.28,8.87,16.74,22.62,31.86,0.12,0.76,12.94,1783,50.48,51,24.31,14,54.79,11.28,8.87,31.86,9.67,1652.42,1172.8,479.62,-4.99,14.06,14.3,58
Mon Sep 26 07:03:27 GMT-03:00 2022,26-Sep-2022 07:03:27.418,-35.21242161315191,-5.832781901700248,14.2844820022583,4.0,30.29608176987697,185.63742065429688,-0.46,5.43,7.37,-0.07,23.92,-0.06,0.03,0.03,-0.1,31.37,16.08,14.7,19.61,90,22.45,1012.06,14.65,647.2,1,336.81,230,0,84,4.94,76.86,64.31,1760.5,19.61,68.57,6.34,46.67,-2.34,-3.12,-4.69,-,1.18,4,30.3,185.64,-5.83,-35.21,29,0.58,6.63,33,8.04,11.27,8.87,17.36,22.71,31.85,0.74,0.79,14.12,1785,51.42,52,24.31,15.5,26.8,11.27,8.87,31.85,9.67,1653.41,1173.79,479.62,-4.75,14.06,14.3,60
Mon Sep 26 07:03:28 GMT-03:00 2022,26-Sep-2022 07:03:28.419,-35.212433671110716,-5.832909725241529,14.609829902648926,4.0,30.582459965436616,185.14984130859375,0.73,5.87,8.25,0.03,22.75,0.04,0.11,0.09,-0.01,30.98,15.69,14.7,19.61,90,22.47,1012.04,14.65,647.2,1,336.74,230,0,84,4.94,72.55,61.96,1738,19.61,68.65,5.72,46.67,-2.34,-5.47,-4.69,-,1.18,4,30.58,185.15,-5.83,-35.21,24,0.4,6.63,33,9.09,11.27,8.87,15.66,25.67,31.84,0.74,0.77,12.94,1786,52.6,53,21.96,16.5,26.8,11.27,8.87,31.84,9.7,1654.4,1174.78,479.62,-6.12,14.06,14.4,60
Mon Sep 26 07:03:29 GMT-03:00 2022,26-Sep-2022 07:03:29.419,-35.212445147644935,-5.833043702369687,14.94325065612793,4.0,30.589409448642428,184.4757843017578,1.02,5.57,8.01,-0,20.78,-0.04,-0.07,0.01,-0.07,29.8,15.29,14.7,19.61,90,22.5,1012.02,14.65,647.2,1,336.69,230,0,84,5.5,68.63,58.43,1676,19.61,68.76,5.23,46.67,-2.34,-3.91,-3.91,-,1.19,4,30.59,184.48,-5.83,-35.21,25,0.2,7.38,33,10.14,11.27,8.87,14.3,28.65,31.84,0.16,0.77,10.98,1787,53.8,54,21.96,18.5,31.34,11.27,8.87,31.84,9.7,1655.37,1175.75,479.62,-6.76,14.12,14.4,58
Mon Sep 26 07:03:30 GMT-03:00 2022,26-Sep-2022 07:03:30.417,-35.21245326971134,-5.8331793734297825,15.08723258972168,4.0,30.962018672576445,183.40264892578125,-0.46,6.44,8.08,0.05,20.78,0.1,0,0.09,0.06,29.41,14.9,14.7,19.61,90,22.5,1011.94,14.65,658.1,1,336.67,230,0,84,5.5,68.63,56.47,1676,19.61,68.87,5.32,46.67,-2.34,-3.91,-2.34,-,1.19,4,30.96,183.4,-5.83,-35.21,22,0.2,7.38,33,10.15,11.27,8.87,14.55,28.69,31.84,0.13,0.77,10.98,1788,54.31,54,21.18,18.5,31.34,11.27,8.87,31.84,9.73,1656.42,1176.8,479.62,-6.32,14.08,14.3,58
Mon Sep 26 07:03:31 GMT-03:00 2022,26-Sep-2022 07:03:31.417,-35.21245986014353,-5.833317703410036,15.173133850097656,4.0,31.370338652335278,181.6787872314453,0.13,6.55,9,0.13,20.78,-0.01,0.04,0.1,-0.1,29.02,14.9,14.7,19.61,90,22.54,1011.93,14.65,658.1,1,336.64,230,0,84,5.5,65.49,55.29,1807.5,19.61,68.94,5.43,46.67,-2.34,-2.34,-0.78,-,1.19,4,31.37,181.68,-5.83,-35.21,21,0.38,7.38,33,9.94,11.27,8.87,14.86,28.09,31.84,0.44,0.75,10.98,1789,54.62,55,21.18,19.5,31.34,11.27,8.87,31.84,9.73,1657.43,1177.81,479.62,-6.54,14.08,14.3,57
Mon Sep 26 07:03:32 GMT-03:00 2022,26-Sep-2022 07:03:32.419,-35.212461342382504,-5.833456833281689,15.32742977142334,4.0,31.82242410494872,180.09385681152344,0.04,6.56,7.7,0.03,20.39,0.09,0.06,0.11,0.03,27.45,14.12,14.7,19.61,90,22.54,1011.86,14.65,658.1,1,336.61,230,0,84,5.5,65.49,52.16,1894,19.61,69.03,5.13,46.67,-2.34,-4.69,-3.12,-,1.19,4,31.82,180.09,-5.83,-35.21,21,0.38,7.38,33,10.71,11.27,8.87,14.05,30.26,31.84,0.12,0.75,10.59,1790,55.18,55,21.18,20,31.34,11.27,8.87,31.84,9.76,1658.43,1178.81,479.62,-7.2,14.12,14.4,55
Mon Sep 26 07:03:33 GMT-03:00 2022,26-Sep-2022 07:03:33.422,-35.21246110694461,-5.833598817599229,15.454086303710938,4.0,32.33168233204515,179.30308532714844,-0.72,4.91,7.43,-0.09,15.29,-0.02,0.08,-0.01,-0.02,14.9,7.45,14.7,19.61,90,22.57,1011.83,14.65,665.6,1,336.6,230,0,84,3.04,58.04,25.1,1894,19.61,69.06,1.89,46.67,-3.12,-3.12,-3.91,-,1.19,4,32.33,179.3,-5.83,-35.21,24,0.18,4.07,33,29.16,11.28,8.86,5.16,82.39,31.87,0.6,0.74,5.49,1791,55.63,55,18.82,6,15.31,11.28,8.86,31.87,9.76,1659.43,1179.81,479.62,-12.04,14.12,14.4,46
Mon Sep 26 07:03:34 GMT-03:00 2022,26-Sep-2022 07:03:34.417,-35.21245828904348,-5.833737352718048,15.263358116149902,4.0,32.865009133734425,177.99114990234375,0.22,6.74,8.6,0.11,22.35,-0.06,0.05,0.05,-0.12,29.02,15.69,14.7,19.61,90,22.59,1011.78,14.65,665.6,1,336.6,230,0,84,3.04,20,52.94,1863.5,19.61,69.06,1.89,46.67,-3.91,-0.78,0.78,-,1.19,4,32.87,177.99,-5.83,-35.21,24,2.63,4.07,33,29.16,11.28,8.86,5.16,82.39,31.87,0.08,0.73,12.55,1792,54.95,53,14.12,4.5,15.31,11.28,8.86,31.87,9.79,1660.4,1180.79,479.62,-12.04,14.06,14.4,46
Mon Sep 26 07:03:35 GMT-03:00 2022,26-Sep-2022 07:03:35.417,-35.21245129859187,-5.833872148129912,14.896010398864746,4.0,33.22461342159228,177.0263214111328,-2.35,5.02,6.85,-0.1,20,-0.04,0,0.06,-0.1,25.1,12.94,14.7,19.61,90,22.61,1011.77,14.65,668.5,1,334.16,230,0,84,3.04,65.88,45.88,1982,19.61,69.18,6.32,46.27,-2.34,-2.34,-3.91,-,1.19,4,33.22,177.03,-5.83,-35.21,24,1.95,4.07,33,8.38,11.28,8.86,17.3,23.68,31.87,0.73,0.73,10.2,1792,53.63,53,21.57,18,15.31,11.28,8.86,31.87,9.79,1661.42,1181.8,479.62,-5.75,14.12,14.3,49
Mon Sep 26 07:03:36 GMT-03:00 2022,26-Sep-2022 07:03:36.418,-35.21244104698316,-5.83400622276642,14.969449043273926,4.0,33.560870219259044,175.1693115234375,0.23,5.54,8.39,0.09,20,0.09,0.1,0.05,0.06,25.1,12.94,14.7,19.61,90,22.64,1011.77,14.65,668.5,1,334.1,230,0,84,-,24.71,45.88,1962.5,19.61,69.23,2.39,46.27,-4.69,2.34,3.12,-,1.19,4,33.56,175.17,-5.83,-35.21,24,0.89,-,33,22.14,11.29,8.86,6.55,62.54,31.89,0.16,0.71,10.2,1794,53.89,53,14.12,4.5,-,11.29,8.86,31.89,9.82,1662.38,1182.76,479.62,-11.48,14.14,14.3,42
Mon Sep 26 07:03:37 GMT-03:00 2022,26-Sep-2022 07:03:37.416,-35.21242666619809,-5.834140954526546,14.845383644104004,4.0,33.58456461030881,174.01364135742188,0.32,6.41,10.43,0.25,13.73,0.06,0,0.05,0.04,14.9,7.45,14.7,19.61,90,22.66,1011.77,14.65,670,1,334.34,230,0,84,-,15.29,13.73,1948.5,19.61,69.26,1.48,46.27,-4.69,0,0,-,1.19,4,33.58,174.01,-5.83,-35.21,25,2.44,-,33,35.81,11.29,8.86,4.05,101.15,31.89,0.02,0.71,3.53,1795,53.44,51,13.73,0.5,-,11.29,8.86,31.89,9.82,1663.31,1183.69,479.62,-12.67,14.14,14.4,35
Mon Sep 26 07:03:38 GMT-03:00 2022,26-Sep-2022 07:03:38.416,-35.21241017233785,-5.8342717442353775,14.47433090209961,4.0,33.69098716464299,173.22470092773438,-0.28,6.21,8.93,0.11,13.73,0.01,0,0.03,0,14.9,7.45,29.4,19.61,90,22.68,1011.79,14.65,670,2,334.36,230,0,84,-,18.82,14.12,1928.5,19.61,69.29,1.49,46.27,-4.69,0,0,-,1.19,4,33.69,173.22,-5.83,-35.21,26,2.11,-,34,34.2,11.31,8.84,4.08,96.62,31.94,0.02,0.71,3.53,1796,52.11,50,13.73,32,-,11.31,8.84,31.94,9.85,1664.38,1184.76,479.62,-12.64,14.14,14.3,30
Mon Sep 26 07:03:39 GMT-03:00 2022,26-Sep-2022 07:03:39.418,-35.21239160126465,-5.83439612710175,14.07517147064209,4.0,33.67165863246225,172.8488311767578,-0.4,4.77,8.06,-0.05,13.73,0.03,0,-0.04,0.05,14.9,7.45,14.23,19.61,90,22.7,1011.82,14.65,670.1,0.97,334.86,230,0,84,-,18.82,16.08,1758,19.61,69.31,1.47,46.27,-3.91,0,0,-,1.2,4,33.67,172.85,-5.83,-35.21,26,1.67,-,34,34.03,11.32,8.83,4.02,96.14,31.99,0.06,0.04,3.53,1797,50.67,49,14.9,32,-,11.32,8.83,31.99,9.85,1665.4,1185.78,479.62,-12.64,14.08,14.3,26
Mon Sep 26 07:03:40 GMT-03:00 2022,26-Sep-2022 07:03:40.418,-35.212374793402994,-5.834519635762463,13.839157104492188,4.0,33.61360133900819,172.8743896484375,0.19,5.67,7.86,-0.01,13.73,0.04,0.02,0.13,-0.04,14.9,7.45,13.34,19.61,90,22.71,1011.84,14.65,670.1,0.91,335.35,230,0,84,-,23.53,15.29,1655,19.61,69.34,1.52,46.27,-4.69,0,0,-,1.2,4,33.61,172.87,-5.83,-35.21,27,2.82,-,34,32.23,11.34,8.82,4.16,91.04,32.03,0.88,0.09,3.53,1798,49.82,47,14.12,-5.5,-,11.34,8.82,32.03,9.88,1666.42,1186.81,479.62,-12.37,14.12,14.4,23
Mon Sep 26 07:03:41 GMT-03:00 2022,26-Sep-2022 07:03:41.417,-35.21235687082624,-5.834643316692039,13.449785232543945,4.0,33.42001121601152,171.6429443359375,-0.51,5.54,7.97,-0.01,19.61,-0.01,0.05,0.07,-0.08,25.49,12.94,14,19.61,90,22.71,1011.83,14.65,668.6,0.95,335.35,230,0,84,-,23.53,52.55,1655,19.61,69.34,1.52,46.27,-2.34,0,0,-,1.2,4,33.42,171.64,-5.83,-35.21,26,2.82,-,34,32.23,11.34,8.82,4.16,91.04,32.03,0.06,0.06,9.8,1798,48.42,47,20.78,9,-,11.34,8.82,32.03,9.88,1667.43,1187.81,479.62,-12.37,14.06,14.4,23
Mon Sep 26 07:03:42 GMT-03:00 2022,26-Sep-2022 07:03:42.418,-35.21233709980785,-5.83476622695466,13.640416145324707,4.0,33.28020377125272,169.97608947753906,0.62,5.89,8.09,0.02,19.61,0.01,0.07,0.07,-0.03,25.1,12.94,13.67,19.61,90,22.73,1011.82,14.65,665.8,0.93,335.81,231,0,84,-,62.35,52.55,1574,19.61,69.44,4.66,46.27,-2.34,0,0,-,1.2,4,33.28,169.98,-5.83,-35.21,24,0.58,-,33,10.09,11.34,8.82,12.74,28.51,32.03,0.85,0.18,9.8,1799,49.11,49,20,15.5,-,11.34,8.82,32.03,9.9,1668.4,1188.78,479.62,-7.24,14.08,14.3,30
Mon Sep 26 07:03:43 GMT-03:00 2022,26-Sep-2022 07:03:43.419,-35.21231285595108,-5.834889709056986,14.012601852416992,4.0,33.13113318853337,169.2963104248047,-0.02,5.72,8.96,0.08,19.61,0.01,0.04,0.01,0.01,25.1,12.94,14.7,19.61,90,22.75,1011.84,14.65,665.8,1,335.78,231,0,84,5.4,60.78,52.55,1536.5,19.61,69.51,4.6,46.27,-3.12,-1.56,-0.78,-,1.2,4,33.13,169.3,-5.83,-35.21,26,0.89,7.24,33,10.66,11.34,8.82,12.58,30.11,32.03,0.41,0.82,5.1,1800,50.45,50,18.04,17,33.53,11.34,8.82,32.03,9.9,1669.39,1189.77,479.62,-6.99,14.08,14.3,35
Mon Sep 26 07:03:44 GMT-03:00 2022,26-Sep-2022 07:03:44.417,-35.21228669945947,-5.835015500260124,14.17909049987793,4.0,32.98211537901737,168.6520233154297,0.15,5.54,7.01,-0.06,17.25,-0.06,0.04,0,-0.08,14.9,7.45,14.7,19.61,90,22.77,1011.83,14.65,662.4,1,335.77,231,0,84,4.63,32.94,28.24,1385.5,19.61,69.56,2.27,46.27,-3.12,3.91,3.12,-,1.2,4,32.98,168.65,-5.84,-35.21,24,0.04,6.21,34,22,11.35,8.81,6.22,62.13,32.05,0.56,0.79,7.45,1801,51.04,51,18.43,12.5,31.93,11.35,8.81,32.05,9.93,1670.4,1190.78,479.62,-10.77,14.08,14.3,33
Mon Sep 26 07:03:45 GMT-03:00 2022,26-Sep-2022 07:03:45.418,-35.21225933817099,-5.835139995448971,14.261771202087402,4.0,32.89978346997124,167.56304931640625,-0.25,5.84,8.13,0.02,17.25,-0.03,0.03,0,-0.04,21.57,11.37,14.7,19.61,90,22.79,1011.88,14.65,662.4,1,336,231,0,84,4.63,40,43.53,1379.5,19.61,69.6,3.28,46.27,-3.91,-2.34,-3.12,-,1.2,4,32.9,167.56,-5.84,-35.21,22,0.34,6.21,34,15.56,11.35,8.81,8.97,43.95,32.06,0.47,0.77,7.45,1802,51.34,51,14.51,-4,31.93,11.35,8.81,32.06,9.93,1671.43,1191.81,479.62,-8.42,14.12,14.4,35
Mon Sep 26 07:03:46 GMT-03:00 2022,26-Sep-2022 07:03:46.417,-35.21222992625292,-5.835263447066422,14.224906921386719,6.0,32.8513012433706,167.17848205566406,-0.22,5.61,9.35,0.11,12.94,0.02,0,0.02,0.01,14.9,7.45,14.7,19.61,90,22.81,1011.87,14.65,662.4,1,336.09,231,0,84,4.63,20.78,18.82,1304,19.61,69.63,1.2,46.27,-5.47,-1.56,-2.34,-,1.2,6,32.85,167.18,-5.84,-35.21,23,1.21,6.21,34,42.67,11.35,8.81,3.27,120.55,32.06,0.84,0.76,3.14,1804,51.21,50,13.33,-6,31.93,11.35,8.81,32.06,9.96,1672.33,1192.71,479.62,-12.37,14.08,14.3,30
Mon Sep 26 07:03:47 GMT-03:00 2022,26-Sep-2022 07:03:47.420,-35.21220122636751,-5.835387246036435,14.042744636535645,6.0,32.61291776130302,167.34909057617188,0.4,4.87,8.55,0,12.94,0.06,0.07,-0.04,0.02,14.9,7.45,14.7,19.61,90,22.83,1011.87,14.65,660.9,1,336.11,231,0,84,-,18.82,15.69,1323.5,19.61,69.65,1.18,46.27,-5.47,0,0,-,1.2,6,32.61,167.35,-5.84,-35.21,22,1.55,-,34,42.23,11.35,8.81,3.24,119.28,32.06,0,0.76,3.14,1805,50.55,49,13.33,-10.5,-,11.35,8.81,32.06,9.96,1673.4,1193.78,479.62,-12.26,14.12,14.3,27
Mon Sep 26 07:03:48 GMT-03:00 2022,26-Sep-2022 07:03:48.417,-35.21217255131577,-5.835509320489678,13.89305305480957,6.0,32.96769690485354,167.30059814453125,-0.06,6.29,8.44,0.07,12.94,0.06,0,0.11,0,14.9,7.45,29.4,19.61,90,22.85,1011.83,14.65,660.9,2,336.14,231,0,84,-,40.78,16.47,1387.5,19.61,69.67,1.25,46.27,-5.47,0,0,-,1.2,6,32.97,167.3,-5.84,-35.21,22,3.01,-,34,39.32,11.35,8.81,3.41,111.07,32.06,0.06,0.05,3.14,1806,50.01,47,19.22,6,-,11.35,8.81,32.06,9.99,1674.42,1194.8,479.62,-12.17,14.12,14.4,24
Mon Sep 26 07:03:49 GMT-03:00 2022,26-Sep-2022 07:03:49.418,-35.21214468164037,-5.835627179848584,13.553054809570312,6.0,33.413714433815365,167.18861389160156,0.78,5.61,7.44,-0.05,18.82,0.03,0.04,0.06,0,23.53,12.16,14.44,19.61,90,22.87,1011.88,14.65,660.9,0.98,333.31,231,0,84,-,53.33,51.76,1427,19.61,69.73,3.47,45.88,-3.12,0,0,-,1.2,6,33.41,167.19,-5.84,-35.21,25,0.79,-,34,13.55,11.35,8.81,9.49,38.28,32.07,0.06,0.05,9.02,1807,48.79,48,19.22,-1.5,-,11.35,8.81,32.07,9.99,1675.39,1195.77,479.62,-8.07,14.12,14.4,29
Mon Sep 26 07:03:50 GMT-03:00 2022,26-Sep-2022 07:03:50.418,-35.212116240776226,-5.8357466671181815,13.433154106140137,6.0,33.62672781655177,167.5143280029297,0.21,4.19,7.33,-0.14,14.12,-0.03,0.12,-0.02,-0.03,14.9,7.45,14.48,19.61,90,22.89,1011.84,14.65,656.6,0.98,333.36,231,0,84,-,53.33,25.49,1328,19.61,69.76,1.25,45.88,-3.12,0,0,-,1.2,6,33.63,167.51,-5.84,-35.21,22,1.36,-,34,38.52,11.35,8.81,3.41,108.8,32.07,0.86,0.83,4.31,1808,48.36,47,16.86,-1.5,-,11.35,8.81,32.07,10.01,1676.34,1196.72,479.62,-12.35,14.08,14.3,26
Mon Sep 26 07:03:51 GMT-03:00 2022,26-Sep-2022 07:03:51.417,-35.212089158919746,-5.835867682441285,13.21694564819336,6.0,33.654440211554466,168.04318237304688,-0.11,5.28,7.92,-0.03,13.33,-0.01,-0.01,0,-0.01,14.9,7.45,14.7,19.61,90,22.89,1011.82,14.65,656.6,1,333.36,231,0,84,-,21.18,16.08,1328,19.61,69.76,1.25,45.88,-5.47,0,-0.78,-,1.2,6,33.65,168.04,-5.84,-35.21,24,1.36,-,34,38.52,11.35,8.81,3.41,108.8,32.07,0.82,0.83,3.14,1809,47.58,47,13.33,-4,-,11.35,8.81,32.07,10.01,1677.4,1197.78,479.62,-12.35,14.08,14.4,26
Mon Sep 26 07:03:52 GMT-03:00 2022,26-Sep-2022 07:03:52.418,-35.21206222288384,-5.835985583275511,13.015789031982422,6.0,34.228189951461566,168.0335693359375,-0.05,4.53,8.68,-0,12.94,0.03,0.03,-0.09,0.08,14.9,7.45,29.4,19.61,90,22.9,1011.82,14.65,654.6,2,333.38,231,0,84,-,19.22,16.08,1313.5,19.61,69.78,1.22,45.88,-5.47,0,0,-,1.2,6,34.23,168.03,-5.84,-35.21,23,3.58,-,34,38.62,11.35,8.81,3.33,109.09,32.07,0.01,0.81,3.14,1809,46.86,44,13.33,-10.5,-,11.35,8.81,32.07,10.04,1678.42,1198.8,479.62,-12.24,14.1,14.3,23
Mon Sep 26 07:03:53 GMT-03:00 2022,26-Sep-2022 07:03:53.419,-35.21203815879325,-5.836091238423916,12.151495933532715,6.0,34.26988190432371,168.6151580810547,0.48,3.91,8.92,-0.01,12.94,0.02,0.08,-0.14,0.06,14.9,7.45,29.4,19.61,90,22.91,1011.9,14.65,653.2,2,333.41,231,0,84,-,18.43,15.69,1425,19.61,69.81,1.23,45.88,-5.47,0,0,-,1.2,6,34.27,168.62,-5.84,-35.21,22,4.75,-,34,35.83,11.35,8.81,3.36,101.22,32.08,0,0,3.14,1810,43.75,39,13.73,-9,-,11.35,8.81,32.08,10.04,1679.41,1199.79,479.62,-12.19,14.14,14.4,22
Mon Sep 26 07:03:54 GMT-03:00 2022,26-Sep-2022 07:03:54.418,-35.21201766619833,-5.836183739179788,10.385307312011719,4.0,34.27028938423178,167.26876831054688,-1.13,4.15,8.77,-0.01,13.33,0,-0.15,-0.16,0.05,14.9,7.45,29.4,19.61,90,22.92,1011.89,14.65,653.2,2,333.43,231,0,84,-,19.61,16.47,1336.5,19.61,69.83,1.24,45.88,-5.47,0,0,-,1.2,4,34.27,167.27,-5.84,-35.21,21,7.39,-,34,31.57,11.37,8.8,3.38,89.18,32.12,0,0,3.53,1812,37.39,30,13.33,-10.5,-,11.37,8.8,32.12,10.06,1680.37,1200.76,479.62,-12.37,14.08,14.4,20
Mon Sep 26 07:03:55 GMT-03:00 2022,26-Sep-2022 07:03:55.417,-35.212001906080644,-5.836251831732641,7.388491153717041,4.0,34.01194176467836,159.44947814941406,-3.58,4.93,8.9,0.1,13.33,0.05,-0.24,-0.03,0.04,14.9,7.45,29.4,19.61,90,22.92,1011.91,14.65,651.6,2,333.43,231,0,84,-,19.61,17.25,1336.5,19.61,69.83,1.24,45.88,-5.47,0,0,-,1.2,4,34.01,159.45,-5.84,-35.21,24,7.39,-,34,31.57,11.37,8.8,3.38,89.18,32.12,0,0,3.14,1812,26.6,30,13.33,-10.5,-,11.37,8.8,32.12,10.06,1681.42,1201.8,479.62,-12.37,14.08,14.3,20
Mon Sep 26 07:03:56 GMT-03:00 2022,26-Sep-2022 07:03:56.417,-35.21198051038151,-5.83630833230662,6.527599811553955,4.0,33.46978287729254,138.08468627929688,-3.55,4.2,8.83,0.06,13.33,0.06,-0.31,0.13,-0.1,14.9,7.45,15.98,19.61,90,22.92,1011.87,14.65,649.5,1.09,339.57,231,0,84,-,21.57,17.25,1324,19.61,69.87,1.28,46.67,-3.91,0,0,-,1.2,4,33.47,138.08,-5.84,-35.21,25,1.5,-,34,23.52,11.38,8.79,3.49,66.44,32.14,0.01,0,3.14,1813,23.5,22,13.33,2,-,11.38,8.79,32.14,10.06,1682.39,1202.77,479.62,-12.14,14.08,14.3,19
Mon Sep 26 07:03:57 GMT-03:00 2022,26-Sep-2022 07:03:57.418,-35.21194383643886,-5.836346066288406,5.953099250793457,4.0,33.724324557221216,109.60651397705078,-2.26,4.91,6.36,-0.15,17.25,-0.14,-0.19,-0.03,-0.19,25.1,12.94,15.98,19.61,90,22.92,1011.91,14.65,649.5,1.09,342.69,231,0,84,-,49.02,39.22,2282.5,19.61,69.97,4.84,47.06,-3.91,0,0,-,1.21,4,33.72,109.61,-5.84,-35.21,24,0.57,-,34,4.55,11.37,8.79,13.24,12.84,32.13,0.01,0,8.24,1815,21.43,22,20.78,22.5,-,11.37,8.79,32.13,10.08,1683.43,1203.81,479.62,-5.03,14.08,14.3,31
Mon Sep 26 07:03:58 GMT-03:00 2022,26-Sep-2022 07:03:58.420,-35.21188856900485,-5.836362234309216,6.398819923400879,6.0,33.62327256948783,85.0401611328125,-0.65,5.84,8.35,0.04,19.22,-0.01,0,0.05,-0.06,25.1,12.94,13.7,19.61,90,22.92,1011.94,14.65,642.9,0.93,342.69,231,0,84,-,49.02,41.57,2282.5,19.61,69.97,4.84,47.45,-2.34,0,0,-,1.21,6,33.62,85.04,-5.84,-35.21,18,0.57,-,34,4.55,11.37,8.79,13.24,12.84,32.13,0.83,0.12,8.63,1816,23.04,22,20.78,22.5,-,11.37,8.79,32.13,10.08,1684.4,1204.78,479.62,-5.03,14.12,14.4,31
Mon Sep 26 07:03:59 GMT-03:00 2022,26-Sep-2022 07:03:59.418,-35.21181920693704,-5.836355873914444,7.456747055053711,8.0,33.25769021990811,76.26025390625,-0.29,6.12,7.26,-0.03,20,0.03,-0.04,0.15,-0.07,27.06,13.73,14.39,19.61,90,22.92,1011.91,14.65,637.3,0.98,345.39,231,0,84,8.49,59.22,52.94,1813.5,19.61,70.09,5.49,47.45,-2.34,0,0,-,1.21,8,33.26,76.26,-5.84,-35.21,12,2.96,11.38,33,4.01,11.37,8.8,15.02,11.32,32.11,0.85,0.81,10.2,1816,26.84,26,20.39,16.5,44.68,11.37,8.8,32.11,10.08,1685.42,1205.8,479.62,-8.32,14.06,14.3,34
Mon Sep 26 07:04:00 GMT-03:00 2022,26-Sep-2022 07:04:00.417,-35.21174801872776,-5.8363404499400495,8.172794342041016,16.0,33.244581319688,75.84074401855469,-0.13,5.48,8.22,0,18.43,0,-0.05,0.03,-0.03,14.9,7.45,14.7,19.61,90,22.92,1011.9,14.65,637.3,1,345.23,231,0,84,8.9,64.71,43.92,1656.5,19.61,70.18,5.11,47.45,-2.34,1.56,3.91,-,1.21,16,33.24,75.84,-5.84,-35.21,7,2.16,11.93,33,5.09,11.36,8.8,13.97,14.39,32.1,0.23,0.81,9.8,1817,29.42,29,20.78,18,51.3,11.36,8.8,32.1,10.08,1686.4,1206.78,479.62,-7.26,14.1,14.3,38
Mon Sep 26 07:04:01 GMT-03:00 2022,26-Sep-2022 07:04:01.417,-35.21167112845226,-5.836320328960564,8.846955299377441,48.0,32.16248621803128,74.63040924072266,0.17,5.45,8.55,0.03,12.94,0.07,-0.01,0.05,0.04,14.9,7.45,14.7,19.61,90,22.93,1011.96,14.65,633.9,1,345.09,231,0,84,9.04,36.08,43.92,1476,19.61,70.22,2.29,47.45,-4.69,2.34,3.12,-,1.21,48,32.16,74.63,-5.84,-35.21,3,2.58,12.12,33,12.66,11.36,8.8,6.27,35.75,32.1,0.09,0.77,2.75,1818,31.85,32,14.51,-3,58.49,11.36,8.8,32.1,10.09,1687.39,1207.78,479.62,-11.02,14.08,14.3,34
Mon Sep 26 07:04:02 GMT-03:00 2022,26-Sep-2022 07:04:02.417,-35.21159025213475,-5.836298032772277,9.027155876159668,16.0,32.7199981949582,73.66255950927734,1.58,5.47,8.63,0.05,12.94,0.04,0.23,-0.06,0.05,14.9,7.45,14.7,19.61,90,22.94,1011.99,14.65,633.9,1,345.12,231,0,83,9.04,27.06,19.61,924.5,19.61,70.25,1.21,47.45,-4.69,0,3.12,-,1.21,16,32.72,73.66,-5.84,-35.21,6,1.5,12.12,34,26.53,11.38,8.79,3.3,74.95,32.13,0.09,0.77,2.75,1820,32.5,31,14.51,5,58.49,11.38,8.79,32.13,10.1,1688.35,1208.73,479.62,-12.51,14.08,14.3,29
Mon Sep 26 07:04:03 GMT-03:00 2022,26-Sep-2022 07:04:03.417,-35.21151374224143,-5.836279114767146,8.17253303527832,8.0,31.998776693824677,78.58346557617188,2.61,5.43,8.68,0.07,12.94,0.1,0.37,0,0.05,14.9,7.45,14.7,19.61,90,22.94,1011.98,14.65,633.3,1,345.46,231,0,83,9.04,27.06,21.18,1090.5,19.61,70.27,1.09,47.45,-5.47,0,-0.78,-,1.21,8,32,78.58,-5.84,-35.21,17,1.42,12.12,34,28.56,11.39,8.78,2.97,80.68,32.17,0.82,0.76,3.14,1821,29.42,28,13.33,5,58.49,11.39,8.78,32.17,10.15,1689.43,1209.81,479.62,-11.56,14.06,14.4,27
Mon Sep 26 07:04:04 GMT-03:00 2022,26-Sep-2022 07:04:04.416,-35.211444864628966,-5.836266837016983,7.487265586853027,8.0,31.523782518693316,94.30555725097656,3.11,5.9,8.43,0.09,18.82,0.14,0.37,0.05,0.06,23.92,12.55,14.7,19.61,90,22.94,1011.97,14.65,632.8,1,345.46,231,0,83,9.04,21.96,37.65,1090.5,19.61,70.27,1.09,47.45,-6.25,-1.56,-0.78,-,1.21,8,31.52,94.31,-5.84,-35.21,18,1.42,12.12,34,28.56,11.39,8.78,2.97,80.68,32.17,0.06,0.75,9.02,1821,26.95,28,13.33,5,58.49,11.39,8.78,32.17,10.15,1690.42,1210.8,479.62,-11.56,14.08,14.3,27
Mon Sep 26 07:04:05 GMT-03:00 2022,26-Sep-2022 07:04:05.417,-35.21138131062713,-5.836273895497794,7.152767658233643,8.0,31.232158231898016,118.14863586425781,3.14,5.82,7.45,0.01,21.18,0.1,0.41,0.05,0,28.63,12.55,14.7,19.61,90,22.94,1011.89,14.65,632.8,1,342.98,231,0,83,-,53.33,37.65,1682.5,19.61,70.36,4.11,47.06,-2.34,5.47,6.25,-,1.21,8,31.23,118.15,-5.84,-35.21,21,0.05,-,34,6.82,11.38,8.78,11.24,19.25,32.16,0.18,0.8,10.98,1822,25.75,27,20.78,18.5,-,11.38,8.78,32.16,10.15,1691.36,1211.74,479.62,-4.73,14.12,14.4,37
Mon Sep 26 07:04:06 GMT-03:00 2022,26-Sep-2022 07:04:06.421,-35.211319144374166,-5.836306183832326,7.9388346672058105,8.0,30.878483795493192,145.02381896972656,-0.13,6.79,7.92,0.06,21.18,0.01,0.06,0.11,-0.06,28.63,15.29,14.7,19.61,90,22.95,1011.92,14.65,632.9,1,342.88,231,0,83,2.64,71.37,53.73,1793.5,19.61,70.47,6.42,47.06,-2.34,0.78,2.34,-,1.22,8,30.88,145.02,-5.84,-35.21,23,0.58,3.55,33,4.2,11.38,8.79,17.58,11.87,32.14,0.12,0.76,14.9,1823,28.58,28,23.92,16.5,14.08,11.38,8.79,32.14,10.16,1692.42,1212.8,479.62,-4.6,14.12,14.3,45
Mon Sep 26 07:04:07 GMT-03:00 2022,26-Sep-2022 07:04:07.417,-35.21127300541236,-5.836372479625798,8.865527153015137,6.0,30.73567068311215,160.2526397705078,0.35,6.42,7.32,-0.01,24.71,0.03,-0.01,0.14,-0.06,32.94,16.86,14.7,20,90,22.95,1011.83,14.65,632.9,1,331.3,231,0,84,11.81,73.33,64.31,2214.5,20,70.63,8.12,45.49,-2.34,1.56,2.34,-,1.22,6,30.74,160.25,-5.84,-35.21,22,0.08,15.83,33,3.45,11.37,8.79,22.22,9.74,32.13,0.12,0.76,14.9,1825,31.92,32,23.92,18,50.92,11.37,8.79,32.13,10.19,1693.4,1213.78,479.62,-2.77,14.12,14.3,54
Mon Sep 26 07:04:08 GMT-03:00 2022,26-Sep-2022 07:04:08.419,-35.211245855467126,-5.836458468084013,9.671563148498535,6.0,32.179298159057616,162.431884765625,-0.14,6.35,8.06,0.04,22.35,0,0,0.11,-0.08,30.2,15.69,14.7,20,90,22.96,1011.87,14.65,639.7,1,328.27,231,0,84,11.7,69.02,57.65,1898.5,20,70.76,6.31,45.1,-2.34,-0.78,0,-,1.22,6,32.18,162.43,-5.84,-35.21,22,1.18,15.7,33,5.07,11.37,8.8,17.27,14.32,32.12,0.75,0.75,12.94,1826,34.82,36,23.92,18,58.87,11.37,8.8,32.12,10.19,1694.43,1214.81,479.62,-7.17,14.12,14.4,53
Mon Sep 26 07:04:09 GMT-03:00 2022,26-Sep-2022 07:04:09.417,-35.211219082964575,-5.836552905996241,10.380821228027344,6.0,32.799710178230335,162.9388885498047,-0.06,6.74,7.32,0.01,23.92,0.06,-0.01,0.12,0,32.16,16.47,14.7,20,90,22.96,1011.81,14.65,639.7,1,328.14,231,0,84,11.7,69.02,61.57,1898.5,20,70.9,7.19,45.1,-2.34,-0.78,-1.56,-,1.22,6,32.8,162.94,-5.84,-35.21,22,1.18,15.7,33,5.01,11.36,8.8,19.66,14.15,32.1,0.64,0.75,14.12,1827,37.37,36,23.14,18.5,58.87,11.36,8.8,32.1,10.19,1695.4,1215.78,479.62,-4.72,14.08,14.4,56
Mon Sep 26 07:04:10 GMT-03:00 2022,26-Sep-2022 07:04:10.417,-35.21119045352141,-5.836651952804917,10.932453155517578,6.0,33.04135660341073,163.0953826904297,-0.38,6.72,8.53,0.1,22.35,-0.03,0.01,0.08,-0.1,32.16,16.86,14.7,20,90,22.97,1011.73,14.65,652.7,1,328.14,231,0,84,10.95,72.16,60.39,2068,20,70.9,7.19,45.1,-2.34,0.78,-0.78,-,1.22,6,33.04,163.1,-5.84,-35.21,20,1.63,14.69,33,5.01,11.36,8.8,19.66,14.15,32.1,0.75,0.75,12.55,1827,39.36,39,23.53,18.5,50.57,11.36,8.8,32.1,10.19,1696.38,1216.76,479.62,-4.72,14.06,14.4,56
Mon Sep 26 07:04:11 GMT-03:00 2022,26-Sep-2022 07:04:11.417,-35.21115971326847,-5.836754555676923,11.712385177612305,6.0,32.67855798574323,163.2333984375,0,6.15,7.73,0,22.35,-0.01,0.03,0.1,-0.1,29.8,16.08,14.7,20,90,22.99,1011.69,14.65,652.7,1,328.01,231,0,84,7.74,72.16,60.39,2189.5,20,71.03,7.38,45.1,-2.34,-2.34,-1.56,-,1.22,6,32.68,163.23,-5.84,-35.21,25,1.64,10.38,33,5.29,11.36,8.8,20.19,14.93,32.09,0.22,0.75,12.55,1828,42.16,41,24.71,19.5,33.77,11.36,8.8,32.09,10.2,1697.41,1217.79,479.62,-5.29,14.08,14.4,58
Mon Sep 26 07:04:12 GMT-03:00 2022,26-Sep-2022 07:04:12.418,-35.21112627986903,-5.836863307269379,12.193305969238281,6.0,32.74914208894226,163.0901336669922,0.08,6.34,7.63,0.01,23.14,0.04,0.04,0.12,-0.03,29.8,15.29,14.7,20,90,23,1011.68,14.65,665.5,1,327.89,231,0,84,12.79,72.16,56.47,2017,20,71.16,7.05,45.1,-2.34,-3.12,-1.56,-,1.23,6,32.75,163.09,-5.84,-35.21,25,0.1,17.15,33,5.81,11.36,8.81,19.3,16.42,32.08,0.17,0.76,12.94,1829,43.9,44,24.31,19.5,60.54,11.36,8.81,32.08,10.22,1698.39,1218.77,479.62,-6.2,14.08,14.4,58
Mon Sep 26 07:04:13 GMT-03:00 2022,26-Sep-2022 07:04:13.420,-35.21109136893238,-5.836971890321381,12.836579322814941,6.0,32.915602565808534,162.88656616210938,-0.08,6.24,8.06,0.04,21.18,0.01,0.01,0.09,-0.05,29.8,15.29,14.7,20,90,23.02,1011.58,14.65,665.5,1,327.77,231,0,84,8.73,62.75,57.65,2002.5,20,71.25,5.92,45.1,-2.34,-2.34,-0.78,-,1.23,6,32.92,162.89,-5.84,-35.21,24,0.21,11.71,33,7.44,11.35,8.81,16.19,21.01,32.07,0.19,0.77,10.98,1830,46.21,46,21.18,21,41.64,11.35,8.81,32.07,10.22,1699.39,1219.77,479.62,-6.95,14.08,14.4,56
Mon Sep 26 07:04:14 GMT-03:00 2022,26-Sep-2022 07:04:14.418,-35.21105979368308,-5.837082363862141,13.005274772644043,6.0,33.426572866181736,162.7880096435547,-0.01,6.13,7.98,0.02,21.18,0,0.03,0.1,-0.06,30.59,15.69,14.7,20,90,23.04,1011.55,14.65,674.1,1,327.69,231,0,84,5.07,71.76,56.47,1782.5,20,71.36,5.66,45.1,-2.34,-2.34,-0.78,-,1.23,6,33.43,162.79,-5.84,-35.21,25,0.18,6.79,33,8.13,11.35,8.81,15.49,22.95,32.06,0.14,0.77,10.98,1831,46.82,47,23.14,18,27.14,11.35,8.81,32.06,10.25,1700.41,1220.79,479.62,-7.23,14.12,14.4,55
Mon Sep 26 07:04:15 GMT-03:00 2022,26-Sep-2022 07:04:15.418,-35.21102395480156,-5.837197605789768,13.37828254699707,6.0,33.80628212321248,162.82704162597656,-0.08,6.42,7.77,0.03,23.14,-0.01,0.04,0.08,-0.08,31.76,16.08,14.7,20,90,23.05,1011.54,14.65,674.1,1,327.62,231,0,84,8.3,76.47,63.53,1777,20,71.49,6.31,45.1,-2.34,2.34,-0.78,-,1.23,6,33.81,162.83,-5.84,-35.21,26,0.84,11.13,33,7.45,11.35,8.81,17.27,21.04,32.06,0.14,0.77,13.33,1833,48.16,49,24.31,16.5,44.58,11.35,8.81,32.06,10.25,1701.4,1221.78,479.62,-5.36,14.04,14.4,57
Mon Sep 26 07:04:16 GMT-03:00 2022,26-Sep-2022 07:04:16.417,-35.210988356041995,-5.837312544530354,13.605024337768555,6.0,34.02805963866956,162.95086669921875,-0.21,6.31,7.93,0.03,23.92,0.02,0.05,0.09,-0.03,31.76,16.47,14.7,20,90,23.07,1011.47,14.65,677.9,1,327.54,231,0,84,8.3,78.04,64.31,1802.5,20,71.59,6.51,45.1,-2.34,0.78,-1.56,-,1.23,6,34.03,162.95,-5.84,-35.21,28,1.02,11.13,33,7.53,11.35,8.81,17.8,21.28,32.05,0.73,0.75,14.12,1834,48.98,50,25.49,13.5,44.58,11.35,8.81,32.05,10.28,1702.38,1222.76,479.62,-5.04,14.08,14.3,59
Mon Sep 26 07:04:17 GMT-03:00 2022,26-Sep-2022 07:04:17.418,-35.210953520431445,-5.837431429650208,14.060296058654785,6.0,34.4576616411431,162.79095458984375,-0.01,6.96,9.41,0.19,23.53,0.16,0.05,0.14,0.09,28.24,14.51,14.7,20,90,23.09,1011.45,14.65,677.9,1,324.61,231,0,84,5.07,64.31,60.78,1755,20,71.69,5.08,44.71,-2.34,-1.56,-1.56,-,1.24,6,34.46,162.79,-5.84,-35.21,26,0.38,6.8,33,9.84,11.34,8.81,13.91,27.78,32.05,0.59,0.75,14.9,1835,50.62,51,25.49,13.5,27.59,11.34,8.81,32.05,10.28,1703.43,1223.81,479.62,-7.25,14.08,14.3,57
Mon Sep 26 07:04:18 GMT-03:00 2022,26-Sep-2022 07:04:18.418,-35.21091578486056,-5.837549391033695,14.243570327758789,6.0,35.1424033373692,161.57452392578125,-0.47,5.12,7.42,-0.08,16.47,0,0.03,0.04,-0.02,21.96,11.37,14.7,20,90,23.09,1011.39,14.65,683.5,1,324.61,231,0,84,5.07,64.31,40.39,1755,20,71.69,5.08,44.71,-2.34,-1.56,0,-,1.24,6,35.14,161.57,-5.84,-35.21,27,0.38,6.8,33,9.84,11.34,8.81,13.91,27.78,32.05,0.11,0.74,7.45,1835,51.28,51,19.22,17,27.59,11.34,8.81,32.05,10.3,1704.38,1224.76,479.62,-7.25,14.06,14.3,57
Mon Sep 26 07:04:19 GMT-03:00 2022,26-Sep-2022 07:04:19.418,-35.21087516319043,-5.837669213888733,13.98654556274414,4.0,36.07181361296433,160.53761291503906,0.28,5.58,6.99,-0.09,18.43,-0.08,0.06,0.02,-0.13,26.67,13.73,14.7,20,90,23.11,1011.34,14.65,684.3,1,324.58,231,0,84,5.07,52.94,50.59,1374.5,20,71.77,3.72,44.71,-3.12,-1.56,0,-,1.24,4,36.07,160.54,-5.84,-35.21,31,2.28,6.8,33,13.69,11.35,8.81,10.19,38.68,32.05,0.38,0.74,8.63,1836,50.35,49,17.25,18,27.59,11.35,8.81,32.05,10.3,1705.42,1225.81,479.62,-9.08,14.12,14.3,52
Mon Sep 26 07:04:20 GMT-03:00 2022,26-Sep-2022 07:04:20.418,-35.21083443544434,-5.837783264604352,13.54124641418457,4.0,36.652733462110575,159.98793029785156,0.2,6.23,8.22,0.05,16.86,0.01,0.06,0.04,-0.01,26.67,13.73,14.7,20,90,23.13,1011.22,14.65,684.3,1,324.63,231,0,84,5.07,60.78,50.59,1448,20,71.84,3.99,44.71,-2.34,-3.91,-4.69,-,1.24,4,36.65,159.99,-5.84,-35.21,29,2.35,6.8,33,12.29,11.35,8.81,10.91,34.71,32.05,0.74,0.74,7.45,1837,48.75,48,18.43,15,27.59,11.35,8.81,32.05,10.33,1706.41,1226.79,479.62,-7.04,14.12,14.3,52
Mon Sep 26 07:04:21 GMT-03:00 2022,26-Sep-2022 07:04:21.417,-35.210796327979395,-5.837895029673184,13.434640884399414,4.0,37.12632886063102,160.39328002929688,-0.14,5.22,8.73,0.03,16.86,0.05,0.01,0.01,0.05,21.18,10.98,14.7,20,90,23.15,1011.2,14.65,684.3,1,327.5,231,0,85,-,38.82,42.35,1365.5,20,71.88,2.31,45.1,-4.69,-0.78,0,-,1.24,4,37.13,160.39,-5.84,-35.21,30,1.36,-,33,20.75,11.35,8.81,6.33,58.61,32.07,0.09,0.76,7.45,1838,48.36,47,14.51,-4,-,11.35,8.81,32.07,10.33,1707.35,1227.73,479.62,-10.46,14.08,14.4,46
Mon Sep 26 07:04:22 GMT-03:00 2022,26-Sep-2022 07:04:22.418,-35.21075838855362,-5.838005859760661,13.144402503967285,4.0,37.57544396941145,160.84303283691406,-0.87,4.48,8.74,0,12.94,-0.03,-0.06,-0.12,0.02,14.9,7.45,14.7,20,90,23.16,1011.23,14.65,684.6,1,327.69,231,0,85,-,18.82,17.25,1336.5,20,71.9,1.15,45.1,-4.69,-2.34,0,-,1.24,4,37.58,160.84,-5.84,-35.21,30,5.32,-,33,40.7,11.35,8.81,3.16,114.96,32.07,0.09,0.76,3.14,1840,47.32,42,14.51,-7.5,-,11.35,8.81,32.07,10.36,1708.37,1228.75,479.62,-12.43,14.08,14.4,38
Mon Sep 26 07:04:23 GMT-03:00 2022,26-Sep-2022 07:04:23.417,-35.21072132855054,-5.838109256895639,11.9577054977417,4.0,38.00859244182306,158.66831970214844,-1.65,4.85,8.48,0.01,13.33,0,-0.13,-0.04,0.02,14.9,7.45,18.25,20,90,23.17,1011.21,14.65,684.2,1.24,327.72,231,0,85,-,19.61,16.47,1468.5,20,71.93,1.4,45.1,-4.69,-2.34,0,-,1.24,4,38.01,158.67,-5.84,-35.21,28,6.05,-,33,30.01,11.37,8.8,3.83,84.76,32.11,0.06,0.78,3.53,1841,43.05,37,13.73,-7.5,-,11.37,8.8,32.11,10.36,1709.4,1229.78,479.62,-11.9,14.12,14.3,33
Mon Sep 26 07:04:24 GMT-03:00 2022,26-Sep-2022 07:04:24.416,-35.21068173110829,-5.8381980775391575,10.769340515136719,4.0,38.319228562034375,152.52024841308594,-1.59,5.21,8.26,0.01,12.94,0,-0.12,-0.01,0,14.9,7.45,29.4,20,90,23.18,1011.19,14.65,684.2,2,328.1,231,0,85,-,19.61,16.08,1316.5,20,71.95,1.22,45.1,-5.47,0,0,-,1.24,4,38.32,152.52,-5.84,-35.21,30,4.77,-,33,30.4,11.38,8.79,3.33,85.88,32.15,0,0.02,3.14,1842,38.77,34,13.73,-9,-,11.38,8.79,32.15,10.38,1710.4,1230.78,479.62,-12.47,14.08,14.3,28
Mon Sep 26 07:04:25 GMT-03:00 2022,26-Sep-2022 07:04:25.420,-35.210639948613256,-5.838275354470213,9.549060821533203,4.0,38.18869867755538,142.5862274169922,-1.76,6.15,7.54,0.01,12.94,0.04,-0.13,0.04,0,15.29,7.84,29.4,20,90,23.18,1011.18,14.5,683,2,328.1,231,0,85,-,19.22,19.61,1316.5,20,71.95,1.22,45.49,-5.47,0,0,-,1.24,4,38.19,142.59,-5.84,-35.21,29,4.77,-,33,30.4,11.38,8.79,3.33,85.88,32.15,0,0,3.14,1843,34.38,34,13.33,-10.5,-,11.38,8.79,32.15,10.38,1711.41,1231.79,479.62,-12.47,14.14,14.3,28
Mon Sep 26 07:04:26 GMT-03:00 2022,26-Sep-2022 07:04:26.418,-35.210586464027834,-5.838340928348709,9.353357315063477,4.0,38.228942533405515,131.58364868164062,-1.81,5.28,8.25,-0.05,14.12,0,-0.12,0,-0.03,14.9,7.45,13.58,20,90,23.19,1011.21,14.5,680.6,0.92,331.35,231,0,85,-,57.25,19.61,1348,20,72.01,3.31,45.49,-3.12,0,0,-,1.24,4,38.23,131.58,-5.84,-35.21,26,1.38,-,33,10.28,11.38,8.79,9.05,29.04,32.15,0.9,0.09,3.92,1843,33.67,33,15.69,-4.5,-,11.38,8.79,32.15,10.4,1712.39,1232.77,479.62,-7.91,14.14,14.3,32
Mon Sep 26 07:04:27 GMT-03:00 2022,26-Sep-2022 07:04:27.418,-35.210504480898166,-5.838379913459472,9.437533378601074,4.0,37.81006529507035,120.52330780029297,-1.45,5.6,8.34,0.03,14.12,0.03,-0.11,0.03,0,19.22,7.45,13.31,20,90,23.19,1011.22,14.5,680.6,0.91,331.33,231,0,85,-,20,23.53,1282,20,72.04,1.13,45.49,-4.69,0,0,-,1.24,4,37.81,120.52,-5.84,-35.21,27,0.98,-,33,29.32,11.39,8.78,3.08,82.81,32.18,0.88,0.14,3.92,1844,33.98,33,15.29,30,-,11.39,8.78,32.18,10.4,1713.4,1233.78,479.62,-12.31,14.08,14.3,28
Mon Sep 26 07:04:28 GMT-03:00 2022,26-Sep-2022 07:04:28.418,-35.2104287031349,-5.838413010252641,9.380937576293945,4.0,37.547805597664315,110.9266128540039,-2.26,5.44,7.89,0,14.12,0.01,-0.16,0.03,-0.03,19.22,9.8,14.7,20,90,23.2,1011.26,14.5,677.1,1,331.7,231,0,85,-,21.57,21.18,1244,20,72.06,1.21,45.49,-3.12,0,0,-,1.24,4,37.55,110.93,-5.84,-35.21,28,0.77,-,33,27.36,11.4,8.77,3.3,77.29,32.22,0.81,0.87,3.92,1846,33.77,33,15.29,28.5,-,11.4,8.77,32.22,10.42,1714.4,1234.78,479.62,-12.04,14.14,14.3,25
Mon Sep 26 07:04:29 GMT-03:00 2022,26-Sep-2022 07:04:29.417,-35.21034639826391,-5.838432995486619,9.531702995300293,4.0,37.90021270824766,99.67162322998047,-2.49,6.33,7.63,0.04,19.22,0.04,-0.22,0.1,-0.06,27.06,13.73,14.7,20,90,23.21,1011.29,14.5,677.1,1,332.03,231,0,85,-,63.92,50.98,1422,20,72.13,4.28,45.49,-2.34,-1.56,-3.12,-,1.24,4,37.9,99.67,-5.84,-35.21,28,0.69,-,33,7.7,11.4,8.77,11.72,21.76,32.21,0.43,0.81,9.41,1847,34.31,35,19.61,16.5,-,11.4,8.77,32.21,10.42,1715.4,1235.78,479.62,-5.47,14.1,14.4,34
Mon Sep 26 07:04:30 GMT-03:00 2022,26-Sep-2022 07:04:30.418,-35.210253054191426,-5.8384478779989175,10.684832572937012,4.0,37.85362374716337,87.69960021972656,-0.97,6.64,7.89,0.05,19.22,-0.03,-0.1,0.07,-0.11,28.24,14.51,14.7,20,90,23.22,1011.32,14.5,677.1,1,337.68,231,0,85,9.39,68.24,52.55,1637.5,20,72.23,5.37,46.27,-2.34,0.78,-0.78,-,1.25,4,37.85,87.7,-5.84,-35.21,23,0.47,12.59,33,6.52,11.4,8.77,14.69,18.42,32.2,0.72,0.81,9.41,1848,38.47,38,21.57,17,54.75,11.4,8.77,32.2,10.44,1716.42,1236.8,479.62,-4.6,14.06,14.4,42
Mon Sep 26 07:04:31 GMT-03:00 2022,26-Sep-2022 07:04:31.417,-35.21015156611437,-5.838440086486813,11.749434471130371,4.0,37.7353551000393,79.7181167602539,0.02,6.01,7.59,-0.02,20.78,-0.07,0.01,0.02,-0.1,23.53,12.16,14.7,20,90,23.23,1011.33,14.65,669.6,1,337.57,231,0,85,17.27,56.47,54.12,1622.5,20,72.3,4.37,46.27,-2.34,3.91,-0.78,-,1.25,4,37.74,79.72,-5.84,-35.21,27,0.3,23.16,33,8.69,11.4,8.77,11.97,24.54,32.19,0.72,0.77,10.59,1849,42.3,42,21.57,17,101.63,11.4,8.77,32.19,10.44,1717.36,1237.75,479.62,-7.64,14.06,14.3,43
Mon Sep 26 07:04:32 GMT-03:00 2022,26-Sep-2022 07:04:32.417,-35.21004239590769,-5.838417794787563,12.290279388427734,4.0,37.11146323481329,78.97140502929688,0,5.7,8.02,0,18.82,-0.02,0,0.04,-0.06,22.75,11.76,14.7,20,90,23.25,1011.37,14.65,669.6,1,337.52,231,0,85,11.94,56.47,48.24,1530.5,20,72.38,3.6,46.27,-2.34,3.91,3.12,-,1.25,4,37.11,78.97,-5.84,-35.21,25,0.75,16.02,33,11.66,11.4,8.77,9.86,32.92,32.19,0.68,0.75,9.02,1850,44.25,45,19.22,19.5,74.52,11.4,8.77,32.19,10.46,1718.4,1238.78,479.62,-8.82,14.1,14.4,42
Mon Sep 26 07:04:33 GMT-03:00 2022,26-Sep-2022 07:04:33.417,-35.209928460453675,-5.838396902253923,12.582460403442383,4.0,36.41235616541721,79.23814392089844,0.03,4.92,7.82,-0.06,13.33,-0.11,0.04,-0.05,-0.09,14.9,7.45,14.7,20,90,23.25,1011.39,14.65,667.5,1,337.52,231,0,85,11.94,47.84,19.61,1530.5,20,72.38,3.6,46.27,-3.91,-3.12,-0.78,-,1.25,4,36.41,79.24,-5.84,-35.21,23,0.75,16.02,33,11.66,11.4,8.77,9.86,32.92,32.19,0.08,0.74,3.92,1850,45.3,45,15.29,-4.5,74.52,11.4,8.77,32.19,10.46,1719.43,1239.81,479.62,-8.82,14.12,14.4,42
Mon Sep 26 07:04:34 GMT-03:00 2022,26-Sep-2022 07:04:34.419,-35.209812340974686,-5.8383780986478415,12.911788940429688,4.0,36.09602187673169,80.15848541259766,-0.43,3.52,9.35,0.02,13.33,-0.01,0,-0.21,0.08,14.9,7.45,14.7,20,90,23.26,1011.47,14.65,667.1,1,337.52,231,0,84,3.88,19.22,19.61,1424.5,20,72.4,1.31,46.27,-4.69,0,-0.78,-,1.25,4,36.1,80.16,-5.84,-35.21,23,0.7,5.2,33,34.39,11.41,8.76,3.58,97.16,32.24,0.63,0.73,3.14,1851,46.48,46,13.73,-7.5,25.98,11.41,8.76,32.24,10.49,1720.39,1240.77,479.62,-12.41,14.08,14.4,36
Mon Sep 26 07:04:35 GMT-03:00 2022,26-Sep-2022 07:04:35.422,-35.20969910316416,-5.838358512137787,12.760436058044434,4.0,34.84580075548985,80.00837707519531,-0.4,2.48,10.5,0.1,13.33,0.1,0,-0.28,0.22,14.9,7.45,29.4,20,90,23.28,1011.66,14.65,667.1,2,338.01,231,0,84,3.88,17.65,16.08,1394.5,20,72.42,1.15,46.27,-4.69,0,0,-,1.25,4,34.85,80.01,-5.84,-35.21,27,4.48,5.2,33,39.83,11.41,8.76,3.16,112.52,32.24,0,0.09,3.53,1852,45.94,42,13.73,-7.5,25.98,11.41,8.76,32.24,10.49,1721.42,1241.81,479.62,-12.52,14.08,14.3,30
Mon Sep 26 07:04:36 GMT-03:00 2022,26-Sep-2022 07:04:36.420,-35.20961191362495,-5.838342957581744,9.689861297607422,4.0,34.80081739342358,79.20216369628906,0.16,2.54,10.42,0.09,13.33,0.06,0.01,-0.28,0.19,14.9,7.45,29.4,20,90,23.28,1011.74,14.65,665.9,2,340.89,231,0,84,3.88,24.31,16.47,1078.5,20,72.45,1.54,46.67,-5.47,0,0,-,1.25,4,34.8,79.2,-5.84,-35.21,27,3.88,5.2,33,27.23,11.42,8.75,4.22,76.93,32.27,0.02,0.02,3.53,1853,34.88,31,13.33,5,25.98,11.42,8.75,32.27,10.51,1722.42,1242.81,479.62,-11.75,14.08,14.3,28
Mon Sep 26 07:04:37 GMT-03:00 2022,26-Sep-2022 07:04:37.420,-35.209548249699615,-5.838331656644265,6.767434597015381,4.0,34.7883837147284,79.12359619140625,0.02,4.25,5.79,-0.27,12.94,-0.26,0.03,-0.1,-0.25,14.9,7.45,15.37,20,90,23.28,1011.84,14.65,665.9,1.05,344.1,231,0,84,-,22.35,21.18,1093,20,72.48,1.1,47.06,-5.47,0,0,-,1.25,4,34.79,79.12,-5.84,-35.21,25,4.36,-,34,28.09,11.44,8.74,3.02,79.34,32.31,0.02,0.02,3.14,1855,24.36,20,13.33,5,-,11.44,8.74,32.31,10.51,1723.4,1243.78,479.62,-11.96,14.08,14.3,25
Mon Sep 26 07:04:38 GMT-03:00 2022,26-Sep-2022 07:04:38.421,-35.20949663320637,-5.838323167845329,5.535099506378174,4.0,35.13559484083795,79.58312225341797,0.41,6.38,9.08,0.13,18.82,0.19,0.02,0.08,0.16,25.88,12.16,13.27,20,90,23.28,1011.82,14.65,664.7,0.9,344.45,231,0,84,2.08,41.57,39.61,1915.5,20,72.55,4.09,47.06,-5.47,0,0,-,1.25,4,35.14,79.58,-5.84,-35.21,21,1.07,2.79,34,4.89,11.43,8.75,11.19,13.81,32.29,0.85,0.09,9.02,1856,19.93,21,13.33,4.5,10.38,11.43,8.75,32.29,10.51,1724.41,1244.79,479.62,-4.8,14.12,14.3,36
Mon Sep 26 07:04:39 GMT-03:00 2022,26-Sep-2022 07:04:39.420,-35.20944274134788,-5.838313979328167,6.0074381828308105,6.0,34.95204650295175,79.72246551513672,-0.2,6.14,7.42,-0.02,19.22,-0.01,0.01,0.08,-0.08,24.71,12.55,13.7,20,90,23.28,1011.81,14.65,664.7,0.93,344.45,231,0,84,2.08,41.57,34.9,1915.5,20,72.55,4.09,47.45,-2.34,0,0,-,1.25,6,34.95,79.72,-5.84,-35.21,22,1.07,2.79,34,4.89,11.43,8.75,11.19,13.81,32.29,0.81,0.13,9.41,1857,21.63,21,19.22,6,10.38,11.43,8.75,32.29,10.51,1725.42,1245.8,479.62,-4.8,14.08,14.3,36
Mon Sep 26 07:04:40 GMT-03:00 2022,26-Sep-2022 07:04:40.420,-35.209375999414775,-5.838302661663527,7.518414497375488,6.0,34.506564969503344,80.19154357910156,0,4.24,9.21,0.03,14.51,0,0.03,-0.09,0.04,14.9,7.45,13.79,20,90,23.28,1011.83,14.65,656.5,0.94,347.18,231,0,84,8.78,40,24.31,2279.5,20,72.64,4.43,47.45,-3.12,0,0,-,1.25,6,34.51,80.19,-5.84,-35.21,17,3.37,11.78,33,4.74,11.43,8.75,12.11,13.4,32.28,0.85,0.15,4.71,1857,27.07,25,17.65,11,36.79,11.43,8.75,32.28,10.54,1726.4,1246.78,479.62,-8.57,14.12,14.4,37
Mon Sep 26 07:04:41 GMT-03:00 2022,26-Sep-2022 07:04:41.418,-35.20930590912998,-5.838292276817879,7.603551864624023,6.0,34.04873252764819,80.75829315185547,0.04,5.2,8.25,-0.01,12.55,0,0.03,0,0,14.9,7.45,14.47,20,90,23.28,1011.89,14.65,656.5,0.98,347.04,231,0,84,2.27,21.18,15.29,1373,20,72.67,1.59,47.45,-5.47,0,0,-,1.25,6,34.05,80.76,-5.84,-35.21,20,1.37,3.05,33,15.69,11.43,8.75,4.36,44.32,32.29,0.78,0.17,2.75,1858,27.37,26,12.94,-4,15.82,11.43,8.75,32.29,10.54,1727.41,1247.8,479.62,-12.81,14.12,14.3,31
Mon Sep 26 07:04:42 GMT-03:00 2022,26-Sep-2022 07:04:42.420,-35.209249109872864,-5.83828160705987,6.129363059997559,6.0,33.60944150652935,80.71495819091797,0.18,6.16,7.26,-0.03,12.55,-0.02,0,0.03,-0.05,15.69,14.51,14.7,20,90,23.28,1011.98,14.65,656.5,1,347.13,231,0,84,2.27,20.39,21.57,898,20,72.68,0.99,47.45,-6.25,2.34,2.34,-,1.25,6,33.61,80.71,-5.84,-35.21,19,6.37,3.05,33,26.15,11.44,8.74,2.72,73.88,32.32,0.07,0.75,2.35,1860,22.07,21,12.55,4.5,15.82,11.44,8.74,32.32,10.54,1728.41,1248.79,479.62,-12.75,14.12,14.3,26
Mon Sep 26 07:04:43 GMT-03:00 2022,26-Sep-2022 07:04:43.419,-35.209193717770795,-5.8382720178477285,6.002910137176514,6.0,33.55625400019976,81.32075500488281,0.3,6.54,6.93,-0.03,21.18,-0.02,0.06,0.12,-0.13,29.8,15.29,14.7,20,89,23.28,1011.96,14.65,651,1,347.44,231,0,84,2.27,60,21.57,1922,20,72.78,5.54,47.45,-2.34,2.34,0.78,-,1.25,6,33.56,81.32,-5.84,-35.21,19,0.39,3.05,33,3.79,11.44,8.74,15.16,10.71,32.3,0.79,0.77,11.37,1860,21.61,22,21.57,19.5,15.82,11.44,8.74,32.3,10.55,1729.42,1249.81,479.62,1.54,14.08,14.4,47
Mon Sep 26 07:04:44 GMT-03:00 2022,26-Sep-2022 07:04:44.420,-35.20913272581338,-5.83826569289609,6.683624744415283,6.0,32.60489451975934,80.78604125976562,-0.01,6.58,7.87,0.04,23.92,0.03,0.06,0.14,-0.06,31.37,15.29,14.7,20,89,23.28,1011.99,14.65,651,1,347.28,231,0,84,2.27,65.1,54.12,2109,20,72.89,6.69,47.45,-2.34,3.91,3.12,-,1.26,6,32.6,80.79,-5.84,-35.21,19,0.94,3.05,33,3.29,11.43,8.75,18.3,9.29,32.29,0.54,0.79,14.12,1861,24.06,25,23.53,18,15.82,11.43,8.75,32.29,10.58,1730.4,1250.78,479.62,-5.52,14.12,14.4,50
Mon Sep 26 07:04:45 GMT-03:00 2022,26-Sep-2022 07:04:45.423,-35.20906115244723,-5.838254518521739,7.745230674743652,6.0,32.39930929458114,80.63676452636719,0.05,6.81,7.83,0.06,23.92,0.05,0.03,0.15,-0.04,31.37,16.08,14.7,20,89,23.29,1011.94,14.65,655,1,347.11,231,0,84,14.04,74.12,62.35,1985,20,73.02,7.17,47.45,-2.34,1.56,0.78,-,1.26,6,32.4,80.64,-5.84,-35.21,21,3.12,18.83,33,3.49,11.42,8.75,19.61,9.85,32.27,0.7,0.77,14.12,1862,27.88,31,24.31,16.5,67.56,11.42,8.75,32.27,10.58,1731.4,1251.78,479.62,-5.73,14.08,14.3,53
Mon Sep 26 07:04:46 GMT-03:00 2022,26-Sep-2022 07:04:46.419,-35.20897977726586,-5.838243244540023,8.923259735107422,6.0,32.307367662423424,81.11412811279297,-0.07,6.29,7.84,0.02,23.92,0.01,-0.01,0.03,-0.01,32.94,17.25,14.7,20,89,23.29,1011.98,14.65,655,1,346.94,231,0,84,10.96,74.9,62.75,2168,20,73.15,8.1,47.45,-2.34,3.12,0,-,1.26,6,32.31,81.11,-5.84,-35.21,25,1.88,14.7,33,3.83,11.42,8.76,22.16,10.81,32.26,0.75,0.77,14.12,1864,32.12,34,25.49,18.5,48.29,11.42,8.76,32.26,10.58,1732.43,1252.81,479.62,-3.94,14.08,14.3,58
Mon Sep 26 07:04:47 GMT-03:00 2022,26-Sep-2022 07:04:47.419,-35.20888362491086,-5.83822837695947,10.509203910827637,6.0,32.23957200651655,81.75151824951172,-0.03,6.36,7.63,0.01,25.49,0.01,0.02,0.1,-0.06,32.16,16.47,14.7,20,89,23.3,1011.96,14.65,655,1,343.91,231,0,84,18.37,71.37,64.71,2388.5,20,73.31,8.58,47.06,-2.34,-2.34,-0.78,-,1.26,6,32.24,81.75,-5.84,-35.21,23,1.17,24.63,33,3.96,11.41,8.76,23.49,11.19,32.24,0.1,0.75,15.69,1865,37.83,39,25.1,20,73.42,11.41,8.76,32.24,10.61,1733.42,1253.8,479.62,-4.26,14.18,14.4,61
Mon Sep 26 07:04:48 GMT-03:00 2022,26-Sep-2022 07:04:48.421,-35.20878516501454,-5.83821516167204,11.03587532043457,6.0,32.769464295199676,81.55409240722656,-0.45,7.12,8.2,0.11,25.88,-0.1,-0.02,0.07,-0.19,33.33,17.25,14.7,20,89,23.32,1011.93,14.65,671,1,343.75,231,0,84,15.3,76.08,64.31,2558.5,20,73.5,9.73,47.06,-2.34,0,-0.78,-,1.27,6,32.77,81.55,-5.84,-35.21,23,3.27,20.52,33,4.01,11.41,8.77,26.61,11.33,32.23,0.1,0.75,16.08,1866,39.73,43,25.1,20,57.12,11.41,8.77,32.23,10.61,1734.39,1254.77,479.62,-3.97,14.18,14.4,64
Mon Sep 26 07:04:49 GMT-03:00 2022,26-Sep-2022 07:04:49.417,-35.208680062548986,-5.838200102407215,12.008463859558105,6.0,32.96202531290886,81.30241394042969,0.26,6.43,8.05,0.05,27.06,0.05,0.05,0.11,-0.02,29.02,14.9,14.7,20,89,23.33,1011.83,14.65,671,1,343.59,231,0,84,15.3,74.9,65.88,2386.5,20,73.63,8.53,47.06,-2.34,-4.69,-1.56,-,1.27,6,32.96,81.3,-5.84,-35.21,23,1.77,20.52,33,5.04,11.4,8.77,23.33,14.25,32.21,0.8,0.75,17.65,1867,43.23,45,27.84,15.5,57.12,11.4,8.77,32.21,10.61,1735.34,1255.72,479.62,-5.91,13.98,14.4,63
Mon Sep 26 07:04:50 GMT-03:00 2022,26-Sep-2022 07:04:50.418,-35.20856788820224,-5.838181717884771,12.66277027130127,6.0,33.687909045311,80.95824432373047,-0.62,5.98,6.83,-0.08,25.88,0.03,0,0.14,-0.06,34.12,17.65,14.7,20,89,23.33,1011.73,14.65,671,1,340.6,231,0,84,15.3,74.9,67.45,2238.5,20,73.8,8.84,46.67,-2.34,-4.69,-2.34,-,1.27,6,33.69,80.96,-5.84,-35.21,22,1.77,20.52,33,5.09,11.4,8.77,24.19,14.38,32.2,0.11,0.75,16.08,1868,45.59,45,25.88,15.5,57.12,11.4,8.77,32.2,10.64,1736.41,1256.79,479.62,-4.93,13.98,14.4,63
Mon Sep 26 07:04:51 GMT-03:00 2022,26-Sep-2022 07:04:51.417,-35.20845420741966,-5.838163296475364,13.0001220703125,6.0,34.40077976718375,81.19048309326172,-0.13,6.48,7.2,-0.01,27.45,-0.01,0.01,0.12,-0.1,34.51,17.65,14.7,20,89,23.35,1011.6,14.65,702.6,1,340.6,231,0,84,6.95,81.96,70.59,2238.5,20,73.8,8.84,46.67,-2.34,0.78,-1.56,-,1.27,6,34.4,81.19,-5.84,-35.21,25,0.41,9.32,33,5.09,11.4,8.77,24.19,14.38,32.2,0.79,0.75,17.65,1869,46.8,46,27.84,16.5,29.66,11.4,8.77,32.2,10.64,1737.39,1257.77,479.62,-4.93,13.94,14.4,63
Mon Sep 26 07:04:52 GMT-03:00 2022,26-Sep-2022 07:04:52.418,-35.20833955861363,-5.838146217352019,13.070358276367188,6.0,35.34514118279663,81.73374938964844,0.33,6,7.45,-0.03,27.06,0,0.03,0.08,-0.06,34.9,17.65,14.7,20,89,23.37,1011.47,14.65,702.6,1,340.46,231,0,84,4.79,82.75,69.8,2154,20,73.95,8.53,46.67,-2.34,-2.34,-3.91,-,1.27,6,35.35,81.73,-5.84,-35.21,22,0.2,6.42,33,5.39,11.4,8.78,23.33,15.24,32.19,0.63,0.75,17.25,1869,47.05,47,27.45,16.5,21.23,11.4,8.78,32.19,10.67,1738.4,1258.78,479.62,-4.66,14.02,14.3,64
Mon Sep 26 07:04:53 GMT-03:00 2022,26-Sep-2022 07:04:53.417,-35.2082229484788,-5.838129514007382,13.060844421386719,6.0,36.30373059606348,81.70307922363281,-0.38,5.79,7.28,-0.05,27.06,-0.05,0,0.05,-0.1,35.29,17.65,14.7,20,89,23.38,1011.37,14.65,719.8,1,340.34,231,0,84,4.79,82.75,69.8,2147,20,74.11,8.54,46.67,-2.34,0,2.34,-,1.28,6,36.3,81.7,-5.84,-35.21,20,0.05,6.42,33,5.51,11.39,8.78,23.36,15.55,32.18,0.25,0.74,17.25,1870,47.02,47,28.24,16.5,21.23,11.39,8.78,32.18,10.67,1739.41,1259.79,479.62,-4.25,14.06,14.4,66
Mon Sep 26 07:04:54 GMT-03:00 2022,26-Sep-2022 07:04:54.418,-35.208104330963955,-5.8381125284279864,13.15207576751709,6.0,37.22002125468416,81.52203369140625,-0.14,6.25,7.27,-0.03,27.06,0.02,0.04,0.15,-0.08,35.29,18.04,14.7,20,89,23.4,1011.21,14.65,719.8,1,340.21,231,0,84,4.79,78.82,69.41,2181,20,74.29,8.3,46.67,-2.34,-2.34,0,-,1.28,6,37.22,81.52,-5.84,-35.21,24,0.35,6.42,32,5.66,11.39,8.78,22.72,15.99,32.17,0.1,0.74,17.25,1872,47.35,47,26.27,17,21.23,11.39,8.78,32.17,10.69,1740.43,1260.81,479.62,-4.5,14.04,14.4,66
Mon Sep 26 07:04:55 GMT-03:00 2022,26-Sep-2022 07:04:55.417,-35.207985253403706,-5.838095358958698,13.36900806427002,6.0,37.971786697730565,81.6180648803711,-0.22,6.51,7.42,0,24.71,0,0,0.12,-0.08,32.16,16.47,14.7,20,89,23.42,1011.04,14.65,728.2,1,340.09,231,0,84,4.86,73.33,63.53,2219.5,20,74.43,7.81,46.67,-2.34,0.78,0,-,1.28,6,37.97,81.62,-5.84,-35.21,23,0.13,6.52,32,6.02,11.38,8.78,21.36,17.01,32.16,0.1,0.74,14.9,1873,48.13,48,26.27,17,20.91,11.38,8.78,32.16,10.69,1741.28,1261.66,479.62,-5.29,14.04,14.4,66
Mon Sep 26 07:04:56 GMT-03:00 2022,26-Sep-2022 07:04:56.421,-35.20786177201244,-5.838078141871086,13.616962432861328,6.0,38.56429376438111,82.40556335449219,0.36,6.11,7.83,0.01,21.96,0,0.05,0.1,-0.06,28.63,14.9,14.7,20,89,23.42,1011.11,14.65,734.8,1,340.09,231,0,84,4.86,73.33,52.16,2219.5,20,74.43,7.81,46.67,-2.34,0.78,-0.78,-,1.28,6,38.56,82.41,-5.84,-35.21,24,0.13,6.52,32,6.02,11.38,8.78,21.36,17.01,32.16,0.76,0.74,12.55,1873,49.02,48,23.92,19.5,20.91,11.38,8.78,32.16,10.72,1742.4,1262.78,479.62,-5.29,14.12,14.4,66
Mon Sep 26 07:04:57 GMT-03:00 2022,26-Sep-2022 07:04:57.420,-35.20773514237299,-5.8380621603723535,13.987005233764648,6.0,38.74368271259571,83.21586608886719,0.32,6.51,7.61,0.02,21.96,0.02,0.06,0.12,-0.06,28.63,14.9,14.7,20,89,23.43,1011.04,14.65,734.8,1,337.13,231,0,85,6.36,58.43,52.16,2387,20,74.61,6.6,46.27,-2.34,2.34,0.78,-,1.29,6,38.74,83.22,-5.84,-35.21,23,0.35,8.53,32,7.28,11.38,8.79,18.05,20.55,32.15,0.67,0.73,12.55,1874,50.35,50,21.96,23,25.45,11.38,8.79,32.15,10.72,1743.26,1263.64,479.62,-6.88,14.06,14.4,62
Mon Sep 26 07:04:58 GMT-03:00 2022,26-Sep-2022 07:04:58.419,-35.207608611991944,-5.838046520843459,14.288006782531738,6.0,38.90576705765322,84.0367202758789,-0.06,5.78,7.06,-0.07,20.78,-0.02,0,0.02,-0.05,26.67,13.73,14.7,20,89,23.45,1011.05,14.65,738.3,1,337.04,231,0,85,8.22,50.59,45.49,2429.5,20,74.74,5.79,46.27,-2.34,1.56,0.78,-,1.29,6,38.91,84.04,-5.84,-35.21,26,0.56,11.03,32,8.64,11.38,8.79,15.83,24.41,32.14,0.67,0.73,10.98,1876,51.44,52,19.61,24.5,32.33,11.38,8.79,32.14,10.75,1744.39,1264.77,479.62,-8.31,14.06,14.3,57
Mon Sep 26 07:04:59 GMT-03:00 2022,26-Sep-2022 07:04:59.420,-35.20747905925833,-5.838034119586458,14.657437324523926,4.0,38.86624047289384,84.4206771850586,-0.02,5.35,7.7,-0.05,18.43,-0.04,0.02,0,-0.05,20,10.59,14.7,20,89,23.47,1011.03,14.5,738.3,1,336.98,231,0,85,4.73,50.59,32.16,2291.5,20,74.79,3,46.27,-2.34,1.56,1.56,-,1.29,4,38.87,84.42,-5.84,-35.21,27,0.23,6.35,32,17.31,11.38,8.79,8.22,48.9,32.15,0.5,0.71,8.63,1877,52.77,53,19.61,24.5,19.72,11.38,8.79,32.15,10.75,1745.41,1265.79,479.62,-11.27,14.06,14.3,48
Mon Sep 26 07:05:00 GMT-03:00 2022,26-Sep-2022 07:05:00.420,-35.207346728910245,-5.838021085794396,14.926952362060547,4.0,38.729030313539376,84.10894012451172,-0.8,5.24,8.31,0,14.12,0.01,0.02,0.03,0,21.18,10.98,14.7,20,89,23.47,1011.05,14.5,739.1,1,337.11,231,0,86,4.73,17.65,16.08,2148,20,74.83,2.18,46.27,-3.91,-5.47,-6.25,-,1.29,4,38.73,84.11,-5.84,-35.21,28,0.23,6.35,32,24.29,11.39,8.78,5.97,68.62,32.18,0.68,0.71,4.31,1878,53.74,53,14.12,9,19.72,11.39,8.78,32.18,10.78,1746.4,1266.79,479.62,-12.01,14.08,14.4,40
Mon Sep 26 07:05:01 GMT-03:00 2022,26-Sep-2022 07:05:01.419,-35.20721410233573,-5.8380038768559945,14.893080711364746,4.0,38.4833525735498,82.73539733886719,-0.15,4.83,8.32,-0.02,13.73,0.03,0.06,0,0.03,14.9,7.45,14.7,20,89,23.5,1011.08,14.5,739.1,1,337.11,231,0,86,4.73,20.39,13.73,2148,20,74.83,2.18,46.27,-3.91,-0.78,0.78,-,1.29,4,38.48,82.74,-5.84,-35.21,28,0.74,6.35,32,24.29,11.39,8.78,5.97,68.62,32.18,0.07,0.7,3.53,1878,53.62,53,14.9,12,19.72,11.39,8.78,32.18,10.78,1747.41,1267.79,479.62,-12.01,14.14,14.4,40
Mon Sep 26 07:05:02 GMT-03:00 2022,26-Sep-2022 07:05:02.419,-35.20708288280436,-5.837985132042801,14.794507026672363,4.0,38.34176202319904,82.77600860595703,-0.63,4.93,8.72,0.02,13.73,-0.01,-0.01,-0.09,0.03,14.9,7.45,29.4,20,89,23.52,1011.1,14.5,737.9,2,337.37,231,0,85,4.73,15.29,13.73,1985.5,20,74.86,1.5,46.27,-4.69,0,0,-,1.29,4,38.34,82.78,-5.84,-35.21,26,1.26,6.35,33,35.28,11.41,8.77,4.11,99.67,32.23,0.04,0.7,3.53,1879,53.26,52,13.73,1.5,19.72,11.41,8.77,32.23,10.81,1748.4,1268.78,479.62,-12.68,14.12,14.4,33
Mon Sep 26 07:05:03 GMT-03:00 2022,26-Sep-2022 07:05:03.421,-35.206959255327995,-5.837968239023271,13.729349136352539,4.0,38.4143023231512,82.89684295654297,-0.57,3.97,8.58,-0.04,13.73,-0.03,-0.02,-0.13,0.03,14.9,7.45,29.4,20,89,23.53,1011.14,14.5,737.9,2,337.87,231,0,85,-,16.47,13.33,1848,20,74.88,1.47,46.27,-4.69,0,0,-,1.29,4,38.41,82.9,-5.84,-35.21,28,1.43,-,33,35.39,11.42,8.75,4.02,99.98,32.27,0,0,3.53,1880,49.43,48,14.12,-3,-,11.42,8.75,32.27,10.81,1749.4,1269.78,479.62,-12.56,14.08,14.3,28
Mon Sep 26 07:05:04 GMT-03:00 2022,26-Sep-2022 07:05:04.421,-35.20684155799039,-5.837953853312429,13.10724925994873,4.0,38.19498241913812,82.56639099121094,-0.18,2.97,9.82,0.06,13.73,0.09,-0.01,-0.16,0.17,14.9,7.45,29.4,20,89,23.55,1011.23,14.5,737.9,2,341.23,231,0,85,-,18.43,14.9,1666,20,74.91,1.5,46.67,-4.69,0,0,-,1.29,4,38.19,82.57,-5.84,-35.21,28,5.19,-,33,31.96,11.44,8.74,4.11,90.27,32.31,0,0,3.53,1881,47.19,42,13.73,-7,-,11.44,8.74,32.31,10.83,1750.33,1270.71,479.62,-12.37,14.1,14.4,25
Mon Sep 26 07:05:05 GMT-03:00 2022,26-Sep-2022 07:05:05.420,-35.20674094642401,-5.837940223236499,11.366612434387207,4.0,38.08745405735731,82.54541778564453,-0.44,2.39,10.02,0.05,13.33,0.05,-0.01,-0.29,0.17,14.9,7.45,29.4,20,89,23.55,1011.35,14.5,735.6,2,341.66,231,0,85,-,20,15.69,1229,20,74.94,1.17,46.67,-4.69,0,0,-,1.29,4,38.09,82.55,-5.84,-35.21,23,12.92,-,33,36.03,11.44,8.74,3.19,101.77,32.32,0,0,3.53,1883,40.92,28,13.73,-12,-,11.44,8.74,32.32,10.83,1751.39,1271.77,479.62,-12.67,14.1,14.4,22
Mon Sep 26 07:05:06 GMT-03:00 2022,26-Sep-2022 07:05:06.420,-35.20667838685449,-5.837931848954907,6.7799553871154785,4.0,38.059274046432385,82.58147430419922,-0.17,3.73,6.66,-0.22,12.55,-0.15,0,0.01,-0.2,14.9,7.84,29.4,20,89,23.55,1011.31,14.5,734.1,2,341.68,231,0,85,-,29.8,16.08,1158.5,20,74.96,1.52,46.67,-5.47,0,0,-,1.29,4,38.06,82.58,-5.84,-35.21,26,1.41,-,33,18.42,11.44,8.74,4.16,52.02,32.33,0,0,2.75,1884,24.41,23,12.94,-12,-,11.44,8.74,32.33,10.85,1752.39,1272.78,479.62,-11.26,14.08,14.4,22
Mon Sep 26 07:05:07 GMT-03:00 2022,26-Sep-2022 07:05:07.420,-35.20661960838316,-5.837923874836436,6.286434173583984,4.0,37.88902740592627,82.17826080322266,-0.45,6.16,7.49,-0.01,18.04,-0.01,-0.01,0.08,-0.08,24.71,12.55,13.55,20,89,23.55,1011.3,14.5,734.1,0.92,341.68,231,0,85,-,29.8,40,1158.5,20,74.96,1.52,47.45,-3.12,0,0,-,1.29,4,37.89,82.18,-5.84,-35.21,24,1.41,-,33,18.42,11.44,8.74,4.16,52.02,32.33,0.84,0.07,8.24,1885,22.63,23,14.9,21,-,11.44,8.74,32.33,10.85,1753.41,1273.79,479.62,-11.26,14.12,14.3,22
Mon Sep 26 07:05:08 GMT-03:00 2022,26-Sep-2022 07:05:08.418,-35.20655927941902,-5.837915150230973,6.660576820373535,4.0,38.21217019115813,82.0361557006836,0.36,6.74,7.78,0.05,21.96,0.02,0,0.15,-0.08,30.2,15.29,13.7,20,89,23.55,1011.3,14.65,723.7,0.93,347.57,231,0,85,-,54.9,54.9,1780.5,20,75.05,4.36,47.45,-2.34,0,0,-,1.29,4,38.21,82.04,-5.84,-35.21,24,0.37,-,33,5.27,11.44,8.74,11.94,14.89,32.32,0.84,0.12,12.16,1885,23.98,23,21.57,19.5,-,11.44,8.74,32.32,10.85,1754.42,1274.8,479.62,-4.62,14.14,14.4,33
Mon Sep 26 07:05:09 GMT-03:00 2022,26-Sep-2022 07:05:09.417,-35.20649233334741,-5.837905339393328,7.593968391418457,4.0,38.0461293023626,82.46357727050781,-1.13,4.79,5.45,-0.25,21.96,-0.25,-0.08,-0.05,-0.28,30.2,15.29,14.62,20,89,23.55,1011.24,14.65,723.7,0.99,347.44,231,0,85,9.02,71.37,54.9,1802.5,20,75.18,6.18,47.45,-2.34,0,0,-,1.3,4,38.05,82.46,-5.84,-35.21,24,0.34,12.09,33,3.72,11.44,8.74,16.91,10.51,32.3,0.81,0.84,11.76,1886,27.34,27,22.75,17,47.76,11.44,8.74,32.3,10.87,1755.36,1275.74,479.62,-5.54,14.08,14.4,40
Mon Sep 26 07:05:10 GMT-03:00 2022,26-Sep-2022 07:05:10.419,-35.20642071397748,-5.837895905409549,8.324360847473145,4.0,37.67603611178205,83.63858795166016,-0.42,6.05,7.6,-0.01,21.18,0,0,0.12,-0.08,30.59,14.9,14.7,20,89,23.55,1011.28,14.65,709.4,1,347.28,231,0,85,9.02,66.27,57.65,1657,20,75.26,5.2,47.45,-2.34,3.12,3.91,-,1.3,4,37.68,83.64,-5.84,-35.21,28,0.03,12.09,33,5.2,11.43,8.75,14.22,14.68,32.29,0.12,0.81,11.37,1887,29.97,30,20.78,18.5,47.76,11.43,8.75,32.29,10.87,1756.39,1276.77,479.62,-7.08,14.12,14.3,43
Mon Sep 26 07:05:11 GMT-03:00 2022,26-Sep-2022 07:05:11.419,-35.20633709809732,-5.837882604690097,8.922268867492676,4.0,37.73326141246242,81.73216247558594,-0.42,6.25,7.48,-0.01,21.18,0,-0.01,0.09,-0.08,30.59,15.69,14.7,20,89,23.56,1011.21,14.65,709.4,1,344.28,231,0,84,11.63,74.9,60.39,1647,20,75.38,5.83,47.06,-2.34,1.56,3.12,-,1.3,4,37.73,81.73,-5.84,-35.21,25,1.88,15.6,33,5.15,11.43,8.75,15.94,14.55,32.28,0.15,0.77,11.37,1889,32.12,34,22.75,16.5,67.45,11.43,8.75,32.28,10.89,1757.42,1277.8,479.62,-5.43,14.06,14.3,48
Mon Sep 26 07:05:12 GMT-03:00 2022,26-Sep-2022 07:05:12.418,-35.206253857084995,-5.8378687156597335,9.749399185180664,4.0,37.71249964504316,81.67122650146484,-0.09,6.45,8.16,0.06,22.35,0,-0.02,0.09,-0.06,29.8,15.29,14.7,20,89,23.57,1011.22,14.65,705,1,344.15,231,0,84,7.39,74.9,62.35,1617,20,75.48,5.79,47.06,-2.34,0.78,3.12,-,1.3,4,37.71,81.67,-5.84,-35.21,27,0.9,9.91,33,5.88,11.42,8.75,15.83,16.6,32.27,0.15,0.77,12.55,1890,35.1,36,22.75,16.5,43.66,11.42,8.75,32.27,10.89,1758.31,1278.7,479.62,-5.43,14.06,14.3,51
Mon Sep 26 07:05:13 GMT-03:00 2022,26-Sep-2022 07:05:13.419,-35.20616398087005,-5.837851672921193,10.298748970031738,4.0,37.704116938478684,81.66879272460938,-0.04,5.76,7.81,-0.01,21.18,-0.01,0.02,0.04,-0.04,26.67,13.73,14.7,20,89,23.58,1011.2,14.65,705,1,344.03,231,0,84,6.98,69.41,59.61,1519.5,20,75.57,4.8,47.06,-2.34,1.56,3.12,-,1.3,4,37.7,81.67,-5.84,-35.21,24,0.92,9.36,32,7.5,11.42,8.76,13.13,21.19,32.26,0.21,0.75,11.37,1891,37.08,38,22.35,16.5,43.87,11.42,8.76,32.26,10.91,1759.43,1279.81,479.62,-6.86,14.04,14.3,52
Mon Sep 26 07:05:14 GMT-03:00 2022,26-Sep-2022 07:05:14.419,-35.2060679609603,-5.837837691780894,10.777820587158203,4.0,37.73166168791572,82.29109954833984,1.19,5.43,8.41,0.03,16.47,0.01,0.17,0,0,18.04,9.41,14.7,20,89,23.58,1011.2,14.5,703,1,344.03,232,0,84,6.98,69.41,35.69,1519.5,20,75.57,4.8,47.06,-2.34,1.56,2.34,-,1.3,4,37.73,82.29,-5.84,-35.21,23,0.92,9.36,32,7.5,11.42,8.76,13.13,21.19,32.26,0.14,0.75,6.67,1892,38.8,38,19.22,18,43.87,11.42,8.76,32.26,10.91,1760.4,1280.78,479.62,-6.86,14.12,14.4,52
Mon Sep 26 07:05:15 GMT-03:00 2022,26-Sep-2022 07:05:15.419,-35.20596990510032,-5.8378278772092695,10.892017364501953,4.0,37.62442239037497,86.82638549804688,1.42,5.94,8.44,0.06,18.04,0.06,0.17,0.06,0.01,24.31,12.55,14.7,20,89,23.59,1011.19,14.5,702.5,1,341.08,232,0,84,3.15,25.49,41.18,1177,20,75.6,1.35,46.67,-3.12,3.91,4.69,-,1.3,4,37.62,86.83,-5.84,-35.21,25,0.2,4.22,33,28.18,11.43,8.75,3.69,79.6,32.29,0.29,0.75,7.84,1892,39.21,39,18.43,15,25.53,11.43,8.75,32.29,10.93,1761.39,1281.77,479.62,-12.18,14.12,14.3,43
Mon Sep 26 07:05:16 GMT-03:00 2022,26-Sep-2022 07:05:16.420,-35.205869782119784,-5.83782904629954,10.890256881713867,4.0,37.0276234626292,94.21031188964844,1.9,4.91,7.39,-0.08,16.47,-0.04,0.25,-0.01,-0.08,15.29,7.84,14.7,20,89,23.6,1011.19,14.5,702.5,1,341.43,232,0,84,3.15,48.63,41.18,1639,20,75.66,3.86,46.67,-3.12,4.69,2.34,-,1.3,4,37.03,94.21,-5.84,-35.21,25,0.21,4.22,33,10.11,11.43,8.75,10.55,28.57,32.29,0.79,0.74,6.27,1893,39.2,39,18.04,22.5,25.53,11.43,8.75,32.29,10.93,1762.41,1282.79,479.62,-5.91,14.12,14.3,47
Mon Sep 26 07:05:17 GMT-03:00 2022,26-Sep-2022 07:05:17.420,-35.20576997159283,-5.837837317786572,10.517711639404297,4.0,37.227359853148265,102.8502426147461,2.26,5.76,8.35,0.06,16.47,0.05,0.26,0.04,0,15.29,7.84,14.7,20.39,89,23.61,1011.21,14.5,701.1,1,341.4,232,0,85,3.15,25.88,30.98,1388,20.39,75.69,1.61,46.67,-5.47,-2.34,-3.12,-,1.31,4,37.23,102.85,-5.84,-35.21,27,1.14,4.22,33,24.2,11.44,8.74,4.41,68.35,32.31,0.8,0.74,6.27,1894,37.86,39,13.33,-1.5,25.53,11.44,8.74,32.31,10.95,1763.4,1283.78,479.62,-11.92,14.08,14.3,39
Mon Sep 26 07:05:18 GMT-03:00 2022,26-Sep-2022 07:05:18.420,-35.20567484156027,-5.837874140130993,11.0183744430542,4.0,36.806197924289826,115.82521057128906,2.29,6.03,8.04,0.05,16.08,0.04,0.26,0.05,-0.02,22.35,11.37,14.7,20.39,89,23.62,1011.19,14.5,701.1,1,335.92,232,0,85,-,54.12,28.24,1746,20.39,75.79,4.56,45.88,-5.47,1.56,-3.12,-,1.31,4,36.81,115.83,-5.84,-35.21,24,1.67,-,33,8.54,11.44,8.74,12.49,24.13,32.31,0.8,0.74,6.27,1896,39.67,38,20,21.5,-,11.44,8.74,32.31,10.95,1764.43,1284.81,479.62,-5.88,14.12,14.3,44
Mon Sep 26 07:05:19 GMT-03:00 2022,26-Sep-2022 07:05:19.420,-35.20558839836793,-5.837916060780814,10.675159454345703,4.0,36.740190245052,130.4368133544922,2.27,5.8,8.07,0.04,21.18,0.03,0.26,0.05,-0.02,29.02,14.9,14.7,20,89,23.63,1011.17,14.65,700,1,335.86,232,0,85,7.81,66.67,54.12,1763,20,75.89,5.68,45.88,-2.34,-2.34,3.12,-,1.31,4,36.74,130.44,-5.84,-35.21,25,1.57,10.48,33,6.69,11.43,8.75,15.55,18.89,32.3,0.09,0.74,11.37,1897,38.43,40,21.96,19.5,42.32,11.43,8.75,32.3,10.98,1765.43,1285.81,479.62,-6.11,14.12,14.3,47
Mon Sep 26 07:05:20 GMT-03:00 2022,26-Sep-2022 07:05:20.420,-35.20551259653124,-5.837981704081241,11.094956398010254,4.0,36.748071597634556,145.6471710205078,0.57,5.96,8.3,0.04,21.96,-0.13,0,-0.08,-0.1,31.76,16.47,14.7,20.39,89,23.63,1011.13,14.65,700,1,332.9,232,0,85,7.81,66.67,59.61,1747.5,20.39,76,5.89,45.49,-2.34,-2.34,0,-,1.31,4,36.75,145.65,-5.84,-35.21,25,1.57,10.48,33,6.79,11.43,8.75,16.13,19.17,32.29,0.11,0.74,12.16,1898,39.94,40,21.96,19.5,42.32,11.43,8.75,32.29,10.98,1766.43,1286.81,479.62,-5.88,14.08,14.4,50
Mon Sep 26 07:05:21 GMT-03:00 2022,26-Sep-2022 07:05:21.420,-35.20545752174134,-5.838071229382829,11.675884246826172,4.0,36.9853372235688,152.92054748535156,-0.03,6.56,8.19,0.07,23.14,0.07,0.02,0.12,0,31.37,16.08,14.7,20.39,89,23.65,1011.13,14.65,699.7,1,332.9,232,0,85,7.47,70.98,59.61,1747.5,20.39,76,5.89,45.49,-2.34,2.34,3.91,-,1.31,4,36.99,152.92,-5.84,-35.21,24,2.06,10.02,32,6.79,11.43,8.75,16.13,19.17,32.29,0.15,0.74,13.33,1899,42.03,42,22.75,18.5,40.84,11.43,8.75,32.29,11,1767.39,1287.77,479.62,-5.88,14.12,14.4,50
Mon Sep 26 07:05:22 GMT-03:00 2022,26-Sep-2022 07:05:22.419,-35.20540881776524,-5.838177871533109,12.496254920959473,4.0,37.30151146018346,153.57215881347656,-0.51,6.67,7.53,0.02,25.1,-0.06,0.01,0.07,-0.14,28.24,14.51,14.7,20.39,89,23.66,1011.11,14.65,699.7,1,332.8,232,0,85,12.73,72.94,61.18,2058,20.39,76.13,7.69,45.49,-1.56,1.56,0,-,1.31,4,37.3,153.57,-5.84,-35.21,21,2.97,17.07,32,5.46,11.43,8.75,21.05,15.42,32.28,0.5,0.73,15.29,1899,44.99,45,25.49,19.5,59.05,11.43,8.75,32.28,11,1768.42,1288.8,479.62,-3.14,14.1,14.4,57
Mon Sep 26 07:05:23 GMT-03:00 2022,26-Sep-2022 07:05:23.419,-35.20535317734361,-5.838287830544045,13.28464126586914,4.0,37.29052334354909,153.3970947265625,-0.4,5.84,7.34,-0.05,25.1,-0.04,0,0.05,-0.09,28.24,14.51,14.7,20.39,89,23.68,1011.12,14.65,705.3,1,329.82,232,0,85,18.92,65.49,61.18,2134,20.39,76.27,6.98,45.1,-2.34,1.56,3.91,-,1.32,4,37.29,153.4,-5.84,-35.21,24,4.01,25.37,32,6.44,11.42,8.75,19.11,18.2,32.27,0.29,0.73,10.98,1900,47.82,49,21.96,21,84.67,11.42,8.75,32.27,11.03,1769.32,1289.7,479.62,-5.77,14.06,14.4,58
Mon Sep 26 07:05:24 GMT-03:00 2022,26-Sep-2022 07:05:24.420,-35.20529624137652,-5.838401455449288,14.02037525177002,4.0,37.19425283381537,153.35452270507812,-0.23,5.87,7.71,-0.01,20.78,-0.01,0.03,0.07,-0.07,29.8,15.29,14.7,20.39,89,23.7,1011.09,14.65,705.3,1,329.72,232,0,85,8.31,68.63,54.9,1801.5,20.39,76.39,5.56,45.1,-2.34,-2.34,-3.91,-,1.32,4,37.19,153.35,-5.84,-35.21,26,0.53,11.14,32,8.81,11.42,8.76,15.22,24.88,32.26,0.63,0.73,10.98,1902,50.47,51,22.35,18.5,44.05,11.42,8.76,32.26,11.03,1770.42,1290.8,479.62,-7.83,14.08,14.4,55
Mon Sep 26 07:05:25 GMT-03:00 2022,26-Sep-2022 07:05:25.420,-35.20523740154901,-5.838520992457115,14.667560577392578,4.0,37.14874778349021,153.25413513183594,-0.52,5.95,7.49,-0.03,21.96,-0.02,-0.02,0.06,-0.08,30.98,16.08,14.7,20.39,89,23.72,1011.06,14.65,707.9,1,329.67,232,0,85,10.65,71.76,59.22,1783.5,20.39,76.49,5.85,45.1,-2.34,-2.34,-3.91,-,1.32,4,37.15,153.25,-5.84,-35.21,26,0.2,14.28,32,8.71,11.42,8.76,16.02,24.61,32.26,0.63,0.73,12.16,1903,52.8,53,22.35,18,57.03,11.42,8.76,32.26,11.05,1771.33,1291.71,479.62,-6.15,14.08,14.4,56
Mon Sep 26 07:05:26 GMT-03:00 2022,26-Sep-2022 07:05:26.422,-35.20517211060652,-5.838642892400435,15.157675743103027,4.0,36.86947131031035,153.3732452392578,-0.01,6.14,8.09,0.03,22.35,-0.03,-0.01,0.07,-0.1,31.37,16.08,14.7,20.39,89,23.74,1011.06,14.65,707.9,1,329.61,232,0,85,15.25,72.16,60,1776,20.39,76.6,5.89,45.1,-2.34,-1.56,-1.56,-,1.32,4,36.87,153.37,-5.84,-35.21,28,1.43,20.45,32,8.99,11.42,8.76,16.13,25.4,32.25,0.11,0.74,12.55,1904,54.57,56,22.75,18,82,11.42,8.76,32.25,11.05,1772.41,1292.79,479.62,-6.01,14.08,14.4,56
Mon Sep 26 07:05:27 GMT-03:00 2022,26-Sep-2022 07:05:27.421,-35.20510626605166,-5.838772251162778,15.807936668395996,4.0,36.46162757580507,153.5426483154297,-0.76,6.16,8.14,0.04,21.96,0.04,-0.04,0.08,-0.01,30.59,15.69,14.7,20.39,89,23.74,1011.15,14.5,710.5,1,329.61,232,0,85,15.25,72.16,58.82,1776,20.39,76.6,5.89,45.1,-2.34,-1.56,0,-,1.32,4,36.46,153.54,-5.84,-35.21,26,1.43,20.45,32,8.99,11.42,8.76,16.13,25.4,32.25,0.12,0.75,12.16,1905,56.91,56,22.75,18,82,11.42,8.76,32.25,11.09,1773.43,1293.81,479.62,-6.01,14.04,14.4,56
Mon Sep 26 07:05:28 GMT-03:00 2022,26-Sep-2022 07:05:28.420,-35.20503806076484,-5.838907298052237,16.49747657775879,4.0,35.87290390644589,153.52560424804688,-0.58,5.97,7.61,-0.02,21.57,0,0.01,0.04,-0.04,30.59,15.69,14.7,20.39,89,23.76,1011.22,14.65,711.5,1,326.7,232,0,85,19.69,69.8,58.43,1746.5,20.39,76.72,5.56,44.71,-2.34,1.56,-1.56,-,1.32,4,35.87,153.53,-5.84,-35.21,26,3.09,26.4,32,10.07,11.42,8.76,15.22,28.44,32.25,0.76,0.75,11.37,1905,59.39,60,21.96,18.5,107.63,11.42,8.76,32.25,11.1,1774.42,1294.8,479.62,-6.31,14.04,14.4,56
Mon Sep 26 07:05:29 GMT-03:00 2022,26-Sep-2022 07:05:29.419,-35.204967549131084,-5.839044915060369,17.189729690551758,4.0,35.32483845588041,153.37496948242188,-0.58,5.9,8.05,0.02,21.18,0.01,-0.02,0.06,-0.02,28.63,14.9,14.7,20.39,89,23.79,1011.31,14.65,711.5,1,326.67,232,0,85,13,69.8,58.43,1726.5,20.39,76.81,5.51,44.71,-2.34,-0.78,-2.34,-,1.32,4,35.32,153.37,-5.84,-35.2,27,2.61,17.44,32,10.89,11.42,8.76,15.08,30.75,32.25,0.73,0.75,11.37,1906,61.88,62,21.57,18,71.93,11.42,8.76,32.25,11.12,1775.42,1295.8,479.62,-6.4,14.04,14.4,56
Mon Sep 26 07:05:30 GMT-03:00 2022,26-Sep-2022 07:05:30.420,-35.20489506544184,-5.839189922797972,17.90464210510254,4.0,35.3392701526053,153.0648193359375,-0.84,6.03,8.17,0.04,21.18,-0.03,0,0,-0.04,28.63,14.9,14.7,20.39,89,23.82,1011.31,14.65,712.4,1,329.53,232,0,85,18,69.8,58.04,1682,20.39,76.91,5.33,45.1,-2.34,-2.34,-0.78,-,1.33,4,35.34,153.06,-5.84,-35.2,28,0.54,24.14,32,11.64,11.42,8.76,14.58,32.87,32.25,0.16,0.74,10.98,1907,64.46,65,21.18,18,102.21,11.42,8.76,32.25,11.14,1776.42,1296.8,479.62,-6.58,14.04,14.4,55
Mon Sep 26 07:05:31 GMT-03:00 2022,26-Sep-2022 07:05:31.420,-35.20481783846263,-5.839337388441131,18.326597213745117,4.0,34.84979064417587,152.5922088623047,-0.27,5.76,8.13,0.01,20.78,0.01,0,0.04,-0.01,28.63,14.9,14.7,20.39,89,23.85,1011.3,14.65,712.4,1,329.53,232,0,85,5.93,69.8,57.65,1618.5,20.39,77.01,5.17,45.1,-2.34,-3.12,-0.78,-,1.33,4,34.85,152.59,-5.84,-35.2,27,0.02,7.95,32,12.56,11.42,8.76,14.16,35.48,32.25,0.14,0.74,10.98,1908,65.98,66,20.39,15,34.97,11.42,8.76,32.25,11.16,1777.37,1297.75,479.62,-6.6,14,14.3,55
Mon Sep 26 07:05:32 GMT-03:00 2022,26-Sep-2022 07:05:32.419,-35.2047372353488,-5.839489170495704,18.731691360473633,4.0,34.48925162564398,152.46299743652344,-0.18,5.62,8.18,0.01,20,0.07,-0.02,0.11,0,27.06,14.12,14.7,20.39,89,23.88,1011.38,14.65,712.4,1,329.55,232,0,85,6.92,66.67,55.69,1581,20.39,77.09,4.77,45.1,-2.34,-1.56,-3.12,-,1.33,4,34.49,152.46,-5.84,-35.2,28,0.43,9.28,32,13.84,11.42,8.76,13.05,39.09,32.26,0.29,0.74,10.2,1910,67.43,67,20,15,41.79,11.42,8.76,32.26,11.17,1778.4,1298.78,479.62,-6.94,14.06,14.3,54
Mon Sep 26 07:05:33 GMT-03:00 2022,26-Sep-2022 07:05:33.419,-35.20465755206421,-5.839641749495795,18.92452049255371,4.0,34.53302924233145,152.43260192871094,-0.81,5.81,8.33,0.04,20,0.03,-0.05,0.05,0,27.06,14.12,14.7,20.39,89,23.91,1011.42,14.65,712,1,329.6,232,0,85,11.21,66.67,54.51,1592.5,20.39,77.2,4.77,45.1,-2.34,-1.56,-3.12,-,1.33,4,34.53,152.43,-5.84,-35.2,26,0.87,15.03,32,14.05,11.42,8.76,13.05,39.68,32.26,0.29,0.74,9.8,1911,68.13,69,20,15,67.21,11.42,8.76,32.26,11.19,1779.42,1299.8,479.62,-6.76,14.06,14.4,54
Mon Sep 26 07:05:34 GMT-03:00 2022,26-Sep-2022 07:05:34.419,-35.20457519986558,-5.839796691024507,19.286731719970703,4.0,34.26192359947658,152.58773803710938,-0.42,5.54,7.82,-0.02,19.22,0.01,0,0.08,-0.04,26.67,13.73,14.7,20.39,89,23.91,1011.49,14.65,711.3,1,329.65,232,0,85,11.21,66.27,52.55,1580.5,20.39,77.27,4.3,45.1,-2.34,-1.56,1.56,-,1.33,4,34.26,152.59,-5.84,-35.2,29,0.87,15.03,32,16.04,11.42,8.75,11.77,45.31,32.27,0.1,0.73,9.41,1912,69.43,69,20.39,16.5,67.21,11.42,8.75,32.27,11.21,1780.43,1300.81,479.62,-7.59,14.04,14.2,52
Mon Sep 26 07:05:35 GMT-03:00 2022,26-Sep-2022 07:05:35.420,-35.2044921454284,-5.839954283322109,19.52203941345215,4.0,34.03476158779276,152.6678009033203,0.43,6.29,8.47,0.07,16.47,0.07,0.07,0.1,0.01,14.9,7.45,14.7,20.39,89,23.94,1011.5,14.65,711.3,1,329.65,232,0,85,11.21,61.96,32.55,1580.5,20.39,77.27,4.3,45.1,-2.34,-0.78,0.78,-,1.33,4,34.03,152.67,-5.84,-35.2,28,0.43,15.03,32,16.04,11.42,8.75,11.77,45.31,32.27,0.17,0.73,6.27,1913,70.28,69,18.04,2,67.21,11.42,8.75,32.27,11.23,1781.43,1301.81,479.62,-7.59,14.14,14.4,52
Mon Sep 26 07:05:36 GMT-03:00 2022,26-Sep-2022 07:05:36.420,-35.204409907273124,-5.840112087938142,19.649883270263672,4.0,33.80787744569329,152.91246032714844,-1,5.66,8.9,0.08,12.94,0.02,0.01,0.02,0,14.9,7.45,14.7,20.39,89,23.97,1011.52,14.65,710.1,1,329.74,232,0,85,6.45,27.84,32.55,1401,20.39,77.3,1.78,45.1,-4.69,1.56,2.34,-,1.33,4,33.81,152.91,-5.84,-35.2,28,0.28,8.65,32,38.69,11.43,8.75,4.88,109.29,32.27,0.08,0.73,3.14,1913,70.74,70,13.33,-1.5,43.98,11.43,8.75,32.27,11.25,1782.35,1302.74,479.62,-11.7,14.12,14.4,44
Mon Sep 26 07:05:37 GMT-03:00 2022,26-Sep-2022 07:05:37.419,-35.20432964222593,-5.840266984373124,19.47514533996582,4.0,33.729188461837204,152.6923828125,-0.18,5.32,9.02,0.07,12.94,0.06,0.01,0,0.07,14.9,7.45,14.7,20.39,89,24,1011.58,14.65,710.1,1,329.77,232,0,85,6.45,19.22,15.69,1320.5,20.39,77.33,1.21,45.1,-5.47,0,0,-,1.33,4,33.73,152.69,-5.84,-35.2,26,2.11,8.65,33,58.04,11.43,8.75,3.3,163.96,32.28,0.02,0.73,3.14,1914,70.11,68,13.33,-11.5,43.98,11.43,8.75,32.28,11.27,1783.35,1303.74,479.62,-12.4,14.08,14.3,37
Mon Sep 26 07:05:38 GMT-03:00 2022,26-Sep-2022 07:05:38.420,-35.20425037616835,-5.8404192046993275,19.101444244384766,4.0,33.75762272194406,152.7685546875,-0.62,5.2,8.81,0.04,12.94,-0.02,-0.03,-0.02,-0.01,14.9,7.45,29.4,20.39,89,24.03,1011.54,14.65,709.4,2,329.79,232,0,85,6.45,18.82,15.29,1330,20.39,77.35,1.18,45.1,-5.47,0,0,-,1.33,4,33.76,152.77,-5.84,-35.2,26,1.77,8.65,33,57.78,11.43,8.75,3.22,163.23,32.28,0.02,0.73,3.14,1916,68.77,67,13.33,-10.5,43.98,11.43,8.75,32.28,11.29,1784.34,1304.72,479.62,-12.31,14.14,14.3,32
Mon Sep 26 07:05:39 GMT-03:00 2022,26-Sep-2022 07:05:39.418,-35.2041722334271,-5.840568456136898,18.779844284057617,4.0,33.71848314967541,152.60780334472656,-0.89,5.56,8.27,0.02,12.94,0.02,-0.05,0.02,0,14.9,7.45,29.4,20.39,89,24.06,1011.58,14.65,709.4,2,329.81,232,0,85,-,19.22,16.08,1335,20.39,77.37,1.25,45.1,-5.47,0,0,-,1.33,4,33.72,152.61,-5.84,-35.2,28,2.61,-,33,53.76,11.43,8.75,3.41,151.87,32.28,0,0,3.14,1917,67.61,65,13.33,-10.5,-,11.43,8.75,32.28,11.31,1785.42,1305.8,479.62,-12.19,14.12,14.3,28
Mon Sep 26 07:05:40 GMT-03:00 2022,26-Sep-2022 07:05:40.419,-35.204094260605864,-5.840714481408038,18.341426849365234,4.0,33.76075010246162,151.8662567138672,-0.38,5.18,8.56,0.02,12.94,0.01,0,0.02,0,14.9,7.45,29.4,20.39,89,24.08,1011.58,14.65,707.8,2,329.83,232,0,85,-,19.22,15.69,1337,20.39,77.39,1.23,45.1,-5.47,0,0,-,1.33,4,33.76,151.87,-5.84,-35.2,27,3.03,-,33,52.93,11.43,8.75,3.36,149.53,32.28,0,0,3.14,1918,66.03,63,13.33,-10.5,-,11.43,8.75,32.28,11.33,1786.41,1306.8,479.62,-12.24,14.12,14.4,25
Mon Sep 26 07:05:41 GMT-03:00 2022,26-Sep-2022 07:05:41.419,-35.20401788405867,-5.840856808307445,17.94855308532715,4.0,33.805473288198726,151.94541931152344,0.1,5.37,8.25,0,12.94,0,0.04,0,0,14.9,7.45,29.4,20.39,89,24.11,1011.62,14.65,707.8,2,332.73,232,0,85,-,19.22,15.69,1340.5,20.39,77.41,1.24,45.49,-5.47,0,0,-,1.33,4,33.81,151.95,-5.84,-35.2,27,2.61,-,33,51,11.43,8.75,3.38,144.07,32.29,0,0,3.14,1919,64.61,62,13.33,-10.5,-,11.43,8.75,32.29,11.35,1787.43,1307.81,479.62,-12.22,14.08,14.3,23
Mon Sep 26 07:05:42 GMT-03:00 2022,26-Sep-2022 07:05:42.420,-35.20394165197922,-5.840998855193014,17.52655601501465,4.0,33.86811253486844,152.4750518798828,-1.04,5.62,8.65,0.05,12.94,0.02,0,0.03,0,14.9,7.45,29.4,20.39,89,24.11,1011.64,14.65,705.2,2,332.75,232,0,85,-,19.22,15.69,1340.5,20.39,77.44,1.25,45.49,-5.47,0,0,-,1.34,4,33.87,152.48,-5.84,-35.2,27,2.61,-,33,49.75,11.43,8.75,3.41,140.53,32.29,0,0,3.14,1920,63.1,62,13.33,-10.5,-,11.43,8.75,32.29,11.36,1788.4,1308.78,479.62,-12.21,14.12,14.3,21
Mon Sep 26 07:05:43 GMT-03:00 2022,26-Sep-2022 07:05:43.418,-35.20386905786984,-5.841135746001652,17.12800407409668,3.0,34.023621938232814,152.49729919433594,0.09,5.27,8.4,0.01,12.94,0.01,0.04,0,0.01,14.9,7.45,29.4,20.39,89,24.16,1011.66,14.65,705.2,2,332.77,232,0,85,-,19.22,15.69,1346.5,20.39,77.46,1.26,45.49,-5.47,0,0,-,1.34,3,34.02,152.5,-5.84,-35.2,29,2.66,-,33,47.72,11.43,8.75,3.44,134.81,32.29,0,0,3.14,1921,61.66,59,13.33,-10.5,-,11.43,8.75,32.29,11.38,1789.4,1309.78,479.62,-12.19,14.12,14.4,20
Mon Sep 26 07:05:44 GMT-03:00 2022,26-Sep-2022 07:05:44.420,-35.20380107419426,-5.84126920268785,16.59345245361328,3.0,34.18140329646235,153.51947021484375,-1.03,5.55,8.18,0.01,16.08,0.01,-0.07,0.04,-0.02,21.96,11.37,29.4,20.39,89,24.16,1011.6,14.65,705.2,2,332.77,232,0,85,-,19.22,29.02,1346.5,20.39,77.46,1.26,45.49,-5.47,0,0,-,1.34,3,34.18,153.52,-5.84,-35.2,27,2.66,-,33,47.72,11.43,8.75,3.44,134.81,32.29,0,0,4.31,1922,59.74,59,13.33,-10.5,-,11.43,8.75,32.29,11.4,1790.42,1310.8,479.62,-12.19,14.12,14.3,20
Mon Sep 26 07:05:45 GMT-03:00 2022,26-Sep-2022 07:05:45.419,-35.20373457900276,-5.841400828821682,16.262300491333008,3.0,34.34283581673261,152.82235717773438,-0.58,5.12,8.45,0.01,12.94,0,-0.02,-0.01,0.01,14.9,7.45,13.42,20.39,89,24.18,1011.61,14.65,698.6,0.91,332.79,232,0,84,-,29.8,16.08,1341,20.39,77.49,1.82,45.49,-4.69,0,0,-,1.34,3,34.34,152.82,-5.84,-35.2,26,2.74,-,33,32.35,11.44,8.74,4.99,91.39,32.33,0.87,0.08,3.14,1922,58.54,57,13.33,-4,-,11.44,8.74,32.33,11.41,1791.4,1311.78,479.62,-11.1,14.12,14.3,21
Mon Sep 26 07:05:46 GMT-03:00 2022,26-Sep-2022 07:05:46.421,-35.20366713223497,-5.841528549989224,15.923249244689941,3.0,34.451307843063105,152.06643676757812,-0.68,5.1,8.35,-0,12.94,-0.02,-0.02,-0.02,-0.01,14.9,7.45,18.24,20.39,89,24.2,1011.61,14.65,698.6,1.24,333.21,232,0,84,-,18.82,15.69,1338,20.39,77.51,1.21,45.49,-5.47,0,0,-,1.34,3,34.45,152.07,-5.84,-35.2,27,2.54,-,33,47.26,11.45,8.74,3.3,133.51,32.33,0.8,0.1,3.14,1923,57.32,56,13.33,-10.5,-,11.45,8.74,32.33,11.43,1792.41,1312.79,479.62,-12.29,14.12,14.3,19
Mon Sep 26 07:05:47 GMT-03:00 2022,26-Sep-2022 07:05:47.419,-35.2036016077157,-5.8416577021379625,15.348625183105469,8.0,34.43369439273379,151.8609619140625,-0.01,4.64,8.93,0.02,12.94,0.02,0.03,-0.06,0.06,14.9,7.45,29.4,20.39,89,24.22,1011.58,14.65,694.4,2,333.23,232,0,84,-,19.22,15.69,1337,20.39,77.53,1.25,45.49,-4.69,0,0,-,1.34,8,34.43,151.86,-5.84,-35.2,25,3.32,-,33,44.93,11.45,8.74,3.41,126.93,32.33,0,0.01,3.14,1924,55.26,54,13.33,-10.5,-,11.45,8.74,32.33,11.43,1793.4,1313.78,479.62,-12.21,14.12,14.3,19
Mon Sep 26 07:05:48 GMT-03:00 2022,26-Sep-2022 07:05:48.419,-35.203536788137,-5.84177580508663,14.761780738830566,8.0,34.06426725633579,151.84481811523438,-0.88,3.99,9.36,0.04,12.94,0.05,0,-0.14,0.12,14.9,7.45,29.4,20.39,89,24.24,1011.69,14.65,694.4,2,333.25,232,0,84,-,18.43,16.08,1698,20.39,77.57,1.51,45.49,-4.69,0,0,-,1.34,8,34.06,151.84,-5.84,-35.2,25,6.14,-,33,35.78,11.45,8.74,4.13,101.06,32.34,0,0,3.14,1926,53.14,47,14.12,-6,-,11.45,8.74,32.34,11.43,1794.43,1314.81,479.62,-11.69,14.06,14.3,19
Mon Sep 26 07:05:49 GMT-03:00 2022,26-Sep-2022 07:05:49.421,-35.20348141333384,-5.841880335335756,13.029461860656738,6.0,33.92231155559412,151.8441619873047,-0.45,3.39,9.3,0.01,13.73,0.01,-0.01,-0.19,0.1,14.9,7.45,29.4,20.39,89,24.25,1011.73,14.65,691.4,2,333.28,232,0,84,-,19.22,15.69,1567,20.39,77.59,1.49,45.49,-4.69,0,0,-,1.34,6,33.92,151.84,-5.84,-35.2,23,7.91,-,33,31.52,11.46,8.73,4.08,89.04,32.38,0,0,3.53,1927,46.91,39,13.73,-8.5,-,11.46,8.73,32.38,11.47,1795.38,1315.76,479.62,-12.34,14.08,14.3,18
Mon Sep 26 07:05:50 GMT-03:00 2022,26-Sep-2022 07:05:50.420,-35.20343749053916,-5.841966320247317,10.935216903686523,6.0,33.55952314870483,152.29849243164062,-0.75,2.89,9.95,0.06,13.33,0.04,-0.01,-0.24,0.15,14.9,7.45,29.4,20.39,89,24.25,1011.77,14.65,691.4,2,336.55,232,0,83,-,24.71,18.04,1005.5,20.39,77.61,1.24,45.88,-4.69,0,0,-,1.34,6,33.56,152.3,-5.84,-35.2,25,10.37,-,33,31.57,11.47,8.71,3.38,89.18,32.41,0,0,3.14,1928,39.37,29,13.73,-8.5,-,11.47,8.71,32.41,11.47,1796.39,1316.77,479.62,-12.58,14.08,14.3,17
Mon Sep 26 07:05:51 GMT-03:00 2022,26-Sep-2022 07:05:51.420,-35.20340418387089,-5.842033283020706,8.285426139831543,6.0,33.63123012269094,152.4202117919922,-0.68,6.37,10.3,0.23,12.94,0.23,-0.03,0.1,0.2,14.9,7.45,13.68,20.39,89,24.25,1011.78,14.65,686.2,0.93,336.55,232,0,83,-,24.71,20.78,1005.5,20.39,77.61,1.24,45.88,-5.47,0,0,-,1.34,6,33.63,152.42,-5.84,-35.2,23,10.37,-,33,31.57,11.47,8.71,3.38,89.18,32.41,0.08,0.05,3.14,1929,29.83,29,13.33,6.5,-,11.47,8.71,32.41,11.47,1797.31,1317.69,479.62,-12.58,14.12,14.4,17
Mon Sep 26 07:05:52 GMT-03:00 2022,26-Sep-2022 07:05:52.421,-35.20337810260708,-5.842082019609716,5.786999225616455,6.0,33.81939845990185,151.64773559570312,-0.06,5.67,6.41,-0.13,19.22,-0.1,0.02,0.05,-0.17,25.1,12.94,13.56,20.39,89,24.25,1011.75,14.65,686.2,0.92,336.95,232,0,83,-,28.63,41.18,1023,20.39,77.64,1.18,47.06,-2.34,0,0,-,1.34,6,33.82,151.65,-5.84,-35.2,26,9.83,-,33,24.64,11.48,8.71,3.22,69.61,32.44,0.87,0.1,9.41,1930,20.83,20,19.22,12.5,-,11.48,8.71,32.44,11.5,1798.4,1318.78,479.62,-11.58,14.12,14.4,18
Mon Sep 26 07:05:53 GMT-03:00 2022,26-Sep-2022 07:05:53.419,-35.203352262818825,-5.84212680694121,5.1681671142578125,6.0,33.79924492639198,151.43515014648438,-0.15,6.85,7.34,0.02,19.22,0.02,0.01,0.15,-0.09,27.06,14.12,13.69,20.39,89,24.25,1011.73,14.65,671,0.93,345.86,232,0,83,-,43.92,44.31,2633,20.39,77.73,5.68,47.06,-2.34,0,0,-,1.34,6,33.8,151.44,-5.84,-35.2,27,0.83,-,33,3.52,11.48,8.71,15.55,9.94,32.42,0.81,0.13,9.41,1930,18.61,20,20,24.5,-,11.48,8.71,32.42,11.5,1799.41,1319.79,479.62,-0.07,14.08,14.4,38
Mon Sep 26 07:05:54 GMT-03:00 2022,26-Sep-2022 07:05:54.419,-35.20332499847644,-5.842179787693546,6.1940436363220215,6.0,33.747448053972,152.76055908203125,-0.22,7.05,8.02,0.09,19.22,0.04,-0.03,0.16,-0.07,27.06,14.12,14.7,20.39,89,24.24,1011.7,14.65,661,1,345.69,232,0,83,3.31,64.71,44.31,1881,20.39,77.85,5.85,47.06,-2.34,0,0,-,1.34,6,33.75,152.76,-5.84,-35.2,26,0.7,4.44,33,3.42,11.47,8.72,16.02,9.65,32.41,0.82,0.76,14.51,1931,22.3,23,21.57,18,16.8,11.47,8.72,32.41,11.5,1800.42,1320.8,479.62,-8.82,14.12,14.4,38
Mon Sep 26 07:05:55 GMT-03:00 2022,26-Sep-2022 07:05:55.419,-35.20329817929659,-5.842230443131871,6.9856486320495605,6.0,33.85171835350616,153.44729614257812,-0.5,6.63,7.8,0.04,24.31,0.04,-0.01,0.13,-0.04,36.08,18.43,14.7,20.39,89,24.25,1011.64,14.65,661,1,345.53,232,0,83,10.94,76.86,64.31,2220,20.39,77.99,8.29,47.06,-1.56,0,1.56,-,1.34,6,33.85,153.45,-5.84,-35.2,30,1.85,14.68,33,2.77,11.47,8.72,22.69,7.83,32.39,0.24,0.8,14.51,1932,25.15,27,26.67,18,47.08,11.47,8.72,32.39,11.51,1801.4,1321.78,479.62,-3.08,14.12,14.4,48
Mon Sep 26 07:05:56 GMT-03:00 2022,26-Sep-2022 07:05:56.419,-35.203264888334026,-5.8422992154354345,8.10338306427002,6.0,33.979008122405205,153.16268920898438,-0.64,6.7,7.7,0.04,26.67,0.06,-0.02,0.15,-0.04,35.29,18.04,14.7,20.39,89,24.25,1011.68,14.65,661,1,342.48,232,0,82,14.98,74.51,65.88,2593,20.39,78.18,10.05,46.67,-1.56,1.56,-0.78,-,1.35,6,33.98,153.16,-5.84,-35.2,28,2.83,20.09,32,2.69,11.46,8.73,27.49,7.59,32.37,0.8,0.79,16.86,1934,29.17,32,25.88,18.5,55.16,11.46,8.73,32.37,11.53,1802.41,1322.79,479.62,-2.78,14.06,14.4,56
Mon Sep 26 07:05:57 GMT-03:00 2022,26-Sep-2022 07:05:57.421,-35.203225570740635,-5.842374245654807,9.411176681518555,6.0,34.21215710698203,152.5445098876953,-0.36,6.62,7.61,0.03,25.1,0.02,0,0.13,-0.06,37.25,19.22,14.7,20.39,89,24.25,1011.61,14.65,661.5,1,339.42,232,0,82,14.98,74.51,65.49,2593,20.39,78.38,8.81,46.27,-1.56,1.56,-0.78,-,1.35,6,34.21,152.54,-5.84,-35.2,29,2.83,20.09,32,3.63,11.46,8.73,24.11,10.26,32.36,0.8,0.79,14.12,1935,33.88,32,25.88,18.5,55.16,11.46,8.73,32.36,11.53,1803.39,1323.77,479.62,-5.76,14.06,14.3,57
Mon Sep 26 07:05:58 GMT-03:00 2022,26-Sep-2022 07:05:58.420,-35.20318022429684,-5.842459022095818,10.384352684020996,6.0,34.41881003609196,151.644287109375,-0.19,6.7,7.43,0.02,25.49,-0.05,0,0.09,-0.14,34.51,17.65,14.7,20.39,89,24.27,1011.55,14.65,670.4,1,339.27,232,0,82,13.74,78.04,64.71,2323,20.39,78.52,8.9,46.27,-1.56,0.78,-0.78,-,1.35,6,34.42,151.64,-5.84,-35.2,30,2.62,18.42,32,4.16,11.45,8.73,24.36,11.74,32.35,0.78,0.77,15.69,1936,37.38,40,26.27,18,58.21,11.45,8.73,32.35,11.53,1804.41,1324.79,479.62,-4.32,14.1,14.4,60
Mon Sep 26 07:05:59 GMT-03:00 2022,26-Sep-2022 07:05:59.419,-35.20313288872099,-5.842546386861112,11.128372192382812,6.0,34.81218108266723,151.79957580566406,-0.22,6.4,7.77,0.02,26.27,0.02,0,0.11,-0.05,32.94,16.86,14.7,20.39,89,24.27,1011.51,14.65,670.4,1,339.27,232,0,82,13.74,76.47,66.27,2323,20.39,78.52,8.9,45.88,-1.56,3.12,0,-,1.35,6,34.81,151.8,-5.84,-35.2,27,2.62,18.42,32,4.16,11.45,8.73,24.36,11.74,32.35,0.75,0.75,16.47,1937,40.06,40,26.67,18,58.21,11.45,8.73,32.35,11.56,1805.43,1325.81,479.62,-4.32,14.12,14.4,60
Mon Sep 26 07:06:00 GMT-03:00 2022,26-Sep-2022 07:06:00.419,-35.20308061790172,-5.842640727662405,11.732734680175781,6.0,34.804379683658624,151.80213928222656,-0.12,6.23,8.28,0.05,23.92,0.01,0.01,0.09,-0.05,29.8,15.29,14.7,20.39,89,24.28,1011.39,14.65,688.5,1,336.25,232,0,82,13.53,76.08,56.47,2437,20.39,78.69,9.18,45.88,-1.56,0.78,0,-,1.36,6,34.8,151.8,-5.84,-35.2,26,2.94,18.14,32,4.36,11.45,8.74,25.11,12.31,32.33,0.76,0.74,14.12,1937,42.24,43,26.67,18,53.01,11.45,8.74,32.33,11.56,1806.43,1326.81,479.62,-4.32,14.12,14.4,63
Mon Sep 26 07:06:01 GMT-03:00 2022,26-Sep-2022 07:06:01.419,-35.20302558326752,-5.8427445637524755,12.602685928344727,6.0,35.18568183508917,151.5400390625,0.24,6.21,7.43,-0.01,25.88,-0.01,0.05,0.09,-0.08,35.29,18.04,14.7,20.39,89,24.3,1011.33,14.65,688.5,1,336.11,232,0,82,8.54,72.16,66.27,2279.5,20.39,78.8,7,45.88,-1.56,3.12,0,-,1.36,6,35.19,151.54,-5.84,-35.2,26,2.76,11.46,32,6.14,11.44,8.74,19.16,17.35,32.32,0.8,0.74,15.29,1938,45.37,45,24.71,18.5,35.79,11.44,8.74,32.32,11.59,1807.41,1327.8,479.62,-7.14,14.06,14.4,60
Mon Sep 26 07:06:02 GMT-03:00 2022,26-Sep-2022 07:06:02.420,-35.202968405524835,-5.842852114459018,13.077218055725098,6.0,35.630192698781904,151.59986877441406,0.36,6.39,7.56,0.01,25.1,0.07,0.05,0.1,0.01,35.29,18.04,14.7,20.39,89,24.31,1011.32,14.65,702.6,1,336,232,0,83,9.77,76.86,66.27,2280.5,20.39,78.96,8.53,45.88,-1.56,-3.12,-5.47,-,1.36,6,35.63,151.6,-5.84,-35.2,27,1.63,13.11,31,5.28,11.44,8.74,23.33,14.91,32.31,0.5,0.75,15.29,1939,47.08,47,25.88,18,40.92,11.44,8.74,32.31,11.59,1808.36,1328.74,479.62,-4.87,14.08,14.4,61
Mon Sep 26 07:06:03 GMT-03:00 2022,26-Sep-2022 07:06:03.418,-35.20291369695117,-5.842959479507622,13.482186317443848,6.0,36.340041169965275,152.176513671875,-0.61,6.12,7.96,0.02,25.1,0.02,-0.03,0.08,-0.03,32.94,16.86,14.7,20.39,89,24.33,1011.2,14.65,702.6,1,335.88,232,0,83,7.9,70.2,63.53,2155.5,20.39,79.11,7.21,45.88,-1.56,-0.78,0.78,-,1.36,6,36.34,152.18,-5.84,-35.2,28,0.46,10.59,31,6.51,11.43,8.75,19.74,18.4,32.3,0.2,0.75,15.29,1941,48.54,49,22.75,20,35,11.43,8.75,32.3,11.62,1809.42,1329.81,479.62,-6.4,14.16,14.4,60
Mon Sep 26 07:06:04 GMT-03:00 2022,26-Sep-2022 07:06:04.419,-35.202857302674076,-5.843067697790863,13.961421966552734,6.0,36.91081310738899,152.39845275878906,-1.34,5.5,7.97,-0.01,19.22,0.01,-0.05,0.07,-0.03,14.9,7.45,14.7,20.39,89,24.35,1011.2,14.65,709.7,1,335.78,232,0,83,7.9,31.37,43.14,1704,20.39,79.16,2.66,45.88,-2.34,1.56,0.78,-,1.36,6,36.91,152.4,-5.84,-35.2,29,1.26,10.59,31,18.44,11.44,8.74,7.27,52.1,32.31,0.2,0.75,9.02,1942,50.26,49,17.25,22.5,35,11.44,8.74,32.31,11.62,1810.39,1330.77,479.62,-11.44,14.16,14.5,50
Mon Sep 26 07:06:05 GMT-03:00 2022,26-Sep-2022 07:06:05.419,-35.20280062669013,-5.843174448617241,13.689131736755371,4.0,37.59311151870989,150.8650360107422,-1.91,5.91,7.75,0.01,21.57,0.01,-0.16,0.06,-0.05,30.98,16.08,14.7,20.39,89,24.36,1011.13,14.65,709.7,1,335.92,232,0,83,7.9,71.76,57.25,1715,20.39,79.28,6.07,45.88,-2.34,1.56,3.12,-,1.37,4,37.59,150.87,-5.84,-35.2,28,2.28,10.59,31,8.07,11.44,8.74,16.61,22.8,32.31,0.08,0.74,9.02,1943,49.28,47,17.25,22.5,35,11.44,8.74,32.31,11.64,1811.4,1331.78,479.62,-5.36,14,14.3,53
Mon Sep 26 07:06:06 GMT-03:00 2022,26-Sep-2022 07:06:06.418,-35.20273508805459,-5.843275745686796,13.39797306060791,4.0,38.060846040771914,144.17872619628906,-3.53,6.42,7.68,0.08,24.71,0.04,-0.29,0.07,-0.06,32.55,16.47,14.7,20.78,89,24.36,1011.03,14.5,713.1,1,335.92,232,0,83,7.9,71.76,65.49,1715,20.78,79.28,6.07,45.88,-1.56,1.56,0,-,1.37,4,38.06,144.18,-5.84,-35.2,28,2.28,10.59,31,8.07,11.44,8.74,16.61,22.8,32.31,0.71,0.74,14.9,1944,48.23,47,23.92,19.5,35,11.44,8.74,32.31,11.64,1812.42,1332.8,479.62,-5.36,14.06,14.3,53
Mon Sep 26 07:06:07 GMT-03:00 2022,26-Sep-2022 07:06:07.420,-35.202655531641476,-5.843366170331487,13.37695026397705,4.0,38.52549816426519,133.87332153320312,-3.16,5.61,7.72,0.02,23.53,0.02,-0.29,0.03,-0.05,32.16,16.47,14.7,20.78,89,24.38,1010.99,14.5,716.2,1,335.85,232,0,84,3.91,74.9,61.57,1901.5,20.78,79.43,7.01,45.88,-1.56,-0.78,0.78,-,1.37,4,38.53,133.87,-5.84,-35.2,29,0.23,5.25,31,6.7,11.43,8.75,19.19,18.93,32.3,0.09,0.75,13.73,1944,48.16,48,23.53,18,19.65,11.43,8.75,32.3,11.67,1813.4,1333.78,479.62,-3.85,14.14,14.3,58
Mon Sep 26 07:06:08 GMT-03:00 2022,26-Sep-2022 07:06:08.423,-35.20255679399136,-5.8434422213492905,13.678586959838867,4.0,38.495536412636,120.6637191772461,-3.34,6.02,7.37,0.03,22.75,0.01,-0.3,0.06,-0.09,32.16,16.47,14.7,21.18,89,24.39,1010.99,14.5,716.2,1,335.76,232,0,84,4.93,74.51,61.57,2123.5,21.18,79.56,7.61,45.88,-1.56,0.78,2.34,-,1.37,4,38.5,120.66,-5.84,-35.2,28,0.84,6.61,31,6.31,11.43,8.75,20.83,17.81,32.29,0.34,0.76,13.73,1945,49.24,49,25.1,18.5,22.16,11.43,8.75,32.29,11.67,1814.4,1334.78,479.62,-4.07,14.1,14.4,61
Mon Sep 26 07:06:09 GMT-03:00 2022,26-Sep-2022 07:06:09.420,-35.202457493769494,-5.8435172849360155,14.275137901306152,6.0,38.520276140888896,109.12553405761719,-2.64,6.13,8.04,0.06,22.75,0.06,-0.23,0.08,-0.02,28.24,14.51,14.7,21.18,89,24.41,1011.01,14.5,719.8,1,335.66,232,0,84,13.97,63.92,57.65,1912,21.18,79.67,5.88,45.88,-1.56,2.34,0,-,1.37,6,38.52,109.13,-5.84,-35.2,28,0.61,18.74,31,8.34,11.43,8.75,16.08,23.55,32.28,0.79,0.76,13.73,1946,51.39,52,21.57,21,69.79,11.43,8.75,32.28,11.7,1815.43,1335.81,479.62,-7.29,14.12,14.3,58
Mon Sep 26 07:06:10 GMT-03:00 2022,26-Sep-2022 07:06:10.417,-35.20232861308387,-5.843540919784613,14.43779468536377,6.0,38.61290058192057,97.98210144042969,-0.96,6.03,7.92,0.02,21.57,0,-0.05,0.06,-0.06,30.59,15.29,14.7,21.18,89,24.43,1010.98,14.5,719.8,1,338.47,232,0,84,4.34,68.63,56.47,1793,21.18,79.8,5.92,46.27,-1.56,0,0,-,1.38,6,38.61,97.98,-5.84,-35.2,25,1.02,5.82,31,8.79,11.43,8.75,16.19,24.83,32.28,0.79,0.76,11.76,1948,51.98,53,21.57,18.5,23.12,11.43,8.75,32.28,11.7,1816.36,1336.74,479.62,-6.44,14.12,14.3,57
Mon Sep 26 07:06:11 GMT-03:00 2022,26-Sep-2022 07:06:11.417,-35.202194357098534,-5.843551362820485,15.016629219055176,6.0,38.499856316428136,94.68851470947266,0.17,6.18,8.22,0.05,21.57,0.04,0.04,0.09,0,30.2,15.69,14.7,21.18,89,24.45,1011,14.5,720.2,1,338.41,232,0,84,11.25,68.63,58.04,1754.5,21.18,79.89,5.55,46.27,-1.56,-3.91,-1.56,-,1.38,6,38.5,94.69,-5.84,-35.2,25,0.94,15.09,31,9.55,11.43,8.75,15.19,26.97,32.28,0.47,0.75,11.76,1949,54.06,55,22.35,19.5,61.24,11.43,8.75,32.28,11.73,1817.37,1337.75,479.62,-6.43,14.12,14.4,56
Mon Sep 26 07:06:12 GMT-03:00 2022,26-Sep-2022 07:06:12.418,-35.20205277669721,-5.843560055707516,15.605232238769531,6.0,38.327141118491234,94.09004211425781,-0.01,5.71,7.6,-0.03,20.78,-0.03,0.03,0.01,-0.05,29.41,14.9,14.7,21.18,89,24.45,1010.96,14.5,720.2,1,338.38,232,0,84,11.25,68.63,55.69,1714,21.18,79.99,5.04,46.27,-1.56,-3.91,-2.34,-,1.38,6,38.33,94.09,-5.84,-35.2,23,0.94,15.09,31,10.91,11.43,8.75,13.8,30.81,32.27,0.2,0.75,10.98,1950,56.18,55,21.18,19.5,61.24,11.43,8.75,32.27,11.73,1818.41,1338.79,479.62,-7.01,14.04,14.4,55
Mon Sep 26 07:06:13 GMT-03:00 2022,26-Sep-2022 07:06:13.417,-35.20190723893602,-5.843572631112789,16.120441436767578,4.0,37.85699893018043,95.08992767333984,-0.38,5.55,6.97,-0.09,21.57,0.03,0.02,0.1,-0.04,32.55,16.47,14.7,21.18,89,24.47,1011.01,14.65,719.5,1,338.38,232,0,84,16.16,64.71,58.82,1714,21.18,79.99,5.04,46.27,-2.34,-3.12,-0.78,-,1.38,4,37.86,95.09,-5.84,-35.2,25,1.82,21.67,31,10.91,11.43,8.75,13.8,30.81,32.27,0.1,0.75,11.76,1951,58.03,58,20.39,19.5,90.04,11.43,8.75,32.27,11.76,1819.37,1339.75,479.62,-7.01,14.04,14.4,55
Mon Sep 26 07:06:14 GMT-03:00 2022,26-Sep-2022 07:06:14.417,-35.20175544200034,-5.8435870356511765,16.719940185546875,4.0,37.39030268714657,95.411376953125,-0.64,5.84,7.08,-0.07,23.14,0,-0.07,0,-0.01,29.02,14.9,14.7,21.18,89,24.5,1011.07,14.65,719.5,1,338.37,232,0,84,12.15,76.08,56.47,2148.5,21.18,80.11,7.06,46.27,-1.56,0,-2.34,-,1.38,4,37.39,95.41,-5.84,-35.2,25,1.97,16.29,31,8.21,11.42,8.75,19.33,23.19,32.27,0.77,0.77,13.33,1951,60.19,60,25.88,18,54,11.42,8.75,32.27,11.77,1820.42,1340.8,479.62,-3.91,14.06,14.3,59
Mon Sep 26 07:06:15 GMT-03:00 2022,26-Sep-2022 07:06:15.417,-35.201599266935325,-5.843601564129494,17.42753791809082,4.0,36.927336428211525,95.23088836669922,0.04,6.01,8.42,0.05,18.43,0.05,0.03,0.07,0.01,25.49,12.94,14.7,21.18,89,24.52,1011.13,14.5,719.8,1,335.44,232,0,85,17.71,61.18,45.49,1927.5,21.18,80.22,5.72,45.88,-2.34,-3.12,-4.69,-,1.38,4,36.93,95.23,-5.84,-35.2,27,2.81,23.75,31,10.48,11.42,8.75,15.66,29.61,32.27,0.27,0.77,8.63,1952,62.74,63,20,21,87.72,11.42,8.75,32.27,11.79,1821.4,1341.78,479.62,-7.71,14.12,14.4,56
Mon Sep 26 07:06:16 GMT-03:00 2022,26-Sep-2022 07:06:16.418,-35.20143709826715,-5.843616981762018,17.949989318847656,4.0,36.53927615597375,95.4211196899414,0.34,5.56,7.76,-0.03,18.43,-0.14,0,-0.06,-0.13,25.49,12.94,14.7,21.18,89,24.55,1011.11,14.65,719.5,1,335.42,232,0,85,11,51.76,45.49,1700.5,21.18,80.29,3.78,45.88,-2.34,-3.91,-4.69,-,1.38,4,36.54,95.42,-5.84,-35.2,25,0.38,14.75,31,16.69,11.43,8.75,10.33,47.14,32.28,0.46,0.76,8.63,1953,64.62,65,18.04,21.5,61.75,11.43,8.75,32.28,11.81,1822.43,1342.81,479.62,-9.4,14.08,14.3,51
Mon Sep 26 07:06:17 GMT-03:00 2022,26-Sep-2022 07:06:17.418,-35.20127175158917,-5.843633105658845,18.374156951904297,4.0,36.05487833125338,95.43846893310547,0.19,5.53,7.9,-0.02,16.08,-0.01,0.05,0.02,-0.03,15.69,8.24,14.7,21.18,89,24.58,1011.18,14.65,719.5,1,335.52,232,0,85,6.7,34.12,34.12,1485,21.18,80.33,2.36,45.88,-2.34,-3.12,-3.91,-,1.39,4,36.05,95.44,-5.84,-35.2,26,0.15,8.99,31,27.49,11.44,8.74,6.47,77.65,32.31,0.75,0.75,6.27,1955,66.15,66,14.9,-1.5,43.09,11.44,8.74,32.31,11.83,1823.41,1343.8,479.62,-11.02,14.08,14.3,44
Mon Sep 26 07:06:18 GMT-03:00 2022,26-Sep-2022 07:06:18.417,-35.20110598169344,-5.843649697311171,18.641748428344727,4.0,35.48469571003326,95.82714080810547,-0.46,5.2,8.43,0.01,12.94,0,-0.05,0,0,14.9,7.45,14.7,21.18,89,24.61,1011.26,14.65,719.5,1,335.83,232,0,85,6.7,19.22,16.47,1369,21.18,80.36,1.27,45.88,-3.91,-0.78,-3.91,-,1.39,4,35.48,95.83,-5.84,-35.2,26,1.11,8.99,32,52.04,11.44,8.74,3.47,147.01,32.31,0.75,0.75,3.14,1956,67.11,66,13.33,-9,43.09,11.44,8.74,32.31,11.85,1824.42,1344.8,479.62,-12.42,14.08,14.3,37
Mon Sep 26 07:06:19 GMT-03:00 2022,26-Sep-2022 07:06:19.417,-35.200936948706804,-5.843666329971219,18.621761322021484,4.0,34.89310052608554,94.76023864746094,0,4.39,8.82,0,12.94,0,0.03,-0.09,0.05,14.9,7.45,16.56,21.18,89,24.63,1011.37,14.65,718.4,1.13,335.86,232,0,85,6.7,20,16.47,1325,21.18,80.38,1.21,45.88,-4.69,-0.78,0,-,1.39,4,34.89,94.76,-5.84,-35.2,28,2.04,8.99,32,54.72,11.44,8.74,3.3,154.59,32.31,0.06,0.75,3.14,1957,67.04,65,13.33,-9,43.09,11.44,8.74,32.31,11.87,1825.42,1345.8,479.62,-12.35,14.08,14.3,31
Mon Sep 26 07:06:20 GMT-03:00 2022,26-Sep-2022 07:06:20.417,-35.200771640784325,-5.843682099757476,18.41316032409668,4.0,34.45490373655697,95.50395202636719,-0.3,3.94,9.51,0.05,12.94,0,0.03,-0.17,0.09,14.9,7.45,29.4,21.18,89,24.66,1011.47,14.65,718.4,2,335.88,232,0,85,-,16.86,14.9,1867.5,21.18,80.41,1.66,45.88,-5.47,0,0,-,1.39,4,34.45,95.5,-5.84,-35.2,27,7.29,-,32,39.09,11.44,8.74,4.55,110.42,32.31,0,0.04,3.14,1958,66.29,59,13.33,-10,-,11.44,8.74,32.31,11.88,1826.41,1346.79,479.62,-11.37,14.08,14.4,29
Mon Sep 26 07:06:21 GMT-03:00 2022,26-Sep-2022 07:06:21.417,-35.20061838384644,-5.843697522343897,17.06308364868164,4.0,34.13119909669431,95.7320556640625,-0.46,3.64,9,-0.01,13.73,0,-0.01,-0.16,0.07,14.9,7.45,29.4,21.18,89,24.66,1011.56,14.65,716.5,2,335.88,232,0,85,-,16.86,12.55,1867.5,21.18,80.41,1.66,45.88,-3.91,0,0,-,1.39,4,34.13,95.73,-5.84,-35.2,26,7.29,-,32,39.09,11.44,8.74,4.55,110.42,32.31,0,0,3.53,1958,61.43,59,14.12,-1,-,11.44,8.74,32.31,11.9,1827.41,1347.8,479.62,-11.37,14.06,14.4,29
Mon Sep 26 07:06:22 GMT-03:00 2022,26-Sep-2022 07:06:22.417,-35.20048014245419,-5.843711130374672,15.374978065490723,4.0,33.41746450472138,95.88892364501953,-0.49,3.31,9.46,0.02,13.73,0.03,0.04,-0.18,0.12,14.9,7.45,29.4,21.18,89,24.67,1011.67,14.65,714.7,2,335.9,232,0,85,-,16.08,12.55,1860.5,21.18,80.44,1.5,45.88,-4.69,0,0,-,1.39,4,33.42,95.89,-5.84,-35.2,24,9.43,-,33,39.28,11.44,8.74,4.11,110.96,32.32,0,0,3.92,1959,55.35,52,14.12,-1.5,-,11.44,8.74,32.32,11.9,1828.39,1348.77,479.62,-12.55,14.08,14.3,25
Mon Sep 26 07:06:23 GMT-03:00 2022,26-Sep-2022 07:06:23.417,-35.20035536045303,-5.843724355376012,13.878982543945312,4.0,32.74285141784635,96.15292358398438,0.11,2.28,10.22,0.07,13.73,0.06,0.04,-0.3,0.19,14.9,7.45,29.4,21.18,89,24.69,1011.85,14.65,714.7,2,335.92,232,0,85,-,18.43,14.9,1697,21.18,80.47,1.5,45.88,-4.69,0,0,-,1.39,4,32.74,96.15,-5.84,-35.2,26,4.96,-,33,34.62,11.45,8.73,4.11,97.79,32.36,0,0,3.92,1960,49.96,45,13.73,-7,-,11.45,8.73,32.36,11.93,1829.39,1349.77,479.62,-12.53,14.04,14.3,23
Mon Sep 26 07:06:24 GMT-03:00 2022,26-Sep-2022 07:06:24.417,-35.20024956497576,-5.843734401236399,11.6908540725708,4.0,32.112500287578854,96.10478973388672,-0.36,2.14,10.37,0.08,13.33,0.11,-0.02,-0.31,0.24,14.9,7.45,29.4,21.18,89,24.69,1011.97,14.65,712.7,2,342.13,233,0,84,-,21.96,16.47,1231.5,21.18,80.5,1.3,46.67,-3.91,0,0,-,1.39,4,32.11,96.1,-5.84,-35.2,27,11.09,-,33,34.68,11.47,8.72,3.55,97.98,32.4,0,0,3.53,1962,42.09,31,14.9,2,-,11.47,8.72,32.4,11.93,1830.41,1350.79,479.62,-12.64,14.14,14.3,20
Mon Sep 26 07:06:25 GMT-03:00 2022,26-Sep-2022 07:06:25.419,-35.20017278874547,-5.843742188149039,8.424300193786621,4.0,31.543636448512252,95.81305694580078,0.21,4.58,6.04,-0.23,12.94,-0.22,0.05,-0.07,-0.22,14.9,7.45,23.78,21.18,89,24.69,1012.06,14.65,712.7,1.62,342.59,233,0,84,-,21.18,21.18,1140,21.18,80.51,1,46.67,-4.69,0,0,-,1.39,4,31.54,95.81,-5.84,-35.2,24,11.33,-,33,30.96,11.48,8.71,2.74,87.45,32.44,0,0,3.14,1963,30.33,19,14.9,2,-,11.48,8.71,32.44,11.95,1831.4,1351.78,479.62,-12.52,14.14,14.4,19
Mon Sep 26 07:06:26 GMT-03:00 2022,26-Sep-2022 07:06:26.420,-35.200108290872244,-5.843748644788237,6.77970027923584,6.0,31.385917331867383,95.5136489868164,-0.35,5.78,7.74,-0.02,14.9,0,0,0.05,-0.04,23.53,12.16,13.3,21.18,89,24.68,1012.07,14.65,708.7,0.9,348.74,233,0,84,1.9,21.18,29.02,1773.5,21.18,80.58,3.58,47.45,-4.69,0,0,-,1.39,6,31.39,95.51,-5.84,-35.2,22,4.41,2.55,33,5.3,11.48,8.71,9.8,14.99,32.43,0.86,0.08,5.1,1964,24.41,20,13.33,6,10.24,11.48,8.71,32.43,11.95,1832.4,1352.78,479.62,-6.41,14.12,14.4,28
Mon Sep 26 07:06:27 GMT-03:00 2022,26-Sep-2022 07:06:27.419,-35.200056131640395,-5.843751554101235,5.937155246734619,8.0,31.484673494279143,94.89486694335938,-0.4,6.36,7.56,0.01,16.86,0,0,0.1,-0.07,26.27,13.33,13.6,21.18,89,24.68,1012.07,14.65,702.3,0.93,348.74,233,0,84,1.9,40.78,43.14,1773.5,21.18,80.58,3.58,47.45,-2.34,3.12,3.12,-,1.39,8,31.48,94.89,-5.84,-35.2,22,4.41,2.55,33,5.3,11.48,8.71,9.8,14.99,32.43,0.85,0.12,7.06,1964,21.37,20,17.65,23,10.24,11.48,8.71,32.43,11.95,1833.42,1353.81,479.62,-6.41,14.12,14.4,28
Mon Sep 26 07:06:28 GMT-03:00 2022,26-Sep-2022 07:06:28.419,-35.20000728869635,-5.843753708607724,6.706147193908691,8.0,31.10392038887205,94.54966735839844,-0.46,5.51,8.2,0.01,16.08,0.03,0,0.05,0,14.9,7.45,13.67,21.18,89,24.69,1012.09,14.65,702.3,0.93,348.62,233,0,84,10.55,56.08,31.76,1767.5,21.18,80.68,4.82,47.45,-2.34,0,0,-,1.39,8,31.1,94.55,-5.84,-35.2,22,3.63,14.15,33,4.15,11.47,8.71,13.19,11.72,32.41,0.85,0.16,7.45,1965,24.14,25,19.61,0.5,56.99,11.47,8.71,32.41,11.95,1834.4,1354.78,479.62,-7.52,14.12,14.4,33
Mon Sep 26 07:06:29 GMT-03:00 2022,26-Sep-2022 07:06:29.420,-35.199948696802124,-5.84375614062149,7.432120323181152,8.0,30.75087813339809,94.90974426269531,-0.4,4.45,8.91,0.01,12.94,0.01,0,-0.08,0.06,14.9,7.45,14.7,21.18,89,24.69,1012.11,14.65,690.3,1,348.47,233,0,84,5.26,25.88,31.76,1537.5,21.18,80.71,1.87,47.45,-5.47,-0.78,0.78,-,1.39,8,30.75,94.91,-5.84,-35.2,23,0.24,7.05,33,13.39,11.48,8.71,5.11,37.81,32.42,0.37,0.86,2.75,1966,26.76,27,13.73,-1.5,32.64,11.48,8.71,32.42,11.96,1835.42,1355.8,479.62,-11.88,14.08,14.3,29
Mon Sep 26 07:06:30 GMT-03:00 2022,26-Sep-2022 07:06:30.420,-35.199889486573,-5.8437658162672514,7.28801155090332,8.0,31.062769938421816,95.83625793457031,-0.35,3.81,9.53,0.04,12.94,0,-0.01,-0.17,0.07,14.9,7.45,14.7,21.18,89,24.69,1012.18,14.65,690.3,1,348.51,233,0,84,5.26,19.22,15.69,1024,21.18,80.73,0.96,47.45,-7.03,3.91,3.91,-,1.39,8,31.06,95.84,-5.84,-35.2,24,2.24,7.05,33,28.09,11.49,8.71,2.63,79.35,32.45,0.09,0.82,2.75,1967,26.24,24,12.55,8,32.64,11.49,8.71,32.45,11.97,1836.24,1356.62,479.62,-13.01,14.08,14.4,25
Mon Sep 26 07:06:31 GMT-03:00 2022,26-Sep-2022 07:06:31.420,-35.19983706037984,-5.843768043521469,5.823052406311035,8.0,31.256546721466446,96.26104736328125,-0.3,3.55,9.41,0.02,12.16,0.02,0,-0.17,0.11,14.9,7.45,14.7,21.18,89,24.68,1012.21,14.65,690.3,1,348.84,233,0,84,5.26,20,16.08,941.5,21.18,80.75,0.89,47.45,-7.03,4.69,4.69,-,1.39,8,31.26,96.26,-5.84,-35.2,23,4.96,7.05,33,26.91,11.5,8.7,2.44,76.03,32.48,0.85,0.81,2.35,1969,20.96,16,12.55,9,32.64,11.5,8.7,32.48,12,1837.4,1357.78,479.62,-12.36,14.1,14.4,22
Mon Sep 26 07:06:32 GMT-03:00 2022,26-Sep-2022 07:06:32.420,-35.199790931988346,-5.843772225904251,4.521154880523682,8.0,30.965929376802062,96.2088623046875,-0.61,3.44,9.46,0.03,13.33,0.03,-0.02,-0.18,0.12,14.9,7.45,14.7,21.18,89,24.67,1012.27,14.65,687,1,357.81,233,0,84,-,34.12,20.39,897,21.18,80.77,1.32,48.63,-6.25,0.78,4.69,-,1.39,8,30.97,96.21,-5.84,-35.2,23,9.28,-,33,12.13,11.5,8.7,3.61,34.26,32.48,0.85,0.81,3.14,1970,16.28,7,12.55,9,-,11.5,8.7,32.48,12,1838.43,1358.81,479.62,-10.97,14.1,14.3,23
Mon Sep 26 07:06:33 GMT-03:00 2022,26-Sep-2022 07:06:33.418,-35.19976806182874,-5.843769754898989,1.8796451091766357,8.0,30.853515853784245,96.20201873779297,-0.45,5.82,7.9,-0,13.33,0,-0.01,0.05,-0.03,14.9,7.45,14.7,21.18,89,24.67,1012.29,14.65,684,1,372.25,233,0,84,-,34.12,25.88,897,21.18,80.79,1.07,50.59,-4.69,0.78,0,-,1.39,8,30.85,96.2,-5.84,-35.2,22,9.28,-,33,6.51,11.49,8.7,2.94,18.4,32.47,0.74,0.8,3.53,1971,6.77,7,14.12,2,-,11.49,8.7,32.47,12,1839.4,1359.78,479.62,-11.51,14.08,14.4,22
Mon Sep 26 07:06:34 GMT-03:00 2022,26-Sep-2022 07:06:34.419,-35.19976806182874,-5.843769754898989,0.17333932220935822,8.0,30.641992279939046,96.1881332397461,-0.41,5.87,7.96,0.01,12.55,0.01,0,0.06,-0.03,14.9,7.45,14.7,21.18,89,24.65,1012.27,14.65,684,1,372.25,233,0,84,-,29.8,23.14,833.5,21.18,80.79,1.07,50.59,-6.25,-3.12,-0.78,-,1.39,8,30.64,96.19,-5.84,-35.2,22,6.77,-,33,6.51,11.49,8.7,2.94,18.4,32.47,0.21,0.84,2.75,1971,0.62,0,13.33,4.5,-,11.49,8.7,32.47,12,1840.42,1359.82,480.59,-11.51,13.92,14.2,22
Mon Sep 26 07:06:35 GMT-03:00 2022,26-Sep-2022 07:06:35.418,-35.19976806182874,-5.843769754898989,0.04205295071005821,6.0,30.427819824505278,96.19922637939453,-0.38,5.81,7.88,-0,12.94,0,0,0.05,-0.04,14.9,7.45,14.7,21.18,89,24.64,1012.26,14.65,680.4,1,372.14,233,0,84,-,30.98,25.88,750,21.18,80.81,1.03,50.59,-5.47,1.56,2.34,-,1.39,6,30.43,96.2,-5.84,-35.2,24,0.62,-,33,0,11.49,8.7,2.83,0,32.47,0.1,0.82,2.75,1972,0.15,0,12.94,6.5,-,11.49,8.7,32.47,12,1841.4,1359.82,481.58,-11.39,14.1,14.3,22
Mon Sep 26 07:06:36 GMT-03:00 2022,26-Sep-2022 07:06:36.418,-35.199754619055426,-5.8437623960214875,0.4060855805873871,6.0,30.284625933656564,96.18218231201172,-0.45,5.84,7.91,0,12.94,0,-0.01,0.05,-0.03,14.9,7.45,14.7,21.18,89,24.62,1012.27,14.65,678.3,1,375.01,233,0,84,0.37,33.33,25.88,759.5,21.18,80.83,1.09,50.98,-5.47,3.12,0.78,-,1.39,6,30.28,96.18,-5.84,-35.2,25,0.54,0.5,33,0,11.49,8.7,2.97,0,32.47,0.86,0.81,2.75,1973,1.46,2,13.33,2,4.7,11.49,8.7,32.47,12,1842.43,1360.49,481.93,-10.85,14.14,14.3,23
Mon Sep 26 07:06:37 GMT-03:00 2022,26-Sep-2022 07:06:37.420,-35.19974410551326,-5.8437633396427735,0.8240087032318115,6.0,30.169603616514348,96.16668701171875,-0.72,6.57,7.15,-0.01,14.12,0,-0.04,0.12,-0.11,21.18,11.76,14.7,21.18,89,24.61,1012.25,14.65,678.3,1,369.23,233,0,84,0.69,43.14,32.16,1242.5,21.18,80.88,2.4,50.2,-5.47,-0.78,0.78,-,1.39,6,30.17,96.17,-5.84,-35.2,24,1.03,0.93,33,0.83,11.49,8.71,6.58,2.35,32.45,0.08,0.86,4.31,1975,2.97,4,16.86,19.5,5.33,11.49,8.71,32.45,12.01,1843.4,1361.46,481.93,-6.34,14.08,14.3,31
Mon Sep 26 07:06:38 GMT-03:00 2022,26-Sep-2022 07:06:38.421,-35.199730127338306,-5.843764075808727,1.4802502393722534,6.0,30.10810978074895,95.73287963867188,-0.29,6.75,7.27,0.01,17.65,0,-0.02,0.14,-0.11,28.63,14.51,14.7,21.18,89,24.6,1012.23,14.65,678.3,1,363.24,233,0,84,3.84,52.94,40.78,1622.5,21.18,80.96,3.74,49.41,-2.34,7.03,0.78,-,1.4,6,30.11,95.73,-5.84,-35.2,25,3.67,5.15,33,1.07,11.48,8.71,10.24,3.02,32.43,0.08,0.86,7.45,1976,5.33,9,16.86,19.5,22.6,11.48,8.71,32.43,12.01,1844.4,1362.47,481.93,-6.75,14.08,14.4,37
Mon Sep 26 07:06:39 GMT-03:00 2022,26-Sep-2022 07:06:39.422,-35.19970548789337,-5.8437682897004954,2.7887754440307617,8.0,30.12965843272845,94.61876678466797,-0.21,6.42,7.04,-0.03,21.57,-0.02,0.01,0.11,-0.12,29.8,15.29,14.7,21.18,89,24.59,1012.24,14.65,670,1,363.02,233,0,84,9.04,68.63,54.12,1891.5,21.18,81.07,6.32,49.41,-1.56,7.03,6.25,-,1.4,8,30.13,94.62,-5.84,-35.2,24,4.96,12.13,33,1.42,11.47,8.72,17.3,4.02,32.41,0.75,0.8,11.37,1977,10.04,15,20.78,21,45.66,11.47,8.72,32.41,12.01,1845.43,1363.5,481.93,-4.43,14.02,14.4,45
Mon Sep 26 07:06:40 GMT-03:00 2022,26-Sep-2022 07:06:40.420,-35.199667064238405,-5.843767040960229,4.19728422164917,8.0,30.18849838570666,93.89933013916016,-0.34,6.91,6.81,-0.01,25.1,0.02,0,0.19,-0.12,32.94,16.86,14.7,21.18,89,24.59,1012.26,14.65,667.3,1,363.02,233,0,84,9.04,68.63,65.1,1891.5,21.18,81.07,6.32,49.41,-1.56,-0.78,0.78,-,1.4,8,30.19,93.9,-5.84,-35.2,24,4.96,12.13,33,1.42,11.47,8.72,17.3,4.02,32.41,0.08,0.81,14.51,1977,15.11,15,22.75,18.5,45.66,11.47,8.72,32.41,12.01,1846.4,1364.47,481.93,-4.43,14.06,14.4,45
Mon Sep 26 07:06:41 GMT-03:00 2022,26-Sep-2022 07:06:41.420,-35.199616495445646,-5.843769869924787,5.765968322753906,6.0,30.09639427083977,94.45612335205078,-0.63,6.26,7.08,-0.04,23.92,-0.03,-0.03,0.09,-0.12,29.8,15.29,14.7,21.18,89,24.59,1012.21,14.65,667.3,1,357.06,233,0,84,15,76.08,58.04,2294,21.18,81.25,8.63,48.63,-1.56,0.78,0.78,-,1.4,6,30.1,94.46,-5.84,-35.2,23,7.89,20.12,32,1.74,11.47,8.72,23.61,4.91,32.39,0.69,0.77,13.73,1978,20.76,23,25.88,18.5,62.44,11.47,8.72,32.39,12.04,1847.4,1365.47,481.93,-2.68,14.04,14.4,54
Mon Sep 26 07:06:42 GMT-03:00 2022,26-Sep-2022 07:06:42.420,-35.199553125267556,-5.843772374478936,7.322255611419678,6.0,30.075686189612487,94.13986206054688,-0.45,6.3,7.43,-0.01,23.92,0,0,0.09,-0.06,29.8,15.29,14.7,21.18,89,24.59,1012.2,14.65,667.3,1,353.98,233,0,84,15,73.33,58.04,2219,21.18,81.41,7.92,48.24,-1.56,0.78,0.78,-,1.4,6,30.08,94.14,-5.84,-35.2,23,2.64,20.12,32,2.91,11.46,8.73,21.66,8.21,32.37,0.67,0.75,13.73,1979,26.36,29,24.71,18.5,64.55,11.46,8.73,32.37,12.04,1848.36,1366.42,481.93,-5.63,14.06,14.4,56
Mon Sep 26 07:06:43 GMT-03:00 2022,26-Sep-2022 07:06:43.419,-35.199475684530846,-5.843775112179111,8.500349044799805,6.0,30.24271644912309,93.32745361328125,-0.06,6.67,6.97,-0.02,24.71,-0.01,0.02,0.14,-0.13,32.16,16.47,14.7,21.18,89,24.6,1012.16,14.65,675.7,1,353.8,233,0,84,13.8,74.9,63.92,2082,21.18,81.54,7.51,48.24,-1.56,-0.78,-2.34,-,1.41,6,30.24,93.33,-5.84,-35.2,21,2.4,18.51,32,3.86,11.46,8.73,20.55,10.91,32.36,0.75,0.75,14.9,1981,30.6,33,24.71,18.5,63.31,11.46,8.73,32.36,12.04,1849.31,1367.37,481.93,-5.8,14.08,14.4,57
Mon Sep 26 07:06:44 GMT-03:00 2022,26-Sep-2022 07:06:44.420,-35.199388268203265,-5.843779917246831,9.54781436920166,6.0,30.284042954041748,93.09760284423828,-0.24,6.34,7.52,0,23.92,0,0.04,0.12,-0.09,32.16,16.47,14.7,21.18,89,24.61,1012.14,14.65,675.7,1,353.65,233,0,84,13.38,73.73,61.96,2069.5,21.18,81.67,7.16,48.24,-1.56,-3.12,-2.34,-,1.41,6,30.28,93.1,-5.84,-35.2,22,2.63,17.94,32,4.61,11.45,8.73,19.58,13.03,32.35,0.75,0.75,14.12,1982,34.37,37,24.31,19.5,61.73,11.45,8.73,32.35,12.07,1850.4,1368.47,481.93,-5.66,14.08,14.4,58
Mon Sep 26 07:06:45 GMT-03:00 2022,26-Sep-2022 07:06:45.419,-35.19929066320061,-5.843787395011051,10.560201644897461,6.0,30.180001198038546,93.93327331542969,0.05,6.24,7.65,0,24.31,0,0.03,0.09,-0.06,34.12,17.65,14.7,21.18,89,24.62,1012.11,14.65,686.9,1,353.51,233,0,84,12.33,76.08,65.1,2239,21.18,81.81,8.16,48.24,-1.56,-3.12,-1.56,-,1.41,6,30.18,93.93,-5.84,-35.2,23,1.98,16.54,32,4.53,11.45,8.74,22.33,12.81,32.34,0.21,0.75,14.51,1983,38.02,40,24.31,19.5,52.6,11.45,8.74,32.34,12.07,1851.38,1369.45,481.93,-4.34,14.06,14.4,61
Mon Sep 26 07:06:46 GMT-03:00 2022,26-Sep-2022 07:06:46.420,-35.199188067759536,-5.843795959812423,11.313389778137207,6.0,30.370740574061042,94.53453826904297,0.12,6.15,7.41,-0.02,22.35,-0.01,0,0.09,-0.09,30.2,15.29,14.7,21.18,89,24.63,1012.05,14.65,686.9,1,350.5,233,0,84,12.58,67.45,56.08,1977.5,21.18,81.92,6.2,47.84,-1.56,-0.78,-2.34,-,1.41,6,30.37,94.53,-5.84,-35.2,23,2.27,16.87,32,6.45,11.44,8.74,16.97,18.22,32.33,0.81,0.75,12.55,1984,40.73,43,25.1,18.5,60.73,11.44,8.74,32.33,12.07,1852.39,1370.46,481.93,-7.41,14.16,14.3,58
Mon Sep 26 07:06:47 GMT-03:00 2022,26-Sep-2022 07:06:47.421,-35.19907965898585,-5.8438046313818415,11.89683723449707,6.0,30.368892645571552,94.90843963623047,-0,6.09,7.88,0.01,22.75,0.01,0.03,0.08,-0.04,31.37,16.08,14.7,21.18,89,24.63,1012.04,14.65,697,1,350.5,233,0,84,12.58,67.45,60,1977.5,21.18,81.92,6.2,47.84,-1.56,-1.56,0,-,1.41,6,30.37,94.91,-5.84,-35.2,22,2.27,16.87,32,6.45,11.44,8.74,16.97,18.22,32.33,0.15,0.75,12.94,1985,42.83,43,23.14,19.5,60.73,11.44,8.74,32.33,12.1,1853.43,1371.5,481.93,-7.41,14.12,14.4,58
Mon Sep 26 07:06:48 GMT-03:00 2022,26-Sep-2022 07:06:48.419,-35.19896325755887,-5.843817174455751,12.737180709838867,6.0,30.3730492253563,95.05845642089844,0.01,5.91,7.58,-0.02,23.92,0,0,0.08,-0.06,32.16,16.47,14.7,21.18,89,24.64,1011.99,14.65,700.3,1,347.53,233,0,84,11.53,73.33,62.35,1907.5,21.18,82.06,6.53,47.45,-1.56,0,1.56,-,1.41,6,30.37,95.06,-5.84,-35.2,22,3.17,15.46,31,6.59,11.44,8.74,17.86,18.61,32.32,0.16,0.75,14.12,1985,45.85,46,24.31,18.5,57.72,11.44,8.74,32.32,12.1,1854.4,1372.47,481.93,-6.02,14.04,14.4,58
Mon Sep 26 07:06:49 GMT-03:00 2022,26-Sep-2022 07:06:49.420,-35.19884234218678,-5.843831360323315,13.326520919799805,6.0,31.029240508935114,95.23764038085938,0.29,6.16,7.66,0,23.14,0,0.06,0.08,-0.06,30.2,16.47,14.7,21.18,89,24.66,1012.02,14.65,700.3,1,347.43,233,0,84,9.76,72.94,62.35,1927,21.18,82.17,6.55,47.45,-1.56,0.78,-0.78,-,1.42,6,31.03,95.24,-5.84,-35.2,23,2.15,13.1,31,7.03,11.44,8.74,17.91,19.85,32.31,0.78,0.75,12.94,1986,47.98,48,23.53,18.5,48.39,11.44,8.74,32.31,12.13,1855.4,1373.46,481.93,-5.71,14.06,14.4,58
Mon Sep 26 07:06:50 GMT-03:00 2022,26-Sep-2022 07:06:50.420,-35.198711873469875,-5.843847354627671,14.03596019744873,6.0,30.898732471206888,95.3984146118164,-0.2,5.76,8.23,0.02,23.14,0.02,-0.01,0.03,0,30.2,15.69,14.7,21.18,89,24.68,1012.02,14.65,704.1,1,347.34,233,0,84,14.46,68.24,59.61,1858,21.18,82.28,5.95,47.45,-1.56,-1.56,-3.12,-,1.42,6,30.9,95.4,-5.84,-35.2,23,0.47,19.39,31,8.07,11.44,8.74,16.27,22.8,32.3,0.69,0.75,9.02,1987,50.53,51,21.18,19.5,74.32,11.44,8.74,32.3,12.13,1856.4,1374.47,481.93,-6.61,14.08,14.4,57
Mon Sep 26 07:06:51 GMT-03:00 2022,26-Sep-2022 07:06:51.420,-35.19858099764206,-5.843863473527777,14.477537155151367,6.0,30.89182072919901,95.45099639892578,-0.37,5.86,7.8,-0.01,18.82,0,0,0.05,-0.04,25.49,13.33,14.7,21.18,89,24.69,1012,14.65,704.1,1,347.27,233,0,85,4.21,52.55,46.27,1769.5,21.18,82.37,4.2,47.45,-1.56,-1.56,-3.12,-,1.42,6,30.89,95.45,-5.84,-35.2,25,0.12,5.65,31,12.14,11.44,8.74,11.49,34.31,32.3,0.69,0.75,9.02,1989,52.12,52,18.43,21,22.74,11.44,8.74,32.3,12.16,1857.41,1375.48,481.93,-8.76,14.08,14.4,53
Mon Sep 26 07:06:52 GMT-03:00 2022,26-Sep-2022 07:06:52.417,-35.198446646066735,-5.84387928049064,14.67541790008545,6.0,30.976820911379317,95.35578918457031,-0.59,5.61,8.27,0.02,17.65,0,0.01,-0.01,0,14.9,7.45,14.7,21.18,89,24.71,1011.95,14.65,704.6,1,347.29,233,0,85,4.21,30.98,36.47,1651,21.18,82.41,2.27,47.45,-2.34,1.56,-2.34,-,1.42,6,30.98,95.36,-5.84,-35.2,24,0.83,5.65,31,22.87,11.44,8.74,6.22,64.62,32.32,0.72,0.75,7.84,1990,52.83,52,14.51,1.5,22.74,11.44,8.74,32.32,12.16,1858.39,1376.46,481.93,-11.3,14.08,14.4,45
Mon Sep 26 07:06:53 GMT-03:00 2022,26-Sep-2022 07:06:53.417,-35.198313800578696,-5.843892351227127,14.639571189880371,6.0,31.476710166958952,95.05126953125,-0.58,4.56,8.59,-0.01,13.33,0,-0.02,-0.07,0.03,14.9,7.45,14.7,21.18,89,24.73,1011.99,14.65,704.6,1,347.52,233,0,85,4.21,18.82,17.65,1544,21.18,82.43,1.37,47.45,-3.12,1.56,2.34,-,1.42,6,31.48,95.05,-5.84,-35.2,25,3.7,5.65,31,38.04,11.44,8.74,3.74,107.47,32.33,0.1,0.74,3.53,1991,52.7,49,14.51,1.5,22.74,11.44,8.74,32.33,12.19,1859.41,1377.48,481.93,-12.49,14.08,14.3,37
Mon Sep 26 07:06:54 GMT-03:00 2022,26-Sep-2022 07:06:54.418,-35.198191113700624,-5.843901081558856,13.9164457321167,6.0,31.649063151250374,94.48521423339844,-0.78,4.43,9.28,0.05,13.33,-0.01,-0.03,-0.11,0.04,14.9,7.45,25.34,21.18,89,24.73,1011.98,14.65,704.1,1.72,347.54,233,0,85,4.21,18.82,15.29,1585,21.18,82.46,1.45,47.45,-4.69,2.34,0,-,1.42,6,31.65,94.49,-5.84,-35.2,25,3.7,5.65,32,33.77,11.46,8.73,3.97,95.4,32.37,0.81,0.74,3.53,1992,50.1,49,13.73,-8.5,22.74,11.46,8.73,32.37,12.19,1860.39,1378.46,481.93,-12.19,14.16,14.4,32
Mon Sep 26 07:06:55 GMT-03:00 2022,26-Sep-2022 07:06:55.417,-35.198077871143,-5.843909286410835,12.454119682312012,6.0,31.880690409469008,92.85385131835938,-0.35,3.82,8.93,-0.01,13.33,0,0,-0.15,0.06,14.9,7.45,29.4,21.18,89,24.74,1012.03,14.65,704.1,2,347.54,233,0,85,-,18.43,16.08,1585,21.18,82.46,1.45,47.45,-3.91,0,0,-,1.42,6,31.88,92.85,-5.84,-35.2,24,7.1,-,32,33.77,11.46,8.73,3.97,95.4,32.37,0,0.01,3.53,1993,44.83,43,13.73,-8.5,-,11.46,8.73,32.37,12.21,1861.39,1379.45,481.93,-12.19,14.08,14.3,32
Mon Sep 26 07:06:56 GMT-03:00 2022,26-Sep-2022 07:06:56.418,-35.19798230373856,-5.843914781928541,10.5482759475708,4.0,31.994352958357073,92.92247772216797,0.15,3.69,9.45,0.03,12.94,-0.05,0.02,-0.18,0.03,14.9,7.45,21.4,21.18,89,24.75,1012.04,14.65,702.7,1.46,347.98,233,0,86,-,20,20.78,1454.5,21.18,82.48,1.37,47.45,-3.91,0,0,-,1.42,4,31.99,92.92,-5.84,-35.2,24,9.83,-,32,31.46,11.47,8.72,3.74,88.87,32.41,0,0,3.14,1993,37.97,35,14.12,0.5,-,11.47,8.72,32.41,12.21,1862.33,1380.4,481.93,-12.39,14.08,14.3,28
Mon Sep 26 07:06:57 GMT-03:00 2022,26-Sep-2022 07:06:57.418,-35.19790421295766,-5.843922202226762,8.596933364868164,4.0,32.064805641746744,96.10845184326172,-0.65,3.07,9.57,0.02,12.94,0.07,0,-0.2,0.17,14.9,7.45,13.29,21.18,89,24.75,1012.08,14.65,701.5,0.9,351.26,233,0,86,-,26.67,20.78,944.5,21.18,82.51,1.2,47.84,-4.69,0,0,-,1.42,4,32.06,96.11,-5.84,-35.2,26,5.95,-,33,29.29,11.48,8.71,3.27,82.73,32.44,0.89,0.08,3.14,1994,30.95,25,13.33,3.5,-,11.48,8.71,32.44,12.23,1863.41,1381.47,481.93,-12.5,14.04,14.3,24
Mon Sep 26 07:06:58 GMT-03:00 2022,26-Sep-2022 07:06:58.418,-35.19784861730741,-5.843929192458566,6.110952377319336,4.0,31.97974628587434,96.68990325927734,-1.69,4.27,9.09,0.04,12.94,0.02,-0.12,-0.1,0.07,14.9,7.45,13.29,21.18,89,24.74,1012.14,14.65,701.5,0.9,351.61,233,0,86,-,27.06,21.18,924,21.18,82.53,1.18,47.84,-4.69,0,0,-,1.42,4,31.98,96.69,-5.84,-35.2,27,8,-,33,21.11,11.49,8.7,3.24,59.64,32.46,0.88,0.1,3.14,1996,22,14,13.73,18.5,-,11.49,8.7,32.46,12.23,1864.18,1382.25,481.93,-11.36,14.06,14.3,24
Mon Sep 26 07:06:59 GMT-03:00 2022,26-Sep-2022 07:06:59.419,-35.19780822164988,-5.843934865118564,3.577864408493042,6.0,31.619222507308173,88.17546081542969,-0.66,5.47,7.94,-0.02,14.9,-0.01,-0.03,0.01,-0.03,14.9,7.45,13.25,21.18,89,24.73,1012.13,14.65,701.5,0.9,360.46,233,0,86,-,42.75,33.73,930.5,21.18,82.56,1.85,49.02,-4.69,0,0,-,1.42,6,31.62,88.18,-5.84,-35.2,26,6.88,-,33,7.59,11.49,8.71,5.05,21.43,32.45,0.87,0.12,4.71,1997,12.88,6,14.9,2,-,11.49,8.71,32.45,12.23,1865.41,1383.47,481.93,-9.41,14.1,14.3,27
Mon Sep 26 07:07:00 GMT-03:00 2022,26-Sep-2022 07:07:00.422,-35.19780096190215,-5.843926842987549,1.7680498361587524,6.0,32.15799330083021,72.43782043457031,-1.13,6.56,7.66,0.03,14.12,0.01,-0.07,0.11,-0.07,14.9,7.45,13.42,21.18,89,24.73,1012.11,14.65,697.4,0.91,369.03,233,0,85,-,42.75,34.12,930.5,21.18,82.65,3.96,50.2,-3.91,0,0,-,1.43,6,32.16,72.44,-5.84,-35.2,25,6.88,-,33,1.52,11.48,8.71,10.83,4.28,32.43,0.87,0.12,4.31,1998,6.36,6,14.9,2,-,11.48,8.71,32.43,12.23,1866.38,1384.45,481.93,-3.49,14.1,14.3,39
Mon Sep 26 07:07:01 GMT-03:00 2022,26-Sep-2022 07:07:01.417,-35.197793944007756,-5.843926244106791,1.473284363746643,6.0,31.996433783119617,52.08154296875,-1.48,6.01,7.72,0.01,17.25,0,-0.11,0.07,-0.05,14.9,7.45,14.7,21.18,89,24.71,1012.11,14.65,689.8,1,369.03,233,0,85,-,52.94,34.12,1601,21.18,82.65,3.96,50.2,-2.34,0,-1.56,-,1.43,6,32,52.08,-5.84,-35.2,25,0.36,-,33,1.52,11.48,8.71,10.83,4.28,32.43,0.45,0.85,7.06,1998,5.3,6,18.04,21.5,-,11.48,8.71,32.43,12.24,1867.41,1385.48,481.93,-3.49,14.06,14.3,39
Mon Sep 26 07:07:02 GMT-03:00 2022,26-Sep-2022 07:07:02.416,-35.197784051227536,-5.843915019091147,2.0528464317321777,8.0,31.824843120027243,17.535327911376953,-2.91,5.7,8.37,0.07,17.25,0.09,-0.27,0.03,0.03,26.67,13.73,14.7,21.18,89,24.71,1012.09,14.65,689.8,1,365.94,233,0,85,4.29,47.06,38.43,1697,21.18,82.75,3.95,49.8,-2.34,3.12,-1.56,-,1.43,8,31.82,17.54,-5.84,-35.2,26,3.61,5.75,33,1.52,11.47,8.72,10.8,4.29,32.41,0.45,0.85,7.06,1999,7.39,11,18.43,22.5,24.14,11.47,8.72,32.41,12.24,1868.41,1386.48,481.93,-8.18,14.06,14.3,40
Mon Sep 26 07:07:03 GMT-03:00 2022,26-Sep-2022 07:07:03.418,-35.19777673058057,-5.843899867899892,2.4413223266601562,8.0,31.8861168979241,337.3844299316406,-2.52,6.2,7.26,0,20,0,-0.22,0.09,-0.1,29.02,14.9,14.7,21.18,89,24.7,1012.06,14.65,685.1,1,362.85,233,0,85,5.1,60,48.63,1893.5,21.18,82.86,5.62,49.41,-2.34,-2.34,0,-,1.43,8,31.89,337.38,-5.84,-35.2,30,6.21,6.83,33,1.96,11.47,8.72,15.38,5.53,32.39,0.73,0.79,10.2,2001,8.79,15,20.39,21,25.7,11.47,8.72,32.39,12.24,1869.39,1387.46,481.93,-5.96,14.06,14.4,44
Mon Sep 26 07:07:04 GMT-03:00 2022,26-Sep-2022 07:07:04.417,-35.19780095749328,-5.843876958662188,3.732283115386963,8.0,31.6063497427758,288.19781494140625,-0.15,6.58,7.47,0.01,19.22,0,0,0.13,-0.11,27.06,14.51,14.7,21.18,89,24.7,1012.02,14.65,685.1,1,362.65,233,0,85,7.67,64.71,53.33,1621,21.18,82.95,4.97,49.41,-2.34,3.12,-3.12,-,1.43,8,31.61,288.2,-5.84,-35.2,27,5.56,10.29,33,3.02,11.46,8.72,13.61,8.52,32.38,0.68,0.77,9.41,2002,13.44,19,20.39,21,45.2,11.46,8.72,32.38,12.25,1870.43,1388.49,481.93,-7.76,14.12,14.4,45
Mon Sep 26 07:07:05 GMT-03:00 2022,26-Sep-2022 07:07:05.418,-35.197855455842195,-5.8438653934013525,5.755556583404541,8.0,30.890006751048787,270.50927734375,0.2,6.53,7.46,0.01,20.39,0.01,0.05,0.12,-0.08,29.41,14.9,14.7,21.18,89,24.69,1012.07,14.65,680.9,1,359.6,233,0,85,11.55,64.71,54.12,1761,21.18,83.04,5.05,49.02,-2.34,3.12,0,-,1.43,8,30.89,270.51,-5.84,-35.2,26,3.28,15.49,33,3.76,11.46,8.73,13.83,10.62,32.36,0.7,0.76,10.59,2003,20.72,24,20.78,19.5,62.65,11.46,8.73,32.36,12.25,1871.42,1389.49,481.93,-6.47,14.06,14.4,47
Mon Sep 26 07:07:06 GMT-03:00 2022,26-Sep-2022 07:07:06.418,-35.19792587754116,-5.843861057176964,6.724701881408691,8.0,30.537172429374273,273.16339111328125,0.35,6.12,7.64,-0,19.22,0.01,0.08,0.09,-0.05,25.49,12.94,14.7,21.18,89,24.69,1012.02,14.65,680.9,1,359.45,233,0,85,11.55,64.31,48.63,1761,21.18,83.12,4.52,49.02,-2.34,-0.78,-2.34,-,1.43,8,30.54,273.16,-5.84,-35.2,30,3.28,15.49,33,5.3,11.45,8.73,12.38,14.98,32.35,0.67,0.75,9.41,2004,24.21,24,20.78,20,62.65,11.45,8.73,32.35,12.25,1872.4,1390.47,481.93,-7.91,14.08,14.3,47
Mon Sep 26 07:07:07 GMT-03:00 2022,26-Sep-2022 07:07:07.417,-35.19800425971063,-5.843851517255899,7.714959621429443,8.0,30.485903758041918,276.16156005859375,0.65,5.56,7.83,-0.02,16.86,-0.01,0.09,0.02,-0.04,21.18,10.98,14.7,21.18,89,24.7,1012.01,14.65,680.5,1,359.45,233,0,85,11.3,55.69,36.47,1792.5,21.18,83.12,4.52,49.02,-2.34,-3.12,-4.69,-,1.43,8,30.49,276.16,-5.84,-35.2,28,3.79,15.15,33,5.3,11.45,8.73,12.38,14.98,32.35,0.5,0.75,7.06,2005,27.77,28,18.82,21,60.18,11.45,8.73,32.35,12.26,1873.41,1391.48,481.93,-7.91,14.06,14.3,47
Mon Sep 26 07:07:08 GMT-03:00 2022,26-Sep-2022 07:07:08.417,-35.1980831712025,-5.843837987123166,8.464603424072266,6.0,30.36203779740583,280.5337829589844,0.08,4.64,7.78,-0.08,12.94,0.09,-0.02,0.03,0.08,21.18,10.98,14.7,21.18,89,24.7,1012.03,14.65,680.4,1,356.45,233,0,84,4.96,31.76,36.47,1489,21.18,83.16,2.3,48.63,-4.69,-1.56,-2.34,-,1.43,6,30.36,280.53,-5.84,-35.2,28,0.47,6.65,33,12.16,11.45,8.73,6.3,34.35,32.35,0.77,0.74,3.14,2005,30.47,30,13.73,-3,31.8,11.45,8.73,32.35,12.27,1874.41,1392.48,481.93,-11.28,14.12,14.3,41
Mon Sep 26 07:07:09 GMT-03:00 2022,26-Sep-2022 07:07:09.417,-35.19816122279808,-5.843814047331038,8.528985023498535,6.0,30.216224041604065,285.0530090332031,0.21,6.08,8.33,0.05,12.94,0.05,0.05,0.07,0,16.86,8.63,14.7,21.18,89,24.7,1012.05,14.65,680.4,1,353.59,233,0,84,4.96,18.82,16.47,1070.5,21.18,83.18,0.96,48.24,-6.25,-2.34,-2.34,-,1.43,6,30.22,285.05,-5.84,-35.2,30,0.7,6.65,33,31.21,11.47,8.72,2.63,88.17,32.39,0.06,0.73,2.35,2006,30.7,30,12.55,2,31.8,11.47,8.72,32.39,12.3,1875.34,1393.4,481.93,-12.96,14.08,14.4,33
Mon Sep 26 07:07:10 GMT-03:00 2022,26-Sep-2022 07:07:10.419,-35.19823971319236,-5.84378785879568,8.434741973876953,6.0,30.14932226451573,283.837646484375,-2.91,4.47,8.09,-0.01,12.55,0.2,-0.09,0.01,0.22,14.9,7.45,14.7,21.18,89,24.71,1012.07,14.65,680.4,1,353.98,233,0,84,4.96,21.18,16.86,928,21.18,83.2,0.87,48.24,-6.25,0.78,0.78,-,1.43,6,30.15,283.84,-5.84,-35.2,29,1.37,6.65,33,34.49,11.48,8.71,2.38,97.43,32.43,0.81,0.73,2.35,2008,30.37,29,12.55,6.5,31.8,11.48,8.71,32.43,12.3,1876.41,1394.48,481.93,-12.52,14.08,14.4,29
Mon Sep 26 07:07:11 GMT-03:00 2022,26-Sep-2022 07:07:11.418,-35.198319658552194,-5.8437667915512765,8.379921913146973,6.0,29.856328333444555,278.3080749511719,-0.95,5.13,8.88,0.05,12.55,0.04,-0.06,-0.01,0.06,14.9,7.45,14.7,21.18,89,24.71,1012.12,14.65,679.7,1,351.56,233,0,84,-,21.96,17.25,951,21.18,83.22,0.99,47.84,-6.25,0.78,0.78,-,1.43,6,29.86,278.31,-5.84,-35.2,29,3.17,-,33,29.17,11.49,8.7,2.72,82.41,32.47,0.81,0.73,2.75,2009,30.17,27,12.55,6.5,-,11.49,8.7,32.47,12.3,1877.33,1395.4,481.93,-11.84,14.08,14.4,26
Mon Sep 26 07:07:12 GMT-03:00 2022,26-Sep-2022 07:07:12.417,-35.198391460667956,-5.843754141080123,7.690730571746826,4.0,29.661286767056172,275.1021423339844,1.08,4.4,10.64,0.18,12.94,0.02,0.07,-0.17,0.1,14.9,7.45,14.7,21.18,89,24.71,1012.16,14.65,679,1,351.56,233,0,85,-,21.96,22.75,951,21.18,83.22,0.99,48.24,-4.69,-2.34,-3.12,-,1.43,4,29.66,275.1,-5.84,-35.2,29,3.17,-,33,29.17,11.49,8.7,2.72,82.41,32.47,0.76,0.73,3.14,2010,27.69,27,13.73,21,-,11.49,8.7,32.47,12.33,1878.4,1396.46,481.93,-11.84,13.34,13.4,26
Mon Sep 26 07:07:13 GMT-03:00 2022,26-Sep-2022 07:07:13.417,-35.198447363590475,-5.843746284064751,6.153112411499023,4.0,29.41788263609092,275.8935852050781,0.76,5.45,9.48,0.11,13.33,0.11,0.1,0.01,0.12,14.9,7.45,14.7,21.18,89,24.71,1012.21,14.65,679,1,354.8,233,0,85,-,27.45,23.92,926.5,21.18,83.24,1.17,48.24,-4.69,0,0.78,-,1.44,4,29.42,275.89,-5.84,-35.2,29,7.69,-,33,23.16,11.5,8.7,3.19,65.42,32.49,0.19,0.73,3.53,2010,22.15,20,13.73,14,-,11.5,8.7,32.49,12.33,1879.42,1397.49,481.93,-11.43,14.24,14.4,25
Mon Sep 26 07:07:14 GMT-03:00 2022,26-Sep-2022 07:07:14.417,-35.19848151168625,-5.843736394814699,3.8865585327148438,4.0,29.651326721674426,288.98553466796875,1.73,5.24,8.89,0.06,13.73,0.14,0.19,0.01,0.13,20,11.37,14.7,21.18,89,24.7,1012.19,14.65,676.8,1,355.03,233,0,85,-,34.51,23.92,898.5,21.18,83.27,1.47,48.24,-4.69,3.12,3.12,-,1.44,4,29.65,288.99,-5.84,-35.2,29,10.15,-,33,13.61,11.5,8.69,4.02,38.45,32.49,0.74,0.73,3.92,2011,13.99,12,14.12,4.5,-,11.5,8.69,32.49,12.33,1880.41,1398.48,481.93,-10.49,14.16,14.4,26
Mon Sep 26 07:07:15 GMT-03:00 2022,26-Sep-2022 07:07:15.418,-35.198498594447386,-5.843716945315706,2.757986545562744,4.0,29.89100275732523,315.7980041503906,3.76,3.87,9.11,0.08,13.73,0.07,0.41,-0.14,0.08,20,11.37,14.7,21.18,89,24.69,1012.2,14.65,676.8,1,357.96,233,0,85,-,47.84,34.9,1224.5,21.18,83.32,2.79,48.63,-3.12,0,2.34,-,1.44,4,29.89,315.8,-5.84,-35.2,28,0.07,-,33,4.3,11.5,8.7,7.63,12.16,32.48,0.12,0.73,5.1,2012,9.93,10,16.47,18.5,-,11.5,8.7,32.48,12.33,1881.43,1399.49,481.93,-6.51,14.08,14.4,33
Mon Sep 26 07:07:16 GMT-03:00 2022,26-Sep-2022 07:07:16.417,-35.198518738705374,-5.843703747884563,2.8316221237182617,6.0,29.85342520317188,349.1817932128906,1.87,4.19,7.42,-0.11,14.9,-0.05,0.21,-0.09,-0.03,20,10.59,14.7,21.18,89,24.68,1012.21,14.65,673.1,1,357.81,233,0,85,1.1,54.9,33.33,1266,21.18,83.38,3.49,48.63,-2.34,3.12,0.78,-,1.44,6,29.85,349.18,-5.84,-35.2,26,0.81,1.47,33,2.87,11.49,8.7,9.55,8.09,32.46,0.8,0.73,5.1,2014,10.19,11,18.04,17,8.27,11.49,8.7,32.46,12.34,1882.43,1400.49,481.93,-7.17,14.22,14.4,37
Mon Sep 26 07:07:17 GMT-03:00 2022,26-Sep-2022 07:07:17.417,-35.198519023862524,-5.843669097876603,3.2948949337005615,8.0,30.02040409775447,21.75343894958496,2.22,7.58,7.83,0.13,18.43,0.13,0.25,0.23,-0.04,24.71,12.94,14.7,21.18,89,24.67,1012.17,14.65,673.1,1,346.1,233,0,86,4.97,60.78,45.1,1694.5,21.18,83.49,5.29,47.06,-2.34,4.69,0.78,-,1.44,8,30.02,21.75,-5.84,-35.2,28,3.14,6.66,33,2.08,11.49,8.71,14.47,5.88,32.44,0.8,0.73,8.63,2015,11.86,15,21.18,19.5,27.99,11.49,8.71,32.44,12.34,1883.37,1401.44,481.93,-3.69,14.22,14.4,47
Mon Sep 26 07:07:18 GMT-03:00 2022,26-Sep-2022 07:07:18.417,-35.198495311778,-5.843638021154689,3.487827777862549,8.0,29.911632294248967,59.13962173461914,1.3,7.53,8.08,0.13,21.18,0.12,0.14,0.21,-0.01,29.8,15.29,14.7,21.18,89,24.67,1012.12,14.65,671.1,1,345.92,233,0,86,5.65,67.06,55.29,1970.5,21.18,83.59,6.11,47.06,-2.34,3.12,2.34,-,1.44,8,29.91,59.14,-5.84,-35.2,27,5.44,7.57,33,2.45,11.48,8.71,16.72,6.93,32.43,0.76,0.73,11.37,2016,12.56,18,22.35,20,27.37,11.48,8.71,32.43,12.35,1884.42,1402.48,481.93,-5.19,14.12,14.4,51
Mon Sep 26 07:07:19 GMT-03:00 2022,26-Sep-2022 07:07:19.418,-35.19845394673475,-5.843613126152691,4.339423179626465,8.0,30.618167290983756,87.75589752197266,0.02,7.1,7.19,0.03,21.18,0.03,0.03,0.18,-0.11,28.24,14.51,14.7,21.18,89,24.67,1012.09,14.65,671.1,1,331.34,233,0,86,5.65,67.06,52.55,2008,21.18,83.71,5.7,45.1,-1.56,3.12,0,-,1.44,8,30.62,87.76,-5.84,-35.2,28,5.44,7.57,33,3.16,11.47,8.72,15.61,8.91,32.41,0.8,0.73,11.76,2017,15.62,18,22.35,20,27.37,11.47,8.72,32.41,12.35,1885.43,1403.49,481.93,-7.05,14.08,14.4,51
Mon Sep 26 07:07:20 GMT-03:00 2022,26-Sep-2022 07:07:20.417,-35.198390359855594,-5.843611019802345,5.5341057777404785,8.0,30.84182751660695,99.10125732421875,-1.08,6.75,6.91,-0.01,21.18,0.06,0.03,0.21,-0.09,24.71,12.55,14.7,21.18,89,24.67,1012.1,14.65,672.6,1,331.18,233,0,86,7.75,62.35,51.76,1938.5,21.18,83.79,5.05,45.1,-1.56,-3.12,-1.56,-,1.44,8,30.84,99.1,-5.84,-35.2,28,6.38,10.39,33,4.35,11.47,8.72,13.83,12.3,32.4,0.15,0.8,10.98,2018,19.92,22,21.57,21.5,36.84,11.47,8.72,32.4,12.35,1886.4,1404.47,481.93,-8.05,14.12,14.4,49
Mon Sep 26 07:07:21 GMT-03:00 2022,26-Sep-2022 07:07:21.419,-35.198320249389376,-5.843633640528341,6.85176420211792,8.0,30.36370916482539,98.28002166748047,-1.43,6.78,9.02,0.16,19.22,0.15,-0.11,0.15,0.07,26.27,13.33,14.7,21.18,89,24.67,1012.15,14.65,672.6,1,331.18,233,0,86,7.75,56.47,48.24,1938.5,21.18,83.79,5.05,44.31,-2.34,-3.91,-1.56,-,1.44,8,30.36,98.28,-5.84,-35.2,28,4.08,10.39,33,4.35,11.47,8.72,13.83,12.3,32.4,0.09,0.78,9.41,2019,24.67,24,19.22,21.5,36.84,11.47,8.72,32.4,12.36,1887.42,1405.49,481.93,-8.05,14.12,14.4,49
Mon Sep 26 07:07:22 GMT-03:00 2022,26-Sep-2022 07:07:22.421,-35.19824994299362,-5.8436469153133626,7.494576454162598,8.0,29.877872723334782,96.98236846923828,-0.28,5.47,8.2,0,16.86,-0.05,0,0.06,-0.11,20.78,10.59,14.7,21.18,89,24.67,1012.08,14.65,675.2,1,325.29,233,0,86,6.92,58.04,38.43,1660,21.18,83.86,4.18,44.31,-2.34,-2.34,-3.91,-,1.45,8,29.88,96.98,-5.84,-35.2,28,2.33,9.28,33,5.74,11.47,8.72,11.44,16.22,32.39,0.7,0.76,7.06,2019,26.98,27,18.43,21,39.8,11.47,8.72,32.39,12.37,1888.36,1406.43,481.93,-8.99,14.16,14.3,47
Mon Sep 26 07:07:23 GMT-03:00 2022,26-Sep-2022 07:07:23.422,-35.198167173188565,-5.843656910900472,8.030056953430176,6.0,29.833913527360263,97.50324249267578,-0.04,7.31,8.93,0.17,16.08,0.17,0.02,0.2,0.06,24.31,12.55,14.7,21.18,89,24.67,1012.14,14.65,675.2,1,325.19,233,0,86,5.08,34.12,37.65,1476,21.18,83.9,1.97,44.31,-3.12,0.78,1.56,-,1.45,6,29.83,97.5,-5.84,-35.2,25,0.09,6.81,33,13.73,11.47,8.72,5.38,38.79,32.39,0.28,0.75,6.67,2020,28.91,29,14.9,24,32.87,11.47,8.72,32.39,12.39,1889.42,1407.48,481.93,-11.54,14.04,14.4,40
Mon Sep 26 07:07:24 GMT-03:00 2022,26-Sep-2022 07:07:24.420,-35.1980915000034,-5.843664229791482,8.192404747009277,6.0,29.973750541852958,97.40142059326172,-0.64,5.25,7.23,-0.09,16.86,0.07,-0.15,0.09,0,23.14,11.76,14.7,21.18,89,24.67,1012.09,14.65,675.2,1,325.23,233,0,86,5.08,50.2,41.96,1434.5,21.18,83.94,3.16,44.31,-2.34,-3.12,-0.78,-,1.45,6,29.97,97.4,-5.84,-35.2,27,0.09,6.81,33,9.16,11.47,8.72,8.66,25.88,32.39,0.09,0.75,7.06,2021,29.49,29,17.65,19.5,32.87,11.47,8.72,32.39,12.39,1890.24,1408.3,481.93,-9.02,14.04,14.3,40
Mon Sep 26 07:07:25 GMT-03:00 2022,26-Sep-2022 07:07:25.420,-35.1980107507294,-5.843676563054874,8.451351165771484,6.0,29.882556264303847,97.0528564453125,0.93,5.17,8.25,-0.01,12.55,0,0.12,-0.01,0,14.9,11.76,14.7,21.18,89,24.68,1012.06,14.65,676,1,325.19,233,0,86,1.66,36.86,41.96,1357,21.18,83.98,2,44.31,-3.91,-2.34,-3.91,-,1.45,6,29.88,97.05,-5.84,-35.2,25,0.42,2.22,33,14.51,11.47,8.72,5.47,40.98,32.4,0.77,0.74,3.53,2022,30.42,30,14.51,22.5,11.65,11.47,8.72,32.4,12.39,1891.41,1409.47,481.93,-10.99,14.14,14.3,36
Mon Sep 26 07:07:26 GMT-03:00 2022,26-Sep-2022 07:07:26.419,-35.19792895446622,-5.843685463966028,8.465815544128418,6.0,29.81313069367235,96.7728500366211,1.11,4.11,8.48,-0.04,12.55,0.06,0.09,-0.06,0.1,14.9,7.45,14.7,21.18,89,24.68,1012.04,14.65,676,1,325.24,233,0,86,1.66,19.61,19.61,1209,21.18,84,1.03,44.31,-5.47,-6.25,-4.69,-,1.45,6,29.81,96.77,-5.84,-35.2,25,1.48,2.22,33,29.01,11.48,8.71,2.83,81.94,32.43,0.06,0.74,3.14,2023,30.48,29,13.33,0.5,11.65,11.48,8.71,32.43,12.42,1892.41,1410.47,481.93,-12.65,14.16,14.4,30
Mon Sep 26 07:07:27 GMT-03:00 2022,26-Sep-2022 07:07:27.419,-35.19785341347472,-5.843692307327721,8.045400619506836,6.0,29.819103609739944,96.88823699951172,-3.15,5.14,8.58,0.07,12.94,0.06,-0.28,-0.01,0.03,14.9,7.45,14.7,21.18,89,24.68,1012.05,14.65,676,1,325.56,233,0,86,1.66,20.39,16.47,1232.5,21.18,84.02,1.07,44.31,-3.91,-0.78,-0.78,-,1.45,6,29.82,96.89,-5.84,-35.2,26,1.96,2.22,33,26.99,11.49,8.7,2.94,76.24,32.46,0.07,0.74,3.14,2024,28.96,27,15.29,17,11.65,11.49,8.7,32.46,12.42,1893.38,1411.44,481.93,-12.32,14.1,14.4,26
Mon Sep 26 07:07:28 GMT-03:00 2022,26-Sep-2022 07:07:28.419,-35.19778451943084,-5.843699331808493,7.365419387817383,6.0,29.815394732205878,96.99185180664062,-2.63,4.12,6.38,-0.18,12.55,0.11,-0.17,-0.05,0.14,14.9,7.45,14.7,21.18,89,24.68,1012.05,14.65,675.5,1,325.84,233,0,86,-,27.45,22.75,1028,21.18,84.04,1.29,44.31,-3.91,-0.78,-0.78,-,1.45,6,29.82,96.99,-5.84,-35.2,26,5.52,-,33,20.99,11.5,8.7,3.52,59.29,32.47,0.07,0.74,4.31,2026,26.52,21,15.29,8,-,11.5,8.7,32.47,12.42,1894.35,1412.42,481.93,-11.91,14.1,14.3,24
Mon Sep 26 07:07:29 GMT-03:00 2022,26-Sep-2022 07:07:29.418,-35.19773109220486,-5.843701779177339,5.868573188781738,6.0,29.770159339361257,91.91036224365234,-3.75,6.41,7.46,0.07,13.33,0.07,-0.35,0.11,-0.08,14.9,7.45,14.7,21.18,89,24.67,1012.05,14.65,675.5,1,331.79,233,0,86,-,28.24,23.14,978.5,21.18,84.07,1.29,45.1,-4.69,-2.34,-1.56,-,1.45,6,29.77,91.91,-5.84,-35.2,23,4.13,-,33,16.32,11.5,8.7,3.52,46.11,32.48,0.8,0.73,3.53,2027,21.13,17,13.73,6.5,-,11.5,8.7,32.48,12.43,1895.38,1413.45,481.93,-11.37,14.08,14.4,24
Mon Sep 26 07:07:30 GMT-03:00 2022,26-Sep-2022 07:07:30.420,-35.19768587637192,-5.84370397382203,4.879231929779053,8.0,29.86902480344663,68.45023345947266,-2.81,5.7,7.28,-0.02,13.33,0.04,-0.07,0.11,-0.03,14.9,7.45,14.7,21.18,89,24.67,1012.07,14.65,674.1,1,331.79,233,0,86,-,28.24,25.1,978.5,21.18,84.07,1.29,45.1,-4.69,-2.34,-2.34,-,1.45,8,29.87,68.45,-5.84,-35.2,24,4.13,-,33,16.32,11.5,8.7,3.52,46.11,32.48,0.09,0.73,3.14,2028,17.57,17,13.73,6.5,-,11.5,8.7,32.48,12.43,1896.4,1414.47,481.93,-11.37,14.12,14.3,24
Mon Sep 26 07:07:31 GMT-03:00 2022,26-Sep-2022 07:07:31.422,-35.19765513563123,-5.843688721372065,4.403951644897461,8.0,30.156006068614204,45.79902267456055,-2.4,4.81,7.48,-0.06,14.51,-0.06,-0.21,-0.05,-0.08,20.39,10.59,14.7,21.18,89,24.67,1012.02,14.65,672.6,1,331.88,233,0,86,-,41.96,29.02,980.5,21.18,84.11,2.16,45.1,-3.12,-1.56,-3.12,-,1.45,8,30.16,45.8,-5.84,-35.2,26,1.57,-,33,7.87,11.5,8.7,5.91,22.23,32.47,0.83,0.73,5.1,2028,15.85,16,16.08,18,-,11.5,8.7,32.47,12.43,1897.39,1415.46,481.93,-8.86,14.08,14.4,28
Mon Sep 26 07:07:32 GMT-03:00 2022,26-Sep-2022 07:07:32.420,-35.19762583735329,-5.843656509841732,3.8867316246032715,8.0,30.495449410001036,24.935529708862305,-0.77,6.33,8.35,0.07,14.51,0.1,0.07,0.08,0.07,20.39,10.59,14.7,21.18,89,24.66,1012.03,14.65,670.8,1,331.81,233,0,86,-,41.18,29.02,1220.5,21.18,84.15,2.17,45.1,-2.34,-4.69,-3.12,-,1.45,8,30.5,24.94,-5.84,-35.2,28,1.85,-,33,7.37,11.49,8.7,5.94,20.82,32.47,0.11,0.73,5.1,2029,13.99,14,20,14,-,11.49,8.7,32.47,12.47,1898.39,1416.46,481.93,-8.84,14.12,14.4,31
Mon Sep 26 07:07:33 GMT-03:00 2022,26-Sep-2022 07:07:33.420,-35.19761241975673,-5.843612795344388,4.149718761444092,8.0,29.945676421894092,14.057865142822266,0.27,6.85,7.78,0.05,21.18,0.05,0.05,0.15,-0.05,25.88,13.33,14.7,21.18,89,24.66,1012,14.65,670.8,1,337.5,233,0,86,2.59,56.08,50.59,2078,21.18,84.27,5.66,45.88,-1.56,0,-1.56,-,1.45,8,29.95,14.06,-5.84,-35.2,27,1.06,3.47,33,2.47,11.49,8.7,15.49,6.99,32.45,0.54,0.71,10.98,2031,14.94,16,20.78,22.5,11.88,11.49,8.7,32.45,12.47,1899.32,1417.39,481.93,-2.48,14.1,14.4,44
Mon Sep 26 07:07:34 GMT-03:00 2022,26-Sep-2022 07:07:34.419,-35.19761073309982,-5.843567402478309,4.832187175750732,8.0,30.101290881504685,10.076787948608398,-1.99,6.17,6.95,-0.03,20.39,0.03,0.12,0.07,-0.01,24.71,13.73,14.7,21.18,89,24.65,1011.99,14.65,670.8,1,337.33,233,0,86,7.55,48.63,43.14,1982,21.18,84.36,4.83,45.88,-1.56,-2.34,-1.56,-,1.45,8,30.1,10.08,-5.84,-35.2,27,2.6,10.13,33,3.31,11.48,8.71,13.22,9.35,32.44,0.54,0.71,10.59,2032,17.4,20,17.65,1.5,36.4,11.48,8.71,32.44,12.47,1900.41,1418.48,481.93,-8.55,14.12,14.4,43
Mon Sep 26 07:07:35 GMT-03:00 2022,26-Sep-2022 07:07:35.419,-35.19761494976239,-5.843507624884126,5.714966297149658,8.0,30.368955485723724,9.391651153564453,0.02,7.08,7.65,0.06,14.12,0.1,-0.18,0.15,0,26.67,13.73,14.7,21.18,89,24.65,1012.01,14.65,669.9,1,337.18,233,0,86,1.99,56.08,44.71,1885.5,21.18,84.45,5.04,45.88,-3.12,2.34,-3.91,-,1.46,8,30.37,9.39,-5.84,-35.2,27,0.43,2.66,33,3.97,11.48,8.71,13.8,11.2,32.42,0.8,0.7,4.31,2033,20.57,21,17.65,1.5,10.06,11.48,8.71,32.42,12.48,1901.39,1419.46,481.93,-7.97,14.12,14.4,44
Mon Sep 26 07:07:36 GMT-03:00 2022,26-Sep-2022 07:07:36.420,-35.19761511512528,-5.843449456014381,5.87811803817749,8.0,30.535506554763657,5.472070217132568,3.23,6.49,6.97,0.02,23.53,0.12,0.27,0.23,-0.07,29.41,15.29,14.7,21.18,89,24.65,1011.94,14.65,670.7,1,337.18,233,0,86,1.99,56.08,58.04,1885.5,21.18,84.45,5.04,45.88,-1.56,2.34,0.78,-,1.46,8,30.54,5.47,-5.84,-35.2,30,0.43,2.66,33,3.97,11.48,8.71,13.8,11.2,32.42,0.78,0.7,13.73,2034,21.16,21,20.39,21.5,10.06,11.48,8.71,32.42,12.48,1902.41,1420.48,481.93,-7.97,14.08,14.4,44
Mon Sep 26 07:07:37 GMT-03:00 2022,26-Sep-2022 07:07:37.421,-35.19761306400187,-5.843394948469675,6.509693622589111,8.0,31.331517290090716,8.148099899291992,0.39,6.68,7.79,0.04,20,0.14,0.14,0.1,0.09,21.96,11.37,14.7,21.18,89,24.65,1011.92,14.65,670.7,1,337.04,233,0,86,6.06,68.24,41.96,2210,21.18,84.61,7.51,45.88,-1.56,3.12,-0.78,-,1.46,8,31.33,8.15,-5.84,-35.2,29,2.84,8.13,33,2.8,11.47,8.72,20.55,7.9,32.41,0.8,0.69,10.2,2034,23.43,24,21.96,21,26.19,11.47,8.72,32.41,12.49,1903.39,1421.46,481.93,-4.2,14.16,14.4,50
Mon Sep 26 07:07:38 GMT-03:00 2022,26-Sep-2022 07:07:38.420,-35.19759936327401,-5.843339455130591,6.773883819580078,6.0,31.828534475244677,17.27334976196289,-1.14,7.63,7.14,0.07,19.22,0.06,0.09,-0.04,0.09,26.67,13.73,14.7,21.18,89,24.65,1011.83,14.65,675.7,1,336.88,233,0,86,6.06,43.14,49.41,1752,21.18,84.67,3.38,45.88,-2.34,3.91,5.47,-,1.46,6,31.83,17.27,-5.84,-35.2,28,0.57,8.13,33,7.11,11.47,8.72,9.24,20.08,32.4,0.12,0.69,9.41,2035,24.39,24,18.43,22.5,26.19,11.47,8.72,32.4,12.53,1904.42,1422.48,481.93,-10.64,14.06,14.3,45
Mon Sep 26 07:07:39 GMT-03:00 2022,26-Sep-2022 07:07:39.419,-35.19757899968003,-5.843283685429606,6.423189640045166,6.0,31.992381194551907,15.571202278137207,1.06,4.59,7.39,-0.11,18.82,0.13,0.03,0.21,0,26.27,13.33,14.7,21.18,89,24.65,1011.77,14.65,675.7,1,336.79,233,0,86,6.06,63.53,49.41,1542,21.18,84.74,4.72,45.88,-2.34,0.78,-0.78,-,1.46,6,31.99,15.57,-5.84,-35.2,25,1.39,8.13,33,5.09,11.47,8.72,12.91,14.37,32.39,0.79,0.69,9.02,2036,23.12,23,19.61,17,26.19,11.47,8.72,32.39,12.53,1905.42,1423.49,481.93,-7.58,14.22,14.4,45
Mon Sep 26 07:07:40 GMT-03:00 2022,26-Sep-2022 07:07:40.419,-35.19756726316982,-5.843227058833419,6.457812309265137,6.0,32.64129641893713,10.685477256774902,0.42,7.56,7.51,0.08,18.82,0.04,-0.36,-0.17,0.04,26.27,13.33,14.7,21.57,89,24.65,1011.71,14.65,678,1,330.92,233,0,86,-,58.82,51.76,1434.5,21.57,84.82,3.97,45.1,-3.12,0.78,-0.78,-,1.46,6,32.64,10.69,-5.84,-35.2,27,1.25,-,33,5.79,11.46,8.72,10.86,16.37,32.38,0.54,0.68,9.02,2037,23.25,22,16.47,-2.5,-,11.46,8.72,32.38,12.53,1906.41,1424.48,481.93,-7.9,14.1,14.4,45
Mon Sep 26 07:07:41 GMT-03:00 2022,26-Sep-2022 07:07:41.419,-35.197559579424656,-5.843174518399426,6.2787628173828125,6.0,32.966346148678795,11.071096420288086,-1.41,3.14,7.67,-0.15,14.12,-0.05,-0.04,0.04,-0.11,14.9,7.45,14.7,21.57,89,24.64,1011.69,14.65,678,1,330.82,233,0,86,-,23.14,24.71,1263,21.57,84.84,1.24,45.1,-3.12,0.78,1.56,-,1.46,6,32.97,11.07,-5.84,-35.2,29,1.6,-,33,17.81,11.47,8.72,3.38,50.31,32.39,0.07,0.68,4.31,2039,22.6,21,12.94,7.5,-,11.47,8.72,32.39,12.53,1907.38,1425.45,481.93,-12.39,14.14,14.4,38
Mon Sep 26 07:07:42 GMT-03:00 2022,26-Sep-2022 07:07:42.426,-35.19755254070755,-5.843125490717776,5.518796920776367,4.0,33.116262730922244,9.016990661621094,-1.68,4.84,9.51,0.1,12.94,-0.03,-0.07,-0.23,0.06,14.9,7.45,14.7,21.57,89,24.64,1011.65,14.65,678,1,330.93,233,0,86,-,19.22,15.29,1036.5,21.57,84.86,0.97,45.1,-5.47,3.91,4.69,-,1.46,4,33.12,9.02,-5.84,-35.2,27,4.87,-,33,21.6,11.47,8.72,2.66,61.02,32.41,0.08,0.68,2.75,2040,19.87,15,12.55,10.5,-,11.47,8.72,32.41,12.54,1908.41,1426.47,481.93,-12.63,14.16,14.4,32
Mon Sep 26 07:07:43 GMT-03:00 2022,26-Sep-2022 07:07:43.420,-35.19754808600505,-5.843087289879554,4.0849928855896,4.0,33.178998824328154,3.3973593711853027,-0.68,6.11,8.39,0.06,12.55,-0.02,-0.2,-0.1,0,14.9,7.45,14.7,21.57,89,24.64,1011.71,14.65,678,1,334,233,0,86,-,19.22,16.47,1013.5,21.57,84.88,0.89,45.49,-6.25,3.91,4.69,-,1.46,4,33.18,3.4,-5.84,-35.2,22,4.87,-,33,16.82,11.48,8.71,2.44,47.52,32.42,0.08,0.68,2.35,2041,14.71,15,12.55,10.5,-,11.48,8.71,32.42,12.54,1909.4,1427.47,481.93,-12.39,14.16,14.3,28
Mon Sep 26 07:07:44 GMT-03:00 2022,26-Sep-2022 07:07:44.419,-35.19754706965646,-5.843053293179806,2.9818522930145264,8.0,33.042282489458174,345.8991394042969,-2.11,5.07,8,-0.01,13.33,0.04,-0.23,-0.07,0.04,20,10.2,14.7,21.57,89,24.63,1011.73,14.65,677.6,1,334.1,233,0,86,-,20.78,19.22,1013.5,21.57,84.9,1.4,45.49,-4.69,3.12,2.34,-,1.46,8,33.04,345.9,-5.84,-35.2,24,3.71,-,33,7.86,11.47,8.72,3.83,22.2,32.41,0.86,0.68,3.53,2042,10.73,11,13.33,28.5,-,11.47,8.72,32.41,12.54,1910.4,1428.47,481.93,-11.03,14.14,14.4,27
Mon Sep 26 07:07:45 GMT-03:00 2022,26-Sep-2022 07:07:45.422,-35.19755677474161,-5.843030826808496,2.707655429840088,8.0,33.128985887564944,322.0142517089844,-2.16,5.01,8.9,0.06,13.73,-0.06,-0.04,-0.05,-0.05,14.9,7.45,14.7,21.57,89,24.62,1011.73,14.65,677.6,1,334.1,233,0,86,-,23.53,18.82,1332.5,21.57,84.9,1.4,45.49,-3.91,-0.78,-2.34,-,1.46,8,33.13,322.01,-5.84,-35.2,22,0.27,-,33,7.86,11.47,8.72,3.83,22.2,32.41,0.81,0.68,3.92,2042,9.75,11,14.12,28.5,-,11.47,8.72,32.41,12.54,1911.39,1429.46,481.93,-11.03,14.14,14.4,27
Mon Sep 26 07:07:46 GMT-03:00 2022,26-Sep-2022 07:07:46.419,-35.19757815245665,-5.843023612256932,3.047518730163574,8.0,33.15573872108869,298.1105041503906,0.47,4.3,8.97,0.01,13.73,-0.04,-0.03,0,-0.05,14.9,7.45,14.7,21.57,89,24.61,1011.73,14.65,676.4,1,342.67,233,0,86,-,34.51,18.82,844.5,21.57,84.93,1.68,46.67,-3.91,-5.47,-3.91,-,1.46,8,33.16,298.11,-5.84,-35.2,20,0.25,-,33,6.53,11.47,8.72,4.61,18.44,32.4,0.3,0.68,3.53,2043,10.97,10,14.9,0.5,-,11.47,8.72,32.4,12.55,1912.39,1430.46,481.93,-11.33,14,14.3,26
Mon Sep 26 07:07:47 GMT-03:00 2022,26-Sep-2022 07:07:47.419,-35.19760322339173,-5.843014231567852,2.166306972503662,8.0,33.076976168138145,278.6204528808594,-0.33,4.19,9.32,0.04,13.73,0.03,0.06,-0.09,0.09,14.9,7.45,14.7,21.57,89,24.6,1011.75,14.65,676.4,1,345.45,233,0,87,-,29.8,23.92,924,21.57,84.96,1.36,47.06,-3.91,0,0.78,-,1.46,8,33.08,278.62,-5.84,-35.2,22,1.8,-,33,7.36,11.47,8.72,3.72,20.78,32.39,0.24,0.68,3.53,2045,7.8,6,14.51,18,-,11.47,8.72,32.39,12.55,1913.4,1431.47,481.93,-10.43,14,14.3,26
Mon Sep 26 07:07:48 GMT-03:00 2022,26-Sep-2022 07:07:48.419,-35.197627153185024,-5.843012906836431,1.5148231983184814,12.0,32.91640541871825,270.9683837890625,-0.07,5.28,8.39,0.01,14.12,0.01,0.02,0,0.01,14.9,7.45,14.7,21.57,89,24.58,1011.76,14.65,675.6,1,345.38,233,0,87,-,35.69,35.69,1008.5,21.57,84.99,1.48,47.06,-3.91,-2.34,0.78,-,1.47,12,32.92,270.97,-5.84,-35.2,24,5.45,-,33,4.05,11.46,8.72,4.05,11.45,32.38,0.24,0.68,4.31,2046,5.45,0,13.33,-1.5,-,11.46,8.72,32.38,12.55,1914.41,1432.21,482.2,-10.45,13.7,14.3,27
Mon Sep 26 07:07:49 GMT-03:00 2022,26-Sep-2022 07:07:49.418,-35.19764735579934,-5.843008407825432,0.7702663540840149,12.0,32.754346846394924,270.248291015625,0.69,6.45,8.52,0.09,14.51,0.29,0.1,0.12,0.26,34.9,18.04,14.7,21.57,89,24.57,1011.72,14.65,675.6,1,362.49,233,0,87,-,49.02,35.69,1007.5,21.57,85.03,2.01,49.41,-4.69,-2.34,-2.34,-,1.47,12,32.75,270.25,-5.84,-35.2,24,2.77,-,33,0,11.46,8.72,5.49,0,32.38,0.77,0.68,4.31,2047,2.77,0,13.33,-1.5,-,11.46,8.72,32.38,12.55,1915.43,1432.21,483.21,-9.43,13.7,13.2,29
Mon Sep 26 07:07:50 GMT-03:00 2022,26-Sep-2022 07:07:50.417,-35.19764735579934,-5.843008407825432,0.14182256162166595,12.0,33.18144256743889,270.60760498046875,1.25,6.05,2.1,-0.34,16.86,-0.36,0.14,0.03,-0.61,22.35,10.59,14.7,21.57,89,24.57,1011.7,14.65,673.7,1,362.49,233,0,87,-,49.02,40,1007.5,21.57,85.03,2.01,49.41,-2.34,0,1.56,-,1.47,12,33.18,270.61,-5.84,-35.2,24,2.77,-,33,0,11.46,8.72,5.49,0,32.38,0.08,0.68,7.06,2048,0.51,0,17.25,17,-,11.46,8.72,32.38,12.55,1916.24,1432.21,484.03,-9.43,14.12,14.3,29
Mon Sep 26 07:07:51 GMT-03:00 2022,26-Sep-2022 07:07:51.417,-35.19764735579934,-5.843008407825432,0.0,12.0,32.72854630407433,270.60760498046875,-1.01,5.17,8.75,0.04,14.12,-0.03,0.01,0.07,-0.09,14.9,7.45,14.7,21.57,89,24.56,1011.7,14.65,673.7,1,362.48,233,0,87,1.43,42.75,29.02,1371.5,21.57,85.08,2.76,49.41,-3.12,-2.34,0,-,1.47,12,32.73,270.61,-5.84,-35.2,20,3.49,1.92,33,0,11.46,8.72,7.55,0,32.38,0.17,0.68,4.31,2049,0,4,15.69,0,9.97,11.46,8.72,32.38,12.55,1917.39,1433.07,484.32,-7.46,14.14,14.4,34
Mon Sep 26 07:07:52 GMT-03:00 2022,26-Sep-2022 07:07:52.417,-35.19764735579934,-5.843008407825432,0.0,12.0,34.2708271203977,270.60760498046875,0.74,5.99,8.41,0.05,12.94,0.03,0.07,0.07,-0.01,14.9,7.45,14.7,21.57,89,24.54,1011.72,14.65,672.6,1,365.35,233,0,87,1.26,31.76,29.02,954,21.57,85.1,1.33,49.8,-5.47,0.78,0.78,-,1.47,12,34.27,270.61,-5.84,-35.2,22,6,1.69,33,3.02,11.46,8.73,3.63,8.52,32.36,0.83,0.68,2.75,2049,0,6,13.33,0.5,12.62,11.46,8.73,32.36,12.55,1918.41,1434.08,484.32,-12.11,14.14,14.4,30
